Ticker,Date,Open,High,Low,Close,Adj Close,Volume,Sector
GS,2019-01-02,139.61,146.34,138.78,146.16,146.16,3999400,Financials
GS,2019-01-03,144.99,145.94,142.98,144.02,144.02,4060200,Financials
GS,2019-01-04,146.97,149.53,145.37,148.72,148.72,3788300,Financials
GS,2019-01-07,148.88,151.08,146.36,149.55,149.55,3152100,Financials
GS,2019-01-08,151.04,151.31,146.9,148.99,148.99,2692700,Financials
GS,2019-01-09,149.61,150.97,148.6,149.93,149.93,3321400,Financials
GS,2019-01-10,149.24,151.29,149.1,149.53,149.53,2808700,Financials
GS,2019-01-11,148.77,150.41,146.49,150.32,150.32,3182700,Financials
GS,2019-01-14,148.27,152.54,147.92,151.84,151.84,3361700,Financials
GS,2019-01-15,151.5,152.92,149.87,152.85,152.85,2911800,Financials
GS,2019-01-16,158.88,168.35,157.69,167.44,167.44,15194200,Financials
GS,2019-01-17,166.48,169.75,163.83,169.15,169.15,8177000,Financials
GS,2019-01-18,170.24,172.47,167.29,172.08,172.08,5650900,Financials
GS,2019-01-22,170.34,171.17,166.45,167.95,167.95,4648500,Financials
GS,2019-01-23,167.84,168.3,165.27,167.29,167.29,3410700,Financials
GS,2019-01-24,166.71,169.65,166.32,168.05,168.05,2631800,Financials
GS,2019-01-25,169.78,170.93,169.43,170.55,170.55,3275000,Financials
GS,2019-01-28,168.21,169.98,167.46,169.68,169.68,2369600,Financials
GS,2019-01-29,169.07,171.59,168.11,170.34,170.34,2694100,Financials
GS,2019-01-30,170.68,172.72,169.62,172.03,172.03,2773300,Financials
GS,2019-01-31,170.01,171.92,167.33,168.23,168.23,5604500,Financials
GS,2019-02-01,168.22,169.61,166.98,166.98,166.98,3174200,Financials
GS,2019-02-04,166.35,168.02,165.49,167.98,167.98,2400200,Financials
GS,2019-02-05,168.32,169.35,167.25,168.23,168.23,2601000,Financials
GS,2019-02-06,167.52,169.12,166.38,167.05,167.05,2063100,Financials
GS,2019-02-07,165.91,166.42,162.32,164.03,164.03,2948800,Financials
GS,2019-02-08,162.89,163.65,159.91,162.84,162.84,2757500,Financials
GS,2019-02-11,163.87,164.24,162.33,162.55,162.55,2056500,Financials
GS,2019-02-12,164.02,166.22,163.97,165.24,165.24,2392900,Financials
GS,2019-02-13,166.45,168.88,165.33,165.41,165.41,2757300,Financials
GS,2019-02-14,163.3,164.93,160.95,163.57,163.57,2865000,Financials
GS,2019-02-15,164.15,168.98,164.06,168.65,168.65,3065400,Financials
GS,2019-02-19,167.08,169.12,166.19,168.79,168.79,2558200,Financials
GS,2019-02-20,168.84,169.33,167.8,168.73,168.73,2266000,Financials
GS,2019-02-21,169.05,169.45,165.71,166.83,166.83,2785900,Financials
GS,2019-02-22,167.03,168.01,165.84,166.52,166.52,2626600,Financials
GS,2019-02-25,168.22,171.19,167.97,168.77,168.77,3032200,Financials
GS,2019-02-26,168.62,170.4,166.99,168.99,168.99,2499800,Financials
GS,2019-02-27,169.33,170.51,168.15,168.99,168.99,1804200,Financials
GS,2019-02-28,168.93,169.24,167.2,167.79,167.79,2964300,Financials
GS,2019-03-01,169.54,171.83,168.41,169.07,169.07,2580500,Financials
GS,2019-03-04,169.59,171.31,165.62,167.18,167.18,2683600,Financials
GS,2019-03-05,167.07,167.35,164.64,167.19,167.19,2338600,Financials
GS,2019-03-06,167.11,168.52,165.94,166.12,166.12,2247500,Financials
GS,2019-03-07,164.75,165.02,162.14,164.44,164.44,3567800,Financials
GS,2019-03-08,162.42,167.0,161.83,166.55,166.55,3162700,Financials
GS,2019-03-11,168.24,169.73,166.96,167.17,167.17,2669000,Financials
GS,2019-03-12,167.19,168.39,166.93,167.73,167.73,1977400,Financials
GS,2019-03-13,168.69,169.69,167.64,168.26,168.26,1904500,Financials
GS,2019-03-14,168.32,169.33,167.79,168.45,168.45,1482300,Financials
GS,2019-03-15,168.18,169.63,167.92,169.12,169.12,2985200,Financials
GS,2019-03-18,169.91,173.89,169.69,172.71,172.71,3354900,Financials
GS,2019-03-19,174.77,176.11,171.27,171.56,171.56,3284900,Financials
GS,2019-03-20,170.89,170.89,165.46,165.76,165.76,5033500,Financials
GS,2019-03-21,164.55,166.81,163.57,165.98,165.98,4031500,Financials
GS,2019-03-22,164.35,165.24,160.18,161.19,161.19,5703100,Financials
GS,2019-03-25,161.5,163.31,159.09,160.81,160.81,3751000,Financials
GS,2019-03-26,162.1,164.13,160.96,162.66,162.66,2910100,Financials
GS,2019-03-27,162.59,163.45,161.0,162.1,162.1,2343800,Financials
GS,2019-03-28,162.71,163.71,161.47,163.08,163.08,2343400,Financials
GS,2019-03-29,164.36,164.73,163.05,163.77,163.77,2632800,Financials
GS,2019-04-01,165.49,168.98,165.16,167.83,167.83,3562600,Financials
GS,2019-04-02,167.4,168.7,166.68,168.47,168.47,2247000,Financials
GS,2019-04-03,169.97,171.54,169.36,171.34,171.34,3227900,Financials
GS,2019-04-04,171.29,174.27,171.03,172.51,172.51,2582300,Financials
GS,2019-04-05,173.49,175.3,172.36,172.64,172.64,2447100,Financials
GS,2019-04-08,172.99,173.7,171.61,172.77,172.77,1891500,Financials
GS,2019-04-09,171.66,171.96,169.63,171.14,171.14,2400900,Financials
GS,2019-04-10,172.14,173.31,170.84,173.15,173.15,1907100,Financials
GS,2019-04-11,174.21,175.26,171.95,173.02,173.02,2802100,Financials
GS,2019-04-12,176.58,179.11,176.04,177.29,177.29,5096600,Financials
GS,2019-04-15,174.11,175.5,170.35,170.53,170.53,6617200,Financials
GS,2019-04-16,170.28,173.11,169.96,172.18,172.18,4852600,Financials
GS,2019-04-17,172.28,177.86,172.12,177.35,177.35,4195300,Financials
GS,2019-04-18,176.65,177.31,175.0,175.65,175.65,2874300,Financials
GS,2019-04-22,174.97,175.37,174.14,174.53,174.53,1591400,Financials
GS,2019-04-23,174.23,175.03,172.94,174.14,174.14,2120900,Financials
GS,2019-04-24,173.17,173.61,170.38,171.07,171.07,4606100,Financials
GS,2019-04-25,170.35,172.79,169.84,171.8,171.8,2075300,Financials
GS,2019-04-26,172.08,173.27,170.88,173.23,173.23,1543100,Financials
GS,2019-04-29,173.59,177.43,173.4,176.51,176.51,2997000,Financials
GS,2019-04-30,176.53,177.42,174.15,175.66,175.66,1833000,Financials
GS,2019-05-01,176.07,177.78,174.04,174.64,174.64,1981800,Financials
GS,2019-05-02,174.39,175.91,173.27,174.86,174.86,1514700,Financials
GS,2019-05-03,175.73,178.07,175.44,177.02,177.02,1897600,Financials
GS,2019-05-06,172.99,176.56,172.07,176.09,176.09,1927800,Financials
GS,2019-05-07,173.46,174.02,171.47,172.85,172.85,2839500,Financials
GS,2019-05-08,171.8,173.34,171.29,171.42,171.42,1817600,Financials
GS,2019-05-09,170.19,172.5,168.82,172.0,172.0,2333400,Financials
GS,2019-05-10,171.44,172.4,169.74,172.36,172.36,2089400,Financials
GS,2019-05-13,168.81,168.81,165.49,166.32,166.32,3605600,Financials
GS,2019-05-14,166.33,169.01,166.26,167.43,167.43,2463300,Financials
GS,2019-05-15,166.03,168.55,164.99,167.54,167.54,2271100,Financials
GS,2019-05-16,167.73,170.61,167.72,169.87,169.87,2008100,Financials
GS,2019-05-17,167.45,169.83,167.45,168.41,168.41,1928300,Financials
GS,2019-05-20,168.12,168.71,166.83,168.25,168.25,2483400,Financials
GS,2019-05-21,169.46,170.03,168.9,169.85,169.85,2327600,Financials
GS,2019-05-22,168.42,169.31,166.73,166.78,166.78,2427200,Financials
GS,2019-05-23,164.64,164.64,161.7,163.76,163.76,3184100,Financials
GS,2019-05-24,164.54,165.55,163.51,164.64,164.64,1637200,Financials
GS,2019-05-28,163.78,164.9,161.56,161.6,161.6,3040000,Financials
GS,2019-05-29,160.87,161.65,158.45,161.14,161.14,2815800,Financials
GS,2019-05-30,161.17,162.27,159.39,160.55,160.55,1919300,Financials
GS,2019-05-31,158.33,158.43,156.22,156.37,156.37,2640100,Financials
GS,2019-06-03,155.69,157.23,154.86,156.97,156.97,2857800,Financials
GS,2019-06-04,159.53,162.8,159.13,162.7,162.7,2420800,Financials
GS,2019-06-05,162.89,162.94,160.24,161.47,161.47,1967800,Financials
GS,2019-06-06,161.14,163.44,160.5,162.64,162.64,1653500,Financials
GS,2019-06-07,162.7,163.33,161.54,162.64,162.64,1838600,Financials
GS,2019-06-10,164.01,168.8,164.01,166.34,166.34,2372000,Financials
GS,2019-06-11,167.35,168.05,165.81,166.86,166.86,1632200,Financials
GS,2019-06-12,165.9,166.28,162.66,163.0,163.0,2059400,Financials
GS,2019-06-13,163.16,164.73,162.87,164.05,164.05,1411400,Financials
GS,2019-06-14,163.91,164.67,162.22,164.23,164.23,1403900,Financials
GS,2019-06-17,164.54,165.57,163.44,163.52,163.52,1155600,Financials
GS,2019-06-18,163.38,168.92,163.38,167.07,167.07,2363000,Financials
GS,2019-06-19,167.39,169.33,166.91,167.64,167.64,2196800,Financials
GS,2019-06-20,169.23,169.82,165.9,167.69,167.69,2749300,Financials
GS,2019-06-21,167.38,169.95,166.21,167.9,167.9,3365500,Financials
GS,2019-06-24,168.4,170.82,167.97,169.22,169.22,2069800,Financials
GS,2019-06-25,169.23,169.25,166.24,168.0,168.0,1828300,Financials
GS,2019-06-26,168.38,169.55,168.05,168.81,168.81,1649900,Financials
GS,2019-06-27,169.29,171.04,168.6,170.79,170.79,2239200,Financials
GS,2019-06-28,174.37,176.38,173.89,175.32,175.32,4854900,Financials
GS,2019-07-01,178.23,179.82,176.29,177.25,177.25,2465700,Financials
GS,2019-07-02,176.0,176.78,174.94,176.5,176.5,1621400,Financials
GS,2019-07-03,177.63,177.72,175.86,176.55,176.55,978800,Financials
GS,2019-07-05,177.25,178.88,176.69,178.14,178.14,1511400,Financials
GS,2019-07-08,176.83,177.59,175.41,176.3,176.3,1853900,Financials
GS,2019-07-09,174.59,178.18,174.41,178.03,178.03,1812100,Financials
GS,2019-07-10,177.53,179.08,176.22,176.49,176.49,1779800,Financials
GS,2019-07-11,176.69,182.16,176.52,181.1,181.1,3691600,Financials
GS,2019-07-12,181.66,183.53,180.62,183.32,183.32,2626000,Financials
GS,2019-07-15,183.47,183.89,179.76,181.3,181.3,2600200,Financials
GS,2019-07-16,184.06,186.23,182.13,184.67,184.67,5283700,Financials
GS,2019-07-17,183.23,184.9,182.65,182.77,182.77,2583500,Financials
GS,2019-07-18,182.27,184.94,181.44,183.82,183.82,2858100,Financials
GS,2019-07-19,183.39,184.89,182.81,182.96,182.96,1822300,Financials
GS,2019-07-22,182.86,184.11,181.92,183.37,183.37,1907100,Financials
GS,2019-07-23,184.19,188.51,184.19,188.02,188.02,3330600,Financials
GS,2019-07-24,187.87,190.3,187.34,190.25,190.25,3180000,Financials
GS,2019-07-25,190.03,190.03,187.0,188.5,188.5,2776700,Financials
GS,2019-07-26,188.9,190.43,188.83,190.35,190.35,2304500,Financials
GS,2019-07-29,189.37,190.34,188.68,188.79,188.79,1372800,Financials
GS,2019-07-30,187.22,190.22,186.22,189.71,189.71,1644600,Financials
GS,2019-07-31,189.58,190.21,187.66,188.62,188.62,1991100,Financials
GS,2019-08-01,187.96,188.47,180.6,181.32,181.32,3070100,Financials
GS,2019-08-02,181.3,181.3,175.93,179.4,179.4,2503000,Financials
GS,2019-08-05,176.36,176.36,171.02,172.81,172.81,2794200,Financials
GS,2019-08-06,174.43,176.58,172.14,176.53,176.53,2349400,Financials
GS,2019-08-07,172.33,176.48,170.56,176.29,176.29,2454200,Financials
GS,2019-08-08,177.52,178.06,174.41,177.37,177.37,2342200,Financials
GS,2019-08-09,176.19,178.49,174.68,177.29,177.29,1790100,Financials
GS,2019-08-12,174.19,174.93,171.79,172.68,172.68,1479300,Financials
GS,2019-08-13,172.67,177.03,171.57,174.9,174.9,2115900,Financials
GS,2019-08-14,171.2,171.3,167.14,167.57,167.57,3025100,Financials
GS,2019-08-15,167.87,168.78,165.99,168.1,168.1,1981900,Financials
GS,2019-08-16,168.83,171.95,168.8,170.88,170.88,1878700,Financials
GS,2019-08-19,174.64,175.19,172.93,173.26,173.26,1646100,Financials
GS,2019-08-20,171.56,173.08,171.12,171.36,171.36,1545600,Financials
GS,2019-08-21,173.72,173.96,171.52,171.96,171.96,1160800,Financials
GS,2019-08-22,173.33,174.33,172.16,173.45,173.45,1275900,Financials
GS,2019-08-23,172.07,172.99,167.25,168.12,168.12,2200500,Financials
GS,2019-08-26,169.89,171.13,169.66,171.08,171.08,1441900,Financials
GS,2019-08-27,171.66,172.11,168.38,169.72,169.72,1513300,Financials
GS,2019-08-28,168.44,172.63,168.16,171.74,171.74,1437800,Financials
GS,2019-08-29,173.62,176.22,173.62,175.42,175.42,1816800,Financials
GS,2019-08-30,176.63,176.94,175.05,175.82,175.82,1529600,Financials
GS,2019-09-03,173.4,173.84,169.5,171.56,171.56,2633600,Financials
GS,2019-09-04,173.74,174.26,172.49,173.94,173.94,1720600,Financials
GS,2019-09-05,176.99,180.15,176.8,178.53,178.53,2237900,Financials
GS,2019-09-06,178.54,179.56,177.25,178.67,178.67,1438800,Financials
GS,2019-09-09,180.4,184.42,179.73,182.78,182.78,2734500,Financials
GS,2019-09-10,184.09,187.19,183.85,185.93,185.93,2615800,Financials
GS,2019-09-11,185.57,186.98,183.97,186.94,186.94,1886300,Financials
GS,2019-09-12,186.57,190.35,185.51,188.61,188.61,2913800,Financials
GS,2019-09-13,190.0,190.99,189.01,189.61,189.61,2722400,Financials
GS,2019-09-16,187.82,189.12,186.52,187.3,187.3,2205500,Financials
GS,2019-09-17,186.07,186.37,183.26,186.17,186.17,2429100,Financials
GS,2019-09-18,185.24,187.88,183.92,187.18,187.18,2474900,Financials
GS,2019-09-19,187.61,187.91,185.44,185.58,185.58,1596200,Financials
GS,2019-09-20,185.09,186.83,184.2,184.3,184.3,5458900,Financials
GS,2019-09-23,183.53,184.62,182.42,184.06,184.06,1485500,Financials
GS,2019-09-24,184.56,184.69,178.31,179.13,179.13,2837600,Financials
GS,2019-09-25,179.31,182.01,178.87,181.1,181.1,1593400,Financials
GS,2019-09-26,180.25,181.05,179.44,179.54,179.54,1685500,Financials
GS,2019-09-27,180.94,181.55,179.43,180.19,180.19,1530900,Financials
GS,2019-09-30,180.82,180.82,178.34,178.68,178.68,1794500,Financials
GS,2019-10-01,178.5,180.54,174.7,174.77,174.77,3156200,Financials
GS,2019-10-02,173.91,174.07,170.38,170.94,170.94,3386800,Financials
GS,2019-10-03,170.39,171.05,167.27,170.07,170.07,2914500,Financials
GS,2019-10-04,169.86,173.51,169.04,173.14,173.14,3021100,Financials
GS,2019-10-07,173.13,174.63,171.99,172.8,172.8,2202200,Financials
GS,2019-10-08,170.38,171.55,168.93,170.18,170.18,2654900,Financials
GS,2019-10-09,170.89,171.57,169.59,169.73,169.73,2443500,Financials
GS,2019-10-10,170.37,173.59,170.33,172.34,172.34,2108000,Financials
GS,2019-10-11,175.66,178.74,175.66,176.49,176.49,3334300,Financials
GS,2019-10-14,175.75,177.77,174.97,177.47,177.47,2286100,Financials
GS,2019-10-15,174.18,179.56,171.25,178.02,178.02,8241900,Financials
GS,2019-10-16,177.77,179.88,177.71,178.85,178.85,3405800,Financials
GS,2019-10-17,179.6,180.15,176.24,178.02,178.02,2876500,Financials
GS,2019-10-18,176.75,179.4,176.75,178.07,178.07,2207000,Financials
GS,2019-10-21,179.93,181.81,179.07,180.43,180.43,1934900,Financials
GS,2019-10-22,180.72,182.5,179.62,180.73,180.73,1868000,Financials
GS,2019-10-23,180.4,182.82,180.21,182.21,182.21,1574500,Financials
GS,2019-10-24,182.46,183.79,180.88,181.98,181.98,1266500,Financials
GS,2019-10-25,181.23,185.75,181.23,184.72,184.72,2602100,Financials
GS,2019-10-28,186.52,188.76,185.98,187.76,187.76,2707800,Financials
GS,2019-10-29,187.3,189.08,186.63,187.66,187.66,2030800,Financials
GS,2019-10-30,187.13,187.15,184.36,186.08,186.08,1584900,Financials
GS,2019-10-31,185.51,185.7,182.21,183.99,183.99,1876200,Financials
GS,2019-11-01,185.61,187.88,185.17,187.45,187.45,2112300,Financials
GS,2019-11-04,189.44,190.29,188.46,189.58,189.58,2538100,Financials
GS,2019-11-05,190.39,191.23,188.38,188.52,188.52,2525100,Financials
GS,2019-11-06,187.98,188.89,186.72,188.33,188.33,1863000,Financials
GS,2019-11-07,190.36,193.81,190.05,192.53,192.53,3748600,Financials
GS,2019-11-08,192.28,192.48,190.64,192.21,192.21,1610800,Financials
GS,2019-11-11,190.47,190.91,188.42,188.86,188.86,2754500,Financials
GS,2019-11-12,188.45,190.65,187.91,190.05,190.05,1891600,Financials
GS,2019-11-13,188.31,189.56,187.12,189.11,189.11,1756000,Financials
GS,2019-11-14,188.65,190.1,188.0,189.2,189.2,1483100,Financials
GS,2019-11-15,189.7,190.64,188.87,189.91,189.91,1693100,Financials
GS,2019-11-18,189.46,189.65,188.01,189.46,189.46,1603400,Financials
GS,2019-11-19,190.18,190.28,188.24,189.73,189.73,1817100,Financials
GS,2019-11-20,188.28,189.24,186.59,187.89,187.89,2177700,Financials
GS,2019-11-21,188.49,189.11,186.95,188.17,188.17,1677700,Financials
GS,2019-11-22,187.97,190.31,187.97,189.94,189.94,1529100,Financials
GS,2019-11-25,190.46,193.1,190.46,192.07,192.07,2181800,Financials
GS,2019-11-26,192.01,192.08,190.65,191.81,191.81,1926300,Financials
GS,2019-11-27,192.67,193.39,191.3,192.24,192.24,1614600,Financials
GS,2019-11-29,191.53,192.5,191.12,191.94,191.94,770400,Financials
GS,2019-12-02,191.61,192.33,188.23,188.72,188.72,2118500,Financials
GS,2019-12-03,186.8,186.8,182.09,184.04,184.04,3207100,Financials
GS,2019-12-04,185.16,188.16,184.16,187.24,187.24,1583600,Financials
GS,2019-12-05,188.29,188.71,186.79,188.29,188.29,1329300,Financials
GS,2019-12-06,190.72,195.45,189.74,194.76,194.76,4229400,Financials
GS,2019-12-09,194.76,194.8,192.3,192.34,192.34,2134600,Financials
GS,2019-12-10,192.21,193.26,191.24,192.4,192.4,1854100,Financials
GS,2019-12-11,192.72,193.24,191.49,191.8,191.8,1778600,Financials
GS,2019-12-12,192.42,196.64,191.29,196.01,196.01,2974300,Financials
GS,2019-12-13,196.59,197.69,193.97,195.1,195.1,1908200,Financials
GS,2019-12-16,198.14,200.04,197.59,197.74,197.74,3218400,Financials
GS,2019-12-17,199.44,201.23,198.4,200.43,200.43,3590000,Financials
GS,2019-12-18,201.14,201.34,199.38,199.83,199.83,2280800,Financials
GS,2019-12-19,200.26,200.64,198.53,199.38,199.38,2418100,Financials
GS,2019-12-20,200.27,200.56,198.24,198.51,198.51,3715500,Financials
GS,2019-12-23,199.14,199.85,198.06,198.65,198.65,1670400,Financials
GS,2019-12-24,198.55,199.39,198.02,199.36,199.36,467700,Financials
GS,2019-12-26,199.66,201.34,199.43,200.49,200.49,1704000,Financials
GS,2019-12-27,201.01,201.35,199.84,200.01,200.01,1343900,Financials
GS,2019-12-30,200.89,200.89,199.0,199.26,199.26,1494500,Financials
GS,2019-12-31,199.19,199.41,198.28,199.38,199.38,1447200,Financials
GS,2020-01-02,200.3,203.46,199.58,203.18,203.18,3736300,Financials
GS,2020-01-03,200.82,201.7,199.7,200.81,200.81,2274500,Financials
GS,2020-01-06,199.38,202.92,198.99,202.86,202.86,3329300,Financials
GS,2020-01-07,203.77,206.17,203.56,204.2,204.2,5255200,Financials
GS,2020-01-08,204.36,207.89,204.19,206.17,206.17,3564700,Financials
GS,2020-01-09,209.27,211.06,207.95,210.36,210.36,3980700,Financials
GS,2020-01-10,210.49,211.05,209.31,209.94,209.94,2248100,Financials
GS,2020-01-13,211.96,213.41,210.71,212.63,212.63,3359200,Financials
GS,2020-01-14,212.72,215.5,212.1,213.02,213.02,4302800,Financials
GS,2020-01-15,209.84,216.35,207.38,212.63,212.63,5411200,Financials
GS,2020-01-16,214.19,216.62,213.51,216.54,216.54,3968400,Financials
GS,2020-01-17,216.98,217.18,215.04,216.31,216.31,3108400,Financials
GS,2020-01-21,214.36,215.78,212.96,213.05,213.05,2492400,Financials
GS,2020-01-22,213.84,215.5,213.61,214.22,214.22,2030900,Financials
GS,2020-01-23,212.01,214.18,210.61,212.95,212.95,2806800,Financials
GS,2020-01-24,212.5,213.06,208.63,209.77,209.77,2877400,Financials
GS,2020-01-27,204.96,207.23,203.78,206.49,206.49,2506200,Financials
GS,2020-01-28,207.67,211.21,206.42,210.34,210.34,3123000,Financials
GS,2020-01-29,212.03,213.74,207.73,208.21,208.21,3711600,Financials
GS,2020-01-30,206.1,211.87,205.27,211.69,211.69,3261700,Financials
GS,2020-01-31,209.83,210.61,205.4,206.16,206.16,3482800,Financials
GS,2020-02-03,206.69,210.18,206.42,207.25,207.25,2733000,Financials
GS,2020-02-04,210.61,211.35,209.45,209.79,209.79,3052500,Financials
GS,2020-02-05,212.43,212.56,210.71,211.84,211.84,3126600,Financials
GS,2020-02-06,212.75,213.11,209.13,209.69,209.69,2225600,Financials
GS,2020-02-07,207.89,208.56,205.12,206.37,206.37,3006500,Financials
GS,2020-02-10,205.85,206.26,204.17,205.82,205.82,2591300,Financials
GS,2020-02-11,207.24,207.72,204.83,205.04,205.04,2238800,Financials
GS,2020-02-12,206.38,209.13,206.13,206.94,206.94,2119200,Financials
GS,2020-02-13,206.24,207.21,205.13,206.68,206.68,1461300,Financials
GS,2020-02-14,206.32,207.25,204.84,205.58,205.58,1718700,Financials
GS,2020-02-18,205.12,205.57,200.48,202.22,202.22,2736500,Financials
GS,2020-02-19,203.77,206.2,202.28,205.79,205.79,2207100,Financials
GS,2020-02-20,204.99,205.42,200.52,201.8,201.8,3183700,Financials
GS,2020-02-21,200.23,201.0,198.02,199.97,199.97,3081600,Financials
GS,2020-02-24,193.57,196.57,192.97,194.7,194.7,4139400,Financials
GS,2020-02-25,194.91,195.86,187.2,188.69,188.69,5343100,Financials
GS,2020-02-26,189.64,190.77,186.22,187.11,187.11,4171100,Financials
GS,2020-02-27,182.52,185.11,178.08,178.36,178.36,5848200,Financials
GS,2020-02-28,173.69,176.45,169.99,175.16,175.16,6727100,Financials
GS,2020-03-02,175.71,182.88,172.42,182.75,182.75,5285500,Financials
GS,2020-03-03,182.34,184.77,176.33,177.48,177.48,5677200,Financials
GS,2020-03-04,179.58,182.27,176.84,182.11,182.11,3520400,Financials
GS,2020-03-05,175.64,177.51,171.82,173.43,173.43,4151500,Financials
GS,2020-03-06,166.35,171.26,165.13,168.25,168.25,5071900,Financials
GS,2020-03-09,151.43,156.38,148.45,150.76,150.76,6443000,Financials
GS,2020-03-10,158.45,161.75,151.18,160.83,160.83,6803900,Financials
GS,2020-03-11,155.71,157.71,149.16,149.96,149.96,5314000,Financials
GS,2020-03-12,139.59,145.48,130.86,131.46,131.46,8357700,Financials
GS,2020-03-13,142.05,154.91,132.91,154.57,154.57,6368400,Financials
GS,2020-03-16,131.06,147.91,130.86,134.93,134.93,6888000,Financials
GS,2020-03-17,136.97,145.47,130.86,138.43,138.43,6876300,Financials
GS,2020-03-18,130.86,136.07,118.13,122.16,122.16,9543200,Financials
GS,2020-03-19,119.85,133.03,114.16,130.42,130.42,6548200,Financials
GS,2020-03-20,129.98,130.16,120.65,120.75,120.75,7561300,Financials
GS,2020-03-23,118.67,123.83,116.26,117.75,117.75,5472600,Financials
GS,2020-03-24,125.91,134.27,125.31,134.0,134.0,6647400,Financials
GS,2020-03-25,134.88,141.51,126.78,135.34,135.34,8587800,Financials
GS,2020-03-26,136.42,146.27,134.62,144.64,144.64,6762200,Financials
GS,2020-03-27,138.78,142.84,136.97,138.14,138.14,4186700,Financials
GS,2020-03-30,138.3,139.96,133.64,139.26,139.26,4152800,Financials
GS,2020-03-31,137.96,140.55,134.11,134.87,134.87,3588200,Financials
GS,2020-04-01,127.46,130.49,126.5,126.75,126.75,4689100,Financials
GS,2020-04-02,124.77,131.26,123.6,130.8,130.8,4446900,Financials
GS,2020-04-03,130.16,131.67,126.7,128.18,128.18,2801600,Financials
GS,2020-04-06,135.63,138.65,134.15,138.04,138.04,4689400,Financials
GS,2020-04-07,144.82,147.56,141.72,144.84,144.84,4953500,Financials
GS,2020-04-08,147.05,155.38,147.05,154.38,154.38,5194800,Financials
GS,2020-04-09,157.54,163.43,156.83,160.75,160.75,6445800,Financials
GS,2020-04-13,160.39,161.37,156.28,156.32,156.32,4774300,Financials
GS,2020-04-14,159.09,159.98,152.27,155.49,155.49,4149600,Financials
GS,2020-04-15,148.86,158.5,147.57,155.74,155.74,6042700,Financials
GS,2020-04-16,154.61,155.67,150.4,154.45,154.45,4662200,Financials
GS,2020-04-17,160.08,161.64,155.54,160.08,160.08,5426700,Financials
GS,2020-04-20,156.77,162.55,155.31,157.38,157.38,4674800,Financials
GS,2020-04-21,153.06,156.34,151.5,151.63,151.63,3819000,Financials
GS,2020-04-22,154.85,155.45,152.21,153.53,153.53,2314500,Financials
GS,2020-04-23,154.42,156.22,152.19,152.72,152.72,2013300,Financials
GS,2020-04-24,154.42,155.25,151.36,154.42,154.42,2024400,Financials
GS,2020-04-27,156.25,160.74,155.92,160.12,160.12,2743100,Financials
GS,2020-04-28,165.03,166.13,161.28,163.15,163.15,3344700,Financials
GS,2020-04-29,168.04,169.0,165.38,165.79,165.79,3086300,Financials
GS,2020-04-30,162.27,163.62,159.57,160.02,160.02,2695400,Financials
GS,2020-05-01,156.16,156.69,154.11,154.51,154.51,2650200,Financials
GS,2020-05-04,152.67,153.82,149.81,153.57,153.57,2990100,Financials
GS,2020-05-05,156.25,159.3,155.41,155.55,155.55,3272600,Financials
GS,2020-05-06,156.76,158.08,152.86,154.35,154.35,2408700,Financials
GS,2020-05-07,156.32,159.98,156.32,159.06,159.06,2480100,Financials
GS,2020-05-08,161.42,162.19,159.43,161.74,161.74,2277500,Financials
GS,2020-05-11,159.25,161.27,158.13,159.79,159.79,2212200,Financials
GS,2020-05-12,160.43,160.79,154.2,154.6,154.6,3549200,Financials
GS,2020-05-13,153.25,154.31,148.97,149.88,149.88,3445300,Financials
GS,2020-05-14,147.47,152.48,144.26,152.19,152.19,4176700,Financials
GS,2020-05-15,151.35,151.88,148.82,149.94,149.94,2867800,Financials
GS,2020-05-18,155.04,159.74,152.88,158.68,158.68,4505800,Financials
GS,2020-05-19,157.52,158.95,155.05,155.14,155.14,2210500,Financials
GS,2020-05-20,157.86,160.38,157.3,158.29,158.29,2599900,Financials
GS,2020-05-21,157.21,158.06,155.01,157.12,157.12,2153500,Financials
GS,2020-05-22,157.06,157.59,155.34,156.97,156.97,2176400,Financials
GS,2020-05-26,161.95,171.95,161.59,171.05,171.05,5971200,Financials
GS,2020-05-27,177.1,183.83,174.49,182.91,182.91,8182100,Financials
GS,2020-05-28,183.94,184.35,175.54,175.55,175.55,4886100,Financials
GS,2020-05-29,173.14,176.38,170.88,172.49,172.49,3822600,Financials
GS,2020-06-01,173.21,177.13,171.29,175.51,175.51,2230800,Financials
GS,2020-06-02,178.88,181.28,176.73,179.21,179.21,4128700,Financials
GS,2020-06-03,183.03,186.05,181.22,184.85,184.85,3471900,Financials
GS,2020-06-04,183.29,188.73,182.56,188.58,188.58,3522300,Financials
GS,2020-06-05,194.89,195.75,191.08,191.31,191.31,4737600,Financials
GS,2020-06-08,193.15,195.12,191.59,193.84,193.84,3260300,Financials
GS,2020-06-09,189.39,193.15,188.88,191.46,191.46,2478400,Financials
GS,2020-06-10,190.84,193.0,186.81,187.44,187.44,3091200,Financials
GS,2020-06-11,179.7,181.63,170.32,170.42,170.42,4923400,Financials
GS,2020-06-12,176.12,178.16,172.25,177.14,177.14,3380800,Financials
GS,2020-06-15,171.83,181.71,171.32,181.11,181.11,3467400,Financials
GS,2020-06-16,188.72,188.72,178.85,183.99,183.99,3099100,Financials
GS,2020-06-17,184.35,185.05,180.35,181.01,181.01,1798300,Financials
GS,2020-06-18,179.08,181.95,177.92,178.95,178.95,2051700,Financials
GS,2020-06-19,181.76,182.09,176.43,177.01,177.01,4962400,Financials
GS,2020-06-22,176.44,179.59,175.57,178.58,178.58,1806900,Financials
GS,2020-06-23,181.28,182.17,178.77,179.77,179.77,2451800,Financials
GS,2020-06-24,177.63,177.87,173.27,173.84,173.84,2756700,Financials
GS,2020-06-25,173.7,182.06,173.48,181.81,181.81,3466500,Financials
GS,2020-06-26,174.7,175.78,165.49,166.08,166.08,9530700,Financials
GS,2020-06-29,168.01,170.22,165.62,169.84,169.84,3736000,Financials
GS,2020-06-30,170.17,174.18,169.97,173.48,173.48,3102800,Financials
GS,2020-07-01,174.59,175.35,171.64,173.44,173.44,2620100,Financials
GS,2020-07-02,177.77,178.21,173.05,173.29,173.29,2699400,Financials
GS,2020-07-06,176.75,182.41,176.57,182.04,182.04,3567700,Financials
GS,2020-07-07,180.4,180.59,174.86,175.01,175.01,2853500,Financials
GS,2020-07-08,175.17,178.43,174.71,177.55,177.55,2789700,Financials
GS,2020-07-09,177.43,177.77,171.18,172.79,172.79,3160100,Financials
GS,2020-07-10,172.83,181.12,172.79,180.46,180.46,4414800,Financials
GS,2020-07-13,183.48,186.97,181.72,183.37,183.37,4449600,Financials
GS,2020-07-14,185.61,188.13,181.73,187.87,187.87,5202000,Financials
GS,2020-07-15,196.97,197.73,188.47,190.41,190.41,12516700,Financials
GS,2020-07-16,187.43,193.54,187.43,188.45,188.45,5769600,Financials
GS,2020-07-17,188.65,188.89,185.45,185.59,185.59,3614300,Financials
GS,2020-07-20,184.99,187.14,184.57,185.85,185.85,2268700,Financials
GS,2020-07-21,186.33,187.7,184.7,186.13,186.13,3393500,Financials
GS,2020-07-22,184.79,185.23,180.27,180.84,180.84,4978400,Financials
GS,2020-07-23,180.05,180.86,177.37,178.23,178.23,4088600,Financials
GS,2020-07-24,178.21,179.9,176.73,176.86,176.86,3191500,Financials
GS,2020-07-27,175.66,179.24,175.21,178.23,178.23,2601200,Financials
GS,2020-07-28,177.25,178.73,176.53,177.0,177.0,2139600,Financials
GS,2020-07-29,177.07,178.99,175.24,177.84,177.84,2635000,Financials
GS,2020-07-30,175.14,175.57,172.33,175.16,175.16,3057900,Financials
GS,2020-07-31,175.43,175.43,172.51,173.78,173.78,2399700,Financials
GS,2020-08-03,174.25,175.47,172.53,175.04,175.04,2294600,Financials
GS,2020-08-04,175.0,177.08,174.24,177.01,177.01,1944700,Financials
GS,2020-08-05,178.36,179.8,178.22,179.54,179.54,2232400,Financials
GS,2020-08-06,179.96,181.1,178.94,179.31,179.31,1882400,Financials
GS,2020-08-07,178.63,183.3,177.73,182.83,182.83,3075000,Financials
GS,2020-08-10,183.99,184.91,182.63,183.81,183.81,2432800,Financials
GS,2020-08-11,186.74,190.45,184.82,185.28,185.28,4042700,Financials
GS,2020-08-12,188.48,189.58,183.71,186.22,186.22,2439400,Financials
GS,2020-08-13,184.71,186.28,182.33,182.94,182.94,2219900,Financials
GS,2020-08-14,182.12,183.9,181.38,182.57,182.57,2287600,Financials
GS,2020-08-17,181.72,182.47,177.8,178.27,178.27,3922600,Financials
GS,2020-08-18,178.6,178.72,176.54,176.72,176.72,3067900,Financials
GS,2020-08-19,177.68,180.93,177.13,178.23,178.23,2458500,Financials
GS,2020-08-20,176.24,178.45,175.87,177.2,177.2,1764200,Financials
GS,2020-08-21,175.67,178.52,175.42,177.71,177.71,1780900,Financials
GS,2020-08-24,178.3,182.1,176.73,182.02,182.02,3097400,Financials
GS,2020-08-25,184.34,184.78,180.11,180.84,180.84,2627600,Financials
GS,2020-08-26,180.74,181.97,179.99,181.91,181.91,2563200,Financials
GS,2020-08-27,181.44,186.99,181.2,184.48,184.48,3692400,Financials
GS,2020-08-28,186.01,186.11,181.8,182.34,182.34,3697400,Financials
GS,2020-08-31,181.49,182.3,179.84,180.94,180.94,3046200,Financials
GS,2020-09-01,179.82,182.56,179.3,181.46,181.46,2457000,Financials
GS,2020-09-02,181.75,186.29,181.38,185.5,185.5,3565200,Financials
GS,2020-09-03,187.01,190.09,181.79,183.31,183.31,3533500,Financials
GS,2020-09-04,186.26,188.43,181.34,186.3,186.3,3668900,Financials
GS,2020-09-08,185.04,185.43,177.76,178.83,178.83,4574700,Financials
GS,2020-09-09,180.34,180.9,178.43,178.6,178.6,4681400,Financials
GS,2020-09-10,179.93,181.36,176.24,176.65,176.65,2510300,Financials
GS,2020-09-11,176.85,178.32,175.71,177.45,177.45,2376400,Financials
GS,2020-09-14,179.55,179.55,177.23,177.82,177.82,2756900,Financials
GS,2020-09-15,178.4,178.92,174.85,174.87,174.87,3717600,Financials
GS,2020-09-16,175.3,179.99,174.93,177.24,177.24,3571400,Financials
GS,2020-09-17,175.06,176.54,171.79,172.07,172.07,4274800,Financials
GS,2020-09-18,172.23,173.68,169.91,172.1,172.1,9066300,Financials
GS,2020-09-21,167.72,171.49,165.57,171.34,171.34,4871300,Financials
GS,2020-09-22,171.34,173.23,166.42,169.24,169.24,3355800,Financials
GS,2020-09-23,169.57,170.38,164.16,164.38,164.38,3116100,Financials
GS,2020-09-24,166.9,174.39,165.2,172.32,172.32,5114600,Financials
GS,2020-09-25,170.42,172.57,167.46,172.18,172.18,3106000,Financials
GS,2020-09-28,174.68,178.29,174.12,175.82,175.82,3280100,Financials
GS,2020-09-29,175.01,175.55,172.6,173.8,173.8,2400000,Financials
GS,2020-09-30,175.47,179.36,175.19,177.49,177.49,3075800,Financials
GS,2020-10-01,177.99,179.4,174.76,175.36,175.36,2288700,Financials
GS,2020-10-02,172.52,177.26,172.48,176.55,176.55,2541200,Financials
GS,2020-10-05,178.34,179.15,176.28,178.23,178.23,2551600,Financials
GS,2020-10-06,180.39,182.02,176.55,177.6,177.6,2833100,Financials
GS,2020-10-07,180.08,181.05,177.67,179.82,179.82,2326600,Financials
GS,2020-10-08,181.19,183.84,180.27,183.69,183.69,2330600,Financials
GS,2020-10-09,184.37,185.3,182.0,183.3,183.3,3040900,Financials
GS,2020-10-12,183.18,189.79,183.18,189.11,189.11,3474200,Financials
GS,2020-10-13,189.01,189.1,184.74,186.18,186.18,3317300,Financials
GS,2020-10-14,188.9,189.4,185.71,186.56,186.56,7550100,Financials
GS,2020-10-15,185.1,186.11,182.73,184.23,184.23,4325700,Financials
GS,2020-10-16,183.99,185.47,181.77,182.12,182.12,3244500,Financials
GS,2020-10-19,183.16,183.62,180.69,181.66,181.66,3235300,Financials
GS,2020-10-20,182.55,186.69,182.35,183.73,183.73,3335500,Financials
GS,2020-10-21,183.16,183.66,178.41,179.21,179.21,3083600,Financials
GS,2020-10-22,179.46,182.26,178.58,181.41,181.41,2136900,Financials
GS,2020-10-23,182.61,183.89,180.19,181.09,181.09,2110200,Financials
GS,2020-10-26,178.84,179.12,175.32,177.64,177.64,3249700,Financials
GS,2020-10-27,176.64,177.16,172.58,172.82,172.82,3430400,Financials
GS,2020-10-28,168.96,170.78,166.87,167.6,167.6,4214600,Financials
GS,2020-10-29,167.63,169.88,165.07,167.75,167.75,3581200,Financials
GS,2020-10-30,167.37,168.16,163.85,166.96,166.96,3658800,Financials
GS,2020-11-02,169.57,170.19,166.24,167.98,167.98,2459600,Financials
GS,2020-11-03,171.29,175.75,170.65,174.81,174.81,4545500,Financials
GS,2020-11-04,173.33,177.36,172.13,174.76,174.76,3868500,Financials
GS,2020-11-05,176.33,180.28,175.81,179.25,179.25,2892800,Financials
GS,2020-11-06,180.47,180.51,177.01,177.75,177.75,2475100,Financials
GS,2020-11-09,189.43,192.53,184.91,189.82,189.82,6960500,Financials
GS,2020-11-10,190.11,192.87,186.51,192.07,192.07,4166500,Financials
GS,2020-11-11,193.1,194.23,189.91,192.58,192.58,2680700,Financials
GS,2020-11-12,190.08,191.53,187.59,189.45,189.45,3005500,Financials
GS,2020-11-13,190.64,195.15,190.25,193.49,193.49,2832100,Financials
GS,2020-11-16,197.42,198.36,194.33,196.4,196.4,3004700,Financials
GS,2020-11-17,194.32,198.58,192.83,198.41,198.41,2722900,Financials
GS,2020-11-18,198.72,201.12,197.4,198.1,198.1,2856200,Financials
GS,2020-11-19,198.1,198.66,196.16,198.34,198.34,1505200,Financials
GS,2020-11-20,196.95,198.55,196.62,197.26,197.26,1848100,Financials
GS,2020-11-23,199.65,203.13,199.36,202.1,202.1,3371300,Financials
GS,2020-11-24,204.1,210.3,203.69,209.76,209.76,3915200,Financials
GS,2020-11-25,207.55,209.71,205.28,208.91,208.91,2272800,Financials
GS,2020-11-27,209.32,209.58,206.48,207.9,207.9,1050400,Financials
GS,2020-11-30,204.94,207.55,203.45,203.65,203.65,2705400,Financials
GS,2020-12-01,205.98,208.56,205.44,206.09,206.09,2577600,Financials
GS,2020-12-02,206.09,211.46,205.64,211.03,211.03,2136300,Financials
GS,2020-12-03,210.71,212.1,208.36,209.1,209.1,2142600,Financials
GS,2020-12-04,211.08,212.9,210.41,212.75,212.75,2373000,Financials
GS,2020-12-07,211.82,212.99,209.08,211.74,211.74,1788600,Financials
GS,2020-12-08,210.46,212.4,210.08,212.09,212.09,1371800,Financials
GS,2020-12-09,213.12,217.88,212.7,215.62,215.62,3552300,Financials
GS,2020-12-10,213.12,217.72,212.68,217.03,217.03,2541700,Financials
GS,2020-12-11,213.84,214.19,210.54,213.11,213.11,2077300,Financials
GS,2020-12-14,216.03,216.23,210.8,211.16,211.16,1927800,Financials
GS,2020-12-15,212.68,216.33,210.62,215.28,215.28,2348000,Financials
GS,2020-12-16,216.28,216.58,214.11,216.47,216.47,2400900,Financials
GS,2020-12-17,217.56,218.39,215.78,217.05,217.05,2983600,Financials
GS,2020-12-18,217.91,217.91,213.62,215.01,215.01,4088100,Financials
GS,2020-12-21,222.26,231.63,220.9,228.2,228.2,7408500,Financials
GS,2020-12-22,228.09,228.84,221.82,222.08,222.08,3599800,Financials
GS,2020-12-23,223.33,231.4,223.15,227.73,227.73,3376100,Financials
GS,2020-12-24,228.25,228.77,225.33,227.47,227.47,968100,Financials
GS,2020-12-28,228.94,233.23,228.22,230.52,230.52,2793400,Financials
GS,2020-12-29,231.11,231.64,227.77,229.11,229.11,1430900,Financials
GS,2020-12-30,229.82,231.46,228.95,230.39,230.39,1566500,Financials
GS,2020-12-31,229.81,234.37,229.1,234.17,234.17,2043100,Financials
GS,2021-01-04,237.1,237.61,231.02,235.32,235.32,3572000,Financials
GS,2021-01-05,234.33,242.87,233.16,240.59,240.59,4207100,Financials
GS,2021-01-06,245.35,256.08,242.51,253.57,253.57,6383500,Financials
GS,2021-01-07,255.54,262.75,254.57,258.99,258.99,4009700,Financials
GS,2021-01-08,259.3,259.54,253.13,257.59,257.59,2800800,Financials
GS,2021-01-11,254.68,261.96,252.37,260.92,260.92,2649700,Financials
GS,2021-01-12,263.86,269.93,262.87,268.36,268.36,4814400,Financials
GS,2021-01-13,266.47,269.7,265.6,269.01,269.01,2413800,Financials
GS,2021-01-14,270.0,274.76,269.54,273.39,273.39,3192200,Financials
GS,2021-01-15,267.46,270.72,263.63,267.3,267.3,3863700,Financials
GS,2021-01-19,270.84,272.26,260.89,261.25,261.25,6727800,Financials
GS,2021-01-20,262.69,264.14,255.28,257.94,257.94,4792600,Financials
GS,2021-01-21,257.92,259.95,256.21,256.96,256.96,2516000,Financials
GS,2021-01-22,254.58,258.04,253.52,256.98,256.98,2568800,Financials
GS,2021-01-25,253.55,254.28,246.42,251.34,251.34,4575000,Financials
GS,2021-01-26,252.13,253.76,248.71,250.2,250.2,3296800,Financials
GS,2021-01-27,245.09,246.3,240.93,242.72,242.72,3891800,Financials
GS,2021-01-28,243.85,248.49,240.94,244.22,244.22,3778700,Financials
GS,2021-01-29,243.55,246.33,240.31,240.8,240.8,3412000,Financials
GS,2021-02-01,242.12,245.8,241.54,243.96,243.96,2324100,Financials
GS,2021-02-02,247.15,255.97,246.86,254.83,254.83,5195500,Financials
GS,2021-02-03,254.51,257.35,253.24,256.23,256.23,2712800,Financials
GS,2021-02-04,257.52,262.7,257.09,260.85,260.85,2994700,Financials
GS,2021-02-05,261.96,263.95,259.46,260.63,260.63,2938100,Financials
GS,2021-02-08,261.96,267.19,261.52,266.53,266.53,2826200,Financials
GS,2021-02-09,266.04,268.58,264.36,266.81,266.81,2071700,Financials
GS,2021-02-10,266.4,271.0,264.4,270.2,270.2,3213700,Financials
GS,2021-02-11,269.93,270.85,265.66,268.46,268.46,2159900,Financials
GS,2021-02-12,268.17,272.35,267.97,272.01,272.01,1977300,Financials
GS,2021-02-16,275.28,277.87,274.59,277.02,277.02,2792200,Financials
GS,2021-02-17,275.31,279.7,274.18,277.71,277.71,2333100,Financials
GS,2021-02-18,274.59,279.28,273.13,275.19,275.19,2093300,Financials
GS,2021-02-19,275.48,281.3,275.48,280.27,280.27,2749500,Financials
GS,2021-02-22,277.94,284.66,277.24,281.38,281.38,3162300,Financials
GS,2021-02-23,282.37,284.16,275.8,283.46,283.46,2942500,Financials
GS,2021-02-24,284.31,293.9,284.25,293.61,293.61,3934400,Financials
GS,2021-02-25,296.0,298.2,289.75,291.05,291.05,4244000,Financials
GS,2021-02-26,289.28,291.87,283.31,283.7,283.7,3732200,Financials
GS,2021-03-01,289.73,295.12,288.23,294.12,294.12,2957800,Financials
GS,2021-03-02,294.19,299.71,293.75,295.03,295.03,2850300,Financials
GS,2021-03-03,297.47,303.2,297.09,298.14,298.14,3606300,Financials
GS,2021-03-04,296.98,302.89,288.77,293.56,293.56,3647600,Financials
GS,2021-03-05,299.17,299.17,282.12,291.85,291.85,3740200,Financials
GS,2021-03-08,295.4,300.96,293.39,297.93,297.93,2998000,Financials
GS,2021-03-09,292.96,299.89,290.24,294.72,294.72,3324800,Financials
GS,2021-03-10,296.04,305.25,295.56,304.91,304.91,3153100,Financials
GS,2021-03-11,301.91,307.56,299.95,304.98,304.98,2756600,Financials
GS,2021-03-12,307.76,312.02,306.35,310.96,310.96,2436700,Financials
GS,2021-03-15,311.52,314.18,304.89,308.5,308.5,2276200,Financials
GS,2021-03-16,307.81,309.26,301.1,304.63,304.63,2332600,Financials
GS,2021-03-17,307.22,309.37,303.46,307.52,307.52,2710900,Financials
GS,2021-03-18,312.69,318.13,309.34,310.24,310.24,3713000,Financials
GS,2021-03-19,308.83,309.56,303.67,306.85,306.85,3513000,Financials
GS,2021-03-22,304.05,305.67,299.54,302.51,302.51,2094500,Financials
GS,2021-03-23,300.98,304.79,295.38,295.77,295.77,2457500,Financials
GS,2021-03-24,297.24,300.38,292.8,292.99,292.99,3332200,Financials
GS,2021-03-25,291.83,295.43,286.99,294.68,294.68,2804700,Financials
GS,2021-03-26,298.21,299.05,287.67,291.86,291.86,3082600,Financials
GS,2021-03-29,285.59,292.19,283.24,290.38,290.38,4533200,Financials
GS,2021-03-30,293.67,299.32,293.17,295.98,295.98,2717300,Financials
GS,2021-03-31,294.4,296.55,290.13,291.52,291.52,2624500,Financials
GS,2021-04-01,289.11,293.89,288.98,292.09,292.09,2659000,Financials
GS,2021-04-05,296.73,296.73,288.0,288.43,288.43,3235000,Financials
GS,2021-04-06,289.28,292.89,288.84,291.57,291.57,1801700,Financials
GS,2021-04-07,292.14,293.48,288.26,291.12,291.12,2157300,Financials
GS,2021-04-08,289.1,295.52,287.92,295.21,295.21,2402800,Financials
GS,2021-04-09,297.76,298.56,293.11,294.91,294.91,2347100,Financials
GS,2021-04-12,296.57,298.18,294.14,295.83,295.83,2318800,Financials
GS,2021-04-13,293.75,294.24,289.0,292.12,292.12,3575900,Financials
GS,2021-04-14,292.9,307.09,290.76,298.96,298.96,9876800,Financials
GS,2021-04-15,302.13,304.31,298.24,301.81,301.81,4354800,Financials
GS,2021-04-16,303.36,306.44,301.88,305.17,305.17,4231900,Financials
GS,2021-04-19,303.11,307.06,300.07,305.86,305.86,3228200,Financials
GS,2021-04-20,303.08,303.53,293.61,295.87,295.87,3662300,Financials
GS,2021-04-21,294.19,299.07,292.02,298.89,298.89,2733300,Financials
GS,2021-04-22,298.31,300.4,294.45,294.95,294.95,2165200,Financials
GS,2021-04-23,295.31,303.7,294.83,302.53,302.53,2163800,Financials
GS,2021-04-26,304.84,308.37,303.9,306.24,306.24,2171500,Financials
GS,2021-04-27,306.67,309.84,306.37,309.02,309.02,2088600,Financials
GS,2021-04-28,310.24,312.13,308.54,310.34,310.34,2140900,Financials
GS,2021-04-29,312.51,315.44,309.77,314.67,314.67,2584400,Financials
GS,2021-04-30,313.02,314.53,309.52,310.64,310.64,2101100,Financials
GS,2021-05-03,312.32,315.64,311.36,312.16,312.16,1871700,Financials
GS,2021-05-04,311.04,313.61,305.4,311.88,311.88,2831400,Financials
GS,2021-05-05,313.8,320.17,310.73,318.81,318.81,2786800,Financials
GS,2021-05-06,320.73,326.55,317.82,326.26,326.26,3048700,Financials
GS,2021-05-07,322.99,331.32,321.76,330.64,330.64,3378100,Financials
GS,2021-05-10,332.97,336.07,328.51,328.67,328.67,3396300,Financials
GS,2021-05-11,323.61,328.63,319.71,320.86,320.86,3734300,Financials
GS,2021-05-12,323.67,328.18,314.94,315.94,315.94,3309800,Financials
GS,2021-05-13,314.92,321.73,314.92,319.87,319.87,2673900,Financials
GS,2021-05-14,322.72,329.41,322.45,328.75,328.75,2732300,Financials
GS,2021-05-17,327.87,330.47,324.95,329.18,329.18,1826100,Financials
GS,2021-05-18,331.08,332.6,324.5,325.0,325.0,2018600,Financials
GS,2021-05-19,320.94,320.94,315.52,319.49,319.49,3696000,Financials
GS,2021-05-20,320.03,322.67,315.01,320.74,320.74,1919600,Financials
GS,2021-05-21,322.26,327.3,321.39,326.52,326.52,2657500,Financials
GS,2021-05-24,327.46,329.6,325.85,328.33,328.33,1834300,Financials
GS,2021-05-25,329.77,333.21,324.58,324.96,324.96,2631000,Financials
GS,2021-05-26,325.39,328.77,322.64,327.53,327.53,2121200,Financials
GS,2021-05-27,331.04,333.02,327.44,331.07,331.07,3897000,Financials
GS,2021-05-28,332.75,333.71,329.41,332.77,332.77,2169700,Financials
GS,2021-06-01,337.85,342.92,336.61,342.09,342.09,3644000,Financials
GS,2021-06-02,342.89,344.09,339.35,342.99,342.99,2809700,Financials
GS,2021-06-03,341.92,349.97,340.03,347.71,347.71,3003900,Financials
GS,2021-06-04,348.57,350.69,345.56,350.15,350.15,2514100,Financials
GS,2021-06-07,351.54,351.77,346.66,347.21,347.21,2188700,Financials
GS,2021-06-08,345.09,345.71,341.9,344.11,344.11,2452600,Financials
GS,2021-06-09,342.74,343.73,338.91,342.4,342.4,2025900,Financials
GS,2021-06-10,348.53,348.53,333.07,334.49,334.49,3900800,Financials
GS,2021-06-11,336.06,338.79,335.54,338.17,338.17,2117300,Financials
GS,2021-06-14,337.61,338.79,331.59,333.58,333.58,2560500,Financials
GS,2021-06-15,334.1,335.29,328.42,332.13,332.13,2302900,Financials
GS,2021-06-16,331.85,334.61,326.72,331.86,331.86,3264200,Financials
GS,2021-06-17,334.11,334.11,318.93,323.36,323.36,4146300,Financials
GS,2021-06-18,318.91,320.57,311.4,312.03,312.03,6290100,Financials
GS,2021-06-21,315.66,320.2,314.0,319.82,319.82,2717300,Financials
GS,2021-06-22,319.34,321.91,315.44,319.81,319.81,1870800,Financials
GS,2021-06-23,320.94,324.24,319.93,322.96,322.96,1713100,Financials
GS,2021-06-24,324.7,331.75,324.51,329.85,329.85,2716600,Financials
GS,2021-06-25,329.91,331.99,326.08,329.86,329.86,2782400,Financials
GS,2021-06-28,329.0,329.95,325.47,329.81,329.81,1833400,Financials
GS,2021-06-29,335.31,338.2,331.64,333.31,333.31,2365900,Financials
GS,2021-06-30,331.77,340.01,331.77,339.49,339.49,2238400,Financials
GS,2021-07-01,340.54,341.38,334.68,335.43,335.43,2571000,Financials
GS,2021-07-02,336.61,336.87,333.13,334.69,334.69,1598900,Financials
GS,2021-07-06,333.85,334.21,326.86,330.84,330.84,2162900,Financials
GS,2021-07-07,328.73,331.05,323.97,328.88,328.88,2012800,Financials
GS,2021-07-08,321.74,324.6,318.07,321.07,321.07,2940500,Financials
GS,2021-07-09,327.39,332.89,326.45,332.54,332.54,2641800,Financials
GS,2021-07-12,331.24,343.49,328.58,340.36,340.36,4135900,Financials
GS,2021-07-13,340.86,344.68,332.76,336.31,336.31,6466800,Financials
GS,2021-07-14,338.79,341.49,332.21,334.9,334.9,3295700,Financials
GS,2021-07-15,332.07,338.79,331.47,333.96,333.96,2183900,Financials
GS,2021-07-16,335.37,335.37,325.45,326.31,326.31,2583300,Financials
GS,2021-07-19,316.65,317.72,312.18,317.3,317.3,4394600,Financials
GS,2021-07-20,315.11,328.56,314.45,326.28,326.28,2937900,Financials
GS,2021-07-21,329.21,335.35,329.11,334.1,334.1,2398800,Financials
GS,2021-07-22,333.02,334.27,329.58,333.39,333.39,1887100,Financials
GS,2021-07-23,335.07,338.12,332.2,334.59,334.59,1706900,Financials
GS,2021-07-26,333.81,336.94,333.75,336.24,336.24,1559100,Financials
GS,2021-07-27,333.2,335.56,330.27,335.29,335.29,1791800,Financials
GS,2021-07-28,336.16,337.62,333.06,334.75,334.75,1668900,Financials
GS,2021-07-29,337.25,339.47,335.27,337.72,337.72,1296600,Financials
GS,2021-07-30,336.84,339.86,333.7,335.33,335.33,1474900,Financials
GS,2021-08-02,336.48,346.11,336.11,338.29,338.29,2383200,Financials
GS,2021-08-03,340.13,341.08,332.55,340.23,340.23,1494600,Financials
GS,2021-08-04,338.55,342.28,336.12,338.0,338.0,1460500,Financials
GS,2021-08-05,340.04,343.76,339.86,343.76,343.76,1583800,Financials
GS,2021-08-06,347.85,356.78,347.64,355.91,355.91,3655800,Financials
GS,2021-08-09,354.75,361.91,352.06,357.69,357.69,3319100,Financials
GS,2021-08-10,357.91,367.31,357.35,364.93,364.93,3152300,Financials
GS,2021-08-11,365.67,370.93,364.11,370.22,370.22,3000500,Financials
GS,2021-08-12,370.66,374.46,367.25,371.22,371.22,2312800,Financials
GS,2021-08-13,372.11,372.91,365.12,367.44,367.44,1980000,Financials
GS,2021-08-16,365.84,365.84,359.72,365.27,365.27,1590700,Financials
GS,2021-08-17,361.23,365.27,357.98,362.25,362.25,2077400,Financials
GS,2021-08-18,360.13,363.26,356.54,356.73,356.73,2187800,Financials
GS,2021-08-19,352.97,355.77,349.67,352.05,352.05,2241500,Financials
GS,2021-08-20,350.19,354.62,349.75,354.11,354.11,1612100,Financials
GS,2021-08-23,359.49,361.47,356.91,359.1,359.1,1857600,Financials
GS,2021-08-24,361.01,366.44,360.21,365.46,365.46,1958400,Financials
GS,2021-08-25,366.66,372.72,365.8,369.54,369.54,1845300,Financials
GS,2021-08-26,372.0,376.34,367.78,368.9,368.9,2076500,Financials
GS,2021-08-27,369.23,375.56,368.98,375.41,375.41,2174500,Financials
GS,2021-08-30,375.64,376.37,369.18,369.96,369.96,2089400,Financials
GS,2021-08-31,370.42,372.89,367.41,371.68,371.68,1958100,Financials
GS,2021-09-01,371.37,374.02,368.81,371.82,371.82,1680400,Financials
GS,2021-09-02,373.12,375.34,370.9,372.57,372.57,1830400,Financials
GS,2021-09-03,372.12,373.13,369.07,369.7,369.7,1373600,Financials
GS,2021-09-07,369.43,372.78,368.2,368.81,368.81,1557000,Financials
GS,2021-09-08,367.83,369.41,363.76,364.03,364.03,1646200,Financials
GS,2021-09-09,363.74,367.52,362.69,363.65,363.65,2424600,Financials
GS,2021-09-10,366.73,368.34,362.38,362.67,362.67,1956000,Financials
GS,2021-09-13,366.2,367.96,362.95,367.86,367.86,1802800,Financials
GS,2021-09-14,368.8,374.83,362.04,362.85,362.85,3263200,Financials
GS,2021-09-15,357.74,362.78,356.13,361.29,361.29,3199800,Financials
GS,2021-09-16,363.6,364.91,354.95,356.55,356.55,2882900,Financials
GS,2021-09-17,356.23,358.78,349.5,351.86,351.86,3843700,Financials
GS,2021-09-20,339.6,342.33,334.82,339.88,339.88,3834500,Financials
GS,2021-09-21,342.33,342.91,336.24,337.82,337.82,2377300,Financials
GS,2021-09-22,342.28,349.91,341.3,346.48,346.48,2991300,Financials
GS,2021-09-23,350.9,353.91,348.91,352.22,352.22,2518000,Financials
GS,2021-09-24,350.97,352.79,349.29,351.31,351.31,1789700,Financials
GS,2021-09-27,356.46,360.44,355.21,359.37,359.37,2788500,Financials
GS,2021-09-28,359.94,363.32,349.1,350.1,350.1,2609000,Financials
GS,2021-09-29,351.16,352.7,345.43,345.96,345.96,1955000,Financials
GS,2021-09-30,348.75,348.77,338.52,339.79,339.79,2665700,Financials
GS,2021-10-01,341.06,344.01,337.83,341.56,341.56,2382300,Financials
GS,2021-10-04,341.75,347.74,335.11,336.3,336.3,2895600,Financials
GS,2021-10-05,339.85,348.95,337.52,346.78,346.78,2508100,Financials
GS,2021-10-06,343.7,350.15,340.36,348.8,348.8,2111800,Financials
GS,2021-10-07,353.17,357.61,350.33,351.11,351.11,2348000,Financials
GS,2021-10-08,351.3,354.42,348.91,353.08,353.08,1446700,Financials
GS,2021-10-11,353.16,356.8,346.07,346.27,346.27,1787400,Financials
GS,2021-10-12,347.15,349.28,342.48,347.43,347.43,2088200,Financials
GS,2021-10-13,348.75,349.09,340.33,347.23,347.23,2391600,Financials
GS,2021-10-14,352.35,353.84,343.54,351.63,351.63,3380900,Financials
GS,2021-10-15,361.61,366.07,356.25,364.99,364.99,6451400,Financials
GS,2021-10-18,366.74,373.87,366.37,371.84,371.84,3832300,Financials
GS,2021-10-19,373.18,373.78,368.25,370.47,370.47,2568300,Financials
GS,2021-10-20,369.43,372.42,365.11,366.63,366.63,2453400,Financials
GS,2021-10-21,365.65,370.92,363.69,366.36,366.36,2162100,Financials
GS,2021-10-22,368.52,373.34,367.72,372.41,372.41,2411000,Financials
GS,2021-10-25,374.11,377.06,371.47,372.8,372.8,1824700,Financials
GS,2021-10-26,374.25,377.34,371.91,375.37,375.37,1843300,Financials
GS,2021-10-27,374.41,375.77,369.02,369.42,369.42,2067200,Financials
GS,2021-10-28,370.32,372.95,367.68,372.86,372.86,1444700,Financials
GS,2021-10-29,372.14,373.88,369.59,371.54,371.54,2061700,Financials
GS,2021-11-01,374.88,376.37,371.45,374.55,374.55,1820800,Financials
GS,2021-11-02,373.11,383.05,371.03,380.98,380.98,3000800,Financials
GS,2021-11-03,380.32,381.11,370.83,375.63,375.63,3542400,Financials
GS,2021-11-04,372.71,373.91,362.26,366.79,366.79,3802300,Financials
GS,2021-11-05,369.78,372.53,365.02,365.9,365.9,2105600,Financials
GS,2021-11-08,368.43,371.81,366.69,367.03,367.03,1728400,Financials
GS,2021-11-09,365.03,366.35,359.59,364.35,364.35,2246900,Financials
GS,2021-11-10,361.63,364.53,357.07,358.75,358.75,2243900,Financials
GS,2021-11-11,359.66,362.92,358.2,361.64,361.64,1252400,Financials
GS,2021-11-12,362.23,364.12,358.82,363.95,363.95,1360100,Financials
GS,2021-11-15,364.93,366.14,363.05,363.86,363.86,1436500,Financials
GS,2021-11-16,363.05,364.79,358.64,362.32,362.32,1311000,Financials
GS,2021-11-17,361.2,361.92,351.87,351.94,351.94,2927000,Financials
GS,2021-11-18,352.62,354.07,346.67,351.78,351.78,1847400,Financials
GS,2021-11-19,343.7,350.77,342.5,348.2,348.2,2610400,Financials
GS,2021-11-22,353.39,361.78,350.71,356.09,356.09,3058700,Financials
GS,2021-11-23,359.76,365.79,357.3,365.24,365.24,2402300,Financials
GS,2021-11-24,364.03,366.26,358.01,358.81,358.81,2186300,Financials
GS,2021-11-26,345.59,352.09,344.01,350.0,350.0,2687900,Financials
GS,2021-11-29,354.15,356.28,343.76,347.44,347.44,2883400,Financials
GS,2021-11-30,344.73,347.7,339.1,342.45,342.45,4570400,Financials
GS,2021-12-01,346.82,352.54,339.94,340.18,340.18,2476000,Financials
GS,2021-12-02,341.56,351.58,339.78,350.18,350.18,3343700,Financials
GS,2021-12-03,352.29,352.29,342.49,345.83,345.83,2807500,Financials
GS,2021-12-06,351.2,355.65,346.52,351.77,351.77,1990200,Financials
GS,2021-12-07,355.63,363.02,355.16,361.53,361.53,2441000,Financials
GS,2021-12-08,362.55,362.98,357.04,359.01,359.01,1635200,Financials
GS,2021-12-09,357.55,361.61,355.11,358.26,358.26,2111500,Financials
GS,2021-12-10,359.63,360.41,351.19,353.36,353.36,1893800,Financials
GS,2021-12-13,353.47,353.47,345.77,347.56,347.56,2313300,Financials
GS,2021-12-14,346.58,354.66,346.31,351.33,351.33,2788500,Financials
GS,2021-12-15,351.95,353.66,343.91,352.32,352.32,2802300,Financials
GS,2021-12-16,357.04,361.29,354.03,359.06,359.06,3578200,Financials
GS,2021-12-17,351.69,355.72,343.93,344.99,344.99,7058600,Financials
GS,2021-12-20,339.32,339.42,331.3,335.78,335.78,3735600,Financials
GS,2021-12-21,340.14,345.25,338.63,343.65,343.65,2942800,Financials
GS,2021-12-22,343.74,346.99,342.7,345.47,345.47,1487900,Financials
GS,2021-12-23,346.79,350.24,346.59,347.92,347.92,1624000,Financials
GS,2021-12-27,349.68,351.6,347.88,350.63,350.63,1430400,Financials
GS,2021-12-28,351.43,353.6,349.0,350.24,350.24,1528200,Financials
GS,2021-12-29,350.57,351.91,347.36,348.97,348.97,1327800,Financials
GS,2021-12-30,350.37,352.2,348.06,348.35,348.35,1160100,Financials
GS,2021-12-31,347.88,349.69,344.12,345.67,345.67,1601300,Financials
GS,2022-01-03,351.5,360.8,350.0,357.22,357.22,3334300,Financials
GS,2022-01-04,363.45,370.72,362.5,368.19,368.19,3916400,Financials
GS,2022-01-05,370.29,372.87,359.53,360.2,360.2,3469600,Financials
GS,2022-01-06,362.34,362.52,349.17,358.66,358.66,2960900,Financials
GS,2022-01-07,359.33,361.93,356.49,359.19,359.19,2360700,Financials
GS,2022-01-10,362.63,365.38,356.21,360.69,360.69,3009400,Financials
GS,2022-01-11,361.66,364.45,358.1,364.19,364.19,1748800,Financials
GS,2022-01-12,364.36,365.16,351.1,352.68,352.68,4158000,Financials
GS,2022-01-13,356.06,358.61,352.17,353.12,353.12,2497800,Financials
GS,2022-01-14,345.29,347.33,338.85,344.21,344.21,4685300,Financials
GS,2022-01-18,325.33,326.71,313.75,320.23,320.23,13123500,Financials
GS,2022-01-19,323.79,325.03,312.99,313.83,313.83,7426100,Financials
GS,2022-01-20,315.26,322.74,312.77,314.54,314.54,4599900,Financials
GS,2022-01-21,312.23,315.34,307.87,310.75,310.75,4904100,Financials
GS,2022-01-24,304.8,310.9,294.78,310.28,310.28,6569800,Financials
GS,2022-01-25,305.29,309.87,299.01,308.62,308.62,3959300,Financials
GS,2022-01-26,313.18,316.69,305.78,309.64,309.64,3745900,Financials
GS,2022-01-27,312.34,315.14,305.16,308.15,308.15,2573400,Financials
GS,2022-01-28,305.17,313.68,301.3,313.55,313.55,3714600,Financials
GS,2022-01-31,311.38,320.96,310.33,320.48,320.48,3312400,Financials
GS,2022-02-01,321.8,329.39,319.92,328.96,328.96,3303700,Financials
GS,2022-02-02,328.45,333.0,323.33,328.06,328.06,2742400,Financials
GS,2022-02-03,327.84,330.5,323.63,324.28,324.28,2372900,Financials
GS,2022-02-04,327.25,335.19,326.21,332.16,332.16,3762300,Financials
GS,2022-02-07,330.25,335.66,328.32,332.66,332.66,2635600,Financials
GS,2022-02-08,335.3,336.72,330.94,334.42,334.42,3422300,Financials
GS,2022-02-09,337.04,340.0,335.14,338.42,338.42,2250400,Financials
GS,2022-02-10,335.87,341.01,333.27,334.84,334.84,2406200,Financials
GS,2022-02-11,333.02,338.76,325.99,328.06,328.06,3142100,Financials
GS,2022-02-14,328.06,329.17,322.74,325.51,325.51,2585600,Financials
GS,2022-02-15,328.99,330.61,326.52,328.85,328.85,1846400,Financials
GS,2022-02-16,326.51,328.02,322.16,325.34,325.34,2165300,Financials
GS,2022-02-17,324.19,326.16,314.3,315.41,315.41,3102400,Financials
GS,2022-02-18,312.25,316.26,310.27,312.68,312.68,2910900,Financials
GS,2022-02-22,309.44,315.35,308.3,311.08,311.08,2590800,Financials
GS,2022-02-23,314.06,315.59,307.06,308.3,308.3,2217300,Financials
GS,2022-02-24,296.89,308.12,295.43,307.39,307.39,4564000,Financials
GS,2022-02-25,307.39,316.89,307.39,316.36,316.36,2980500,Financials
GS,2022-02-28,307.45,310.69,305.01,308.39,308.39,4245700,Financials
GS,2022-03-01,306.67,307.36,297.23,298.31,298.31,5631500,Financials
GS,2022-03-02,301.4,307.21,297.58,305.74,305.74,3469900,Financials
GS,2022-03-03,308.0,310.39,300.06,303.05,303.05,2393700,Financials
GS,2022-03-04,297.22,300.54,294.49,299.64,299.64,3293100,Financials
GS,2022-03-07,297.05,297.93,291.63,292.57,292.57,3689900,Financials
GS,2022-03-08,293.13,300.45,289.53,292.1,292.1,3596400,Financials
GS,2022-03-09,301.47,306.73,299.97,303.21,303.21,3202100,Financials
GS,2022-03-10,297.79,301.61,295.18,299.85,299.85,2232600,Financials
GS,2022-03-11,303.91,305.95,296.95,297.22,297.22,2613500,Financials
GS,2022-03-14,299.22,301.41,293.49,295.38,295.38,2342200,Financials
GS,2022-03-15,297.28,301.67,295.25,299.18,299.18,2140700,Financials
GS,2022-03-16,304.55,310.24,303.81,309.72,309.72,3468500,Financials
GS,2022-03-17,306.64,312.3,304.4,312.0,312.0,2403500,Financials
GS,2022-03-18,308.0,315.18,306.58,313.92,313.92,5861900,Financials
GS,2022-03-21,313.81,314.76,306.44,308.12,308.12,3401200,Financials
GS,2022-03-22,311.03,314.7,309.14,311.77,311.77,2840200,Financials
GS,2022-03-23,309.03,309.79,304.6,305.04,305.04,2196800,Financials
GS,2022-03-24,305.8,306.76,303.85,305.6,305.6,1944100,Financials
GS,2022-03-25,306.7,310.69,304.92,306.75,306.75,1580800,Financials
GS,2022-03-28,307.35,307.67,301.31,304.76,304.76,2182600,Financials
GS,2022-03-29,311.28,312.67,306.06,308.72,308.72,2378700,Financials
GS,2022-03-30,308.12,308.9,303.24,305.02,305.02,2650200,Financials
GS,2022-03-31,305.51,305.85,300.03,300.03,300.03,2632000,Financials
GS,2022-04-01,303.51,303.72,297.73,300.14,300.14,2444800,Financials
GS,2022-04-04,299.94,301.64,296.18,298.32,298.32,2569400,Financials
GS,2022-04-05,297.54,299.71,294.02,294.45,294.45,2573900,Financials
GS,2022-04-06,290.85,291.42,286.99,287.45,287.45,3151300,Financials
GS,2022-04-07,286.31,287.06,280.13,285.54,285.54,3562600,Financials
GS,2022-04-08,285.02,294.2,284.49,292.12,292.12,3294200,Financials
GS,2022-04-11,291.41,298.94,289.97,291.54,291.54,2747700,Financials
GS,2022-04-12,292.38,297.32,289.04,290.65,290.65,2365200,Financials
GS,2022-04-13,287.04,293.24,286.05,292.64,292.64,3022900,Financials
GS,2022-04-14,298.55,302.7,289.97,292.34,292.34,5460900,Financials
GS,2022-04-18,291.44,302.36,291.44,299.83,299.83,3653400,Financials
GS,2022-04-19,300.37,306.49,300.37,305.35,305.35,2774800,Financials
GS,2022-04-20,307.3,313.48,306.76,309.99,309.99,3040100,Financials
GS,2022-04-21,312.97,315.71,303.0,303.85,303.85,3097800,Financials
GS,2022-04-22,302.04,302.21,290.37,290.64,290.64,3125200,Financials
GS,2022-04-25,287.56,292.82,284.25,292.14,292.14,3093600,Financials
GS,2022-04-26,288.99,292.31,284.31,284.6,284.6,2791700,Financials
GS,2022-04-27,283.71,290.16,283.71,284.7,284.7,2469300,Financials
GS,2022-04-28,288.24,290.27,283.72,289.41,289.41,2176000,Financials
GS,2022-04-29,288.35,290.02,276.96,277.66,277.66,3129600,Financials
GS,2022-05-02,277.96,283.01,274.68,282.15,282.15,2968100,Financials
GS,2022-05-03,283.15,290.42,282.96,286.0,286.0,2606200,Financials
GS,2022-05-04,287.06,295.22,283.74,294.59,294.59,2629400,Financials
GS,2022-05-05,291.31,291.47,280.57,284.55,284.55,2622100,Financials
GS,2022-05-06,283.84,285.14,278.18,284.45,284.45,2375600,Financials
GS,2022-05-09,280.78,285.19,277.2,280.75,280.75,3234000,Financials
GS,2022-05-10,283.33,286.44,273.27,277.27,277.27,2798400,Financials
GS,2022-05-11,277.27,282.59,273.58,274.08,274.08,2320600,Financials
GS,2022-05-12,272.67,275.3,267.13,272.14,272.14,3408300,Financials
GS,2022-05-13,275.97,281.43,275.92,279.03,279.03,2152500,Financials
GS,2022-05-16,278.08,278.56,273.17,275.8,275.8,1568800,Financials
GS,2022-05-17,281.65,285.69,280.06,284.46,284.46,2096200,Financials
GS,2022-05-18,280.85,284.36,277.11,278.79,278.79,2033200,Financials
GS,2022-05-19,276.15,281.75,275.76,280.13,280.13,2108800,Financials
GS,2022-05-20,282.91,284.12,272.14,278.86,278.86,2201100,Financials
GS,2022-05-23,284.24,292.52,282.74,287.77,287.77,2653000,Financials
GS,2022-05-24,286.63,287.04,278.52,285.35,285.35,1870900,Financials
GS,2022-05-25,282.9,288.67,281.75,286.22,286.22,1929500,Financials
GS,2022-05-26,289.31,295.85,289.02,294.15,294.15,2440400,Financials
GS,2022-05-27,296.99,298.73,293.75,298.65,298.65,2106700,Financials
GS,2022-05-31,296.3,301.52,295.07,298.9,298.9,2722900,Financials
GS,2022-06-01,299.04,301.11,288.82,294.33,294.33,2330200,Financials
GS,2022-06-02,293.17,297.39,291.93,296.52,296.52,1957500,Financials
GS,2022-06-03,293.44,294.92,290.35,291.43,291.43,1238900,Financials
GS,2022-06-06,295.38,297.4,292.44,293.1,293.1,1099700,Financials
GS,2022-06-07,291.06,294.32,289.58,294.01,294.01,2516800,Financials
GS,2022-06-08,291.12,292.22,286.05,287.77,287.77,1438100,Financials
GS,2022-06-09,286.74,287.28,278.02,278.2,278.2,2896500,Financials
GS,2022-06-10,271.59,273.11,262.32,262.47,262.47,3866900,Financials
GS,2022-06-13,255.14,261.93,254.52,259.09,259.09,4218100,Financials
GS,2022-06-14,260.01,264.45,257.24,258.38,258.38,2487700,Financials
GS,2022-06-15,262.6,269.3,259.87,265.26,265.26,2725800,Financials
GS,2022-06-16,258.51,261.66,255.28,260.61,260.61,2777300,Financials
GS,2022-06-17,258.0,261.78,254.36,255.86,255.86,5234400,Financials
GS,2022-06-21,263.16,263.43,258.78,260.45,260.45,2506300,Financials
GS,2022-06-22,258.15,261.55,257.01,260.21,260.21,2463100,Financials
GS,2022-06-23,259.49,262.08,255.08,261.7,261.7,2547000,Financials
GS,2022-06-24,266.11,277.21,265.2,276.86,276.86,3984300,Financials
GS,2022-06-27,277.14,278.3,273.32,275.06,275.06,2091700,Financials
GS,2022-06-28,279.74,282.55,273.59,273.88,273.88,2276600,Financials
GS,2022-06-29,277.43,281.15,274.26,277.34,277.34,2475900,Financials
GS,2022-06-30,271.22,274.65,267.24,271.62,271.62,2669500,Financials
GS,2022-07-01,270.02,274.65,266.77,273.64,273.64,1749400,Financials
GS,2022-07-05,267.94,271.92,263.7,271.78,271.78,2480900,Financials
GS,2022-07-06,270.93,271.91,265.75,268.64,268.64,1774500,Financials
GS,2022-07-07,272.2,273.49,268.49,273.06,273.06,2046500,Financials
GS,2022-07-08,274.8,275.16,269.84,271.12,271.12,1438900,Financials
GS,2022-07-11,268.13,271.18,266.92,268.11,268.11,1519400,Financials
GS,2022-07-12,264.93,273.5,264.75,267.51,267.51,1772600,Financials
GS,2022-07-13,265.67,266.29,261.37,265.34,265.34,1884100,Financials
GS,2022-07-14,259.93,259.93,254.08,257.51,257.51,3171900,Financials
GS,2022-07-15,262.0,271.08,260.76,268.74,268.74,3457600,Financials
GS,2022-07-18,279.61,284.63,273.16,275.5,275.5,6767900,Financials
GS,2022-07-19,277.63,291.85,277.55,290.85,290.85,5641100,Financials
GS,2022-07-20,290.15,294.62,289.26,293.96,293.96,3489800,Financials
GS,2022-07-21,293.1,299.18,292.5,298.61,298.61,2518800,Financials
GS,2022-07-22,299.14,300.91,294.64,296.23,296.23,1830300,Financials
GS,2022-07-25,298.09,299.3,295.01,296.4,296.4,4024500,Financials
GS,2022-07-26,294.25,296.56,290.59,291.31,291.31,2054700,Financials
GS,2022-07-27,292.9,298.48,291.15,296.79,296.79,2081900,Financials
GS,2022-07-28,297.48,301.76,294.36,300.96,300.96,1820700,Financials
GS,2022-07-29,301.32,306.52,301.32,304.88,304.88,2112200,Financials
GS,2022-08-01,303.36,306.17,300.87,303.68,303.68,1476500,Financials
GS,2022-08-02,301.32,303.45,299.24,299.84,299.84,1862900,Financials
GS,2022-08-03,303.67,306.82,301.43,304.68,304.68,1770600,Financials
GS,2022-08-04,304.78,305.71,302.35,303.49,303.49,1533400,Financials
GS,2022-08-05,302.6,308.1,301.48,306.05,306.05,1876400,Financials
GS,2022-08-08,308.28,309.86,305.75,306.06,306.06,1460000,Financials
GS,2022-08-09,307.4,309.25,305.96,307.83,307.83,1587900,Financials
GS,2022-08-10,312.17,319.79,312.16,318.16,318.16,2459500,Financials
GS,2022-08-11,320.07,325.6,319.87,321.6,321.6,2360800,Financials
GS,2022-08-12,323.21,324.24,320.21,323.56,323.56,2369000,Financials
GS,2022-08-15,320.98,327.95,319.2,325.42,325.42,2045700,Financials
GS,2022-08-16,322.8,325.99,321.92,324.61,324.61,1740900,Financials
GS,2022-08-17,321.81,325.18,320.77,323.49,323.49,1576300,Financials
GS,2022-08-18,322.5,324.73,320.85,324.2,324.2,1102200,Financials
GS,2022-08-19,320.98,321.77,317.78,319.4,319.4,1812300,Financials
GS,2022-08-22,313.16,315.07,311.62,313.14,313.14,1723900,Financials
GS,2022-08-23,312.71,314.65,310.04,311.09,311.09,1538000,Financials
GS,2022-08-24,310.03,314.87,309.54,312.7,312.7,1530800,Financials
GS,2022-08-25,314.99,317.2,312.85,316.86,316.86,1763900,Financials
GS,2022-08-26,318.55,318.92,307.27,307.63,307.63,1703900,Financials
GS,2022-08-29,305.36,307.63,303.62,305.36,305.36,1835600,Financials
GS,2022-08-30,306.35,307.27,302.86,305.1,305.1,1830300,Financials
GS,2022-08-31,305.49,308.79,303.76,306.52,306.52,2488000,Financials
GS,2022-09-01,303.94,307.46,299.1,307.28,307.28,1575100,Financials
GS,2022-09-02,308.37,313.57,304.03,305.42,305.42,2215400,Financials
GS,2022-09-06,306.19,307.05,298.03,300.82,300.82,1578100,Financials
GS,2022-09-07,298.76,306.05,297.84,304.57,304.57,1496600,Financials
GS,2022-09-08,304.32,309.41,301.62,309.01,309.01,1755600,Financials
GS,2022-09-09,311.41,314.22,310.53,313.36,313.36,1445600,Financials
GS,2022-09-12,314.8,317.3,313.35,315.65,315.65,1563200,Financials
GS,2022-09-13,309.66,310.06,301.14,302.57,302.57,2242100,Financials
GS,2022-09-14,302.63,304.91,298.07,301.53,301.53,1953300,Financials
GS,2022-09-15,302.89,308.92,301.84,305.55,305.55,1489400,Financials
GS,2022-09-16,300.72,303.14,294.65,300.57,300.57,2946800,Financials
GS,2022-09-19,295.37,303.4,295.34,302.82,302.82,1652700,Financials
GS,2022-09-20,300.1,301.11,294.85,297.85,297.85,1569900,Financials
GS,2022-09-21,299.38,303.86,295.42,295.5,295.5,1796700,Financials
GS,2022-09-22,296.98,297.97,286.74,288.32,288.32,2239900,Financials
GS,2022-09-23,283.37,285.44,274.08,278.23,278.23,2918500,Financials
GS,2022-09-26,275.49,278.35,269.33,271.46,271.46,2308800,Financials
GS,2022-09-27,274.11,275.63,265.93,268.47,268.47,2007400,Financials
GS,2022-09-28,270.89,278.64,269.47,277.14,277.14,2289700,Financials
GS,2022-09-29,273.72,275.82,268.63,272.83,272.83,1930800,Financials
GS,2022-09-30,272.73,277.42,269.69,270.01,270.01,1970800,Financials
GS,2022-10-03,273.81,277.55,268.22,275.63,275.63,1938800,Financials
GS,2022-10-04,282.68,290.38,281.83,290.12,290.12,2399500,Financials
GS,2022-10-05,282.48,285.82,279.73,284.71,284.71,1992800,Financials
GS,2022-10-06,283.22,284.78,279.57,280.72,280.72,1367400,Financials
GS,2022-10-07,280.1,281.16,275.63,277.41,277.41,1790100,Financials
GS,2022-10-10,279.76,280.76,274.97,276.91,276.91,1309600,Financials
GS,2022-10-11,274.58,278.74,270.81,271.08,271.08,2392800,Financials
GS,2022-10-12,270.88,276.21,268.78,272.09,272.09,1763800,Financials
GS,2022-10-13,267.59,284.49,265.13,282.93,282.93,2724900,Financials
GS,2022-10-14,283.29,287.12,275.56,276.41,276.41,2397600,Financials
GS,2022-10-17,280.48,287.12,280.23,282.6,282.6,3118600,Financials
GS,2022-10-18,296.38,298.97,287.47,289.18,289.18,6428600,Financials
GS,2022-10-19,288.03,290.04,283.84,287.25,287.25,2363800,Financials
GS,2022-10-20,287.56,291.2,284.71,286.38,286.38,2382300,Financials
GS,2022-10-21,286.55,300.16,285.16,299.54,299.54,3545700,Financials
GS,2022-10-24,302.68,305.2,300.23,302.86,302.86,2232600,Financials
GS,2022-10-25,302.09,307.37,300.3,306.27,306.27,1837700,Financials
GS,2022-10-26,308.22,312.05,307.87,309.3,309.3,2176700,Financials
GS,2022-10-27,312.64,315.05,310.07,310.67,310.67,1998800,Financials
GS,2022-10-28,311.91,315.65,309.59,314.95,314.95,1677100,Financials
GS,2022-10-31,314.26,318.97,313.8,317.43,317.43,2224000,Financials
GS,2022-11-01,318.0,321.28,316.74,321.18,321.18,2316600,Financials
GS,2022-11-02,320.29,329.34,319.48,322.29,322.29,3221200,Financials
GS,2022-11-03,320.18,323.1,315.66,321.44,321.44,2515600,Financials
GS,2022-11-04,326.17,330.21,323.62,329.77,329.77,3172700,Financials
GS,2022-11-07,331.71,334.43,330.34,334.06,334.06,2526900,Financials
GS,2022-11-08,333.82,338.32,333.04,335.4,335.4,3501300,Financials
GS,2022-11-09,334.42,338.29,332.51,333.54,333.54,3047200,Financials
GS,2022-11-10,340.91,350.52,340.67,348.57,348.57,3790400,Financials
GS,2022-11-11,350.13,356.58,348.97,354.89,354.89,3409100,Financials
GS,2022-11-14,353.81,356.85,350.59,352.3,352.3,2609100,Financials
GS,2022-11-15,355.64,358.95,350.73,352.78,352.78,3192400,Financials
GS,2022-11-16,353.08,355.1,350.14,352.27,352.27,2303700,Financials
GS,2022-11-17,347.5,351.71,345.53,349.92,349.92,2297600,Financials
GS,2022-11-18,351.31,352.73,347.72,349.39,349.39,2384500,Financials
GS,2022-11-21,349.11,350.84,345.91,350.32,350.32,1877500,Financials
GS,2022-11-22,351.42,355.5,351.42,353.69,353.69,2019400,Financials
GS,2022-11-23,353.72,357.68,353.27,355.89,355.89,1865400,Financials
GS,2022-11-25,355.43,358.82,354.9,358.29,358.29,1129300,Financials
GS,2022-11-28,355.13,357.86,350.95,352.3,352.3,2232200,Financials
GS,2022-11-29,351.17,354.67,349.44,353.54,353.54,1746900,Financials
GS,2022-11-30,354.74,358.13,347.88,358.13,358.13,2964100,Financials
GS,2022-12-01,358.45,358.45,352.84,355.96,355.96,1706300,Financials
GS,2022-12-02,353.83,354.76,350.94,352.96,352.96,1932300,Financials
GS,2022-12-05,351.08,351.37,342.51,344.58,344.58,2329600,Financials
GS,2022-12-06,342.67,343.49,334.18,336.57,336.57,3081900,Financials
GS,2022-12-07,336.18,338.79,332.16,333.8,333.8,2128200,Financials
GS,2022-12-08,335.76,336.28,330.22,332.09,332.09,1967800,Financials
GS,2022-12-09,330.82,335.4,330.36,333.08,333.08,1588800,Financials
GS,2022-12-12,332.55,337.59,330.48,336.82,336.82,1750400,Financials
GS,2022-12-13,347.44,351.09,338.98,341.93,341.93,3062600,Financials
GS,2022-12-14,340.38,342.06,333.36,334.23,334.23,2519700,Financials
GS,2022-12-15,328.75,330.27,322.69,324.44,324.44,3163700,Financials
GS,2022-12-16,320.04,322.54,318.49,321.21,321.21,5008800,Financials
GS,2022-12-19,321.14,323.12,317.76,319.6,319.6,1646700,Financials
GS,2022-12-20,320.88,322.21,318.56,319.49,319.49,1623000,Financials
GS,2022-12-21,322.99,325.42,321.72,324.75,324.75,1923100,Financials
GS,2022-12-22,321.97,322.79,315.21,320.5,320.5,1528900,Financials
GS,2022-12-23,319.81,322.52,318.21,320.44,320.44,1062000,Financials
GS,2022-12-27,321.36,322.51,316.99,317.15,317.15,1035000,Financials
GS,2022-12-28,315.79,317.97,314.68,316.13,316.13,1117200,Financials
GS,2022-12-29,317.59,319.63,316.48,318.51,318.51,1273600,Financials
GS,2022-12-30,316.94,318.75,314.77,318.46,318.46,1031400,Financials
GS,2023-01-03,320.43,323.3,317.93,321.09,321.09,1589700,Financials
GS,2023-01-04,322.77,324.89,320.04,322.47,322.47,1881000,Financials
GS,2023-01-05,319.27,320.09,315.46,318.81,318.81,1397800,Financials
GS,2023-01-06,322.1,323.67,316.21,322.82,322.82,3097800,Financials
GS,2023-01-09,326.34,330.63,324.14,327.38,327.38,1989000,Financials
GS,2023-01-10,327.05,331.56,325.06,331.43,331.43,1610100,Financials
GS,2023-01-11,332.83,338.98,330.36,338.03,338.03,2127000,Financials
GS,2023-01-12,339.66,343.24,336.26,343.09,343.09,2103100,Financials
GS,2023-01-13,337.11,347.18,336.06,346.86,346.86,3310200,Financials
GS,2023-01-17,338.33,340.17,319.04,324.53,324.53,14448300,Financials
GS,2023-01-18,323.04,329.04,322.56,323.76,323.76,5585200,Financials
GS,2023-01-19,320.92,326.6,320.44,325.3,325.3,3100400,Financials
GS,2023-01-20,324.48,326.69,313.67,317.03,317.03,11247200,Financials
GS,2023-01-23,316.87,324.19,311.76,323.8,323.8,4915700,Financials
GS,2023-01-24,315.33,324.88,315.33,323.05,323.05,2372000,Financials
GS,2023-01-25,319.73,324.56,318.94,324.26,324.26,1985200,Financials
GS,2023-01-26,326.2,329.24,324.15,329.21,329.21,1919200,Financials
GS,2023-01-27,326.41,330.16,326.3,328.03,328.03,2427400,Financials
GS,2023-01-30,327.65,336.04,326.83,331.52,331.52,3184500,Financials
GS,2023-01-31,333.1,339.36,330.96,339.26,339.26,2311500,Financials
GS,2023-02-01,333.04,342.17,332.72,339.17,339.17,2889400,Financials
GS,2023-02-02,341.29,345.83,338.09,342.66,342.66,2619600,Financials
GS,2023-02-03,339.09,347.39,338.92,343.1,343.1,2243100,Financials
GS,2023-02-06,342.22,344.32,339.23,343.89,343.89,1816200,Financials
GS,2023-02-07,341.45,349.0,340.68,347.23,347.23,2205500,Financials
GS,2023-02-08,345.86,350.89,344.98,347.88,347.88,1893200,Financials
GS,2023-02-09,349.68,352.13,341.11,341.28,341.28,2052500,Financials
GS,2023-02-10,340.37,345.22,338.1,344.34,344.34,1933400,Financials
GS,2023-02-13,342.3,347.84,341.29,346.88,346.88,1570600,Financials
GS,2023-02-14,346.8,349.69,342.57,344.8,344.8,2155500,Financials
GS,2023-02-15,341.98,347.2,341.53,347.17,347.17,1687200,Financials
GS,2023-02-16,343.84,347.09,342.04,343.33,343.33,1947800,Financials
GS,2023-02-17,341.34,344.13,340.24,341.76,341.76,1857300,Financials
GS,2023-02-21,340.11,340.11,333.96,334.91,334.91,2403000,Financials
GS,2023-02-22,335.39,336.66,332.06,334.7,334.7,2203800,Financials
GS,2023-02-23,336.84,341.18,333.51,337.16,337.16,1931400,Financials
GS,2023-02-24,334.03,338.68,333.44,337.44,337.44,2428600,Financials
GS,2023-02-27,341.5,343.43,338.06,339.0,339.0,2842400,Financials
GS,2023-02-28,339.44,339.45,325.83,326.13,326.13,4945600,Financials
GS,2023-03-01,326.35,329.3,323.15,323.4,323.4,2717400,Financials
GS,2023-03-02,321.31,326.72,318.04,326.08,326.08,3259800,Financials
GS,2023-03-03,327.52,334.18,326.51,333.55,333.55,2396200,Financials
GS,2023-03-06,334.45,335.2,330.41,333.51,333.51,1614200,Financials
GS,2023-03-07,332.11,332.72,322.84,323.26,323.26,2048500,Financials
GS,2023-03-08,323.37,326.63,322.41,326.26,326.26,1584600,Financials
GS,2023-03-09,326.18,330.93,318.56,319.54,319.54,3177800,Financials
GS,2023-03-10,316.53,317.52,304.53,306.07,306.07,4559700,Financials
GS,2023-03-13,298.59,304.61,293.8,294.71,294.71,5660700,Financials
GS,2023-03-14,303.36,304.86,297.92,300.91,300.91,3785900,Financials
GS,2023-03-15,290.28,291.91,284.34,291.61,291.61,6596700,Financials
GS,2023-03-16,288.63,297.33,284.82,294.32,294.32,4399100,Financials
GS,2023-03-17,289.65,289.93,281.97,283.53,283.53,6369800,Financials
GS,2023-03-20,286.55,291.62,286.07,289.12,289.12,3963700,Financials
GS,2023-03-21,296.68,299.2,294.56,296.36,296.36,3242400,Financials
GS,2023-03-22,296.36,300.98,292.82,292.99,292.99,2505900,Financials
GS,2023-03-23,294.43,300.17,292.03,294.09,294.09,2585900,Financials
GS,2023-03-24,289.7,292.13,285.23,291.96,291.96,2456700,Financials
GS,2023-03-27,297.61,299.74,296.26,297.53,297.53,2300600,Financials
GS,2023-03-28,298.05,299.47,295.28,297.44,297.44,1224300,Financials
GS,2023-03-29,301.24,301.43,297.67,299.57,299.57,1475900,Financials
GS,2023-03-30,303.16,303.45,298.79,299.97,299.97,1456300,Financials
GS,2023-03-31,302.14,305.75,301.16,305.54,305.54,2281100,Financials
GS,2023-04-03,304.64,307.29,301.84,304.99,304.99,1808800,Financials
GS,2023-04-04,305.27,305.32,299.01,301.38,301.38,1536800,Financials
GS,2023-04-05,298.55,300.96,298.31,300.33,300.33,1329300,Financials
GS,2023-04-06,299.26,301.92,298.88,301.14,301.14,1311000,Financials
GS,2023-04-10,301.14,303.56,300.13,303.53,303.53,1114400,Financials
GS,2023-04-11,304.55,307.5,302.33,305.79,305.79,1559600,Financials
GS,2023-04-12,309.85,310.18,305.61,308.47,308.47,1862400,Financials
GS,2023-04-13,308.32,310.99,305.44,310.23,310.23,1765500,Financials
GS,2023-04-14,314.34,317.24,312.28,314.71,314.71,2275700,Financials
GS,2023-04-17,313.85,318.0,311.68,317.28,317.28,3012100,Financials
GS,2023-04-18,306.37,314.36,304.63,311.89,311.89,7549500,Financials
GS,2023-04-19,311.03,314.77,309.8,314.68,314.68,2625400,Financials
GS,2023-04-20,312.87,316.94,312.28,316.38,316.38,2217900,Financials
GS,2023-04-21,316.65,319.79,313.85,319.13,319.13,2278900,Financials
GS,2023-04-24,319.44,322.31,319.01,321.28,321.28,1966300,Financials
GS,2023-04-25,318.52,320.82,316.02,317.1,317.1,2138200,Financials
GS,2023-04-26,315.32,318.14,312.58,314.37,314.37,2041900,Financials
GS,2023-04-27,317.71,320.72,316.43,319.08,319.08,1768200,Financials
GS,2023-04-28,317.63,321.41,317.3,320.8,320.8,1714100,Financials
GS,2023-05-01,321.37,324.55,317.93,318.12,318.12,1375000,Financials
GS,2023-05-02,316.66,317.48,308.24,311.39,311.39,2397600,Financials
GS,2023-05-03,310.45,312.75,306.61,306.98,306.98,1825400,Financials
GS,2023-05-04,304.46,305.42,297.56,300.08,300.08,2965100,Financials
GS,2023-05-05,303.63,306.25,301.16,305.46,305.46,2413400,Financials
GS,2023-05-08,307.91,308.52,304.2,304.98,304.98,1607300,Financials
GS,2023-05-09,303.61,305.61,301.98,303.36,303.36,1253300,Financials
GS,2023-05-10,308.17,308.17,298.04,301.28,301.28,1752200,Financials
GS,2023-05-11,298.58,300.71,297.2,299.57,299.57,1515200,Financials
GS,2023-05-12,300.81,301.91,296.4,298.43,298.43,1099100,Financials
GS,2023-05-15,299.29,301.94,297.09,300.84,300.84,1178200,Financials
GS,2023-05-16,301.24,301.77,299.37,299.66,299.66,1618900,Financials
GS,2023-05-17,301.39,308.61,301.39,308.41,308.41,2098100,Financials
GS,2023-05-18,308.24,308.8,304.19,307.85,307.85,1645400,Financials
GS,2023-05-19,308.24,310.06,303.38,304.65,304.65,1546100,Financials
GS,2023-05-22,304.65,305.76,301.17,303.5,303.5,1498900,Financials
GS,2023-05-23,302.26,305.57,301.53,302.24,302.24,1550900,Financials
GS,2023-05-24,299.27,300.68,297.78,298.72,298.72,1439100,Financials
GS,2023-05-25,297.89,303.74,297.78,302.53,302.53,1618500,Financials
GS,2023-05-26,303.31,310.92,302.64,310.12,310.12,2718700,Financials
GS,2023-05-30,310.19,310.61,306.12,309.02,309.02,1998600,Financials
GS,2023-05-31,306.89,308.0,302.89,304.85,304.85,2938000,Financials
GS,2023-06-01,305.42,305.58,295.55,297.79,297.79,3339700,Financials
GS,2023-06-02,299.52,306.14,298.4,304.61,304.61,3987700,Financials
GS,2023-06-05,303.94,304.46,301.48,302.88,302.88,1462900,Financials
GS,2023-06-06,303.46,308.77,302.5,307.58,307.58,1495600,Financials
GS,2023-06-07,308.37,317.97,307.13,316.0,316.0,3382700,Financials
GS,2023-06-08,315.63,316.55,311.85,315.74,315.74,2009500,Financials
GS,2023-06-09,315.49,316.43,312.98,316.26,316.26,1702100,Financials
GS,2023-06-12,318.53,320.09,316.57,319.52,319.52,2290800,Financials
GS,2023-06-13,320.19,324.97,319.48,322.35,322.35,1772400,Financials
GS,2023-06-14,324.5,327.28,317.39,318.51,318.51,1819400,Financials
GS,2023-06-15,317.48,323.77,315.95,319.76,319.76,3322700,Financials
GS,2023-06-16,321.3,321.32,317.28,318.41,318.41,4544900,Financials
GS,2023-06-20,315.6,315.65,309.87,311.27,311.27,3208100,Financials
GS,2023-06-21,309.13,310.59,305.81,305.95,305.95,2158700,Financials
GS,2023-06-22,304.65,305.19,300.25,300.78,300.78,2409100,Financials
GS,2023-06-23,297.94,299.02,295.6,296.2,296.2,2612000,Financials
GS,2023-06-26,296.59,298.02,293.81,293.99,293.99,2481000,Financials
GS,2023-06-27,294.03,297.11,292.29,295.01,295.01,2156800,Financials
GS,2023-06-28,293.38,296.38,292.42,295.21,295.21,2423500,Financials
GS,2023-06-29,299.15,306.35,297.65,304.09,304.09,3553600,Financials
GS,2023-06-30,306.66,306.85,303.48,303.57,303.57,2361800,Financials
GS,2023-07-03,303.45,310.03,303.45,307.4,307.4,1106800,Financials
GS,2023-07-05,304.9,305.52,300.83,301.23,301.23,2561000,Financials
GS,2023-07-06,299.3,299.9,294.44,294.59,294.59,2896900,Financials
GS,2023-07-07,294.78,298.7,294.31,296.63,296.63,2903100,Financials
GS,2023-07-10,298.04,301.25,297.41,297.86,297.86,1775800,Financials
GS,2023-07-11,300.08,302.16,296.08,302.01,302.01,2041700,Financials
GS,2023-07-12,305.49,313.74,305.18,307.2,307.2,2741300,Financials
GS,2023-07-13,308.1,309.91,306.53,309.35,309.35,2787800,Financials
GS,2023-07-14,312.46,312.92,305.9,307.0,307.0,1815200,Financials
GS,2023-07-17,306.72,308.23,305.28,307.95,307.95,1777400,Financials
GS,2023-07-18,308.05,318.35,308.05,317.43,317.43,3887400,Financials
GS,2023-07-19,318.12,325.54,311.81,320.52,320.52,6037400,Financials
GS,2023-07-20,319.21,330.99,319.21,330.22,330.22,3915000,Financials
GS,2023-07-21,331.09,334.19,326.38,331.26,331.26,3217400,Financials
GS,2023-07-24,332.08,340.35,331.3,337.82,337.82,3517500,Financials
GS,2023-07-25,336.4,339.6,333.16,333.84,333.84,2893000,Financials
GS,2023-07-26,333.64,339.07,333.44,336.53,336.53,2281600,Financials
GS,2023-07-27,337.07,339.33,333.34,333.66,333.66,2010800,Financials
GS,2023-07-28,335.16,335.53,330.93,332.45,332.45,1827400,Financials
GS,2023-07-31,334.01,336.19,333.2,334.94,334.94,1385500,Financials
GS,2023-08-01,333.18,336.82,332.6,336.68,336.68,2024300,Financials
GS,2023-08-02,334.11,334.11,328.35,330.45,330.45,2106600,Financials
GS,2023-08-03,329.4,334.32,328.11,332.39,332.39,1840400,Financials
GS,2023-08-04,332.56,337.63,331.78,332.44,332.44,1725300,Financials
GS,2023-08-07,334.5,336.63,333.1,334.65,334.65,1260300,Financials
GS,2023-08-08,331.01,331.3,321.91,327.78,327.78,1917300,Financials
GS,2023-08-09,326.42,327.96,322.35,322.53,322.53,1326000,Financials
GS,2023-08-10,323.83,326.83,319.81,320.38,320.38,1345900,Financials
GS,2023-08-11,319.94,321.69,317.7,320.69,320.69,1256800,Financials
GS,2023-08-14,317.56,318.54,315.16,317.87,317.87,1347000,Financials
GS,2023-08-15,313.7,314.38,311.04,312.67,312.67,1657800,Financials
GS,2023-08-16,311.1,313.34,309.62,309.75,309.75,3340300,Financials
GS,2023-08-17,310.59,314.35,304.94,308.26,308.26,3135200,Financials
GS,2023-08-18,305.24,308.35,304.19,305.82,305.82,1730500,Financials
GS,2023-08-21,306.25,307.19,300.6,303.12,303.12,1983500,Financials
GS,2023-08-22,303.51,303.66,299.59,300.04,300.04,1810300,Financials
GS,2023-08-23,301.76,303.48,299.3,303.37,303.37,1429000,Financials
GS,2023-08-24,303.2,308.23,300.72,301.14,301.14,1185600,Financials
GS,2023-08-25,301.93,303.74,299.47,301.32,301.32,1159600,Financials
GS,2023-08-28,302.44,307.39,302.44,306.8,306.8,1440100,Financials
GS,2023-08-29,306.41,313.13,305.58,312.99,312.99,1831700,Financials
GS,2023-08-30,313.18,314.99,310.95,311.83,311.83,1131500,Financials
GS,2023-08-31,312.62,313.64,309.35,311.01,311.01,1271100,Financials
GS,2023-09-01,312.87,314.72,309.58,310.71,310.71,1201400,Financials
GS,2023-09-05,310.66,311.74,306.19,307.25,307.25,1846000,Financials
GS,2023-09-06,305.88,307.62,303.03,304.76,304.76,2120800,Financials
GS,2023-09-07,304.28,307.69,303.81,305.55,305.55,1471100,Financials
GS,2023-09-08,305.51,309.35,305.26,308.93,308.93,2026400,Financials
GS,2023-09-11,311.53,313.32,307.76,308.1,308.1,1283100,Financials
GS,2023-09-12,307.49,318.19,307.49,314.03,314.03,2054700,Financials
GS,2023-09-13,316.5,319.83,313.96,317.91,317.91,2165000,Financials
GS,2023-09-14,321.72,327.53,319.68,327.01,327.01,2822700,Financials
GS,2023-09-15,327.56,328.54,324.44,325.08,325.08,3063900,Financials
GS,2023-09-18,325.08,326.71,321.98,325.82,325.82,1356600,Financials
GS,2023-09-19,325.95,327.39,320.74,324.46,324.46,1660200,Financials
GS,2023-09-20,325.15,326.28,319.15,319.54,319.54,1224400,Financials
GS,2023-09-21,317.45,317.63,313.26,313.41,313.41,1685100,Financials
GS,2023-09-22,313.27,314.64,310.17,311.18,311.18,1669100,Financials
GS,2023-09-25,310.4,312.51,308.7,312.08,312.08,833300,Financials
GS,2023-09-26,309.01,310.74,305.99,307.31,307.31,1481800,Financials
GS,2023-09-27,308.42,308.43,302.72,305.54,305.54,1493000,Financials
GS,2023-09-28,303.89,310.18,303.89,308.62,308.62,1389600,Financials
GS,2023-09-29,310.52,311.24,305.84,307.08,307.08,1403900,Financials
GS,2023-10-02,305.62,307.09,300.94,302.27,302.27,1303800,Financials
GS,2023-10-03,299.2,299.59,288.87,290.52,290.52,3118600,Financials
GS,2023-10-04,289.31,293.31,288.01,292.87,292.87,1872000,Financials
GS,2023-10-05,291.69,294.72,288.7,294.67,294.67,1584600,Financials
GS,2023-10-06,292.41,299.25,291.51,296.55,296.55,1595100,Financials
GS,2023-10-09,293.16,297.5,292.65,296.68,296.68,1094400,Financials
GS,2023-10-10,298.44,300.7,296.37,298.73,298.73,1193800,Financials
GS,2023-10-11,299.35,300.49,295.72,297.07,297.07,1672500,Financials
GS,2023-10-12,298.14,298.23,292.32,294.06,294.06,1727700,Financials
GS,2023-10-13,296.1,300.06,292.46,293.53,293.53,1785200,Financials
GS,2023-10-16,297.22,299.8,294.44,298.37,298.37,2273900,Financials
GS,2023-10-17,297.41,300.06,290.32,293.59,293.59,4123000,Financials
GS,2023-10-18,291.35,291.56,286.11,286.57,286.57,3460300,Financials
GS,2023-10-19,286.57,289.78,283.41,283.94,283.94,3211800,Financials
GS,2023-10-20,283.29,287.79,282.91,284.76,284.76,2329000,Financials
GS,2023-10-23,283.09,288.08,282.99,283.97,283.97,2959800,Financials
GS,2023-10-24,284.71,287.65,283.84,283.93,283.93,1697100,Financials
GS,2023-10-25,283.38,284.71,279.99,281.63,281.63,1809300,Financials
GS,2023-10-26,281.82,284.84,279.75,281.85,281.85,2011200,Financials
GS,2023-10-27,282.38,283.07,274.61,275.13,275.13,2601700,Financials
GS,2023-10-30,278.49,286.43,278.34,285.5,285.5,3065200,Financials
GS,2023-10-31,286.3,288.78,285.37,288.13,288.13,2611000,Financials
GS,2023-11-01,287.87,292.54,287.4,291.5,291.5,2345400,Financials
GS,2023-11-02,293.9,298.51,292.3,297.77,297.77,2597000,Financials
GS,2023-11-03,302.23,312.54,301.72,310.92,310.92,3742000,Financials
GS,2023-11-06,310.01,312.14,305.68,307.4,307.4,2087600,Financials
GS,2023-11-07,305.71,309.75,304.91,307.44,307.44,1505000,Financials
GS,2023-11-08,307.44,310.01,307.17,308.02,308.02,1484400,Financials
GS,2023-11-09,309.38,310.0,303.37,304.43,304.43,1787900,Financials
GS,2023-11-10,306.84,309.44,305.26,308.92,308.92,1781400,Financials
GS,2023-11-13,307.64,311.96,307.04,310.25,310.25,1403300,Financials
GS,2023-11-14,316.53,324.36,315.52,321.46,321.46,3592700,Financials
GS,2023-11-15,322.57,323.69,318.25,320.39,320.39,2534500,Financials
GS,2023-11-16,320.54,322.43,317.93,319.51,319.51,1620400,Financials
GS,2023-11-17,322.2,323.1,320.89,321.9,321.9,1465200,Financials
GS,2023-11-20,322.67,323.92,320.3,322.15,322.15,3146000,Financials
GS,2023-11-21,321.11,321.81,317.5,317.9,317.9,1900900,Financials
GS,2023-11-22,319.77,321.64,318.28,321.38,321.38,1235200,Financials
GS,2023-11-24,321.53,322.93,320.43,321.86,321.86,460100,Financials
GS,2023-11-27,321.9,322.69,318.63,320.5,320.5,1250500,Financials
GS,2023-11-28,320.18,321.15,317.8,320.44,320.44,1419000,Financials
GS,2023-11-29,322.45,328.7,321.98,325.57,325.57,2038100,Financials
GS,2023-11-30,326.93,329.87,325.41,326.79,326.79,1903600,Financials
GS,2023-12-01,326.72,333.83,325.72,333.39,333.39,3623300,Financials
GS,2023-12-04,331.35,335.36,330.38,334.3,334.3,2178100,Financials
GS,2023-12-05,331.63,331.85,325.84,326.99,326.99,2429700,Financials
GS,2023-12-06,328.68,332.02,326.85,327.2,327.2,1869300,Financials
GS,2023-12-07,328.87,329.81,327.23,329.74,329.74,2162400,Financials
GS,2023-12-08,329.44,337.08,328.94,335.68,335.68,2238800,Financials
GS,2023-12-11,336.27,337.79,333.98,336.57,336.57,1636000,Financials
GS,2023-12-12,336.24,338.71,334.49,337.38,337.38,1597600,Financials
GS,2023-12-13,337.7,347.18,336.42,347.07,347.07,2876500,Financials
GS,2023-12-14,350.68,369.52,349.24,366.91,366.91,5376300,Financials
GS,2023-12-15,363.77,369.24,362.94,364.08,364.08,4522300,Financials
GS,2023-12-18,364.8,366.23,359.68,360.15,360.15,2740900,Financials
GS,2023-12-19,359.77,367.2,358.38,365.94,365.94,2091800,Financials
GS,2023-12-20,364.29,368.5,360.96,361.22,361.22,1836500,Financials
GS,2023-12-21,363.64,365.02,360.73,364.14,364.14,1301600,Financials
GS,2023-12-22,365.51,366.93,363.03,364.21,364.21,1538200,Financials
GS,2023-12-26,364.21,366.09,363.64,365.13,365.13,837300,Financials
GS,2023-12-27,364.74,369.09,363.89,367.88,367.88,1367200,Financials
GS,2023-12-28,367.92,371.02,367.07,369.73,369.73,1024700,Financials
GS,2023-12-29,368.92,369.95,367.01,369.11,369.11,881300,Financials
GS,2024-01-02,366.46,372.34,365.69,371.53,371.53,2263100,Financials
GS,2024-01-03,367.3,368.76,360.49,365.31,365.31,2265300,Financials
GS,2024-01-04,366.99,370.38,365.46,366.41,366.41,1618300,Financials
GS,2024-01-05,365.43,372.65,364.63,369.75,369.75,2913900,Financials
GS,2024-01-08,369.3,372.28,365.53,372.07,372.07,1902600,Financials
GS,2024-01-09,367.99,369.29,365.29,367.17,367.17,1708800,Financials
GS,2024-01-10,364.88,366.51,362.19,365.47,365.47,1547300,Financials
GS,2024-01-11,364.44,364.53,358.5,363.35,363.35,2209900,Financials
GS,2024-01-12,366.79,369.19,360.32,361.44,361.44,2223800,Financials
GS,2024-01-16,362.02,368.39,358.16,364.02,364.02,3926600,Financials
GS,2024-01-17,359.0,363.78,357.98,360.89,360.89,2415100,Financials
GS,2024-01-18,363.91,365.16,358.39,360.64,360.64,1771200,Financials
GS,2024-01-19,360.46,366.75,356.0,365.7,365.7,2603300,Financials
GS,2024-01-22,369.68,375.77,367.96,369.29,369.29,2922700,Financials
GS,2024-01-23,363.57,366.81,362.28,364.33,364.33,3313300,Financials
GS,2024-01-24,365.32,368.0,362.81,363.02,363.02,2235800,Financials
GS,2024-01-25,366.17,370.01,365.52,366.18,366.18,2376300,Financials
GS,2024-01-26,362.3,364.45,360.48,361.48,361.48,3464700,Financials
GS,2024-01-29,359.66,364.4,358.08,364.13,364.13,1632300,Financials
GS,2024-01-30,367.42,371.17,365.11,370.17,370.17,3897900,Financials
GS,2024-01-31,369.33,376.9,367.13,367.43,367.43,3421100,Financials
GS,2024-02-01,367.83,372.72,362.44,367.28,367.28,2138500,Financials
GS,2024-02-02,365.31,371.95,364.17,371.11,371.11,2180900,Financials
GS,2024-02-05,367.99,368.69,364.55,366.48,366.48,2231100,Financials
GS,2024-02-06,366.48,370.12,366.46,368.37,368.37,1487800,Financials
GS,2024-02-07,368.67,370.36,365.98,369.96,369.96,1963200,Financials
GS,2024-02-08,369.33,371.35,364.87,368.41,368.41,1913700,Financials
GS,2024-02-09,368.16,369.46,366.07,367.67,367.67,2028200,Financials
GS,2024-02-12,368.38,379.24,367.73,375.69,375.69,2797200,Financials
GS,2024-02-13,370.85,372.36,359.0,362.4,362.4,3030800,Financials
GS,2024-02-14,364.43,365.01,359.55,361.72,361.72,2041300,Financials
GS,2024-02-15,363.04,370.49,362.77,368.78,368.78,2218900,Financials
GS,2024-02-16,366.69,370.85,364.5,367.84,367.84,2376800,Financials
GS,2024-02-20,364.5,368.93,364.41,367.92,367.92,2358900,Financials
GS,2024-02-21,365.35,371.88,364.8,371.51,371.51,1772500,Financials
GS,2024-02-22,372.42,378.52,372.2,373.61,373.61,2326800,Financials
GS,2024-02-23,373.16,379.66,372.4,374.17,374.17,2247400,Financials
GS,2024-02-26,374.17,378.96,372.03,373.37,373.37,1797800,Financials
GS,2024-02-27,375.32,378.81,372.52,373.94,373.94,1724900,Financials
GS,2024-02-28,373.1,378.95,372.91,378.87,378.87,2572900,Financials
GS,2024-02-29,380.83,381.57,371.63,374.89,374.89,3139100,Financials
GS,2024-03-01,375.45,376.81,371.23,373.97,373.97,1697700,Financials
GS,2024-03-04,374.66,382.14,372.14,377.97,377.97,1955100,Financials
GS,2024-03-05,376.5,383.02,376.1,376.68,376.68,2697800,Financials
GS,2024-03-06,380.62,380.9,370.52,375.39,375.39,2692400,Financials
GS,2024-03-07,377.64,380.15,372.97,374.29,374.29,2033100,Financials
GS,2024-03-08,374.58,381.22,372.63,372.9,372.9,1657200,Financials
GS,2024-03-11,371.63,372.35,367.54,372.1,372.1,1654200,Financials
GS,2024-03-12,373.51,374.97,369.81,374.05,374.05,1703900,Financials
GS,2024-03-13,374.75,380.86,374.05,378.03,378.03,2370600,Financials
GS,2024-03-14,380.07,381.95,371.42,374.47,374.47,3029500,Financials
GS,2024-03-15,374.72,376.89,372.34,373.12,373.12,3763900,Financials
GS,2024-03-18,374.5,374.87,369.45,370.38,370.38,2069000,Financials
GS,2024-03-19,370.09,376.56,369.74,374.51,374.51,1858200,Financials
GS,2024-03-20,372.3,382.07,371.95,382.04,382.04,2157400,Financials
GS,2024-03-21,385.22,398.95,384.56,398.65,398.65,4613800,Financials
GS,2024-03-22,399.32,401.59,391.01,392.01,392.01,2190300,Financials
GS,2024-03-25,392.06,395.52,389.16,390.2,390.2,1683900,Financials
GS,2024-03-26,391.31,394.43,389.8,391.4,391.4,1407000,Financials
GS,2024-03-27,394.71,400.37,393.51,400.14,400.14,2353600,Financials
GS,2024-03-28,401.06,403.94,399.88,402.49,402.49,2409700,Financials
GS,2024-04-01,401.51,402.74,397.0,398.46,398.46,1863900,Financials
GS,2024-04-02,395.79,398.13,392.78,395.22,395.22,1976000,Financials
GS,2024-04-03,396.04,401.47,396.04,398.93,398.93,1549200,Financials
GS,2024-04-04,402.79,403.75,390.93,391.46,391.46,1704700,Financials
GS,2024-04-05,391.76,394.25,386.86,393.22,393.22,1694900,Financials
GS,2024-04-08,394.21,397.51,392.72,395.6,395.6,1181900,Financials
GS,2024-04-09,396.53,398.18,392.23,395.76,395.76,1247200,Financials
GS,2024-04-10,389.31,390.69,382.83,386.17,386.17,1903300,Financials
GS,2024-04-11,385.9,386.86,380.47,383.01,383.01,2176200,Financials
GS,2024-04-12,378.54,379.75,373.03,375.31,375.31,2815800,Financials
GS,2024-04-15,392.19,397.84,384.18,386.29,386.29,6177000,Financials
GS,2024-04-16,389.73,390.23,380.8,382.42,382.42,3459700,Financials
GS,2024-04-17,387.75,392.3,386.58,389.21,389.21,4373800,Financials
GS,2024-04-18,390.73,393.01,387.76,388.44,388.44,2776300,Financials
GS,2024-04-19,389.35,393.15,388.34,389.3,389.3,2805500,Financials
GS,2024-04-22,392.13,402.77,389.84,402.16,402.16,4165600,Financials
GS,2024-04-23,402.51,409.87,401.05,408.57,408.57,2662300,Financials
GS,2024-04-24,406.16,409.13,404.34,407.64,407.64,1575900,Financials
GS,2024-04-25,405.67,408.19,399.75,404.76,404.76,1970100,Financials
GS,2024-04-26,404.93,412.93,404.37,412.01,412.01,2322700,Financials
GS,2024-04-29,412.01,417.56,411.65,415.13,415.13,2453000,Financials
GS,2024-04-30,412.9,415.69,410.49,411.18,411.18,1829900,Financials
GS,2024-05-01,411.16,417.65,409.71,411.41,411.41,2310100,Financials
GS,2024-05-02,415.51,417.87,412.59,416.83,416.83,2087500,Financials
GS,2024-05-03,419.17,426.2,419.09,422.23,422.23,2406300,Financials
GS,2024-05-06,425.67,428.21,423.68,427.52,427.52,1914300,Financials
GS,2024-05-07,428.97,431.14,426.75,427.65,427.65,2058200,Financials
GS,2024-05-08,426.68,431.71,425.96,430.68,430.68,2006700,Financials
GS,2024-05-09,430.09,439.82,430.09,438.98,438.98,2710200,Financials
GS,2024-05-10,439.9,442.05,437.78,438.18,438.18,1823900,Financials
GS,2024-05-13,439.66,440.56,436.82,437.05,437.05,1579600,Financials
GS,2024-05-14,438.28,444.96,437.49,441.78,441.78,2412900,Financials
GS,2024-05-15,444.79,449.22,444.17,449.13,449.13,2217700,Financials
GS,2024-05-16,447.47,451.21,445.45,447.61,447.61,2070300,Financials
GS,2024-05-17,449.4,451.6,447.35,450.7,450.7,1655900,Financials
GS,2024-05-20,451.16,454.32,445.76,446.09,446.09,2591500,Financials
GS,2024-05-21,445.41,454.16,445.38,453.29,453.29,2762600,Financials
GS,2024-05-22,450.35,453.21,443.02,445.55,445.55,2729500,Financials
GS,2024-05-23,447.33,447.41,440.76,441.47,441.47,2254500,Financials
GS,2024-05-24,443.1,448.32,442.39,444.39,444.39,1932200,Financials
GS,2024-05-28,443.2,446.81,442.21,443.07,443.07,1930800,Financials
GS,2024-05-29,438.28,442.04,435.21,440.53,440.53,2315700,Financials
GS,2024-05-30,439.15,441.93,433.92,436.47,436.47,2135000,Financials
GS,2024-05-31,436.01,442.81,434.42,442.57,442.57,2638300,Financials
GS,2024-06-03,444.84,444.84,436.44,441.07,441.07,1930700,Financials
GS,2024-06-04,436.73,443.72,435.48,441.38,441.38,1835000,Financials
GS,2024-06-05,443.56,448.87,443.52,447.57,447.57,1678900,Financials
GS,2024-06-06,447.7,450.32,443.04,444.1,444.1,1598000,Financials
GS,2024-06-07,441.52,447.06,440.61,441.01,441.01,1736100,Financials
GS,2024-06-10,438.5,441.44,436.54,439.69,439.69,1698600,Financials
GS,2024-06-11,437.25,438.05,429.83,430.69,430.69,1938200,Financials
GS,2024-06-12,441.67,443.65,432.55,434.98,434.98,1733000,Financials
GS,2024-06-13,433.08,434.62,428.64,432.71,432.71,1849100,Financials
GS,2024-06-14,428.48,434.53,425.73,432.81,432.81,1559100,Financials
GS,2024-06-17,431.49,437.0,429.84,436.42,436.42,1531600,Financials
GS,2024-06-18,435.83,443.7,434.8,443.45,443.45,1798400,Financials
GS,2024-06-20,444.0,446.34,441.33,444.05,444.05,2080600,Financials
GS,2024-06-21,444.66,444.78,436.15,436.42,436.42,3780800,Financials
GS,2024-06-24,437.46,449.35,436.25,447.97,447.97,1882200,Financials
GS,2024-06-25,445.42,449.89,442.79,443.4,443.4,1555900,Financials
GS,2024-06-26,441.49,443.93,438.62,441.93,441.93,2131700,Financials
GS,2024-06-27,436.03,436.03,429.27,432.33,432.33,2835200,Financials
GS,2024-06-28,436.34,443.36,435.79,438.49,438.49,3839700,Financials
GS,2024-07-01,440.62,449.84,440.13,449.49,449.49,1850500,Financials
GS,2024-07-02,447.4,452.02,445.55,451.38,451.38,1491800,Financials
GS,2024-07-03,454.7,455.53,451.58,453.62,453.62,993900,Financials
GS,2024-07-05,453.18,453.29,446.07,450.54,450.54,1593800,Financials
GS,2024-07-08,453.36,460.35,449.86,450.61,450.61,2214300,Financials
GS,2024-07-09,451.37,464.65,447.47,458.38,458.38,4525100,Financials
GS,2024-07-10,458.07,465.19,455.49,464.25,464.25,1946000,Financials
GS,2024-07-11,465.33,468.39,461.71,464.58,464.58,2251400,Financials
GS,2024-07-12,466.23,468.66,463.49,465.21,465.21,2727800,Financials
GS,2024-07-15,465.57,477.93,461.75,477.18,477.18,3568200,Financials
GS,2024-07-16,478.9,491.11,476.95,487.64,487.64,3981700,Financials
GS,2024-07-17,487.63,493.91,484.16,486.83,486.83,3908900,Financials
GS,2024-07-18,484.25,488.29,469.42,471.35,471.35,3320200,Financials
GS,2024-07-19,474.17,477.54,468.42,470.11,470.11,2032700,Financials
GS,2024-07-22,469.75,474.51,467.64,472.15,472.15,1792500,Financials
GS,2024-07-23,472.19,480.65,471.42,477.11,477.11,2020500,Financials
GS,2024-07-24,474.31,480.83,470.97,471.82,471.82,1598600,Financials
GS,2024-07-25,471.19,480.95,468.46,476.68,476.68,1489700,Financials
GS,2024-07-26,480.57,488.59,480.5,483.78,483.78,2249700,Financials
GS,2024-07-29,485.12,486.66,476.05,477.66,477.66,1599500,Financials
GS,2024-07-30,483.08,493.9,483.07,490.21,490.21,2642500,Financials
GS,2024-07-31,489.43,501.45,489.43,493.47,493.47,2658900,Financials
GS,2024-08-01,494.41,498.31,479.56,484.83,484.83,4006800,Financials
GS,2024-08-02,476.09,479.35,452.93,456.25,456.25,6115500,Financials
GS,2024-08-05,433.91,449.02,424.0,444.99,444.99,4177200,Financials
GS,2024-08-06,446.92,460.72,443.45,455.85,455.85,2209300,Financials
GS,2024-08-07,464.74,473.62,458.13,458.55,458.55,2587600,Financials
GS,2024-08-08,463.26,472.82,462.58,470.92,470.92,1936400,Financials
GS,2024-08-09,470.19,476.96,467.46,475.27,475.27,1622700,Financials
GS,2024-08-12,475.27,477.8,468.96,470.66,470.66,1839300,Financials
GS,2024-08-13,475.3,478.19,471.6,476.9,476.9,1243700,Financials
GS,2024-08-14,477.83,484.09,473.47,483.46,483.46,1545600,Financials
GS,2024-08-15,489.56,491.42,483.03,483.77,483.77,1732300,Financials
GS,2024-08-16,481.86,489.48,481.81,488.85,488.85,1587000,Financials
GS,2024-08-19,489.56,492.26,486.52,489.25,489.25,1027900,Financials
GS,2024-08-20,488.47,488.75,481.32,482.14,482.14,2122700,Financials
GS,2024-08-21,484.23,485.47,478.93,481.29,481.29,917100,Financials
GS,2024-08-22,481.81,484.43,479.67,482.54,482.54,943800,Financials
GS,2024-08-23,487.38,496.78,484.57,493.85,493.85,1751800,Financials
GS,2024-08-26,496.68,497.8,489.87,492.35,492.35,1084200,Financials
GS,2024-08-27,492.32,495.85,491.11,491.76,491.76,977900,Financials
GS,2024-08-28,491.12,492.83,483.23,487.95,487.95,1568100,Financials
GS,2024-08-29,490.53,497.55,485.82,494.51,494.51,1566300,Financials
GS,2024-08-30,495.22,498.5,492.63,497.58,497.58,1838900,Financials
GS,2024-09-03,494.87,497.04,473.35,475.36,475.36,2373600,Financials
GS,2024-09-04,474.61,483.88,474.61,478.46,478.46,1509400,Financials
GS,2024-09-05,481.32,483.46,471.07,475.77,475.77,1828300,Financials
GS,2024-09-06,474.52,483.11,465.21,467.7,467.7,1995600,Financials
GS,2024-09-09,473.47,482.01,471.39,476.44,476.44,1714200,Financials
GS,2024-09-10,476.98,477.05,450.11,455.53,455.53,3583100,Financials
GS,2024-09-11,452.46,460.17,446.12,459.47,459.47,2426500,Financials
GS,2024-09-12,459.6,462.56,453.84,462.29,462.29,1480500,Financials
GS,2024-09-13,464.17,470.13,463.69,467.1,467.1,1794500,Financials
GS,2024-09-16,469.48,475.28,467.58,473.11,473.11,1500300,Financials
GS,2024-09-17,475.88,477.57,469.84,473.34,473.34,1444900,Financials
GS,2024-09-18,473.35,480.75,469.81,472.55,472.55,1699500,Financials
GS,2024-09-19,482.46,493.84,481.21,491.32,491.32,3060700,Financials
GS,2024-09-20,487.77,489.58,483.18,486.05,486.05,4452600,Financials
GS,2024-09-23,485.84,488.95,482.92,485.06,485.06,953200,Financials
GS,2024-09-24,485.23,487.16,481.83,485.65,485.65,1035400,Financials
GS,2024-09-25,486.12,489.53,478.22,478.94,478.94,1763900,Financials
GS,2024-09-26,481.73,486.02,480.25,484.58,484.58,1378100,Financials
GS,2024-09-27,486.58,492.85,483.55,486.13,486.13,1420100,Financials
GS,2024-09-30,482.6,484.19,476.76,482.82,482.82,1602500,Financials
GS,2024-10-01,482.3,482.3,472.58,478.0,478.0,1528600,Financials
GS,2024-10-02,478.97,482.57,475.83,479.77,479.77,1445100,Financials
GS,2024-10-03,477.76,478.33,472.18,474.03,474.03,1290600,Financials
GS,2024-10-04,483.33,483.99,473.93,482.86,482.86,1721600,Financials
GS,2024-10-07,482.35,486.62,478.6,482.34,482.34,1173300,Financials
GS,2024-10-08,484.66,485.97,480.54,484.24,484.24,1296700,Financials
GS,2024-10-09,485.83,493.7,482.95,492.64,492.64,1695900,Financials
GS,2024-10-10,493.74,494.22,487.18,491.21,491.21,1309000,Financials
GS,2024-10-11,495.39,505.11,495.19,503.48,503.48,2409700,Financials
GS,2024-10-14,504.8,510.08,502.71,509.77,509.77,2174900,Financials
GS,2024-10-15,525.42,527.09,502.71,509.41,509.41,4525400,Financials
GS,2024-10-16,516.84,522.91,512.92,516.7,516.7,2649000,Financials
GS,2024-10-17,518.05,522.0,515.11,515.86,515.86,2123500,Financials
GS,2024-10-18,516.24,517.59,513.79,515.38,515.38,1779200,Financials
GS,2024-10-21,514.89,516.69,504.16,504.94,504.94,1752100,Financials
GS,2024-10-22,502.81,506.73,500.2,505.43,505.43,1588000,Financials
GS,2024-10-23,502.99,507.09,500.65,504.36,504.36,1263200,Financials
GS,2024-10-24,506.11,511.96,505.33,511.48,511.48,2058200,Financials
GS,2024-10-25,514.94,515.67,498.06,499.87,499.87,1633200,Financials
GS,2024-10-28,502.6,511.56,502.19,510.58,510.58,1687100,Financials
GS,2024-10-29,508.24,514.15,508.06,511.26,511.26,1281600,Financials
GS,2024-10-30,510.4,517.61,510.08,511.38,511.38,1441600,Financials
GS,2024-10-31,509.47,511.96,501.75,504.93,504.93,2061700,Financials
GS,2024-11-01,507.09,513.56,504.2,506.45,506.45,1625000,Financials
GS,2024-11-04,505.14,505.19,497.83,498.77,498.77,1797800,Financials
GS,2024-11-05,500.26,514.36,499.87,513.88,513.88,2169900,Financials
GS,2024-11-06,553.21,583.75,552.04,581.18,581.18,8042800,Financials
GS,2024-11-07,575.35,580.23,567.08,567.71,567.71,4475600,Financials
GS,2024-11-08,571.86,580.37,566.87,574.63,574.63,2714000,Financials
GS,2024-11-11,584.03,592.07,581.37,587.38,587.38,2510800,Financials
GS,2024-11-12,583.2,587.14,576.78,577.88,577.88,2392900,Financials
GS,2024-11-13,579.86,588.56,577.93,579.46,579.46,1763100,Financials
GS,2024-11-14,585.1,586.59,571.68,573.99,573.99,1670500,Financials
GS,2024-11-15,578.63,580.36,572.51,578.8,578.8,2007700,Financials
GS,2024-11-18,579.94,580.29,570.2,573.39,573.39,1848900,Financials
GS,2024-11-19,565.27,570.24,561.22,566.94,566.94,2217400,Financials
GS,2024-11-20,569.33,573.2,562.3,567.48,567.48,1528600,Financials
GS,2024-11-21,571.95,585.78,570.0,581.31,581.31,2281900,Financials
GS,2024-11-22,581.42,588.94,579.68,587.81,587.81,1733700,Financials
GS,2024-11-25,593.67,596.12,583.96,588.06,588.06,2940800,Financials
GS,2024-11-26,585.23,592.11,578.28,590.46,590.46,2846500,Financials
GS,2024-11-27,592.59,597.05,588.3,590.4,590.4,1424500,Financials
GS,2024-11-29,594.18,597.52,591.99,593.46,593.46,1170200,Financials
GS,2024-12-02,595.84,599.67,589.27,589.68,589.68,1804100,Financials
GS,2024-12-03,596.78,599.19,588.78,590.04,590.04,1718100,Financials
GS,2024-12-04,590.94,592.19,584.82,586.74,586.74,1617300,Financials
GS,2024-12-05,588.52,594.43,584.42,584.86,584.86,1672800,Financials
GS,2024-12-06,585.22,588.0,582.48,587.69,587.69,1405700,Financials
GS,2024-12-09,587.01,590.94,581.85,582.24,582.24,1633200,Financials
GS,2024-12-10,578.2,584.34,572.08,573.33,573.33,2600800,Financials
GS,2024-12-11,578.32,581.84,575.16,580.71,580.71,2195300,Financials
GS,2024-12-12,580.74,584.39,576.84,579.78,579.78,1218400,Financials
GS,2024-12-13,582.12,583.1,573.38,573.77,573.77,1215000,Financials
GS,2024-12-16,576.24,576.5,567.13,574.6,574.6,1713300,Financials
GS,2024-12-17,569.22,569.98,560.84,563.19,563.19,2314100,Financials
GS,2024-12-18,565.94,567.88,533.6,539.24,539.24,3271600,Financials
GS,2024-12-19,550.21,555.66,542.53,542.91,542.91,2753300,Financials
GS,2024-12-20,543.84,561.44,542.31,554.78,554.78,4515900,Financials
GS,2024-12-23,553.7,560.21,550.56,559.36,559.36,1519500,Financials
GS,2024-12-24,562.72,571.13,559.93,571.13,571.13,913400,Financials
GS,2024-12-26,566.59,570.94,565.95,569.61,569.61,1092000,Financials
GS,2024-12-27,565.46,570.32,559.92,564.66,564.66,1486000,Financials
GS,2024-12-30,555.92,564.5,553.8,562.08,562.08,1265900,Financials
GS,2024-12-31,563.57,565.38,558.99,561.17,561.17,1055800,Financials
