Ticker,Date,Open,High,Low,Close,Adj Close,Volume,Sector,SMA_5,SMA_10,SMA_20,SMA_50,EMA_12,EMA_26,MACD,MACD_signal,Close_lag_1,Volume_lag_1,Close_lag_5,Volume_lag_5,Close_lag_10,Volume_lag_10,RSI_14,ROC_5,ROC_10,Daily_Return,Volatility_10
GS,2019-03-14,168.32,169.33,167.79,168.45,168.45,1482300,Financials,167.632,167.21599999999998,167.4895,163.896,167.41715707891984,166.47437178385462,0.9427852950652209,1.1843881400308067,168.26,1904500.0,164.44,3567800.0,167.79,2964300.0,57.09037472446723,2.4385794210654232,0.3933488288932585,0.0011292048020918877,0.007642200422253637
GS,2019-03-15,168.18,169.63,167.92,169.12,169.12,2985200,Financials,168.14600000000002,167.221,167.767,164.3552,167.67913291293218,166.67034424430983,1.0087886686223442,1.1492682457491143,168.45,1482300.0,166.55,3162700.0,169.07,2580500.0,51.45469659185368,1.5430801561092666,0.029573549417416523,0.003977441377263302,0.007340753806768002
GS,2019-03-18,169.91,173.89,169.69,172.71,172.71,3354900,Financials,169.254,167.774,167.97,164.92899999999997,168.45311246478877,167.11772615213872,1.3353863126500585,1.1864918591293032,169.12,2985200.0,167.17,2669000.0,167.18,2683600.0,62.077922077922075,3.3139917449303224,3.3078119392271788,0.02122753074739836,0.00883249226410302
GS,2019-03-19,174.77,176.11,171.27,171.56,171.56,3284900,Financials,170.02,168.21099999999998,168.1085,165.38580000000002,168.9310951625136,167.44678347420253,1.4843116883110667,1.246055824965656,172.71,3354900.0,167.73,1977400.0,167.19,2338600.0,57.76435045317218,2.28343170571752,2.6137926909504117,-0.006658560592901375,0.009346433746113417
GS,2019-03-20,170.89,170.89,165.46,165.76,165.76,5033500,Financials,169.52,168.175,167.95999999999998,165.71,168.44323436828074,167.32183655018753,1.1213978180932145,1.2211242235911677,171.56,3284900.0,168.26,1904500.0,166.12,2247500.0,45.20094562647754,-1.4857957922263187,-0.21671081146160676,-0.03380741431569134,0.014745346711035253
GS,2019-03-21,164.55,166.81,163.57,165.98,165.98,4031500,Financials,169.026,168.329,167.9175,166.0498,168.0642752346991,167.22244125017363,0.841833984525465,1.1452661757780271,165.76,5033500.0,168.45,1482300.0,164.44,3567800.0,42.309606769537076,-1.466310477886612,0.9365117976161574,0.0013272200772200815,0.014321417442525923
GS,2019-03-22,164.35,165.24,160.18,161.19,161.19,5703100,Financials,167.44,167.793,167.651,166.275,167.00669442936078,166.77559375016077,0.23110067920001143,0.962433076462424,165.98,4031500.0,169.12,2985200.0,166.55,3162700.0,36.97259678120921,-4.688978240302744,-3.218252776943864,-0.028858898662489363,0.0164176424197685
GS,2019-03-25,161.5,163.31,159.09,160.81,160.81,3751000,Financials,165.06,167.15699999999998,167.253,166.50060000000002,166.05335682484375,166.3336979168155,-0.2803410919717635,0.7138782427755865,161.19,5703100.0,172.71,3354900.0,167.17,2669000.0,36.344178082191796,-6.890162700480573,-3.804510378656445,-0.0023574663440659727,0.016246822734408174
GS,2019-03-26,162.1,164.13,160.96,162.66,162.66,2910100,Financials,163.28,166.65,166.9365,166.74739999999997,165.53130192871393,166.06157214519953,-0.5302702164856044,0.4650485509233484,160.81,3751000.0,171.56,3284900.0,167.73,1977400.0,42.8334714167357,-5.187689438097465,-3.022715077803606,0.011504259685342966,0.016836752945092275
GS,2019-03-27,162.59,163.45,161.0,162.1,162.1,2343800,Financials,162.548,166.034,166.592,166.9526,165.0034093242964,165.76812235666625,-0.7647130323698548,0.2190962342647078,162.66,2910100.0,165.76,5033500.0,168.26,1904500.0,44.91746307558644,-2.208011583011582,-3.6610008320456466,-0.0034427640477069366,0.01670006160997049
GS,2019-03-28,162.71,163.71,161.47,163.08,163.08,2343400,Financials,161.968,165.497,166.3565,167.1572,164.70750019748155,165.5690021820984,-0.8615019846168366,0.0029765904883989336,162.1,2343800.0,165.98,4031500.0,168.45,1482300.0,42.07400639561444,-1.7471984576454824,-3.187889581478165,0.0060456508328192715,0.016925472922013515
GS,2019-03-29,164.36,164.73,163.05,163.77,163.77,2632800,Financials,162.484,164.962,166.0915,167.0838,164.56326939786902,165.43574276120222,-0.8724733633331994,-0.17211340027592073,163.08,2343400.0,161.19,5703100.0,169.12,2985200.0,42.25865209471773,1.6005955704448294,-3.163434247871333,0.0042310522442972065,0.01693744898322333
GS,2019-04-01,165.49,168.98,165.16,167.83,167.83,3562600,Financials,163.888,164.474,166.124,167.05740000000003,165.0658433366584,165.6130951492613,-0.5472518126029229,-0.24714108274132118,163.77,2632800.0,160.81,3751000.0,172.71,3354900.0,50.196386488609626,4.365400161681499,-2.825545712465982,0.02479086523783347,0.017532656464141226
GS,2019-04-02,167.4,168.7,166.68,168.47,168.47,2247000,Financials,165.05,164.16500000000002,166.18800000000002,166.9852,165.58955974640327,165.82471773079752,-0.23515798439424884,-0.24474446307190673,167.83,3562600.0,162.66,2910100.0,171.56,3284900.0,50.410637465780226,3.57186769949589,-1.8011191419911365,0.003813382589525016,0.017584107801181244
GS,2019-04-03,169.97,171.54,169.36,171.34,171.34,3227900,Financials,166.898,164.723,166.44899999999998,167.053,166.47424286234124,166.23325715814585,0.24098570419539556,-0.14759842961844627,168.47,2247000.0,162.1,2343800.0,165.76,5033500.0,55.11504424778763,5.700185070943875,3.366312741312738,0.017035674007241708,0.014305961282720384
GS,2019-04-04,171.29,174.27,171.03,172.51,172.51,2582300,Financials,168.78400000000002,165.376,166.85250000000002,167.15740000000002,167.4028208835195,166.69820107235728,0.7046198111622175,0.02284521853768648,171.34,3227900.0,163.08,2343400.0,165.98,4031500.0,55.895652173913014,5.782438067206264,3.934208940836248,0.006828528072837514,0.014322782189062678
GS,2019-04-05,173.49,175.3,172.36,172.64,172.64,2447100,Financials,170.558,166.52100000000002,167.15699999999998,167.24920000000003,168.20854074759342,167.13833432625674,1.0702064213366782,0.23231745909748483,172.51,2582300.0,163.77,2632800.0,161.19,5703100.0,49.86160537761957,5.416132380777916,7.103418326198896,0.0007535795026374359,0.00876766463674019
GS,2019-04-08,172.99,173.7,171.61,172.77,172.77,1891500,Financials,171.546,167.717,167.43699999999998,167.2936,168.91030370950213,167.555494746534,1.3548089629681215,0.45681575987161216,172.64,2447100.0,167.83,3562600.0,160.81,3751000.0,52.49278945199837,2.9434546862896926,7.437348423605505,0.0007530120481928915,0.00845142079836159
GS,2019-04-09,171.66,171.96,169.63,171.14,171.14,2400900,Financials,172.07999999999998,168.565,167.60750000000002,167.3228,169.25333390804028,167.82101365419814,1.4323202538421356,0.6519166586657168,172.77,1891500.0,168.47,2247000.0,162.66,2910100.0,63.38308457711441,1.5848519024158625,5.213328415098983,-0.00943450830584025,0.00976665192774672
GS,2019-04-10,172.14,173.31,170.84,173.15,173.15,1907100,Financials,172.442,169.67000000000002,167.852,167.379,169.852820999111,168.2157533835168,1.6370676155941908,0.8489468500514117,171.14,2400900.0,171.34,3227900.0,162.1,2343800.0,66.37734125171312,1.0563791292167668,6.816779765576819,0.011744770363445234,0.009460197217402948
GS,2019-04-11,174.21,175.26,171.95,173.02,173.02,2802100,Financials,172.544,170.66400000000002,168.08049999999997,167.39880000000002,170.34007930694008,168.5716235032563,1.7684558036837927,1.032848640777888,173.15,1907100.0,172.51,2582300.0,163.08,2343400.0,84.32965757399879,0.2956350356501103,6.095168015697805,-0.0007507941091539072,0.009748672938484002
GS,2019-04-12,176.58,179.11,176.04,177.29,177.29,5096600,Financials,173.474,172.01600000000002,168.48899999999998,167.58,171.40929787510314,169.21742916968176,2.1918687054213706,1.2646526537065845,173.02,2802100.0,172.64,2447100.0,163.77,2632800.0,89.01515151515143,2.693466172381842,8.255480246687409,0.02467922783493237,0.011354196344705794
GS,2019-04-15,174.11,175.5,170.35,170.53,170.53,6617200,Financials,173.026,172.286,168.38,167.65099999999998,171.27402127893342,169.31465663859422,1.9593646403392029,1.4035950510331083,177.29,5096600.0,172.77,1891500.0,167.83,3562600.0,65.11717249327698,-1.2965213868148417,1.6087707799558926,-0.03812961813977089,0.017039364402785202
GS,2019-04-16,170.28,173.11,169.96,172.18,172.18,4852600,Financials,173.234,172.65699999999998,168.411,167.735,171.41340262063596,169.52690429499467,1.8864983256412984,1.5001757059547463,170.53,6617200.0,171.14,2400900.0,168.47,2247000.0,68.58407079646018,0.6076896108449414,2.202172493619048,0.009675716882660002,0.017218932088152162
GS,2019-04-17,172.28,177.86,172.12,177.35,177.35,4195300,Financials,174.07399999999998,173.25799999999998,168.99050000000003,167.91740000000001,172.3267252943843,170.10639286573578,2.220332428648504,1.644207050493498,172.18,4852600.0,173.15,1907100.0,171.34,3227900.0,72.78824656659211,2.425642506497261,3.5076456169020664,0.030026716227204098,0.01886435302758415
GS,2019-04-18,176.65,177.31,175.0,175.65,175.65,2874300,Financials,174.6,173.572,169.474,168.08939999999998,172.83799832601747,170.51703043123686,2.3209678947806083,1.77955921935092,177.35,4195300.0,173.02,2802100.0,172.51,2582300.0,68.37871287128712,1.5200554849150283,1.8201843371398851,-0.009585565266422291,0.01926352104986193
GS,2019-04-22,174.97,175.37,174.14,174.53,174.53,1591400,Financials,174.048,173.761,170.14100000000002,168.29940000000002,173.09830627586092,170.81428743633043,2.2840188395304892,1.880451143386834,175.65,2874300.0,177.29,5096600.0,172.64,2447100.0,61.40231449965961,-1.5567713915054404,1.094763670064891,-0.00637631653857107,0.019444774692176477
GS,2019-04-23,174.23,175.03,172.94,174.14,174.14,2120900,Financials,174.77,173.898,170.8075,168.52540000000002,173.2585668488054,171.06063651512076,2.1979303336846385,1.9439469814463952,174.53,1591400.0,170.53,6617200.0,172.77,1891500.0,59.73223480947474,2.1169295725092185,0.7929617410429968,-0.002234572852804706,0.019476359971891094
GS,2019-04-24,173.17,173.61,170.38,171.07,171.07,4606100,Financials,174.548,173.89100000000002,171.228,168.6958,172.9218642566815,171.0613301065933,1.8605341500881991,1.927264415174756,174.14,2120900.0,172.18,4852600.0,171.14,2400900.0,49.539720422775304,-0.6446741781856224,-0.04090218534532619,-0.017629493510968097,0.020124031362503767
GS,2019-04-25,170.35,172.79,169.84,171.8,171.8,2075300,Financials,173.43800000000002,173.756,171.71300000000002,168.827,172.7492697556536,171.1160463949938,1.6332233606597981,1.8684562042717645,171.07,4606100.0,177.35,4195300.0,173.15,1907100.0,48.77120110764974,-3.1294051310966964,-0.7796708056598267,0.004267259016776936,0.019781001027312933
GS,2019-04-26,172.08,173.27,170.88,173.23,173.23,1543100,Financials,172.954,173.777,172.2205,168.9834,172.8232282547838,171.27263555092017,1.5505927038636287,1.8048835041901374,171.8,2075300.0,175.65,2874300.0,173.02,2802100.0,50.97714474991719,-1.3777398235126803,0.12137325164720547,0.008323632130384118,0.01998074131923823
GS,2019-04-29,173.59,177.43,173.4,176.51,176.51,2997000,Financials,173.35,173.699,172.85750000000002,169.24220000000003,173.39042390789396,171.66058847307423,1.7298354348197336,1.789873890316057,173.23,1543100.0,174.53,1591400.0,177.29,5096600.0,55.60887822435509,1.1344754483469721,-0.439957132381974,0.0189343647174276,0.019271977879719692
GS,2019-04-30,176.53,177.42,174.15,175.66,175.66,1833000,Financials,173.654,174.212,173.249,169.38240000000002,173.73958946052565,171.95684117877244,1.7827482817532143,1.7884487686034887,176.51,2997000.0,174.14,2120900.0,170.53,6617200.0,56.94103194103196,0.8728609165039591,3.008268339881548,-0.0048155911846353705,0.014217349331602203
GS,2019-05-01,176.07,177.78,174.04,174.64,174.64,1981800,Financials,174.368,174.458,173.55749999999998,169.49939999999998,173.8781141589063,172.15559368404854,1.7225204748577596,1.775263109854343,175.66,1833000.0,171.07,4606100.0,172.18,4852600.0,52.359835286664534,2.086865026012741,1.4287373678708137,-0.00580667197996132,0.014259632363969538
GS,2019-05-02,174.39,175.91,173.27,174.86,174.86,1514700,Financials,174.98,174.209,173.7335,169.622,174.02917351907456,172.35592007782273,1.6732534412518305,1.7548611761338406,174.64,1981800.0,171.8,2075300.0,177.35,4195300.0,52.905874921036016,1.7811408614668123,-1.4040033831406729,0.001259734310582017,0.010188017347231145
GS,2019-05-03,175.73,178.07,175.44,177.02,177.02,1897600,Financials,175.738,174.346,173.959,169.82580000000002,174.48930066998616,172.7014074794655,1.7878931905206628,1.761467579011205,174.86,1514700.0,173.23,1543100.0,175.65,2874300.0,49.54314720812186,2.1878427524101074,0.7799601480216412,0.01235273933432457,0.01057612114065305
GS,2019-05-06,172.99,176.56,172.07,176.09,176.09,1927800,Financials,175.654,174.502,174.13150000000002,170.0172,174.7355621053729,172.95241433283843,1.7831477725344769,1.7658036177158596,177.02,1897600.0,176.51,2997000.0,174.53,1591400.0,61.72006745362562,-0.23794685853492092,0.8938291411218824,-0.0052536436560840505,0.01049681603950355
GS,2019-05-07,173.46,174.02,171.47,172.85,172.85,2839500,Financials,175.092,174.373,174.1355,170.09879999999998,174.4454756276232,172.9448280859615,1.5006475416617207,1.712772402505032,176.09,1927800.0,175.66,1833000.0,174.14,2120900.0,51.32358751481625,-1.599681202322667,-0.7407832778224321,-0.018399681980805327,0.012153899145100198
GS,2019-05-08,171.8,173.34,171.29,171.42,171.42,1817600,Financials,174.448,174.408,174.1495,170.14739999999998,173.9800178387581,172.83187785737175,1.1481399813863504,1.5998459182812956,172.85,2839500.0,174.64,1981800.0,171.07,4606100.0,36.25405656003711,-1.8437929454878654,0.20459461039339377,-0.008273069135088296,0.011010143749990488
GS,2019-05-09,170.19,172.5,168.82,172.0,172.0,2333400,Financials,173.876,174.428,174.092,170.20759999999999,173.6753997097184,172.77025727534422,0.9051424343741701,1.4609052214998706,171.42,1817600.0,174.86,1514700.0,171.8,2075300.0,41.075794621026915,-1.6355941896374349,0.11641443538998875,0.0033835025084587578,0.010977894442325596
GS,2019-05-10,171.44,172.4,169.74,172.36,172.36,2089400,Financials,172.94400000000002,174.34099999999998,174.05900000000003,170.299,173.4730305236079,172.73986784754095,0.7331626760669394,1.3153567124132843,172.0,2333400.0,177.02,1897600.0,173.23,1543100.0,44.48958862366689,-2.6324709072421126,-0.502222478785419,0.002093023255814064,0.010635205548498438
GS,2019-05-13,168.81,168.81,165.49,166.32,166.32,3605600,Financials,170.99,173.322,173.5105,170.24399999999997,172.37256428920665,172.26432208105643,0.1082422081502159,1.0739338115606707,172.36,2089400.0,176.09,1927800.0,176.51,2997000.0,34.569850039463375,-5.548299165199621,-5.773044020168827,-0.03504293339521947,0.01311173303851167
GS,2019-05-14,166.33,169.01,166.26,167.43,167.43,2463300,Financials,169.906,172.49899999999997,173.3555,170.24900000000002,171.61216978317486,171.90622414912633,-0.2940543659514674,0.8003361760582431,166.32,3605600.0,172.85,2839500.0,175.66,1833000.0,42.21556886227551,-3.135666763089373,-4.685187293635429,0.006673881673881832,0.013702557171528731
GS,2019-05-15,166.03,168.55,164.99,167.54,167.54,2271100,Financials,169.13,171.78900000000002,173.1235,170.25599999999997,170.98568212422487,171.58280013807993,-0.5971180138550665,0.5208453380755813,167.43,2463300.0,171.42,1817600.0,174.64,1981800.0,40.641476274165186,-2.2634465056586173,-4.065506184150247,0.0006569909813054498,0.013796748217556075
GS,2019-05-16,167.73,170.61,167.72,169.87,169.87,2008100,Financials,168.704,171.29000000000002,172.74949999999998,170.331,170.81403872049796,171.45592605377772,-0.6418873332797546,0.2882988038045141,167.54,2271100.0,172.0,2333400.0,174.86,1514700.0,42.89940828402373,-1.2383720930232545,-2.853711540661108,0.013907126656320878,0.014875583710461325
GS,2019-05-17,167.45,169.83,167.45,168.41,168.41,1928300,Financials,167.914,170.429,172.3875,170.4104,170.44418660965212,171.23030190164602,-0.7861152919938945,0.07341598464483237,169.87,2008100.0,172.36,2089400.0,177.02,1897600.0,31.45604395604407,-2.2917150150847165,-4.863857191277832,-0.008594807794195636,0.013952504897858103
GS,2019-05-20,168.12,168.71,166.83,168.25,168.25,2483400,Financials,168.3,169.645,172.0735,170.44439999999997,170.1066194389364,171.0095387978204,-0.9029193588839917,-0.12185108406093245,168.41,1928300.0,166.32,3605600.0,176.09,1927800.0,32.482269503546206,1.1604136604136617,-4.452268726219543,-0.0009500623478415626,0.014006137370529335
GS,2019-05-21,169.46,170.03,168.9,169.85,169.85,2327600,Financials,168.784,169.345,171.859,170.498,170.06713952525388,170.9236470350189,-0.8565075097650094,-0.26878236920174786,168.25,2483400.0,167.43,2463300.0,172.85,2839500.0,38.9783709157847,1.445380158872367,-1.7356089094590632,0.009509658246656727,0.013695859841616915
GS,2019-05-22,168.42,169.31,166.73,166.78,166.78,2427200,Financials,168.632,168.881,171.6445,170.479,169.56142575213792,170.6167102176101,-1.0552844654721696,-0.42608278845583225,169.85,2327600.0,167.54,2271100.0,171.42,1817600.0,33.5638730675346,-0.45362301539930705,-2.706802006766995,-0.018074771857521266,0.014545797337734053
GS,2019-05-23,164.64,164.64,161.7,163.76,163.76,3184100,Financials,167.41,168.057,171.2425,170.38899999999998,168.66889871334746,170.10880575704638,-1.4399070436989234,-0.6288476395044504,166.78,2427200.0,169.87,2008100.0,172.0,2333400.0,23.93867924528307,-3.5968681933243096,-4.79069767441861,-0.018107686772994458,0.015132146037933428
GS,2019-05-24,164.54,165.55,163.51,164.64,164.64,1637200,Financials,166.656,167.28500000000003,170.81300000000002,170.31280000000004,168.04906814206325,169.70370903430222,-1.654640892238973,-0.8340062900513551,163.76,3184100.0,168.41,1928300.0,172.36,2089400.0,27.451752658527013,-2.238584407101718,-4.478997447203548,0.005373717635564157,0.015332263927817903
GS,2019-05-28,163.78,164.9,161.56,161.6,161.6,3040000,Financials,165.32599999999996,166.813,170.0675,170.16240000000002,167.05690381251506,169.1034342910206,-2.046530478505531,-1.0765111277421902,164.64,1637200.0,168.25,2483400.0,166.32,3605600.0,27.669710202461346,-3.9524517087667244,-2.8379028379028393,-0.01846452866861026,0.012243790289250373
GS,2019-05-29,160.87,161.65,158.45,161.14,161.14,2815800,Financials,163.584,166.184,169.3415,169.931,166.14661091828197,168.5135502694635,-2.366939351181543,-1.3345967724300607,161.6,3040000.0,169.85,2327600.0,167.43,2463300.0,28.777869529314657,-5.1280541654400995,-3.7567938840112447,-0.0028465346534654046,0.01178625989378725
GS,2019-05-30,161.17,162.27,159.39,160.55,160.55,1919300,Financials,162.338,165.48499999999999,168.637,169.71079999999998,165.2855938539309,167.92365765691065,-2.638063802979758,-1.5952901785400004,161.14,2815800.0,166.78,2427200.0,167.54,2271100.0,26.372265786215465,-3.7354598872766487,-4.172137996896252,-0.00366141243639051,0.011685157777906897
GS,2019-05-31,158.33,158.43,156.22,156.37,156.37,2640100,Financials,160.86,164.135,167.7125,169.523,163.91396403024922,167.06783116380615,-3.153867133556929,-1.9070055695433863,160.55,1919300.0,163.76,3184100.0,169.87,2008100.0,21.497326203208544,-4.512701514411321,-7.94725378230412,-0.026035502958579926,0.011638015016345983
GS,2019-06-03,155.69,157.23,154.86,156.97,156.97,2857800,Financials,159.32600000000002,162.99099999999999,166.71,169.34279999999998,162.84566187174934,166.3198436701909,-3.474181798441549,-2.220440815323019,156.37,2640100.0,164.64,1637200.0,168.41,1928300.0,29.32330827067669,-4.658649173955287,-6.792945787067273,0.0038370531431859423,0.012237928506146044
GS,2019-06-04,159.53,162.8,159.13,162.7,162.7,2420800,Financials,159.546,162.43599999999998,166.0405,169.373,162.8232523530187,166.05170710202862,-3.228454749009927,-2.4220436020604006,156.97,2857800.0,161.6,3040000.0,168.25,2483400.0,41.31472640470065,0.6806930693069368,-3.2986627043090744,0.036503790533222835,0.018436849770477146
GS,2019-06-05,162.89,162.94,160.24,161.47,161.47,1967800,Financials,159.61200000000002,161.598,165.4715,169.3862,162.61505968332352,165.71232139076722,-3.0972617074436926,-2.557087223137059,162.7,2420800.0,161.14,2815800.0,169.85,2327600.0,39.29453262786596,0.20479086508626843,-4.9337650868413245,-0.007559926244621984,0.017912468244322497
GS,2019-06-06,161.14,163.44,160.5,162.64,162.64,1653500,Financials,160.03,161.184,165.0325,169.3858,162.6188966551199,165.48474202848817,-2.8658453733682734,-2.6188388531833025,161.47,1967800.0,160.55,1919300.0,166.78,2427200.0,36.7046708348657,1.301775147928974,-2.4823120278210875,0.007245928036167637,0.01763117549886093
GS,2019-06-07,162.7,163.33,161.54,162.64,162.64,1838600,Financials,161.284,161.072,164.5645,169.3966,162.622143323563,165.2740203967483,-2.651877073185318,-2.6254464971837055,162.64,1653500.0,156.37,2640100.0,163.76,3184100.0,38.787407695297276,4.009720534629402,-0.6839276990718179,0.0,0.016742935897167254
GS,2019-06-10,164.01,168.8,164.01,166.34,166.34,2372000,Financials,163.158,161.242,164.2635,169.4618,163.19412127378408,165.352981848841,-2.1588605750569343,-2.532129312758351,162.64,1838600.0,156.97,2857800.0,164.64,1637200.0,46.73727365903656,5.969293495572403,1.0325558794946676,0.022749631087063626,0.018260146501574384
GS,2019-06-11,167.35,168.05,165.81,166.86,166.86,1632200,Financials,163.99,161.768,164.2905,169.52359999999996,163.75810261627882,165.46461282300095,-1.706510206722129,-2.3670054915511067,166.34,2372000.0,162.7,2420800.0,161.6,3040000.0,44.69670095778647,2.55685310387217,3.2549504950495134,0.003126127209330365,0.016905938618583003
GS,2019-06-12,165.9,166.28,162.66,163.0,163.0,2059400,Financials,164.296,161.954,164.069,169.42699999999996,163.6414714445436,165.28204891018606,-1.6405774656424512,-2.221719886369376,166.86,1632200.0,161.47,1967800.0,161.14,2815800.0,43.47826086956522,0.9475444354988483,1.1542757850316665,-0.02313316552798761,0.018837113665757115
GS,2019-06-13,163.16,164.73,162.87,164.05,164.05,1411400,Financials,164.578,162.304,163.8945,169.3386,163.7043219915369,165.19078602795005,-1.4864640364131674,-2.074668716378134,163.0,2059400.0,162.64,1653500.0,160.55,1919300.0,50.536838208071124,0.8669454008854105,2.1800062285892263,0.006441717791411117,0.018811933104667073
GS,2019-06-14,163.91,164.67,162.22,164.23,164.23,1403900,Financials,164.89600000000002,163.09,163.6125,169.19639999999998,163.78519553130045,165.11961669254634,-1.3344211612458992,-1.926619205351687,164.05,1411400.0,162.64,1838600.0,156.37,2640100.0,49.220828582288114,0.9776192818494955,5.026539617573689,0.001097226455348821,0.01601726044861838
GS,2019-06-17,164.54,165.57,163.44,163.52,163.52,1155600,Financials,164.33200000000002,163.745,163.368,169.0166,163.74439621879267,165.00112656717255,-1.2567303483798753,-1.792641433957325,164.23,1403900.0,166.34,2372000.0,156.97,2857800.0,54.0033361134279,-1.6953228327521885,4.172771867235792,-0.004323205260914453,0.016290377923052837
GS,2019-06-18,163.38,168.92,163.38,167.07,167.07,2363000,Financials,164.37399999999997,164.182,163.30900000000003,168.9052,164.25602756974766,165.1543764510857,-0.8983488813380518,-1.6137829234334702,163.52,1155600.0,166.86,1632200.0,162.7,2420800.0,60.95308459549321,0.1258540093491467,2.685925015365709,0.02170988258317008,0.013457757435354812
GS,2019-06-19,167.39,169.33,166.91,167.64,167.64,2196800,Financials,165.302,164.799,163.1985,168.80259999999998,164.7766387128634,165.33849671396825,-0.5618580011048664,-1.4033979389677496,167.07,2363000.0,163.0,2059400.0,161.47,1967800.0,63.1053604436229,2.846625766871158,3.8211432464234862,0.003411743580534976,0.012963309705648298
GS,2019-06-20,169.23,169.82,165.9,167.69,167.69,2749300,Financials,166.03,165.304,163.244,168.7336,165.22484814165364,165.51268214256322,-0.28783400090958366,-1.1802851513561163,167.64,2196800.0,164.05,1411400.0,162.64,1653500.0,74.69458987783598,2.2188357208168252,3.105017215937056,0.00029825817227391305,0.012946214292085286
GS,2019-06-21,167.38,169.95,166.21,167.9,167.9,3365500,Financials,166.76399999999998,165.82999999999998,163.451,168.6286,165.6364099660146,165.68952050237337,-0.05311053635875851,-0.9548502283566448,167.69,2749300.0,164.23,1403900.0,162.64,1838600.0,74.25654682645366,2.234670888388246,3.2341367437284996,0.001252310811616697,0.012918516335303519
GS,2019-06-24,168.4,170.82,167.97,169.22,169.22,2069800,Financials,167.904,166.118,163.68,168.5526,166.18773150970466,165.95103750219755,0.23669400750711134,-0.7165413811838937,167.9,3365500.0,163.52,1155600.0,166.34,2372000.0,67.991169977925,3.485812133072397,1.7313935313213902,0.00786182251340084,0.011161689640144336
GS,2019-06-25,169.23,169.25,166.24,168.0,168.0,1828300,Financials,168.09,166.232,164.0,168.3668,166.46654204667317,166.1028125020348,0.3637295446383746,-0.50048719601944,169.22,2069800.0,167.07,2363000.0,166.86,1632200.0,68.02871341800113,0.5566528999820575,0.6832074793239773,-0.007209549698617201,0.011496128600732817
GS,2019-06-26,168.38,169.55,168.05,168.81,168.81,1649900,Financials,168.32399999999998,166.813,164.3835,168.3324,166.8270740394927,166.30334490929147,0.5237291302012181,-0.29564393077530843,168.0,1828300.0,167.64,2196800.0,163.0,2059400.0,67.38028169014089,0.6979241231209743,3.5644171779141143,0.004821428571428532,0.007873961878403944
GS,2019-06-27,169.29,171.04,168.6,170.79,170.79,2239200,Financials,168.94400000000002,167.487,164.8955,168.3046,167.43675495649381,166.63568973082542,0.8010652256683954,-0.07630209948656766,168.81,1649900.0,167.69,2749300.0,164.05,1411400.0,70.65382665990879,1.8486492933388998,4.108503505028938,0.011729162964279283,0.008258872449602533
GS,2019-06-28,174.37,176.38,173.89,175.32,175.32,4854900,Financials,170.428,168.596,165.84300000000002,168.26399999999998,168.649561886264,167.27897197298648,1.370589913277513,0.2130763030662485,170.79,2239200.0,167.9,3365500.0,164.23,1403900.0,71.8385214007782,4.4192972007147,6.752724837118684,0.026523801159318516,0.010774581413891107
GS,2019-07-01,178.23,179.82,176.29,177.25,177.25,2465700,Financials,172.034,169.969,166.857,168.296,169.97270621145415,168.01756664165413,1.955139569800025,0.5614889564130039,175.32,4854900.0,169.22,2069800.0,163.52,1155600.0,73.64588074647246,4.745301973761973,8.396526418786676,0.011008441706593652,0.010117116753688092
GS,2019-07-02,176.0,176.78,174.94,176.5,176.5,1621400,Financials,173.73399999999998,170.912,167.547,168.33539999999996,170.97690525584582,168.64589503856865,2.331010217277168,0.9153932085858367,177.25,2465700.0,168.0,1828300.0,167.07,2363000.0,85.7900318133617,5.059523809523814,5.644340695516847,-0.004231311706629048,0.009561818940057065
GS,2019-07-03,177.63,177.72,175.86,176.55,176.55,978800,Financials,175.28199999999998,171.803,168.301,168.3836,171.83430444725417,169.23138429497098,2.6029201522831897,1.2528985973253075,176.5,1621400.0,168.81,1649900.0,167.64,2196800.0,84.99440089585674,4.585036431491041,5.314960629921273,0.0002832861189803193,0.00968975195802556
GS,2019-07-05,177.25,178.88,176.69,178.14,178.14,1511400,Financials,176.752,172.848,169.076,168.525,172.8044114553689,169.89128175460277,2.9131297007661203,1.5849448180134702,176.55,978800.0,170.79,2239200.0,167.69,2749300.0,86.09237156201357,4.303530651677501,6.2317371339972505,0.0090059473237043,0.009587662111082246
GS,2019-07-08,176.83,177.59,175.41,176.3,176.3,1853900,Financials,176.948,173.68800000000002,169.759,168.615,173.34219430838905,170.3660016246322,2.9761926837568637,1.863194391162149,178.14,1511400.0,175.32,4854900.0,167.9,3365500.0,81.32352941176478,0.5589778690394898,5.002977963073252,-0.010328954754687203,0.010854657442923337
GS,2019-07-09,174.59,178.18,174.41,178.03,178.03,1812100,Financials,177.10399999999998,174.56900000000002,170.3435,168.71099999999998,174.06339518402152,170.93370520799277,3.129689976028743,2.116493508135468,176.3,1853900.0,177.25,2465700.0,169.22,2069800.0,79.49407965554369,0.4400564174894317,5.206240397116191,0.009812819058423017,0.01093015183459472
GS,2019-07-10,177.53,179.08,176.22,176.49,176.49,1779800,Financials,177.102,175.418,170.825,168.71059999999997,174.43671900186436,171.3452825999933,3.09143640187105,2.3114820868825845,178.03,1812100.0,176.5,1621400.0,168.0,1828300.0,72.63427109974435,-0.005665722379599725,5.053571428571435,-0.008650227489748863,0.011118901603291778
GS,2019-07-11,176.69,182.16,176.52,181.1,181.1,3691600,Financials,178.012,176.647,171.73000000000002,168.81939999999997,175.4618391554237,172.06785425925307,3.393984896170622,2.527982648740192,176.49,1779800.0,176.55,978800.0,168.81,1649900.0,77.81003732890925,2.5771736052109695,7.280374385403698,0.026120460082724062,0.012967720217944475
GS,2019-07-12,181.66,183.53,180.62,183.32,183.32,2626000,Financials,179.048,177.9,172.6935,168.993,176.6707869776662,172.90134653634544,3.769440441320768,2.776274207256307,181.1,3691600.0,178.14,1511400.0,170.79,2239200.0,79.51761102603376,2.90782530593916,7.336495110954977,0.012258420762010003,0.01298965019663555
GS,2019-07-15,183.47,183.89,179.76,181.3,181.3,2600200,Financials,180.048,178.498,173.547,169.1218,177.3829735964868,173.52346901513468,3.8595045813521267,2.9929202820754712,183.32,2626000.0,176.3,1853900.0,175.32,4854900.0,72.52050708426557,2.836074872376626,3.4109057723020975,-0.011018983198778032,0.012177727987454121
GS,2019-07-16,184.06,186.23,182.13,184.67,184.67,5283700,Financials,181.37600000000003,179.23999999999998,174.6045,169.2748,178.5040545816427,174.34913797697655,4.154916604666141,3.2253195465936053,181.3,2600200.0,178.03,1812100.0,177.25,2465700.0,78.77114256127038,3.7297084760995247,4.186177715091666,0.018587975730832706,0.012915627215913352
GS,2019-07-17,183.23,184.9,182.65,182.77,182.77,2583500,Financials,182.632,179.867,175.3895,169.4084,179.16035387677456,174.97290553423755,4.18744834253701,3.4177453057822866,184.67,5283700.0,176.49,1779800.0,176.5,1621400.0,73.22022621423831,3.5582752563884545,3.5524079320113477,-0.01028862294904409,0.013483695467660593
GS,2019-07-18,182.27,184.94,181.44,183.82,183.82,2858100,Financials,183.176,180.594,176.1985,169.62780000000004,179.87722251111694,175.62824586503478,4.248976646082156,3.583991573842261,182.77,2583500.0,181.1,3691600.0,176.55,978800.0,72.36525918297299,1.501932633903924,4.117813650523927,0.005744925315970706,0.013445964079291071
GS,2019-07-19,183.39,184.89,182.81,182.96,182.96,1822300,Financials,183.10399999999998,181.07600000000002,176.962,169.8586,180.3514959709451,176.17133876392109,4.180157207024024,3.703224700478614,183.82,2858100.0,183.32,2626000.0,178.14,1511400.0,65.00392772977231,-0.19637791839405283,2.7057370607387554,-0.004678489827004584,0.013589537953213035
GS,2019-07-22,182.86,184.11,181.92,183.37,183.37,1907100,Financials,183.518,181.783,177.7355,170.086,180.81588120618434,176.70457292955658,4.111308276627767,3.7848414157084447,182.96,1822300.0,181.3,2600200.0,176.3,1853900.0,62.78195488721814,1.141753998896844,4.010209869540549,0.0022409269785745867,0.012803344377682185
GS,2019-07-23,184.19,188.51,184.19,188.02,188.02,3330600,Financials,184.18800000000002,182.78199999999998,178.6755,170.39919999999998,181.92420717446367,177.54275271255239,4.381454461911289,3.9041640249490137,183.37,1907100.0,184.67,5283700.0,178.03,1812100.0,70.68965517241394,1.8140466778578057,5.6114138066618136,0.025358564650706183,0.014426677939255242
GS,2019-07-24,187.87,190.3,187.34,190.25,190.25,3180000,Financials,185.684,184.158,179.788,170.87779999999998,183.20509837839234,178.48403028940035,4.721068088991984,4.067544837757608,188.02,3330600.0,182.77,2583500.0,176.49,1779800.0,72.81812125249846,4.092575367948781,7.796475721004015,0.011860440378683057,0.013615963287173443
GS,2019-07-25,190.03,190.03,187.0,188.5,188.5,2776700,Financials,186.62,184.898,180.7725,171.29919999999998,184.01969862787044,179.225953971667,4.793744656203444,4.212784801446776,190.25,3180000.0,183.82,2858100.0,181.1,3691600.0,67.16368455931092,2.545968882602545,4.086140254003312,-0.009198423127463884,0.012842198221625125
GS,2019-07-26,188.9,190.43,188.83,190.35,190.35,2304500,Financials,188.098,185.60100000000003,181.75050000000002,171.7554,184.9935911466596,180.04995738117313,4.9436337654864815,4.358954594254717,188.5,2776700.0,182.96,1822300.0,183.32,2626000.0,73.2692944683671,4.039134236991693,3.8348243508618873,0.009814323607427067,0.012691771865096416
GS,2019-07-29,189.37,190.34,188.68,188.79,188.79,1372800,Financials,189.182,186.35,182.424,172.1338,185.57765404717352,180.6973679455307,4.880286101642838,4.463220895732341,190.35,2304500.0,183.37,1907100.0,181.3,2600200.0,67.92138574283817,2.955772481867247,4.131274131274121,-0.008195429472025229,0.012351256388262198
GS,2019-07-30,187.22,190.22,186.22,189.71,189.71,1644600,Financials,189.52,186.85399999999998,183.047,172.5598,186.2133995783776,181.36497031993582,4.848429258441769,4.540262568274227,188.79,1372800.0,188.02,3330600.0,184.67,5283700.0,72.482993197279,0.8988405488777884,2.7291926138517386,0.004873139467132859,0.011281960696611255
GS,2019-07-31,189.58,190.21,187.66,188.62,188.62,1991100,Financials,189.19400000000002,187.43900000000002,183.653,172.96720000000002,186.58364579708874,181.9023799258665,4.681265871222223,4.568463228863826,189.71,1644600.0,190.25,3180000.0,182.77,2583500.0,64.52859350850085,-0.8567674113009183,3.200744104612352,-0.005745611723156463,0.010778688233104116
GS,2019-08-01,187.96,188.47,180.6,181.32,181.32,3070100,Financials,187.75799999999998,187.189,183.8915,173.1966,185.77385413599816,181.85924067209862,3.914613463899542,4.437693275870969,188.62,1991100.0,188.5,2776700.0,183.82,2858100.0,46.77002583979328,-3.8090185676392663,-1.3600261125013557,-0.038702152475877494,0.016990329332861893
GS,2019-08-02,181.3,181.3,175.93,179.4,179.4,2503000,Financials,185.568,186.833,183.9545,173.44899999999998,184.79326119199843,181.67707469638762,3.1161864956108047,4.173391919818936,181.32,3070100.0,190.35,2304500.0,182.96,1822300.0,46.92158133506155,-5.752561071710005,-1.945780498469607,-0.010589013898080646,0.017224534486420386
GS,2019-08-05,176.36,176.36,171.02,172.81,172.81,2794200,Financials,182.372,185.777,183.78000000000003,173.63,182.94968254707558,181.02025434850705,1.9294281985685302,3.724599175568855,179.4,2503000.0,188.79,1372800.0,183.37,1907100.0,32.59976525821597,-8.464431378780645,-5.75884823035393,-0.03673355629877373,0.02033081058744709
GS,2019-08-06,174.43,176.58,172.14,176.53,176.53,2349400,Financials,179.73600000000002,184.628,183.70499999999998,173.8678,181.96203907829474,180.68764291528433,1.2743961630104081,3.2345585730571655,172.81,2794200.0,189.71,1644600.0,188.02,3330600.0,41.309192200557085,-6.947446101945076,-6.111052015743013,0.021526532029396472,0.019706345215095393
GS,2019-08-07,172.33,176.48,170.56,176.29,176.29,2454200,Financials,177.27,183.232,183.695,174.1616,181.08941768163402,180.36189158822623,0.7275260934077892,2.7331520771272904,176.53,2349400.0,188.62,1991100.0,190.25,3180000.0,39.27044742091764,-6.536952603117385,-7.33771353482261,-0.00135954228742996,0.018789006240350264
GS,2019-08-08,177.52,178.06,174.41,177.37,177.37,2342200,Financials,176.48,182.119,183.50849999999997,174.4862,180.51719957676724,180.14026998909836,0.37692958766888296,2.261907579235609,176.29,2454200.0,181.32,3070100.0,188.5,2776700.0,42.084395355423396,-2.178469005073891,-5.904509283819626,0.006126269215497304,0.01924817777610003
GS,2019-08-09,176.19,178.49,174.68,177.29,177.29,1790100,Financials,176.058,180.81300000000002,183.20700000000002,174.82100000000003,180.02070733418765,179.9291388787948,0.09156845539285996,1.8278397544670593,177.37,2342200.0,179.4,2503000.0,190.35,2304500.0,41.30931961120639,-1.1761426978818323,-6.861045442605729,-0.00045103456052331126,0.018579185903632493
GS,2019-08-12,174.19,174.93,171.79,172.68,172.68,1479300,Financials,176.032,179.202,182.776,175.14719999999997,178.89136774431262,179.3921656285137,-0.5007978842010914,1.3621122267334291,177.29,1790100.0,172.81,2794200.0,188.79,1372800.0,28.04808242701776,-0.07522712805971832,-8.533290958207528,-0.026002594618985797,0.019542844747245845
GS,2019-08-13,172.67,177.03,171.57,174.9,174.9,2115900,Financials,175.70600000000002,177.72099999999998,182.2875,175.50580000000002,178.27731116826453,179.05941261899417,-0.7821014507296411,0.9332694912408153,172.68,1479300.0,176.53,2349400.0,189.71,1644600.0,28.027483538505606,-0.9233558035461331,-7.806652258710667,0.012856150104239017,0.02030725536029988
GS,2019-08-14,171.2,171.3,167.14,167.57,167.57,3025100,Financials,173.962,175.616,181.52749999999997,175.6032,176.63003252699306,178.20834501758722,-1.5783124905941577,0.43095309487382066,174.9,2115900.0,176.29,2454200.0,188.62,1991100.0,24.166872377190842,-4.946395144364402,-11.160004241331789,-0.04190966266437968,0.022930218420772922
GS,2019-08-15,167.87,168.78,165.99,168.1,168.1,1981900,Financials,172.108,174.294,180.7415,175.7358,175.31771983053258,177.45957871998814,-2.1418588894555626,-0.08360930199205596,167.57,3025100.0,177.37,2342200.0,181.32,3070100.0,21.612656289869904,-5.226362970062581,-7.290977277741007,0.0031628573133615223,0.02117106640930853
GS,2019-08-16,168.83,171.95,168.8,170.88,170.88,1878700,Financials,170.826,173.442,180.1375,175.90060000000003,174.63499370275832,176.97220251850754,-2.3372088157492215,-0.5343292047434891,168.1,1981900.0,177.29,1790100.0,179.4,2503000.0,27.83964365256128,-3.615545152010824,-4.749163879598672,0.01653777513384891,0.02240979202868268
GS,2019-08-19,174.64,175.19,172.93,173.26,173.26,1646100,Financials,170.942,173.487,179.632,176.113,174.42345621002627,176.69722455417366,-2.273768344147385,-0.8822170326242683,170.88,1878700.0,172.68,1479300.0,172.81,2794200.0,30.355863386673036,0.3358813991197529,0.26040159712978905,0.01392790262172272,0.019934194850125556
GS,2019-08-20,171.56,173.08,171.12,171.36,171.36,1545600,Financials,170.23399999999998,172.97,178.79899999999998,176.2134,173.95215525463763,176.30187458719783,-2.3497193325601984,-1.1757174926114544,173.26,1646100.0,174.9,2115900.0,176.53,2349400.0,29.77975632614809,-2.024013722126927,-2.9286806775052354,-0.010966177998383841,0.018727062356134548
GS,2019-08-21,173.72,173.96,171.52,171.96,171.96,1160800,Financials,171.11200000000002,172.537,177.88449999999997,176.3154,173.64566983084723,175.9802542474054,-2.3345844165581866,-1.4074908774008008,171.36,1545600.0,167.57,3025100.0,176.29,2454200.0,36.9927737632018,2.6198006803127116,-2.4561801576946984,0.003501400560224077,0.018831626829236073
GS,2019-08-22,173.33,174.33,172.16,173.45,173.45,1275900,Financials,172.182,172.145,177.132,176.5244,173.61556677994764,175.79282800685687,-2.1772612269092235,-1.5614449473024854,171.96,1160800.0,168.1,1981900.0,177.37,2342200.0,41.631504922644126,3.1826293872694755,-2.2100693465636922,0.008664805768783257,0.018974726723287372
GS,2019-08-23,172.07,172.99,167.25,168.12,168.12,2200500,Financials,171.63,171.228,176.0205,176.6058,172.770094967648,175.2244703767193,-2.4543754090713037,-1.740031039656249,173.45,1275900.0,170.88,1878700.0,177.29,1790100.0,43.16127150772819,-1.6151685393258397,-5.172316543516264,-0.030729316805995888,0.020996163573753866
GS,2019-08-26,169.89,171.13,169.66,171.08,171.08,1441900,Financials,171.19400000000002,171.06799999999998,175.135,176.7428,172.5100803572406,174.9174725710364,-2.407392213795788,-1.8735032744841569,168.12,2200500.0,173.26,1646100.0,172.68,1479300.0,41.87294959737549,-1.2582246334987723,-0.9265693768820915,0.01760647156792783,0.020697997845515268
GS,2019-08-27,171.66,172.11,168.38,169.72,169.72,1513300,Financials,170.866,170.55,174.1355,176.8668,172.08083722535744,174.53247460281148,-2.451637377454034,-1.9891300950781325,171.08,1441900.0,171.36,1545600.0,174.9,2115900.0,40.519480519480524,-0.9570494864612589,-2.961692395654658,-0.007949497311199538,0.020220219047525405
GS,2019-08-28,168.44,172.63,168.16,171.74,171.74,1437800,Financials,170.822,170.96699999999998,173.29149999999998,176.96020000000001,172.02840072914861,174.32562463223283,-2.297223903084216,-2.0507488566793493,169.72,1513300.0,171.96,1160800.0,167.57,3025100.0,42.09047485248666,-0.12793672947196688,2.4885122635316614,0.011901956163092198,0.015196415822555693
GS,2019-08-29,173.62,176.22,173.62,175.42,175.42,1816800,Financials,171.216,171.699,172.9965,177.1158,172.5501852323565,174.40668947428964,-1.8565042419331235,-2.0118999337301045,171.74,1437800.0,173.45,1275900.0,168.1,1981900.0,47.61418729267669,1.135773998270384,4.354550862581785,0.021427739606381557,0.01633140986566831
GS,2019-08-30,176.63,176.94,175.05,175.82,175.82,1529600,Financials,172.756,172.193,172.81750000000002,177.2784,173.05323365814783,174.5113791428608,-1.4581454847129578,-1.9011490439266754,175.42,1816800.0,168.12,2200500.0,170.88,1878700.0,54.48827901658088,4.580061860575779,2.890917602996246,0.0022802417056209112,0.01576583930522234
GS,2019-09-03,173.4,173.84,169.5,171.56,171.56,2633600,Financials,172.852,172.023,172.755,177.3516,172.82350540304816,174.29275846561185,-1.4692530625636948,-1.8147698476540792,175.82,1529600.0,171.08,1441900.0,173.26,1646100.0,45.48892490545649,0.2805704933364517,-0.981184347223818,-0.024229325446479266,0.017355506276710706
GS,2019-09-04,173.74,174.26,172.49,173.94,173.94,1720600,Financials,173.696,172.281,172.62550000000002,177.44600000000003,172.9952738025792,174.26662820889987,-1.2713544063206825,-1.7060867593874,171.56,2633600.0,169.72,1513300.0,171.36,1545600.0,59.93140006236361,2.4864482677350974,1.5056022408963532,0.013872697598507733,0.01752333350651486
GS,2019-09-05,176.99,180.15,176.8,178.53,178.53,2237900,Financials,175.054,172.938,172.7375,177.6566,173.84677014064394,174.58243352675913,-0.735663386115192,-1.5120020847329585,173.94,1720600.0,171.74,1437800.0,171.96,1160800.0,64.4339883753114,3.9536508675905413,3.8206559665038275,0.026388409796481493,0.019207880961848424
GS,2019-09-06,178.54,179.56,177.25,178.67,178.67,1438800,Financials,175.704,173.45999999999998,172.8025,177.85379999999998,174.58880550362178,174.8852162284807,-0.29641072485890163,-1.2688838127581472,178.53,2237900.0,175.42,1816800.0,173.45,1275900.0,61.6303374141535,1.8526963858168877,3.0095128279042926,0.0007841819302076836,0.019153322443105573
GS,2019-09-09,180.4,184.42,179.73,182.78,182.78,2734500,Financials,177.096,174.926,173.07700000000003,178.0936,175.84898927229537,175.47001502637102,0.37897424592435414,-0.939312201021647,178.67,1438800.0,175.82,1529600.0,168.12,2200500.0,63.51504826802957,3.958594016607897,8.719961931953367,0.02300330217719826,0.015849457211514678
GS,2019-09-10,184.09,187.19,183.85,185.93,185.93,2615800,Financials,179.97,176.411,173.7395,178.3058,177.39991399963455,176.24482872812132,1.1550852715132294,-0.5204327065146718,182.78,2734500.0,171.56,2633600.0,171.08,1441900.0,69.97532218261586,8.376078339939387,8.680149637596447,0.017233833023306833,0.015826111323600015
GS,2019-09-11,185.57,186.98,183.97,186.94,186.94,1886300,Financials,182.57,178.133,174.3415,178.49960000000002,178.8676195381523,177.03706363714937,1.8305559010029242,-0.05023498501115259,185.93,2615800.0,173.94,1720600.0,169.72,1513300.0,70.30911062906725,7.473841554559035,10.146123026160737,0.00543215188511792,0.01481694876693482
GS,2019-09-12,186.57,190.35,185.51,188.61,188.61,2913800,Financials,184.58599999999998,179.82,175.39350000000002,178.7418,180.3664473015135,177.8943181825457,2.4721291189677856,0.45423783578463506,186.94,1886300.0,178.53,2237900.0,171.74,1437800.0,70.45331894225583,5.646109897496232,9.822988238034247,0.008933347598159891,0.014800097054088435
GS,2019-09-13,190.0,190.99,189.01,189.61,189.61,2722400,Financials,186.774,181.239,176.469,179.003,181.78853233204987,178.7621464653201,3.0263858667297825,0.9686674419736646,188.61,2913800.0,178.67,1438800.0,175.42,1816800.0,82.82920867705468,6.123020092908726,8.089157450689788,0.0053019458141136955,0.014224949364376786
GS,2019-09-16,187.82,189.12,186.52,187.3,187.3,2205500,Financials,187.67800000000003,182.387,177.29000000000002,179.18619999999999,182.63645043481145,179.3945800604816,3.2418703743298636,1.4233080284449044,189.61,2722400.0,182.78,2734500.0,175.82,1529600.0,75.28054862842892,2.4729182623919543,6.529405073370498,-0.01218290174568848,0.015534792281292686
GS,2019-09-17,186.07,186.37,183.26,186.17,186.17,2429100,Financials,187.726,183.848,177.9355,179.38359999999997,183.18007344484045,179.89646301896443,3.28361042587602,1.7953685079311277,187.3,2205500.0,185.93,2615800.0,171.56,2633600.0,75.82417582417578,0.12908083687408478,8.515971088831886,-0.006033101975440602,0.012262533363772874
GS,2019-09-18,185.24,187.88,183.92,187.18,187.18,2474900,Financials,187.77400000000003,185.172,178.72650000000002,179.5666,183.79544676101887,180.4359842768189,3.359462484199952,2.1081873031848923,186.17,2429100.0,186.94,1886300.0,173.94,1720600.0,75.03242542153045,0.12838343853642797,7.611820167873984,0.005425149057313394,0.012124133813079101
GS,2019-09-19,187.61,187.91,185.44,185.58,185.58,1596200,Financials,187.168,185.877,179.4075,179.7484,184.0699934131698,180.81702247853605,3.2529709346337654,2.337144029474667,187.18,2474900.0,188.61,2913800.0,178.53,2237900.0,67.663421418637,-1.6064895816764735,3.9489161485464663,-0.008547921786515644,0.011038689232609929
GS,2019-09-20,185.09,186.83,184.2,184.3,184.3,5458900,Financials,186.10600000000002,186.44,179.95,179.81240000000003,184.1053790419129,181.0750208134593,3.0303582284535935,2.4757868692704523,185.58,1596200.0,189.61,2722400.0,178.67,1438800.0,64.30499325236168,-2.800485206476455,3.1510606145407793,-0.0068972949671300965,0.011538266619473518
GS,2019-09-23,183.53,184.62,182.42,184.06,184.06,1485500,Financials,185.458,186.568,180.747,179.8272,184.09839765084936,181.2961303828327,2.8022672680166636,2.5410829490196947,184.3,5458900.0,187.3,2205500.0,182.78,2734500.0,74.39500390320057,-1.7298451681794003,0.7002954371375436,-0.0013022246337494048,0.00922313722913704
GS,2019-09-24,184.56,184.69,178.31,179.13,179.13,2837600,Financials,184.05,185.888,181.14950000000002,179.78379999999999,183.33402878148792,181.13567628040065,2.198352501087271,2.4725368594332098,184.06,1485500.0,186.17,2429100.0,185.93,2615800.0,59.211927582534585,-3.7814900359886106,-3.657290378099287,-0.026784744105183167,0.010837547624274252
GS,2019-09-25,179.31,182.01,178.87,181.1,181.1,1593400,Financials,182.834,185.304,181.7185,179.71239999999997,182.9903320458744,181.13303359296356,1.8572984529108396,2.349489178128736,179.13,2837600.0,187.18,2474900.0,186.94,1886300.0,55.02935420743638,-3.2482102788759515,-3.1239970043864362,0.010997599508736577,0.011480487820463191
GS,2019-09-26,180.25,181.05,179.44,179.54,179.54,1685500,Financials,181.626,184.397,182.1085,179.64780000000002,182.4595117311245,181.0150311045959,1.444480626528616,2.168487467808712,181.1,1593400.0,185.58,1596200.0,188.61,2913800.0,51.612903225806456,-3.2546610626145167,-4.808864853401207,-0.008614025400331293,0.010753345875751939
GS,2019-09-27,180.94,181.55,179.43,180.19,180.19,1530900,Financials,180.804,183.45499999999998,182.347,179.57519999999997,182.11035608018227,180.95391768944066,1.156438390741613,1.9660776523952923,179.54,1685500.0,184.3,5458900.0,189.61,2722400.0,44.491705657167174,-2.2300596852957155,-4.968092400189872,0.0036203631502729205,0.010588600019953254
GS,2019-09-30,180.82,180.82,178.34,178.68,178.68,1794500,Financials,179.728,182.59300000000002,182.48999999999998,179.4896,181.58260899092346,180.78547934207467,0.7971296488487951,1.732288051685993,180.19,1530900.0,184.06,1485500.0,187.3,2205500.0,33.4247828074989,-2.9229599043790078,-4.6022423918846815,-0.008380043287640748,0.010369255817970395
GS,2019-10-01,178.5,180.54,174.7,174.77,174.77,3156200,Financials,178.856,181.45300000000003,182.6505,179.31759999999997,180.53451530001215,180.33988827969878,0.1946270203133622,1.424755845411467,178.68,1794500.0,179.13,2837600.0,186.17,2429100.0,25.433992733145033,-2.4339864902584663,-6.123435569640634,-0.02188269532124465,0.011726387899148588
GS,2019-10-02,173.91,174.07,170.38,170.94,170.94,3386800,Financials,176.824,179.829,182.5005,178.97600000000003,179.0584360230872,179.64360025898037,-0.5851642358931599,1.0227718291505417,174.77,3156200.0,181.1,1593400.0,187.18,2474900.0,17.1927218715188,-5.610160132523467,-8.676140613313388,-0.02191451622131957,0.01189131046718131
GS,2019-10-03,170.39,171.05,167.27,170.07,170.07,2914500,Financials,174.93,178.278,182.07750000000001,178.57240000000002,177.67559971184303,178.93444468424107,-1.2588449723980375,0.5664484688408258,170.94,3386800.0,179.54,1685500.0,185.58,1596200.0,13.54477611940304,-5.274590620474551,-8.35758163595216,-0.00508950508950512,0.011955088243304985
GS,2019-10-04,169.86,173.51,169.04,173.14,173.14,3021100,Financials,173.51999999999998,177.16199999999998,181.801,178.2652,176.97781514079026,178.50522655948248,-1.5274114186922247,0.14767649133421568,170.07,2914500.0,180.19,1530900.0,184.3,5458900.0,24.310595065312057,-3.912536766746222,-6.055344546934361,0.018051390603869066,0.014654175876907986
GS,2019-10-07,173.13,174.63,171.99,172.8,172.8,2202200,Financials,172.344,176.036,181.302,177.91420000000002,176.33507434989943,178.082617184706,-1.7475428348065805,-0.23136737389394357,173.14,3021100.0,178.68,1794500.0,184.06,1485500.0,25.028016436309358,-3.2907991940899883,-6.117570357492119,-0.001963728774402096,0.014631437574329945
GS,2019-10-08,170.38,171.55,168.93,170.18,170.18,2654900,Financials,171.42600000000002,175.141,180.5145,177.542,175.38813983453028,177.49723813398705,-2.1090982994567753,-0.6069135590065099,172.8,2202200.0,174.77,3156200.0,179.13,2837600.0,20.04933051444678,-2.626308863077187,-4.996371350415895,-0.015162037037037113,0.013206459584472604
GS,2019-10-09,170.89,171.57,169.59,169.73,169.73,2443500,Financials,171.184,174.004,179.654,177.1424,174.51765678306407,176.92188716109914,-2.4042303780350665,-0.9663769228122212,170.18,2654900.0,170.94,3386800.0,181.1,1593400.0,20.896070510466373,-0.7078507078507101,-6.278299282164557,-0.002644259019861428,0.012017540267805773
GS,2019-10-10,170.37,173.59,170.33,172.34,172.34,2108000,Financials,171.63799999999998,173.28400000000002,178.8405,176.8168,174.18263266259265,176.58248811212883,-2.399855449536176,-1.2530726281570121,169.73,2443500.0,170.07,2914500.0,179.54,1685500.0,29.06162464985995,1.334744516963604,-4.010248412609996,0.015377364048783537,0.013790028495816092
GS,2019-10-11,175.66,178.74,175.66,176.49,176.49,3334300,Financials,172.308,172.914,178.1845,176.7202,174.53761225296302,176.57563714086,-2.038024887896995,-1.410063080105009,172.34,2108000.0,173.14,3021100.0,180.19,1530900.0,38.34308592546969,1.934850410072797,-2.053388090349073,0.02408030637112679,0.01632995288223673
GS,2019-10-14,175.75,177.77,174.97,177.47,177.47,2286100,Financials,173.24200000000002,172.79299999999998,177.693,176.6816,174.98874882943025,176.64188624153704,-1.653137412106787,-1.4586779465053645,176.49,3334300.0,172.8,2202200.0,178.68,1794500.0,47.08976157082749,2.702546296296293,-0.6771882695321252,0.005552722533854526,0.016315012501305865
GS,2019-10-15,174.18,179.56,171.25,178.02,178.02,8241900,Financials,174.81,173.118,177.2855,176.78580000000002,175.45509516336406,176.74396874216393,-1.2888735787998655,-1.4247170729642646,177.47,2286100.0,170.18,2654900.0,174.77,3156200.0,44.317343173431766,4.606886825713952,1.8595868856211117,0.003099115343438319,0.014498713379915243
GS,2019-10-16,177.77,179.88,177.71,178.85,178.85,3405800,Financials,176.63400000000001,173.909,176.869,176.8322,175.9773882151542,176.89997105755918,-0.922582842404978,-1.3242902268524075,178.02,8241900.0,169.73,2443500.0,170.94,3386800.0,48.69169510807737,5.37323985152891,4.627354627354618,0.004662397483428782,0.011830865279580268
GS,2019-10-17,179.6,180.15,176.24,178.02,178.02,2876500,Financials,177.77,174.704,176.491,176.8668,176.29163618205357,176.98293616440665,-0.6912999823530868,-1.1976921779525433,178.85,3405800.0,172.34,2108000.0,170.07,2914500.0,45.91337099811678,3.2958106069397752,4.674545775269023,-0.004640760413754497,0.01179082797139825
GS,2019-10-18,176.75,179.4,176.75,178.07,178.07,2207000,Financials,178.086,175.197,176.17950000000002,176.88080000000002,176.56523061558377,177.06345941148766,-0.49822879590388425,-1.0577995015428117,178.02,2876500.0,176.49,3334300.0,173.14,3021100.0,48.784376245516114,0.8952348574990054,2.8474067228832167,0.0002808673182788102,0.010846477022424627
GS,2019-10-21,179.93,181.81,179.07,180.43,180.43,1934900,Financials,178.678,175.96,175.998,176.9436,177.15981052087858,177.3128327884145,-0.15302226753593118,-0.8768440547414356,178.07,2207000.0,177.47,2286100.0,172.8,2202200.0,62.022090059473236,1.6678875302868157,4.415509259259265,0.013253215027798193,0.011156870380953077
GS,2019-10-22,180.72,182.5,179.62,180.73,180.73,1868000,Financials,179.22,177.01500000000001,176.078,177.10460000000003,177.7090704407434,177.565956285569,0.14311415517440196,-0.6728524127582681,180.43,1934900.0,178.02,8241900.0,170.18,2654900.0,74.46276861569218,1.5223008650713243,6.199318368785978,0.0016626946738347304,0.008927292020542668
GS,2019-10-23,180.4,182.82,180.21,182.21,182.21,1574500,Financials,179.892,178.263,176.1335,177.25079999999997,178.4015211421675,177.909959523675,0.4915616184924829,-0.43996960650811795,180.73,1868000.0,178.85,3405800.0,169.73,2443500.0,79.43743937924353,1.8786692759295676,7.352854533671138,0.00818901123222493,0.008393914496124259
GS,2019-10-24,182.46,183.79,180.88,181.98,181.98,1266500,Financials,180.684,179.227,176.2555,177.539,178.9520563510648,178.2114440034028,0.7406123476620223,-0.2038532156740899,182.21,1574500.0,178.02,2876500.0,172.34,2108000.0,74.85939257592801,2.2244691607684386,5.593594058256923,-0.0012622797870589508,0.008229794896311746
GS,2019-10-25,181.23,185.75,181.23,184.72,184.72,2602100,Financials,182.01399999999998,180.05,176.482,177.8714,179.83943229705486,178.69355926241,1.1458730346448647,0.06609203438970102,181.98,1266500.0,178.07,2207000.0,176.49,3334300.0,79.53419226957375,3.7344864379176723,4.663153719757496,0.015056599626332545,0.00621201648552098
GS,2019-10-28,186.52,188.76,185.98,187.76,187.76,2707800,Financials,183.48,181.079,176.936,178.209,181.057981174431,179.36514746519444,1.6928337092365666,0.39144036935907417,184.72,2602100.0,180.43,1934900.0,177.47,2286100.0,92.66990291262127,4.06251731973617,5.798163069814621,0.01645734084019046,0.007268038441596499
GS,2019-10-29,187.3,189.08,186.63,187.66,187.66,2030800,Financials,184.86599999999999,182.043,177.5805,178.497,182.0736763783647,179.97958098629113,2.0940953920735694,0.7319713739019733,187.76,2707800.0,180.73,1868000.0,178.02,8241900.0,94.27160493827162,3.834449178332333,5.415121896416131,-0.0005325948018747306,0.00749818883079608
GS,2019-10-30,187.13,187.15,184.36,186.08,186.08,1584900,Financials,185.64,182.766,178.3375,178.79139999999998,182.6900338586163,180.4314638761955,2.258569982420795,1.0372910956057377,187.66,2030800.0,182.21,1574500.0,178.85,3405800.0,85.7440166493237,2.12392294605126,4.042493709812711,-0.008419482041990722,0.008673334380901813
GS,2019-10-31,185.51,185.7,182.21,183.99,183.99,1876200,Financials,186.042,183.363,179.0335,179.032,182.8900286495984,180.69505914462547,2.1949695049729314,1.2688267774791766,186.08,1584900.0,181.98,1266500.0,178.02,2876500.0,71.8531468531469,1.104516979887915,3.3535557802494065,-0.01123172828890806,0.009603807640459292
GS,2019-11-01,185.61,187.88,185.17,187.45,187.45,2112300,Financials,186.58800000000002,184.301,179.749,179.312,183.59156270350633,181.19542513391247,2.3961375695938614,1.4942889359021136,183.99,1876200.0,184.72,2602100.0,178.07,2207000.0,75.40733197556011,1.477912516240787,5.267591396641769,0.018805369857057386,0.010673971448951408
GS,2019-11-04,189.44,190.29,188.46,189.58,189.58,2538100,Financials,186.952,185.216,180.588,179.74120000000002,184.51286074912076,181.81650475362267,2.696355995498095,1.73470234782131,187.45,2112300.0,187.76,2707800.0,180.43,1934900.0,77.23845428840721,0.9693225394120208,5.0712187551959165,0.011363030141371189,0.010531255730199836
GS,2019-11-05,190.39,191.23,188.38,188.52,188.52,2525100,Financials,187.12400000000002,185.995,181.505,180.09,185.12934371079447,182.31305995705802,2.8162837537364567,1.9510186290043392,189.58,2538100.0,187.66,2030800.0,180.73,1868000.0,72.5407925407926,0.4582756048172376,4.310297128312968,-0.005591307099905074,0.011025575645689952
GS,2019-11-06,187.98,188.89,186.72,188.33,188.33,1863000,Financials,187.574,186.607,182.435,180.46219999999997,185.62175237067225,182.75875921949816,2.862993151174095,2.1334135334382904,188.52,2525100.0,186.08,1584900.0,182.21,1574500.0,74.77174435367613,1.209157351676704,3.3587618681740983,-0.0010078506259282305,0.011047146931757675
GS,2019-11-07,190.36,193.81,190.05,192.53,192.53,3748600,Financials,189.282,187.66199999999998,183.4445,180.878,186.68455969826115,183.48255483286866,3.202004865392496,2.347131799829132,188.33,1863000.0,183.99,1876200.0,181.98,1266500.0,78.96634615384616,4.641556606337294,5.7973403670733115,0.022301279668666574,0.012383065220457512
GS,2019-11-08,192.28,192.48,190.64,192.21,192.21,1610800,Financials,190.23399999999998,188.411,184.2305,181.21380000000002,187.5346274369902,184.12903225265617,3.4055951843340324,2.558824476730112,192.53,3748600.0,187.45,2112300.0,184.72,2602100.0,75.69808027923213,2.539343825020013,4.054785621481161,-0.0016620786370954432,0.012108016206790233
GS,2019-11-11,190.47,190.91,188.42,188.86,188.86,2754500,Financials,190.09,188.52100000000002,184.8,181.47459999999998,187.7385309082225,184.47947430801497,3.259056600207515,2.6988709014255927,192.21,1610800.0,189.58,2538100.0,187.76,2707800.0,65.6526761648056,-0.3797868973520413,0.5858542820622148,-0.01742885385775972,0.012960992815359607
GS,2019-11-12,188.45,190.65,187.91,190.05,190.05,1891600,Financials,190.39600000000002,188.76000000000002,185.4015,181.84440000000004,188.09414153772673,184.8921058407546,3.202035696972132,2.7995038605349007,188.86,2754500.0,188.52,2525100.0,187.66,2030800.0,65.26479750778819,0.8115849777212025,1.2735798785036945,0.006300963676797666,0.013070833566717422
GS,2019-11-13,188.31,189.56,187.12,189.11,189.11,1756000,Financials,190.55200000000002,189.063,185.9145,182.1478,188.25042745499954,185.20454244514315,3.0458850098563914,2.848780090399199,190.05,1891600.0,188.33,1863000.0,186.08,1584900.0,63.5089048882153,0.41416662241808844,1.628331900257951,-0.0049460668245198125,0.012826450588470477
GS,2019-11-14,188.65,190.1,188.0,189.2,189.2,1483100,Financials,189.886,189.584,186.4735,182.3612,188.39651553884576,185.5005022640214,2.896013274824355,2.8582267272842303,189.11,1756000.0,192.53,3748600.0,183.99,1876200.0,59.43555181128897,-1.7296005817275306,2.8316756345453387,0.00047591348950337675,0.01202520552288963
GS,2019-11-15,189.7,190.64,188.87,189.91,189.91,1693100,Financials,189.42600000000002,189.83,187.0655,182.58599999999998,188.62935930210026,185.82713172594575,2.8022275761545075,2.847026897058286,189.2,1483100.0,192.21,1610800.0,187.45,2112300.0,55.021018215787045,-1.1966078768014254,1.3123499599893451,0.0037526427061311818,0.010673773421589395
GS,2019-11-18,189.46,189.65,188.01,189.46,189.46,1603400,Financials,189.546,189.818,187.517,182.71959999999999,188.75715017870021,186.0962330795794,2.660917099120809,2.809804937470791,189.91,1693100.0,188.86,2754500.0,189.58,2538100.0,54.13602941176475,0.31769564756962687,-0.06329781622533837,-0.0023695434679584793,0.010111815000563561
GS,2019-11-19,190.18,190.28,188.24,189.73,189.73,1817100,Financials,189.482,189.939,187.967,182.7956,188.9068193819771,186.36540099961056,2.541418382366544,2.756127626449942,189.46,1603400.0,190.05,1891600.0,188.52,2525100.0,58.92420537897307,-0.16837674296239502,0.6418417144069544,0.0014251029240999191,0.009923764189132956
GS,2019-11-20,188.28,189.24,186.59,187.89,187.89,2177700,Financials,189.238,189.895,188.251,182.81459999999998,188.7503856309037,186.47833425889868,2.2720513720050235,2.6593123755609582,189.73,1817100.0,189.11,1756000.0,188.33,1863000.0,59.65346534653463,-0.6451271746602649,-0.23363245367176155,-0.009697991883202417,0.010454685421293426
GS,2019-11-21,188.49,189.11,186.95,188.17,188.17,1677700,Financials,189.03199999999998,189.459,188.5605,182.8058,188.6610955338416,186.6036428323136,2.057452701528007,2.538940440754368,187.89,2177700.0,189.2,1483100.0,192.53,3748600.0,52.115158636897775,-0.5443974630021109,-2.2645821430426483,0.0014902336473467948,0.006972751642062351
GS,2019-11-22,187.97,190.31,187.97,189.94,189.94,1529100,Financials,189.038,189.232,188.82150000000001,182.81240000000003,188.85785006709676,186.85078040029035,2.007069666806416,2.4325662859647776,188.17,1677700.0,189.91,1693100.0,192.21,1610800.0,51.08043217286911,0.01579695645306245,-1.180999947973571,0.009406387840782404,0.007896563941398383
GS,2019-11-25,190.46,193.1,190.46,192.07,192.07,2181800,Financials,189.56,189.553,189.03699999999998,182.90780000000004,189.3520269798511,187.2373892595281,2.114637720323003,2.368980572836423,189.94,1529100.0,189.46,1603400.0,188.86,2754500.0,60.011280315848836,1.3775994932967217,1.699671714497497,0.011214067600294753,0.006390543383727562
GS,2019-11-26,192.01,192.08,190.65,191.81,191.81,1926300,Financials,189.976,189.72899999999998,189.2445,183.0206,189.73017667525863,187.57610116622973,2.1540755090288997,2.3259995600749184,192.07,2181800.0,189.73,1817100.0,190.05,1891600.0,59.77528089887642,1.0962947346228935,0.9260720862930727,-0.0013536731400010105,0.00623544770622555
GS,2019-11-27,192.67,193.39,191.3,192.24,192.24,1614600,Financials,190.846,190.042,189.5525,183.1218,190.11630334060345,187.92157515391642,2.19472818668703,2.2997452853973406,191.81,1926300.0,187.89,2177700.0,189.11,1756000.0,48.966500356379214,2.3151844164138735,1.655121357939815,0.0022418017830145853,0.005886083781203727
GS,2019-11-29,191.53,192.5,191.12,191.94,191.94,770400,Financials,191.6,190.316,189.95,183.24900000000002,190.39687205743368,188.21923625362632,2.1776358038073624,2.275323389079345,192.24,1614600.0,188.17,1677700.0,189.2,1483100.0,49.03640256959311,2.003507466652499,1.4482029598308799,-0.0015605493133583614,0.005966227788699176
GS,2019-12-02,191.61,192.33,188.23,188.72,188.72,2118500,Financials,191.356,190.19699999999997,190.0135,183.33739999999997,190.13889174090542,188.25632986446882,1.882561876436597,2.1967710865507954,191.94,770400.0,189.94,1529100.0,189.91,1693100.0,49.49567723342933,-0.6423080972938866,-0.626612605971244,-0.016776075857038664,0.008200994224792226
GS,2019-12-03,186.8,186.8,182.09,184.04,184.04,3207100,Financials,189.75,189.655,189.7365,183.33700000000002,189.20060070384304,187.94400913376745,1.2565915700755852,2.0087351832557534,188.72,2118500.0,192.07,2181800.0,189.46,1603400.0,32.70005757052381,-4.180767428541676,-2.8607621661564497,-0.024798643493005534,0.011242439468881664
GS,2019-12-04,185.16,188.16,184.16,187.24,187.24,1583600,Financials,188.83599999999998,189.406,189.6725,183.49920000000003,188.8989698263287,187.89186030904395,1.0071095172847606,1.808410050061555,184.04,3207100.0,191.81,1926300.0,189.73,1817100.0,45.23688232297503,-2.3825660810176674,-1.3123912928898807,0.017387524451206282,0.012923035319102523
GS,2019-12-05,188.29,188.71,186.79,188.29,188.29,1329300,Financials,188.046,189.446,189.6705,183.643,188.8052821607397,187.92135213800367,0.8839300227360241,1.6235140445964489,187.24,1583600.0,192.24,1614600.0,187.89,2177700.0,47.79018941233609,-2.0547232625884426,0.21289052104955797,0.005607776116214325,0.012715323033795625
GS,2019-12-06,190.72,195.45,189.74,194.76,194.76,4229400,Financials,188.60999999999999,190.105,189.78199999999998,183.9474,189.72139259754897,188.4279186462997,1.2934739512492683,1.557506025927013,188.29,1329300.0,191.94,770400.0,188.17,1677700.0,59.203036053130916,1.4692091278524444,3.502152309082218,0.03436188857613254,0.016689264531299132
GS,2019-12-09,194.76,194.8,192.3,192.34,192.34,2134600,Financials,189.334,190.345,189.7885,184.1904,190.12425527484913,188.7177024502775,1.4065528245716337,1.5273153856559374,194.76,4229400.0,188.72,2118500.0,189.94,1529100.0,55.08474576271186,1.9181856718948787,1.2635569127092738,-0.01242554939412599,0.017259612391542174
GS,2019-12-10,192.21,193.26,191.24,192.4,192.4,1854100,Financials,191.006,190.378,189.9655,184.4648,190.47436984794925,188.99046523173843,1.4839046162108218,1.5186332317669142,192.34,2134600.0,184.04,3207100.0,192.07,2181800.0,54.749199573105685,4.542490762877649,0.17181236007706158,0.00031194759280439577,0.016910907479555263
GS,2019-12-11,192.72,193.24,191.49,191.8,191.8,1778600,Financials,191.918,190.377,190.05300000000003,184.80540000000002,190.67831294826476,189.19857891827633,1.4797340299884354,1.5108533914112185,192.4,1854100.0,187.24,1583600.0,191.81,1926300.0,57.27577223669524,2.4353770561845733,-0.005213492518629792,-0.0031185031185030354,0.016939263850907885
GS,2019-12-12,192.42,196.64,191.29,196.01,196.01,2974300,Financials,193.462,190.754,190.398,185.3068,191.49857249468556,189.70312862803362,1.7954438666519366,1.5677714864593624,191.8,1778600.0,188.29,1329300.0,192.24,1614600.0,62.727272727272734,4.100058420521546,1.9610903037869276,0.0219499478623566,0.018304604135845677
GS,2019-12-13,196.59,197.69,193.97,195.1,195.1,1908200,Financials,193.53,191.07,190.69299999999998,185.80740000000003,192.05263826473393,190.10289687780892,1.9497413869250124,1.6441654665524925,196.01,2974300.0,194.76,4229400.0,191.94,770400.0,58.61723446893788,0.17457383446293218,1.6463478170261503,-0.004642620274475817,0.01839868066887867
GS,2019-12-16,198.14,200.04,197.59,197.74,197.74,3218400,Financials,194.61,191.972,191.0845,186.29940000000002,192.9276169932364,190.66860822019345,2.2590087730429502,1.7671341278505843,195.1,1908200.0,192.34,2134600.0,188.72,2118500.0,59.310344827586235,2.807528335239673,4.779567613395508,0.013531522296258425,0.017474326004154148
GS,2019-12-17,199.44,201.23,198.4,200.43,200.43,3590000,Financials,196.216,193.611,191.63299999999998,186.852,194.08182976350773,191.3916742779569,2.6901554855508323,1.951738399390634,197.74,3218400.0,192.4,1854100.0,184.04,3207100.0,63.108272506082734,4.173596673596669,8.905672679852206,0.01360372205926974,0.014145477373202427
GS,2019-12-18,201.14,201.34,199.38,199.83,199.83,2280800,Financials,197.822,194.86999999999998,192.13799999999998,187.445,194.966163646045,192.01673544255266,2.949428203492346,2.151276360210977,200.43,3590000.0,191.8,1778600.0,187.24,1583600.0,61.48260211800304,4.186652763295107,6.72399060029909,-0.002993563837748847,0.014215859381648635
GS,2019-12-19,200.26,200.64,198.53,199.38,199.38,2418100,Financials,198.496,195.97899999999998,192.7125,188.03799999999998,195.6452153928073,192.562162446808,3.083052945999299,2.337631677368641,199.83,2280800.0,196.01,2974300.0,188.29,1329300.0,61.20481927710843,1.7193000357124566,5.889850762122251,-0.0022519141270080922,0.01449254059921888
GS,2019-12-20,200.27,200.56,198.24,198.51,198.51,3715500,Financials,199.178,196.35399999999998,193.2295,188.5614,196.08595148622155,193.00274300630372,3.083208479917829,2.486747037878479,199.38,2418100.0,195.1,1908200.0,194.76,4229400.0,65.86709886547811,1.747821629933366,1.9254467036352363,-0.004363526933493844,0.0106998718148091
GS,2019-12-23,199.14,199.85,198.06,198.65,198.65,1670400,Financials,199.35999999999999,196.985,193.665,189.00459999999998,196.4804204883413,193.42105833917012,3.059362149171193,2.601270060137022,198.51,3715500.0,197.74,3218400.0,192.34,2134600.0,77.76510832383127,0.46020026297157735,3.28064885099304,0.0007052541433680837,0.009473765105946733
GS,2019-12-24,198.55,199.39,198.02,199.36,199.36,467700,Financials,199.14600000000002,197.68099999999998,194.0295,189.44240000000002,196.92343272090417,193.86097994367603,3.0624527772281454,2.693506603555247,198.65,1670400.0,200.43,3590000.0,192.4,1854100.0,75.44080604534007,-0.5338522177318783,3.617463617463623,0.0035741253460861433,0.009416458487913634
GS,2019-12-26,199.66,201.34,199.43,200.49,200.49,1704000,Financials,199.278,198.55,194.4635,189.8918,197.47213537922661,194.3520184663667,3.1201169128599133,2.7788286654161802,199.36,467700.0,199.83,2280800.0,191.8,1778600.0,75.52301255230128,0.3302807386278417,4.530761209593326,0.005668138041733606,0.00912539425846361
GS,2019-12-27,201.01,201.35,199.84,200.01,200.01,1343900,Financials,199.404,198.95,194.852,190.315,197.86257609011483,194.7711282095988,3.0914478805160286,2.84135250843615,200.49,1704000.0,199.38,2418100.0,196.01,2974300.0,64.65661641541037,0.3159795365633489,2.040712208560791,-0.002394134370791612,0.006929442006416745
GS,2019-12-30,200.89,200.89,199.0,199.26,199.26,1494500,Financials,199.554,199.366,195.21800000000002,190.7398,198.0775643839433,195.10363723110999,2.973927152833312,2.8678674373155824,200.01,1343900.0,198.51,3715500.0,195.1,1908200.0,71.30541871921173,0.3778147196614734,2.132239876986164,-0.0037498125093745616,0.00683888145562726
GS,2019-12-31,199.19,199.41,198.28,199.38,199.38,1447200,Financials,199.7,199.53000000000003,195.751,191.166,198.27793909410588,195.42040484362036,2.8575342504855143,2.865800799949569,199.26,1494500.0,198.65,1670400.0,197.74,3218400.0,71.4110429447852,0.3674804933299747,0.8293719024982327,0.0006022282445046212,0.005544090870321343
GS,2020-01-02,200.3,203.46,199.58,203.18,203.18,3736300,Financials,200.464,199.805,196.70800000000003,191.62099999999998,199.03210231039728,195.99518967001885,3.036912640378432,2.9000231680353417,199.38,1447200.0,199.36,467700.0,200.43,3590000.0,79.17948717948708,1.9161316211878,1.3720500923015466,0.01905908315778926,0.00701330658251466
GS,2020-01-03,200.82,201.7,199.7,200.81,200.81,2274500,Financials,200.528,199.903,197.3865,192.02259999999998,199.30562503187463,196.3518422870545,2.9537827448201313,2.9107750833922994,203.18,3736300.0,200.49,1704000.0,199.83,2280800.0,63.59003397508491,0.15960895805275932,0.4904168543261811,-0.011664533910818009,0.008071130699514224
GS,2020-01-06,199.38,202.92,198.99,202.86,202.86,3329300,Financials,201.098,200.251,198.115,192.43560000000002,199.85245195004777,196.833928043569,3.0185239064787766,2.932324848009595,200.81,2274500.0,200.01,1343900.0,199.38,2418100.0,70.63829787234036,1.4249287535623267,1.7454107733975377,0.010208654947462925,0.008543912184738838
GS,2020-01-07,203.77,206.17,203.56,204.2,204.2,5255200,Financials,202.086,200.82,198.58700000000002,192.88,200.52130549619426,197.3795630033046,3.141742492889648,2.9742083769856054,202.86,3329300.0,199.26,1494500.0,198.51,3715500.0,68.45714285714274,2.4791729398775386,2.866354339831756,0.006605540767031348,0.0083721482121431
GS,2020-01-08,204.36,207.89,204.19,206.17,206.17,3564700,Financials,203.44400000000002,201.57199999999997,199.2785,193.30899999999997,201.39033541985668,198.03070648454133,3.3596289353153566,3.051292488651556,204.2,5255200.0,199.38,1447200.0,198.65,1670400.0,67.1036948748509,3.405557227404943,3.7855524792348216,0.009647404505386925,0.008590948113547475
GS,2020-01-09,209.27,211.06,207.95,210.36,210.36,3980700,Financials,204.88000000000002,202.672,200.17649999999998,193.761,202.77028381680182,198.9439874856864,3.8262963311154294,3.2062932571443303,206.17,3564700.0,203.18,3736300.0,199.36,467700.0,75.84683357879223,3.53381238310857,5.517656500802559,0.02032303438909655,0.010058890670549851
GS,2020-01-10,210.49,211.05,209.31,209.94,209.94,2248100,Financials,206.706,203.61700000000002,201.0835,194.2066,203.87331707575538,199.7585069311911,4.114810144564274,3.387996634628319,210.36,3980700.0,200.81,2274500.0,200.49,1704000.0,75.95870206489664,4.546586325382207,4.713452042495869,-0.0019965772960639505,0.01032721688692817
GS,2020-01-13,211.96,213.41,210.71,212.63,212.63,3359200,Financials,208.66,204.879,201.9145,194.7376,205.2204990641007,200.711950862214,4.508548201886697,3.6121069480799948,209.94,2248100.0,202.86,3329300.0,200.01,1343900.0,81.85920577617318,4.816129350290832,6.309684515774205,0.012813184719443704,0.010291990804513595
GS,2020-01-14,212.72,215.5,212.1,213.02,213.02,4302800,Financials,210.42399999999998,206.25500000000002,202.8105,195.3182,206.42042228500827,201.62365820575369,4.7967640792545865,3.8490383743149135,212.63,3359200.0,204.2,5255200.0,199.26,1494500.0,82.06157965194099,4.319294809010787,6.905550536986871,0.0018341720359309477,0.00983439989085207
GS,2020-01-15,209.84,216.35,207.38,212.63,212.63,5411200,Financials,211.71599999999998,207.57999999999998,203.555,195.82179999999997,207.37574193346853,202.43894278310526,4.936799150363271,4.066590529524586,213.02,4302800.0,206.17,3564700.0,199.38,1447200.0,80.03621548211845,3.133336566910816,6.6456013642291145,-0.0018308140080743884,0.010031334777596213
GS,2020-01-16,214.19,216.62,213.51,216.54,216.54,3968400,Financials,212.952,208.916,204.3605,196.361,208.78562778985798,203.48346553991226,5.302162249945724,4.313704873608813,212.63,5411200.0,210.36,3980700.0,203.18,3736300.0,82.26779252110961,2.9378208784939908,6.575450339600342,0.018388750411513,0.009939907582380357
GS,2020-01-17,216.98,217.18,215.04,216.31,216.31,3108400,Financials,214.22599999999997,210.46599999999998,205.1845,196.9168,209.94322351449523,204.43357920362246,5.509644310872773,4.552892761061606,216.54,3968400.0,209.94,2248100.0,200.81,2274500.0,83.10316815597069,3.034200247689811,7.7187391066182,-0.0010621594162740777,0.008209980516279143
GS,2020-01-21,214.36,215.78,212.96,213.05,213.05,2492400,Financials,214.31000000000003,211.48499999999999,205.868,197.41120000000004,210.42118912764982,205.07183259594672,5.349356531703108,4.712185515189907,216.31,3108400.0,212.63,3359200.0,202.86,3329300.0,75.41467010689271,0.19752621925410718,5.023168687764956,-0.015070962969811807,0.01077286600414579
GS,2020-01-22,213.84,215.5,213.61,214.22,214.22,2030900,Financials,214.55,212.487,206.65349999999998,197.845,211.00562156954987,205.7494746258766,5.256146943673286,4.820977800886583,213.05,2492400.0,213.02,4302800.0,204.2,5255200.0,76.33073101490416,0.5633273870997879,4.906953966699312,0.005491668622389145,0.010759771076966568
GS,2020-01-23,212.01,214.18,210.61,212.95,212.95,2806800,Financials,214.61399999999998,213.16500000000002,207.36849999999998,198.25979999999998,211.30475671269605,206.28284687581166,5.02190983688439,4.861164208086144,214.22,2030900.0,212.63,5411200.0,206.17,3564700.0,69.04483430799215,0.15049616705073987,3.288548285395554,-0.0059284847353189285,0.01111041212654836
GS,2020-01-24,212.5,213.06,208.63,209.77,209.77,2877400,Financials,213.26,213.106,207.88899999999998,198.678,211.0686402953582,206.54115451464043,4.527485780717768,4.794428522612469,212.95,2806800.0,216.54,3968400.0,210.36,3980700.0,66.93121693121694,-3.1264431513807978,-0.2804715725423068,-0.01493308288330586,0.010693010572000575
GS,2020-01-27,204.96,207.23,203.78,206.49,206.49,2506200,Financials,211.296,212.76100000000002,208.189,199.0068,210.3642340960723,206.5373652913337,3.826868804738581,4.600916579037691,209.77,2877400.0,216.31,3108400.0,209.94,2248100.0,56.55471289274106,-4.5397808700476165,-1.6433266647613576,-0.015636172951327687,0.011760127184769957
GS,2020-01-28,207.67,211.21,206.42,210.34,210.34,3123000,Financials,210.754,212.532,208.70549999999997,199.4314,210.36050577359964,206.8190419364201,3.541463837179549,4.389026030666063,206.49,2506200.0,213.05,2492400.0,212.63,3359200.0,60.1655629139073,-1.2720018774935449,-1.076988195456896,0.01864497070076032,0.012663798797806568
GS,2020-01-29,212.03,213.74,207.73,208.21,208.21,3711600,Financials,209.552,212.05100000000002,209.15299999999996,199.8116,210.02965873150737,206.92207586705564,3.1075828644517287,4.132737397423196,210.34,3123000.0,214.22,2030900.0,213.02,4302800.0,53.35968379446644,-2.805527028288668,-2.2580039432917087,-0.010126461918798069,0.012927387065184434
GS,2020-01-30,206.1,211.87,205.27,211.69,211.69,3261700,Financials,209.3,211.95700000000002,209.7685,200.24720000000002,210.28509584973702,207.27525543245892,3.009840417278099,3.9081580013941766,208.21,3711600.0,212.95,2806800.0,212.63,5411200.0,52.24283305227654,-0.5916881897158888,-0.4420824907115595,0.01671389462561823,0.014249745610647997
GS,2020-01-31,209.83,210.61,205.4,206.16,206.16,3482800,Financials,208.57800000000003,210.919,209.91749999999996,200.58120000000002,209.65046571900825,207.19264391894345,2.4578218000648064,3.618090761128303,211.69,3261700.0,209.77,2877400.0,216.54,3968400.0,44.5627157652474,-1.720932449826007,-4.793571626489335,-0.02612310453965705,0.014690580027380806
GS,2020-02-03,206.69,210.18,206.42,207.25,207.25,2733000,Financials,208.73000000000002,210.013,210.2395,200.9316,209.2811633006993,207.19689251754022,2.08427078315907,3.3113267655344565,206.16,3482800.0,206.49,2506200.0,216.31,3108400.0,41.88781664656212,0.3680565644825329,-4.188433267070413,0.005287155607295313,0.015004088749787287
GS,2020-02-04,210.61,211.35,209.45,209.79,209.79,3052500,Financials,208.61999999999998,209.68699999999998,210.58599999999996,201.3696,209.35944586982248,207.38897455327796,1.9704713165445185,3.043155675736469,207.25,2733000.0,210.34,3123000.0,213.05,2492400.0,45.42622486547717,-0.26148141104878064,-1.5301572400844954,0.012255729794933723,0.015283603306689902
GS,2020-02-05,212.43,212.56,210.71,211.84,211.84,3126600,Financials,209.346,209.449,210.968,201.843,209.74106958215748,207.71868014192404,2.0223894402334395,2.8390024286358635,209.79,3052500.0,208.21,3711600.0,214.22,2030900.0,48.93156613470382,1.7434321118101836,-1.1110073755951855,0.009771676438343091,0.015556631705135934
GS,2020-02-06,212.75,213.11,209.13,209.69,209.69,2225600,Financials,208.946,209.123,211.144,202.238,209.733212723364,207.86470383511485,1.8685088882491527,2.6449037205585215,211.84,3126600.0,211.69,3261700.0,212.95,2806800.0,40.27264981539336,-0.9447777410364178,-1.5308757924395344,-0.010149169184290097,0.015760896275351183
GS,2020-02-07,207.89,208.56,205.12,206.37,206.37,3006500,Financials,208.988,208.783,210.9445,202.52399999999997,209.215795381308,207.75398503251375,1.4618103487942449,2.4082850462056666,209.69,2225600.0,206.16,3482800.0,209.77,2877400.0,37.02349869451696,0.10186263096625403,-1.620822805930311,-0.01583289618007533,0.015848879544926323
GS,2020-02-10,205.85,206.26,204.17,205.82,205.82,2591300,Financials,208.702,208.71599999999998,210.73850000000002,202.8042,208.69336532264523,207.61072688195716,1.082638440688072,2.143155725102148,206.37,3006500.0,207.25,2733000.0,206.49,2506200.0,39.84265243045797,-0.6899879372738282,-0.3244709186885686,-0.00266511605369002,0.015077165884841722
GS,2020-02-11,207.24,207.72,204.83,205.04,205.04,2238800,Financials,207.752,208.18599999999998,210.359,203.0602,208.13130911916136,207.42030266847885,0.711006450682504,1.8567258702182192,205.82,2591300.0,209.79,3052500.0,210.34,3123000.0,36.96022727272726,-2.2641689308355972,-2.5197299610155044,-0.003789719172092143,0.013549530479573196
GS,2020-02-12,206.38,209.13,206.13,206.94,206.94,2119200,Financials,206.772,208.05899999999997,210.055,203.3602,207.94803079313655,207.38472469303596,0.5633061001005899,1.5980419161946935,205.04,2238800.0,211.84,3126600.0,208.21,3711600.0,41.61317331844824,-2.3130664652567967,-0.6099610969694136,0.00926648458837298,0.013718034157035078
GS,2020-02-13,206.24,207.21,205.13,206.68,206.68,1461300,Financials,206.17,207.558,209.7575,203.71940000000004,207.752949132654,207.33252286392218,0.42042626873183053,1.362518786702121,206.94,2119200.0,209.69,2225600.0,211.69,3261700.0,45.30537830446672,-1.4354523343983905,-2.3666682412962325,-0.0012564028220739543,0.012313805766784123
GS,2020-02-14,206.32,207.25,204.84,205.58,205.58,1718700,Financials,206.012,207.5,209.2095,204.1502,207.41864926609185,207.20270635548349,0.21594291060836213,1.1332036114833692,206.68,1461300.0,206.37,3006500.0,206.16,3482800.0,48.519362186788165,-0.38280757862092507,-0.2813348855257969,-0.005322237275014463,0.009213356592235792
GS,2020-02-18,205.12,205.57,200.48,202.22,202.22,2736500,Financials,205.292,206.99699999999999,208.50500000000002,204.44979999999998,206.61885707130847,206.83361699581806,-0.21475992450959325,0.8636109042847768,205.58,1718700.0,205.82,2591300.0,207.25,2733000.0,36.57407407407407,-1.749101156350208,-2.427020506634503,-0.016344002334857555,0.010251411663296914
GS,2020-02-19,203.77,206.2,202.28,205.79,205.79,2207100,Financials,205.442,206.59699999999998,208.142,204.79980000000003,206.49134059879947,206.75631203316487,-0.2649714343654068,0.6378944365547401,202.22,2736500.0,205.04,2238800.0,209.79,3052500.0,46.18055555555553,0.3657822863831539,-1.906668573335235,0.017654040154287287,0.01120691149454083
GS,2020-02-20,204.99,205.42,200.52,201.8,201.8,3183700,Financials,204.414,205.59300000000002,207.52100000000002,204.94060000000002,205.76959589129186,206.38917780848598,-0.6195819171941253,0.386399165804967,205.79,2207100.0,206.94,2119200.0,211.84,3126600.0,34.638086362224314,-2.483811732869423,-4.739425981873113,-0.019388697215608097,0.011627972187382419
GS,2020-02-21,200.23,201.0,198.02,199.97,199.97,3081600,Financials,203.072,204.621,206.87199999999999,205.0932,204.87735036955465,205.91368315600553,-1.0363327864508847,0.10185277535379667,201.8,3183700.0,206.68,1461300.0,209.69,2225600.0,39.13653913653914,-3.2465647377588613,-4.635414182841336,-0.009068384539147711,0.011577464125966157
GS,2020-02-24,193.57,196.57,192.97,194.7,194.7,4139400,Financials,200.89600000000002,203.454,206.11849999999998,205.13920000000002,203.31160415885392,205.08303995926437,-1.771435800410444,-0.2728049397990515,199.97,3081600.0,205.58,1718700.0,206.37,3006500.0,30.792776247321697,-5.292343613191952,-5.65489169937492,-0.026353953092963955,0.013084149166147753
GS,2020-02-25,194.91,195.86,187.2,188.69,188.69,5343100,Financials,198.19,201.74099999999999,205.2285,205.077,201.06212659595332,203.86874070302255,-2.8066141070692368,-0.7795667732530887,194.7,4139400.0,202.22,2736500.0,205.82,2591300.0,20.80796900940787,-6.690732865196325,-8.322806335633071,-0.030868002054442734,0.015216659576197923
GS,2020-02-26,189.64,190.77,186.22,187.11,187.11,4171100,Financials,194.454,199.948,204.067,204.89899999999997,198.91564558119126,202.62735250279866,-3.7117069216074015,-1.3659948029239513,188.69,5343100.0,205.79,2207100.0,205.04,2238800.0,15.335015419119713,-9.077214636279695,-8.744635193133032,-0.008373522709205439,0.015126198776725611
GS,2020-02-27,182.52,185.11,178.08,178.36,178.36,5848200,Financials,189.76600000000002,197.09,202.5745,204.56419999999997,195.75323856870028,200.8297708359247,-5.076532267224422,-2.108102295784046,187.11,4171100.0,201.8,3183700.0,206.94,2119200.0,12.940619824934942,-11.61546085232904,-13.810766405721452,-0.04676393565282455,0.017754854935429693
GS,2020-02-28,173.69,176.45,169.99,175.16,175.16,6727100,Financials,184.804,193.93800000000002,200.748,204.1126,192.58504801966947,198.92830632955992,-6.3432583098904445,-2.955133498605326,178.36,5848200.0,199.97,3081600.0,206.68,1461300.0,12.977461447212335,-12.40686102915437,-15.250628991677962,-0.01794124243103845,0.017133799683324177
GS,2020-03-02,175.71,182.88,172.42,182.75,182.75,5285500,Financials,182.414,191.655,199.57750000000001,203.759,191.07196370895107,197.72991326811103,-6.65794955915996,-3.695696710716253,175.16,6727100.0,194.7,4139400.0,205.58,1718700.0,26.55011181134377,-6.137647663071388,-11.105165872166555,0.043331810915734126,0.02547021154345102
GS,2020-03-03,182.34,184.77,176.33,177.48,177.48,5677200,Financials,180.172,189.18099999999998,198.089,203.31199999999998,188.98089236911244,196.2299196926954,-7.249027323582965,-4.406362833289595,182.75,5285500.0,188.69,5343100.0,202.22,2736500.0,24.329359165424734,-5.940961365202191,-12.234200375828308,-0.028837209302325584,0.026039074498814856
GS,2020-03-04,179.58,182.27,176.84,182.11,182.11,3520400,Financials,179.172,186.81300000000002,196.70499999999998,202.9666,187.92383200463362,195.18399971545873,-7.260167710825101,-4.977123808796697,177.48,5677200.0,187.11,4171100.0,205.79,2207100.0,27.99149087041306,-2.672224894447117,-11.506875941493744,0.026087446472842224,0.02723891679238175
GS,2020-03-05,175.64,177.51,171.82,173.43,173.43,4151500,Financials,178.186,183.976,194.7845,202.465,185.69401169622844,193.57259232912844,-7.878580632899997,-5.557415173617358,182.11,3520400.0,178.36,5848200.0,201.8,3183700.0,24.356008020977953,-2.7640726620318468,-14.058473736372646,-0.04766350008236786,0.029486889062770378
GS,2020-03-06,166.35,171.26,165.13,168.25,168.25,5071900,Financials,176.804,180.804,192.7125,201.857,183.01031758911637,191.696844749193,-8.686527160076622,-6.1832375709092116,173.43,4151500.0,175.16,6727100.0,199.97,3081600.0,22.91394572630969,-3.9449646037908126,-15.862379356903533,-0.02986795825405064,0.029781920656812805
GS,2020-03-09,151.43,156.38,148.45,150.76,150.76,6443000,Financials,170.406,176.41,189.932,200.885,178.04873026771384,188.6644858788824,-10.615755611168566,-7.069741178961083,168.25,5071900.0,182.75,5285500.0,194.7,4139400.0,19.014932562620444,-17.504787961696312,-22.568053415511045,-0.10395245170876677,0.04068363450662168
GS,2020-03-10,158.45,161.75,151.18,160.83,160.83,6803900,Financials,167.076,173.624,187.6825,200.0918,175.3996948419117,186.6026721100763,-11.202977268164602,-7.896388396801787,150.76,6443000.0,177.48,5677200.0,188.69,5343100.0,24.893902166629474,-9.381338742393497,-14.764958397371341,0.06679490581055991,0.04970341945454848
GS,2020-03-11,155.71,157.71,149.16,149.96,149.96,5314000,Financials,160.64600000000002,169.90900000000002,184.92849999999999,199.09079999999997,171.48589563546375,183.8884001019225,-12.402504466458765,-8.797611610733183,160.83,6803900.0,182.11,3520400.0,187.11,4171100.0,23.117610454262632,-17.654165065070558,-19.854630965742082,-0.0675868929926009,0.05232170495873184
GS,2020-03-12,139.59,145.48,130.86,131.46,131.46,8357700,Financials,152.252,165.219,181.1545,197.7348,165.3280655377001,180.0048149091875,-14.676749371487404,-9.973439162884027,149.96,5314000.0,173.43,4151500.0,178.36,5848200.0,19.709965514192263,-24.199965403909353,-26.295133437990582,-0.12336623099493194,0.06139262491602948
GS,2020-03-13,142.05,154.91,132.91,154.57,154.57,6368400,Financials,149.516,163.16000000000003,178.549,196.8386,163.67297853190007,178.120754545544,-14.447776013643931,-10.868306533036009,131.46,8357700.0,168.25,5071900.0,175.16,6727100.0,34.67501718475522,-8.13075780089153,-11.754966887417218,0.17579491860642005,0.08926589663955074
GS,2020-03-16,131.06,147.91,130.86,134.93,134.93,6888000,Financials,146.35,158.378,175.0165,195.4736,159.2509818346847,174.92143939402223,-15.670457559337535,-11.828736738296314,154.57,6368400.0,150.76,6443000.0,182.75,5285500.0,31.405644714997237,-10.500132661183326,-26.166894664842676,-0.1270621724784886,0.09430287630556262
GS,2020-03-17,136.97,145.47,130.86,138.43,138.43,6876300,Financials,141.87,154.473,171.82700000000003,194.22600000000003,156.04775386011784,172.21836980927986,-16.170615949162027,-12.697112580469458,134.93,6888000.0,160.83,6803900.0,177.48,5677200.0,33.38339705079193,-13.927749797923273,-22.002479152580566,0.025939375972726664,0.09569811314200573
GS,2020-03-18,130.86,136.07,118.13,122.16,122.16,9543200,Financials,136.31,148.478,167.64550000000003,192.612,150.83425326625354,168.51034241599987,-17.676089149746332,-13.692907894324833,138.43,6876300.0,149.96,5314000.0,182.11,3520400.0,31.753246753246756,-18.538276873833027,-32.91966393937731,-0.11753232680777292,0.0986625851807512
GS,2020-03-19,119.85,133.03,114.16,130.42,130.42,6548200,Financials,136.102,144.177,164.0765,191.13640000000004,147.69359891759916,165.68883557037026,-17.995236652771098,-14.553373646014085,122.16,9543200.0,131.46,8357700.0,173.43,4151500.0,35.936124732805226,-0.7911151681119888,-24.79963097503316,0.06761624099541574,0.1036098494395152
GS,2020-03-20,129.98,130.16,120.65,120.75,120.75,7561300,Financials,129.33800000000002,139.427,160.11550000000003,189.42800000000003,143.54842985335313,162.36003293552804,-18.811603082174912,-15.405019533246252,130.42,6548200.0,154.57,6368400.0,168.25,5071900.0,30.7620702494725,-21.880054344310018,-28.231797919762258,-0.07414506977457436,0.10485920388118271
GS,2020-03-23,118.67,123.83,116.26,117.75,117.75,5472600,Financials,125.902,136.126,156.268,187.57580000000002,139.57944064514496,159.05558605141485,-19.476145406269893,-16.219244707850983,120.75,7561300.0,134.93,6888000.0,150.76,6443000.0,31.201611380373905,-12.732527977469799,-21.895728309896523,-0.024844720496894457,0.10139849480751172
GS,2020-03-24,125.91,134.27,125.31,134.0,134.0,6647400,Financials,125.016,133.44299999999998,153.5335,186.05700000000002,138.7210651612765,157.19961671427302,-18.47855155299652,-16.671106076880093,117.75,5472600.0,138.43,6876300.0,160.83,6803900.0,35.89066807437386,-3.2001733728238113,-16.682211030280424,0.13800424628450103,0.11027082850613693
GS,2020-03-25,134.88,141.51,126.78,135.34,135.34,8587800,Financials,127.652,131.981,150.945,184.51120000000003,138.20090129031087,155.5803858465491,-17.379484556238225,-16.81278177275172,134.0,6647400.0,122.16,9543200.0,149.96,5314000.0,38.32669322709163,10.789129011132935,-9.749266471058949,0.010000000000000009,0.10869962737393038
GS,2020-03-26,136.42,146.27,134.62,144.64,144.64,6762200,Financials,130.496,133.299,149.25900000000001,183.1436,139.19153186103227,154.76998689495286,-15.57845503392059,-16.565916424985495,135.34,8587800.0,130.42,6548200.0,131.46,8357700.0,42.9425479763257,10.903235700046011,10.02586338049596,0.06871582680656108,0.1022300550725671
GS,2020-03-27,138.78,142.84,136.97,138.14,138.14,4186700,Financials,133.974,131.656,147.408,181.65380000000002,139.02975772856576,153.53813601384525,-14.508378285279491,-16.154408797044297,144.64,6762200.0,120.75,7561300.0,154.57,6368400.0,45.962375223957,14.401656314699785,-10.6294882577473,-0.0449391592920354,0.08601840630483629
GS,2020-03-30,138.3,139.96,133.64,139.26,139.26,4152800,Financials,138.276,132.089,145.2335,180.1082,139.06517961647873,152.48049630911598,-13.415316692637248,-15.606590376162888,138.14,4186700.0,117.75,5472600.0,134.93,6888000.0,42.67969863571573,18.26751592356688,3.2090713703401663,0.008107716809034438,0.07513077020728641
GS,2020-03-31,137.96,140.55,134.11,134.87,134.87,3588200,Financials,138.45,131.733,143.103,178.47940000000003,138.4197673677897,151.1760151010333,-12.756247733243612,-15.036521847579035,139.26,4152800.0,134.0,6647400.0,138.43,6876300.0,44.64323748668796,0.64925373134328,-2.571696886513042,-0.03152376849059302,0.0756061241389838
GS,2020-04-01,127.46,130.49,126.5,126.75,126.75,4689100,Financials,136.732,132.19199999999998,140.335,176.7534,136.6244185419759,149.3666806491049,-12.742262107128994,-14.577669899489027,134.87,3588200.0,135.34,8587800.0,122.16,9543200.0,48.194987353414575,-6.346977981380231,3.7573673870334057,-0.0602061244161044,0.0674413960786981
GS,2020-04-02,124.77,131.26,123.6,130.8,130.8,4446900,Financials,133.964,132.23000000000002,138.2035,175.085,135.7283541509027,147.99137097139342,-12.26301682049072,-14.114739283689365,126.75,4689100.0,144.64,6762200.0,130.42,6548200.0,39.33219639170631,-9.56858407079645,0.29136635485356166,0.031952662721893565,0.064688945711143
GS,2020-04-03,130.16,131.67,126.7,128.18,128.18,2801600,Financials,131.972,132.973,136.2,173.3896,134.56706889691768,146.52386201054946,-11.95679311363179,-13.68315004967785,130.8,4446900.0,138.14,4186700.0,120.75,7561300.0,46.42440936539887,-7.210076733748361,6.153209109730851,-0.020030581039755413,0.059669678940591525
GS,2020-04-06,135.63,138.65,134.15,138.04,138.04,4689400,Financials,131.728,135.002,135.56400000000002,171.955,135.10136598969956,145.8954277875458,-10.79406179784624,-13.10533239931153,128.18,2801600.0,139.26,4152800.0,117.75,5472600.0,49.806451612903224,-0.8760591698980358,17.231422505307847,0.07692307692307687,0.062162103512063756
GS,2020-04-07,144.82,147.56,141.72,144.84,144.84,4953500,Financials,133.722,136.086,134.7645,170.72199999999998,136.59961737589964,145.81724795143128,-9.217630575531643,-12.327792034555554,138.04,4689400.0,134.87,3588200.0,134.0,6647400.0,62.42331288343559,7.392303699859126,8.089552238805965,0.049261083743842526,0.04774081484053772
GS,2020-04-08,147.05,155.38,147.05,154.38,154.38,5194800,Financials,139.248,137.98999999999998,134.9855,169.60280000000003,139.33506085653048,146.4515258809549,-7.1164650244244285,-11.28552663252933,144.84,4953500.0,126.75,4689100.0,135.34,8587800.0,62.94295592048402,21.798816568047343,14.068272498891666,0.06586578293289147,0.05104760349911521
GS,2020-04-09,157.54,163.43,156.83,160.75,160.75,6445800,Financials,145.238,139.601,136.45,168.6536,142.6296668786027,147.5106721119953,-4.881005233392585,-10.00462235270198,154.38,5194800.0,130.8,4446900.0,144.64,6762200.0,72.40645305848085,22.89755351681957,11.13799778761062,0.04126182147946622,0.04847610093382203
GS,2020-04-13,160.39,161.37,156.28,156.32,156.32,4774300,Financials,150.86599999999999,141.419,136.5375,167.5462,144.7358719742023,148.16321491851417,-3.4273429443118744,-8.68916647102396,160.75,6445800.0,128.18,2801600.0,138.14,4186700.0,71.2647480427831,21.953502886565744,13.16056174895035,-0.027558320373250456,0.046491984563891614
GS,2020-04-14,159.09,159.98,152.27,155.49,155.49,4149600,Financials,154.356,143.042,137.5655,166.53280000000004,146.3903532089404,148.70593973936496,-2.3155865304245538,-7.414450482904079,156.32,4774300.0,138.04,4689400.0,139.26,4152800.0,64.27527567423942,12.641263401912495,11.654459284791052,-0.00530962128966217,0.04685405709131164
GS,2020-04-15,148.86,158.5,147.57,155.74,155.74,6042700,Financials,156.536,145.129,138.43099999999998,165.50260000000003,147.82876040756497,149.22698124015272,-1.3982208325877536,-6.211204552840814,155.49,4149600.0,144.84,4953500.0,134.87,3588200.0,63.75033701806418,7.525545429439395,15.474160302513539,0.0016078204386134054,0.04454388389025967
GS,2020-04-16,154.61,155.67,150.4,154.45,154.45,4662200,Financials,156.55,147.899,140.0455,164.39579999999998,148.84741265255497,149.61387151865995,-0.7664588661049834,-5.122255415493648,155.74,6042700.0,154.38,5194800.0,126.75,4689100.0,57.412724799758195,0.04534266096645201,21.85404339250492,-0.00828303582894585,0.03717052465146328
GS,2020-04-17,160.08,161.64,155.54,160.08,160.08,5426700,Financials,156.416,150.82700000000003,141.52849999999998,163.3606,150.57550301370034,150.3891402950555,0.18636271864482978,-4.060531788665953,154.45,4662200.0,160.75,6445800.0,130.8,4446900.0,66.79938744257275,-0.4167962674961001,22.385321100917423,0.03645192618970561,0.037350421290731455
GS,2020-04-20,156.77,162.55,155.31,157.38,157.38,4674800,Financials,156.628,153.747,143.35999999999999,162.3144,151.6223487039003,150.90698175468103,0.7153669492192591,-3.105352041088911,160.08,5426700.0,156.32,4774300.0,128.18,2801600.0,63.54665071770334,0.6780962128966284,22.78046497113433,-0.016866566716641773,0.03697556659955701
GS,2020-04-21,153.06,156.34,151.5,151.63,151.63,3819000,Financials,155.85600000000002,155.10600000000002,145.054,161.21959999999999,151.62352582637715,150.96053866174168,0.6629871646354673,-2.3516841999440357,157.38,4674800.0,155.49,4149600.0,138.04,4689400.0,62.280187573270794,-2.482474757219122,9.844972471747315,-0.03653577328758417,0.035396992643107944
GS,2020-04-22,154.85,155.45,152.21,153.53,153.53,2314500,Financials,155.414,155.975,146.0305,160.1738,151.91682954539604,151.15086913124227,0.765960414153767,-1.7281552771244753,151.63,3819000.0,155.74,6042700.0,144.84,4953500.0,71.58980973879392,-1.4190317195325597,5.999723833195247,0.012530501879575384,0.03266974558890541
GS,2020-04-23,154.42,156.22,152.19,152.72,152.72,2013300,Financials,155.068,155.80900000000003,146.89950000000002,159.1274,152.04039423071973,151.26710104744654,0.7732931832731822,-1.2278655850449438,153.53,2314500.0,154.45,4662200.0,154.38,5194800.0,68.6457978904389,-1.1201035933959158,-1.0752688172043001,-0.0052758418550120645,0.02513951315619375
GS,2020-04-24,154.42,155.25,151.36,154.42,154.42,2024400,Financials,153.93599999999998,155.176,147.3885,158.077,152.40648742599362,151.50064911800607,0.9058383079875512,-0.8011248064384449,152.72,2013300.0,160.08,5426700.0,160.75,6445800.0,72.67542343587968,-3.535732133933045,-3.9377916018662584,0.01113148245154516,0.02100389876758028
GS,2020-04-27,156.25,160.74,155.92,160.12,160.12,2743100,Financials,154.48399999999998,155.556,148.4875,157.1458,153.59318166814845,152.13911955370932,1.4540621144391253,-0.3500874222629309,154.42,2024400.0,157.38,4674800.0,156.32,4774300.0,70.55865921787708,1.7410090227474972,2.430910951893561,0.03691231705737619,0.022728464118021412
GS,2020-04-28,165.03,166.13,161.28,163.15,163.15,3344700,Financials,156.78799999999998,156.322,149.68200000000002,156.2972,155.06346141151022,152.95474032750863,2.108721084001587,0.1416742789899727,160.12,2743100.0,151.63,3819000.0,155.49,4149600.0,68.33566993791305,7.597441139616179,4.926361823911507,0.018923307519360444,0.023076327895535115
GS,2020-04-29,168.04,169.0,165.38,165.79,165.79,3086300,Financials,159.24,157.327,151.228,155.5686,156.7136981174317,153.90550030324874,2.808197814182961,0.6749789860285704,163.15,3344700.0,153.53,2314500.0,155.74,6042700.0,63.258191959098276,7.985410017586125,6.453062796969289,0.016181428133619224,0.023293282425197948
GS,2020-04-30,162.27,163.62,159.57,160.02,160.02,2695400,Financials,160.7,157.88400000000001,152.8915,154.6532,157.22235994551912,154.35842620671178,2.863933738807333,1.112769936584323,165.79,3086300.0,152.72,2013300.0,154.45,4662200.0,49.13975960405375,4.779989523310646,3.606345095500174,-0.034803064117256644,0.02645996378953973
GS,2020-05-01,156.16,156.69,154.11,154.51,154.51,2650200,Financials,160.71800000000002,157.327,154.077,153.7074,156.80507380005463,154.3696538951035,2.435419904951118,1.3772999302576823,160.02,2695400.0,154.42,2024400.0,160.08,5426700.0,47.920018386577794,0.05828260588007783,-3.4795102448775705,-0.03443319585051885,0.026254178798499464
GS,2020-05-04,152.67,153.82,149.81,153.57,153.57,2990100,Financials,159.408,156.946,155.3465,152.77939999999998,156.30737013850776,154.310420273244,1.9969498652637583,1.5012299172588977,154.51,2650200.0,160.12,2743100.0,157.38,4674800.0,47.79917469050892,-4.090681988508626,-2.420892108272976,-0.006083748624684526,0.025849906186285427
GS,2020-05-05,156.25,159.3,155.41,155.55,155.55,3272600,Financials,157.888,157.338,156.222,151.9964,156.19085165566042,154.40224099374444,1.7886106619159818,1.5587060661903145,153.57,2990100.0,163.15,3344700.0,151.63,3819000.0,49.790518191841244,-4.658289917254055,2.5852403877860697,0.012893143192029832,0.023125462409697806
GS,2020-05-06,156.76,158.08,152.86,154.35,154.35,2408700,Financials,155.6,157.42,156.69750000000002,151.30960000000002,155.90764370863573,154.39837129050412,1.5092724181316157,1.5488193365785747,155.55,3272600.0,165.79,3086300.0,153.53,2314500.0,49.88952717631464,-6.900295554617286,0.5340975705073969,-0.0077145612343298975,0.023064822510672534
GS,2020-05-07,156.32,159.98,156.32,159.06,159.06,2480100,Financials,155.408,158.054,156.9315,150.74859999999998,156.39262159961484,154.74367712083716,1.648944478777679,1.5688443650183959,154.35,2408700.0,160.02,2695400.0,152.72,2013300.0,48.84979702300405,-0.5999250093738362,4.151388161341019,0.030515063168124357,0.024738113229597097
GS,2020-05-08,161.42,162.19,159.43,161.74,161.74,2277500,Financials,156.85399999999998,158.786,156.981,150.4162,157.21529519967407,155.26192326003442,1.953371939639652,1.645749879942647,159.06,2480100.0,154.51,2650200.0,154.42,2024400.0,54.91877256317691,4.6793087826030755,4.74031861157882,0.01684898780334465,0.024977123015557864
GS,2020-05-11,159.25,161.27,158.13,159.79,159.79,2212200,Financials,158.098,158.753,157.15449999999998,150.1088,157.61140363049344,155.5973363518837,2.01406727860973,1.719413359676064,161.74,2277500.0,153.57,2990100.0,160.12,2743100.0,60.0691016781836,4.050270235071962,-0.20609542842868755,-0.012056386793619533,0.022705835314846847
GS,2020-05-12,160.43,160.79,154.2,154.6,154.6,3549200,Financials,157.908,157.898,157.11,149.54579999999999,157.1481107642637,155.5234595850775,1.624651179186202,1.7004609235780916,159.79,2212200.0,155.55,3272600.0,163.15,3344700.0,51.221182378452404,-0.61073609771779,-5.240576156910826,-0.032480130170849275,0.023747318806950232
GS,2020-05-13,153.25,154.31,148.97,149.88,149.88,3445300,Financials,157.014,156.30700000000002,156.81699999999998,148.9938,156.02993987745387,155.1054255417384,0.9245143357154575,1.545271606005565,154.6,3549200.0,154.35,2408700.0,165.79,3086300.0,47.02430846605197,-2.896015549076769,-9.596477471500087,-0.030530401034928878,0.02368728078261482
GS,2020-05-14,147.47,152.48,144.26,152.19,152.19,4176700,Financials,155.64000000000001,155.52399999999997,156.704,148.3954,155.4391798963071,154.88946809420224,0.5497118021048664,1.3461596452254252,149.88,3445300.0,159.06,2480100.0,160.02,2695400.0,47.69294434098905,-4.319124858543944,-4.893138357705295,0.015412329863891072,0.02310981381121456
GS,2020-05-15,151.35,151.88,148.82,149.94,149.94,2867800,Financials,153.28,155.06699999999998,156.197,147.9256,154.59315221995217,154.52284082796504,0.07031139198713277,1.0909899945777666,152.19,4176700.0,161.74,2277500.0,154.51,2650200.0,38.65864527629233,-7.2956597007543085,-2.9577373632774573,-0.014784151389710232,0.021050367069918616
GS,2020-05-18,155.04,159.74,152.88,158.68,158.68,4505800,Financials,153.058,155.578,156.262,147.7342,155.22189803226723,154.83077854441208,0.3911194878551498,0.9510158932332433,149.94,2867800.0,159.79,2212200.0,153.57,2990100.0,45.58213085590038,-0.6946617435383828,3.327472813700605,0.05828998265973051,0.028469491416195775
GS,2020-05-19,157.52,158.95,155.05,155.14,155.14,2210500,Financials,153.166,155.53699999999998,156.4375,147.8218,155.20929833499534,154.8536838374186,0.35561449757673813,0.8319356141019424,158.68,4505800.0,154.6,3549200.0,155.55,3272600.0,39.65818605554478,0.34928848641655463,-0.2635808421729502,-0.022309049659692604,0.029360550705223788
GS,2020-05-20,157.86,160.38,157.3,158.29,158.29,2599900,Financials,154.848,155.931,156.6755,147.771,155.68325243730376,155.10822577538758,0.5750266619161835,0.7805538236647906,155.14,2210500.0,149.88,3445300.0,154.35,2408700.0,48.22999795375484,5.611155591139583,2.5526401036605195,0.02030424133041131,0.02986254056943096
GS,2020-05-21,157.21,158.06,155.01,157.12,157.12,2153500,Financials,155.834,155.737,156.8955,147.9142,155.90429052387242,155.25724608832184,0.6470444355505833,0.7538519460419493,158.29,2599900.0,152.19,4176700.0,159.06,2480100.0,52.930608578486414,3.239371837834293,-1.2196655350182328,-0.007391496620127502,0.028337588274799676
GS,2020-05-22,157.06,157.59,155.34,156.97,156.97,2176400,Financials,157.24,155.26,157.023,148.4244,156.06824582789204,155.38411674844616,0.6841290794458814,0.7399073727227358,157.12,2153500.0,149.94,2867800.0,161.74,2277500.0,53.886602652034746,4.688542083500069,-2.9491776925930524,-0.0009546843177189457,0.027651666076085334
GS,2020-05-26,161.95,171.95,161.59,171.05,171.05,5971200,Financials,159.714,156.386,157.5695,148.754,158.37313108513942,156.54455254485754,1.8285785402818817,0.957641606234565,156.97,2176400.0,158.68,4505800.0,159.79,2212200.0,63.878939828080206,7.795563398033778,7.046748857875973,0.0896986685353891,0.03984123199768328
GS,2020-05-27,177.1,183.83,174.49,182.91,182.91,8182100,Financials,165.268,159.217,158.55749999999998,149.71359999999999,162.14803399511794,158.49754865264586,3.6504853424720807,1.496210353482068,171.05,5971200.0,155.14,2210500.0,154.6,3549200.0,71.4736842105263,17.899961325254623,18.311772315653307,0.06933645133002031,0.041458666483992185
GS,2020-05-28,183.94,184.35,175.54,175.55,175.55,4886100,Financials,168.72,161.784,159.0455,150.45600000000002,164.20987491894596,159.76069319689432,4.449181722051634,2.0868046271959813,182.91,8182100.0,158.29,2599900.0,149.88,3445300.0,61.9233550253073,10.904036894307922,17.12703496130239,-0.04023836859657748,0.04280548683731312
GS,2020-05-29,173.14,176.38,170.88,172.49,172.49,3822600,Financials,171.794,163.81400000000002,159.669,151.4626,165.4837403160312,160.7036048119392,4.780135504092016,2.6254708025751885,175.55,4886100.0,157.12,2153500.0,152.19,4176700.0,57.73047605350209,9.782331975560087,13.338589920494126,-0.01743093135858731,0.0441570080196016
GS,2020-06-01,173.21,177.13,171.29,175.51,175.51,2230800,Financials,175.502,166.371,160.719,152.36440000000002,167.02624180587256,161.8003748258696,5.225866980002962,3.1455500380607435,172.49,3822600.0,156.97,2176400.0,149.94,2867800.0,61.13314447592068,11.811174109702494,17.05348806189142,0.017508261348483822,0.043029009541384694
GS,2020-06-02,178.88,181.28,176.73,179.21,179.21,4128700,Financials,177.13400000000001,168.424,162.001,153.5336,168.9006661434306,163.08997669062,5.810689452810607,3.6785779210107163,175.51,2230800.0,171.05,5971200.0,158.68,4505800.0,67.80494863261468,4.770534931306636,12.937988404335776,0.021081419862116313,0.04056968269002435
GS,2020-06-03,183.03,186.05,181.22,184.85,184.85,3471900,Financials,177.522,171.39499999999998,163.46599999999998,154.87560000000002,171.35440981367208,164.7018302690926,6.652579544579481,4.273378245724469,179.21,4128700.0,182.91,8182100.0,155.14,2210500.0,74.96787091246608,1.0606309113771806,19.150444759572018,0.03147145806595608,0.03890526637712225
GS,2020-06-04,183.29,188.73,182.56,188.58,188.58,3522300,Financials,180.128,174.424,165.17749999999998,155.96720000000002,174.0045006115687,166.47058358249316,7.533917029075525,4.925486002394681,184.85,3471900.0,175.55,4886100.0,158.29,2599900.0,75.46536039188244,7.42238678439191,19.13576347210817,0.020178523126859638,0.03890458089706785
GS,2020-06-05,194.89,195.75,191.08,191.31,191.31,4737600,Financials,183.892,177.84300000000002,166.79000000000002,157.0866,176.66688513286581,168.31054035416034,8.356344778705477,5.6116577576568405,188.58,3522300.0,172.49,3822600.0,157.12,2153500.0,78.75712498262199,10.91077743637312,21.760437881873717,0.014476614699331813,0.03790002564353496
GS,2020-06-08,193.15,195.12,191.59,193.84,193.84,3260300,Financials,187.558,181.53,168.395,158.07059999999998,179.3089028047326,170.20161143903735,9.10729136569526,6.310784479264525,191.31,4737600.0,175.51,2230800.0,156.97,2176400.0,76.74984783931832,10.443849353313217,23.488564693890556,0.013224609272907806,0.037267603989417974
GS,2020-06-09,189.39,193.15,188.88,191.46,191.46,2478400,Financials,190.00799999999998,183.571,169.9785,159.137,181.17830237323528,171.77630688799752,9.401995485237762,6.929026680459173,193.84,3260300.0,179.21,4128700.0,171.05,5971200.0,78.1288723667906,6.8355560515596325,11.932183572054944,-0.012278167560874964,0.029884377791684964
GS,2020-06-10,190.84,193.0,186.81,187.44,187.44,3091200,Financials,190.526,184.024,171.6205,160.10060000000001,182.14164046966064,172.93658045184958,9.205060017811064,7.384233347929552,191.46,2478400.0,184.85,3471900.0,182.91,8182100.0,72.27571450405014,1.4011360562618425,2.4766278497621697,-0.020996552804763424,0.02351061896439717
GS,2020-06-11,179.7,181.63,170.32,170.42,170.42,4923400,Financials,186.894,183.51100000000002,172.6475,160.8116,180.33831116663592,172.75016708504592,7.588144081590002,7.425015494661642,187.44,3091200.0,188.58,3522300.0,175.55,4886100.0,58.18159448818896,-9.62986530915263,-2.922244374822003,-0.09080239009816482,0.03592899258432484
GS,2020-06-12,176.12,178.16,172.25,177.14,177.14,3380800,Financials,184.06,183.976,173.895,161.8194,179.84626329484576,173.07533989356102,6.770923401284733,7.29419707598626,170.42,4923400.0,191.31,4737600.0,172.49,3822600.0,61.479795105293114,-7.40682661648634,2.695808452663906,0.039431991550287426,0.03773262283078154
GS,2020-06-15,171.83,181.71,171.32,181.11,181.11,3467400,Financials,181.514,184.536,175.45350000000002,162.8256,180.04068432640796,173.6704999014454,6.370184424962559,7.10939454578152,177.14,3380800.0,193.84,3260300.0,175.51,2230800.0,56.47028556727553,-6.567271976888145,3.1907013845364984,0.022411651800835708,0.03796847171412515
GS,2020-06-16,188.72,188.72,178.85,183.99,183.99,3099100,Financials,180.02,185.014,176.719,163.9418,180.6482713531144,174.43490731615316,6.213364036961252,6.9301884440174675,181.11,3467400.0,191.46,2478400.0,179.21,4128700.0,50.785340314136135,-3.9015982450642417,2.667261871547355,0.01590193804869955,0.037741484152961774
GS,2020-06-17,184.35,185.05,180.35,181.01,181.01,1798300,Financials,178.734,184.63000000000002,178.0125,164.8012,180.70392191417375,174.92195121866033,5.781970695513422,6.700544894316659,183.99,3099100.0,187.44,3091200.0,184.85,3471900.0,54.24044734389561,-3.430431071276141,-2.077360021639174,-0.016196532420240328,0.03678650751114312
GS,2020-06-18,179.08,181.95,177.92,178.95,178.95,2051700,Financials,180.44,183.66699999999997,179.0455,165.4834,180.43408777353164,175.22032520246327,5.213762571068372,6.403188429667002,181.01,1798300.0,170.42,4923400.0,188.58,3522300.0,55.096244872199414,5.005281070296919,-5.1065860642698135,-0.011380586707916751,0.03607016908159009
GS,2020-06-19,181.76,182.09,176.43,177.01,177.01,4962400,Financials,180.414,182.237,180.04000000000002,165.93599999999998,179.90730503914216,175.35289370598448,4.554411333157674,6.033433010365136,178.95,2051700.0,177.14,3380800.0,191.31,4737600.0,51.203852327447834,-0.07338828045613255,-7.474779154252264,-0.010841017043866974,0.03546422046359515
GS,2020-06-22,176.44,179.59,175.57,178.58,178.58,1806900,Financials,179.908,180.711,181.1205,166.2926,179.70310426388951,175.5919386166523,4.111165647237215,5.648979537739552,177.01,4962400.0,181.11,3467400.0,193.84,3260300.0,49.47648329732425,-1.3969410855281361,-7.872472141972753,0.008869555392350792,0.03521202663282209
GS,2020-06-23,181.28,182.17,178.77,179.77,179.77,2451800,Financials,179.064,179.542,181.5565,166.7616,179.71339591559882,175.90142464504842,3.8119712705504014,5.281577884301722,178.58,1806900.0,183.99,3099100.0,191.46,2478400.0,45.44149318018667,-2.2936029132018088,-6.1057139872558235,0.006663680143353057,0.035440427555982895
GS,2020-06-24,177.63,177.87,173.27,173.84,173.84,2756700,Financials,177.63,178.182,181.103,167.1286,178.80979654396822,175.748726523193,3.061070020775219,4.837476311596422,179.77,2451800.0,181.01,1798300.0,187.44,3091200.0,37.275552486187856,-3.9611071211535176,-7.255655142979078,-0.03298659398119819,0.036210128679234545
GS,2020-06-25,173.7,182.06,173.48,181.81,181.81,3466500,Financials,178.202,179.321,181.416,167.65,179.27136630643466,176.1977097436972,3.0736565627374546,4.484712361824629,173.84,2756700.0,178.95,2051700.0,170.42,4923400.0,42.479417352754915,1.598211791003079,6.683487853538317,0.04584675563736762,0.02510845713130458
GS,2020-06-26,174.7,175.78,165.49,166.08,166.08,9530700,Financials,176.01600000000002,178.215,181.0955,167.8826,177.24192533621397,175.4482497626826,1.7936755735313739,3.9465050041659784,181.81,3466500.0,177.01,4962400.0,177.14,3380800.0,31.822943949711913,-6.1747923846110275,-6.2436490911143565,-0.08651889335020069,0.036092606182836176
GS,2020-06-29,168.01,170.22,165.62,169.84,169.84,3736000,Financials,174.268,177.088,180.812,168.0778,176.10316759218102,175.03282385433573,1.0703437378452918,3.3712727509018414,166.08,9530700.0,178.58,1806900.0,181.11,3467400.0,36.09467455621303,-4.894165080076163,-6.222737562807135,0.022639691714836152,0.036112494065505193
GS,2020-06-30,170.17,174.18,169.97,173.48,173.48,3102800,Financials,173.01000000000002,176.03699999999998,180.52550000000002,168.3998,175.6996033472301,174.9177998651257,0.781803482104408,2.853378897142355,169.84,3736000.0,179.77,2451800.0,183.99,3099100.0,40.97724922440538,-3.4989152806363832,-5.712266971031044,0.021431935939707936,0.0365217718868648
GS,2020-07-01,174.59,175.35,171.64,173.44,173.44,2620100,Financials,172.93,175.28,179.95499999999998,168.83599999999998,175.35197206304085,174.8083332084497,0.543638854591137,2.3914308886321116,173.48,3102800.0,173.84,2756700.0,181.01,1798300.0,52.50082808877112,-0.23009664058905033,-4.182089387326659,-0.0002305741295826058,0.036338449002242715
GS,2020-07-02,177.77,178.21,173.05,173.29,173.29,2699400,Financials,171.22599999999997,174.714,179.19050000000001,169.23120000000003,175.03474559180378,174.6958640818979,0.33888150990588883,1.980921012886867,173.44,2620100.0,181.81,3466500.0,178.95,2051700.0,46.42259803010593,-4.6862108794895825,-3.1628946633137756,-0.0008648523985239631,0.03624192723741711
GS,2020-07-06,176.75,182.41,176.57,182.04,182.04,3567700,Financials,174.418,175.217,178.727,169.81759999999997,176.11247703921856,175.23987414990546,0.8726028893131001,1.7592573881721136,173.29,2699400.0,166.08,9530700.0,177.01,4962400.0,50.79365079365077,9.609826589595372,2.8416473645556772,0.05049339257891394,0.03971562771275195
GS,2020-07-07,180.4,180.59,174.86,175.01,175.01,2853500,Financials,175.452,174.85999999999999,177.7855,170.2294,175.9428651870311,175.22284643509767,0.7200187519334236,1.5514096609243757,182.04,3567700.0,169.84,3736000.0,178.58,1806900.0,42.84348103283391,3.0440414507771907,-1.9991040430059503,-0.03861788617886175,0.041791581188824665
GS,2020-07-08,175.17,178.43,174.71,177.55,177.55,2789700,Financials,176.266,174.63799999999998,177.09,170.578,176.19011669671863,175.395228180646,0.794888516072632,1.4001054319540271,175.01,2853500.0,173.48,3102800.0,179.77,2451800.0,47.223113964687016,2.3460917685035776,-1.234911275518713,0.01451345637392154,0.04202904381389541
GS,2020-07-09,177.43,177.77,171.18,172.79,172.79,3160100,Financials,176.13600000000002,174.533,176.35750000000002,170.7708,175.6670218203004,175.20224831541296,0.4647735048874324,1.2130390465407082,177.55,2789700.0,173.44,2620100.0,173.84,2756700.0,45.26153846153847,-0.37476937269372845,-0.6040036815462613,-0.02680934947902014,0.04153991280262405
GS,2020-07-10,172.83,181.12,172.79,180.46,180.46,4414800,Financials,177.57,174.398,176.8595,171.06419999999997,176.40440307871572,175.59171140316013,0.812691675555584,1.1329695723436832,172.79,3160100.0,173.29,2699400.0,181.81,3466500.0,52.438851972288994,4.137572854752158,-0.7425334140036322,0.04438914289021367,0.04136408382434385
GS,2020-07-13,183.48,186.97,181.72,183.37,183.37,4449600,Financials,177.83599999999998,176.127,177.171,171.53119999999998,177.4760333742979,176.167880928852,1.308152445445927,1.168006146964132,180.46,4414800.0,182.04,3567700.0,166.08,9530700.0,53.323158040793665,0.7306086574379256,10.410645472061653,0.016125457165022672,0.028109044524840577
GS,2020-07-14,185.61,188.13,181.73,187.87,187.87,5202000,Financials,180.408,177.93,177.509,172.1984,179.07510516286746,177.03470456375186,2.0404005991156,1.3424850373944257,183.37,4449600.0,175.01,2853500.0,169.84,3736000.0,55.37277792517909,7.348151534198055,10.615873763542162,0.02454054643616721,0.028207962890080523
GS,2020-07-15,196.97,197.73,188.47,190.41,190.41,12516700,Financials,182.98000000000002,179.623,177.83,172.9352,180.8189351378109,178.02546718865915,2.7934679491517613,1.632681619745893,187.87,5202000.0,177.55,2789700.0,173.48,3102800.0,61.50854285317405,7.243030132357076,9.759050034586124,0.013519987225208974,0.027977193641630167
GS,2020-07-16,187.43,193.54,187.43,188.45,188.45,5769600,Financials,186.11200000000002,181.124,178.202,173.5932,181.99294511660923,178.79765480431402,3.1952903122952137,1.9452033582557573,190.41,12516700.0,172.79,3160100.0,173.44,2620100.0,55.03182782661412,9.063024480583358,8.654289667896675,-0.01029357701801381,0.028549430976445786
GS,2020-07-17,188.65,188.89,185.45,185.59,185.59,3614300,Financials,187.138,182.35399999999998,178.53400000000002,174.218,182.54633817559244,179.30079148547594,3.245546690116498,2.205272024627906,188.45,5769600.0,180.46,4414800.0,173.29,2699400.0,68.36753906985501,2.8427352321844124,7.097928328235903,-0.015176439373839168,0.02942737830488555
GS,2020-07-20,184.99,187.14,184.57,185.85,185.85,2268700,Financials,187.63400000000001,182.73499999999999,178.976,174.7538,183.0545938408859,179.78591804210737,3.2686757987785313,2.417952779458031,185.59,3614300.0,183.37,4449600.0,182.04,3567700.0,66.13585970570448,1.352456781370992,2.092946605141721,0.0014009375505146249,0.025207500508006072
GS,2020-07-21,186.33,187.7,184.7,186.13,186.13,3393500,Financials,187.286,183.847,179.3535,175.2416,183.52773324998037,180.2558500389883,3.2718832109920584,2.588738865764837,185.85,2268700.0,187.87,5202000.0,175.01,2853500.0,63.67567567567568,-0.926172353222976,6.353922632992393,0.0015065913370997386,0.020761525595271283
GS,2020-07-22,184.79,185.23,180.27,180.84,180.84,4978400,Financials,185.37199999999999,184.176,179.40699999999998,175.6626,183.11423582690648,180.29912040647065,2.8151154204358306,2.6340141766990355,186.13,3393500.0,190.41,12516700.0,177.55,2789700.0,57.18446601941748,-5.025996533795496,1.852999155167545,-0.028420996078009964,0.023188294863613394
GS,2020-07-23,180.05,180.86,177.37,178.23,178.23,4088600,Financials,183.328,184.71999999999997,179.6265,176.1352,182.3628149304593,180.14585222821356,2.216962702245752,2.550603881808379,180.84,4978400.0,188.45,5769600.0,172.79,3160100.0,54.57746478873239,-5.423189174847442,3.1483303431911525,-0.014432647644326502,0.021761514765785337
GS,2020-07-24,178.21,179.9,176.73,176.86,176.86,3191500,Financials,181.582,184.36,179.379,176.6748,181.51622801808097,179.90245576686442,1.6137722512165453,2.3632375556900125,178.23,4088600.0,185.59,3614300.0,180.46,4414800.0,44.43967367969088,-4.703917236920086,-1.9949019173224003,-0.007686696964596229,0.01641452032952691
GS,2020-07-27,175.66,179.24,175.21,178.23,178.23,2601200,Financials,180.058,183.846,179.9865,177.19559999999998,181.01065447683771,179.77857015450408,1.232084322333634,2.1370069090187367,176.86,3191500.0,185.85,2268700.0,183.37,4449600.0,53.93450635386119,-4.100080710250209,-2.803075748486672,0.007746239963813073,0.01558553238577967
GS,2020-07-28,177.25,178.73,176.53,177.0,177.0,2139600,Financials,178.23200000000003,182.75900000000001,180.34449999999998,177.73679999999996,180.39363071117037,179.57275014305935,0.8208805681110221,1.873781640837194,178.23,2601200.0,186.13,3393500.0,187.87,5202000.0,49.30573087604139,-4.905173803255791,-5.785915792835472,-0.006901195085002421,0.012297524784906878
GS,2020-07-29,177.07,178.99,175.24,177.84,177.84,2635000,Financials,177.632,181.502,180.5625,178.12,180.0007644479134,179.44439828061053,0.5563661673028832,1.6102985461303319,177.0,2139600.0,180.84,4978400.0,190.41,12516700.0,57.07481087139257,-1.6589250165892522,-6.601544036552697,0.004745762711864332,0.011005149441296894
GS,2020-07-30,175.14,175.57,172.33,175.16,175.16,3057900,Financials,177.018,180.173,180.6485,178.52039999999997,179.25603145592672,179.12703544500974,0.12899601091697832,1.3140380390876614,177.84,2635000.0,178.23,4088600.0,188.45,5769600.0,41.368078175895725,-1.7224934073949316,-7.052268506235071,-0.015069725596041472,0.011276268502082862
GS,2020-07-31,175.43,175.43,172.51,173.78,173.78,2399700,Financials,176.402,178.99200000000002,180.673,178.8302,178.41356507809184,178.73095874537938,-0.31739366728754703,0.9877516978126196,175.16,3057900.0,176.86,3191500.0,185.59,3614300.0,33.56187864244082,-1.7414904444193247,-6.363489412145052,-0.007878511075588013,0.01093576957628621
GS,2020-08-03,174.25,175.47,172.53,175.04,175.04,2294600,Financials,175.76399999999998,177.911,180.32299999999998,179.1886,177.89455506607771,178.4575543938698,-0.5629993277920846,0.6776014926916788,173.78,2399700.0,178.23,2601200.0,185.85,2268700.0,25.26031623601996,-1.7898221399315517,-5.816518697874629,0.00725054666820113,0.01154478725773753
GS,2020-08-04,175.0,177.08,174.24,177.01,177.01,1944700,Financials,175.766,176.999,180.423,179.58939999999998,177.75846967129652,178.35032814247202,-0.5918584711754988,0.42370949991824336,175.04,2294600.0,177.0,2139600.0,186.13,3393500.0,23.580441640378467,0.005649717514111252,-4.899801214205124,0.011254570383912199,0.012603934882959097
GS,2020-08-05,178.36,179.8,178.22,179.54,179.54,2232400,Financials,176.106,176.869,180.52249999999998,179.7592,178.0325512603278,178.4384519837704,-0.4059007234425849,0.2577874552460777,177.01,1944700.0,177.84,2635000.0,180.84,4978400.0,32.8191284226764,0.9559154295996297,-0.7188675071886808,0.014292977797864426,0.01088205304462504
GS,2020-08-06,179.96,181.1,178.94,179.31,179.31,1882400,Financials,176.93599999999998,176.977,180.8485,179.68719999999996,178.229081835662,178.5030110960837,-0.27392926042170984,0.1514441121125202,179.54,2232400.0,175.16,3057900.0,178.23,4088600.0,36.52360515021455,2.36926238867321,0.605958592829503,-0.0012810515762503583,0.00977173981250921
GS,2020-08-07,178.63,183.3,177.73,182.83,182.83,3075000,Financials,178.746,177.574,180.96699999999998,179.8328,178.9369153994063,178.8235287926701,0.11338660673621348,0.14383261103725886,179.31,1882400.0,173.78,2399700.0,176.86,3191500.0,44.31475903614461,5.207733916446089,3.375551283501066,0.019630806982321225,0.010932499829241427
GS,2020-08-10,183.99,184.91,182.63,183.81,183.81,2432800,Financials,180.5,178.132,180.98899999999998,180.05920000000003,179.68662072257456,179.19289703025007,0.49372369232449387,0.21381082729470588,182.83,3075000.0,175.04,2294600.0,178.23,2601200.0,45.74468085106383,5.010283363802559,3.130786062952362,0.005360170650330787,0.01085233765501035
GS,2020-08-11,186.74,190.45,184.82,185.28,185.28,4042700,Financials,182.154,178.95999999999998,180.8595,180.25459999999998,180.54714061140925,179.64379354652783,0.9033470648814159,0.3517180748120479,183.81,2432800.0,177.01,1944700.0,177.0,2139600.0,59.47098976109218,4.672052426416595,4.677966101694908,0.007997388607801525,0.01033074145794045
GS,2020-08-12,188.48,189.58,183.71,186.22,186.22,2439400,Financials,183.49,179.798,180.64999999999998,180.39480000000003,181.41988820965398,180.13091995048873,1.2889682591652445,0.5391681116826872,185.28,4042700.0,179.54,2232400.0,177.84,2635000.0,68.35094166283885,3.7206193605881843,4.712100764732341,0.0050734024179619475,0.010331667872224181
GS,2020-08-13,184.71,186.28,182.33,182.94,182.94,2219900,Financials,184.216,180.576,180.37449999999998,180.3566,181.6537515620149,180.33899995415624,1.3147516078586534,0.6942848109178805,186.22,2439400.0,179.31,1882400.0,175.16,3057900.0,62.83783783783783,2.0244269700518736,4.441653345512675,-0.017613575340994503,0.010887856508742258
GS,2020-08-14,182.12,183.9,181.38,182.57,182.57,2287600,Financials,184.164,181.45499999999998,180.2235,180.2364,181.79471286016644,180.5042592168113,1.2904536433551357,0.8135185774053315,182.94,2219900.0,182.83,3075000.0,173.78,2399700.0,59.56790123456792,-0.14220860909042177,5.0581194613879665,-0.0020225210451514375,0.010294901013296543
GS,2020-08-17,181.72,182.47,177.8,178.27,178.27,3922600,Financials,183.05599999999998,181.778,179.84449999999998,179.9756,181.25244934321776,180.33875853408452,0.913690809133243,0.8335530237509139,182.57,2287600.0,183.81,2432800.0,175.04,2294600.0,52.46601941747575,-3.0139818290626175,1.845292504570395,-0.023552609957824266,0.013617044477604522
GS,2020-08-18,178.6,178.72,176.54,176.72,176.72,3067900,Financials,181.344,181.749,179.374,179.6332,180.5551494442612,180.07070234637456,0.48444709788662976,0.7637318385780572,178.27,3922600.0,185.28,4042700.0,177.01,1944700.0,47.88359788359788,-4.6200345423143325,-0.16383255183322065,-0.008694676614124708,0.013557752442913906
GS,2020-08-19,177.68,180.93,177.13,178.23,178.23,2458500,Financials,179.746,181.618,179.24349999999998,179.36860000000001,180.1974341451441,179.93435402442088,0.2630801207232025,0.6636014950070863,176.72,3067900.0,186.22,2439400.0,179.54,2232400.0,56.06959272439699,-4.2906239931264185,-0.7296424195165407,0.008544590312358435,0.01299059230098831
GS,2020-08-20,176.24,178.45,175.87,177.2,177.2,1764200,Financials,178.598,181.407,179.192,179.16379999999998,179.73629043050653,179.73180928187116,0.004481148635363752,0.5317774257327418,178.23,2458500.0,182.94,2219900.0,179.31,1882400.0,56.856455493183624,-3.1376407565322006,-1.1767330321789116,-0.005779049542725678,0.013092121781905951
GS,2020-08-21,175.67,178.52,175.42,177.71,177.71,1780900,Financials,177.626,180.89499999999998,179.2345,179.3096,179.42455344119784,179.58204563136218,-0.15749219016433358,0.3939235025533267,177.2,1764200.0,182.57,2287600.0,182.83,3075000.0,55.51880942538243,-2.6619926603494437,-2.8004156867034946,0.0028781038374718904,0.011057620016517423
GS,2020-08-24,178.3,182.1,176.73,182.02,182.02,3097400,Financials,178.37599999999998,180.71599999999998,179.424,179.40720000000002,179.82385291178278,179.76263484385387,0.061218067928905384,0.32738241562844245,177.71,1780900.0,178.27,3922600.0,183.81,2432800.0,59.44214097248402,2.103550793739828,-0.9738316740112052,0.024252996454898534,0.013861611416390422
GS,2020-08-25,184.34,184.78,180.11,180.84,180.84,2627600,Financials,179.2,180.272,179.61599999999999,179.4018,179.98018323304697,179.84243967023505,0.13774356281192013,0.28945464506513796,182.02,3097400.0,176.72,3067900.0,185.28,4042700.0,52.581413820492486,2.3313716613852398,-2.396373056994816,-0.0064828040874629345,0.013583398480176324
GS,2020-08-26,180.74,181.97,179.99,181.91,181.91,2563200,Financials,179.936,179.84099999999998,179.8195,179.3602,180.27707812027052,179.99559228725468,0.28148583301583585,0.28786088265527754,180.84,2627600.0,178.23,2458500.0,186.22,2439400.0,54.99615680245964,2.064747797789379,-2.3144667597465363,0.005916832559168306,0.013637054866852434
GS,2020-08-27,181.44,186.99,181.2,184.48,184.48,3692400,Financials,181.392,179.99499999999998,180.2855,179.4296,180.92368148638275,180.3277706363469,0.5959108500358354,0.3494708761313891,181.91,2563200.0,177.2,1764200.0,182.94,2219900.0,53.29078579976063,4.108352144469518,0.8418060566305785,0.014127865427958852,0.013356235129417143
GS,2020-08-28,186.01,186.11,181.8,182.34,182.34,3697400,Financials,182.318,179.972,180.7135,179.49740000000003,181.14157664232386,180.47682466328416,0.6647519790396927,0.4125270967130498,184.48,3692400.0,177.71,1780900.0,182.57,2287600.0,47.1978650400305,2.605368296663091,-0.12597907651858975,-0.011600173460537655,0.013922015854901581
GS,2020-08-31,181.49,182.3,179.84,180.94,180.94,3046200,Financials,182.102,180.23899999999998,181.0085,179.57600000000002,181.11056485119713,180.51113394748532,0.5994309037118057,0.449907858112801,182.34,3697400.0,182.02,3097400.0,178.27,3922600.0,41.70489296636085,-0.5933413910559349,1.4977281651427532,-0.0076779642426236805,0.011665060842563017
GS,2020-09-01,179.82,182.56,179.3,181.46,181.46,2457000,Financials,182.226,180.713,181.231,179.6336,181.1643241048591,180.58142032174567,0.5829037831134372,0.47650704311292824,180.94,3046200.0,180.84,2627600.0,176.72,3067900.0,40.753690753690776,0.3428445034284522,2.682209144409242,0.0028738808444788155,0.011096105161775088
GS,2020-09-02,181.75,186.29,181.38,185.5,185.5,3565200,Financials,182.94400000000002,181.44,181.529,179.7482,181.83135116565,180.9457595571719,0.8855916084781086,0.5583239561859643,181.46,2457000.0,181.91,2563200.0,178.23,2458500.0,54.83018867924529,1.973503380792696,4.0789990461763015,0.0222638598038134,0.012639121609915574
GS,2020-09-03,187.01,190.09,181.79,183.31,183.31,3533500,Financials,182.71,182.051,181.72899999999998,179.93759999999997,182.05883560170386,181.12088847886287,0.9379471228409955,0.6342485895169705,185.5,3565200.0,184.48,3692400.0,177.2,1764200.0,51.30649717514127,-0.634215091066781,3.4480812641083602,-0.011805929919137426,0.013288358536444958
GS,2020-09-04,186.26,188.43,181.34,186.3,186.3,3668900,Financials,183.502,182.91000000000003,181.9025,180.02740000000003,182.71132243221098,181.5045263693175,1.2067960628934884,0.7487580841922741,183.31,3533500.0,182.34,3697400.0,177.71,1780900.0,64.86486486486487,2.1717670286278468,4.833717854932185,0.016311166875784266,0.013886841829616439
GS,2020-09-08,185.04,185.43,177.76,178.83,178.83,4574700,Financials,183.07999999999998,182.59099999999998,181.6535,180.28240000000002,182.11419590417853,181.3064133049236,0.8077825992549208,0.7605629872048034,186.3,3668900.0,180.94,3046200.0,182.02,3097400.0,53.203765563316146,-1.1661324195865963,-1.752554664322603,-0.0400966183574879,0.018138701640334206
GS,2020-09-09,180.34,180.9,178.43,178.6,178.6,4681400,Financials,182.508,182.36700000000002,181.3195,180.4576,181.57355038045876,181.10593824529963,0.46761213515912914,0.7019728167956687,178.83,4574700.0,181.46,2457000.0,180.84,2627600.0,50.584518167456565,-1.5761049267056126,-1.2386640123866477,-0.0012861376726500673,0.018058070652044955
GS,2020-09-10,179.93,181.36,176.24,176.65,176.65,2510300,Financials,180.738,181.841,180.841,180.52100000000002,180.81608109115743,180.7758687456478,0.04021234550961594,0.5696207225384582,178.6,4681400.0,185.5,3565200.0,181.91,2563200.0,49.15566472213696,-4.7708894878706225,-2.8915397724149305,-0.010918253079507223,0.018116154729256
GS,2020-09-11,176.85,178.32,175.71,177.45,177.45,2376400,Financials,179.56599999999997,181.138,180.5665,180.60119999999998,180.2982224617486,180.52950809782206,-0.23128563607346564,0.40943945081607347,176.65,2510300.0,183.31,3533500.0,184.48,3692400.0,49.60438222763235,-3.196770498063395,-3.810711188204685,0.004528729125389042,0.017359169476001503
GS,2020-09-14,179.55,179.55,177.23,177.82,177.82,2756900,Financials,177.87,180.68599999999998,180.329,180.6918,179.9169574676334,180.32880379427968,-0.41184632664626974,0.24518229532360483,177.45,2376400.0,186.3,3668900.0,182.34,3697400.0,42.73858921161822,-4.551798174986588,-2.4788855983327918,0.0020850943927868126,0.01720951929797578
GS,2020-09-15,178.4,178.92,174.85,174.87,174.87,3717600,Financials,177.078,180.079,180.159,180.54840000000002,179.1405024726129,179.92444795766636,-0.7839454850534651,0.03935673924819086,177.82,2756900.0,178.83,4574700.0,180.94,3046200.0,40.273704789833815,-2.2143935581278362,-3.3547032165358592,-0.016589809920143916,0.01773745215806172
GS,2020-09-16,175.3,179.99,174.93,177.24,177.24,3571400,Financials,176.80599999999998,179.657,180.185,180.593,178.84811747682627,179.72559996080219,-0.8774824839759106,-0.14401110539662942,174.87,3717600.0,178.6,4681400.0,181.46,2457000.0,42.70084401375431,-0.7614781634938339,-2.3255813953488413,0.013552925030022367,0.01845497010040222
GS,2020-09-17,175.06,176.54,171.79,172.07,172.07,4274800,Financials,175.89000000000001,178.31400000000002,179.877,180.4834,177.80533017269914,179.15851848222422,-1.3531883095250805,-0.3858465462223196,177.24,3571400.0,176.65,2510300.0,185.5,3565200.0,32.061289389997114,-2.5926974242853174,-7.2398921832884096,-0.029169487700293484,0.01804337480713893
GS,2020-09-18,172.23,173.68,169.91,172.1,172.1,9066300,Financials,174.82,177.19299999999998,179.622,180.46959999999999,176.92758706920696,178.63566526131874,-1.7080781921117705,-0.6502928754002097,172.07,4274800.0,177.45,2376400.0,183.31,3533500.0,34.236453201970434,-3.014933784164553,-6.11532376847963,0.00017434764921264723,0.01811141620444136
GS,2020-09-21,167.72,171.49,165.57,171.34,171.34,4871300,Financials,173.524,175.697,179.30349999999999,180.2872,176.06795828932897,178.09524561233215,-2.027287323003179,-0.9256917649208036,172.1,9066300.0,177.82,2756900.0,186.3,3668900.0,34.9246231155779,-3.6441345180519558,-8.030059044551807,-0.004416037187681576,0.01635757616769012
GS,2020-09-22,171.34,173.23,166.42,169.24,169.24,3355800,Financials,172.398,174.738,178.6645,180.00459999999998,175.01750316789375,177.43930149290014,-2.4217983250063924,-1.2249130769379213,171.34,4871300.0,174.87,3717600.0,178.83,4574700.0,31.717534410532608,-3.219534511351285,-5.362634904658059,-0.012256332438426498,0.012158386077012624
GS,2020-09-23,169.57,170.38,164.16,164.38,164.38,3116100,Financials,169.826,173.31599999999997,177.84150000000002,179.5348,173.380964218987,176.4719458267594,-3.0909816077723917,-1.5981267831048154,169.24,3355800.0,177.24,3571400.0,178.6,4681400.0,19.158878504672913,-7.255698487925988,-7.961926091825311,-0.028716615457338723,0.014064599221446037
GS,2020-09-24,166.9,174.39,165.2,172.32,172.32,5114600,Financials,169.87599999999998,172.88299999999998,177.362,179.173,173.21773895452745,176.1643942840365,-2.946655329509042,-1.8678324923856606,164.38,3116100.0,172.07,4274800.0,176.65,2510300.0,36.259064766191536,0.1452897076771098,-2.4511746391169043,0.04830271322545321,0.022636057842295842
GS,2020-09-25,170.42,172.57,167.46,172.18,172.18,3106000,Financials,169.892,172.356,176.747,178.84760000000003,173.05808680767709,175.86925396670046,-2.8111671590233698,-2.0564994257132025,172.32,5114600.0,172.1,9066300.0,177.45,2376400.0,30.990845449649967,0.04648460197560489,-2.9698506621583465,-0.0008124419684307771,0.022521046568634413
GS,2020-09-28,174.68,178.29,174.12,175.82,175.82,3280100,Financials,170.788,172.156,176.421,178.65220000000002,173.48299652957292,175.86560552472264,-2.382608995149724,-2.121721339600507,172.18,3106000.0,171.34,4871300.0,177.82,2756900.0,45.48183728610024,2.6146842535309744,-1.1247328759419584,0.021140666744104974,0.02375141977773822
GS,2020-09-29,175.01,175.55,172.6,173.8,173.8,2400000,Financials,171.7,172.049,176.06400000000002,178.41119999999998,173.531766294254,175.71259770807654,-2.1808314138225455,-2.1335433544449147,175.82,3280100.0,169.24,3355800.0,174.87,3717600.0,43.16239316239318,2.694398487355243,-0.6118831131697755,-0.011489022864292875,0.023429114794714878
GS,2020-09-30,175.47,179.36,175.19,177.49,177.49,3075800,Financials,174.322,172.074,175.8655,178.2384,174.14072532590723,175.84425713710792,-1.7035318112006905,-2.04754104579607,173.8,2400000.0,164.38,3116100.0,177.24,3571400.0,51.14006514657981,7.97542280082737,0.1410516813360463,0.02123130034522447,0.024053567340492025
GS,2020-10-01,177.99,179.4,174.76,175.36,175.36,2288700,Financials,174.93,172.403,175.3585,178.1288,174.3283060449984,175.8083862380629,-1.480080193064481,-1.9340488752497522,177.49,3075800.0,172.32,5114600.0,172.07,4274800.0,47.262247838616744,1.7641597028783762,1.9120125530307508,-0.012000676094427787,0.022253962775527766
GS,2020-10-02,172.52,177.26,172.48,176.55,176.55,2541200,Financials,175.804,172.848,175.02050000000003,178.09519999999998,174.67010511499868,175.863320590799,-1.193215475800315,-1.785882195359865,175.36,2288700.0,172.18,3106000.0,172.1,9066300.0,48.3713772762247,2.5380415843884396,2.585705984892517,0.006786040145985384,0.022288064370882918
GS,2020-10-05,178.34,179.15,176.28,178.23,178.23,2551600,Financials,176.286,173.53699999999998,174.61700000000002,178.12260000000003,175.2177812511527,176.03863017666572,-0.8208489255130189,-1.5928755413904958,176.55,2541200.0,175.82,3280100.0,171.34,4871300.0,54.45387062566277,1.3707200546013043,4.021244309559924,0.009515717926932732,0.022223817568515207
GS,2020-10-06,180.39,182.02,176.55,177.6,177.6,2833100,Financials,177.046,174.373,174.5555,178.11,175.58427644328304,176.1542872006164,-0.5700107573333639,-1.3883025845790695,178.23,2551600.0,173.8,2400000.0,169.24,3355800.0,50.500277932184524,2.1864211737629313,4.939730560151245,-0.0035347584581719715,0.02167182649343446
GS,2020-10-07,180.08,181.05,177.67,179.82,179.82,2326600,Financials,177.512,175.917,174.6165,178.16640000000004,176.2359262212395,176.4258214820522,-0.1898952608127047,-1.1486211198257965,177.6,2833100.0,177.49,3075800.0,164.38,3116100.0,61.731759006963394,1.3127500140852844,9.392870178853885,0.012499999999999956,0.01817533487313429
GS,2020-10-08,181.19,183.84,180.27,183.69,183.69,2330600,Financials,179.178,177.054,174.9685,178.2834,177.38270680258728,176.96390877967798,0.4187980229093,-0.8351372912787772,179.82,2326600.0,175.36,2288700.0,172.32,5114600.0,65.71738540819098,4.7502281021897685,6.5981894150417775,0.021521521521521647,0.013005250874782727
GS,2020-10-09,184.37,185.3,182.0,183.3,183.3,3040900,Financials,180.52799999999996,178.166,175.26100000000002,178.44620000000003,178.29305960218926,177.43324887007222,0.8598107321170403,-0.4961476865996138,183.69,2330600.0,176.55,2541200.0,172.18,3106000.0,66.38356164383566,3.823279524214107,6.458357532814496,-0.002123142250530674,0.013093284119075127
GS,2020-10-12,183.18,189.79,183.18,189.11,189.11,3474200,Financials,182.704,179.49500000000003,175.8255,178.75279999999998,179.95720427877552,178.298193398215,1.6590108805605155,-0.06511597316758794,183.3,3040900.0,178.23,2551600.0,175.82,3280100.0,74.70778413330022,6.104471749985985,7.558867023091809,0.03169667212220406,0.014739792131635305
GS,2020-10-13,189.01,189.1,184.74,186.18,186.18,3317300,Financials,184.42000000000002,180.733,176.39100000000002,178.9756,180.91455746665622,178.88203092427315,2.032526542383067,0.35441252994254313,189.11,3474200.0,177.6,2833100.0,173.8,2400000.0,78.4743991640544,4.831081081081079,7.123130034522429,-0.015493628047168362,0.015352001680073472
GS,2020-10-14,188.9,189.4,185.71,186.56,186.56,7550100,Financials,185.76799999999997,181.64000000000001,176.857,179.16660000000005,181.78308708717066,179.450769374327,2.332317712843661,0.7499935665227668,186.18,3317300.0,179.82,2326600.0,177.49,3075800.0,73.17708333333341,3.7481926370815266,5.11014705053805,0.002041035556987758,0.01455552793528947
GS,2020-10-15,185.1,186.11,182.73,184.23,184.23,4325700,Financials,185.876,182.527,177.46499999999997,179.2604,182.15953522760594,179.80478645771018,2.354748769895764,1.0709446071973663,186.56,7550100.0,183.69,2330600.0,175.36,2288700.0,68.30750531753267,0.29397354238118734,5.0581660583941535,-0.012489279588336233,0.014619953593338333
GS,2020-10-16,183.99,185.47,181.77,182.12,182.12,3244500,Financials,185.64,183.084,177.96599999999998,179.3166,182.15345288489732,179.97628375713904,2.177169127758276,1.2921895113095483,184.23,4325700.0,183.3,3040900.0,176.55,2541200.0,60.03824091778206,-0.6437534097108566,3.154913622203348,-0.011453074960646958,0.01549002306247629
GS,2020-10-19,183.16,183.62,180.69,181.66,181.66,3235300,Financials,184.15,183.427,178.48200000000003,179.29319999999998,182.07753705645158,180.10100347883247,1.976533577619108,1.4290583245714603,182.12,3244500.0,189.11,3474200.0,178.23,2551600.0,63.17907444668007,-3.9395061075564564,1.9244796050047697,-0.0025258071601143017,0.015413919139881927
GS,2020-10-20,182.55,186.69,182.35,183.73,183.73,3335500,Financials,183.66,184.04,179.2065,179.2916,182.3317621246898,180.369818035956,1.9619440887337873,1.5356354774039258,181.66,3235300.0,186.18,3317300.0,177.6,2833100.0,61.06382978723403,-1.3159308196369235,3.451576576576576,0.01139491357481015,0.015539286466286585
GS,2020-10-21,183.16,183.66,178.41,179.21,179.21,3083600,Financials,182.19,183.97899999999998,179.948,179.1702,181.85149102858367,180.28390558884814,1.5675854397355238,1.5420254698702456,183.73,3335500.0,186.56,7550100.0,179.82,2326600.0,56.29290617848971,-3.9397512864494,-0.3392281170058853,-0.02460131715016589,0.017463522710732714
GS,2020-10-22,179.46,182.26,178.58,181.41,181.41,2136900,Financials,181.626,183.751,180.4025,179.07399999999998,181.78356933187848,180.3673199896742,1.4162493422042814,1.5168702443370528,179.21,3083600.0,184.23,4325700.0,183.69,2330600.0,57.68987341772151,-1.5306953264940582,-1.2412216233872342,0.012276100664025291,0.01639780836202243
GS,2020-10-23,182.61,183.89,180.19,181.09,181.09,2110200,Financials,181.42000000000002,183.53,180.848,179.037,181.67686635774334,180.42085184229094,1.2560145154523923,1.464699098560121,181.41,2136900.0,182.12,3244500.0,183.3,3040900.0,54.728835978836,-0.5655611684603601,-1.2056737588652555,-0.0017639600904029162,0.01639577903004836
GS,2020-10-26,178.84,179.12,175.32,177.64,177.64,3249700,Financials,180.616,182.383,180.93900000000002,178.9384,181.0558099950136,180.21486281693606,0.8409471780775277,1.3399487144636024,181.09,2110200.0,181.66,3235300.0,189.11,3474200.0,50.06049606775559,-2.2129252449631265,-6.065253027338602,-0.019051300458335696,0.012513613511827278
GS,2020-10-27,176.64,177.16,172.58,172.82,172.82,3430400,Financials,178.43400000000003,181.047,180.89000000000001,178.82940000000002,179.78876230347305,179.66709520086673,0.12166710260632385,1.0962923920921468,177.64,3249700.0,183.73,3335500.0,186.18,3317300.0,40.185081323611875,-5.938061285582108,-7.175851326673122,-0.02713352848457551,0.013937893505242003
GS,2020-10-28,168.96,170.78,166.87,167.6,167.6,4214600,Financials,176.112,179.15099999999998,180.39550000000003,178.64699999999996,177.91356810293874,178.7732362970988,-0.859668194160065,0.7051002748417046,172.82,3430400.0,179.21,3083600.0,186.56,7550100.0,28.262631721156424,-6.478433123151617,-10.162950257289882,-0.030204837403078333,0.015201630114310756
GS,2020-10-29,167.63,169.88,165.07,167.75,167.75,3581200,Financials,173.38,177.503,180.01500000000001,178.43739999999997,176.34994224094817,177.9567002750915,-1.6067580341433256,0.2427286130446985,167.6,4214600.0,181.41,2136900.0,184.23,4325700.0,28.85504487353819,-7.529904635907614,-8.945340064050367,0.0008949880668258636,0.015596504408152946
GS,2020-10-30,167.37,168.16,163.85,166.96,166.96,3658800,Financials,170.554,175.987,179.5355,178.23260000000002,174.90533574234075,177.14212988434397,-2.2367941420032196,-0.25317593796488513,167.75,3581200.0,181.09,2110200.0,182.12,3244500.0,15.118110236220446,-7.8027500138052925,-8.324181858115532,-0.004709388971684048,0.01563481303588548
GS,2020-11-02,169.57,170.19,166.24,167.98,167.98,2459600,Financials,168.622,174.619,179.023,178.03799999999998,173.83989947428833,176.46345359661478,-2.6235541223264534,-0.7272515748371988,166.96,3658800.0,177.64,3249700.0,181.66,3235300.0,19.5040214477211,-5.4379644224273775,-7.530551579874489,0.006109247724005673,0.016231114220873248
GS,2020-11-03,171.29,175.75,170.65,174.81,174.81,4545500,Financials,169.01999999999998,173.727,178.8835,177.89379999999997,173.9891457090132,176.3409755524211,-2.3518298434078986,-1.0521672285513388,167.98,2459600.0,172.82,3430400.0,183.73,3335500.0,33.81096720859739,1.1514870964008939,-4.854950198661068,0.04065960233361121,0.021751629173846813
GS,2020-11-04,173.33,177.36,172.13,174.76,174.76,3868500,Financials,170.452,173.28199999999998,178.6305,177.77219999999997,174.1077386768573,176.22386625224175,-2.1161275753844393,-1.264959297917959,174.81,4545500.0,167.6,4214600.0,179.21,3083600.0,36.077624228168176,4.272076372315037,-2.483120361586977,-0.0002860248269550558,0.02061565724138991
GS,2020-11-05,176.33,180.28,175.81,179.25,179.25,2892800,Financials,172.752,173.06599999999997,178.4085,177.71899999999997,174.89885580349465,176.44802430763124,-1.5491685041365884,-1.3218011391616848,174.76,3868500.0,167.75,3581200.0,181.41,2136900.0,46.056608958505066,6.85543964232489,-1.1906730610219962,0.02569237811856273,0.02205729875711584
GS,2020-11-06,180.47,180.51,177.01,177.75,177.75,2475100,Financials,174.91,172.732,178.131,177.5844,175.33749337218777,176.5444669515104,-1.2069735793226357,-1.298835627193875,179.25,2892800.0,166.96,3658800.0,181.09,2110200.0,44.776916911568264,6.462625778629616,-1.844386769009887,-0.008368200836820106,0.022181921200135055
GS,2020-11-09,189.43,192.53,184.91,189.82,189.82,6960500,Financials,179.278,173.95,178.16649999999998,177.73399999999998,177.56557131492812,177.52783976991702,0.03773154501109843,-1.0315221927528804,177.75,2475100.0,167.98,2459600.0,177.64,3249700.0,56.41998734977863,13.00154780330991,6.8565638369736615,0.06790436005625877,0.030194597655266265
GS,2020-11-10,190.11,192.87,186.51,192.07,192.07,4166500,Financials,182.73,175.875,178.46099999999998,177.9566,179.79702188186226,178.60503682399724,1.1919850578650255,-0.5868207426292993,189.82,6960500.0,174.81,4545500.0,172.82,3430400.0,64.23826395039856,9.873577026485902,11.138757088299966,0.011853334738173071,0.027703845520322175
GS,2020-11-11,193.1,194.23,189.91,192.58,192.58,2680700,Financials,186.294,178.373,178.762,178.179,181.7636339000373,179.64021928147892,2.123414618558371,-0.044773670391765164,192.07,4166500.0,174.76,3868500.0,167.6,4214600.0,62.847941108810694,10.196841382467392,14.904534606205267,0.0026552819284637597,0.023977609263327558
GS,2020-11-12,190.08,191.53,187.59,189.45,189.45,3005500,Financials,188.334,180.543,179.023,178.25799999999998,182.94615176157,180.36686970507307,2.579282056496936,0.48003747498597504,192.58,2680700.0,179.25,2892800.0,167.75,3581200.0,59.031979256698335,5.690376569037658,12.935916542473901,-0.016252985772146733,0.025596610848577797
GS,2020-11-13,190.64,195.15,190.25,193.49,193.49,2832100,Financials,191.48200000000003,183.196,179.5915,178.4616,184.56828225979,181.3389534306232,3.2293288291668034,1.0298957458221407,189.45,3005500.0,177.75,2475100.0,166.96,3658800.0,66.90847023682525,8.855133614627286,15.890033540967895,0.021324887833201522,0.02496502952507074
GS,2020-11-16,197.42,198.36,194.33,196.4,196.4,3004700,Financials,192.798,186.038,180.3285,178.6636,186.38854652751462,182.4545865098363,3.9339600176783165,1.6107086001933761,193.49,2832100.0,189.82,6960500.0,167.98,2459600.0,76.2233096085409,3.4664418923190388,16.918680795332786,0.015039536926972907,0.024765450841805686
GS,2020-11-17,194.32,198.58,192.83,198.41,198.41,2722900,Financials,194.066,188.398,181.0625,179.0552,188.238000907897,183.63646899058918,4.601531917307824,2.208873263616266,196.4,3004700.0,192.07,4166500.0,174.81,4545500.0,86.89820359281433,3.3008798875409973,13.500371832275038,0.010234215885946973,0.023223258907085962
GS,2020-11-18,198.72,201.12,197.4,198.1,198.1,2856200,Financials,195.17000000000002,190.73200000000003,182.007,179.44519999999997,189.7552315374513,184.70784165795294,5.047389879498354,2.7765765867926833,198.41,2722900.0,192.58,2680700.0,174.76,3868500.0,86.20854211405387,2.8663412607747407,13.35545891508354,-0.0015624212489290246,0.023307625480168615
GS,2020-11-19,198.1,198.66,196.16,198.34,198.34,1505200,Financials,196.948,192.64100000000002,182.8535,179.879,191.07596514707416,185.71763116477123,5.3583339823029235,3.2929280658947313,198.1,2856200.0,189.45,3005500.0,179.25,2892800.0,87.93520309477749,4.692531010820811,10.649930264993035,0.001211509338717942,0.023093782151630396
GS,2020-11-20,196.95,198.55,196.62,197.26,197.26,1848100,Financials,197.702,194.592,183.66199999999998,180.2752,192.02735512444735,186.57262144886224,5.454733675585118,3.725289187832809,198.34,1505200.0,193.49,2832100.0,177.75,2475100.0,85.34524384355376,1.9484211070339486,10.976090014064699,-0.005445195119491819,0.022846960199746143
GS,2020-11-23,199.65,203.13,199.36,202.1,202.1,3371300,Financials,198.84199999999998,195.82,184.885,180.7608,193.57699279760928,187.7227976378354,5.854195159773866,4.151070382221021,197.26,1848100.0,196.4,3004700.0,189.82,6960500.0,84.60563023078865,2.9022403258655682,6.4692866926562065,0.02453614518909064,0.01259870876525496
GS,2020-11-24,204.1,210.3,203.69,209.76,209.76,3915200,Financials,201.112,197.589,186.73200000000003,181.45860000000002,196.06668621336172,189.35518299799577,6.711503215365951,4.663156948850007,202.1,3371300.0,198.41,2722900.0,192.07,4166500.0,87.20238095238089,5.720477798498047,9.210183787160918,0.03790202869866399,0.016074293522125645
GS,2020-11-25,207.55,209.71,205.28,208.91,208.91,2272800,Financials,203.27399999999997,199.222,188.79749999999999,182.092,198.04258064207528,190.8036879611072,7.2388926809680925,5.178304095273624,209.76,3915200.0,198.1,2856200.0,192.58,2680700.0,84.17050691244235,5.45683997980817,8.479592896458609,-0.004052250190694107,0.016501090826422357
GS,2020-11-27,209.32,209.58,206.48,207.9,207.9,1050400,Financials,205.186,201.067,190.805,182.8086,199.5591066971406,192.0700814454696,7.489025251670995,5.6404483265530985,208.91,2272800.0,198.34,1505200.0,189.45,3005500.0,85.13167093917498,4.820006050216796,9.738717339667469,-0.004834617777990435,0.014934495896620823
GS,2020-11-30,204.94,207.55,203.45,203.65,203.65,2705400,Financials,206.46400000000003,202.083,192.6395,183.43959999999998,200.18847489758053,192.92785319024966,7.26062170733087,5.964483002708653,207.9,1050400.0,197.26,1848100.0,193.49,2832100.0,69.70646907950982,3.2393794991381952,5.250917360070284,-0.020442520442520484,0.016945106597366283
GS,2020-12-01,205.98,208.56,205.44,206.09,206.09,2577600,Financials,207.262,203.052,194.545,184.13459999999998,201.09640183641432,193.90282702800894,7.193574808405373,6.210301363847997,203.65,2705400.0,202.1,3371300.0,196.4,3004700.0,69.86961451247163,1.9742701632855075,4.933808553971475,0.011981340535232032,0.01677572074543033
GS,2020-12-02,206.09,211.46,205.64,211.03,211.03,2136300,Financials,207.516,204.31400000000002,196.356,184.9704,202.6246477077352,195.1715065074157,7.453141200319493,6.458869331142297,206.09,2577600.0,209.76,3915200.0,198.41,2722900.0,73.23092420045325,0.6054538520213537,6.360566503704446,0.02397011014605277,0.01778801052473213
GS,2020-12-03,210.71,212.1,208.36,209.1,209.1,2142600,Financials,207.554,205.414,198.073,185.8648,203.62085575269901,196.20324676612563,7.417608986573384,6.650617262228515,211.03,2136300.0,208.91,2272800.0,198.1,2856200.0,75.51285380420669,0.09094825522952821,5.552751135790013,-0.009145619106288194,0.01831550480769434
GS,2020-12-04,211.08,212.9,210.41,212.75,212.75,2373000,Financials,208.52399999999997,206.85500000000002,199.748,186.67340000000002,205.02533948305302,197.42893219085707,7.5964072921959485,6.839775268222002,209.1,2142600.0,207.9,1050400.0,198.34,1505200.0,75.26232948583419,2.33285233285232,7.265302006655228,0.017455762792922158,0.018604266947835388
GS,2020-12-07,211.82,212.99,209.08,211.74,211.74,1788600,Financials,210.142,208.30300000000003,201.44750000000002,187.4646,206.05836417796795,198.4890112878306,7.569352890137338,6.9856907926050695,212.75,2373000.0,203.65,2705400.0,197.26,1848100.0,71.17614577581448,3.972501841394549,7.340565750785766,-0.004747356051703844,0.018552833982024147
GS,2020-12-08,210.46,212.4,210.08,212.09,212.09,1371800,Financials,211.342,209.302,202.56099999999998,188.19,206.9863081505883,199.49649193317651,7.4898162174117715,7.086515877566411,211.74,1788600.0,206.09,2577600.0,202.1,3371300.0,69.79166666666667,2.9113494104517468,4.943097476496794,0.0016529706243506581,0.01757075799409526
GS,2020-12-09,213.12,217.88,212.7,215.62,215.62,3552300,Financials,212.26,209.888,203.73850000000002,189.0264,208.31456843511316,200.69082586405233,7.623742571060831,7.193961216265295,212.09,1371800.0,211.03,2136300.0,209.76,3915200.0,73.18687136050822,2.1750462019618055,2.793668954996198,0.01664387759913244,0.014084361925903328
GS,2020-12-10,213.12,217.72,212.68,217.03,217.03,2541700,Financials,213.846,210.7,204.961,189.8172,209.65540406048038,201.90113505930773,7.754269001172645,7.306022773246766,215.62,3552300.0,209.1,2142600.0,208.91,2272800.0,73.99229781771503,3.7924438067910016,3.8868412234933647,0.0065392820703089605,0.013904890089648307
GS,2020-12-11,213.84,214.19,210.54,213.11,213.11,2077300,Financials,213.91799999999998,211.221,206.144,190.5722,210.186880358868,202.73142135121088,7.455459007657112,7.335910020128836,217.03,2541700.0,212.75,2373000.0,207.9,1050400.0,68.96386695381675,0.16921269095182545,2.5060125060125005,-0.018062019075703817,0.015379812760171927
GS,2020-12-14,216.03,216.23,210.8,211.16,211.16,1927800,Financials,213.802,211.97200000000004,207.0275,191.26440000000002,210.3365910728883,203.35576051038046,6.980830562507833,7.264894128604636,213.11,2077300.0,211.74,1788600.0,203.65,2705400.0,61.64524421593832,-0.27392084632096303,3.6876994844095234,-0.009150204119938166,0.013838568735793382
GS,2020-12-15,212.68,216.33,210.62,215.28,215.28,2348000,Financials,214.44,212.891,207.97150000000002,192.00539999999998,211.09711552321318,204.23903750961153,6.8580780136016415,7.183530905604037,211.16,1927800.0,212.09,1371800.0,206.09,2577600.0,57.80542986425341,1.5040784572587063,4.459216847008585,0.019511271074067027,0.01452618908251117
GS,2020-12-16,216.28,216.58,214.11,216.47,216.47,2400900,Financials,214.60999999999999,213.435,208.87449999999998,192.78280000000004,211.92371313502653,205.1450347311218,6.778678403904735,7.102560405264177,215.28,2348000.0,215.62,3552300.0,211.03,2136300.0,60.58823529411766,0.39421203969947083,2.577832535658442,0.00552768487551103,0.012848803958951265
GS,2020-12-17,217.56,218.39,215.78,217.05,217.05,2983600,Financials,214.61399999999998,214.23000000000002,209.82199999999997,193.52739999999997,212.71237265271475,206.02688401029798,6.685488642416772,7.019146052694697,216.47,2400900.0,217.03,2541700.0,209.1,2142600.0,62.97136376523958,0.00921531585496016,3.8020086083213833,0.002679355106943282,0.012171715543322218
GS,2020-12-18,217.91,217.91,213.62,215.01,215.01,4088100,Financials,214.994,214.456,210.6555,194.15380000000002,213.06585378306633,206.6923000095352,6.3735537735311425,6.890027596861986,217.05,2983600.0,213.11,2077300.0,212.75,2373000.0,67.1808832425892,0.891558350147803,1.062279670975319,-0.009398756046993917,0.011781523295073395
GS,2020-12-21,222.26,231.63,220.9,228.2,228.2,7408500,Financials,218.402,216.102,212.20250000000001,195.05180000000001,215.3941839702869,208.28546297179184,7.108720998495045,6.933766277188599,215.01,4088100.0,211.16,1927800.0,211.74,1788600.0,75.23396484820813,8.06971017238114,7.773684707660333,0.06134598390772528,0.022123894586425302
GS,2020-12-22,228.09,228.84,221.82,222.08,222.08,3599800,Financials,219.762,217.10099999999997,213.20149999999998,195.71120000000002,216.42277105178124,209.3072805294369,7.115490522344345,6.970111126219749,228.2,7408500.0,215.28,2348000.0,212.09,1371800.0,62.280506779284295,3.1586770717205503,4.710264510349393,-0.026818580192813246,0.024677365909524098
GS,2020-12-23,223.33,231.4,223.15,227.73,227.73,3376100,Financials,222.01399999999998,218.31199999999998,214.1,196.5422,218.16234473612258,210.67192641614525,7.490418319977323,7.0741725649712635,222.08,3599800.0,216.47,2400900.0,215.62,3552300.0,69.1233832888524,5.201644569686326,5.616362118541862,0.025441282420749278,0.025292418919710413
GS,2020-12-24,228.25,228.77,225.33,227.47,227.47,968100,Financials,224.098,219.356,215.02800000000002,197.36039999999997,219.59429169979603,211.91622816309746,7.678063536698573,7.1949507593167255,227.73,3376100.0,217.05,2983600.0,217.03,2541700.0,66.24007060900266,4.8007371573370206,4.810394876284385,-0.0011417028937776852,0.025382645134953138
GS,2020-12-28,228.94,233.23,228.22,230.52,230.52,2793400,Financials,227.2,221.09699999999998,216.15900000000002,198.28619999999998,221.2751698998274,213.29428533620134,7.980884563626063,7.3521375201785935,227.47,968100.0,215.01,4088100.0,213.11,2077300.0,69.82685810810811,7.213617971257169,8.169489934775465,0.01340836154218139,0.024126349880056814
GS,2020-12-29,231.11,231.64,227.77,229.11,229.11,1430900,Financials,227.382,222.892,217.43200000000002,199.22600000000003,222.48052837677704,214.46581975574196,8.014708621035084,7.484651740349892,230.52,2793400.0,228.2,7408500.0,211.16,1927800.0,67.57538207352336,0.3987730061349781,8.500663004356902,-0.006116605934409103,0.023902820289947235
GS,2020-12-30,229.82,231.46,228.95,230.39,230.39,1566500,Financials,229.044,224.40300000000002,218.64700000000002,200.2006,223.6973701649652,215.64538866272403,8.051981502241176,7.598117692728149,229.11,1430900.0,222.08,3599800.0,215.28,2348000.0,65.99523500108295,3.741894812680102,7.01876625789668,0.005586836017633434,0.023589989677223
GS,2020-12-31,229.81,234.37,229.1,234.17,234.17,2043100,Financials,230.33199999999997,226.173,219.80400000000003,201.2094,225.3085439857398,217.01758209511485,8.290961890624942,7.736686532307508,230.39,1566500.0,227.73,3376100.0,216.47,2400900.0,67.65554182117842,2.8279102445878834,8.176652653947425,0.016406962107730294,0.02376214962037467
GS,2021-01-04,237.1,237.61,231.02,235.32,235.32,3572000,Financials,231.902,228.0,221.115,202.3316,226.84876798793368,218.37331675473595,8.475451233197731,7.884439472485553,234.17,2043100.0,227.47,968100.0,217.05,2983600.0,74.26261743500108,3.4510045280696344,8.417415342087065,0.004910962121535745,0.02371560876242078
GS,2021-01-05,234.33,242.87,233.16,240.59,240.59,4207100,Financials,233.916,230.558,222.507,203.5152,228.96280368209773,220.01899699512586,8.943806686971868,8.096312915382818,235.32,3572000.0,230.52,2793400.0,215.01,4088100.0,79.9755551028723,4.368384521950364,11.897121064136563,0.022395036545979963,0.023195396730669917
GS,2021-01-06,245.35,256.08,242.51,253.57,253.57,6383500,Financials,238.808,233.09499999999997,224.5985,204.9648,232.74852619254423,222.50425647696838,10.244269715575854,8.525904275421425,240.59,4207100.0,229.11,1430900.0,228.2,7408500.0,83.03710094909405,10.676094452446417,11.117440841367232,0.05395070451805983,0.021485985328079604
GS,2021-01-07,255.54,262.75,254.57,258.99,258.99,4009700,Financials,244.52800000000002,236.78599999999997,226.9435,206.5918,236.7856760090759,225.2069041453411,11.5787718637348,9.1364777930841,253.57,6383500.0,230.39,1566500.0,222.08,3599800.0,84.19105821807658,12.413733234949454,16.620136887608062,0.021374768308553893,0.01705876182625887
GS,2021-01-08,259.3,259.54,253.13,257.59,257.59,2800800,Financials,249.212,239.772,229.042,208.28719999999998,239.98634123844883,227.60565198642695,12.380689252021881,9.785320084871657,258.99,4009700.0,234.17,2043100.0,227.73,3376100.0,82.17460317460315,10.001281120553429,13.112018618539501,-0.005405614116375301,0.01785615485053895
GS,2021-01-11,254.68,261.96,252.37,260.92,260.92,2649700,Financials,254.33200000000002,243.11700000000002,231.23649999999998,210.1536,243.20690412484132,230.07338146891385,13.133522655927464,10.454960599082819,257.59,2800800.0,235.32,3572000.0,227.47,968100.0,85.70539741794992,10.878803331633534,14.705235855277632,0.012927520478279497,0.01720088015903057
GS,2021-01-12,263.86,269.93,262.87,268.36,268.36,4814400,Financials,259.886,246.901,233.99899999999997,212.16580000000002,247.07661118255805,232.90942728603133,14.167183896526723,11.1974052585716,260.92,2649700.0,240.59,4207100.0,230.52,2793400.0,84.30133242227538,11.542458123779053,16.41506159986119,0.028514487199141403,0.017801461917319843
GS,2021-01-13,266.47,269.7,265.6,269.01,269.01,2413800,Financials,262.974,250.891,236.8915,214.20680000000002,250.45097869293375,235.58354378336236,14.867434909571386,11.931411188771557,268.36,4814400.0,253.57,6383500.0,229.11,1430900.0,94.21518748822307,6.089048389005014,17.415215398716754,0.002422119540915091,0.016830090993696197
GS,2021-01-14,270.0,274.76,269.54,273.39,273.39,3192200,Financials,265.854,255.19099999999997,239.79700000000003,216.315,253.98005889402086,238.3840220216318,15.59603687238905,12.664336325495055,269.01,2413800.0,258.99,4009700.0,230.39,1566500.0,94.07335907335904,5.560060233985853,18.66400451408481,0.016281922605107635,0.016407580936128683
GS,2021-01-15,267.46,270.72,263.63,267.3,267.3,3863700,Financials,267.796,258.504,242.3385,218.16480000000004,256.02928060263304,240.52594631632576,15.503334286307279,13.232135917657502,273.39,3192200.0,257.59,2800800.0,234.17,2043100.0,84.55665452021516,3.7695562715944098,14.14784131186746,-0.02227586963678252,0.02066860199895084
GS,2021-01-19,270.84,272.26,260.89,261.25,261.25,6727800,Financials,267.86199999999997,261.097,244.54850000000002,219.89460000000003,256.832468202228,242.06106140400533,14.771406798222642,13.53999009377053,267.3,3863700.0,260.92,2649700.0,235.32,3572000.0,75.34223981527295,0.1264755480607116,11.019037905830364,-0.02263374485596714,0.023573181324981787
GS,2021-01-20,262.69,264.14,255.28,257.94,257.94,4792600,Financials,265.778,262.832,246.695,221.4684,257.0028577095775,243.2372790777827,13.765578631794796,13.585107801375385,261.25,6727800.0,268.36,4814400.0,240.59,4207100.0,73.05293459139611,-3.8828439409748117,7.211438546905513,-0.012669856459330164,0.024247661991767054
GS,2021-01-21,257.92,259.95,256.21,256.96,256.96,2516000,Financials,263.36800000000005,263.171,248.13299999999998,223.0526,256.9962642157963,244.25377692387286,12.742487291923453,13.416583699484999,257.94,4792600.0,269.01,2413800.0,253.57,6383500.0,71.3482243291017,-4.47938738336865,1.3369089403320489,-0.003799333178258535,0.017947487098559166
GS,2021-01-22,254.58,258.04,253.52,256.98,256.98,2568800,Financials,260.08599999999996,262.97,249.878,224.3958,256.9937620287507,245.1964601146971,11.797301914053634,13.092727342398728,256.96,2516000.0,273.39,3192200.0,258.99,4009700.0,69.50572943389771,-6.0024141336552095,-0.7760917409938561,7.783312577847035e-05,0.016531276961991283
GS,2021-01-25,253.55,254.28,246.42,251.34,251.34,4575000,Financials,256.894,262.345,251.0585,225.5812,256.123952485866,245.65153714323804,10.472415342627983,12.56866494244458,256.98,2568800.0,267.3,3863700.0,257.59,2800800.0,62.7223634053367,-5.970819304152641,-2.4263364261034925,-0.02194723324772363,0.017835487575850847
GS,2021-01-26,252.13,253.76,248.71,250.2,250.2,3296800,Financials,254.68400000000003,261.273,252.195,226.73359999999997,255.21257518034818,245.988460317813,9.224114862535174,11.8997549264627,251.34,4575000.0,261.25,6727800.0,260.92,2649700.0,58.16760156382795,-4.229665071770339,-4.108539015790291,-0.00453568870852239,0.01701375039117127
GS,2021-01-27,245.09,246.3,240.93,242.72,242.72,3891800,Financials,251.63999999999996,258.70899999999995,252.80499999999998,227.799,253.2906405372177,245.74635214612317,7.54428839109454,11.028661619389068,250.2,3296800.0,257.94,4792600.0,268.36,4814400.0,39.82748921807616,-5.900597038070865,-9.554330004471613,-0.029896083133493123,0.014417737726248587
GS,2021-01-28,243.85,248.49,240.94,244.22,244.22,3778700,Financials,249.092,256.23,253.5605,228.8136,251.89515737764577,245.63328902418814,6.261868353457629,10.07530296620278,242.72,3891800.0,256.96,2516000.0,269.01,2413800.0,35.05363286784055,-4.957970112079691,-9.215270807776665,0.006179960448253086,0.014817934794684118
GS,2021-01-29,243.55,246.33,240.31,240.8,240.8,3412000,Financials,245.856,252.97099999999995,254.081,229.70159999999998,250.1882100887772,245.27526761498905,4.912942473788149,9.042830867719855,244.22,3778700.0,256.98,2568800.0,273.39,3192200.0,33.67684230993589,-6.296209821776011,-11.920699367204346,-0.014003767095241981,0.011731599253264178
GS,2021-02-01,242.12,245.8,241.54,243.96,243.96,2324100,Financials,244.38000000000002,250.637,254.57049999999998,230.6126,249.23002392127302,245.17784038424912,4.052183537023893,8.044701401580664,240.8,3412000.0,251.34,4575000.0,267.3,3863700.0,33.4568864611783,-2.9362616376223394,-8.731762065095394,0.013122923588039903,0.013654057514308121
GS,2021-02-02,247.15,255.97,246.86,254.83,254.83,5195500,Financials,245.30599999999998,249.99500000000003,255.546,231.74720000000002,250.09155870261563,245.89281517060104,4.198743532014589,7.275509827667449,243.96,2324100.0,250.2,3296800.0,261.25,6727800.0,37.63027975863962,1.8505195843325328,-2.4574162679425804,0.044556484669618035,0.020844066009771664
GS,2021-02-03,254.51,257.35,253.24,256.23,256.23,2712800,Financials,248.00799999999998,249.82399999999998,256.328,232.905,251.0359342868286,246.65853256537133,4.377401721457261,6.695888206425412,254.83,5195500.0,242.72,3891800.0,257.94,4792600.0,38.47402597402601,5.566084377059988,-0.6629448709002062,0.005493858650865269,0.02062949450113507
GS,2021-02-04,257.52,262.7,257.09,260.85,260.85,2994700,Financials,251.334,250.21300000000002,256.692,234.17680000000001,252.54579055039343,247.70975237534384,4.836038175049595,6.323918200150249,256.23,2712800.0,244.22,3778700.0,256.96,2516000.0,38.73922413793108,6.809434116779967,1.5138542963885504,0.018030675564922216,0.021380008474074588
GS,2021-02-05,261.96,263.95,259.46,260.63,260.63,2938100,Financials,255.3,250.57799999999997,256.774,235.34740000000002,253.78951508110214,248.666807754948,5.122707326154142,6.083676025351028,260.85,2994700.0,240.8,3412000.0,256.98,2568800.0,43.304557317807664,8.235049833887032,1.420343995641682,-0.0008433965880775274,0.021389795033958117
GS,2021-02-08,261.96,267.19,261.52,266.53,266.53,2826200,Financials,259.814,252.09699999999998,257.221,236.4828,255.7495896840095,249.9900071805074,5.759582503502088,6.01885732098124,260.63,2938100.0,243.96,2324100.0,251.34,4575000.0,55.316149818767585,9.251516642072467,6.043606270390689,0.022637455396539163,0.02056325300832533
GS,2021-02-09,266.04,268.58,264.36,266.81,266.81,2071700,Financials,262.21000000000004,253.75799999999998,257.51550000000003,237.6408,257.45119127108495,251.23593257454388,6.2152586965410705,6.058137596093207,266.53,2826200.0,254.83,5195500.0,250.2,3296800.0,59.511044392022285,4.701173331240427,6.638689048760993,0.0010505384009305008,0.020317405620466484
GS,2021-02-10,266.4,271.0,264.4,270.2,270.2,3213700,Financials,265.004,256.50600000000003,257.6075,238.8868,259.4125464601488,252.64067830976285,6.771868150385956,6.200883706951757,266.81,2071700.0,256.23,2712800.0,242.72,3891800.0,63.49918433931483,5.452132849393121,11.321687541199733,0.012705670701997684,0.015762813889798572
GS,2021-02-11,269.93,270.85,265.66,268.46,268.46,2159900,Financials,266.52599999999995,258.92999999999995,257.58000000000004,240.18300000000002,260.8044623893567,253.81247991644707,6.991982472909598,6.359103460143325,270.2,3213700.0,260.85,2994700.0,244.22,3778700.0,61.30811662726552,2.9173854705769386,9.925477028908357,-0.006439674315321997,0.016661602808962898
GS,2021-02-12,268.17,272.35,267.97,272.01,272.01,1977300,Financials,268.802,262.05100000000004,257.51099999999997,241.5014,262.5283912525326,255.1604443670806,7.367946885451971,6.560872145205055,268.46,2159900.0,260.63,2938100.0,240.8,3412000.0,71.23484692829255,4.366343091739244,12.9609634551495,0.01322357148178499,0.014447792771272826
GS,2021-02-16,275.28,277.87,274.59,277.02,277.02,2792200,Financials,270.9,265.357,257.99699999999996,242.82119999999998,264.7578695213737,256.77967071025984,7.978198811113884,6.844337478386821,272.01,1977300.0,266.53,2826200.0,243.96,2324100.0,75.52341073467832,3.935767080628816,13.551401869158862,0.018418440498511046,0.014575597540998441
GS,2021-02-17,275.31,279.7,274.18,277.71,277.71,2333100,Financials,273.08,267.645,258.82,244.1934,266.7505049796239,258.3300654724628,8.420439507161063,7.15955788414167,277.02,2792200.0,266.81,2071700.0,254.83,5195500.0,88.2404371584699,4.085304149019886,8.978534709414099,0.0024907948884556053,0.009660336757867783
GS,2021-02-18,274.59,279.28,273.13,275.19,275.19,2093300,Financials,274.078,269.54100000000005,259.6825,245.44219999999999,268.0488888289125,259.57894951153963,8.469939317372848,7.421634170787906,277.71,2333100.0,270.2,3213700.0,256.23,2712800.0,83.10883044686764,1.846780162842343,7.399601920149856,-0.009074214108242384,0.01117359624795433
GS,2021-02-19,275.48,281.3,275.48,280.27,280.27,2749500,Financials,276.44,271.483,260.848,246.81279999999998,269.92905977831055,261.11161991809223,8.817439860218315,7.700795308673988,275.19,2093300.0,268.46,2159900.0,260.85,2994700.0,90.74953541193472,4.399165611264255,7.444891700210832,0.01845997310948788,0.011220473101334165
GS,2021-02-22,277.94,284.66,277.24,281.38,281.38,3162300,Financials,278.31399999999996,273.55799999999994,262.06800000000004,248.1986,271.6907428893397,262.61298140564094,9.077761483698737,7.976188543678939,280.27,2749500.0,272.01,1977300.0,260.63,2938100.0,90.3406640793445,3.4447262968273273,7.961477957257412,0.003960466692831899,0.010934031011690498
GS,2021-02-23,282.37,284.16,275.8,283.46,283.46,2942500,Financials,279.602,275.251,263.67400000000004,249.55540000000002,273.50139782944126,264.1572050052231,9.344192824218169,8.249789399786785,281.38,3162300.0,277.02,2792200.0,266.53,2826200.0,88.0819366852886,2.324741895892002,6.352005402768923,0.00739213874475797,0.00960915569252153
GS,2021-02-24,284.31,293.9,284.25,293.61,293.61,3934400,Financials,282.782,277.931,265.84450000000004,251.08700000000002,276.5950289326041,266.3388935233547,10.256135409249396,8.651058601679308,283.46,2942500.0,277.71,2333100.0,266.81,2071700.0,90.33232628398788,5.725396996867249,10.044601026948019,0.035807521343399484,0.013161398176365614
GS,2021-02-25,296.0,298.2,289.75,291.05,291.05,4244000,Financials,285.954,280.01599999999996,268.261,252.64579999999998,278.8188706352804,268.16934585495807,10.649524780322338,9.050751837407915,293.61,3934400.0,275.19,2093300.0,270.2,3213700.0,84.10117434507674,5.76329081725353,7.716506291635827,-0.008719049078709906,0.014310408271467139
GS,2021-02-26,289.28,291.87,283.31,283.7,283.7,3732200,Financials,286.64,281.54,270.235,254.0966,279.56981361446805,269.31976468051676,10.250048933951291,9.290611256716591,291.05,4244000.0,280.27,2749500.0,268.46,2159900.0,72.43726901381052,1.223819887965183,5.676823362884598,-0.025253392887820025,0.01728236480768169
GS,2021-03-01,289.73,295.12,288.23,294.12,294.12,2957800,Financials,289.188,283.751,272.90099999999995,255.67340000000002,281.8083038276268,271.15681914862665,10.651484679000134,9.562785941173301,283.7,3732200.0,281.38,3162300.0,272.01,1977300.0,74.6647595208296,4.5276849811642705,8.128377633175266,0.03672893902009178,0.01983387348227298
GS,2021-03-02,294.19,299.71,293.75,295.03,295.03,2850300,Financials,291.502,285.552,275.45449999999994,257.2446,283.8424109310688,272.92520291539506,10.917208015673737,9.83367035607339,294.12,2957800.0,283.46,2942500.0,277.02,2792200.0,74.94695898161243,4.081704649686024,6.501335643635842,0.0030939752481979887,0.019530980165257082
GS,2021-03-03,297.47,303.2,297.09,298.14,298.14,3606300,Financials,292.408,287.59499999999997,277.62,258.8664,286.04204001859665,274.7929656624028,11.24907435619383,10.116751156097479,295.03,2850300.0,293.61,3934400.0,277.71,2333100.0,74.82231698649608,1.5428629815060768,7.356595009182243,0.010541300884655769,0.019513789123505515
GS,2021-03-04,296.98,302.89,288.77,293.56,293.56,3647600,Financials,292.90999999999997,289.43199999999996,279.48650000000004,260.4374,287.1986492465049,276.1831163540767,11.015532892428212,10.296507503363625,298.14,3606300.0,291.05,4244000.0,275.19,2093300.0,71.2280108254398,0.8623947775296292,6.67538791380502,-0.015361910511839993,0.020189400643494306
GS,2021-03-05,299.17,299.17,282.12,291.85,291.85,3740200,Financials,294.53999999999996,290.59,281.0365,261.7104,287.9142416701195,277.3436262537747,10.570615416344822,10.351329085959865,293.56,3647600.0,283.7,3732200.0,280.27,2749500.0,67.31843575418998,2.872752908001419,4.1317301173868115,-0.005825044283962355,0.020073228472691534
GS,2021-03-08,295.4,300.96,293.39,297.93,297.93,2998000,Financials,295.302,292.245,282.9015,263.2274,289.4551275670242,278.8685428275691,10.586584739455077,10.398380216658909,291.85,3740200.0,294.12,2957800.0,281.38,3162300.0,67.91773778920312,1.2953896368829154,5.88172578008388,0.02083261949631665,0.02074527718888601
GS,2021-03-09,292.96,299.89,290.24,294.72,294.72,3324800,Financials,295.24,293.371,284.31100000000004,264.5672,290.26510794132815,280.0427248403418,10.222383100986349,10.363180793524396,297.93,2998000.0,295.03,2850300.0,283.46,2942500.0,63.972400197141496,-0.1050740602650424,3.9723417766175384,-0.01077434296646862,0.021387860802989385
GS,2021-03-10,296.04,305.25,295.56,304.91,304.91,3153100,Financials,296.594,294.50100000000003,286.216,266.11600000000004,292.5181682580469,281.88474522253875,10.633423035508144,10.417229241921145,294.72,3324800.0,298.14,3606300.0,293.61,3934400.0,71.68077035307853,2.270745287448861,3.8486427573992676,0.03457519001085774,0.021187525534520933
GS,2021-03-11,301.91,307.56,299.95,304.98,304.98,2756600,Financials,298.87800000000004,295.894,287.955,267.6052,294.4353731414243,283.59550483568404,10.839868305740254,10.501757054684969,304.91,3153100.0,293.56,3647600.0,291.05,4244000.0,69.44750511569342,3.8901757732661135,4.786119223501117,0.0002295759404413733,0.020776387957739787
GS,2021-03-12,307.76,312.02,306.35,310.96,310.96,2436700,Financials,302.7,298.62,290.08,269.24219999999997,296.977623427359,285.6225044774852,11.35511894987377,10.67242943372273,304.98,2756600.0,291.85,3740200.0,283.7,3732200.0,71.62280701754388,6.547884187082387,9.608741628480777,0.019607843137254832,0.018235121981339728
GS,2021-03-15,311.52,314.18,304.89,308.5,308.5,2276200,Financials,304.814,300.058,291.9045,270.8044,298.75029674622687,287.3171337754493,11.433162970777573,10.824576141133699,310.96,2436700.0,297.93,2998000.0,294.12,2957800.0,68.20296597848215,3.547813244721909,4.8891608867128955,-0.007910985335734422,0.016135064426213666
GS,2021-03-16,307.81,309.26,301.1,304.63,304.63,2332600,Financials,306.796,301.018,293.28499999999997,272.2136,299.65486647757655,288.59956831060117,11.055298166975376,10.870720546302035,308.5,2276200.0,294.72,3324800.0,295.03,2850300.0,58.816,3.3625135722041177,3.2539063824017944,-0.012544570502431185,0.017060947461213328
GS,2021-03-17,307.22,309.37,303.46,307.52,307.52,2710900,Financials,307.318,301.956,294.7755,273.6576,300.86488701948787,290.0010817690752,10.863805250412668,10.869337487124161,304.63,2332600.0,304.91,3153100.0,298.14,3606300.0,63.10679611650486,0.8559902922173679,3.14617293888777,0.009486918556937951,0.017014672298826125
GS,2021-03-18,312.69,318.13,309.34,310.24,310.24,3713000,Financials,308.37,303.624,296.528,275.05060000000003,302.30721209341283,291.5002608972918,10.80695119612102,10.856860228923534,307.52,2710900.0,304.98,2756600.0,293.56,3647600.0,72.80068728522343,1.7247032592301093,5.681973020847519,0.008844953173777315,0.015750446049795818
GS,2021-03-19,308.83,309.56,303.67,306.85,306.85,3513000,Financials,307.54799999999994,305.124,297.85699999999997,276.11620000000005,303.0061025405801,292.63727860860354,10.368823931976578,10.759252969534144,310.24,3713000.0,310.96,2436700.0,291.85,3740200.0,62.43892905999615,-1.3217134036531908,5.13962652047284,-0.010927024239298588,0.016238601600364628
GS,2021-03-22,304.05,305.67,299.54,302.51,302.51,2094500,Financials,306.35,305.582,298.9135,276.9866,302.92977907279857,293.3685913042625,9.561187768536058,10.519639929334527,306.85,3513000.0,308.5,2276200.0,297.93,2998000.0,56.849816849816875,-1.9416531604538156,1.5372738562749566,-0.014143718429200036,0.016250264446276048
GS,2021-03-23,300.98,304.79,295.38,295.77,295.77,2457500,Financials,304.578,305.687,299.529,277.7502,301.82827460006035,293.5464734298727,8.281801170187634,10.072072177505149,302.51,2094500.0,304.63,2332600.0,294.72,3324800.0,47.964966512107154,-2.908446311919377,0.3562703583061655,-0.022280255198175336,0.017580180852714258
GS,2021-03-24,297.24,300.38,292.8,292.99,292.99,3332200,Financials,301.672,304.495,299.498,278.3916,300.4685400462049,293.50525317580804,6.963286870396871,9.450315116083495,295.77,2457500.0,307.52,2710900.0,304.91,3153100.0,49.4949494949495,-4.724895941727358,-3.9093503000885543,-0.009399195320688336,0.013015032945371187
GS,2021-03-25,291.83,295.43,286.99,294.68,294.68,2804700,Financials,298.56,303.465,299.6795,278.918,299.57799542371185,293.59227145908153,5.985723964630324,8.757396885792861,292.99,3332200.0,310.24,3713000.0,304.98,2756600.0,52.50842049282041,-5.015471892728208,-3.3772706406977493,0.005768114952728665,0.013324628975554507
GS,2021-03-26,298.21,299.05,287.67,291.86,291.86,3082600,Financials,295.562,301.55499999999995,300.0875,279.375,298.39061151237155,293.46395505470514,4.926656457666411,7.991248800167572,294.68,2804700.0,306.85,3513000.0,310.96,2436700.0,44.28974600188146,-4.88512302427897,-6.1422691021353115,-0.009569702728383311,0.010668817495473569
GS,2021-03-29,285.59,292.19,283.24,290.38,290.38,4533200,Financials,293.136,299.74300000000005,299.9005,279.71479999999997,297.15820974123744,293.23551393954176,3.9226958016956814,7.177538200473194,291.86,3082600.0,302.51,2094500.0,308.5,2276200.0,45.779852197588454,-4.009784800502459,-5.873581847649922,-0.005070924415815914,0.01065800387506552
GS,2021-03-30,293.67,299.32,293.17,295.98,295.98,2717300,Financials,293.178,298.87800000000004,299.948,280.28839999999997,296.976946704124,293.4388092032794,3.5381375008445843,6.449658060547472,290.38,4533200.0,295.77,2457500.0,304.63,2332600.0,40.46551355968395,0.07100111573183909,-2.8395102255194704,0.019285074729664675,0.012980671885420816
GS,2021-03-31,294.4,296.55,290.13,291.52,291.52,2624500,Financials,292.884,297.278,299.617,280.8938,296.1374164419511,293.2966751882216,2.8407412537294476,5.727874699183868,295.98,2717300.0,292.99,3332200.0,307.52,2710900.0,36.860601327606375,-0.5017236083142862,-5.2029136316337095,-0.01506858571525116,0.012717900113028547
GS,2021-04-01,289.11,293.89,288.98,292.09,292.09,2659000,Financials,292.366,295.463,299.5435,281.5768,295.5147369893432,293.2072918409459,2.307445148397278,5.04378878902655,291.52,2624500.0,294.68,2804700.0,310.24,3713000.0,29.40406024885398,-0.8789195059047183,-5.850309437854573,0.0019552689352360098,0.012037542446328169
GS,2021-04-05,296.73,296.73,288.0,288.43,288.43,3235000,Financials,291.67999999999995,293.621,299.3725,282.20619999999997,294.4247774525212,292.8534183712462,1.5713590812749771,4.349302847476236,292.09,2659000.0,291.86,3082600.0,306.85,3513000.0,28.65347798340781,-1.1752209963681204,-6.0029330291673455,-0.01253038447053978,0.012121657368395863
GS,2021-04-06,289.28,292.89,288.84,291.57,291.57,1801700,Financials,291.918,292.52699999999993,299.0545,282.89799999999997,293.9855809213641,292.7583503437465,1.227230577617604,3.7248883935045094,288.43,3235000.0,290.38,4533200.0,302.51,2094500.0,35.890233362143476,0.40980783800537157,-3.616409374896701,0.010886523593246045,0.012840354525363995
GS,2021-04-07,292.14,293.48,288.26,291.12,291.12,2157300,Financials,290.946,292.062,298.8745,283.6936,293.54472231807733,292.6369910590245,0.9077312590528095,3.1614569666141694,291.57,1801700.0,295.98,2717300.0,295.77,2457500.0,31.295620437956245,-1.6420028380295992,-1.57216756263312,-0.0015433686593270268,0.011036545857509265
GS,2021-04-08,289.1,295.52,287.92,295.21,295.21,2402800,Financials,291.684,292.284,298.3895,284.5938,293.800918884527,292.82758431391164,0.97333457061535,2.7238324874144055,291.12,2157300.0,291.52,2624500.0,292.99,3332200.0,33.37757133377568,1.265779363336983,0.7577050411276653,0.014049189337730139,0.011652335032648927
GS,2021-04-09,297.76,298.56,293.11,294.91,294.91,2347100,Financials,292.24799999999993,292.307,297.886,285.63759999999996,293.9715467484459,292.981837327696,0.9897094207499322,2.3770078740815106,295.21,2402800.0,292.09,2659000.0,294.68,2804700.0,35.82621082621081,0.9654558526481782,0.078050766933635,-0.001016225737610399,0.011528827260351085
GS,2021-04-12,296.57,298.18,294.14,295.83,295.83,2318800,Financials,293.728,292.704,297.1295,286.6698,294.2574626333004,293.1928123404593,1.0646502928411223,2.114536357833433,294.91,2347100.0,288.43,3235000.0,291.86,3082600.0,41.36950904392761,2.5656138404465567,1.36024121153977,0.0031195958088907627,0.011029159684329876
GS,2021-04-13,293.75,294.24,289.0,292.12,292.12,3575900,Financials,293.838,292.878,296.3105,287.6962,293.92862222817723,293.11334475968454,0.8152774684926953,1.8546845799652856,295.83,2318800.0,291.57,1801700.0,290.38,4533200.0,44.883655733109066,0.1886339472510823,0.5992148219574389,-0.01254098637731127,0.01174629102141116
GS,2021-04-14,292.9,307.09,290.76,298.96,298.96,9876800,Financials,295.406,293.176,296.027,288.7962,294.7026803469192,293.54643033304126,1.1562500138779228,1.714997666747813,292.12,3575900.0,291.12,2157300.0,295.98,2717300.0,57.51321419582178,2.6930475405331,1.00682478545846,0.02341503491715735,0.012520977700967823
GS,2021-04-15,302.13,304.31,298.24,301.81,301.81,4354800,Financials,296.726,294.205,295.7415,289.73580000000004,295.7961141397009,294.15854660466783,1.6375675350330425,1.6995116404048591,298.96,9876800.0,295.21,2402800.0,291.52,2624500.0,58.71851308388361,2.235696622743144,3.529774972557642,0.009533047899384695,0.011360217646367889
GS,2021-04-16,303.36,306.44,301.88,305.17,305.17,4231900,Financials,298.77799999999996,295.51300000000003,295.488,290.7146,297.23825042590073,294.9742098191369,2.2640406067638423,1.8124174336766559,301.81,4354800.0,294.91,2347100.0,292.09,2659000.0,66.06323919864836,3.4790274999152215,4.478071827176566,0.01113283191411818,0.011587064524939742
GS,2021-04-19,303.11,307.06,300.07,305.86,305.86,3228200,Financials,300.784,297.256,295.4385,291.6148,298.5646734373006,295.78056464734897,2.784108789951631,2.006755704931651,305.17,4231900.0,295.83,2318800.0,288.43,3235000.0,69.04527559055126,3.3904607375857765,6.043060707970738,0.0022610348330438512,0.010016123261217223
GS,2021-04-20,303.08,303.53,293.61,295.87,295.87,3662300,Financials,301.534,297.686,295.1065,292.3196,298.1501082931005,295.7871894882861,2.3629188048143988,2.0779883249082003,305.86,3228200.0,292.12,3575900.0,291.57,1801700.0,49.87785920497445,1.2837190195809978,1.4747744966903342,-0.03266200222323945,0.015556362357941663
GS,2021-04-21,294.19,299.07,292.02,298.89,298.89,2733300,Financials,301.52,298.463,295.2625,292.9668,298.2639377864697,296.01702730396863,2.2469104825010504,2.1117727564267703,295.87,3662300.0,298.96,9876800.0,291.12,2157300.0,58.45377380133062,-0.023414503612517734,2.669002473206916,0.010207185588265055,0.01573739666599626
GS,2021-04-22,298.31,300.4,294.45,294.95,294.95,2165200,Financials,300.148,298.437,295.3605,293.5296,297.7541012039359,295.9379882444154,1.816112959520467,2.05264079704551,298.89,2733300.0,301.81,4354800.0,295.21,2402800.0,53.04514480408861,-2.272953182465798,-0.08807289725957235,-0.013182107129713239,0.0159199031400744
GS,2021-04-23,295.31,303.7,294.83,302.53,302.53,2163800,Financials,299.62,299.19899999999996,295.753,294.1762,298.4888548648688,296.42628541149577,2.062569453373044,2.0546265283110166,294.95,2165200.0,305.17,4231900.0,294.91,2347100.0,63.856132075471706,-0.8650915882950638,2.5838391373639302,0.02569927106289205,0.017850020510096383
GS,2021-04-26,304.84,308.37,303.9,306.24,306.24,2171500,Financials,299.69599999999997,300.24,296.472,294.93179999999995,299.68133873181205,297.15322723286647,2.5281114989455773,2.149323522437929,302.53,2163800.0,305.86,3228200.0,295.83,2318800.0,64.2565597667639,0.1242398482966145,3.5189128891593313,0.012263246620169976,0.018106350451135247
GS,2021-04-27,306.67,309.84,306.37,309.02,309.02,2088600,Financials,302.32599999999996,301.93,297.404,295.672,301.1180558499948,298.0322474378393,3.0858084121554725,2.3366205003814375,306.24,2171500.0,295.87,3662300.0,292.12,3575900.0,66.6418743027148,4.444519552506154,5.785293714911677,0.009077847439916242,0.017232882361318622
GS,2021-04-28,310.24,312.13,308.54,310.34,310.34,2140900,Financials,304.616,303.06800000000004,298.122,296.3384,302.53681648845713,298.9439328128142,3.592883675642952,2.5878731354337408,309.02,2088600.0,298.89,2733300.0,298.96,9876800.0,64.83042540678301,3.830840777543565,3.8065293015788093,0.0042715681832889985,0.01608026639861908
GS,2021-04-29,312.51,315.44,309.77,314.67,314.67,2584400,Financials,308.56,304.354,299.2795,297.07759999999996,304.40346010561757,300.1088266785316,4.294633427085955,2.929225193764184,310.34,2140900.0,294.95,2165200.0,301.81,4354800.0,67.95058139534885,6.685878962536029,4.260958881415466,0.013952439260166427,0.016312550594415894
GS,2021-04-30,313.02,314.53,309.52,310.64,310.64,2101100,Financials,310.182,304.901,300.207,297.7866,305.3629277816764,300.88891359123295,4.474014190443427,3.2381829931000325,314.67,2584400.0,302.53,2163800.0,305.17,4231900.0,62.73430782459157,2.680725878425294,1.7924435560507268,-0.01280706772174034,0.016943199603022756
GS,2021-05-03,312.32,315.64,311.36,312.16,312.16,1871700,Financials,311.366,305.531,301.3935,298.42440000000005,306.40863119988,301.72380888077123,4.6848223191087754,3.527510858301781,310.64,2101100.0,306.24,2171500.0,305.86,3228200.0,67.90564689063616,1.9331243469174586,2.059765905970057,0.004893123873293881,0.016969714563837203
GS,2021-05-04,311.04,313.61,305.4,311.88,311.88,2831400,Financials,311.938,307.132,302.409,299.0344,307.25038024605226,302.47611933404744,4.77426091200482,3.776860869042389,312.16,1871700.0,309.02,2088600.0,295.87,3662300.0,63.07692307692305,0.9255064397126533,5.411160306891527,-0.0008969759097899876,0.011957756139592466
GS,2021-05-05,313.8,320.17,310.73,318.81,318.81,2786800,Financials,313.63199999999995,309.124,303.7935,299.7414,309.02878328512116,303.68603642041427,5.342746864706896,4.09003806817529,311.88,2831400.0,310.34,2140900.0,298.89,2733300.0,65.8937920718025,2.729264677450538,6.664659239185,0.02222008464794145,0.013053392480283135
GS,2021-05-06,320.73,326.55,317.82,326.26,326.26,3048700,Financials,315.95,312.255,305.346,300.39439999999996,311.67973970279485,305.3581818707539,6.321557832040924,4.536342020948417,318.81,2786800.0,314.67,2584400.0,294.95,2165200.0,68.31683168316826,3.6832236946642505,10.615358535344965,0.023368150308961333,0.011988346833056355
GS,2021-05-07,322.99,331.32,321.76,330.64,330.64,3378100,Financials,319.95,315.06600000000003,307.1325,301.1862,314.5967028254418,307.23090913958697,7.36579368585484,5.102232353929701,326.26,3048700.0,310.64,2101100.0,302.53,2163800.0,70.22526934378055,6.438320885912963,9.29164049846296,0.013424875865873931,0.010794508993267777
GS,2021-05-10,332.97,336.07,328.51,328.67,328.67,3396300,Financials,323.25200000000007,317.309,308.7745,302.0856,316.7618254676815,308.818989944062,7.942835523619465,5.670352987867655,330.64,3378100.0,312.16,1871700.0,306.24,2171500.0,80.80390683696466,5.288954382368005,7.324320794148376,-0.005958141785627813,0.011679707458202269
GS,2021-05-11,323.61,328.63,319.71,320.86,320.86,3734300,Financials,325.048,318.493,310.2115,302.6204,317.3923138572689,309.71091661487225,7.681397242396656,6.0725618387734555,328.67,3396300.0,311.88,2831400.0,309.02,2088600.0,68.92986386351886,2.8793125561113353,3.8314672189502463,-0.023762436486445382,0.015173278071324958
GS,2021-05-12,323.67,328.18,314.94,315.94,315.94,3309800,Financials,324.47400000000005,319.053,311.0605,303.03860000000003,317.16888095615064,310.1723301989558,6.996550757194825,6.25735962245773,320.86,3734300.0,318.81,2786800.0,310.34,2140900.0,67.78512116590406,-0.9002227031774446,1.8044725140168971,-0.015333790438197381,0.01633763428317365
GS,2021-05-13,314.92,321.73,314.92,319.87,319.87,2673900,Financials,323.196,319.573,311.96349999999995,303.4732,317.58443773212747,310.8906761101443,6.693761621983185,6.344640022362821,315.94,3309800.0,326.26,3048700.0,314.67,2584400.0,65.66112716763006,-1.9585606571446035,1.6525248673213255,0.012439070709628464,0.016220277717710747
GS,2021-05-14,322.72,329.41,322.45,328.75,328.75,2732300,Financials,322.818,321.38399999999996,313.1425,304.17699999999996,319.3022165425694,312.2135889908743,7.088627551695083,6.493437528229274,319.87,2673900.0,330.64,3378100.0,310.64,2101100.0,68.5940855773996,-0.5716186789257116,5.829899562194174,0.027761278019195368,0.017215209546296757
GS,2021-05-17,327.87,330.47,324.95,329.18,329.18,1826100,Financials,322.92,323.086,314.3085,304.9236,320.8218755360203,313.4703601767355,7.351515359284804,6.66505309444038,328.75,2732300.0,328.67,3396300.0,312.16,1871700.0,67.32554142316945,0.15517084005232107,5.452332137365445,0.0013079847908745723,0.017273784640165064
GS,2021-05-18,331.08,332.6,324.5,325.0,325.0,2018600,Financials,323.748,324.398,315.765,305.465,321.4646639150941,314.3244075710514,7.140256344042712,6.760093744360847,329.18,1826100.0,320.86,3734300.0,311.88,2831400.0,62.00851900393184,1.2902823661409935,4.20674618442991,-0.012698219818944034,0.0181376374136906
GS,2021-05-19,320.94,320.94,315.52,319.49,319.49,3696000,Financials,324.45799999999997,324.466,316.79499999999996,305.9604,321.1608694666181,314.7070440472698,6.453825419348334,6.698840079358345,325.0,2018600.0,315.94,3309800.0,318.81,2786800.0,53.87335261973641,1.1236310691903562,0.21329318402809605,-0.016953846153846097,0.01806190254029156
GS,2021-05-20,320.03,322.67,315.01,320.74,320.74,1919600,Financials,324.632,323.91400000000004,318.0845,306.277,321.09612031790766,315.15392967339795,5.942190644509708,6.547510192388618,319.49,3696000.0,319.87,2673900.0,326.26,3048700.0,58.49596231493944,0.27198549410698547,-1.6919021639183462,0.003912485523803522,0.016266748792325595
GS,2021-05-21,322.26,327.3,321.39,326.52,326.52,2657500,Financials,324.18600000000004,323.502,319.284,306.70779999999996,321.9305633459219,315.9958608087018,5.934702537220062,6.424948661354907,320.74,1919600.0,328.75,2732300.0,330.64,3378100.0,61.271585557299815,-0.6783269961977201,-1.2460682313089833,0.018020826837937154,0.01679435657298397
GS,2021-05-24,327.46,329.6,325.85,328.33,328.33,1834300,Financials,324.01599999999996,323.468,320.3885,307.0552,322.9150920619339,316.909500748798,6.005591313135881,6.341077191711102,326.52,2657500.0,329.18,1826100.0,328.67,3396300.0,62.60922888241607,-0.25821738866274035,-0.10344722670156958,0.005543305157417633,0.016820511416463138
GS,2021-05-25,329.77,333.21,324.58,324.96,324.96,2631000,Financials,324.008,323.87800000000004,321.1855,307.3844,323.2296932831748,317.50583402666484,5.723859256509968,6.217633604670876,328.33,1834300.0,325.0,2018600.0,320.86,3734300.0,54.98621696124532,-0.012307692307700346,1.2778158698497633,-0.010264063594554229,0.015159172307594213
GS,2021-05-26,325.39,328.77,322.64,327.53,327.53,2121200,Financials,325.616,325.037,322.04499999999996,307.8424,323.89127893191716,318.2483648395045,5.642914092412639,6.102689702219229,324.96,2631000.0,319.49,3696000.0,315.94,3309800.0,51.11815460468391,2.516510688910434,3.6684180540608846,0.00790866568193005,0.014054489441923603
GS,2021-05-27,331.04,333.02,327.44,331.07,331.07,3897000,Financials,327.68199999999996,326.15700000000004,322.86499999999995,308.31339999999994,324.99569755777605,319.1981155921338,5.79758196564228,6.04166815490384,327.53,2121200.0,320.74,1919600.0,319.87,2673900.0,50.38427167113495,3.2206771840119774,3.5014224528714832,0.01080817024394709,0.01395086401837234
GS,2021-05-28,332.75,333.71,329.41,332.77,332.77,2169700,Financials,328.93199999999996,326.559,323.9715,308.76399999999995,326.191744087349,320.2034403630868,5.988303724262153,6.030995268775502,331.07,3897000.0,326.52,2657500.0,328.75,2732300.0,53.681752873563184,1.9141247090530333,1.2228136882129315,0.005134865738363414,0.011135905820449425
GS,2021-06-01,337.85,342.92,336.61,342.09,342.09,3644000,Financials,331.684,327.85,325.468,309.4688,328.6376296123722,321.8246670028582,6.812962609514045,6.187388736923212,332.77,2169700.0,328.33,1834300.0,329.18,1826100.0,68.56093722678787,4.190905491426311,3.9218664560422667,0.028007332391742024,0.013982393061861727
GS,2021-06-02,342.89,344.09,339.35,342.99,342.99,2809700,Financials,335.28999999999996,329.649,327.0235,310.2784,330.8456865950842,323.3924694470909,7.453217147993314,6.440554419137232,342.09,3644000.0,324.96,2631000.0,325.0,2018600.0,75.43727665977055,5.54837518463811,5.535384615384609,0.0026308866087871863,0.012740535743928296
GS,2021-06-03,341.92,349.97,340.03,347.71,347.71,3003900,Financials,339.32599999999996,332.471,328.4685,311.3172,333.44019634968663,325.1937680065656,8.24642834312101,6.801729203933988,342.99,2809700.0,327.53,2121200.0,319.49,3696000.0,75.79688658265381,6.161267670137094,8.832827318538916,0.013761334149683613,0.01017714022640024
GS,2021-06-04,348.57,350.69,345.56,350.15,350.15,2514100,Financials,343.142,335.412,329.66299999999995,312.4604,336.0109353728118,327.0423777838571,8.968557588954695,7.23509488093813,347.71,3003900.0,331.07,3897000.0,320.74,1919600.0,72.516835016835,5.763131663998555,9.169420714597475,0.007017342037905161,0.010066824551407064
GS,2021-06-07,351.54,351.77,346.66,347.21,347.21,2188700,Financials,346.03000000000003,337.48099999999994,330.4915,313.51099999999997,337.7338683923792,328.53627572579364,9.197592666585535,7.627594438067611,350.15,2514100.0,332.77,2169700.0,326.52,2657500.0,68.01918848690784,4.339333473570339,6.336518436849192,-0.00839640154219623,0.010831941981466118
GS,2021-06-08,345.09,345.71,341.9,344.11,344.11,2452600,Financials,346.43399999999997,339.05899999999997,331.2635,314.556,338.7148117166285,329.6898849312904,9.024926785338096,7.907060907521708,347.21,2188700.0,342.09,3644000.0,328.33,1834300.0,69.51991828396328,0.5904878833055793,4.80614016385954,-0.008928314276662408,0.011850498718995779
GS,2021-06-09,342.74,343.73,338.91,342.4,342.4,2025900,Financials,346.316,340.803,332.34049999999996,315.5964,339.2817637602241,330.63137493638004,8.650388823844082,8.055726490786183,344.11,2452600.0,342.99,2809700.0,324.96,2631000.0,75.37098560354372,-0.17201667687105626,5.366814377154117,-0.004969341199035249,0.011204951988163545
GS,2021-06-10,348.53,348.53,333.07,334.49,334.49,3900800,Financials,343.672,341.49899999999997,333.268,316.3666,338.54456933557424,330.9171990151667,7.627370320407522,7.9700552567104515,342.4,2025900.0,347.71,3003900.0,327.53,2121200.0,63.26963906581742,-3.8020189238158197,2.124996183555705,-0.02310163551401856,0.014273069128949096
GS,2021-06-11,336.06,338.79,335.54,338.17,338.17,2117300,Financials,341.27599999999995,342.20899999999995,334.183,317.2996,338.4869432839475,331.45444353256175,7.032499751385728,7.782544155645508,334.49,3900800.0,350.15,2514100.0,331.07,3897000.0,61.71796419231546,-3.4213908325003484,2.1445615730812273,0.011001823671858757,0.01428617692867475
GS,2021-06-14,337.61,338.79,331.59,333.58,333.58,2560500,Financials,338.55,342.28999999999996,334.42449999999997,318.1294,337.7320289325709,331.61189215977936,6.120136772791568,7.45006267907472,338.17,2117300.0,347.21,2188700.0,332.77,2169700.0,55.000952562392825,-3.925578180351952,0.2434113652072023,-0.013573054972351284,0.015065123903739692
GS,2021-06-15,334.1,335.29,328.42,332.13,332.13,2302900,Financials,336.154,341.294,334.572,319.0034,336.87017832756,331.65027051831424,5.21990780924574,7.0040317051089245,333.58,2560500.0,344.11,2452600.0,342.09,3644000.0,57.089183310263024,-3.4814448868094594,-2.911514513724456,-0.004346783380298591,0.01152172226690144
GS,2021-06-16,331.85,334.61,326.72,331.86,331.86,3264200,Financials,334.046,340.181,334.91499999999996,319.8092,336.09938166178154,331.6658060354762,4.433575626305355,6.4899404893482115,332.13,2302900.0,342.4,2025900.0,342.99,2809700.0,54.485187487052045,-3.0782710280373715,-3.244992565380911,-0.000812934694246148,0.011389058698082035
GS,2021-06-17,334.11,334.11,318.93,323.36,323.36,4146300,Financials,331.82000000000005,337.746,335.1085,320.45399999999995,334.13947679073823,331.0505611439594,3.088915646778844,5.809735520834338,331.86,3264200.0,334.49,3900800.0,347.71,3003900.0,42.757843321435296,-3.3274537355376776,-7.002962238647137,-0.02561321038992348,0.011663263274952856
GS,2021-06-18,318.91,320.57,311.4,312.03,312.03,6290100,Financials,326.592,333.93399999999997,334.673,320.79040000000003,330.7380188229323,329.6416306888513,1.0963881340809962,4.8670660434836694,323.36,4146300.0,338.17,2117300.0,350.15,2514100.0,33.50302258988228,-7.7298400212910785,-10.886762815936024,-0.03503834735279576,0.013427136966932054
GS,2021-06-21,315.66,320.2,314.0,319.82,319.82,2717300,Financials,323.84000000000003,331.19500000000005,334.33799999999997,321.28860000000003,329.0583236194043,328.91410248967713,0.14422112972715695,3.9224970607323675,312.03,6290100.0,333.58,2560500.0,347.21,2188700.0,31.8441219631502,-4.124947538821266,-7.888597678638288,0.0249655481844695,0.01771139510107093
GS,2021-06-22,319.34,321.91,315.44,319.81,319.81,1870800,Financials,321.37600000000003,328.765,333.912,321.7682,327.63550460103437,328.2397245274788,-0.6042199264444434,3.0171536632970057,319.82,2717300.0,332.13,2302900.0,344.11,2452600.0,30.823957643944397,-3.7093909011531645,-7.06169538810264,-3.1267588018191184e-05,0.017884523140648416
GS,2021-06-23,320.94,324.24,319.93,322.96,322.96,1713100,Financials,319.59599999999995,326.821,333.812,322.385,326.9161962008752,327.84863382173967,-0.932437620864448,2.227235406464715,319.81,1870800.0,331.86,3264200.0,342.4,2025900.0,28.979106505860372,-2.681853793768463,-5.677570093457939,0.00984959819893061,0.018681641004709353
GS,2021-06-24,324.7,331.75,324.51,329.85,329.85,2716600,Financials,320.894,326.357,333.928,323.00280000000004,327.3675506315098,327.99688316827746,-0.629332536767663,1.6559218178182395,322.96,1713100.0,323.36,4146300.0,334.49,3900800.0,33.970309538850344,2.007050964868884,-1.3871864629734776,0.021333911320287502,0.01934750419751688
GS,2021-06-25,329.91,331.99,326.08,329.86,329.86,2782400,Financials,324.46,325.526,333.8675,323.56379999999996,327.7510043805083,328.1348918224792,-0.38388744197089864,1.2479599658604121,329.85,2716600.0,312.03,6290100.0,338.17,2117300.0,35.635038913727485,5.714194147998608,-2.4573439394387497,3.031681067144909e-05,0.018882514490720554
GS,2021-06-28,329.0,329.95,325.47,329.81,329.81,1833400,Financials,326.45799999999997,325.149,333.7195,324.05659999999995,328.06777293735314,328.25897390970295,-0.1912009723498045,0.9601277782183689,329.86,2782400.0,319.82,2717300.0,333.58,2560500.0,37.530519707010825,3.1236320430241937,-1.130163678877627,-0.0001515794579518559,0.0184664820024079
GS,2021-06-29,335.31,338.2,331.64,333.31,333.31,2365900,Financials,329.158,325.267,333.28049999999996,324.60560000000004,328.8742694085296,328.63312399046566,0.24114541806392253,0.8163313061874797,329.81,1833400.0,319.81,1870800.0,332.13,2302900.0,42.31354642313549,4.221256370970261,0.3552825700779749,0.0106121706437039,0.018767018650445482
GS,2021-06-30,331.77,340.01,331.77,339.49,339.49,2238400,Financials,332.46400000000006,326.03000000000003,333.1055,325.478,330.5074587302942,329.43733702820896,1.0701217020852596,0.8670893853670358,333.31,2365900.0,322.96,1713100.0,331.86,3264200.0,54.35540069686411,5.118280901659666,2.299162297354296,0.01854129789085235,0.019594661130520916
GS,2021-07-01,340.54,341.38,334.68,335.43,335.43,2571000,Financials,333.58000000000004,327.23699999999997,332.4915,326.2088,331.2647727717874,329.8812379890824,1.3835347827049986,0.9703784648346284,339.49,2238400.0,329.85,2716600.0,323.36,4146300.0,47.62893734856351,1.6916780354706562,3.7326818406729245,-0.011959115143303167,0.017816959331340372
GS,2021-07-02,336.61,336.87,333.13,334.69,334.69,1598900,Financials,334.546,329.50300000000004,331.7185,327.00359999999995,331.791730806897,330.2374425824837,1.5542882244133125,1.0871604167503652,335.43,2571000.0,329.86,2782400.0,312.03,6290100.0,51.029111811607656,1.4642575638149413,7.262122231836687,-0.002206123483290079,0.011906373443856923
GS,2021-07-06,333.85,334.21,326.86,330.84,330.84,2162900,Financials,334.75200000000007,330.605,330.9,327.5698,331.64531068275903,330.28207646526266,1.3632342174963696,1.142375176899566,334.69,1598900.0,329.81,1833400.0,319.82,2717300.0,48.85496183206105,0.31230102180042074,3.4456881996122846,-0.011503182049060423,0.011400039587502136
GS,2021-07-07,328.73,331.05,323.97,328.88,328.88,2012800,Financials,333.866,331.512,330.13849999999996,328.0226,331.21987827002687,330.1782189493173,1.0416593207095843,1.1222320056615698,330.84,2162900.0,333.31,2365900.0,319.81,1870800.0,47.43192002757669,-1.329093036512563,2.836058909977801,-0.005924313867730513,0.011747116668141142
GS,2021-07-08,321.74,324.6,318.07,321.07,321.07,2940500,Financials,330.18199999999996,331.323,329.072,328.2636,329.6583585361766,329.5035360641827,0.15482247199389576,0.928750098928035,328.88,2012800.0,339.49,2238400.0,322.96,1713100.0,48.002790859933704,-5.425785737429678,-0.5852117909338594,-0.02374726343955247,0.014096194288111303
GS,2021-07-09,327.39,332.89,326.45,332.54,332.54,2641800,Financials,329.604,331.592,328.9745,328.7076,330.10168799214944,329.72845931868767,0.37322867346176736,0.8176458138347815,321.07,2940500.0,335.43,2571000.0,329.85,2716600.0,67.84409257003657,-0.8615806576632967,0.8155222070638235,0.035724296882299944,0.01700660247258083
GS,2021-07-12,331.24,343.49,328.58,340.36,340.36,4135900,Financials,330.738,332.642,329.084,329.2214,331.679889839511,330.51598085063677,1.1639089888742546,0.8868984488426762,332.54,2641800.0,334.69,1598900.0,329.86,2782400.0,67.8608695652174,1.6941049926797902,3.1831686169890183,0.02351596800384903,0.018428939953900512
GS,2021-07-13,340.86,344.68,332.76,336.31,336.31,6466800,Financials,331.832,333.29200000000003,329.2205,329.7348,332.39221447958624,330.9451674542933,1.4470470252929317,0.9989281641327273,340.36,4135900.0,330.84,2162900.0,329.81,1833400.0,63.405914852128674,1.6533671865554433,1.9708316909735846,-0.011899165589375982,0.019037107682034867
GS,2021-07-14,338.79,341.49,332.21,334.9,334.9,3295700,Financials,333.036,333.451,329.35900000000004,330.1896,332.778027636573,331.23811801323455,1.539909623338417,1.1071244559738653,336.31,6466800.0,328.88,2012800.0,333.31,2365900.0,59.98327759197323,1.830454877158827,0.477033392337467,-0.004192560435312687,0.01887791818388329
GS,2021-07-15,332.07,338.79,331.47,333.96,333.96,2183900,Financials,335.61400000000003,332.89799999999997,329.464,330.63120000000004,332.95986953863866,331.4397389011431,1.5201306374955834,1.1897256922782091,334.9,3295700.0,321.07,2940500.0,339.49,2238400.0,53.81615598885789,4.014700844052688,-1.628913959174061,-0.00280680800238875,0.017804549486856492
GS,2021-07-16,335.37,335.37,325.45,326.31,326.31,2583300,Financials,334.36800000000005,331.986,329.6115,330.7812,331.9368126865404,331.0597582417991,0.8770544447413045,1.1271914427708283,333.96,2183900.0,332.54,2641800.0,335.43,2571000.0,47.11335176451455,-1.873458832020214,-2.718898130757541,-0.02290693496227081,0.01882639971225866
GS,2021-07-19,316.65,317.72,312.18,317.3,317.3,4394600,Financials,329.756,330.24699999999996,329.875,330.602,329.68499535014956,330.0405168905547,-0.3555215404051637,0.83064884613563,326.31,2583300.0,340.36,4135900.0,334.69,1598900.0,41.12136266855928,-6.775179222000238,-5.195852878783347,-0.027611780209003678,0.020415307833972943
GS,2021-07-20,315.11,328.56,314.45,326.28,326.28,2937900,Financials,327.75,329.79100000000005,330.198,330.51480000000004,329.161149911665,329.761960083847,-0.6008101721819799,0.544357042472108,317.3,4394600.0,336.31,6466800.0,330.84,2162900.0,45.37073620439877,-2.982367458594759,-1.3783097569822322,0.02830129215253696,0.022779301765755326
GS,2021-07-21,329.21,335.35,329.11,334.1,334.1,2398800,Financials,327.59,330.313,330.9125,330.62340000000006,329.92097300217813,330.0832963739324,-0.16232337175426892,0.4030209596268327,326.28,2937900.0,334.9,3295700.0,328.88,2012800.0,46.5257187056852,-0.23887727679903215,1.5872050595962195,0.023967144783621608,0.024011753719618938
GS,2021-07-22,333.02,334.27,329.58,333.39,333.39,1887100,Financials,327.476,331.54499999999996,331.434,330.874,330.4546694633815,330.32823738327073,0.12643208011076013,0.34770318372361825,334.1,2398800.0,333.96,2183900.0,321.07,2940500.0,48.62570735650766,-0.17067912324829626,3.83716946460273,-0.002125112241843863,0.02236957885345152
GS,2021-07-23,335.07,338.12,332.2,334.59,334.59,1706900,Financials,329.13199999999995,331.75,331.67099999999994,331.24699999999996,331.0908741613228,330.6439235030284,0.44695065829438363,0.3675526786377713,333.39,1887100.0,326.31,2583300.0,332.54,2641800.0,49.9330476700589,2.537464374367926,0.6164671919167475,0.003599388104022383,0.01941904781139116
GS,2021-07-26,333.81,336.94,333.75,336.24,336.24,1559100,Financials,332.91999999999996,331.33799999999997,331.99,331.5744,331.8830473672731,331.0584476879893,0.8245996792837786,0.4589620787669728,334.59,1706900.0,317.3,4394600.0,340.36,4135900.0,53.72516556291392,5.96911440277339,-1.2104830179809678,0.00493140858961727,0.017825762025395434
GS,2021-07-27,333.2,335.56,330.27,335.29,335.29,1791800,Financials,334.72200000000004,331.236,332.264,331.70520000000005,332.40719392615415,331.3718960073975,1.0352979187566689,0.574229246764912,336.24,1559100.0,326.28,2937900.0,336.31,6466800.0,54.48439904855184,2.7614318989824804,-0.3032916059587776,-0.0028253628360694893,0.01744029648832698
GS,2021-07-28,336.16,337.62,333.06,334.75,334.75,1668900,Financials,334.85200000000003,331.221,332.336,331.81660000000005,332.76762562982276,331.6221259327755,1.1454996970472848,0.6884833368213866,335.29,1791800.0,334.1,2398800.0,334.9,3295700.0,60.65420560747662,0.1945525291828787,-0.0447894893998102,-0.001610546094425791,0.01739312486960492
GS,2021-07-29,337.25,339.47,335.27,337.72,337.72,1296600,Financials,335.718,331.597,332.24750000000006,332.07099999999997,333.5295293790808,332.07382030812545,1.455709070955379,0.8419284836481851,334.75,1668900.0,333.39,1887100.0,333.96,2183900.0,54.64991023339317,1.2987792075347393,1.1258833393220868,0.008872292755788047,0.017568135690239243
GS,2021-07-30,336.84,339.86,333.7,335.33,335.33,1474900,Financials,335.86600000000004,332.49899999999997,332.2425,332.38779999999997,333.80652485922224,332.3150188038199,1.4915060554023398,0.9718439979990161,337.72,1296600.0,334.59,1706900.0,326.31,2583300.0,44.99701611298984,0.22116620341312565,2.7642425914008006,-0.007076868411702075,0.015769816620705715
GS,2021-08-02,336.48,346.11,336.11,338.29,338.29,2383200,Financials,336.276,334.598,332.4225,332.7388,334.49629026549576,332.7576100035369,1.738680261958848,1.1252112507909826,335.33,1474900.0,336.24,1559100.0,317.3,4394600.0,52.01301342008948,0.6096835593623728,6.615190671288995,0.008827125518146461,0.011613115809321938
GS,2021-08-03,340.13,341.08,332.55,340.23,340.23,1494600,Financials,337.264,335.993,332.892,333.01300000000003,335.37839945541947,333.31112037364534,2.0672790817741316,1.3136248169876126,338.29,2383200.0,335.29,1791800.0,326.28,2937900.0,55.361094347213864,1.4733514271227932,4.2754689223979625,0.005734724644535838,0.00874017553754649
GS,2021-08-04,338.55,342.28,336.12,338.0,338.0,1460500,Financials,337.91400000000004,336.383,333.348,333.2064,335.78172261612417,333.6584447904123,2.1232778257118525,1.4755554187324607,340.23,1494600.0,334.75,1668900.0,334.1,2398800.0,53.96078431372549,0.9708737864077666,1.1673151750972721,-0.00655438967757116,0.005972830606770867
GS,2021-08-05,340.04,343.76,339.86,343.76,343.76,1583800,Financials,339.12199999999996,337.42,334.4825,333.5824,337.0091499059512,334.4067081392707,2.6024417666804993,1.7009326883220686,338.0,1460500.0,337.72,1296600.0,333.39,1887100.0,67.76623905518217,1.7884638161790756,3.11047121989263,0.017041420118343087,0.007638371229362489
GS,2021-08-06,347.85,356.78,347.64,355.91,355.91,3655800,Financials,343.238,339.552,335.651,334.15,339.9169729973433,335.9995445733988,3.9174284239445,2.144231835446555,343.76,1583800.0,335.33,1474900.0,334.59,1706900.0,86.94736842105249,6.1372379447111935,6.371977644281079,0.035344426343961066,0.012754813460764373
GS,2021-08-09,354.75,361.91,352.06,357.69,357.69,3319100,Financials,347.11800000000005,341.697,336.51750000000004,334.68240000000003,342.65128484390584,337.60624497536924,5.045039868536605,2.7243934420645655,355.91,3655800.0,338.29,2383200.0,336.24,1559100.0,84.86126526082116,5.734724644535749,6.379371877230544,0.005001264364586477,0.012754018945012265
GS,2021-08-10,357.91,367.31,357.35,364.93,364.93,3152300,Financials,352.058,344.661,337.9485,335.32559999999995,346.07877948330497,339.63022682904557,6.448552654259402,3.4692252845035325,357.69,3319100.0,340.23,1494600.0,335.29,1791800.0,84.66381830447476,7.259794844663903,8.840108562736738,0.020240990802091297,0.013008513316696163
GS,2021-08-11,365.67,370.93,364.11,370.22,370.22,3000500,Financials,358.502,348.20799999999997,339.7145,335.8882,349.7928134089504,341.89613595282,7.896677456130419,4.35471571882891,364.93,3152300.0,338.0,1460500.0,334.75,1668900.0,87.54332313965332,9.532544378698237,10.59596713965647,0.014495930726440731,0.012596895874452872
GS,2021-08-12,370.66,374.46,367.25,371.22,371.22,2312800,Financials,363.994,351.558,341.5775,336.45279999999997,353.08930365372726,344.06827403038886,9.021029623338393,5.287978499730807,370.22,3000500.0,343.76,1583800.0,337.72,1296600.0,87.4923234390992,7.9881312543635286,9.91945990761578,0.002701096645237877,0.012817991904711772
GS,2021-08-13,372.11,372.91,365.12,367.44,367.44,1980000,Financials,366.3,354.769,343.634,336.8474,355.2971030916154,345.7995129911008,9.497590100514572,6.12990081988756,371.22,2312800.0,355.91,3655800.0,335.33,1474900.0,80.60023538642592,3.2395830406563464,9.57564190498912,-0.010182641021496797,0.01329505704587508
GS,2021-08-16,365.84,365.84,359.72,365.27,365.27,1590700,Financials,367.816,357.467,346.0325,337.1498,356.83139492367457,347.2417712880563,9.589623635618238,6.821845383033696,367.44,1980000.0,357.69,3319100.0,338.29,2383200.0,78.71647509578528,2.1191534569040105,7.975405716988382,-0.005905726104942333,0.014138521962742392
GS,2021-08-17,361.23,365.27,357.98,362.25,362.25,2077400,Financials,367.28000000000003,359.669,347.831,337.45059999999995,357.66502647387847,348.3534919333855,9.311534540492971,7.319783214525552,365.27,1590700.0,364.93,3152300.0,340.23,1494600.0,75.14630577907819,-0.734387416764859,6.4720924080768905,-0.008267856653981887,0.015030160362976705
GS,2021-08-18,360.13,363.26,356.54,356.73,356.73,2187800,Financials,364.582,361.54200000000003,348.9625,337.703,357.5211762471279,348.97397401239397,8.547202234733959,7.5652670185672335,362.25,2077400.0,370.22,3000500.0,338.0,1460500.0,66.60842215621173,-3.643779374426015,5.541420118343199,-0.015238095238095162,0.01607570043349761
GS,2021-08-19,352.97,355.77,349.67,352.05,352.05,2241500,Financials,360.748,362.371,349.89549999999997,337.89599999999996,356.67945682449283,349.2018277892537,7.477629035239147,7.547739421901617,356.73,2187800.0,371.22,2312800.0,343.76,1583800.0,64.0456989247312,-5.1640536609018906,2.411566208983018,-0.01311916575561356,0.0164983111383704
GS,2021-08-20,350.19,354.62,349.75,354.11,354.11,1612100,Financials,358.082,362.19100000000003,350.8715,338.28839999999997,356.2841557745709,349.56539610116084,6.718759673410034,7.3819434722033,352.05,2241500.0,367.44,1980000.0,355.91,3655800.0,63.49368816103717,-3.6278031787502663,-0.5057458346211186,0.0058514415565971145,0.011998402027648992
GS,2021-08-23,359.49,361.47,356.91,359.1,359.1,1857600,Financials,356.848,362.332,352.0145,338.70700000000005,356.71736257848306,350.2716630566304,6.445699521852646,7.19469468213317,354.11,1612100.0,365.27,1590700.0,357.69,3319100.0,65.2991730176747,-1.68916144222081,0.3941960915876841,0.01409166643133486,0.012775822096233961
GS,2021-08-24,361.01,366.44,360.21,365.46,365.46,1958400,Financials,357.49,362.38500000000005,353.523,339.3446,358.0623837202549,351.39672505243556,6.6656586678193435,7.088887479270405,359.1,1857600.0,362.25,2077400.0,364.93,3152300.0,70.86626139817628,0.8861283643892381,0.14523333241991399,0.017710944026733344,0.012358965519092236
GS,2021-08-25,366.66,372.72,365.8,369.54,369.54,1845300,Financials,360.052,362.317,355.2625,340.09280000000007,359.8281708402157,352.7406713448477,7.087499495367979,7.088609882489921,365.46,1958400.0,356.73,2187800.0,370.22,3000500.0,70.10293200249532,3.5909511395172844,-0.18367457187618008,0.011164012477425933,0.011969933237848836
GS,2021-08-26,372.0,376.34,367.78,368.9,368.9,2076500,Financials,363.422,362.08500000000004,356.8215,340.8336,361.2238368647979,353.93765865263674,7.286178212161133,7.128123548424163,369.54,1845300.0,352.05,2241500.0,371.22,2312800.0,62.34556168028885,4.786251952847587,-0.6249663272453132,-0.0017318828814202325,0.011935908462844662
GS,2021-08-27,369.23,375.56,368.98,375.41,375.41,2174500,Financials,367.68199999999996,362.882,358.82550000000003,341.8746,363.4063235009828,355.5282024561451,7.878121044837712,7.278123047706873,368.9,2076500.0,354.11,1612100.0,367.44,1980000.0,65.45169166376002,6.015080059868416,2.169061615501855,0.01764705882352957,0.012665779428127863
GS,2021-08-30,375.64,376.37,369.18,369.96,369.96,2089400,Financials,369.854,363.351,360.409,343.0332,364.41458142390854,356.5972244964306,7.817356927477931,7.385969823661085,375.41,2174500.0,359.1,1857600.0,365.27,1590700.0,54.52745274527448,3.0242272347535293,1.2839817121581332,-0.014517460909405866,0.013542118740934828
GS,2021-08-31,370.42,372.89,367.41,371.68,371.68,1958100,Financials,371.098,364.294,361.9815,344.0704,365.5323381279226,357.7144671263246,7.817871001598007,7.472350059248471,369.96,2089400.0,365.46,1958400.0,362.25,2077400.0,51.40438630242398,1.7019646472938188,2.6031746031746072,0.004649151259595641,0.013131653559999413
GS,2021-09-01,371.37,374.02,368.81,371.82,371.82,1680400,Financials,371.554,365.803,363.6725,345.1106,366.4996707236268,358.75932141326354,7.740349310363285,7.525949909471434,371.68,1958100.0,369.54,1845300.0,356.73,2187800.0,50.58685446009387,0.6169832765059224,4.230089984021523,0.00037666810159264763,0.011608143587073511
GS,2021-09-02,373.12,375.34,370.9,372.57,372.57,1830400,Financials,372.288,367.855,365.113,346.10280000000006,367.43356753537654,359.78233464191067,7.651232893465874,7.551006506270323,371.82,1680400.0,368.9,2076500.0,352.05,2241500.0,55.333749220212084,0.9948495527243306,5.828717511717074,0.0020171050508310806,0.009968122525418153
GS,2021-09-03,372.12,373.13,369.07,369.7,369.7,1373600,Financials,371.146,369.414,365.8025,346.89979999999997,367.7822494530109,360.5169765202877,7.265272932723178,7.493859791560895,372.57,1830400.0,375.41,2174500.0,354.11,1612100.0,54.53986472637835,-1.5210037026184842,4.402586766823857,-0.0077032503958988086,0.010833198716123676
GS,2021-09-07,369.43,372.78,368.2,368.81,368.81,1557000,Financials,370.916,370.385,366.3585,347.67879999999997,367.94036492177844,361.1312745558219,6.809090365956536,7.356905906440023,369.7,1373600.0,369.96,2089400.0,359.1,1857600.0,57.029575653664786,-0.3108444156124879,2.7039821776663864,-0.0024073573167432416,0.010437310126575434
GS,2021-09-08,367.83,369.41,363.76,364.03,364.03,1646200,Financials,369.38599999999997,370.242,366.31350000000003,348.3632,367.33877031842786,361.34599495909436,5.992775359333507,7.08407979701872,368.81,1557000.0,371.68,1958100.0,365.46,1958400.0,57.94860627177692,-2.058222126560494,-0.39128769222349646,-0.012960603020525596,0.01004183533433325
GS,2021-09-09,363.74,367.52,362.69,363.65,363.65,2424600,Financials,367.752,369.65299999999996,365.985,348.97,366.7712671925159,361.51666199916144,5.25460519335445,6.718184876285867,364.03,1646200.0,371.82,1680400.0,369.54,1845300.0,63.935607880826424,-2.1972997687052964,-1.593873464306983,-0.001043870010713377,0.009193194910336114
GS,2021-09-10,366.73,368.34,362.38,362.67,362.67,1956000,Financials,365.77200000000005,369.03,365.5575,349.4336,366.1403030090519,361.60209444366797,4.538208565383911,6.2821896141054765,363.65,2424600.0,372.57,1830400.0,368.9,2076500.0,60.55747409965463,-2.65721877767936,-1.6888045540796814,-0.002694898941289603,0.009200150169006334
GS,2021-09-13,366.2,367.96,362.95,367.86,367.86,1802800,Financials,365.404,368.275,365.57849999999996,350.0822,366.4048717768901,362.06564300339625,4.339228773493858,5.893597445983153,362.67,1956000.0,369.7,1373600.0,375.41,2174500.0,60.75110456553751,-0.49770083851771174,-2.0111344929543695,0.014310530234097119,0.008452099975224557
GS,2021-09-14,368.8,374.83,362.04,362.85,362.85,3263200,Financials,364.21200000000005,367.56399999999996,365.4575,350.6454,365.8579684265993,362.1237435216632,3.734224904936127,5.461722937773748,367.86,1802800.0,368.81,1557000.0,369.96,2089400.0,46.68697638994676,-1.6160082427265965,-1.9218293869607384,-0.013619311694666458,0.008307815480075514
GS,2021-09-15,357.74,362.78,356.13,361.29,361.29,3199800,Financials,363.66400000000004,366.525,365.4095,351.2544,365.15520405327635,362.06198474228074,3.0932193109956074,4.98802221241812,362.85,3263200.0,364.03,1646200.0,371.68,1958100.0,38.812042310821845,-0.7526852182512256,-2.795415411106328,-0.004299297230260457,0.007999307124011047
GS,2021-09-16,363.6,364.91,354.95,356.55,356.55,2882900,Financials,362.244,364.998,365.4005,351.80780000000004,363.8313265066185,361.65368957618585,2.177636930432641,4.425945156021025,361.29,3199800.0,363.65,2424600.0,371.82,1680400.0,34.927996094703516,-1.9524267839955867,-4.106825883492005,-0.013119654571120187,0.008524628734871285
GS,2021-09-17,356.23,358.78,349.5,351.86,351.86,3843700,Financials,360.082,362.927,365.39099999999996,352.4236,361.9895839671387,360.928231089061,1.0613528780776846,3.7530267004323568,356.55,2882900.0,362.67,1956000.0,372.57,1830400.0,19.923371647509597,-2.9806711335373715,-5.558686958155512,-0.013153835366708777,0.008653716290067047
GS,2021-09-20,339.6,342.33,334.82,339.88,339.88,3834500,Financials,354.486,359.945,364.6795,352.5704,358.5881095106558,359.3691028602417,-0.7809933495859127,2.846222690428703,351.86,3843700.0,367.86,1802800.0,369.7,1373600.0,17.075306479859904,-7.606154515304741,-8.065999459020823,-0.0340476325811403,0.012497906749249518
GS,2021-09-21,342.33,342.91,336.24,337.82,337.82,2377300,Financials,349.48,356.846,363.6155,352.51959999999997,355.39301573978565,357.7728730187423,-2.3798572789566492,1.8010066965516325,339.88,3834500.0,362.85,3263200.0,368.81,1557000.0,13.211647109952168,-6.898167286757618,-8.402700577533151,-0.006060962692715055,0.012359018164392518
GS,2021-09-22,342.28,349.91,341.3,346.48,346.48,2991300,Financials,346.51800000000003,355.091,362.6665,352.72299999999996,354.02178254904936,356.9363639062429,-2.9145813571935264,0.8578890858026007,337.82,2377300.0,361.29,3199800.0,364.03,1646200.0,26.769343601026804,-4.099200088571509,-4.821031233689521,0.025634953525546234,0.01627570124703558
GS,2021-09-23,350.9,353.91,348.91,352.22,352.22,2518000,Financials,345.65200000000004,353.94800000000004,361.8005,353.06940000000003,353.744585233811,356.58700361689154,-2.842418383080542,0.11782759202597215,346.48,2991300.0,356.55,2882900.0,363.65,2424600.0,32.907777591130554,-1.2144159304445346,-3.1431321325450123,0.016566612791503177,0.017625195927197874
GS,2021-09-24,350.97,352.79,349.29,351.31,351.31,1789700,Financials,345.54200000000003,352.812,360.921,353.4164,353.3700336593786,356.19611446008474,-2.8260808007061655,-0.4709540865204554,352.22,2518000.0,351.86,3843700.0,362.67,1956000.0,34.02813965607089,-0.1563121696129155,-3.1323241514324307,-0.0025836125149055755,0.01762547902574876
GS,2021-09-27,356.46,360.44,355.21,359.37,359.37,2788500,Financials,349.44,351.963,360.119,354.0776,354.2931054040896,356.4312170926711,-2.138111688581489,-0.8043856069326621,351.31,1789700.0,339.88,3834500.0,367.86,1802800.0,42.70929873339513,5.734376838884314,-2.3079432392758115,0.022942700179328757,0.018745304579384225
GS,2021-09-28,359.94,363.32,349.1,350.1,350.1,2609000,Financials,351.8960000000001,350.688,359.12600000000003,354.7336,353.6480122649989,355.9622380487695,-2.3142257837706097,-1.1063536423002516,359.37,2788500.0,337.82,2377300.0,362.85,3263200.0,39.93933265925181,3.6350719317980174,-3.5138486978090078,-0.025795141497620744,0.019929364094510345
GS,2021-09-29,351.16,352.7,345.43,345.96,345.96,1955000,Financials,351.79200000000003,349.15500000000003,357.84000000000003,355.1272,352.46524114730676,355.22133152663844,-2.756090379331681,-1.4363009897065375,350.1,2609000.0,346.48,2991300.0,361.29,3199800.0,37.88190163036033,-0.15008081274533458,-4.243128788507855,-0.011825192802056628,0.020108742812556007
GS,2021-09-30,348.75,348.77,338.52,339.79,339.79,2665700,Financials,349.30600000000004,347.479,356.23850000000004,355.241,350.5152040477211,354.07826993207266,-3.563065884351545,-1.8616539686355391,345.96,1955000.0,352.22,2518000.0,356.55,2882900.0,35.367101560501425,-3.5290443472829502,-4.700603000981629,-0.01783443172621102,0.020395791521797026
GS,2021-10-01,341.06,344.01,337.83,341.56,341.56,2382300,Financials,347.356,346.44899999999996,354.688,355.4044,349.13748034807173,353.1509906778451,-4.013510329773339,-2.2920252408630994,339.79,2665700.0,351.31,1789700.0,351.86,3843700.0,32.41037988229,-2.77532663459622,-2.927300630932761,0.005209099738073375,0.020368276866143856
GS,2021-10-04,341.75,347.74,335.11,336.3,336.3,2895600,Financials,342.742,346.091,353.018,355.4386,347.1624833714453,351.9027691461528,-4.740285774707502,-2.7816773476319803,341.56,2382300.0,359.37,2788500.0,339.88,3834500.0,32.30235968537529,-6.4195675765923665,-1.0533129339766911,-0.015399929734160933,0.017890408910279515
GS,2021-10-05,339.85,348.95,337.52,346.78,346.78,2508100,Financials,342.078,346.98699999999997,351.9165,355.6494,347.10363977583836,351.5233047649563,-4.419664989117962,-3.109274875929177,336.3,2895600.0,350.1,2609000.0,337.82,2377300.0,41.35589181460738,-0.9483004855755595,2.6523000414421904,0.03116265239369609,0.020397454061481024
GS,2021-10-06,343.7,350.15,340.36,348.8,348.8,2111800,Financials,342.646,347.219,351.15500000000003,355.9196,347.3646182718632,351.3215784860707,-3.95696021420747,-3.2788119435848357,346.78,2508100.0,345.96,1955000.0,346.48,2991300.0,45.22842014530231,0.8209041507688752,0.6695913184022073,0.005825018743872201,0.018836387249149465
GS,2021-10-07,353.17,357.61,350.33,351.11,351.11,2348000,Financials,344.90999999999997,347.10800000000006,350.528,356.2468,347.94083084542274,351.305906005621,-3.3650751601982734,-3.296064586907524,348.8,2111800.0,339.79,2665700.0,352.22,2518000.0,49.52429278193581,3.3314694370051967,-0.3151439441258397,0.006622706422018343,0.018163601001920916
GS,2021-10-08,351.3,354.42,348.91,353.08,353.08,1446700,Financials,347.214,347.28499999999997,350.0485,356.55400000000003,348.7314722538192,351.437320375575,-2.705848121755764,-3.178021293877172,351.11,2348000.0,341.56,2382300.0,351.31,1789700.0,59.590235396687,3.372760276378961,0.5038285275113186,0.00561077724929504,0.01822722491030312
GS,2021-10-11,353.16,356.8,346.07,346.27,346.27,1787400,Financials,349.20799999999997,345.975,348.969,356.77279999999996,348.35278421477005,351.05455590331013,-2.7017716885400773,-3.0827713728097534,353.08,1446700.0,336.3,2895600.0,359.37,2788500.0,55.74282995786326,2.964614927148368,-3.645268108078037,-0.019287413617310567,0.017360355527452378
GS,2021-10-12,347.15,349.28,342.48,347.43,347.43,2088200,Financials,349.338,345.70799999999997,348.198,356.9556,348.21081741249776,350.7860702808427,-2.5752528683449327,-2.9812676719167897,346.27,1787400.0,346.78,2508100.0,350.1,2609000.0,50.718934463447845,0.18743872195630118,-0.7626392459297415,0.0033499870043607327,0.015568815171070434
GS,2021-10-13,348.75,349.09,340.33,347.23,347.23,2391600,Financials,349.024,345.835,347.495,357.0956,348.05992242595966,350.52265766744694,-2.4627352414872803,-2.8775611858308876,347.43,2088200.0,348.8,2111800.0,345.96,1955000.0,45.8780769866182,-0.45011467889908285,0.3670944617875094,-0.0005756555277321995,0.01507060260017314
GS,2021-10-14,352.35,353.84,343.54,351.63,351.63,3380900,Financials,349.128,347.019,347.24899999999997,357.3682,348.60916512965815,350.60468302541386,-1.995517895755711,-2.7011525278158524,347.23,2391600.0,351.11,2348000.0,339.79,2665700.0,50.24992189940643,0.14810173449915087,3.4845051355248735,0.01267171615355811,0.014003886719933646
GS,2021-10-15,361.61,366.07,356.25,364.99,364.99,6451400,Financials,351.51000000000005,349.36199999999997,347.9055,357.7928,351.1292935712492,351.6702620605684,-0.5409684893191979,-2.2691157201165217,351.63,3380900.0,353.08,1446700.0,341.56,2382300.0,54.05366416618581,3.3731732185340535,6.859702541281187,0.037994482837073074,0.0177738908441953
GS,2021-10-18,366.74,373.87,366.37,371.84,371.84,3832300,Financials,356.624,352.916,349.50350000000003,358.1114,354.3155560987493,353.1643167227485,1.1512393760008308,-1.5850447008930513,364.99,6451400.0,346.27,1787400.0,336.3,2895600.0,66.24813153961134,7.384411008750402,10.567945286946179,0.018767637469519594,0.016251568464521686
GS,2021-10-19,373.18,373.78,368.25,370.47,370.47,2568300,Financials,361.232,355.285,351.13599999999997,358.36699999999996,356.8008551604802,354.44621918773004,2.3546359727501454,-0.797108566164412,371.84,3832300.0,347.43,2088200.0,346.78,2508100.0,69.10962108217691,6.631551679475001,6.83142049714518,-0.0036843803786573703,0.01494405111756348
GS,2021-10-20,369.43,372.42,365.11,366.63,366.63,2453400,Financials,365.11199999999997,357.068,352.1435,358.40100000000007,358.3130312896371,355.3487214701204,2.9643098195167,-0.044824889028189596,370.47,2568300.0,347.23,2391600.0,348.8,2111800.0,71.71521035598707,5.587074849523366,5.111811926605503,-0.010365211758037174,0.015899407051317503
GS,2021-10-21,365.65,370.92,363.69,366.36,366.36,2162100,Financials,368.058,358.59299999999996,352.8505,358.32380000000006,359.5510264758468,356.16437173159295,3.3866547442538604,0.6414710376282204,366.63,2453400.0,351.63,3380900.0,351.11,2348000.0,70.56384742951911,4.1890623666922755,4.343368175215745,-0.0007364372800916508,0.015991678348791748
GS,2021-10-22,368.52,373.34,367.72,372.41,372.41,2411000,Financials,369.54200000000003,360.526,353.9055,358.3476,361.52933009494734,357.36775160332684,4.161578491620503,1.3454925284266772,366.36,2162100.0,364.99,6451400.0,353.08,1446700.0,79.55475527909647,2.0329324091071133,5.4746799592160444,0.01651381155147935,0.01645042985089238
GS,2021-10-25,374.11,377.06,371.47,372.8,372.8,1824700,Financials,369.73400000000004,363.179,354.57700000000006,358.45480000000003,363.26327931110933,358.5108811141915,4.752398196917852,2.0268736621249124,372.41,2411000.0,371.84,3832300.0,346.27,1787400.0,75.50980392156869,0.2581755593803914,7.661651312559581,0.001047232888483185,0.014146223030144246
GS,2021-10-26,374.25,377.34,371.91,375.37,375.37,1843300,Financials,370.714,365.973,355.8405,358.6568,365.1258517247848,359.75970473536245,5.3661469894223615,2.6947283275844023,372.8,1824700.0,370.47,2568300.0,347.43,2088200.0,75.77109602327842,1.322644208707846,8.041907722418905,0.006893776824034248,0.014074964406605136
GS,2021-10-27,374.41,375.77,369.02,369.42,369.42,2067200,Financials,371.27200000000005,368.192,357.0135,358.8002,365.78648992097175,360.47528216237265,5.311207758599096,3.2180242137873414,375.37,1843300.0,366.63,2453400.0,347.23,2391600.0,66.58815002717887,0.7609851894280428,6.390576851078533,-0.015851026986706374,0.015812924822934674
GS,2021-10-28,370.32,372.95,367.68,372.86,372.86,1444700,Financials,372.572,370.315,358.66700000000003,359.1228,366.8747222408223,361.39266866886356,5.482053571958716,3.6708300854216165,369.42,2067200.0,366.36,2162100.0,351.63,3380900.0,67.4549947052595,1.7742111584234,6.037596337058848,0.009311894320827241,0.015698373201661012
GS,2021-10-29,372.14,373.88,369.59,371.54,371.54,2061700,Financials,372.398,370.96999999999997,360.166,359.5126,367.5924572806958,362.1443228415404,5.44813443915541,4.026290956168376,372.86,1444700.0,372.41,2411000.0,364.99,6451400.0,74.69220246238038,-0.23361349050777802,1.7945697142387473,-0.0035402027570670125,0.011115089021049292
GS,2021-11-01,374.88,376.37,371.45,374.55,374.55,1820800,Financials,372.748,371.24100000000004,362.0785,359.9214,368.6628484682811,363.0632618903152,5.599586577965908,4.3409500805278824,371.54,2061700.0,372.8,1824700.0,371.84,3832300.0,75.57525462089784,0.46942060085837234,0.7288080895008653,0.008101415729127481,0.009735952240798772
GS,2021-11-02,373.11,383.05,371.03,380.98,380.98,3000800,Financials,373.87,372.29200000000003,363.7885,360.3589999999999,370.5577948577763,364.3904276762177,6.167367181558575,4.7062335007340215,374.55,1820800.0,375.37,1843300.0,370.47,2568300.0,78.48101265822791,1.4945254016037524,2.8369368639835857,0.017167267387531826,0.010845822094799777
GS,2021-11-03,380.32,381.11,370.83,375.63,375.63,3542400,Financials,375.11199999999997,373.192,365.13,360.56239999999997,371.3381341104261,365.2229885890905,6.115145521335592,4.988015904854336,380.98,3000800.0,369.42,2067200.0,366.63,2453400.0,69.93355481727576,1.681013480591198,2.4547909336388285,-0.014042731901937167,0.011392434817508705
GS,2021-11-04,372.71,373.91,362.26,366.79,366.79,3802300,Financials,373.898,373.235,365.914,360.50739999999996,370.6384211703606,365.33906350841715,5.299357661943418,5.050284256272153,375.63,3542400.0,372.86,1444700.0,366.36,2162100.0,51.61637931034484,-1.6279568738936878,0.11737089201877549,-0.023533796555120667,0.014074345012316365
GS,2021-11-05,369.78,372.53,365.02,365.9,365.9,2105600,Financials,372.77,372.584,366.555,360.4474000000001,369.9094332979974,365.3806143596455,4.52881893835189,4.945991192688101,366.79,3802300.0,371.54,2061700.0,372.41,2411000.0,44.02654867256637,-1.5180061366205644,-1.7480733600064524,-0.002426456555522316,0.012857878538853715
GS,2021-11-08,368.43,371.81,366.69,367.03,367.03,1728400,Financials,371.26599999999996,372.007,367.593,360.2798,369.4664435598439,365.50279107374587,3.9636524860980558,4.749523451370092,365.9,2105600.0,374.55,1820800.0,372.8,1824700.0,46.523848019401726,-2.0077426244827223,-1.5477467811158885,0.003088275485105152,0.012922147560906568
GS,2021-11-09,365.03,366.35,359.59,364.35,364.35,2246900,Financials,367.94,370.90500000000003,368.439,360.1676,368.679298396791,365.4173991423573,3.261899254433729,4.45199861198282,367.03,1728400.0,380.98,3000800.0,375.37,1843300.0,47.64072847682122,-4.365058533256338,-2.9357700402269704,-0.007301855434160509,0.01267705569265698
GS,2021-11-10,361.63,364.53,357.07,358.75,358.75,2243900,Financials,364.564,369.838,369.015,359.909,367.1517140280539,364.9235177244049,2.2281963036489856,4.007238150316053,364.35,2246900.0,375.63,3542400.0,369.42,2067200.0,42.90773532152841,-4.493783776588667,-2.888311407070543,-0.015369836695485195,0.01262324514290817
GS,2021-11-11,359.66,362.92,358.2,361.64,361.64,1252400,Financials,363.534,368.716,369.5155,359.7054,366.30375802373794,364.6802941892638,1.623463834474137,3.53048328714767,358.75,2243900.0,366.79,3802300.0,372.86,1444700.0,39.33452168746281,-1.4040731753864666,-3.0091723435069495,0.008055749128919931,0.012494315145724603
GS,2021-11-12,362.23,364.12,358.82,363.95,363.95,1360100,Financials,363.144,367.957,369.46349999999995,359.53299999999996,365.94164140470133,364.6261983233924,1.3154430813089562,3.087475245979927,361.64,1252400.0,365.9,2105600.0,371.54,2061700.0,41.55695477962219,-0.5329324952172643,-2.042848683856391,0.006387567746930722,0.012834662040526312
GS,2021-11-15,364.93,366.14,363.05,363.86,363.86,1436500,Financials,362.51000000000005,366.88800000000003,369.0645,359.4162,365.6213888809011,364.56944289202994,1.0519459888711822,2.680369394558178,363.95,1360100.0,367.03,1728400.0,374.55,1820800.0,38.47386340877228,-0.8636896166525743,-2.8540915765585373,-0.00024728671520801715,0.012368553246718936
GS,2021-11-16,363.05,364.79,358.64,362.32,362.32,1311000,Financials,362.104,365.022,368.65700000000004,359.2864,365.11348289922404,364.40281749262033,0.7106654066037095,2.2864285969672844,363.86,1436500.0,364.35,2246900.0,380.98,3000800.0,42.20123022847097,-0.5571565802113487,-4.897894902619571,-0.0042323970757984775,0.01018408641340432
GS,2021-11-17,361.2,361.92,351.87,351.94,351.94,2927000,Financials,360.742,362.653,367.9225,359.04460000000006,363.08679322242034,363.4796458265003,-0.3928526040799625,1.750572356757835,362.32,1311000.0,358.75,2243900.0,375.63,3542400.0,30.060998856271425,-1.8982578397212513,-6.306738013470703,-0.028648708324133354,0.012430694365936967
GS,2021-11-18,352.62,354.07,346.67,351.78,351.78,1847400,Financials,358.77,361.15199999999993,367.1935,358.8072,361.3472865728172,362.61300539490765,-1.2657188220904345,1.1473141209881812,351.94,2927000.0,361.64,1252400.0,366.79,3802300.0,30.740740740740705,-2.726468311027541,-4.092259876223469,-0.0004546229470933083,0.01095582548909702
GS,2021-11-19,343.7,350.77,342.5,348.2,348.2,2610400,Financials,355.62,359.382,365.983,358.5178000000001,359.3246271000761,361.5453753656552,-2.220748265579118,0.47370164367472134,351.78,1847400.0,363.95,1360100.0,365.9,2105600.0,24.599961442066686,-4.327517516142332,-4.837387264279858,-0.010176815054863786,0.011096342194206393
GS,2021-11-22,353.39,361.78,350.71,356.09,356.09,3058700,Financials,354.066,358.288,365.1475,358.28240000000005,358.82699216160285,361.1412734867178,-2.314281325114962,-0.08389495008321529,348.2,2610400.0,363.86,1436500.0,367.03,1728400.0,26.664166510406858,-2.135436706425564,-2.9806827779745526,0.022659391154508768,0.014004650944870776
GS,2021-11-23,359.76,365.79,357.3,365.24,365.24,2402300,Financials,354.65,358.377,364.64099999999996,358.3302,359.81360875212545,361.44488285807205,-1.631274105946602,-0.39337078125589264,356.09,3058700.0,362.32,1311000.0,364.35,2246900.0,40.9067040084019,0.8059174210642617,0.2442706189103916,0.02569575107416666,0.016522034761422753
GS,2021-11-24,364.03,366.26,358.01,358.81,358.81,2186300,Financials,356.024,358.383,364.1105,358.28060000000005,359.6592074056446,361.24970635006673,-1.5904989444221087,-0.6327964138891359,365.24,2402300.0,351.94,2927000.0,358.75,2243900.0,42.70833333333332,1.9520372790816642,0.01672473867595503,-0.017604862556127476,0.01677179654646256
GS,2021-11-26,345.59,352.09,344.01,350.0,350.0,2687900,Financials,355.668,357.219,362.96750000000003,358.14959999999996,358.17317549708395,360.4163947685803,-2.2432192714963435,-0.9548809854105775,358.81,2186300.0,351.78,1847400.0,361.64,1252400.0,37.30842911877396,-0.5059980669736674,-3.218670501050769,-0.024553384799754774,0.018173935122154303
GS,2021-11-29,354.15,356.28,343.76,347.44,347.44,2883400,Financials,355.51599999999996,355.568,361.7625,358.06120000000004,356.5219177283018,359.45518034127804,-2.9332626129762502,-1.3505573109237121,350.0,2687900.0,348.2,2610400.0,363.95,1360100.0,34.71203371312629,-0.2182653647329058,-4.536337408984748,-0.007314285714285718,0.01789201830727278
GS,2021-11-30,344.73,347.7,339.1,342.45,342.45,4570400,Financials,352.78799999999995,353.42699999999996,360.15749999999997,358.11260000000004,354.357007308563,358.1955373530352,-3.8385300444721793,-1.8481518576334055,347.44,2883400.0,356.09,3058700.0,363.86,1436500.0,33.50406749020789,-3.8304922912746786,-5.884131259275549,-0.014362192033156806,0.01807613429999074
GS,2021-12-01,346.82,352.54,339.94,340.18,340.18,2476000,Financials,347.77599999999995,351.213,358.1175,358.1598,352.17592926109177,356.86105310466223,-4.685123843570466,-2.4155462548208178,342.45,4570400.0,365.24,2402300.0,362.32,1311000.0,35.27359238699445,-6.861241923119044,-6.11062044601457,-0.0066287049204263315,0.01806746411793064
GS,2021-12-02,341.56,351.58,339.78,350.18,350.18,3343700,Financials,346.05,351.037,356.845,358.23380000000003,351.8688632209238,356.36616028209465,-4.497297061170855,-2.8318964160908253,340.18,2476000.0,358.81,2186300.0,351.94,2927000.0,41.832953249714954,-2.405172654050891,-0.5000852418025725,0.029396202010700145,0.019313275831639522
GS,2021-12-03,352.29,352.29,342.49,345.83,345.83,2807500,Financials,345.216,350.442,355.797,358.106,350.93980734078167,355.58570396490245,-4.64589662412078,-3.1946964576968164,350.18,3343700.0,350.0,2687900.0,351.78,1847400.0,37.45152354570638,-1.1914285714285766,-1.6913980328614464,-0.012422182877377397,0.019688695409151694
GS,2021-12-06,351.2,355.65,346.52,351.77,351.77,1990200,Financials,346.082,350.799,355.09049999999996,358.11519999999996,351.0675292883537,355.30305922676155,-4.235529938407865,-3.4028631538390264,345.83,2807500.0,347.44,2883400.0,348.2,2610400.0,42.25496476617552,1.2462583467649058,1.0252728317059034,0.017176069166931818,0.020246247284956713
GS,2021-12-07,355.63,363.02,355.16,361.53,361.53,2441000,Financials,349.898,351.34299999999996,354.8155,358.1584,352.6771401670685,355.7643140988533,-3.0871739317847755,-3.339725309428176,351.77,1990200.0,342.45,4570400.0,356.09,3058700.0,49.54213515706502,5.571616294349546,1.5277036704203883,0.027745401825056026,0.020898480490820555
GS,2021-12-08,362.55,362.98,357.04,359.01,359.01,1635200,Financials,353.664,350.71999999999997,354.5485,358.33660000000003,353.6514262952118,356.00473527671596,-2.353308981504142,-3.14244204384337,361.53,2441000.0,340.18,2476000.0,365.24,2402300.0,54.508353526335924,5.535304838614841,-1.7057277406636762,-0.006970375902414672,0.019218697967681588
GS,2021-12-09,357.55,361.61,355.11,358.26,358.26,2111500,Financials,355.28,350.665,354.524,358.58259999999996,354.36043763441,356.1717919228851,-1.8113542884751155,-2.876224492769719,359.01,1635200.0,350.18,3343700.0,358.81,2186300.0,54.10126582278481,2.3073847735450403,-0.15328446810289886,-0.0020890782986546785,0.018387199961144927
GS,2021-12-10,359.63,360.41,351.19,353.36,353.36,1893800,Financials,356.78599999999994,351.00100000000003,354.11,358.85400000000004,354.2065241521931,355.9635110397084,-1.7569868875153247,-2.65237697171884,358.26,2111500.0,345.83,2807500.0,350.0,2687900.0,53.21215139442233,2.177370384292865,0.9600000000000053,-0.013677217663149555,0.01704640590919222
GS,2021-12-13,353.47,353.47,345.77,347.56,347.56,2313300,Financials,355.944,351.01300000000003,353.2905,358.974,353.18398197493264,355.34102874047073,-2.157046765538098,-2.5533109304826915,353.36,1893800.0,351.77,1990200.0,347.44,2883400.0,44.548127316886124,-1.1968047303635876,0.03453833755469038,-0.016413855558071067,0.017772037757397368
GS,2021-12-14,346.58,354.66,346.31,351.33,351.33,2788500,Financials,353.904,351.901,352.664,359.27459999999996,352.89875397878916,355.04391550043584,-2.145161521646685,-2.4716810487154905,347.56,2313300.0,361.53,2441000.0,342.45,4570400.0,40.452985586822216,-2.8213426271678665,2.5930792816469594,0.010847047991713543,0.017261387588835168
GS,2021-12-15,351.95,353.66,343.91,352.32,352.32,2802300,Financials,352.566,353.11499999999995,352.164,359.38539999999995,352.8097149051293,354.84214398188504,-2.0324290767557613,-2.383830654323545,351.33,2788500.0,359.01,1635200.0,340.18,2476000.0,45.186174158136765,-1.8634578423999293,3.568698924099012,0.0028178635470925695,0.016950038449884946
GS,2021-12-16,357.04,361.29,354.03,359.06,359.06,3578200,Financials,352.726,354.003,352.52000000000004,359.5906,353.7712972274171,355.15457776100465,-1.3832805335875378,-2.1837206301763437,352.32,2802300.0,358.26,2111500.0,350.18,3343700.0,56.93296602387512,0.22330151286775735,2.535838711519789,0.01913033605812897,0.015462442934068623
GS,2021-12-17,351.69,355.72,343.93,344.99,344.99,7058600,Financials,351.05199999999996,353.919,352.1805,359.4682,352.42032842319907,354.4016460750043,-1.9813176518052273,-2.1432400345021203,359.06,3578200.0,353.36,1893800.0,345.83,2807500.0,48.40598568640209,-2.3686891555354306,-0.2428939074111458,-0.03918565142316044,0.020003614860164956
GS,2021-12-20,339.32,339.42,331.3,335.78,335.78,3735600,Financials,348.696,352.32,351.55949999999996,359.1222,349.86027789655304,353.0222648842632,-3.161986987710179,-2.3469894251437324,344.99,7058600.0,347.56,2313300.0,351.77,1990200.0,45.88627112372023,-3.389342847278176,-4.5455837621173,-0.02669642598336197,0.020604929936063828
GS,2021-12-21,340.14,345.25,338.63,343.65,343.65,2942800,Financials,347.15999999999997,350.532,350.9375,359.06980000000004,348.90485052785255,352.3280230409845,-3.423172513131931,-2.562226042741372,335.78,3735600.0,351.33,2788500.0,361.53,2441000.0,52.00184608284295,-2.1859789941081065,-4.945647664094266,0.0234379653344452,0.019889736270672278
GS,2021-12-22,343.74,346.99,342.7,345.47,345.47,1487900,Financials,345.79,349.178,349.94899999999996,359.0306,348.376411985106,351.82002133424487,-3.4436093491388533,-2.7385027040208687,343.65,2942800.0,352.32,2802300.0,359.01,1635200.0,46.9996177857052,-1.944255222524971,-3.7714826885044905,0.005296086134148226,0.020123367944604485
GS,2021-12-23,346.79,350.24,346.59,347.92,347.92,1624000,Financials,343.562,348.144,349.4045,359.0444,348.3061947566282,351.5311308650416,-3.224936108413374,-2.83578938489937,345.47,1487900.0,359.06,3578200.0,358.26,2111500.0,51.364407886147035,-3.102545535565082,-2.886172053815661,0.007091787998957821,0.020410048190086138
GS,2021-12-27,349.68,351.6,347.88,350.63,350.63,1430400,Financials,344.69,347.871,349.436,359.02439999999996,348.6637032556085,351.4643804305941,-2.8006771749855943,-2.828766942916615,347.92,1624000.0,344.99,7058600.0,353.36,1893800.0,49.22300981461288,1.6348299950723177,-0.7725832012678291,0.0077891469303288385,0.02025966031269578
GS,2021-12-28,351.43,353.6,349.0,350.24,350.24,1528200,Financials,347.582,348.139,349.57599999999996,358.7294,348.90621044705335,351.3736855838834,-2.4674751368300463,-2.7565085816993014,350.63,1430400.0,335.78,3735600.0,347.56,2313300.0,41.17830911079859,4.306391089403783,0.7710898837610891,-0.0011122836037988915,0.019495028777262727
GS,2021-12-29,350.57,351.91,347.36,348.97,348.97,1327800,Financials,348.646,347.90299999999996,349.902,358.27200000000005,348.91602422442975,351.19563479989205,-2.2796105754623,-2.661128980451901,350.24,1528200.0,343.65,2942800.0,351.33,2788500.0,41.99872489639786,1.5480867161356215,-0.671733128397789,-0.0036260849703060316,0.01921314261954863
GS,2021-12-30,350.37,352.2,348.06,348.35,348.35,1160100,Financials,349.22200000000004,347.50600000000003,350.3105,357.82959999999997,348.8289435745175,350.9848470369371,-2.1559034624195874,-2.5600838768454386,348.97,1327800.0,345.47,1487900.0,352.32,2802300.0,42.08592876537296,0.8336469157958604,-1.1268165304268773,-0.0017766570192280229,0.01917973960009582
GS,2021-12-31,347.88,349.69,344.12,345.67,345.67,1601300,Financials,348.77200000000005,346.16700000000003,350.085,357.4104,348.34295225536096,350.59115466383065,-2.2482024084696945,-2.49770758317029,348.35,1160100.0,347.92,1624000.0,359.06,3578200.0,43.63305182977315,-0.6467003908944613,-3.729181752353361,-0.0076934117984786,0.017889319585560295
GS,2022-01-03,351.5,360.8,350.0,357.22,357.22,3334300,Financials,350.09000000000003,347.39,350.6545,357.22759999999994,349.70865190838236,351.08218024428766,-1.3735283359052914,-2.2728717337172903,345.67,1601300.0,350.63,1430400.0,344.99,7058600.0,57.30269126096161,1.8794740894960693,3.5450302907330755,0.03341337113431897,0.016545370700017808
GS,2022-01-04,363.45,370.72,362.5,368.19,368.19,3916400,Financials,353.68,350.631,351.4755,357.1432,352.5519362301697,352.34942615211816,0.20251007805154586,-1.7777953713635233,357.22,3334300.0,350.24,1528200.0,335.78,3735600.0,61.49440959912735,5.125057103700326,9.65215319554471,0.03070936677677616,0.014718950762131495
GS,2022-01-05,370.29,372.87,359.53,360.2,360.2,3469600,Financials,355.92600000000004,352.286,351.409,356.89119999999997,353.7285614255282,352.93095014085014,0.7976112846780552,-1.2627140401552075,368.19,3916400.0,348.97,1327800.0,343.65,2942800.0,54.90415733134179,3.2180416654726596,4.815946457151177,-0.021700752328960626,0.01670668551581717
GS,2022-01-06,362.34,362.52,349.17,358.66,358.66,2960900,Financials,357.988,353.605,351.3915,356.55699999999996,354.48724428313926,353.3553242044909,1.1319200786483634,-0.7837872163944933,360.2,3469600.0,348.35,1160100.0,345.47,1487900.0,49.73383018365719,2.9596670015788806,3.8179870900512336,-0.004275402554136498,0.016950002375138284
GS,2022-01-07,359.33,361.93,356.49,359.19,359.19,2360700,Financials,360.692,354.73199999999997,351.438,356.3524,355.2107451626563,353.78752241156565,1.4232227510906341,-0.34238522289746787,358.66,2960900.0,345.67,1601300.0,347.92,1624000.0,61.52597402597402,3.9112448288830315,3.239250402391347,0.001477722634249723,0.01692482801476024
GS,2022-01-10,362.63,365.38,356.21,360.69,360.69,3009400,Financials,361.386,355.738,351.8045,356.10900000000004,356.0537074453245,354.29881704774596,1.7548903975785493,0.07706990119773555,359.19,2360700.0,357.22,3334300.0,350.63,1430400.0,73.11189460011138,0.9713901797211655,2.8691212959530032,0.0041760628079845485,0.01685726347104549
GS,2022-01-11,361.66,364.45,358.1,364.19,364.19,1748800,Financials,360.586,357.133,352.636,355.96200000000005,357.3054447614284,355.0314972664314,2.273947494997003,0.5164454199575891,360.69,3009400.0,368.19,3916400.0,350.24,1528200.0,70.73909531502429,-1.0863956109617323,3.982983097304693,0.009703623610302525,0.01691389310889746
GS,2022-01-12,364.36,365.16,351.1,352.68,352.68,4158000,Financials,359.082,357.504,352.70349999999996,355.52459999999996,356.5938378750549,354.8573122837328,1.7365255913220494,0.7604614542304812,364.19,1748800.0,360.2,3469600.0,348.97,1327800.0,56.08849856443169,-2.0877290394225367,1.0631286356993286,-0.031604382327905745,0.020298430431307336
GS,2022-01-13,356.06,358.61,352.17,353.12,353.12,2497800,Financials,357.974,357.981,352.7435,354.96740000000005,356.05940127889255,354.7286224849378,1.330778793954778,0.8745249221753406,352.68,4158000.0,358.66,2960900.0,348.35,1160100.0,54.54545454545455,-1.544638376177998,1.369312473087403,0.0012475898831803,0.020270953124161082
GS,2022-01-14,345.29,347.33,338.85,344.21,344.21,4685300,Financials,354.97799999999995,357.83500000000004,352.001,354.339,354.23641646675526,353.94946526383126,0.28695120292400134,0.7570101783250728,353.12,2497800.0,359.19,2360700.0,345.67,1601300.0,44.93690851735013,-4.170494724240658,-0.4223681545983293,-0.025232215677390202,0.02185590999302667
GS,2022-01-18,325.33,326.71,313.75,320.23,320.23,13123500,Financials,346.886,354.136,350.76300000000003,353.4078,349.0046600872544,351.45172709614,-2.447067008885597,0.11619474088293885,344.21,4685300.0,360.69,3009400.0,357.22,3334300.0,32.750890907000795,-11.21738889350966,-10.354963327921174,-0.06966677319078463,0.027750068597633643
GS,2022-01-19,323.79,325.03,312.99,313.83,313.83,7426100,Financials,336.81399999999996,348.7,349.6655,352.3664,343.5931739199845,348.66493249642593,-5.071758576441425,-0.9213959225819339,320.23,13123500.0,364.19,1748800.0,368.19,3916400.0,30.927051671732485,-13.827946950767455,-14.764116352969936,-0.019985635324610507,0.023719868013254222
GS,2022-01-20,315.26,322.74,312.77,314.54,314.54,4599900,Financials,329.186,344.134,348.21,351.31659999999994,339.1234548553715,346.1371597189129,-7.01370486354142,-2.1398577107738315,313.83,7426100.0,352.68,4158000.0,360.2,3469600.0,31.666847413512627,-10.814335941930352,-12.676290949472502,0.0022623713475449225,0.02423826419304376
GS,2022-01-21,312.23,315.34,307.87,310.75,310.75,4904100,Financials,320.712,339.34299999999996,346.47400000000005,350.2446,334.7583079545451,343.5158886286231,-8.757580674077985,-3.4634023034346626,314.54,4599900.0,353.12,2497800.0,358.66,2960900.0,31.290184312044573,-11.998753964657904,-13.35805498243462,-0.012049341896102295,0.024044480318027188
GS,2022-01-24,304.8,310.9,294.78,310.28,310.28,6569800,Financials,313.92600000000004,334.45199999999994,344.592,349.27520000000004,330.9924144230766,341.0539709524288,-10.06155652935223,-4.783033148618177,310.75,4904100.0,344.21,4685300.0,359.19,2360700.0,21.46157587548636,-9.857354521948814,-13.6167487959019,-0.0015124698310540197,0.023848863141543834
GS,2022-01-25,305.29,309.87,299.01,308.62,308.62,3959300,Financials,311.604,329.245,342.4915,348.2148,327.55050451183405,338.65145458558226,-11.100950073748209,-6.046616533644183,310.28,6569800.0,320.23,13123500.0,360.69,3009400.0,9.159467982997398,-3.625519158105117,-14.436219468241429,-0.005350006445790756,0.02321212061009401
GS,2022-01-26,313.18,316.69,305.78,309.64,309.64,3745900,Financials,310.76599999999996,323.79,340.4615,347.1286,324.7950422792442,336.5024579496132,-11.70741567036896,-7.178776360989138,308.62,3959300.0,313.83,7426100.0,364.19,1748800.0,11.673741661613079,-1.3351177389032243,-14.978445317004862,0.003305035318514671,0.02252686037406925
GS,2022-01-27,312.34,315.14,305.16,308.15,308.15,2573400,Financials,309.488,319.337,338.4205,346.0144,322.2342665439759,334.40227587927143,-12.168009335295551,-8.176622955850421,309.64,3745900.0,314.54,4599900.0,352.68,4158000.0,11.682597481414021,-2.0315381191581494,-12.626176704094371,-0.004812039788141043,0.02203393315737267
GS,2022-01-28,305.17,313.68,301.3,313.55,313.55,3714600,Financials,310.048,315.38,336.6805,345.039,320.89822553721035,332.8576628511773,-11.95943731396693,-8.933185827473723,308.15,2573400.0,310.75,4904100.0,353.12,2497800.0,17.759254026561223,0.9010458567980661,-11.205822383325781,0.01752393314944034,0.023752218407132257
GS,2022-01-31,311.38,320.96,310.33,320.48,320.48,3312400,Financials,312.088,313.00699999999995,335.421,344.4098,320.8338831468703,331.94079893627526,-11.10691578940498,-9.367931819859976,313.55,3714600.0,310.28,6569800.0,344.21,4685300.0,23.618947644666108,3.2873533582570724,-6.894047238604328,0.022101738159783224,0.02538341394825824
GS,2022-02-01,321.8,329.39,319.92,328.96,328.96,3303700,Financials,316.156,313.88,334.00800000000004,343.9534,322.08405497042867,331.71999901506973,-9.635944044641064,-9.421534264816193,320.48,3312400.0,308.62,3959300.0,320.23,13123500.0,28.303978322453517,6.590629252802782,2.7261655684976294,0.026460309535696336,0.015027222053837132
GS,2022-02-02,328.45,333.0,323.33,328.06,328.06,2742400,Financials,319.84,315.303,332.00149999999996,343.5506,323.0034311288243,331.44888797691647,-8.445456848092192,-9.226318781471393,328.96,3303700.0,309.64,3745900.0,313.83,7426100.0,32.558798526494755,5.94884381862808,4.53430201064271,-0.002735894941634176,0.012971146557897922
GS,2022-02-03,327.84,330.5,323.63,324.28,324.28,2372900,Financials,323.066,316.277,330.2055,342.91439999999994,323.1998263397744,330.91785923788564,-7.7180328981112325,-8.924661604799361,328.06,2742400.0,308.15,2573400.0,314.54,4599900.0,30.492424242424235,5.234463735193895,3.096585489921777,-0.01152228250929721,0.013934348093327822
GS,2022-02-04,327.25,335.19,326.21,332.16,332.16,3762300,Financials,326.788,318.418,328.88050000000004,342.2528,324.5783145951938,331.0098696647089,-6.431555069515127,-8.426040297742516,324.28,2372900.0,313.55,3714600.0,310.75,4904100.0,41.73411990670878,5.935257534683469,6.889782783588094,0.024299987664980982,0.014268577819838613
GS,2022-02-07,330.25,335.66,328.32,332.66,332.66,2635600,Financials,329.22400000000005,320.656,327.554,341.72979999999995,325.8216508113178,331.13210154139716,-5.310450730079367,-7.802922384209887,332.16,3762300.0,320.48,3312400.0,310.28,6569800.0,62.57842541995545,3.800549176235646,7.212840015469912,0.0015052986512524846,0.014104777381087615
GS,2022-02-08,335.3,336.72,330.94,334.42,334.42,3422300,Financials,330.316,323.236,326.2405,341.4182,327.14447376342275,331.37564957536773,-4.231175811944979,-7.088573069756905,332.66,2635600.0,328.96,3303700.0,308.62,3959300.0,72.9953093589457,1.6597762645914615,8.359795217419475,0.00529068718811998,0.01344919558258997
GS,2022-02-09,337.04,340.0,335.14,338.42,338.42,2250400,Financials,332.38800000000003,326.114,324.952,341.2378,328.8791701075115,331.8974533105257,-3.018283203014164,-6.274515096408358,334.42,3422300.0,328.06,2742400.0,309.64,3745900.0,74.84394506866414,3.157958909955494,9.2946647719933,0.01196100711679926,0.01338170121709733
GS,2022-02-10,335.87,341.01,333.27,334.84,334.84,2406200,Financials,334.5,328.783,324.06000000000006,341.0856,329.796220860202,332.11541973196825,-2.3191988717662184,-5.483451851479931,338.42,2250400.0,324.28,2372900.0,308.15,2573400.0,75.17241379310337,3.256445047489831,8.661366217751088,-0.010578571006441773,0.014145811923832968
GS,2022-02-11,333.02,338.76,325.99,328.06,328.06,3142100,Financials,333.68,330.23400000000004,322.807,340.8432,329.5291099586325,331.815018270341,-2.2859083117085106,-4.843943143525647,334.84,2406200.0,332.16,3762300.0,313.55,3714600.0,66.41432791728215,-1.234344894026984,4.627651092329765,-0.02024847688448206,0.01632333983810615
GS,2022-02-14,328.06,329.17,322.74,325.51,325.51,2585600,Financials,332.25,330.737,321.872,340.34979999999996,328.91078534961207,331.34797987994534,-2.4371945303332723,-4.362593420887172,328.06,3142100.0,332.66,2635600.0,320.48,3312400.0,65.34059945504083,-2.1493416701737655,1.569520718921602,-0.007772968359446519,0.015487564729033716
GS,2022-02-15,328.99,330.61,326.52,328.85,328.85,1846400,Financials,331.13599999999997,330.726,322.303,340.01020000000005,328.9014337573641,331.1629443332827,-2.261510575918635,-3.9423768518934645,325.51,2585600.0,334.42,3422300.0,328.96,3303700.0,66.74219975597,-1.6655702410142914,-0.033438715953293396,0.01026082148013896,0.013298495542854505
GS,2022-02-16,326.51,328.02,322.16,325.34,325.34,2165300,Financials,328.52,330.454,322.8785,339.4816,328.3535208716158,330.73161512340994,-2.3780942517941526,-3.6295203318736027,328.85,1846400.0,338.42,2250400.0,328.06,2742400.0,64.47213335578377,-3.865019797884295,-0.829116625007631,-0.010673559373574726,0.013713410280475622
GS,2022-02-17,324.19,326.16,314.3,315.41,315.41,3102400,Financials,324.63399999999996,329.567,322.92199999999997,338.55920000000003,326.3622099682903,329.596680669824,-3.2344707015337235,-3.5505104058056274,325.34,2165300.0,334.84,2406200.0,324.28,2372900.0,51.45494367959951,-5.802771472942281,-2.7352904897002484,-0.030521915534517552,0.016420949552253653
GS,2022-02-18,312.25,316.26,310.27,312.68,312.68,2910900,Financials,321.558,327.619,323.0185,337.6326,324.25725458855334,328.34359321280004,-4.086338624246707,-3.6576760494938436,315.41,3102400.0,328.06,3142100.0,332.16,3762300.0,43.4695244474213,-4.688166798756321,-5.864643545279391,-0.008655400906756316,0.013450041521017387
GS,2022-02-22,309.44,315.35,308.3,311.08,311.08,2590800,Financials,318.67199999999997,325.46099999999996,323.0585,336.689,322.2299846518528,327.06480853037044,-4.834823878517625,-3.8931056152986,312.68,2910900.0,325.51,2585600.0,332.66,2635600.0,33.08099924299778,-4.433043531688741,-6.487103949978968,-0.005117052577715331,0.013203315908395708
GS,2022-02-23,314.06,315.59,307.06,308.3,308.3,2217300,Financials,314.562,322.849,323.0425,335.7878,320.0869100900293,325.67482271330596,-5.587912623276679,-4.232067016894216,311.08,2590800.0,328.85,1846400.0,334.42,3422300.0,31.9444444444445,-6.249049718716748,-7.8105376472699,-0.008936607946508857,0.012528278858704884
GS,2022-02-24,296.89,308.12,295.43,307.39,307.39,4564000,Financials,310.972,319.746,322.93,334.98440000000005,318.13353930694785,324.3203914012092,-6.186852094261326,-4.623024032367638,308.3,2217300.0,325.34,2165300.0,338.42,2250400.0,33.71263259402127,-5.5173049732587405,-9.169079841616934,-0.0029516704508596447,0.010627959650538081
GS,2022-02-25,307.39,316.89,307.39,316.36,316.36,2980500,Financials,311.162,317.898,323.3405,334.285,317.8606871058789,323.7307327788974,-5.870045673018467,-4.872428360497804,307.39,4564000.0,315.41,3102400.0,334.84,2406200.0,35.07744616547036,0.3011952696490239,-5.519053876478308,0.02918117050001645,0.016176531325331808
GS,2022-02-28,307.45,310.69,305.01,308.39,308.39,4245700,Financials,310.304,315.931,323.08250000000004,333.4064,316.40365832035906,322.59438220268277,-6.190723882323709,-5.136087464862985,316.36,2980500.0,312.68,2910900.0,328.06,3142100.0,29.91226618109586,-1.3720097223999028,-5.995854416874968,-0.02519281830825648,0.016741616649546466
GS,2022-03-01,306.67,307.36,297.23,298.31,298.31,5631500,Financials,307.75,313.21099999999996,321.974,332.1914,313.6200185787653,320.7955390765581,-7.175520497792775,-5.543974071448943,308.39,4245700.0,311.08,2590800.0,325.51,2585600.0,23.730539793394485,-4.105053362479094,-8.356118091610087,-0.032685884756314953,0.01876038927409291
GS,2022-03-02,301.4,307.21,297.58,305.74,305.74,3469900,Financials,307.23799999999994,310.9,320.813,331.4064,312.40770802818605,319.680313959776,-7.272605931589965,-5.889700443477148,298.31,5631500.0,308.3,2217300.0,328.85,1846400.0,27.355875831485633,-0.830360038923128,-7.027520145963207,0.024906975964600564,0.020846088127295628
GS,2022-03-03,308.0,310.39,300.06,303.05,303.05,2393700,Financials,306.37,308.671,319.5625,330.7518,310.96806063923435,318.4484388516445,-7.48037821241013,-6.207835997263745,305.74,3469900.0,307.39,4564000.0,325.34,2165300.0,27.69748842430201,-1.4118871791535148,-6.851294030860011,-0.008798325374501204,0.020818432975142923
GS,2022-03-04,297.22,300.54,294.49,299.64,299.64,3293100,Financials,303.02599999999995,307.094,318.33050000000003,329.87160000000006,309.22528207935216,317.05522115893007,-7.829939079577912,-6.532256613726579,303.05,2393700.0,316.36,2980500.0,315.41,3102400.0,29.072164948453647,-5.285118219749663,-4.9998414761738825,-0.011252268602540916,0.019216888618118263
GS,2022-03-07,297.05,297.93,291.63,292.57,292.57,3689900,Financials,299.86199999999997,305.08299999999997,316.351,328.8136,306.66293099022107,315.2415010730834,-8.578570082862313,-6.941519307553726,299.64,3293100.0,308.39,4245700.0,312.68,2910900.0,27.257663628831864,-5.129868024255002,-6.431495458615844,-0.02359498064343879,0.020097484231352714
GS,2022-03-08,293.13,300.45,289.53,292.1,292.1,3596400,Financials,298.62,303.18500000000006,314.323,327.6972,304.42248006864855,313.52731580841055,-9.104835739761995,-7.37418259399538,292.57,3689900.0,298.31,5631500.0,311.08,2590800.0,23.58015815959743,-2.0817270624518103,-6.101324418156084,-0.0016064531565094242,0.020153823782966037
GS,2022-03-09,301.47,306.73,299.97,303.21,303.21,3202100,Financials,298.11400000000003,302.67600000000004,312.7625,326.7488,304.23594467347186,312.7630701929727,-8.527125519500828,-7.6047711790964705,292.1,3596400.0,305.74,3469900.0,308.3,2217300.0,35.657809462086846,-0.8275004906129535,-1.6509892961401373,0.03803491954809979,0.02443620347128767
GS,2022-03-10,297.79,301.61,295.18,299.85,299.85,2232600,Financials,297.474,301.922,310.83399999999995,325.741,303.56118395447623,311.8065464749747,-8.245362520498475,-7.732889447376872,303.21,3202100.0,303.05,2393700.0,307.39,4564000.0,38.97704732218759,-1.0559313644613044,-2.452909984059326,-0.011081428712773178,0.024628194239469672
GS,2022-03-11,303.91,305.95,296.95,297.22,297.22,2613500,Financials,296.99,300.008,308.95300000000003,324.706,302.5856171922491,310.7260615509025,-8.140444358653383,-7.814400429632174,299.85,2232600.0,299.64,3293100.0,316.36,2980500.0,39.03234960272418,-0.8076358296622455,-6.050069541029202,-0.008771052192763085,0.0220419273409254
GS,2022-03-14,299.22,301.41,293.49,295.38,295.38,2342200,Financials,297.552,298.707,307.319,323.6466,301.4770607011339,309.5893162508356,-8.112255549701729,-7.873971453646085,297.22,2613500.0,292.57,3689900.0,308.39,4245700.0,38.89988687782806,0.9604539084663521,-4.218684133726769,-0.006190700491218726,0.020998254189931585
GS,2022-03-15,297.28,301.67,295.25,299.18,299.18,2140700,Financials,298.96799999999996,298.794,306.0025,322.7168,301.1236667471133,308.81825578781076,-7.694589040697451,-7.838094971056359,295.38,2342200.0,292.1,3596400.0,298.31,5631500.0,43.64371340953443,2.423827456350569,0.2916429217927785,0.012864784345588687,0.018949822541181428
GS,2022-03-16,304.55,310.24,303.81,309.72,309.72,3468500,Financials,300.27000000000004,299.192,305.046,321.7668,302.4461795552497,308.8850516553803,-6.438872100130595,-7.558250396871207,299.18,2140700.0,303.21,3202100.0,305.74,3469900.0,51.431731596411474,2.1470268130998393,1.3017596650749086,0.035229627648907025,0.020636164048658208
GS,2022-03-17,306.64,312.3,304.4,312.0,312.0,2403500,Financials,302.7,300.087,304.379,320.643,303.9159980852113,309.11578856979656,-5.1997904845852645,-7.08655841441402,309.72,3468500.0,299.85,2232600.0,303.05,2393700.0,47.080878414568815,4.052026013006493,2.9533080349777308,0.007361487795428001,0.020372598938503555
GS,2022-03-18,308.0,315.18,306.58,313.92,313.92,5861900,Financials,306.04,301.515,304.3045,319.7174,305.45507530287114,309.471656083145,-4.016580780273841,-6.472562887585985,312.0,2403500.0,297.22,2613500.0,299.64,3293100.0,54.028850356986766,5.6187335980081965,4.765718862635171,0.006153846153846176,0.019744049113380582
GS,2022-03-21,313.81,314.76,306.44,308.12,308.12,3401200,Financials,308.588,303.07000000000005,304.0765,318.7066,305.86506371781405,309.37153341031944,-3.506469692505391,-5.879344248569867,313.92,5861900.0,295.38,2342200.0,292.57,3689900.0,57.62237762237762,4.313088225336847,5.314967358239064,-0.018476044852191675,0.018976349900822163
GS,2022-03-22,311.03,314.7,309.14,311.77,311.77,2840200,Financials,311.10600000000005,305.037,304.111,317.7582,306.77351545353497,309.5491976021476,-2.7756821486126455,-5.258611828578422,308.12,3401200.0,299.18,2140700.0,292.1,3596400.0,54.97771173848438,4.208168995253692,6.733995207120835,0.011846034012722217,0.018904952009345843
GS,2022-03-23,309.03,309.79,304.6,305.04,305.04,2196800,Financials,310.17,305.21999999999997,303.948,316.6452,306.50682076837575,309.2151829649515,-2.708362196575763,-4.74856190217789,311.77,2840200.0,309.72,3468500.0,303.21,3202100.0,51.54000928648817,-1.5110422316931493,0.6035420995349927,-0.021586425890881,0.01725304790176098
GS,2022-03-24,305.8,306.76,303.85,305.6,305.6,1944100,Financials,308.89,305.79499999999996,303.8585,315.4734,306.3673098809333,308.94739163421434,-2.5800817532810356,-4.314865872398519,305.04,2196800.0,312.0,2403500.0,299.85,2232600.0,54.82512953367879,-2.051282051282044,1.9176254794063707,0.0018358248098611085,0.01674616676130601
GS,2022-03-25,306.7,310.69,304.92,306.75,306.75,1580800,Financials,307.456,306.748,303.37800000000004,314.5548,306.42618528386663,308.7846218835318,-2.358436599665197,-3.9235800178518545,305.6,1944100.0,313.92,5861900.0,297.22,2613500.0,62.6969914040115,-2.284021406727832,3.2063791131148545,0.003763089005235587,0.01631161508329147
GS,2022-03-28,307.35,307.67,301.31,304.76,304.76,2182600,Financials,306.784,307.68600000000004,303.19649999999996,313.5876,306.1698490863487,308.486501744011,-2.3166526576623028,-3.6021945458139446,306.75,1580800.0,308.12,3401200.0,295.38,2342200.0,61.03556485355647,-1.0904842269245818,3.1755704516216454,-0.006487367563162261,0.016331012318594875
GS,2022-03-29,311.28,312.67,306.06,308.72,308.72,2378700,Financials,306.17400000000004,308.64,303.717,312.8778,306.5621799961412,308.50379791112124,-1.9416179149800428,-3.2700792196471644,304.76,2182600.0,311.77,2840200.0,299.18,2140700.0,55.48695478988254,-0.9782852744009807,3.188715823250221,0.012993831211445261,0.016339502400249933
GS,2022-03-30,308.12,308.9,303.24,305.02,305.02,2650200,Financials,306.16999999999996,308.16999999999996,303.68100000000004,312.5736,306.3249215351964,308.24573880659375,-1.9208172713973681,-3.0002268299972052,308.72,2378700.0,305.04,2196800.0,309.72,3468500.0,55.11374876360034,-0.006556517178091248,-1.5174996771277427,-0.011984970199533707,0.012430090660940123
GS,2022-03-31,305.51,305.85,300.03,300.03,300.03,2632000,Financials,305.056,306.973,303.53000000000003,312.29760000000005,305.3564720682431,307.6371655616609,-2.2806934934178003,-2.8563201626813246,305.02,2650200.0,305.6,1944100.0,312.0,2403500.0,52.6554526554526,-1.8226439790576032,-3.8365384615384746,-0.01635958297816542,0.01281737525257064
GS,2022-04-01,303.51,303.72,297.73,300.14,300.14,2444800,Financials,303.73400000000004,305.59499999999997,303.555,312.0096,304.55393790389803,307.0818199645008,-2.527882060602792,-2.790632542265618,300.03,2632000.0,306.75,1580800.0,313.92,5861900.0,54.65025400547087,-2.1548492257538743,-4.389653414882777,0.00036663000366643494,0.012441638259367662
GS,2022-04-04,299.94,301.64,296.18,298.32,298.32,2569400,Financials,302.446,304.615,303.84250000000003,311.76099999999997,303.5948705340676,306.43279626342667,-2.8379257293590854,-2.8000911796843115,300.14,2444800.0,304.76,2182600.0,308.12,3401200.0,49.12601626016259,-2.113138207113796,-3.180578995196681,-0.00606383687612444,0.011462970240885146
GS,2022-04-05,297.54,299.71,294.02,294.45,294.45,2573900,Financials,299.592,302.883,303.96,311.44440000000003,302.18796737498025,305.5451817253951,-3.3572143504148357,-2.9115158138304165,298.32,2569400.0,308.72,2378700.0,311.77,2840200.0,32.04796614154711,-4.622311479657959,-5.5553773615165,-0.012972646822204337,0.010497229166309702
GS,2022-04-06,290.85,291.42,286.99,287.45,287.45,3151300,Financials,296.078,301.12399999999997,303.17199999999997,311.02099999999996,299.92058777882943,304.20479789388435,-4.284210115054918,-3.186054674075317,294.45,2573900.0,305.02,2650200.0,305.04,2196800.0,24.02116402116404,-5.76027801455642,-5.766456858116975,-0.023773136355917823,0.010881832974951803
GS,2022-04-07,286.31,287.06,280.13,285.54,285.54,3562600,Financials,293.18,299.11800000000005,302.4565,310.539,297.7081896590095,302.82222027211515,-5.114030613105626,-3.571649861881379,287.45,3151300.0,300.03,2632000.0,305.6,1944100.0,19.96189669771381,-4.829517048295151,-6.564136125654452,-0.006644633849364978,0.010539804722229916
GS,2022-04-08,285.02,294.2,284.49,292.12,292.12,3294200,Financials,291.57599999999996,297.65500000000003,302.2015,310.2184,296.84846817300803,302.02946321492146,-5.180995041913434,-3.89351889788779,285.54,3562600.0,300.14,2444800.0,306.75,1580800.0,33.340274885464396,-2.6720863596988,-4.769356153219229,0.023044056874693464,0.013898327553818769
GS,2022-04-11,291.41,298.94,289.97,291.54,291.54,2747700,Financials,290.21999999999997,296.33299999999997,302.0095,309.77819999999997,296.031780761776,301.2524659397421,-5.220685177966061,-4.158952153903445,292.12,3294200.0,298.32,2569400.0,304.76,2182600.0,27.497219132369338,-2.2727272727272596,-4.337839611497563,-0.001985485416951871,0.013910078737094638
GS,2022-04-12,292.38,297.32,289.04,290.65,290.65,2365200,Financials,289.46,294.526,301.58299999999997,309.1816,295.2038144907336,300.4670980923538,-5.2632836016202305,-4.379818443446802,291.54,2747700.0,294.45,2573900.0,308.72,2378700.0,31.603170544617726,-1.2905416878926879,-5.8532003109614035,-0.003052754339027408,0.012547348240115235
GS,2022-04-13,287.04,293.24,286.05,292.64,292.64,3022900,Financials,290.49799999999993,293.288,300.729,308.4552,294.80938149215916,299.8873130484758,-5.077931556316628,-4.519441066020768,290.65,2365200.0,287.45,3151300.0,305.02,2650200.0,34.01578687715835,1.805531396764648,-4.058750245885512,0.006846722862549504,0.012946548925621453
GS,2022-04-14,298.55,302.7,289.97,292.34,292.34,5460900,Financials,291.858,292.519,299.746,307.7408,294.4294766472116,299.32825282266276,-4.898776175451189,-4.595308087906853,292.64,3022900.0,285.54,3562600.0,300.03,2632000.0,31.84681279919377,2.381452686138519,-2.5630770256307667,-0.001025150355385529,0.012215281386997635
GS,2022-04-18,291.44,302.36,291.44,299.83,299.83,3653400,Financials,293.4,292.488,299.0415,307.2518,295.2603263937944,299.36541928024326,-4.105092886448858,-4.4972650476152545,292.34,5460900.0,292.12,3294200.0,300.14,2444800.0,44.54525337464041,2.6393263042585158,-0.1032851336043139,0.02562085243209955,0.015140158138038998
GS,2022-04-19,300.37,306.49,300.37,305.35,305.35,2774800,Financials,296.162,293.191,298.90299999999996,306.7156,296.8125838716722,299.8087215557808,-2.9961376841085894,-4.197039574913922,299.83,3653400.0,291.54,2747700.0,298.32,2569400.0,46.39572192513369,4.736914317074836,2.356529900777704,0.01841043257846131,0.016004596029619133
GS,2022-04-20,307.3,313.48,306.76,309.99,309.99,3040100,Financials,300.03000000000003,294.745,298.81399999999996,306.26219999999995,298.8398786606457,300.56289032942664,-1.7230116687809414,-3.702233993687326,305.35,2774800.0,290.65,2365200.0,294.45,2573900.0,55.210736003355024,6.654051264407368,5.277636271013764,0.015195677091861759,0.015458731710759094
GS,2022-04-21,312.97,315.71,303.0,303.85,303.85,3097800,Financials,302.27200000000005,296.38500000000005,298.7545,305.6508,299.6106665590079,300.8063799346543,-1.1957133756463918,-3.2009298700791393,309.99,3040100.0,292.64,3022900.0,287.45,3151300.0,53.910728910728956,3.8306451612903247,5.70534005914074,-0.019807090551308026,0.014661307840183416
GS,2022-04-22,302.04,302.21,290.37,290.64,290.64,3125200,Financials,301.93199999999996,296.895,298.00649999999996,304.69519999999994,298.2305640114682,300.05331475430955,-1.8227507428413787,-2.9252940446315874,303.85,3097800.0,292.34,5460900.0,285.54,3562600.0,42.33128834355829,-0.5815146746938504,1.7860895146039057,-0.04347539904558184,0.021244182943067666
GS,2022-04-25,287.56,292.82,284.25,292.14,292.14,3093600,Financials,300.394,296.897,297.27599999999995,303.8412,297.29355416354997,299.46714329102736,-2.173589127477385,-2.7749530612007467,290.64,3125200.0,299.83,3653400.0,292.12,3294200.0,44.985394352482956,-2.5647867124704016,0.006846501437762775,0.005161023947151122,0.01998938962117408
GS,2022-04-26,288.99,292.31,284.31,284.6,284.6,2791700,Financials,296.24399999999997,296.203,296.26800000000003,302.972,295.34069967685,298.36587341761793,-3.0251737407679116,-2.82499719711418,292.14,3093600.0,305.35,2774800.0,291.54,2747700.0,42.45673150559047,-6.795480596037329,-2.38046237223023,-0.02580954336961716,0.021629745452349938
GS,2022-04-27,283.71,290.16,283.71,284.7,284.7,2469300,Financials,291.18600000000004,295.608,295.067,302.1558,293.7036689573346,297.3535864977944,-3.6499175404597963,-2.9899812657833036,284.6,2791700.0,309.99,3040100.0,290.65,2365200.0,47.64514471656105,-8.158327687989942,-2.0471357302597637,0.0003513703443427385,0.021641504341076107
GS,2022-04-28,288.24,290.27,283.72,289.41,289.41,2176000,Financials,288.298,295.28499999999997,294.2865,301.367,293.04310450236005,296.765172683143,-3.722068180782969,-3.1363986487832367,284.7,2469300.0,303.85,3097800.0,292.64,3022900.0,53.162281418532444,-4.752344907026496,-1.1037452159649908,0.016543730242360555,0.02228239425356577
GS,2022-04-29,288.35,290.02,276.96,277.66,277.66,3129600,Financials,285.702,293.817,293.168,300.4134,290.6764730404585,295.3499747066139,-4.673501666155403,-3.4438192522576703,289.41,2176000.0,290.64,3125200.0,292.34,5460900.0,39.10488245931287,-4.466006055601424,-5.021550249709228,-0.04059984105594139,0.025580602591207768
GS,2022-05-02,277.96,283.01,274.68,282.15,282.15,2968100,Financials,283.704,292.049,292.2685,299.74820000000005,289.36470795731105,294.37219880242026,-5.007490845109203,-3.756553570827977,277.66,3129600.0,292.14,3093600.0,299.83,3653400.0,43.31862814856977,-3.419593345656191,-5.896674782376687,0.016170856443131765,0.024481173645103816
GS,2022-05-03,283.15,290.42,282.96,286.0,286.0,2606200,Financials,283.98400000000004,290.114,291.65250000000003,299.2146,288.8470605792632,293.7520359281669,-4.90497534890369,-3.98623792644312,282.15,2968100.0,284.6,2791700.0,305.35,2774800.0,46.82507169192955,0.49191848208010036,-6.336990338955307,0.013645224171540127,0.023999505386186185
GS,2022-05-04,287.06,295.22,283.74,294.59,294.59,2629400,Financials,285.962,288.57399999999996,291.65950000000004,298.88480000000004,289.730589720915,293.8141073408953,-4.0835176199802845,-4.005693865150553,286.0,2606200.0,284.7,2469300.0,309.99,3040100.0,51.22134535888764,3.4738321039690767,-4.967902190393247,0.030034965034964944,0.025860341782522528
GS,2022-05-05,291.31,291.47,280.57,284.55,284.55,2622100,Financials,284.99,286.644,291.5145,298.4098,288.93357591769734,293.1278771674957,-4.194301249798343,-4.043415342080111,294.59,2629400.0,289.41,2176000.0,303.85,3097800.0,45.651445796583694,-1.6792785321861792,-6.3518183314135275,-0.0340812654876268,0.027144131069622386
GS,2022-05-06,283.84,285.14,278.18,284.45,284.45,2375600,Financials,286.34799999999996,286.025,291.46000000000004,297.95099999999996,288.24379500728236,292.4850714513849,-4.241276444102539,-4.082987562484597,284.55,2622100.0,277.66,3129600.0,290.64,3125200.0,40.642492090532976,2.4454368652308434,-2.129782548857695,-0.00035143208574950346,0.023782638861620714
GS,2022-05-09,280.78,285.19,277.2,280.75,280.75,3234000,Financials,286.06800000000004,284.886,290.8915,297.23879999999997,287.09090346770046,291.6158068994305,-4.524903431730024,-4.1713707363336825,284.45,2375600.0,282.15,2968100.0,292.14,3093600.0,34.693877551020364,-0.4961899698741723,-3.898815636338737,-0.013007558446124112,0.02387763195462075
GS,2022-05-10,283.33,286.44,273.27,277.27,277.27,2798400,Financials,284.322,284.153,290.178,296.6164,285.5799952419004,290.5531545365097,-4.973159294609275,-4.331728447988802,280.75,3234000.0,286.0,2606200.0,284.6,2791700.0,29.34343434343431,-3.052447552447557,-2.575544624033743,-0.012395369545859403,0.022852991453327434
GS,2022-05-11,277.27,282.59,273.58,274.08,274.08,2320600,Financials,280.21999999999997,283.091,289.3495,296.1318,283.81076520468497,289.33292086713857,-5.522155662453599,-4.569813890881761,277.27,2798400.0,294.59,2629400.0,284.7,2469300.0,30.478688524590126,-6.962218676805043,-3.7302423603793433,-0.01150503119702817,0.023003245670320673
GS,2022-05-12,272.67,275.3,267.13,272.14,272.14,3408300,Financials,277.73799999999994,281.364,288.32450000000006,295.45980000000003,282.0152628655027,288.0593711732765,-6.044108307773797,-4.8646727742601685,274.08,2320600.0,284.55,2622100.0,289.41,2176000.0,35.76485072329946,-4.3612721841504225,-5.967312808817948,-0.0070782253356683755,0.021896266791124844
GS,2022-05-13,275.97,281.43,275.92,279.03,279.03,2152500,Financials,276.65399999999994,281.501,287.659,294.9794,281.5559916554253,287.39052886414487,-5.834537208719553,-5.058645661152045,272.14,3408300.0,284.45,2375600.0,277.66,3129600.0,40.68495097342615,-1.9054315345403472,0.49340920550311473,0.02531785110604834,0.02014720857888965
GS,2022-05-16,278.08,278.56,273.17,275.8,275.8,1568800,Financials,275.66400000000004,280.866,286.45750000000004,294.50260000000003,280.6704544776676,286.5319711705045,-5.861516692836915,-5.21921986748902,279.03,2152500.0,280.75,3234000.0,282.15,2968100.0,43.33938843475626,-1.7631344612644706,-2.2505759347864474,-0.011575816220477986,0.019681246995845437
GS,2022-05-17,281.65,285.69,280.06,284.46,284.46,2096200,Financials,277.102,280.712,285.413,294.3404,281.25346148110333,286.37849182454124,-5.125030343437913,-5.200381962678799,275.8,1568800.0,277.27,2798400.0,286.0,2606200.0,49.83918520503886,2.5931402603960096,-0.5384615384615432,0.03139956490210283,0.021931556629568236
GS,2022-05-18,280.85,284.36,277.11,278.79,278.79,2033200,Financials,278.044,279.13199999999995,283.853,294.0742,280.8744674070874,285.8163813190197,-4.941913911932261,-5.148688352529492,284.46,2096200.0,274.08,2320600.0,294.59,2629400.0,42.97433183381845,1.7184763572679618,-5.363386401439274,-0.01993250369120425,0.019838423139649158
GS,2022-05-19,276.15,281.75,275.76,280.13,280.13,2108800,Financials,279.642,278.68999999999994,282.66700000000003,293.6126,280.75993395984324,285.3951678879812,-4.63523392813795,-5.045997467651184,278.79,2033200.0,272.14,3408300.0,284.55,2622100.0,51.895043731778415,2.935988829279057,-1.5533298190124833,0.004806485168047603,0.01721192415943403
GS,2022-05-20,282.91,284.12,272.14,278.86,278.86,2201100,Financials,279.608,278.131,282.07800000000003,293.19280000000003,280.4676364275597,284.9110813777604,-4.443444950200728,-4.925486964161093,280.13,2108800.0,279.03,2152500.0,284.45,2375600.0,47.3446327683616,-0.06092534852881748,-1.965195992265767,-0.004533609395637628,0.01723354155295276
GS,2022-05-23,284.24,292.52,282.74,287.77,287.77,2653000,Financials,282.00199999999995,278.83299999999997,281.8595,293.00379999999996,281.59107697716587,285.1228531275559,-3.5317761503900442,-4.646744801406884,278.86,2201100.0,275.8,1568800.0,280.75,3234000.0,51.320698403223396,4.340101522842632,2.5004452359750573,0.0319515168901956,0.019689004426125388
GS,2022-05-24,286.63,287.04,278.52,285.35,285.35,1870900,Financials,282.18,279.64099999999996,281.897,292.8032,282.16937282683267,285.139678821811,-2.9703059949783324,-4.311457040121174,287.77,2653000.0,284.46,2096200.0,277.27,2798400.0,42.40631163708088,0.3128735147296835,2.9141270242002637,-0.008409493692879577,0.01938873835594621
GS,2022-05-25,282.9,288.67,281.75,286.22,286.22,1929500,Financials,283.66600000000005,280.855,281.973,292.54400000000004,282.7925462380892,285.21970261278796,-2.427156374698768,-3.934596907036693,285.35,1870900.0,278.79,2033200.0,274.08,2320600.0,51.61602477259533,2.665088417805528,4.429363689433763,0.0030488873313474496,0.01870962463625973
GS,2022-05-26,289.31,295.85,289.02,294.15,294.15,2440400,Financials,286.46999999999997,283.05600000000004,282.21,292.23260000000005,284.5398468168447,285.8812061229518,-1.3413593061071083,-3.415949386850776,286.22,1929500.0,280.13,2108800.0,272.14,3408300.0,58.1512605042017,5.004819191089838,8.08774895274491,0.027705960450003397,0.019533319103022438
GS,2022-05-27,296.99,298.73,293.75,298.65,298.65,2106700,Financials,290.428,285.018,283.2595,291.9656,286.71063961425324,286.8270427064369,-0.11640309218364564,-2.75604012791735,294.15,2440400.0,278.86,2201100.0,279.03,2152500.0,64.84245439469325,7.096751057878481,7.03150198903344,0.015298317185109545,0.018787792073904026
GS,2022-05-31,296.3,301.52,295.07,298.9,298.9,2722900,Financials,292.654,287.32800000000003,284.097,291.6652,288.58592582744507,287.72133583929343,0.8645899881516357,-2.031914104703553,298.65,2106700.0,287.77,2653000.0,275.8,1568800.0,68.95041177501324,3.8676720992459224,8.375634517766484,0.0008371002846141451,0.01781054634441334
GS,2022-06-01,299.04,301.11,288.82,294.33,294.33,2330200,Financials,294.45,288.315,284.51349999999996,291.38939999999997,289.46962954629964,288.2108665178643,1.2587630284353395,-1.3737786780757744,298.9,2722900.0,285.35,1870900.0,284.46,2096200.0,67.3224978614201,3.1470124408620848,3.4697321240244605,-0.015289394446303062,0.01716616245964314
GS,2022-06-02,293.17,297.39,291.93,296.52,296.52,1957500,Financials,296.51,290.08799999999997,284.61,291.08439999999996,290.554301923792,288.8263578869114,1.727944036880615,-0.7534341350844964,294.33,2330200.0,286.22,1929500.0,278.79,2033200.0,70.76660988074967,3.5986304241492295,6.359625524588375,0.007440627866680316,0.015059017183215785
GS,2022-06-03,293.44,294.92,290.35,291.43,291.43,1238900,Financials,295.966,291.218,284.954,290.8122,290.6890247047471,289.0192202656587,1.6698044390884093,-0.2687864202499153,296.52,1957500.0,294.15,2440400.0,280.13,2108800.0,60.89630931458708,-0.9246982831888406,4.0338414307642845,-0.017165789828679223,0.01680102361793324
GS,2022-06-06,295.38,297.4,292.44,293.1,293.1,1099700,Financials,294.856,292.642,285.38649999999996,290.5622,291.05994398093986,289.3215002459803,1.73844373495956,0.1326596107919798,291.43,1238900.0,298.65,2106700.0,278.86,2201100.0,65.63064691001092,-1.85836263184328,5.106505056300659,0.005730364066842908,0.016527053190934376
GS,2022-06-07,291.06,294.32,289.58,294.01,294.01,2516800,Financials,293.87800000000004,293.26599999999996,286.04949999999997,290.30740000000003,291.51379875310295,289.66879652405584,1.845002229047111,0.4751281344430061,293.1,1099700.0,298.9,2722900.0,287.77,2653000.0,60.03362050851025,-1.6359986617597855,2.168398373701219,0.0031047424087340403,0.013576569920827364
GS,2022-06-08,291.12,292.22,286.05,287.77,287.77,1438100,Financials,292.566,293.508,286.5745,289.9676,290.937829714164,289.52814492968133,1.4096847844826925,0.6620394644509434,294.01,2516800.0,294.33,2330200.0,285.35,1870900.0,59.32308970099668,-2.228790813032988,0.8480813036621626,-0.021223767899051116,0.0152000456313237
GS,2022-06-09,286.74,287.28,278.02,278.2,278.2,2896500,Financials,288.902,292.706,286.78049999999996,289.35720000000003,288.9781636042926,288.68902308303825,0.2891405212543532,0.5874596758116254,287.77,1438100.0,296.52,1957500.0,286.22,1929500.0,48.28870367086362,-6.178335356805609,-2.80204038851235,-0.033255725058206176,0.018598393741028257
GS,2022-06-10,271.59,273.11,262.32,262.47,262.47,3866900,Financials,283.11,289.53799999999995,286.29699999999997,288.5062,284.8999845882476,286.7468732250354,-1.84688863678781,0.10059001329173833,278.2,2896500.0,291.43,1238900.0,294.15,2440400.0,38.43330980945657,-9.937206190165726,-10.77001529831717,-0.056542056074766256,0.02206265811585096
GS,2022-06-13,255.14,261.93,254.52,259.09,259.09,4218100,Financials,276.308,285.582,285.3,287.68739999999997,280.9292177285172,284.69821594910684,-3.7689982205896513,-0.6733276334845396,262.47,3866900.0,293.1,1099700.0,298.65,2106700.0,28.04654011022653,-11.603548277038566,-13.246274903733468,-0.01287766220901454,0.020020485993944983
GS,2022-06-14,260.01,264.45,257.24,258.38,258.38,2487700,Financials,269.18199999999996,281.53000000000003,284.429,286.85220000000004,277.4601073087453,282.7487184713952,-5.288611162649886,-1.5963843393176091,259.09,4218100.0,294.01,2516800.0,298.9,2722900.0,28.800503065555674,-12.118635420563928,-13.556373369019736,-0.0027403604924929326,0.019757646920623043
GS,2022-06-15,262.6,269.3,259.87,265.26,265.26,2725800,Financials,264.68,278.623,283.46899999999994,286.191,275.5831677227845,281.45325784388444,-5.870090121099963,-2.45112549567408,258.38,2487700.0,287.77,1438100.0,294.33,2330200.0,34.946854352197604,-7.8222191333356506,-9.876669044949548,0.02662744794488736,0.023594112318325876
GS,2022-06-16,258.51,261.66,255.28,260.61,260.61,2777300,Financials,261.162,275.03200000000004,282.56,285.51419999999996,273.2796034577407,279.90931281841154,-6.629709360670859,-3.2868422686734355,265.26,2725800.0,278.2,2896500.0,296.52,1957500.0,24.72113355441664,-6.322789360172532,-12.110481586402255,-0.017529970594887923,0.022841982574849012
GS,2022-06-17,258.0,261.78,254.36,255.86,255.86,5234400,Financials,259.84,271.475,281.3465,284.8824,270.5996644642421,278.1278822392699,-7.5282177750278265,-4.135117369944314,260.61,2777300.0,262.47,3866900.0,291.43,1238900.0,17.870551133803858,-2.518383053301332,-12.20533232680232,-0.0182264686696596,0.022868053186609835
GS,2022-06-21,263.16,263.43,258.78,260.45,260.45,2506300,Financials,260.11199999999997,268.21,280.426,284.38059999999996,269.0381776235895,276.8184094808055,-7.780231857215995,-4.86414026739865,255.86,5234400.0,259.09,4218100.0,293.1,1099700.0,22.895812773156607,0.5249141225057041,-11.139542818150815,0.017939498163057843,0.024245417559949647
GS,2022-06-22,258.15,261.55,257.01,260.21,260.21,2463100,Financials,260.47799999999995,264.83000000000004,279.048,283.74240000000003,267.67999645072956,275.58815692667173,-7.908160475942168,-5.472944309107354,260.45,2506300.0,258.38,2487700.0,294.01,2516800.0,24.384384384384347,0.70825915318522,-11.496207611985987,-0.0009214820502976284,0.024008725114627535
GS,2022-06-23,259.49,262.08,255.08,261.7,261.7,2547000,Financials,259.766,262.223,277.8655,283.1456,266.7599969967712,274.5594045617331,-7.799407564961939,-5.938236960278271,260.21,2463100.0,265.26,2725800.0,287.77,1438100.0,23.581183611532595,-1.3420794692000304,-9.059318205511346,0.005726144268091149,0.02435283219760235
GS,2022-06-24,266.11,277.21,265.2,276.86,276.86,3984300,Financials,263.01599999999996,262.089,277.3975,282.8698,268.31384361265253,274.7298190386418,-6.415975425989245,-6.033784653420466,261.7,2547000.0,260.61,2777300.0,278.2,2896500.0,40.41068842964329,6.2353708606730285,-0.48166786484542534,0.05792892625143309,0.030605117369509906
GS,2022-06-27,277.14,278.3,273.32,275.06,275.06,2091700,Financials,266.85599999999994,263.348,276.44300000000004,282.5182,269.3517138260906,274.7542768876313,-5.402563061540718,-5.907540335044517,276.86,3984300.0,255.86,5234400.0,262.47,3866900.0,38.1471747700394,7.504103806769313,4.796738674896162,-0.00650148089287006,0.023643375742155782
GS,2022-06-28,279.74,282.55,273.59,273.88,273.88,2276600,Financials,269.54200000000003,264.827,275.20449999999994,282.149,270.04837323746125,274.68951563669566,-4.641142399234411,-5.654260747882495,275.06,2091700.0,260.45,2506300.0,259.09,4218100.0,36.820741128715476,5.1564599731234395,5.708441082249416,-0.004289973096778921,0.023073287073777458
GS,2022-06-29,277.43,281.15,274.26,277.34,277.34,2475900,Financials,272.96799999999996,266.723,274.12649999999996,281.6992,271.1701619701595,274.88584781175524,-3.715685841595757,-5.266545766625148,273.88,2276600.0,260.21,2463100.0,258.38,2487700.0,42.91343932599537,6.583144383382655,7.338029259230572,0.012633270045275147,0.02295278341361081
GS,2022-06-30,271.22,274.65,267.24,271.62,271.62,2669500,Financials,274.952,267.35900000000004,272.991,281.02459999999996,271.2393678209042,274.6439331590326,-3.404565338128407,-4.8941496809258,277.34,2475900.0,261.7,2547000.0,265.26,2725800.0,45.28247777459135,3.790599923576621,2.397647591042751,-0.020624504218648476,0.023400076933539283
GS,2022-07-01,270.02,274.65,266.77,273.64,273.64,1749400,Financials,274.308,268.662,271.847,280.29760000000005,271.6086958484574,274.569567739845,-2.960871891387626,-4.507494123018165,271.62,2669500.0,276.86,3984300.0,260.61,2777300.0,59.96787435302513,-1.1630426930578697,4.999808142435036,0.0074368603195640315,0.022319022116437263
GS,2022-07-05,267.94,271.92,263.7,271.78,271.78,2480900,Financials,273.652,270.254,270.8645,279.6562,271.6350503333101,274.3629330924491,-2.7278827591389927,-4.15157185024233,273.64,1749400.0,275.06,2091700.0,255.86,5234400.0,61.64006604292792,-1.1924670980877017,6.222152739779552,-0.006797251863762677,0.021258661255317262
GS,2022-07-06,270.93,271.91,265.75,268.64,268.64,1774500,Financials,272.604,271.073,269.6415,279.2162,271.1742733589547,273.9390121226381,-2.764738763683397,-3.8742052329305436,271.78,2480900.0,273.88,2276600.0,260.45,2506300.0,59.00948366701791,-1.9132466773769563,3.144557496640421,-0.011553462359261135,0.021501649901971592
GS,2022-07-07,272.2,273.49,268.49,273.06,273.06,2046500,Financials,271.748,272.358,268.59399999999994,278.83459999999997,271.4643851498847,273.87390011355376,-2.4095149636690394,-3.581267179078243,268.64,1774500.0,277.34,2475900.0,260.21,2463100.0,57.15859030837006,-1.5432321338429311,4.938319049998086,0.016453245979749953,0.02182190197948222
GS,2022-07-08,274.8,275.16,269.84,271.12,271.12,1438900,Financials,271.64799999999997,273.3,267.76149999999996,278.565,271.41140281913323,273.66990751254974,-2.258504693416512,-3.316714681945897,273.06,2046500.0,271.62,2669500.0,261.7,2547000.0,60.15066640911724,-0.1840807009793055,3.5995414596866615,-0.007104665641251007,0.02215186977412752
GS,2022-07-11,268.13,271.18,266.92,268.11,268.11,1519400,Financials,270.54200000000003,272.425,267.257,278.2332,270.90349469311275,273.25806251162015,-2.3545678185074053,-3.1242853092581986,271.12,1438900.0,273.64,1749400.0,276.86,3984300.0,62.24265440735559,-2.020903376699301,-3.160442100700711,-0.01110209501327819,0.011672219202483635
GS,2022-07-12,264.93,273.5,264.75,267.51,267.51,1772600,Financials,269.688,271.66999999999996,267.509,277.7952,270.38141858648004,272.832280103352,-2.450861516871953,-2.98960055078095,268.11,1519400.0,271.78,2480900.0,275.06,2091700.0,57.667245873153774,-1.5711237029950587,-2.7448556678542957,-0.0022378874342621202,0.011613715190270475
GS,2022-07-13,265.67,266.29,261.37,265.34,265.34,1884100,Financials,269.02799999999996,270.816,267.82149999999996,277.5488,269.60581572702154,272.2772963919926,-2.6714806649710567,-2.925976573618972,267.51,1772600.0,268.64,1774500.0,273.88,2276600.0,55.34709193245778,-1.2284097677188854,-3.118153936030388,-0.008111846286120161,0.01173343887827004
GS,2022-07-14,259.93,259.93,254.08,257.51,257.51,3171900,Financials,265.918,268.83299999999997,267.77799999999996,277.056,267.74492099978744,271.18342258517833,-3.4385015853908953,-3.0284815759733568,265.34,1884100.0,273.06,2046500.0,277.34,2475900.0,46.142515190572645,-5.694719109353263,-7.150068507968554,-0.029509308811336288,0.0129585155931946
GS,2022-07-15,262.0,271.08,260.76,268.74,268.74,3457600,Financials,265.44199999999995,268.54499999999996,267.95199999999994,276.7108,267.8980100767432,271.0024283196096,-3.104418242866359,-3.0436689093519576,257.51,3171900.0,271.12,1438900.0,271.62,2669500.0,41.94124652639936,-0.8778400708173484,-1.0603048376408242,0.04360995689487801,0.01976225816292821
GS,2022-07-18,279.61,284.63,273.16,275.5,275.5,6767900,Financials,266.91999999999996,268.731,268.69649999999996,276.329,269.06754698801353,271.3355817774163,-2.2680347894027477,-2.8885420853621158,268.74,3457600.0,268.11,1519400.0,273.64,1749400.0,50.397542464763276,2.7563313565327707,0.6797251863762677,0.025154424350673388,0.02132438396781859
GS,2022-07-19,277.63,291.85,277.55,290.85,290.85,5641100,Financials,271.588,270.63800000000003,270.446,276.455,272.41869360524225,272.7810942383484,-0.3624006331061196,-2.3833137949109164,275.5,6767900.0,267.51,1772600.0,271.78,2480900.0,62.206876708387306,8.724907480094224,7.016704687614994,0.05571687840290385,0.027182289326204246
GS,2022-07-20,290.15,294.62,289.26,293.96,293.96,3489800,Financials,277.312,273.16999999999996,272.1215,276.6452,275.7327407428973,274.3499020725448,1.3828386703524984,-1.6300833018582335,290.85,5641100.0,265.34,1884100.0,268.64,1774500.0,62.01561596298439,10.786161151729857,9.425253126861222,0.010692796974385299,0.026381719304750244
GS,2022-07-21,293.1,299.18,292.5,298.61,298.61,2518800,Financials,285.53200000000004,275.725,274.0415,277.00239999999997,279.2523190901439,276.1469463634674,3.105372726676478,-0.6829920961512912,293.96,3489800.0,257.51,3171900.0,273.06,2046500.0,69.81935673373476,15.960545221544798,9.356917893503258,0.01581847870458586,0.02636350307440732
GS,2022-07-22,299.14,300.91,294.64,296.23,296.23,1830300,Financials,291.03000000000003,278.236,275.768,277.3816,281.86426999935253,277.63457996617353,4.229690033178997,0.2995443297147664,298.61,2518800.0,268.74,3457600.0,271.12,1438900.0,66.50109569028488,10.22921783136117,9.261581587488932,-0.007970262214929136,0.02642467269120403
GS,2022-07-25,298.09,299.3,295.01,296.4,296.4,4024500,Financials,295.21000000000004,281.06499999999994,276.745,277.828,284.1005361532983,279.0246110797903,5.075925073508017,1.2548204784734167,296.23,1830300.0,275.5,6767900.0,268.11,1519400.0,68.43918514080289,7.586206896551717,10.551639252545586,0.0005738784052931045,0.025674953758250123
GS,2022-07-26,294.25,296.56,290.59,291.31,291.31,2054700,Financials,295.302,283.44500000000005,277.5575,278.21139999999997,285.2096844374063,279.93463988869473,5.2750445487115485,2.058865292521043,296.4,4024500.0,290.85,5641100.0,267.51,1772600.0,66.49687090670938,0.15815712566613627,8.896863668647903,-0.017172739541160498,0.0268954328898049
GS,2022-07-27,292.9,298.48,291.15,296.79,296.79,2081900,Financials,295.86800000000005,286.59000000000003,278.70300000000003,278.5666,286.99127144703607,281.18318508212474,5.808086364911333,2.808709506999101,291.31,2054700.0,293.96,3489800.0,265.34,1884100.0,67.0058764511968,0.9627160157844816,11.852717268410352,0.01881157529779287,0.026347449644856382
GS,2022-07-28,297.48,301.76,294.36,300.96,300.96,1820700,Financials,296.338,290.93500000000006,279.884,279.0698,289.1403066090305,282.6481343353007,6.492172273729807,3.545402060345242,296.79,2081900.0,298.61,2518800.0,257.51,3171900.0,70.72222222222223,0.7869796724824907,16.873131140538234,0.014050338623268877,0.02205137283441323
GS,2022-07-29,301.32,306.52,301.32,304.88,304.88,2112200,Financials,298.068,294.549,281.547,279.4782,291.5617978999489,284.2949391993525,7.266858700596401,4.289693388395474,300.96,1820700.0,296.23,1830300.0,268.74,3457600.0,75.21601975037717,2.9200283563447282,13.447942249013911,0.013024986709197384,0.019790549601980054
GS,2022-08-01,303.36,306.17,300.87,303.68,303.68,1476500,Financials,299.524,297.367,283.049,279.976,293.42613668457216,285.73086962903005,7.695267055542104,4.9708081218248,304.88,2112200.0,296.4,4024500.0,275.5,6767900.0,74.60209495306765,2.4561403508772006,10.228675136116161,-0.003935974809761156,0.019921800807837356
GS,2022-08-02,301.32,303.45,299.24,299.84,299.84,1862900,Financials,301.22999999999996,298.26599999999996,284.452,280.3702,294.4128848869457,286.77599039725004,7.636894489695635,5.504025395398967,303.68,1476500.0,291.31,2054700.0,290.85,5641100.0,72.94493216280927,2.928152140331597,3.090940347258031,-0.012644889357218192,0.013004253273802033
GS,2022-08-03,303.67,306.82,301.43,304.68,304.68,1770600,Financials,302.808,299.338,286.254,280.8866,295.9924410581848,288.10221333078704,7.8902277273977575,5.981265861798725,299.84,1862900.0,296.79,2081900.0,293.96,3489800.0,82.67073001800804,2.6584453654098894,3.6467546604980416,0.016141942369263695,0.013462694636315995
GS,2022-08-04,304.78,305.71,302.35,303.49,303.49,1533400,Financials,303.31399999999996,299.82599999999996,287.7755,281.201,297.14591166461787,289.24204938035837,7.903862284259503,6.365785146290881,304.68,1770600.0,300.96,1820700.0,298.61,2518800.0,77.95655671761867,0.8406432748538029,1.6342386390274966,-0.0039057371668635987,0.01291892924368753
GS,2022-08-05,302.6,308.1,301.48,306.05,306.05,1876400,Financials,303.548,300.808,289.522,281.615,298.5157714085228,290.4870827595911,8.028688648931734,6.698365846819053,303.49,1533400.0,304.88,2112200.0,296.23,1830300.0,76.35893011216567,0.3837575439517238,3.3149917293994413,0.008435203795841728,0.012592378047003585
GS,2022-08-08,308.28,309.86,305.75,306.06,306.06,1460000,Financials,304.024,301.774,291.41949999999997,282.0118,299.67642196105777,291.6406321848065,8.03578977625125,6.965850632705493,306.05,1876400.0,303.68,1476500.0,296.4,4024500.0,67.8479230227646,0.7837197049525901,3.259109311740893,3.267439960796814e-05,0.012606732018299236
GS,2022-08-09,307.4,309.25,305.96,307.83,307.83,1587900,Financials,305.622,303.426,293.4355,282.2854,300.9308185824335,292.83984461556156,8.090973966871957,7.190875299538787,306.06,1460000.0,299.84,1862900.0,291.31,2054700.0,66.8039738308699,2.6647545357524116,5.670934743057221,0.005783179768672708,0.010357227968851765
GS,2022-08-10,312.17,319.79,312.16,318.16,318.16,2459500,Financials,308.31800000000004,305.563,296.0765,282.67560000000003,303.58146187744376,294.7154116810755,8.866050196368235,7.525910278904677,307.83,1587900.0,304.68,1770600.0,296.79,2081900.0,70.82002129925455,4.424314034396759,7.200377371205224,0.03355748302634587,0.013129229873121663
GS,2022-08-11,320.07,325.6,319.87,321.6,321.6,2360800,Financials,311.94,307.627,299.281,283.1296,306.35354466552934,296.70686266766256,9.646681997866779,7.950064622697098,318.16,2459500.0,303.49,1533400.0,300.96,1820700.0,76.42157883774215,5.9672476852614675,6.858054226475296,0.010812169977369779,0.012976543342334616
GS,2022-08-12,323.21,324.24,320.21,323.56,323.56,2369000,Financials,315.442,309.495,302.02200000000005,283.7142,309.0006916400633,298.6959839515394,10.304707688523877,8.420993235862454,321.6,2360800.0,306.05,1876400.0,304.88,2112200.0,77.2690763052209,5.721287371344541,6.127000787194969,0.006094527363184055,0.012786674378337897
GS,2022-08-15,320.98,327.95,319.2,325.42,325.42,2045700,Financials,319.314,311.669,304.51800000000003,284.29220000000004,311.5267390800535,300.6755406958698,10.851198384183704,8.907034265526704,323.56,2369000.0,306.06,1460000.0,303.68,1476500.0,86.62228902727075,6.325557080311062,7.158851422550061,0.005748547410063143,0.012305076793381895
GS,2022-08-16,322.8,325.99,321.92,324.61,324.61,1740900,Financials,322.66999999999996,314.146,306.206,284.95579999999995,313.53954845235296,302.44846360728684,11.09108484506612,9.343844381434588,325.42,2045700.0,307.83,1587900.0,299.84,1862900.0,83.19809069212407,5.451060650358985,8.26107257203843,-0.0024890910208346106,0.01083425360429192
GS,2022-08-17,321.81,325.18,320.77,323.49,323.49,1576300,Financials,323.73600000000005,316.027,307.6825,285.5636,315.07038715199093,304.007095932673,11.063291219317932,9.687733749011258,324.61,1740900.0,318.16,2459500.0,304.68,1770600.0,78.99613899613897,1.675257731958757,6.173690429302869,-0.0034502941991928493,0.01097314043483047
GS,2022-08-18,322.5,324.73,320.85,324.2,324.2,1102200,Financials,324.256,318.098,308.96200000000005,286.1674,316.4749429747616,305.50286660432687,10.972076370434706,9.944602273295947,323.49,1576300.0,321.6,2360800.0,303.49,1533400.0,77.10437710437706,0.8084577114427782,6.82394807077662,0.0021948128226527697,0.01051753885076954
GS,2022-08-19,320.98,321.77,317.78,319.4,319.4,1812300,Financials,323.42400000000004,319.433,310.1205,286.8,316.9249517478751,306.53228389289524,10.39266785497989,10.034215389632736,324.2,1102200.0,323.56,2369000.0,306.05,1876400.0,70.03058103975528,-1.285696625046362,4.362032347655598,-0.014805675508945182,0.012470996419854219
GS,2022-08-22,313.16,315.07,311.62,313.14,313.14,1723900,Financials,320.96799999999996,320.14099999999996,310.95750000000004,287.4988,316.3426514789712,307.02174434527336,9.320907133697858,9.891553738445761,319.4,1812300.0,325.42,2045700.0,306.06,1460000.0,65.96255400864138,-3.7735849056603876,2.3132719074691277,-0.019599248591108287,0.014590836790213528
GS,2022-08-23,312.71,314.65,310.04,311.09,311.09,1538000,Financials,318.264,320.467,311.9465,288.4712,315.5345512514372,307.3230966159939,8.211454635443317,9.555533917845274,313.14,1723900.0,324.61,1740900.0,307.83,1587900.0,58.24543349626958,-4.164997997597131,1.0590260858265976,-0.006546592578399513,0.014791315791479232
GS,2022-08-24,310.03,314.87,309.54,312.7,312.7,1530800,Financials,316.10599999999994,319.921,312.742,289.5434,315.0984664435238,307.72138575554993,7.377080687973887,9.119843271870998,311.09,1538000.0,323.49,1576300.0,318.16,2459500.0,61.72053957750061,-3.335497233299334,-1.7161176766406938,0.0051753511845447076,0.009744204027800933
GS,2022-08-25,314.99,317.2,312.85,316.86,316.86,1763900,Financials,314.63800000000003,319.447,313.537,290.71299999999997,315.3694716060586,308.3983201440277,6.971151462030889,8.690104909902978,312.7,1530800.0,324.2,1102200.0,321.6,2360800.0,63.21839080459769,-2.264034546576177,-1.4738805970149316,0.013303485769107892,0.010123724126196342
GS,2022-08-26,318.55,318.92,307.27,307.63,307.63,1703900,Financials,312.284,317.854,313.67449999999997,291.56039999999996,314.17878366666497,308.3414075407664,5.837376125898572,8.119559153102097,316.86,1763900.0,319.4,1812300.0,323.56,2369000.0,51.56655358211932,-3.6850344395741974,-4.923352701199157,-0.029129584043426138,0.012946300145474713
GS,2022-08-29,305.36,307.63,303.62,305.36,305.36,1835600,Financials,310.728,315.848,313.7585,292.4554,312.82204771794727,308.12056253774665,4.701485180200621,7.435944358521802,307.63,1703900.0,313.14,1723900.0,325.42,2045700.0,47.55977079628535,-2.48451171999744,-6.164341466412637,-0.0073789942463348135,0.01239359149154309
GS,2022-08-30,306.35,307.27,302.86,305.1,305.1,1830300,Financials,309.53000000000003,313.897,314.0215,293.4402,311.6340403767246,307.8968171645803,3.737223212144329,6.696200129246307,305.36,1835600.0,311.09,1538000.0,324.61,1740900.0,33.89245189935866,-1.9254878009579035,-6.010289270201163,-0.0008514540214827893,0.012459782560164922
GS,2022-08-31,305.49,308.79,303.76,306.52,306.52,2488000,Financials,308.294,312.2,314.1135,294.3616,310.8472649341516,307.7948307079447,3.0524342262069126,5.967446948638429,305.1,1830300.0,312.7,1530800.0,323.49,1576300.0,30.42575285565934,-1.97633514550688,-5.245911774707112,0.004654211733857716,0.01290745871093465
GS,2022-09-01,303.94,307.46,299.1,307.28,307.28,1575100,Financials,306.378,310.508,314.303,295.303,310.2984549442821,307.7566950999488,2.541759844333342,5.282309527777412,306.52,2488000.0,316.86,1763900.0,324.2,1102200.0,28.188638799571223,-3.0234172820804317,-5.219000616903147,0.0024794466918960367,0.012926118927249935
GS,2022-09-02,308.37,313.57,304.03,305.42,305.42,2215400,Financials,305.93600000000004,309.11,314.2715,296.1774,309.5479234143926,307.58360657402665,1.9643168403659388,4.618710990295118,307.28,1575100.0,307.63,1703900.0,319.4,1812300.0,23.204715969989238,-0.7183954750836996,-4.376956793988718,-0.00605311116896623,0.012497923007283302
GS,2022-09-06,306.19,307.05,298.03,300.82,300.82,1578100,Financials,305.02799999999996,307.87800000000004,314.0095,296.6566,308.20516596602454,307.0825986796543,1.122567286370213,3.9194822495101374,305.42,2215400.0,305.36,1835600.0,313.14,1723900.0,21.065434200924287,-1.486769714435432,-3.9343424666283378,-0.015061227162595836,0.011955098363486951
GS,2022-09-07,298.76,306.05,297.84,304.57,304.57,1496600,Financials,304.922,307.226,313.8465,297.2468,307.6459096635592,306.8964802589392,0.7494294046200025,3.285471680532111,300.82,1578100.0,305.1,1830300.0,311.09,1538000.0,28.37219935985364,-0.17371353654540567,-2.095856504548521,0.012465926467654986,0.012963899024561366
GS,2022-09-08,304.32,309.41,301.62,309.01,309.01,1755600,Financials,305.41999999999996,306.857,313.389,297.94939999999997,307.85576971531935,307.0530372767956,0.8027324385237762,2.788923832130444,304.57,1496600.0,306.52,2488000.0,312.7,1530800.0,34.00042131872762,0.8123450345817629,-1.1800447713463336,0.01457792954000725,0.01385564435498076
GS,2022-09-09,311.41,314.22,310.53,313.36,313.36,1445600,Financials,306.636,306.507,312.977,298.6698,308.702574374501,307.5202197007367,1.182354673764337,2.467610000457223,309.01,1755600.0,307.28,1575100.0,316.86,1763900.0,43.5772011909826,1.9786513928664595,-1.1045887773780239,0.014077214329633492,0.01394686928409086
GS,2022-09-12,314.8,317.3,313.35,315.65,315.65,1563200,Financials,308.68199999999996,307.309,312.5815,299.5504,309.77140908611625,308.1224256488303,1.648983437285949,2.3038846878229684,313.36,1445600.0,305.42,2215400.0,307.63,1703900.0,52.915214866434376,3.3494859537685606,2.607027923154437,0.007307888690324171,0.009984519565368168
GS,2022-09-13,309.66,310.06,301.14,302.57,302.57,2242100,Financials,309.03200000000004,307.03,311.43899999999996,300.12899999999996,308.6634999959445,307.7111348600281,0.9523651359164091,2.0335807774416566,315.65,1563200.0,300.82,1578100.0,305.36,1835600.0,42.12278106508876,0.5817432351572283,-0.9136756615142794,-0.041438301916679854,0.017070076410081462
GS,2022-09-14,302.63,304.91,298.07,301.53,301.53,1953300,Financials,308.42400000000004,306.673,310.28499999999997,300.724,307.5660384581069,307.2532730185446,0.3127654395623267,1.6894177098657908,302.57,2242100.0,304.57,1496600.0,305.1,1830300.0,39.5626985610166,-0.9981285090455483,-1.1701081612586206,-0.003437221138910096,0.017090781229403346
GS,2022-09-15,302.89,308.92,301.84,305.55,305.55,1489400,Financials,307.732,306.57599999999996,309.388,301.4622,307.2558786953212,307.12710464680055,0.1287740485206541,1.3772889775967636,301.53,1953300.0,309.01,1755600.0,306.52,2488000.0,39.404159640247315,-1.1197048639202567,-0.31645569620252223,0.013332006765496063,0.017624164690286014
GS,2022-09-16,300.72,303.14,294.65,300.57,300.57,2946800,Financials,305.174,305.90500000000003,308.20649999999995,302.01239999999996,306.22728197296414,306.641393191482,-0.4141112185178599,1.019008938373839,305.55,1489400.0,313.36,1445600.0,307.28,1575100.0,42.81351791530944,-4.081567526167995,-2.183676126008849,-0.01629847815414831,0.018297425785438203
GS,2022-09-19,295.37,303.4,295.34,302.82,302.82,1652700,Financials,302.608,305.645,307.3775,302.6464,305.70308474635425,306.35832702915,-0.6552422827957685,0.6841586941399176,300.57,2946800.0,315.65,1563200.0,305.42,2215400.0,47.413441955193456,-4.0646285442737184,-0.8512867526684675,0.00748577702365516,0.0184686287479015
GS,2022-09-20,300.1,301.11,294.85,297.85,297.85,1569900,Financials,301.664,305.348,306.61299999999994,303.2412,304.49491786229976,305.7280805825463,-1.2331627202465256,0.30069441126262897,302.82,1652700.0,302.57,2242100.0,300.82,1578100.0,43.26333395279687,-1.5599695938129932,-0.9873013762382699,-0.01641239019879792,0.01858992301106891
GS,2022-09-21,299.38,303.86,295.42,295.5,295.5,1796700,Financials,300.45799999999997,304.441,305.8335,303.801,303.11108434502285,304.9704449838392,-1.8593606388163266,-0.13131659875316215,297.85,1569900.0,301.53,1953300.0,304.57,1496600.0,39.934234563390596,-1.9998010148243872,-2.9779689398167886,-0.007889877455094951,0.01807923933975958
GS,2022-09-22,296.98,297.97,286.74,288.32,288.32,2239900,Financials,297.012,302.37199999999996,304.6145,304.2606,300.83553290732704,303.73707868874,-2.901545781412949,-0.6853624352851195,295.5,1796700.0,305.55,1489400.0,309.01,1755600.0,34.49967298888164,-5.639011618393064,-6.695576194945152,-0.024297800338409448,0.018090370544862882
GS,2022-09-23,283.37,285.44,274.08,278.23,278.23,2918500,Financials,292.544,298.859,302.683,304.675,297.3577586138921,301.84766545253706,-4.48990683864497,-1.4462713159570897,288.32,2239900.0,300.57,2946800.0,313.36,1445600.0,30.407839746361162,-7.432544831486831,-11.210748021444983,-0.03499583795782457,0.01846285456959568
GS,2022-09-26,275.49,278.35,269.33,271.46,271.46,2308800,Financials,286.27200000000005,294.43999999999994,300.8745,304.7294,293.3734880579087,299.59672727086763,-6.223239212958958,-2.4016648953574635,278.23,2918500.0,302.82,1652700.0,315.65,1563200.0,29.48574622694244,-10.355987055016191,-13.999683193410428,-0.024332386874168943,0.01753824694827257
GS,2022-09-27,274.11,275.63,265.93,268.47,268.47,2007400,Financials,280.396,291.03000000000003,299.03000000000003,304.5888,289.54218220284577,297.29104376932185,-7.74886156647608,-3.4711042295811874,271.46,2308800.0,297.85,1569900.0,302.57,2242100.0,24.50564971751416,-9.864025516199426,-11.270119311233751,-0.011014514108892426,0.014840680644773814
GS,2022-09-28,270.89,278.64,269.47,277.14,277.14,2289700,Financials,276.724,288.591,297.63199999999995,304.3146,287.6341541716387,295.7983738604832,-8.164219688844469,-4.409727321433844,268.47,2007400.0,295.5,1796700.0,301.53,1953300.0,28.76182860189256,-6.213197969543149,-8.088747388319561,0.03229411107386282,0.020352173387550302
GS,2022-09-29,273.72,275.82,268.63,272.83,272.83,1930800,Financials,273.62600000000003,285.319,295.94750000000005,303.892,285.3565919913866,294.0970128337807,-8.740420842394087,-5.275866025625893,277.14,2289700.0,288.32,2239900.0,305.55,1489400.0,22.97639685291368,-5.372502774694787,-10.708558337424323,-0.015551706718625935,0.018956513352064032
GS,2022-09-30,272.73,277.42,269.69,270.01,270.01,1970800,Financials,271.982,282.26300000000003,294.08399999999995,303.32,282.9955778388656,292.31278966090804,-9.317211822042452,-6.084135184909206,272.83,1930800.0,278.23,2918500.0,300.57,2946800.0,19.78283898305085,-2.9543902526686705,-10.16734870412882,-0.010336106733130457,0.01886844686108407
GS,2022-10-03,273.81,277.55,268.22,275.63,275.63,1938800,Financials,272.816,279.544,292.5945,302.908,281.86241201750164,291.07702746380374,-9.214615446302105,-6.710231237187786,270.01,1970800.0,271.46,2308800.0,302.82,1652700.0,30.20863943579195,1.536137920872327,-8.978931378376597,0.020814043924299197,0.02066563631606359
GS,2022-10-04,282.68,290.38,281.83,290.12,290.12,2399500,Financials,277.146,278.771,292.05949999999996,302.7824,283.1328101686552,291.00613654055905,-7.873326371903829,-6.942850264130995,275.63,1938800.0,268.47,2007400.0,297.85,1569900.0,43.0008587903325,8.06421574105114,-2.5952660735269473,0.052570474912019716,0.028141501821962837
GS,2022-10-05,282.48,285.82,279.73,284.71,284.71,1992800,Financials,278.66,277.692,291.0665,302.6504,283.37545475809287,290.5397560560732,-7.16430129798033,-6.987140470900862,290.12,2399500.0,277.14,2289700.0,295.5,1796700.0,37.4306393244873,2.7314714584686373,-3.6514382402707324,-0.018647456225010406,0.028582196133325518
GS,2022-10-06,283.22,284.78,279.57,280.72,280.72,1367400,Financials,280.238,276.932,289.652,302.329,282.96692325684785,289.8123667185863,-6.845443461738455,-6.9588010690683815,284.71,1992800.0,272.83,1930800.0,288.32,2239900.0,37.883042363569785,2.8919107136312183,-2.6359600443951026,-0.01401426012433693,0.027922138976892667
GS,2022-10-07,280.1,281.16,275.63,277.41,277.41,1790100,Financials,281.71799999999996,276.85,287.85450000000003,301.858,282.1120119865636,288.8936728875799,-6.781660901016323,-6.923373035457971,280.72,1367400.0,270.01,1970800.0,278.23,2918500.0,34.687236350488135,2.740639235583875,-0.2947201955216916,-0.01179110857794241,0.02578764016469522
GS,2022-10-10,279.76,280.76,274.97,276.91,276.91,1309600,Financials,281.97400000000005,277.39500000000004,285.91749999999996,301.2986,281.31170245016915,288.00599341442586,-6.694290964256709,-6.877556621217719,277.41,1790100.0,275.63,1938800.0,271.46,2308800.0,36.66242038216559,0.46439066865000544,2.007662270684474,-0.001802386359539998,0.024370941409440468
GS,2022-10-11,274.58,278.74,270.81,271.08,271.08,2392800,Financials,278.166,277.656,284.34299999999996,300.6466,279.73759438091236,286.75221612446836,-7.014621743556006,-6.904969645685377,276.91,1309600.0,290.12,2399500.0,268.47,2007400.0,35.10612344474261,-6.562801599338208,0.9721756620851396,-0.021053771983677194,0.025171781375667158
GS,2022-10-12,270.88,276.21,268.78,272.09,272.09,1763800,Financials,275.642,277.151,282.871,300.09159999999997,278.56104139923355,285.66612604117444,-7.105084641940891,-6.94499264493648,271.08,2392800.0,284.71,1992800.0,277.14,2289700.0,39.29560743965174,-4.432580520529661,-1.8221837338529334,0.0037258373911759346,0.02276264413470232
GS,2022-10-13,267.59,284.49,265.13,282.93,282.93,2724900,Financials,276.084,278.161,281.74,299.6566,279.23318887627454,285.4634500381245,-6.230261161849967,-6.802046348319178,272.09,1763800.0,280.72,1367400.0,272.83,1930800.0,53.069487983281086,0.7872613280136775,3.7019389363339927,0.03983975890330416,0.02556034553842603
GS,2022-10-14,283.29,287.12,275.56,276.41,276.41,2397600,Financials,275.884,278.801,280.53200000000004,299.115,278.79885212607843,284.7928241093745,-5.993971983296092,-6.6404314753145615,282.93,2724900.0,277.41,1790100.0,270.01,1970800.0,53.243349495478995,-0.3604772719080107,2.3702825821265927,-0.023044569328102282,0.02664154907842777
GS,2022-10-17,280.48,287.12,280.23,282.6,282.6,3118600,Financials,277.02200000000005,279.49800000000005,279.521,298.646,279.38364410668174,284.6303926938653,-5.246748587183561,-6.361694897688362,276.41,2397600.0,276.91,1309600.0,275.63,1938800.0,58.88567475789209,2.0548192553537348,2.528752312883231,0.022394269382439047,0.02676559293837009
GS,2022-10-18,296.38,298.97,287.47,289.18,289.18,6428600,Financials,280.642,279.404,279.0875,298.3084,280.89077578257684,284.96740064246785,-4.076624859891012,-5.904680890128892,282.6,3118600.0,271.08,2392800.0,290.12,2399500.0,57.775768535262216,6.676995720820433,-0.3240038604715334,0.023283793347487647,0.021871652988455045
GS,2022-10-19,288.03,290.04,283.84,287.25,287.25,2363800,Financials,283.674,279.658,278.675,297.8968,281.8691179698727,285.13648207635913,-3.2673641064864114,-5.377217533400397,289.18,6428600.0,272.09,1763800.0,284.71,1992800.0,59.608208955223894,5.571685839244367,0.8921358575392668,-0.006674043848122313,0.02105669505550961
GS,2022-10-20,287.56,291.2,284.71,286.38,286.38,2382300,Financials,284.36400000000003,280.22400000000005,278.578,297.2612,282.56309982066153,285.22859451514734,-2.665494694485801,-4.834872965617477,287.25,2363800.0,282.93,2724900.0,280.72,1367400.0,61.19852236968121,1.2193828862262723,2.016243944143614,-0.0030287206266318423,0.020459436266167565
GS,2022-10-21,286.55,300.16,285.16,299.54,299.54,3545700,Financials,288.99,282.437,279.6435,296.82,285.1749306174828,286.2886986251365,-1.1137680076536753,-4.090651974024717,286.38,2382300.0,276.41,2397600.0,277.41,1790100.0,64.82698747364505,8.368004051951816,7.977362027324175,0.04595292967385989,0.02393085021487943
GS,2022-10-24,302.68,305.2,300.23,302.86,302.86,2232600,Financials,293.04200000000003,285.032,281.2135,296.406,287.89571052248544,287.5162024306819,0.3795080918035296,-3.196619960859068,299.54,3545700.0,282.6,3118600.0,276.91,1309600.0,59.17074575295134,7.169143665958955,9.371275865804773,0.011083661614475604,0.023692559007476566
GS,2022-10-25,302.09,307.37,300.3,306.27,306.27,1837700,Financials,296.46000000000004,288.55100000000004,283.1035,296.02299999999997,290.7225242882569,288.9053726210018,1.817151667255132,-2.1938656352362282,302.86,2232600.0,289.18,6428600.0,271.08,2392800.0,65.97983990512898,5.909813956705157,12.981407702523251,0.011259327742191072,0.021169884563935443
GS,2022-10-26,308.22,312.05,307.87,309.3,309.3,2176700,Financials,300.87,292.272,284.7115,295.7168,293.58059747467894,290.41608576018683,3.1645117144921073,-1.1221901652905613,306.27,1837700.0,287.25,2363800.0,272.09,1763800.0,71.48872180451124,7.676240208877294,13.675622036826063,0.009893231462435148,0.020975483075157855
GS,2022-10-27,312.64,315.05,310.07,310.67,310.67,1998800,Financials,305.72799999999995,295.046,286.6035,295.4604,296.20973632472834,291.91637570387667,4.293360620851672,-0.039080008062114646,309.3,2176700.0,286.38,2382300.0,282.93,2724900.0,75.75898389095411,8.48173755150501,9.804545293888944,0.004429356611703961,0.018839166822221462
GS,2022-10-28,311.91,315.65,309.59,314.95,314.95,1677100,Financials,308.81,298.9,288.8505,295.2754,299.09285381323167,293.6225700961821,5.470283717049597,1.0627927369602277,310.67,1998800.0,299.54,3545700.0,276.41,2397600.0,77.8314310798946,5.1445549843092575,13.943055605802957,0.01377667621592038,0.01495825191214615
GS,2022-10-31,314.26,318.97,313.8,317.43,317.43,2224000,Financials,311.72400000000005,302.383,290.94050000000004,295.23600000000005,301.91395322658065,295.3860834223908,6.527869804189834,2.1558081504061493,314.95,1677100.0,302.86,2232600.0,282.6,3118600.0,85.65933220495462,4.810803671663466,12.324840764331203,0.007874265756469434,0.014672594962475416
GS,2022-11-01,318.0,321.28,316.74,321.18,321.18,2316600,Financials,314.706,305.58299999999997,292.49350000000004,295.3968,304.8779604224913,297.2967439096211,7.581216512870185,3.2408898228989567,317.43,2224000.0,306.27,1837700.0,289.18,6428600.0,86.23948028938433,4.868253501812125,11.065772183415179,0.011813628201493342,0.014111416123544123
GS,2022-11-02,320.29,329.34,319.48,322.29,322.29,3221200,Financials,317.304,309.087,294.37250000000006,295.6208,307.556735742108,299.14809621261213,8.408639529495872,4.27443976421834,321.18,2316600.0,309.3,2176700.0,287.25,2363800.0,83.93103448275863,4.199806013579055,12.19843342036555,0.0034560059779562557,0.013054587683808764
GS,2022-11-03,320.18,323.1,315.66,321.44,321.44,2515600,Financials,319.45799999999997,312.59299999999996,296.4085,295.79560000000004,309.69262255101444,300.79934834501125,8.893274206003184,5.198206652575309,322.29,3221200.0,310.67,1998800.0,286.38,2382300.0,93.02503344162042,3.4667010010622112,12.242475033172706,-0.002637376276024783,0.013006188663072264
GS,2022-11-04,326.17,330.21,323.62,329.77,329.77,3172700,Financials,322.422,315.616,299.02650000000006,296.0538,312.7814498508584,302.9453225416771,9.836127309181279,6.1257907838965036,321.44,2515600.0,314.95,1677100.0,299.54,3545700.0,93.29906370479156,4.705508810922376,10.092141283301048,0.02591463414634143,0.007532845639429939
GS,2022-11-07,331.71,334.43,330.34,334.06,334.06,2526900,Financials,325.748,318.736,301.884,296.5824,316.0550729507263,305.25011346451583,10.804959486210464,7.061624524359296,329.77,3172700.0,317.43,2224000.0,302.86,2232600.0,93.00498275201221,5.238950319755542,10.301789605758426,0.013009066925433022,0.007596864516968386
GS,2022-11-08,333.82,338.32,333.04,335.4,335.4,3501300,Financials,328.592,321.649,305.1,297.1832,319.0312155736915,307.48343839307023,11.547777180621267,7.95885505561169,334.06,2526900.0,321.18,2316600.0,306.27,1837700.0,96.66602054661752,4.42742387446291,9.511215594083655,0.004011255463090446,0.007793737551997156
GS,2022-11-09,334.42,338.29,332.51,333.54,333.54,3047200,Financials,330.842,324.073,308.1725,297.752,321.263336254662,309.4135540676576,11.849782187004394,8.737040481890231,335.4,3501300.0,322.29,3221200.0,309.3,2176700.0,94.84594903004948,3.490645071209153,7.837051406401563,-0.005545617173523976,0.009057715441882698
GS,2022-11-10,340.91,350.52,340.67,348.57,348.57,3790400,Financials,336.268,327.863,311.4545,298.593,325.4643614462525,312.31403154412743,13.150329902125065,9.619698365937198,333.54,3047200.0,321.44,2515600.0,310.67,1998800.0,95.0229568411387,8.440144350423084,12.199439920172516,0.045062061521856434,0.014779126509985797
GS,2022-11-11,350.13,356.58,348.97,354.89,354.89,3409100,Financials,341.29200000000003,331.857,315.3785,299.5452,329.9913827622137,315.4678069853032,14.52357577691049,10.600473848131857,348.57,3790400.0,329.77,3172700.0,314.95,1677100.0,95.28285465622284,7.617430330230168,12.681377996507393,0.018131221849269963,0.014911539848222464
GS,2022-11-14,353.81,356.85,350.59,352.3,352.3,2609100,Financials,344.94,335.344,318.8635,300.4828,333.4234777218731,318.19611757898446,15.227360142888642,11.525851107083215,354.89,3409100.0,334.06,2526900.0,317.43,2224000.0,90.64100300194251,5.460096988564933,10.985099076961857,-0.007298036011158304,0.01611370636066586
GS,2022-11-15,355.64,358.95,350.73,352.78,352.78,3192400,Financials,348.41600000000005,338.504,322.04350000000005,301.522,336.40140422620027,320.7578866472078,15.643517578992487,12.34938440146507,352.3,2609100.0,335.4,3501300.0,321.18,2316600.0,90.1997041420119,5.181872391174713,9.8387197210287,0.0013624751632130838,0.016362648155360624
GS,2022-11-16,353.08,355.1,350.14,352.27,352.27,2303700,Financials,352.162,341.502,325.2945,302.476,338.8427266529387,323.0921172659331,15.750609387005625,13.029629398573181,352.78,3192400.0,333.54,3047200.0,322.29,3221200.0,89.08305148440444,5.615518378605255,9.30218126532003,-0.001445660184817732,0.01663649871306839
GS,2022-11-17,347.5,351.71,345.53,349.92,349.92,2297600,Financials,352.43199999999996,344.35,328.4715,303.29420000000005,340.5469225524866,325.07936783882695,15.467554713659638,13.517214461590473,352.27,2303700.0,348.57,3790400.0,321.44,2515600.0,84.09046597777358,0.38729666924866013,8.86012941762071,-0.006671019388537092,0.016996529432448018
GS,2022-11-18,351.31,352.73,347.72,349.39,349.39,2384500,Financials,351.332,346.312,330.96400000000006,304.0148,341.9073960059502,326.88015540632125,15.027240599628954,13.819219689198171,349.92,2297600.0,354.89,3409100.0,329.77,3172700.0,82.38751520064864,-1.5497759869255279,5.949601237225943,-0.0015146319158665378,0.016090440480604415
GS,2022-11-21,349.11,350.84,345.91,350.32,350.32,1877500,Financials,350.936,347.938,333.337,304.7082,343.20164277426557,328.6164401910382,14.585202583227385,13.972416268004014,349.39,2384500.0,352.3,2609100.0,334.06,2526900.0,81.31986242476361,-0.5620210048254415,4.867389091779928,0.0026617819628496076,0.015914948676440006
GS,2022-11-22,351.42,355.5,351.42,353.69,353.69,2019400,Financials,351.118,349.767,335.70799999999997,305.73060000000004,344.81523619360934,330.47374091762794,14.341495275981401,14.046232069599492,350.32,1877500.0,352.78,3192400.0,335.4,3501300.0,82.1853218532186,0.25795113101649836,5.453190220632087,0.009619776204612851,0.01597980434072146
GS,2022-11-23,353.72,357.68,353.27,355.89,355.89,1865400,Financials,351.842,352.002,338.0375,306.8178,346.5190460099771,332.35642677558144,14.162619234395663,14.069509502558727,353.69,2019400.0,352.27,2303700.0,333.54,3047200.0,84.36066227807711,1.027620859000189,6.700845475804984,0.006220136277531152,0.015507551725825547
GS,2022-11-25,355.43,358.82,354.9,358.29,358.29,1129300,Financials,353.51599999999996,352.974,340.4185,307.87260000000003,348.3299620084422,334.27743219961246,14.052529808829718,14.066113563812927,355.89,1865400.0,349.92,2297600.0,348.57,3790400.0,82.26244343891416,2.3919753086419693,2.7885360185902375,0.006743656747871585,0.007740224304742224
GS,2022-11-28,355.13,357.86,350.95,352.3,352.3,2232200,Financials,354.098,352.71500000000003,342.286,308.9072,348.9407370840664,335.6124372218634,13.328299862203039,13.91855082349095,358.29,1129300.0,349.39,2384500.0,354.89,3409100.0,69.8692810457517,0.8328801625690607,-0.7298036011158304,-0.01671830081777337,0.007904584204960784
GS,2022-11-29,351.17,354.67,349.44,353.54,353.54,1746900,Financials,354.742,352.839,344.0915,309.9216,349.64831599421007,336.9404048350587,12.707911159151365,13.676422890623034,352.3,2232200.0,350.32,1877500.0,352.3,2609100.0,69.80349344978175,0.9191596254852774,0.3519727504967429,0.0035197275049674293,0.007637610448418251
GS,2022-11-30,354.74,358.13,347.88,358.13,358.13,2964100,Financials,355.63,353.374,345.93899999999996,311.1272,350.9531904566393,338.5100044769062,12.443185979733073,13.429775508445042,353.54,1746900.0,353.69,2019400.0,352.78,3192400.0,75.3348444261282,1.2553365941926575,1.5165258801519421,0.01298297222379352,0.008624352874346479
GS,2022-12-01,358.45,358.45,352.84,355.96,355.96,1706300,Financials,355.64400000000006,353.74300000000005,347.6225,312.3364,351.7234688479256,339.8025967378761,11.920872110049459,13.127994828765926,358.13,2964100.0,355.89,1865400.0,352.27,2303700.0,60.35884496776001,0.01966899884795481,1.0474919805830707,-0.006059252226845002,0.008920137432344304
GS,2022-12-02,353.83,354.76,350.94,352.96,352.96,1932300,Financials,354.578,354.04699999999997,349.1985,313.62919999999997,351.9137044097832,340.7772192017372,11.136485208045997,12.729692904621942,355.96,1706300.0,358.29,1129300.0,349.92,2297600.0,47.01700154559504,-1.4876217589103957,0.8687700045724611,-0.008427913248679642,0.009105113257540995
GS,2022-12-05,351.08,351.37,342.51,344.58,344.58,2329600,Financials,353.034,353.566,349.93899999999996,314.95619999999997,350.7854421928934,341.05890666827514,9.72653552461827,12.12906142862121,352.96,1932300.0,352.3,2232200.0,349.39,2384500.0,39.87939171473514,-2.191314220834528,-1.3766850797103491,-0.023742067089755237,0.012010399133161454
GS,2022-12-06,342.67,343.49,334.18,336.57,336.57,3081900,Financials,349.64,352.191,350.0645,316.2584,348.5984510862944,340.72639506321775,7.872056023076652,11.277660347512299,344.58,2329600.0,353.54,1746900.0,350.32,1877500.0,32.25312021020366,-4.800022628274037,-3.9249828728020075,-0.023245690405711228,0.013727553263331835
GS,2022-12-07,336.18,338.79,332.16,333.8,333.8,2128200,Financials,344.774,350.202,349.98449999999997,317.565,346.32176630378757,340.2133287622387,6.108437541548881,10.243815786319615,336.57,3081900.0,358.13,2964100.0,353.69,2019400.0,30.732317963697085,-6.79362242761008,-5.623568661822498,-0.008230085866238745,0.012908796221428223
GS,2022-12-08,335.76,336.28,330.22,332.09,332.09,1967800,Financials,339.99999999999994,347.822,349.912,318.664,344.1322637955126,339.6116007057766,4.52066308973599,9.099185247002891,333.8,2128200.0,355.96,1706300.0,355.89,1865400.0,31.14823429900612,-6.705809641532756,-6.687459608305946,-0.005122828040743044,0.012225693974807939
GS,2022-12-09,330.82,335.4,330.36,333.08,333.08,1588800,Financials,336.024,345.30100000000004,349.1375,319.869,342.43191551927987,339.12777843127463,3.304137088005234,7.94017561520336,332.09,1967800.0,352.96,1932300.0,358.29,1129300.0,32.9214659685864,-5.632366273798728,-7.036199726478564,0.0029811195760185427,0.011812454558897085
GS,2022-12-12,332.55,337.59,330.48,336.82,336.82,1750400,Financials,334.47200000000004,343.753,348.23400000000004,321.2052,341.5685439009291,338.95683188080983,2.6117120201192847,6.874482896186546,333.08,1588800.0,344.58,2329600.0,352.3,2232200.0,36.649525316455716,-2.252016948168778,-4.393982401362484,0.011228533685601061,0.012592172666531367
GS,2022-12-13,347.44,351.09,338.98,341.93,341.93,3062600,Financials,335.544,342.592,347.7155,322.5312,341.6241525315554,339.1770665563054,2.4470859752499905,5.989003511999235,336.82,1750400.0,336.57,3081900.0,353.54,1746900.0,38.75717017208415,1.592536470867878,-3.283928268371339,0.015171308117095217,0.013880732092140618
GS,2022-12-14,340.38,342.06,333.36,334.23,334.23,2519700,Financials,335.63,340.20199999999994,346.78799999999995,323.4134,340.4865906036238,338.8106171817643,1.67597342185951,5.12639749397129,341.93,3062600.0,333.8,2128200.0,358.13,2964100.0,31.26297577854676,0.1288196524865226,-6.6735542959260545,-0.02251922908197579,0.013808539973508754
GS,2022-12-15,328.75,330.27,322.69,324.44,324.44,3163700,Financials,334.1,337.04999999999995,345.3965,324.208,338.0178843569125,337.7461270201522,0.2717573367602881,4.155469462529091,334.23,2519700.0,332.09,1967800.0,355.96,1706300.0,24.037429053535817,-2.303592399650689,-8.854927519946054,-0.029291206654100566,0.015519066323603834
GS,2022-12-16,320.04,322.54,318.49,321.21,321.21,5008800,Financials,331.726,333.875,343.961,325.01779999999997,335.43205599431053,336.52122872236316,-1.089172728052631,3.1065410244127465,324.44,3163700.0,333.08,1588800.0,352.96,1932300.0,25.10011212558065,-3.5637084183979817,-8.99535358114234,-0.00995561583035387,0.01551901790737939
GS,2022-12-19,321.14,323.12,317.76,319.6,319.6,1646700,Financials,328.282,331.37700000000007,342.4715,325.8616,332.9963550721089,335.2678043725585,-2.2714493004496035,2.0309429594402766,321.21,5008800.0,336.82,1750400.0,344.58,2329600.0,22.977707006369428,-5.112523009322478,-7.249405072842285,-0.005012297251019482,0.01468658735053498
GS,2022-12-20,320.88,322.21,318.56,319.49,319.49,1623000,Financials,323.79400000000004,329.669,340.93,326.7132,330.9184542917845,334.09907812273934,-3.1806238309548576,0.9886296013612498,319.6,1646700.0,341.93,3062600.0,336.57,3081900.0,16.87242798353914,-6.562746761032956,-5.074724425825227,-0.0003441802252815984,0.013693043831977756
GS,2022-12-21,322.99,325.42,321.72,324.75,324.75,1923100,Financials,321.898,328.764,339.483,327.7866,329.96946132381765,333.4065538173512,-3.437092493533555,0.10348518238228877,319.49,1623000.0,334.23,2519700.0,333.8,2128200.0,24.588829180915184,-2.8363701642581507,-2.711204313960458,0.01646373908416532,0.015210305619791115
GS,2022-12-22,321.97,322.79,315.21,320.5,320.5,1528900,Financials,321.11,327.605,337.7135,328.75479999999993,328.5126211201534,332.45051279384376,-3.9378916736903307,-0.7047901888322351,324.75,1923100.0,324.44,3163700.0,332.09,1967800.0,24.098308330673504,-1.214400197262977,-3.490017766268172,-0.013086989992301734,0.01555924842800998
GS,2022-12-23,319.81,322.52,318.21,320.44,320.44,1062000,Financials,320.956,326.341,335.821,329.505,327.2706794093606,331.56084517948494,-4.290165770124361,-1.4218653050906602,320.5,1528900.0,321.21,5008800.0,333.08,1588800.0,27.78800147221203,-0.23971856417919213,-3.7948841119250565,-0.00018720748829959,0.015445892121750465
GS,2022-12-27,321.36,322.51,316.99,317.15,317.15,1035000,Financials,320.466,324.374,334.0635,330.3198,325.7136518079205,330.49337516618976,-4.77972335826928,-2.093436915726384,320.44,1062000.0,319.6,1646700.0,336.82,1750400.0,30.431277710600583,-0.7665832290363106,-5.839914494388698,-0.010267132692547865,0.014601932647121315
GS,2022-12-28,315.79,317.97,314.68,316.13,316.13,1117200,Financials,319.794,321.794,332.193,330.9904,324.2392438374712,329.4294214501757,-5.190177612704531,-2.712785055122014,317.15,1035000.0,319.49,1623000.0,341.93,3062600.0,31.54376436181326,-1.051676108798405,-7.54540403006464,-0.0032161437805454662,0.012685228492162593
GS,2022-12-29,317.59,319.63,316.48,318.51,318.51,1273600,Financials,318.54599999999994,320.22200000000004,330.212,331.57700000000006,323.35782170862944,328.62057541682935,-5.262753708199909,-3.222778785737593,316.13,1117200.0,324.75,1923100.0,334.23,2519700.0,36.01153687680265,-1.921478060046189,-4.703347993896423,0.007528548381994682,0.012350209176600062
GS,2022-12-30,316.94,318.75,314.77,318.46,318.46,1031400,Financials,318.13800000000003,319.624,328.337,332.20120000000003,322.60431067653263,327.867940200768,-5.263629524235341,-3.6309489334371428,318.51,1273600.0,320.5,1528900.0,324.44,3163700.0,34.64285714285714,-0.6365054602184173,-1.8431759339169074,-0.00015698094251359596,0.008856431313482196
GS,2023-01-03,320.43,323.3,317.93,321.09,321.09,1589700,Financials,318.268,319.61199999999997,326.7435,332.8954,322.37133980321994,327.36587055626666,-4.994530753046718,-3.903665297359058,318.46,1031400.0,320.44,1062000.0,321.21,5008800.0,33.082383308238306,0.20284608663088122,-0.037358737274684195,0.00825849400238643,0.008871080373733933
GS,2023-01-04,322.77,324.89,320.04,322.47,322.47,1881000,Financials,319.332,319.899,325.638,333.35400000000004,322.38651829503226,327.0032134780247,-4.61669518299243,-4.046271274485733,321.09,1589700.0,317.15,1035000.0,319.6,1646700.0,27.245088868101078,1.6774396973041394,0.8979974968710946,0.004297860412968424,0.008774854866908514
GS,2023-01-05,319.27,320.09,315.46,318.81,318.81,1397800,Financials,319.86800000000005,319.831,324.75,333.673,321.8362847111812,326.3963087759488,-4.560024064767617,-4.14902183254211,322.47,1881000.0,316.13,1117200.0,319.49,1623000.0,30.0878099173554,0.8477525068800729,-0.21283921249491966,-0.011349893013303691,0.009603358039112138
GS,2023-01-06,322.1,323.67,316.21,322.82,322.82,3097800,Financials,320.73,319.63800000000003,324.20099999999996,334.004,321.9876255248456,326.1313970147674,-4.1437714899217895,-4.147971764018046,318.81,1397800.0,318.51,1273600.0,324.75,1923100.0,47.540983606557376,1.3531757244670484,-0.5943033102386419,0.012578024528716147,0.008908978869795192
GS,2023-01-09,326.34,330.63,324.14,327.38,327.38,1989000,Financials,322.514,320.32599999999996,323.96549999999996,334.3656,322.8172215979463,326.22388612478466,-3.4066645268383695,-3.999710316582111,322.82,3097800.0,318.46,1031400.0,320.5,1528900.0,59.00204260285965,2.8009797148778492,2.14664586583464,0.01412551886500224,0.008813019373418586
GS,2023-01-10,327.05,331.56,325.06,331.43,331.43,1610100,Financials,324.582,321.425,323.883,334.78079999999994,324.14226442903146,326.60952418961546,-2.4672597605839997,-3.693220205382489,327.38,1989000.0,321.09,1589700.0,320.44,1062000.0,66.11277581040582,3.2202809181226533,3.4296592185744545,0.01237094507911296,0.009321297247964468
GS,2023-01-11,332.83,338.98,330.36,338.03,338.03,2127000,Financials,327.694,323.513,323.9435,335.24240000000003,326.27883913225736,327.45548536075506,-1.1766462284977024,-3.1899054100055317,331.43,1610100.0,322.47,1881000.0,317.15,1035000.0,71.45833333333327,4.825255062486411,6.5836355037048655,0.019913707268502945,0.009284284074318394
GS,2023-01-12,339.66,343.24,336.26,343.09,343.09,2103100,Financials,332.54999999999995,326.209,324.00149999999996,335.7556000000001,328.86517157344855,328.61359755625466,0.2515740171938887,-2.5016095245656476,338.03,2127000.0,318.81,1397800.0,316.13,1117200.0,71.32558139534878,7.615821335591733,8.528137158763794,0.014969085584119801,0.008959147199320321
GS,2023-01-13,337.11,347.18,336.06,346.86,346.86,3310200,Financials,337.358,329.044,324.633,336.26919999999996,331.6336067159949,329.96518292245804,1.6684237935368742,-1.6676028609451434,343.09,2103100.0,322.82,3097800.0,318.51,1273600.0,80.99717779868291,7.446874419180971,8.900819440519925,0.010988370398437919,0.008994773646936103
GS,2023-01-17,338.33,340.17,319.04,324.53,324.53,14448300,Financials,336.788,329.65099999999995,324.6375,336.314,330.5407441443034,329.56257678005375,0.9781673642496571,-1.1384488159061834,346.86,3310200.0,327.38,1989000.0,318.46,1031400.0,53.156351288779106,-0.8705479870486976,1.9060478553036386,-0.0643775586692038,0.024865643740293136
GS,2023-01-18,323.04,329.04,322.56,323.76,323.76,5585200,Financials,335.254,329.918,324.765,336.3604,329.4975527374875,329.1327562778275,0.3647964596599991,-0.8377997607929469,324.53,14448300.0,331.43,1610100.0,321.09,1589700.0,55.30753171671753,-2.3142141628699875,0.831542558161269,-0.0023726620035127155,0.024803952504576555
GS,2023-01-19,320.92,326.6,320.44,325.3,325.3,3100400,Financials,332.70799999999997,330.20099999999996,325.05,336.27099999999996,328.85177539325866,328.84884840539587,0.0029269878627928847,-0.669654411061799,323.76,5585200.0,338.03,2127000.0,322.47,1881000.0,57.30211817168338,-3.7659379345028388,0.8776010171488879,0.004756609834445369,0.024810917894726402
GS,2023-01-20,324.48,326.69,313.67,317.03,317.03,11247200,Financials,327.496,330.023,324.927,335.9304,327.03304071737267,327.9733781531443,-0.940337435771653,-0.7237910160037698,325.3,3100400.0,343.09,2103100.0,318.81,1397800.0,48.92253931275479,-7.595674604331226,-0.5583262758382834,-0.025422686750691814,0.02597130537438516
GS,2023-01-23,316.87,324.19,311.76,323.8,323.8,4915700,Financials,322.88399999999996,330.121,324.87949999999995,335.69840000000005,326.5356498377769,327.6642390306892,-1.1285891929123295,-0.8047506513854819,317.03,11247200.0,346.86,3310200.0,322.82,3097800.0,53.54111405835545,-6.6482154183243996,0.3035747475373274,0.02135444595148739,0.026593687879011958
GS,2023-01-24,315.33,324.88,315.33,323.05,323.05,2372000,Financials,322.588,329.688,325.007,335.4886,325.9993960165804,327.32244354693444,-1.3230475303540175,-0.9084100271791891,323.8,4915700.0,324.53,14448300.0,327.38,1989000.0,51.33297062023941,-0.45604412535049654,-1.3226220294458968,-0.0023162445954292288,0.026171560638599607
GS,2023-01-25,319.73,324.56,318.94,324.26,324.26,1985200,Financials,322.688,328.971,325.198,335.0024000000001,325.7317966294142,327.0955958767911,-1.3637992473769032,-0.9994878712187318,323.05,2372000.0,323.76,5585200.0,331.43,1610100.0,51.22017723244714,0.15443538423522973,-2.1633527441692113,0.003745550224423466,0.025821220853854347
GS,2023-01-26,326.2,329.24,324.15,329.21,329.21,1919200,Financials,323.46999999999997,328.089,325.80100000000004,334.4888,326.2669048402735,327.2522184044362,-0.9853135641626523,-0.9966530098075159,324.26,1985200.0,325.3,3100400.0,338.03,2127000.0,56.96677384780276,1.2019674146941162,-2.609235866639059,0.0152655276629865,0.025424174415526704
GS,2023-01-27,326.41,330.16,326.3,328.03,328.03,2427400,Financials,325.66999999999996,326.58299999999997,326.396,334.00340000000006,326.5381502494622,327.30983185595943,-0.771681606497225,-0.9516587291454578,329.21,1919200.0,317.03,11247200.0,343.09,2103100.0,53.6276284640022,3.469703182664108,-4.389518785158419,-0.0035843382643298005,0.02468689103281168
GS,2023-01-30,327.65,336.04,326.83,331.52,331.52,3184500,Financials,327.214,325.049,327.0465,333.5782,327.3045886726219,327.6216961629254,-0.31710749030349916,-0.8247484813770661,328.03,2427400.0,323.8,4915700.0,346.86,3310200.0,52.92620865139947,2.3841877702285297,-4.422533587038002,0.010639270798402656,0.024663267917893437
GS,2023-01-31,333.1,339.36,330.96,339.26,339.26,2311500,Financials,330.456,326.522,328.0865,333.318,329.14388272298777,328.48379274344944,0.660089979538327,-0.5277807891939875,331.52,3184500.0,323.05,2372000.0,324.53,14448300.0,55.259975816203124,5.017799102306131,4.538871598927696,0.023347007722007707,0.014329091194734547
GS,2023-02-01,333.04,342.17,332.72,339.17,339.17,2889400,Financials,333.438,328.063,328.9905,333.10299999999995,330.68636230406656,329.2753636513421,1.4109986527244587,-0.14002490081029834,339.26,2311500.0,324.26,1985200.0,323.76,5585200.0,50.83922261484102,4.598161968790482,4.759698542129986,-0.0002652832635735569,0.014231272983954454
GS,2023-02-02,341.29,345.83,338.09,342.66,342.66,2619600,Financials,336.12800000000004,329.79900000000004,330.0,332.9684,332.52846041113327,330.2668181956871,2.261642215446159,0.34030852244099313,339.17,2889400.0,329.21,1919200.0,325.3,3100400.0,49.675960813865906,4.0855381063758855,5.336612357823545,0.010289825161423405,0.014338635342860614
GS,2023-02-03,339.09,347.39,338.92,343.1,343.1,2243100,Financials,339.142,332.406,331.2145,332.824,334.15485111711274,331.2174242552658,2.937426861846916,0.8597321903221777,342.66,2619600.0,328.03,2427400.0,317.03,11247200.0,47.01682005712473,4.594092003780159,8.223196542913946,0.001284071674546139,0.009723989725769346
GS,2023-02-06,342.22,344.32,339.23,343.89,343.89,1816200,Financials,341.61600000000004,334.415,332.26800000000003,332.62800000000004,335.65256632986467,332.1561335696906,3.4964327601740592,1.3870723042925541,343.1,2243100.0,331.52,3184500.0,323.8,4915700.0,73.33654773384765,3.731298262548255,6.204447189623208,0.002302535703876396,0.008614658065416192
GS,2023-02-07,341.45,349.0,340.68,347.23,347.23,2205500,Financials,343.21000000000004,336.83299999999997,333.2605,332.45480000000003,337.433709971424,333.27271626823205,4.160993703191934,1.9418565840724304,343.89,1816200.0,339.26,2311500.0,323.05,2372000.0,76.64018161180476,2.349230678535652,7.484909456740452,0.00971240803745399,0.008140168791293189
GS,2023-02-08,345.86,350.89,344.98,347.88,347.88,1893200,Financials,344.952,339.195,334.08299999999997,332.24659999999994,339.0408315142818,334.35473728540006,4.686094228881757,2.4907041130342957,347.23,2205500.0,339.17,2889400.0,324.26,1985200.0,76.15848007414269,2.5680337293982225,7.28427804847962,0.0018719580681392234,0.008251201345362452
GS,2023-02-09,349.68,352.13,341.11,341.28,341.28,2052500,Financials,344.676,340.402,334.2455,332.0262,339.38531897362304,334.86771970870376,4.5175992649192835,2.8960831434112935,347.88,1893200.0,342.66,2619600.0,329.21,1919200.0,79.22390937575318,-0.4027315706531365,3.666352783937299,-0.018972059330803814,0.011093831559138503
GS,2023-02-10,340.37,345.22,338.1,344.34,344.34,1933400,Financials,344.924,342.033,334.308,331.8422,340.14757759306565,335.5693701006516,4.5782074924140375,3.2325080132118424,341.28,2052500.0,343.1,2243100.0,328.03,2427400.0,77.18369507676016,0.3614106674438844,4.9721062097978885,0.00896624472573837,0.010890965792971535
GS,2023-02-13,342.3,347.84,341.29,346.88,346.88,1570600,Financials,345.522,343.569,334.309,331.6172,341.18333488644015,336.4071945376404,4.776140348799743,3.5412344803294227,344.34,1933400.0,343.89,1816200.0,331.52,3184500.0,80.11119535001262,0.8694640728139857,4.633204633204646,0.00737643027240531,0.010748446535696314
GS,2023-02-14,346.8,349.69,342.57,344.8,344.8,2155500,Financials,345.03599999999994,344.123,335.3225,331.394,341.7397449039109,337.0288838311485,4.710861072762384,3.775159798816015,346.88,1570600.0,347.23,2205500.0,339.26,2311500.0,75.3956478733927,-0.6998243239351498,1.6329658668867486,-0.005996309963099633,0.008906805288832
GS,2023-02-15,341.98,347.2,341.53,347.17,347.17,1687200,Financials,344.894,344.923,336.49300000000005,331.27819999999997,342.57516876484766,337.7800776214338,4.795091143413856,3.9791460677355834,344.8,2155500.0,347.88,1893200.0,339.17,2889400.0,73.71896460644484,-0.204093365528335,2.358699177403656,0.006873549883990693,0.0090209743585691
GS,2023-02-16,343.84,347.09,342.04,343.33,343.33,1947800,Financials,345.304,344.98999999999995,337.3945,331.2532,342.6912966471788,338.19118298280904,4.500113664369735,4.083339587062414,347.17,1687200.0,341.28,2052500.0,342.66,2619600.0,68.87956564659427,0.6006797937177621,0.1955290958967959,-0.011060863553878586,0.009454675707025123
GS,2023-02-17,341.34,344.13,340.24,341.76,341.76,1857300,Financials,344.78799999999995,344.856,338.631,331.35699999999997,342.54802023992045,338.45553979889723,4.092480441023213,4.085167757854574,343.33,1947800.0,344.34,1933400.0,343.1,2243100.0,63.26424870466322,-0.7492594528663465,-0.39055668901195606,-0.0045728599306789075,0.00956330931899053
GS,2023-02-21,340.11,340.11,333.96,334.91,334.91,2403000,Financials,342.394,343.95799999999997,339.1865,331.37919999999997,341.37294020300965,338.19290722120115,3.1800329818084947,3.904140802645358,341.76,1857300.0,346.88,1570600.0,343.89,1816200.0,44.2322991249006,-3.450761070110697,-2.6113001250399726,-0.020043305243445553,0.011323393935147563
GS,2023-02-22,335.39,336.66,332.06,334.7,334.7,2203800,Financials,340.374,342.70500000000004,339.769,331.4314,340.3463340179312,337.934173352964,2.412160664967189,3.6057447751097245,334.91,2403000.0,344.8,2155500.0,347.23,2205500.0,44.09199048374303,-2.929234338747111,-3.6085591682746387,-0.0006270341285720127,0.010519299563988534
GS,2023-02-23,336.84,341.18,333.51,337.16,337.16,1931400,Financials,338.372,341.633,340.414,331.513,339.8561287844033,337.8768271786704,1.9793016057329282,3.2804561412343656,334.7,2203800.0,347.17,1687200.0,347.88,1893200.0,42.52717391304349,-2.8833136503730095,-3.081522364033562,0.007349865551240065,0.010969955501369763
GS,2023-02-24,334.03,338.68,333.44,337.44,337.44,2428600,Financials,337.194,341.249,340.8255,331.5254,339.48441666372594,337.84446960988,1.6399470538459582,2.9523543237566843,337.16,1931400.0,343.33,1947800.0,341.28,2052500.0,42.27620087336242,-1.7155506364139428,-1.1251758087201025,0.0008304662474789559,0.009464604081528601
GS,2023-02-27,341.5,343.43,338.06,339.0,339.0,2842400,Financials,336.642,340.71500000000003,341.37399999999997,331.4668,339.4098910231527,337.93006445359254,1.4798265695601458,2.6578487729173768,337.44,2428600.0,341.76,1857300.0,344.34,1933400.0,43.46431435445071,-0.8075842696629199,-1.5507928210489519,0.004623044096728313,0.00904206057284095
GS,2023-02-28,339.44,339.45,325.83,326.13,326.13,4945600,Financials,334.886,338.64,341.10450000000003,331.30479999999994,337.3668308657446,337.05598560517825,0.31084526056633877,2.188448070447169,339.0,2842400.0,334.91,2403000.0,346.88,1570600.0,27.52449936088624,-2.6215998327909107,-5.9818957564575665,-0.037964601769911566,0.014058943317256184
GS,2023-03-01,326.35,329.3,323.15,323.4,323.4,2717400,Financials,332.626,336.5,340.3115,331.284,335.21808765563003,336.0444311159058,-0.8263434602757798,1.5854897643025794,326.13,4945600.0,334.7,2203800.0,344.8,2155500.0,25.03059975520199,-3.376157753211839,-6.206496519721583,-0.00837089504185451,0.014077811440734446
GS,2023-03-02,321.31,326.72,318.04,326.08,326.08,3259800,Financials,330.40999999999997,334.39099999999996,339.65700000000004,331.3814,333.81222801630236,335.30632510732016,-1.4940970910178066,0.9695723932385023,323.4,2717400.0,337.16,1931400.0,347.17,1687200.0,33.148558758314906,-3.28627357930954,-6.074833654981715,0.008286951144093946,0.014230988756185671
GS,2023-03-03,327.52,334.18,326.51,333.55,333.55,2396200,Financials,329.632,333.413,339.2015,331.6604,333.7718852445635,335.17622695122236,-1.4043417066588404,0.49478957325903383,326.08,3259800.0,337.44,2428600.0,343.33,1947800.0,39.10321147242988,-1.1527975343764818,-2.848571345352857,0.022908488714425967,0.016759446242108417
GS,2023-03-06,334.45,335.2,330.41,333.51,333.51,1614200,Financials,328.534,332.588,338.722,331.9408,333.7315952069384,335.0528027326133,-1.3212075256749358,0.1315901534722399,333.55,2396200.0,339.0,2842400.0,341.76,1857300.0,35.77962135715808,-1.61946902654867,-2.4139747191011196,-0.00011992205066713169,0.016765023483603824
GS,2023-03-07,332.11,332.72,322.84,323.26,323.26,2048500,Financials,327.96,331.423,337.6905,331.911,332.1205805597171,334.1792617894568,-2.0586812297397046,-0.30646412317014904,333.51,1614200.0,326.13,4945600.0,334.91,2403000.0,30.48205871692646,-0.8800171710667493,-3.4785464751724393,-0.030733711133099417,0.018292515981356942
GS,2023-03-08,323.37,326.63,322.41,326.26,326.26,1584600,Financials,328.53200000000004,330.579,336.642,332.0262,331.2189527812991,333.5926498050526,-2.3736970237534933,-0.7199107032868179,323.26,2048500.0,323.4,2717400.0,334.7,2203800.0,31.266798064862954,0.8843537414966018,-2.521661189124591,0.009280455361009743,0.01872156248872468
GS,2023-03-09,326.18,330.93,318.56,319.54,319.54,3177800,Financials,327.224,328.817,335.225,332.0082,329.4221908149454,332.5517127824561,-3.1295219675106978,-1.201832956131594,326.26,1584600.0,326.08,3259800.0,337.16,1931400.0,29.73249275856199,-2.0056427870461135,-5.2260054573496255,-0.020597069821614578,0.019186066425441045
GS,2023-03-10,316.53,317.52,304.53,306.07,306.07,4559700,Financials,321.72799999999995,325.67999999999995,333.4645,331.78659999999996,325.8295460741845,330.59010442820005,-4.760558354015529,-1.913578035708381,319.54,3177800.0,333.55,2396200.0,337.44,2428600.0,24.72021532795017,-8.238644880827472,-9.29646752015173,-0.042154346873630955,0.02225774584816339
GS,2023-03-13,298.59,304.61,293.8,294.71,294.71,5660700,Financials,313.96799999999996,321.251,330.983,331.3582,321.041923601233,327.93231891500005,-6.890395313767044,-2.908941491320114,306.07,4559700.0,333.51,1614200.0,339.0,2842400.0,23.23568575233024,-11.633834067943994,-13.064896755162248,-0.037115692488646435,0.02321144678740864
GS,2023-03-14,303.36,304.86,297.92,300.91,300.91,3785900,Financials,309.498,318.729,328.68449999999996,331.00620000000004,317.9447045856587,325.9306656620371,-7.9859610763783735,-3.924345408331766,294.71,5660700.0,323.26,2048500.0,326.13,4945600.0,29.165125169564732,-6.913939243952227,-7.733112562475075,0.021037630212751735,0.02383693433152279
GS,2023-03-15,290.28,291.91,284.34,291.61,291.61,6596700,Financials,302.568,315.55,326.025,330.4692,313.8932115724804,323.3883941315158,-9.495182559035356,-5.038512838472484,300.91,3785900.0,326.26,1584600.0,323.4,2717400.0,24.098714886841833,-10.620364126770054,-9.829931972789108,-0.03090625103851652,0.024941008429227633
GS,2023-03-16,288.63,297.33,284.82,294.32,294.32,4399100,Financials,297.524,312.374,323.3825,329.93379999999996,310.88194825363723,321.2351797514035,-10.353231497766274,-6.1014565703312424,291.61,6596700.0,319.54,3177800.0,326.08,3259800.0,26.139884904825166,-7.892595606183894,-9.739941118743866,0.009293234114056359,0.02502492754850414
GS,2023-03-17,289.65,289.93,281.97,283.53,283.53,6369800,Financials,293.01599999999996,307.372,320.3925,329.155,306.6739562146161,318.4422034735218,-11.76824725890566,-7.234814708046127,294.32,4399100.0,306.07,4559700.0,333.55,2396200.0,22.150818355256575,-7.364328421602906,-14.996252435916668,-0.03666077738515905,0.023380520218135598
GS,2023-03-20,286.55,291.62,286.07,289.12,289.12,3963700,Financials,291.898,302.933,317.7605,328.56120000000004,303.97334756621365,316.2701884014091,-12.29684083519544,-8.24721993347599,283.53,6369800.0,294.71,5660700.0,333.51,1614200.0,29.953417831220918,-1.896779885310973,-13.30994572876375,0.01971572673085742,0.025600952249656344
GS,2023-03-21,296.68,299.2,294.56,296.36,296.36,3242400,Financials,290.988,300.24300000000005,315.83299999999997,328.03200000000004,302.8020633252577,314.79535963093434,-11.993296305676665,-8.996435207916125,289.12,3963700.0,300.91,3785900.0,323.26,2048500.0,36.0359429869862,-1.5120800239274201,-8.321474973705367,0.02504150525733273,0.02752550831636597
GS,2023-03-22,296.36,300.98,292.82,292.99,292.99,2505900,Financials,291.264,296.916,313.7475,327.3442,301.2925151213719,313.1801478064207,-11.8876326850488,-9.57467470334266,296.36,3242400.0,291.61,6596700.0,326.26,1584600.0,33.03250948620658,0.47323479990397654,-10.197388585790467,-0.011371305169388557,0.0268252007616408
GS,2023-03-23,294.43,300.17,292.03,294.09,294.09,2585900,Financials,291.21799999999996,294.371,311.594,326.5974,300.1844358719301,311.7660627837228,-11.581626911792739,-9.976065145032676,292.99,2505900.0,294.32,4399100.0,319.54,3177800.0,28.35198595567259,-0.07814623539005305,-7.964574075233166,0.0037543943479299013,0.02689901531305967
GS,2023-03-24,289.7,292.13,285.23,291.96,291.96,2456700,Financials,292.904,292.96000000000004,309.32000000000005,325.67600000000004,298.9191380454793,310.29894702196555,-11.379808976486231,-10.256813911323388,294.09,2585900.0,283.53,6369800.0,306.07,4559700.0,27.716400300332523,2.973230345995126,-4.610056523017613,-0.007242680811996305,0.02408262924333652
GS,2023-03-27,297.61,299.74,296.26,297.53,297.53,2300600,Financials,294.58599999999996,293.242,307.2465,324.7648,298.70542450002097,309.3530990944125,-10.64767459439156,-10.334986047937022,291.96,2456700.0,289.12,3963700.0,294.71,5660700.0,35.47148503670243,2.9088267847260596,0.9568728580638508,0.01907795588436767,0.022085659904183295
GS,2023-03-28,298.05,299.47,295.28,297.44,297.44,1224300,Financials,294.80199999999996,292.895,305.812,323.77639999999997,298.51074380771007,308.47064730964127,-9.959903501931194,-10.259969538735858,297.53,2300600.0,296.36,3242400.0,300.91,3785900.0,33.173750583839336,0.3644216493453811,-1.1531687215446618,-0.00030249050515906983,0.020955140129852994
GS,2023-03-29,301.24,301.43,297.67,299.57,299.57,1475900,Financials,296.11800000000005,293.691,304.6205,323.2772,298.6737062988316,307.8113401015197,-9.137633802688129,-10.035502391526313,297.44,1224300.0,292.99,2505900.0,291.61,6596700.0,37.68044417026526,2.245810437216278,2.7296731936490515,0.007161108122646587,0.018185245502069503
GS,2023-03-30,303.16,303.45,298.79,299.97,299.97,1456300,Financials,297.294,294.256,303.31499999999994,322.8014,298.87313609901133,307.23050009399975,-8.357363994988418,-9.699874712218735,299.57,1475900.0,294.09,2585900.0,294.32,4399100.0,45.51338629008535,1.9993879424666128,1.919679260668672,0.0013352471876357797,0.018045379813027486
GS,2023-03-31,302.14,305.75,301.16,305.54,305.54,2281100,Financials,300.01,296.457,301.9145,322.4062,299.8988074683942,307.1052778648146,-7.2064703964204,-9.201193849059068,299.97,1456300.0,291.96,2456700.0,283.53,6369800.0,58.707187650747734,4.651322098917676,7.762846965047809,0.0185685235190185,0.012471903715206666
GS,2023-04-03,304.64,307.29,301.84,304.99,304.99,1808800,Financials,301.502,298.044,300.48850000000004,322.16540000000003,300.682067857872,306.94859061556906,-6.266522757697032,-8.61425963078666,305.54,2281100.0,297.53,2300600.0,289.12,3963700.0,53.60806508666429,2.507310187208023,5.489070282235753,-0.0018000916410290113,0.0119911346411729
GS,2023-04-04,305.27,305.32,299.01,301.38,301.38,1536800,Financials,302.29,298.54599999999994,299.3945,321.717,300.789442033584,306.5361024218232,-5.746660388239206,-8.040739782277171,304.99,1808800.0,297.44,1224300.0,296.36,3242400.0,59.60668633235002,1.3246369015599724,1.6938858145498559,-0.01183645365421826,0.010908878226430984
GS,2023-04-05,298.55,300.96,298.31,300.33,300.33,1329300,Financials,302.442,299.28000000000003,298.098,321.2626,300.71875864380183,306.0763911313178,-5.357632487515957,-7.50411832332493,301.38,1536800.0,299.57,1475900.0,292.99,2505900.0,56.10896523683674,0.2536969656507626,2.505204955800533,-0.003483973720883937,0.010112056648822778
GS,2023-04-06,299.26,301.92,298.88,301.14,301.14,1311000,Financials,302.676,299.985,297.178,320.8002,300.7835650062938,305.71073252899794,-4.92716752270411,-6.988728163200766,300.33,1329300.0,299.97,1456300.0,294.09,2585900.0,72.45600612088752,0.3900390039003776,2.3972253391818965,0.002697033263410198,0.01010327607324393
GS,2023-04-10,301.14,303.56,300.13,303.53,303.53,1114400,Financials,302.274,301.142,297.05100000000004,320.2866,301.206093466864,305.54919678610923,-4.343103319245245,-6.459603194409661,301.14,1311000.0,305.54,2281100.0,291.96,2456700.0,70.0083310191613,-0.6578516724487948,3.962871626250175,0.007936507936507908,0.009619354109907639
GS,2023-04-11,304.55,307.5,302.33,305.79,305.79,1559600,Financials,302.43399999999997,301.96799999999996,297.605,319.8418,301.91130985657725,305.56703406121227,-3.655724204635021,-5.898827396454734,303.53,1114400.0,304.99,1808800.0,297.53,2300600.0,65.19497260715437,0.26230368208794985,2.7761906362383737,0.007445722004414845,0.008180469714381813
GS,2023-04-12,309.85,310.18,305.61,308.47,308.47,1862400,Financials,303.852,303.071,297.983,319.38079999999997,302.9203391094115,305.78206857519655,-2.8617294657850607,-5.291407810320799,305.79,1559600.0,301.38,1536800.0,297.44,1224300.0,75.51087673038893,2.352511779149258,3.7083109198494,0.008764184571110833,0.008303359651243283
GS,2023-04-13,308.32,310.99,305.44,310.23,310.23,1765500,Financials,305.832,304.13700000000006,298.914,318.8002,304.0449023233482,306.1115449770339,-2.066642653685676,-4.646454778993775,308.47,1862400.0,300.33,1329300.0,299.57,1475900.0,76.03225806451614,3.296373988612533,3.5584337550489176,0.005705579148701734,0.008248107425115087
GS,2023-04-14,314.34,317.24,312.28,314.71,314.71,2275700,Financials,308.546,305.611,299.9335,318.311,305.6856865812946,306.74846757132764,-1.0627809900330476,-3.9297200212016294,310.23,1765500.0,301.14,1311000.0,299.97,1456300.0,84.10794602698648,4.506209736335265,4.913824715804904,0.01444089868806997,0.008877260829783387
GS,2023-04-17,313.85,318.0,311.68,317.28,317.28,3012100,Financials,311.296,306.78499999999997,301.621,317.8034,307.46942710724926,307.52858108456263,-0.0591539773133718,-3.155606812423978,314.71,2275700.0,303.53,1114400.0,305.54,2281100.0,82.53706754530475,4.530029980562045,3.8423774301237,0.008166248292078349,0.007609216539886968
GS,2023-04-18,306.37,314.36,304.63,311.89,311.89,7549500,Financials,312.51599999999996,307.475,302.7595,317.1792,308.14951524459553,307.85164915237283,0.297866092222705,-2.4649122314946417,317.28,3012100.0,305.79,1559600.0,304.99,1808800.0,70.26647966339408,1.9948330553647864,2.2623692580084453,-0.01698814926878467,0.009994044376750789
GS,2023-04-19,311.03,314.77,309.8,314.68,314.68,2625400,Financials,313.758,308.805,303.67549999999994,316.595,309.15420520696546,308.3574529188637,0.796752288101743,-1.8125793275753648,311.89,7549500.0,308.47,1862400.0,301.38,1536800.0,70.80694023684934,2.0131617337180163,4.413033379786313,0.008945461540927901,0.008823553003551782
GS,2023-04-20,312.87,316.94,312.28,316.38,316.38,2217900,Financials,314.988,310.41,304.84499999999997,315.978,310.2658659443554,308.95171566561453,1.3141502787408967,-1.1872334063121126,314.68,2625400.0,310.23,1765500.0,300.33,1329300.0,71.81600638128153,1.9824001547239067,5.344121466386986,0.005402313461293939,0.008381893321364098
GS,2023-04-21,316.65,319.79,313.85,319.13,319.13,2278900,Financials,315.87199999999996,312.20899999999995,306.097,315.403,311.62957887599305,309.70566265334674,1.9239162226463122,-0.5650034805204276,316.38,2217900.0,314.71,2275700.0,301.14,1311000.0,69.5314745616556,1.4044676050967597,5.973965597396558,0.008692079145331544,0.008393267732851184
GS,2023-04-24,319.44,322.31,319.01,321.28,321.28,1966300,Financials,316.67199999999997,313.98400000000004,307.563,315.003,313.11425904891723,310.563020975321,2.5512380735962097,0.05824483030289984,319.13,2278900.0,317.28,3012100.0,303.53,1114400.0,72.38252267106344,1.2607160867372569,5.8478568839982925,0.006737066399272962,0.008368688973779483
GS,2023-04-25,318.52,320.82,316.02,317.1,317.1,2138200,Financials,317.714,315.115,308.5415,314.4582,313.7274499644684,311.04724164381577,2.680208320652639,0.5826375283728477,321.28,1966300.0,311.89,7549500.0,305.79,1559600.0,71.26623376623385,1.6704607393632553,3.6986166977337476,-0.013010458167330485,0.010202269857709039
GS,2023-04-26,315.32,318.14,312.58,314.37,314.37,2041900,Financials,317.652,315.705,309.38800000000003,313.808,313.8263038160886,311.29337189242204,2.532931923666581,0.9726964074315944,317.1,2138200.0,314.68,2625400.0,308.47,1862400.0,68.1677018633541,-0.09851277488241994,1.912665737348851,-0.008609271523178919,0.01070805637559846
GS,2023-04-27,317.71,320.72,316.43,319.08,319.08,1768200,Financials,318.192,316.59,310.3635,313.2936,314.6345647674596,311.87015915965003,2.7644056078095787,1.3310382475071911,314.37,2041900.0,316.38,2217900.0,310.23,1765500.0,71.08603667136816,0.8534041342689092,2.8527221738709807,0.014982345643668182,0.011446143882393914
GS,2023-04-28,317.63,321.41,317.3,320.8,320.8,1714100,Financials,318.526,317.19899999999996,311.405,312.76619999999997,315.58309326477354,312.5316288515278,3.0514644132457533,1.6751234806549036,319.08,1768200.0,319.13,2278900.0,314.71,2275700.0,70.62335801289713,0.5232977156644614,1.9351148676559404,0.005390497680832551,0.010767802189220133
GS,2023-05-01,321.37,324.55,317.93,318.12,318.12,1375000,Financials,317.894,317.283,312.034,312.262,315.97338660865455,312.94558226993314,3.0278043387214097,1.9456596522682048,320.8,1714100.0,321.28,1966300.0,317.28,3012100.0,64.57791440056752,-0.9835657370517836,0.2647503782148286,-0.008354114713217009,0.010976938254076817
GS,2023-05-02,316.66,317.48,308.24,311.39,311.39,2397600,Financials,316.752,317.233,312.354,311.6546,315.2682502073231,312.8303539536418,2.437896253681288,2.0441069725508214,318.12,1375000.0,317.1,2138200.0,311.89,7549500.0,53.15062580923604,-1.8006937874487705,-0.16031293084100007,-0.02115553879039367,0.011758299146276614
GS,2023-05-03,310.45,312.75,306.61,306.98,306.98,1825400,Financials,315.274,316.463,312.63399999999996,311.096,313.9931347908119,312.3969944015202,1.5961403892916906,1.9545136558989953,311.39,2397600.0,314.37,2041900.0,314.68,2625400.0,46.68299652990406,-2.350733212456657,-2.4469302148213967,-0.014162304505603851,0.012050558899246652
GS,2023-05-04,304.46,305.42,297.56,300.08,300.08,2965100,Financials,311.474,314.83299999999997,312.62149999999997,310.4036,311.8526525153024,311.48462444585203,0.3680280694503608,1.6372165386092685,306.98,1825400.0,319.08,1768200.0,316.38,2217900.0,35.771250729430065,-5.954619531152061,-5.15203236614199,-0.022477034334484447,0.013211703093197174
GS,2023-05-05,303.63,306.25,301.16,305.46,305.46,2413400,Financials,308.406,313.466,312.8375,309.76959999999997,310.8691675129482,311.0383559683815,-0.16918845543330008,1.2759355398007548,300.08,2965100.0,320.8,1714100.0,319.13,2278900.0,39.099963113242346,-4.7817955112219535,-4.283520822235454,0.017928552386030416,0.0145460543052429
GS,2023-05-08,307.91,308.52,304.2,304.98,304.98,1607300,Financials,305.778,311.836,312.90999999999997,309.1204,309.9631417417254,310.5895888596125,-0.6264471178870963,0.8954590082631847,305.46,2413400.0,318.12,1375000.0,321.28,1966300.0,42.99330764550804,-4.130516786118443,-5.073456175298796,-0.0015714005107050344,0.01407702164754777
GS,2023-05-09,303.61,305.61,301.98,303.36,303.36,1253300,Financials,304.17199999999997,310.462,312.7885,308.4076,308.94727378145996,310.05406375890044,-1.106789977440485,0.4950092111224508,304.98,1607300.0,311.39,2397600.0,317.1,2138200.0,38.24262567511424,-2.5787597546485075,-4.333017975402087,-0.0053118237261460255,0.01380444815020758
GS,2023-05-10,308.17,308.17,298.04,301.28,301.28,1752200,Financials,303.032,309.153,312.429,307.9106,307.7676931996969,309.404133110093,-1.6364399103961205,0.06871938681873652,303.36,1253300.0,306.98,1825400.0,314.37,2041900.0,34.43940643033798,-1.8567984885008992,-4.163883322199968,-0.006856540084388296,0.01375517351602987
GS,2023-05-11,298.58,300.71,297.2,299.57,299.57,1515200,Financials,302.93,307.20199999999994,311.896,307.434,306.50650963051277,308.6756788056417,-2.169169175128957,-0.3788583255708021,301.28,1752200.0,300.08,2965100.0,319.08,1768200.0,29.401853411962918,-0.1699546787523265,-6.114454055409302,-0.005675783324482153,0.012000406377425665
GS,2023-05-12,300.81,301.91,296.4,298.43,298.43,1099100,Financials,301.524,304.96500000000003,311.082,306.881,305.26396968735696,307.91673963485346,-2.6527699474964948,-0.8336406499559408,299.57,1515200.0,305.46,2413400.0,320.8,1714100.0,25.414245749946218,-2.301446997970269,-6.973192019950125,-0.003805454484761439,0.011345943643264503
GS,2023-05-15,299.29,301.94,297.09,300.84,300.84,1178200,Financials,300.696,303.23699999999997,310.26,306.22679999999997,304.5833589662251,307.3925366989384,-2.8091777327132945,-1.2287480665074115,298.43,1099100.0,304.98,1607300.0,318.12,1375000.0,31.81208053691269,-1.3574660633484337,-5.431912485854406,0.008075595617062614,0.01230066325220539
GS,2023-05-16,301.24,301.77,299.37,299.66,299.66,1618900,Financials,299.956,302.06399999999996,309.64849999999996,305.5498,303.82591912526743,306.8197562027207,-2.9938370774532927,-1.5817658686965879,300.84,1178200.0,303.36,1253300.0,311.39,2397600.0,32.954808806488984,-1.2196729957805852,-3.7669803140755853,-0.0039223507512297084,0.01100248501450972
GS,2023-05-17,301.39,308.61,301.39,308.41,308.41,2098100,Financials,301.382,302.207,309.33500000000004,305.25280000000004,304.53116233676474,306.93755203955624,-2.4063897027915004,-1.7466906355155705,299.66,1618900.0,301.28,1752200.0,306.98,1825400.0,38.69463869463872,2.366569304301658,0.46582839272917287,0.0291997597276914,0.014457414299755642
GS,2023-05-18,308.24,308.8,304.19,307.85,307.85,1645400,Financials,303.038,302.98400000000004,308.9085,304.8846,305.0417527464933,307.0051407773669,-1.9633880308736025,-1.790030114587177,308.41,2098100.0,299.57,1515200.0,300.08,2965100.0,35.93308711709753,2.7639616784057353,2.589309517462013,-0.0018157647287700973,0.012080609129590353
GS,2023-05-19,308.24,310.06,303.38,304.65,304.65,1546100,Financials,304.28200000000004,302.90299999999996,308.1845,304.5868,304.9814830931866,306.8306859049693,-1.8492028117826749,-1.8018646540262768,307.85,1645400.0,298.43,1099100.0,305.46,2413400.0,35.53168635875399,2.0842408605032947,-0.26517383618149815,-0.010394672730225873,0.011394604935036232
GS,2023-05-22,304.65,305.76,301.17,303.5,303.5,1498900,Financials,304.814,302.755,307.29550000000006,304.5354,304.75356261731173,306.58396843052714,-1.8304058132154069,-1.807572885864103,304.65,1546100.0,300.84,1178200.0,304.98,1607300.0,40.37100317305345,0.8841909320569163,-0.4852777231293959,-0.003774823568028829,0.011445094759080893
GS,2023-05-23,302.26,305.57,301.53,302.24,302.24,1550900,Financials,305.33000000000004,302.64300000000003,306.5525,304.68600000000004,304.36686067618683,306.26219299122886,-1.895332315042026,-1.8251247716996877,303.5,1498900.0,299.66,1618900.0,303.36,1253300.0,43.733474352194584,0.8609757725422051,-0.3691983122362852,-0.004151565074135055,0.011395860653095061
GS,2023-05-24,299.27,300.68,297.78,298.72,298.72,1439100,Financials,303.392,302.387,305.77000000000004,304.6422,303.4981128798504,305.7035120289156,-2.205399149065215,-1.901179647172793,302.24,1550900.0,308.41,2098100.0,301.28,1752200.0,48.02555168408833,-3.1419214681754792,-0.8497079129049179,-0.011646373742720928,0.01179515908529005
GS,2023-05-25,297.89,303.74,297.78,302.53,302.53,1618500,Financials,302.32800000000003,302.68300000000005,304.9425,304.86060000000003,303.3491724367965,305.46843706381077,-2.1192646270142745,-1.9447966431410895,298.72,1439100.0,307.85,1645400.0,299.57,1515200.0,45.54304837237599,-1.7281143414000444,0.9880829188503526,0.012754418853775817,0.012372852502803943
GS,2023-05-26,303.31,310.92,302.64,310.12,310.12,2718700,Financials,303.422,303.852,304.4085,305.1766,304.3908382157509,305.81299728130625,-1.4221590655553769,-1.8402691276239471,302.53,1618500.0,304.65,1546100.0,298.43,1099100.0,56.42821410705352,1.79550303627114,3.9171665047079696,0.02508842098304309,0.014331253686879845
GS,2023-05-30,310.19,310.61,306.12,309.02,309.02,1998600,Financials,304.526,304.67,303.95349999999996,305.6864,305.1030169517892,306.0505530382465,-0.947536086457319,-1.6617225193906215,310.12,2718700.0,303.5,1498900.0,300.84,1178200.0,57.17181956411553,1.8187808896210855,2.7190533173780063,-0.003547014059073983,0.014429663142300845
GS,2023-05-31,306.89,308.0,302.89,304.85,304.85,2938000,Financials,305.048,305.18899999999996,303.62649999999996,306.00100000000003,305.0640912668986,305.9616231835616,-0.8975319166630129,-1.5088843988450997,309.02,1998600.0,302.24,1550900.0,299.66,1618900.0,54.2960288808665,0.8635521439915417,1.7319628912767726,-0.013494272215390457,0.015219453162492933
GS,2023-06-01,305.42,305.58,295.55,297.79,297.79,3339700,Financials,304.86199999999997,304.127,303.16700000000003,306.0296,303.9450003027603,305.356317762557,-1.4113174597966918,-1.4893710110354181,304.85,2938000.0,298.72,1439100.0,308.41,2098100.0,48.10234541577828,-0.31132833422603534,-3.443468110631953,-0.023158930621617224,0.01368303067913605
GS,2023-06-02,299.52,306.14,298.4,304.61,304.61,3987700,Financials,305.278,303.803,303.3935,306.262,304.0473079484895,305.3010349653306,-1.2537270168410828,-1.4422422121965512,297.79,3339700.0,302.53,1618500.0,307.85,1645400.0,55.87675922403958,0.6875351204839397,-1.0524606139353576,0.02290204506531457,0.01603438551241899
GS,2023-06-05,303.94,304.46,301.48,302.88,302.88,1462900,Financials,303.83,303.62600000000003,303.2645,306.4378,303.86772211026033,305.12169904197276,-1.2539769317124296,-1.404589156099727,304.61,3987700.0,310.12,2718700.0,304.65,1546100.0,51.96531791907516,-2.334580162517741,-0.5809945839487907,-0.00567939332260925,0.015793046170688465
GS,2023-06-06,303.46,308.77,302.5,307.58,307.58,1495600,Financials,303.54200000000003,304.034,303.3945,306.75019999999995,304.4388417856049,305.303795409234,-0.8649536236291056,-1.2966620496056027,302.88,1462900.0,309.02,1998600.0,303.5,1498900.0,57.145434861060956,-0.46598925635881194,1.3443163097199395,0.01551769677760162,0.01650682051887118
GS,2023-06-07,308.37,317.97,307.13,316.0,316.0,3382700,Financials,305.77200000000005,305.40999999999997,304.02650000000006,307.1196,306.21748151089645,306.09610686040185,0.12137465049460161,-1.013054709585562,307.58,1495600.0,304.85,2938000.0,302.24,1550900.0,56.88872753675801,3.657536493357383,4.55267337215457,0.027374991872033405,0.018236335062108564
GS,2023-06-08,315.63,316.55,311.85,315.74,315.74,2009500,Financials,309.36199999999997,307.11199999999997,304.7495,307.48560000000003,307.6824843553739,306.81046931518694,0.872015040186966,-0.6360407596310564,316.0,3382700.0,297.79,3339700.0,298.72,1439100.0,57.200219018068985,6.02773766748379,5.697643277986075,-0.0008227848101265423,0.017469276573703663
GS,2023-06-09,315.49,316.43,312.98,316.26,316.26,1702100,Financials,311.692,308.485,305.584,307.81940000000003,309.00210214685484,307.510434551099,1.491667595755814,-0.21049908855368232,315.74,2009500.0,304.61,3987700.0,302.53,1618500.0,61.139896373057034,3.8245625553986917,4.538392886655873,0.001646924684867157,0.017322950629842654
GS,2023-06-12,318.53,320.09,316.57,319.52,319.52,2290800,Financials,315.02,309.425,306.6385,308.2104,310.62024027810793,308.40003199175834,2.220208286349589,0.2756423864269719,316.26,1702100.0,302.88,1462900.0,310.12,2718700.0,64.7731464404279,5.493924986793441,3.031084741390422,0.010307974451400748,0.01595553406003814
GS,2023-06-13,320.19,324.97,319.48,322.35,322.35,1772400,Financials,317.97400000000005,310.758,307.71400000000006,308.5466,312.4248186968606,309.4333629553318,2.991455741528796,0.8188050574473368,319.52,2290800.0,307.58,1495600.0,309.02,1998600.0,68.02294317978135,4.802002730996824,4.313636657821518,0.008857035553330173,0.015862846297744825
GS,2023-06-14,324.5,327.28,317.39,318.51,318.51,1819400,Financials,318.476,312.124,308.6565,308.817,313.3610004358051,310.105706440122,3.2552939956831324,1.306102845094496,322.35,1772400.0,316.0,3382700.0,304.85,2938000.0,67.63500267332023,0.7943037974683431,4.480892242086254,-0.01191251744997679,0.015671934122852903
GS,2023-06-15,317.48,323.77,315.95,319.76,319.76,3322700,Financials,319.28,314.321,309.224,309.1846,314.3454619072197,310.82083929640925,3.524622610810468,1.7498067982376906,318.51,1819400.0,315.74,2009500.0,297.79,3339700.0,66.08776844070961,1.2731994679166414,7.3776822593102365,0.003924523562839566,0.012348054610245086
GS,2023-06-16,321.3,321.32,317.28,318.41,318.41,4544900,Financials,319.71,315.701,309.752,309.5462,314.9707754599551,311.3829993485271,3.5877761114280133,2.1174006608757554,319.76,3322700.0,316.26,1702100.0,304.61,3987700.0,58.761361234411346,0.6798204009359488,4.530383112832803,-0.004221916437327944,0.01146607105874364
GS,2023-06-20,315.6,315.65,309.87,311.27,311.27,3208100,Financials,318.06000000000006,316.54,310.08299999999997,309.7488,314.4014253891928,311.374629026414,3.026796362778782,2.299279801256361,318.41,4544900.0,319.52,2290800.0,302.88,1462900.0,52.1087160262418,-2.5819979969954887,2.770073956682517,-0.022423918846769975,0.01404932388208653
GS,2023-06-21,309.13,310.59,305.81,305.95,305.95,2158700,Financials,314.78000000000003,316.377,310.2055,309.7972,313.1012060985478,310.9728046540871,2.1284014444606782,2.2651041298972245,311.27,3208100.0,322.35,1772400.0,307.58,1495600.0,51.00917431192657,-5.087637660927569,-0.5299434293517091,-0.01709127124361487,0.014551278525564648
GS,2023-06-22,304.65,305.19,300.25,300.78,300.78,2409100,Financials,311.23400000000004,314.855,310.1325,309.697,311.2056359295404,310.21778208711766,0.9878538424227372,2.009654072402327,305.95,2158700.0,318.51,1819400.0,316.0,3382700.0,52.841665082683846,-5.566544221531511,-4.816455696202537,-0.016898185978101,0.011581545389679168
GS,2023-06-23,297.94,299.02,295.6,296.2,296.2,2612000,Financials,306.522,312.901,310.00649999999996,309.4516,308.89707655576495,309.1794278584423,-0.2823513026773412,1.5512529973863933,300.78,2409100.0,319.76,3322700.0,315.74,2009500.0,41.65177685130037,-7.368026019514639,-6.188636219674426,-0.015227076268368833,0.011914138205810196
GS,2023-06-26,296.59,298.02,293.81,293.99,293.99,2481000,Financials,301.638,310.674,309.5795,309.1268,306.6036801625703,308.0542850541132,-1.4506048915429233,0.95088141960053,296.2,2612000.0,318.41,4544900.0,316.26,1702100.0,41.25860373647986,-7.669357118180963,-7.0416745715550455,-0.007461174881836508,0.011582310117461006
GS,2023-06-27,294.03,297.11,292.29,295.01,295.01,2156800,Financials,298.38599999999997,308.223,308.82399999999996,308.7328,304.82003706063637,307.0880417167715,-2.2680046561351332,0.3071042044533973,293.99,2481000.0,311.27,3208100.0,319.52,2290800.0,36.67585329658682,-5.223760722202586,-7.67088132198297,0.00346950576550209,0.010592353020557945
GS,2023-06-28,293.38,296.38,292.42,295.21,295.21,2423500,Financials,296.238,305.509,308.13349999999997,308.2914,303.34156982053844,306.20818677478843,-2.8666169542499915,-0.3276400272872804,295.01,2156800.0,305.95,2158700.0,322.35,1772400.0,23.311938382541683,-3.5103775126654746,-8.419419885217948,0.000677943120572122,0.009403894810157503
GS,2023-06-29,299.15,306.35,297.65,304.09,304.09,3553600,Financials,296.9,304.06699999999995,308.0955,308.1354,303.456712925071,306.05128405073003,-2.5945711256590585,-0.781026246961636,295.21,2423500.0,300.78,2409100.0,318.51,1819400.0,37.75488753416015,1.100472105858108,-4.5273303820916215,0.030080281833271272,0.01532799805131517
GS,2023-06-30,306.66,306.85,303.48,303.57,303.57,2361800,Financials,298.37399999999997,302.448,308.3845,307.9132,303.4741417058293,305.86748523215743,-2.393343526328124,-1.1034897028349337,304.09,3553600.0,296.2,2612000.0,319.76,3322700.0,36.6617616144629,2.4881836596893914,-5.063172379284464,-0.0017100200598506587,0.015084838869548962
GS,2023-07-03,303.45,310.03,303.45,307.4,307.4,1106800,Financials,301.056,301.347,308.524,307.7336,304.0781199049325,305.9810048445902,-1.9028849396576675,-1.2633687501994806,303.57,2361800.0,293.99,2481000.0,318.41,4544900.0,37.41171582883257,4.561379638763219,-3.4578059734304945,0.012616529960140843,0.016097164880547375
GS,2023-07-05,304.9,305.52,300.83,301.23,301.23,2561000,Financials,302.3,300.34299999999996,308.4415,307.37559999999996,303.639947611866,305.62907855980575,-1.9891309479397705,-1.4085211897475385,307.4,1106800.0,295.01,2156800.0,311.27,3208100.0,29.487179487179446,2.108403104979506,-3.225495550486701,-0.020071567989589978,0.01580271230790926
GS,2023-07-06,299.3,299.9,294.44,294.59,294.59,2896900,Financials,302.176,299.207,307.79200000000003,306.8418,302.2476479792712,304.8113690368572,-2.5637210575859513,-1.6395611633152212,301.23,2561000.0,295.21,2423500.0,305.95,2158700.0,27.96610169491521,-0.21001998577283576,-3.713025004085635,-0.02204295720877747,0.01635559840007257
GS,2023-07-07,294.78,298.7,294.31,296.63,296.63,2903100,Financials,300.684,298.79200000000003,306.8235,306.43240000000003,301.3833944439987,304.20534170079367,-2.8219472567949424,-1.8760383820111657,294.59,2896900.0,304.09,3553600.0,300.78,2409100.0,28.99945523878698,-2.4532210858627335,-1.3797459937495815,0.006924878644896326,0.01594235476880026
GS,2023-07-10,298.04,301.25,297.41,297.86,297.86,1775800,Financials,299.542,298.95799999999997,305.92949999999996,306.1022,300.8413337603066,303.7353163896238,-2.893982629317179,-2.0796272314723687,296.63,2903100.0,303.57,2361800.0,296.2,2612000.0,31.30118289353956,-1.880950028000128,0.5604321404456547,0.0041465799143713955,0.015219150013697396
GS,2023-07-11,300.08,302.16,296.08,302.01,302.01,2041700,Financials,298.464,299.76,305.217,305.76079999999996,301.02112856641327,303.6075151755776,-2.5863866091643217,-2.180979107010759,297.86,1775800.0,307.4,1106800.0,293.99,2481000.0,41.089299461123936,-1.7534157449577092,2.727983945032131,0.013932720069831372,0.015452134434411093
GS,2023-07-12,305.49,313.74,305.18,307.2,307.2,2741300,Financials,299.658,300.979,304.601,305.4888,301.9717241715805,303.87362516257184,-1.9019009909913507,-2.125163483806878,302.01,2041700.0,301.23,2561000.0,295.01,2156800.0,51.205865328960066,1.9818743153072305,4.132063319887469,0.017184861428429565,0.016112505448257798
GS,2023-07-13,308.1,309.91,306.53,309.35,309.35,2787800,Financials,302.61,302.393,303.95099999999996,305.3134,303.1068435297989,304.2792825579369,-1.172439028138001,-1.9346185926731025,307.2,2741300.0,294.59,2896900.0,295.21,2423500.0,58.77893874206111,5.010353372483811,4.789810643270909,0.006998697916666741,0.01608407682341584
GS,2023-07-14,312.46,312.92,305.9,307.0,307.0,1815200,Financials,304.684,302.684,303.3755,305.2256,303.70579067906056,304.4808171832749,-0.7750265042143383,-1.70270017498135,309.35,2787800.0,296.63,2903100.0,304.09,3553600.0,61.592958351223714,3.495937700165186,0.9569535334933876,-0.007596573460481704,0.013749172674529206
GS,2023-07-17,306.72,308.23,305.28,307.95,307.95,1777400,Financials,306.702,303.12199999999996,302.78499999999997,305.245,304.35874595920507,304.7377936882175,-0.3790477290124272,-1.4379696857875655,307.0,1815200.0,297.86,1775800.0,303.57,2361800.0,65.40158870255956,3.387497482038526,1.4428303192014935,0.003094462540716547,0.013726389165326574
GS,2023-07-18,308.05,318.35,308.05,317.43,317.43,3887400,Financials,309.786,304.125,302.736,305.592,306.36970811932736,305.6779571187199,0.6917510006074394,-1.0120255485085645,307.95,1777400.0,302.01,2041700.0,307.4,1106800.0,70.84417999256229,5.105791198966925,3.26284970722186,0.030784218217243087,0.016316398625557494
GS,2023-07-19,318.12,325.54,311.81,320.52,320.52,6037400,Financials,312.45,306.054,303.19849999999997,305.8932,308.54667610096925,306.7773677025184,1.7693083984508462,-0.4557587591166824,317.43,3887400.0,307.2,2741300.0,301.23,2561000.0,72.33103935062643,4.335937500000009,6.403744646947507,0.009734429638030395,0.01414306892728502
GS,2023-07-20,319.21,330.99,319.21,330.22,330.22,3915000,Financials,316.624,309.617,304.412,306.39799999999997,311.8810336238971,308.51385898381335,3.3671746400837606,0.30882792072340626,320.52,6037400.0,309.35,2787800.0,294.59,2896900.0,72.7256914245956,6.746403749797958,12.094775790081158,0.03026332210158511,0.011999411558115415
GS,2023-07-21,331.09,334.19,326.38,331.26,331.26,3217400,Financials,321.476,313.08000000000004,305.93600000000004,306.95599999999996,314.8624130663745,310.19875831834565,4.663654748028819,1.1797932861844886,330.22,3915000.0,307.0,1815200.0,296.63,2903100.0,73.86657472849507,7.902280130293149,11.674476620705931,0.0031494155411542213,0.012218388200429855
GS,2023-07-24,332.08,340.35,331.3,337.82,337.82,3517500,Financials,327.45,317.07599999999996,308.017,307.6868,318.39434951770147,312.2447762206904,6.149573297011045,2.1737492883498,331.26,3217400.0,307.95,1777400.0,297.86,1775800.0,75.04115903852484,9.699626562753693,13.415698650372644,0.01980317575318491,0.01222163890516361
GS,2023-07-25,336.4,339.6,333.16,333.84,333.84,2893000,Financials,330.73199999999997,320.259,310.0095,308.37219999999996,320.7706034380551,313.8444224265652,6.926181011489916,3.1242356329778236,337.82,3517500.0,317.43,3887400.0,302.01,2041700.0,77.84799316823218,5.169643700973436,10.539386113042614,-0.011781422059084723,0.014444561805315606
GS,2023-07-26,333.64,339.07,333.44,336.53,336.53,2281600,Financials,333.934,323.192,312.0855,309.1342,323.1951259860466,315.5248355801529,7.670290405893695,4.033446587560999,333.84,2893000.0,320.52,6037400.0,307.2,2741300.0,88.40659340659334,4.9950081118183,9.547526041666664,0.008057752216630742,0.014238491587236468
GS,2023-07-27,337.07,339.33,333.34,333.66,333.66,2010800,Financials,334.62199999999996,325.623,314.008,309.79060000000004,324.80510660357794,316.8681810927342,7.936925510843764,4.814142372217551,336.53,2281600.0,330.22,3915000.0,309.35,2787800.0,83.40248962655603,1.0417297559202954,7.858412801034431,-0.008528214423676794,0.015317103924731955
GS,2023-07-28,335.16,335.53,330.93,332.45,332.45,1827400,Financials,334.86,328.168,315.42600000000004,310.44640000000004,325.9812440491813,318.0223899006798,7.95885414850153,5.443084727474347,333.66,2010800.0,331.26,3217400.0,307.0,1815200.0,81.21277747698967,0.3592344382056467,8.28990228013029,-0.003626446082838908,0.014923008018584608
GS,2023-07-31,334.01,336.19,333.2,334.94,334.94,1385500,Financials,334.284,330.867,316.9945,310.977,327.3595141954611,319.2755462043332,8.083967991127906,5.97126138020506,332.45,1827400.0,337.82,3517500.0,307.95,1777400.0,80.63255813953486,-0.8525250133207041,8.76440980678681,0.00748984809745834,0.014823756450894982
GS,2023-08-01,333.18,336.82,332.6,336.68,336.68,2024300,Financials,334.852,332.79200000000003,318.4585,311.5536,328.79343508846705,320.5647650040122,8.228670084454848,6.422743121055017,334.94,1385500.0,333.84,2893000.0,317.43,3887400.0,79.30417495029819,0.850706925473288,6.0643291434332,0.005194960291395434,0.012597710870535095
GS,2023-08-02,334.11,334.11,328.35,330.45,330.45,2106600,Financials,333.636,333.78499999999997,319.9195,312.0696,329.0482912287029,321.2970046333446,7.751286595358295,6.688451815915673,336.68,2024300.0,336.53,2281600.0,320.52,6037400.0,69.400514895182,-1.8066739963747636,3.098090602770509,-0.018504217654746413,0.014658012832844868
GS,2023-08-03,329.4,334.32,328.11,332.39,332.39,1840400,Financials,333.382,334.002,321.8095,312.6474,329.56240027044095,322.1187079938376,7.443692276603372,6.839499908053213,330.45,2106600.0,333.66,2010800.0,330.22,3915000.0,73.52232721882524,-0.38062698555416663,0.657137665798535,0.0058707822666062,0.01128704047227112
GS,2023-08-04,332.56,337.63,331.78,332.44,332.44,1725300,Financials,333.38,334.12,323.6,313.2514,330.0051079211424,322.8832481424422,7.121859778700184,6.895971882182608,332.39,1840400.0,332.45,1827400.0,331.26,3217400.0,73.07329941586582,-0.0030079711234698436,0.3562156614139944,0.00015042570474443906,0.011254894737641572
GS,2023-08-07,334.5,336.63,333.1,334.65,334.65,1260300,Financials,333.322,333.803,325.4395,313.97,330.7197067025051,323.7548593911502,6.964847311354902,6.909746968017068,332.44,1725300.0,334.94,1385500.0,337.82,3517500.0,68.79912663755455,-0.08658267152326093,-0.9383695459120323,0.006647816147274721,0.009343046959724498
GS,2023-08-08,331.01,331.3,321.91,327.78,327.78,1917300,Financials,331.542,333.197,326.728,314.475,330.26744413288895,324.0530179547687,6.214426178120277,6.77068281003771,334.65,1260300.0,336.68,2024300.0,333.84,2893000.0,57.32150060508268,-2.6434596649637765,-1.8152408339324189,-0.02052891080233077,0.010774555613703659
GS,2023-08-09,326.42,327.96,322.35,322.53,322.53,1326000,Financials,329.95799999999997,331.79699999999997,327.4945,314.7232,329.0770681124445,323.94020180997103,5.136866302473493,6.443919508524867,327.78,1917300.0,330.45,2106600.0,336.53,2281600.0,41.480168402393026,-2.3967317294598334,-4.160104596915581,-0.016016840563792822,0.011019586962983073
GS,2023-08-10,323.83,326.83,319.81,320.38,320.38,1345900,Financials,327.5559999999999,330.46899999999994,328.046,314.9504,327.7390576336069,323.6764831573806,4.0625744762263025,5.967650502065154,322.53,1326000.0,332.39,1840400.0,333.66,2010800.0,38.235294117647065,-3.613225427961131,-3.9800995024875663,-0.006666046569311357,0.010953575174784829
GS,2023-08-11,319.94,321.69,317.7,320.69,320.69,1256800,Financials,325.20599999999996,329.293,328.7305,315.2672,326.6545872284366,323.45526218275984,3.199325045676744,5.413985410787472,320.38,1345900.0,332.44,1725300.0,332.45,1827400.0,28.582145536384118,-3.5344723859944693,-3.537374041209207,0.0009676009738435187,0.011066685865584
GS,2023-08-14,317.56,318.54,315.16,317.87,317.87,1347000,Financials,321.85,327.586,329.2265,315.66880000000003,325.3031122702156,323.04153905811097,2.261573212104622,4.783502971050902,320.69,1256800.0,334.65,1260300.0,334.94,1385500.0,29.436003090394053,-5.014193933960842,-5.096435182420733,-0.008793538931678557,0.010443970731111953
GS,2023-08-15,313.7,314.38,311.04,312.67,312.67,1657800,Financials,318.828,325.18500000000006,328.9885,315.83,323.35955653633624,322.2732769056583,1.08627963067795,4.044058302976312,317.87,1347000.0,327.78,1917300.0,336.68,2024300.0,21.14175133043061,-4.609799255598257,-7.131400736604487,-0.016358888853933995,0.010290695270278916
GS,2023-08-16,311.1,313.34,309.62,309.75,309.75,3340300,Financials,316.27200000000005,323.11499999999995,328.45,315.9674,321.2657786076691,321.34562676449843,-0.07984815682931412,3.219277011015187,312.67,1657800.0,322.53,1326000.0,330.45,2106600.0,21.116211645324952,-3.9624221002697357,-6.264185201997274,-0.009338919627722597,0.009566916664814738
GS,2023-08-17,310.59,314.35,304.94,308.26,308.26,3135200,Financials,313.84799999999996,320.702,327.352,315.981,319.26488959110463,320.3763210782393,-1.1114314871346664,2.3531353113852163,309.75,3340300.0,320.38,1345900.0,332.39,1840400.0,20.97432205423567,-3.783007678381922,-7.259544510966032,-0.004810330912025873,0.008590287025780746
GS,2023-08-18,305.24,308.35,304.19,305.82,305.82,1730500,Financials,310.874,318.04,326.08,315.7774,317.19644503862696,319.2980750724438,-2.101630033816832,1.4621822423448065,308.26,3135200.0,320.69,1256800.0,332.44,1725300.0,15.016818837097546,-4.636876734541151,-8.007459992780653,-0.007915396094206217,0.008162803043468083
GS,2023-08-21,306.25,307.19,300.6,303.12,303.12,1983500,Financials,307.924,314.887,324.34499999999997,315.525,315.03083810960743,318.09969914115163,-3.068861031544202,0.5559735875670049,305.82,1730500.0,317.87,1347000.0,334.65,1260300.0,10.591827148896172,-4.6402617422216625,-9.421783953384121,-0.008828722778104758,0.00626409175554846
GS,2023-08-22,303.51,303.66,299.59,300.04,300.04,1810300,Financials,305.39799999999997,312.113,322.65500000000003,315.20059999999995,312.724555323514,316.76194364921446,-4.037388325700476,-0.3626987950864914,303.12,1983500.0,312.67,1657800.0,327.78,1917300.0,11.437991377124021,-4.039402565004635,-8.462993471230684,-0.01016099234626544,0.0050334696671944295
GS,2023-08-23,301.76,303.48,299.3,303.37,303.37,1429000,Financials,304.12199999999996,310.197,320.997,314.87760000000003,311.28539296605027,315.76994782334674,-4.484554857296473,-1.187070007528488,300.04,1810300.0,309.75,3340300.0,322.53,1326000.0,14.45369916707493,-2.059725585149308,-5.9405326636281846,0.01109852019730706,0.007438218143331714
GS,2023-08-24,303.2,308.23,300.72,301.14,301.14,1185600,Financials,302.698,308.273,319.371,314.4534,309.7245632789656,314.68624798458035,-4.9616847056147435,-1.9419929471457391,303.37,1429000.0,308.26,3135200.0,320.38,1345900.0,13.604651162790631,-2.3097385324077124,-6.0053686247581,-0.00735075979826616,0.007447351351924177
GS,2023-08-25,301.93,303.74,299.47,301.32,301.32,1159600,Financials,301.798,306.336,317.8145,314.1096,308.4315535437401,313.6961555412781,-5.264601997537966,-2.6065147572241845,301.14,1185600.0,305.82,1730500.0,320.69,1256800.0,9.323895533317057,-1.4714537963507968,-6.040101032149425,0.0005977286312015551,0.007408898036445743
GS,2023-08-28,302.44,307.39,302.44,306.8,306.8,1440100,Financials,302.534,305.229,316.40749999999997,313.8504,308.18054530624164,313.1853292048871,-5.004783898645485,-3.086168585508445,301.32,1159600.0,303.12,1983500.0,317.87,1347000.0,23.49671551288533,1.214040643969394,-3.4825557617894076,0.01818664542678894,0.010585453854060315
GS,2023-08-29,306.41,313.13,305.58,312.99,312.99,1831700,Financials,305.124,305.26099999999997,315.223,313.742,308.92046141297374,313.1708603748955,-4.250398961921746,-3.3190146607911055,306.8,1440100.0,300.04,1810300.0,312.67,1657800.0,38.22803553800596,4.31609118784162,0.10234432468736454,0.02017601043024775,0.011875840922617035
GS,2023-08-30,313.18,314.99,310.95,311.83,311.83,1131500,Financials,306.816,305.46899999999994,314.29200000000003,313.7532,309.3680827340547,313.07153738416247,-3.7034546501077443,-3.3959026586544336,312.99,1831700.0,303.37,1429000.0,309.75,3340300.0,39.185428788262065,2.788673896561944,0.6715092816787616,-0.0037061886961246016,0.011502680675778084
GS,2023-08-31,312.62,313.64,309.35,311.01,311.01,1271100,Financials,308.79,305.744,313.22299999999996,313.8544,309.62068539035397,312.9188309112615,-3.2981455209075534,-3.376351231105058,311.83,1131500.0,301.14,1185600.0,308.26,3135200.0,37.912087912087905,3.2775453277545274,0.8921040679945591,-0.002629637943751373,0.011406271202062918
GS,2023-09-01,312.87,314.72,309.58,310.71,310.71,1201400,Financials,310.668,306.233,312.13649999999996,314.053,309.7882722533765,312.75521380672365,-2.9669415533471692,-3.2944692955534802,311.01,1271100.0,301.32,1159600.0,305.82,1730500.0,40.45842217484006,3.1162883313420986,1.5989797920345161,-0.0009645992090286937,0.01101116542707453
GS,2023-09-05,310.66,311.74,306.19,307.25,307.25,1846000,Financials,310.758,306.646,310.7665,314.274,309.3977688297801,312.3474201914108,-2.9496513616306856,-3.2255057087689214,310.71,1201400.0,306.8,1440100.0,303.12,1983500.0,42.425936277249846,0.14667535853976066,1.362496700976501,-0.0111357857809532,0.011275905854423894
GS,2023-09-06,305.88,307.62,303.03,304.76,304.76,2120800,Financials,309.11199999999997,307.118,309.6155,314.4894,308.6842659328908,311.7853890661211,-3.101123133230317,-3.2006291936612006,307.25,1846000.0,312.99,1831700.0,300.04,1810300.0,42.94200848656293,-2.6294769800952134,1.5731235835221957,-0.00810414971521567,0.011058019189505748
GS,2023-09-07,304.28,307.69,303.81,305.55,305.55,1471100,Financials,307.856,307.336,308.7665,314.7002,308.2020711739845,311.3235083945566,-3.1214372205720906,-3.1847907990433786,304.76,2120800.0,311.83,1131500.0,303.37,1429000.0,46.08946608946613,-2.0139178398486224,0.7185944556152624,0.0025922037012731103,0.010563723984335163
GS,2023-09-08,305.51,309.35,305.26,308.93,308.93,2026400,Financials,307.44,308.115,308.194,314.9746,308.3140602241407,311.1462114764413,-2.832151252300605,-3.114262889694824,305.55,1471100.0,311.01,1271100.0,301.14,1185600.0,54.36920483281822,-0.6687887849265217,2.5868366872551007,0.01106201930944195,0.010596373372402611
GS,2023-09-11,311.53,313.32,307.76,308.1,308.1,1283100,Financials,306.918,308.793,307.5645,315.0548,308.2811278819652,310.9205661818901,-2.6394382999249046,-3.0192979717408406,308.93,2026400.0,310.71,1201400.0,301.32,1159600.0,57.3843416370107,-0.8400115863666957,2.250099561927521,-0.002686692778299249,0.010715814981481218
GS,2023-09-12,307.49,318.19,307.49,314.03,314.03,2054700,Financials,308.274,309.51599999999996,307.37250000000006,315.264,309.1655697462782,311.1508946128612,-1.985324866582971,-2.812503350709267,308.1,1283100.0,307.25,1846000.0,306.8,1440100.0,69.12770030079294,2.20667209113099,2.356584093872227,0.019246997728010307,0.010894471497026112
GS,2023-09-13,316.5,319.83,313.96,317.91,317.91,2165000,Financials,310.904,310.008,307.6345,315.4742,310.51086670838924,311.65156908598254,-1.1407023775932998,-2.4781431560860736,314.03,2054700.0,304.76,2120800.0,312.99,1831700.0,69.58512931034483,4.314870717941988,1.5719352055976188,0.012355507435595436,0.009689517815074999
GS,2023-09-14,321.72,327.53,319.68,327.01,327.01,2822700,Financials,315.196,311.526,308.4975,315.9898,313.04919490709864,312.789230635169,0.25996427192961846,-1.9305216704829353,317.91,2165000.0,305.55,1471100.0,311.83,1131500.0,79.404410093203,7.023400425462278,4.868037071481268,0.02862445346167153,0.012659767100556569
GS,2023-09-15,327.56,328.54,324.44,325.08,325.08,3063900,Financials,318.42600000000004,312.933,309.3385,316.5996,314.90008799831423,313.6996579955269,1.200430002787357,-1.3043313358288768,327.01,2822700.0,308.93,2026400.0,311.01,1271100.0,75.9728902492348,5.227721490305237,4.52397029034437,-0.005901960184703903,0.012913923425024783
GS,2023-09-18,325.08,326.71,321.98,325.82,325.82,1356600,Financials,321.97,314.444,310.3385,317.1834,316.58007446011203,314.5974611069694,1.9826133531426535,-0.6469423980345708,325.08,3063900.0,308.1,1283100.0,310.71,1201400.0,73.19512195121949,5.75137942226549,4.863055582375853,0.002276362741479021,0.012801475877292166
GS,2023-09-19,325.95,327.39,320.74,324.46,324.46,1660200,Financials,324.05600000000004,316.16499999999996,311.4055,317.7154,317.7923706970179,315.32801954349014,2.46435115352773,-0.02468368772211066,325.82,1356600.0,314.03,2054700.0,307.25,1846000.0,65.8556815040088,3.3213387255994764,5.60130187144019,-0.004174083849978527,0.012000835277569245
GS,2023-09-20,325.15,326.28,319.15,319.54,319.54,1224400,Financials,324.382,317.64300000000003,312.3805,318.06600000000003,318.0612367436305,315.64001809582425,2.4212186478062563,0.46449677938356276,324.46,1660200.0,317.91,2165000.0,304.76,2120800.0,59.65439519158534,0.5127237268409246,4.8497178107363315,-0.015163656537015235,0.013053398683855535
GS,2023-09-21,317.45,317.63,313.26,313.41,313.41,1685100,Financials,321.662,318.429,312.8825,318.1902,317.34566185999506,315.47483157020764,1.8708302897874205,0.7457634814643344,319.54,1224400.0,327.01,2822700.0,305.55,1471100.0,52.65251989389923,-4.15889422341823,2.572410407461967,-0.019183826750954536,0.015119735800371419
GS,2023-09-22,313.27,314.64,310.17,311.18,311.18,1669100,Financials,318.882,318.654,313.3845,318.2268,316.3970984969189,315.15669589834044,1.2404025985784415,0.8446913048871558,313.41,1685100.0,325.08,3063900.0,308.93,2026400.0,50.498198007207996,-4.27587055494032,0.7283203314666808,-0.007115280303755522,0.015088081194303127
GS,2023-09-25,310.4,312.51,308.7,312.08,312.08,833300,Financials,316.134,319.05199999999996,313.9225,318.3284,315.7329294973929,314.9287924984634,0.8041369989294935,0.8365804436956235,311.18,1669100.0,325.82,1356600.0,308.1,1283100.0,55.413584398116996,-4.217052360198881,1.291788380395964,0.0028922167234397556,0.015046777730710684
GS,2023-09-26,309.01,310.74,305.99,307.31,307.31,1481800,Financials,312.704,318.38,313.948,318.3156,314.4370941901017,314.3644374985772,0.07265669152445753,0.6837956932613903,312.08,833300.0,324.46,1660200.0,314.03,2054700.0,52.71912987843891,-5.285705479874247,-2.139922937298977,-0.015284542425019199,0.014442514857349504
GS,2023-09-27,308.42,308.43,302.72,305.54,305.54,1493000,Financials,309.904,317.14300000000003,313.5755,318.07779999999997,313.06831046854757,313.71077546164554,-0.642464993097974,0.4185435559895174,307.31,1481800.0,319.54,1224400.0,317.91,2165000.0,49.98955504491332,-4.38129811604181,-3.89103834418546,-0.005759656373043431,0.013540350263643466
GS,2023-09-28,303.89,310.18,303.89,308.62,308.62,1389600,Financials,308.946,315.304,313.41499999999996,317.83979999999997,312.38395501184795,313.33368098300514,-0.9497259711571928,0.1448896505601754,305.54,1493000.0,313.41,1685100.0,327.01,2822700.0,49.674164389321,-1.5283494464120584,-5.623681232989808,0.01008051318976233,0.009153479090423494
GS,2023-09-29,310.52,311.24,305.84,307.08,307.08,1403900,Financials,308.12600000000003,313.504,313.21850000000006,317.377,311.5679619331021,312.8704453546344,-1.3024834215323153,-0.14458496385832276,308.62,1389600.0,311.18,1669100.0,325.08,3063900.0,48.94366197183094,-1.3175653962336997,-5.537098560354369,-0.004989955284816383,0.009156155923238088
GS,2023-10-02,305.62,307.09,300.94,302.27,302.27,1303800,Financials,306.16400000000004,311.149,312.79650000000004,316.79720000000003,310.1375062510864,312.08522718021703,-1.9477209291306394,-0.5052121569127861,307.08,1403900.0,312.08,833300.0,325.82,1356600.0,37.531806615776084,-3.1434247628813083,-7.227917254926042,-0.015663670704702315,0.009189721358251234
GS,2023-10-03,299.2,299.59,288.87,290.52,290.52,3118600,Financials,302.806,307.755,311.96000000000004,315.8512,307.11942836630385,310.4878029446454,-3.368374578341559,-1.0778446411985407,302.27,1303800.0,307.31,1481800.0,324.46,1660200.0,25.113574413955945,-5.463538446519811,-10.460457375331323,-0.03887253118073242,0.013405067448548079
GS,2023-10-04,289.31,293.31,288.01,292.87,292.87,1872000,Financials,300.272,305.08799999999997,311.3655,315.0318,304.92720861764167,309.1827805043013,-4.255571886659652,-1.7133900902907633,290.52,3118600.0,305.54,1493000.0,319.54,1224400.0,14.643744821872417,-4.146756562152265,-8.346372911059651,0.00808894396255,0.01455211411031074
GS,2023-10-05,291.69,294.72,288.7,294.67,294.67,1584600,Financials,297.48199999999997,303.214,310.8215,314.1946,303.34917652261987,308.1077597262049,-4.758583203585033,-2.3224287129496175,292.87,1872000.0,308.62,1389600.0,313.41,1685100.0,18.42159916926275,-4.520121832674484,-5.979388022079702,0.006146071635879435,0.014705144051617474
GS,2023-10-06,292.41,299.25,291.51,296.55,296.55,1595100,Financials,295.376,301.75100000000003,310.2025,313.45239999999995,302.30314936529373,307.2516293761156,-4.948480010821868,-2.847638972524068,294.67,1584600.0,307.08,1403900.0,311.18,1669100.0,20.308378981537842,-3.429073856975373,-4.701458962658267,0.006380018325584436,0.015206979044689404
GS,2023-10-09,293.16,297.5,292.65,296.68,296.68,1094400,Financials,294.258,300.211,309.6315,312.73699999999997,301.43804946294085,306.4685457186256,-5.030496255684739,-3.284210429156202,296.55,1595100.0,302.27,1303800.0,312.08,833300.0,21.09862671660423,-1.8493399940450517,-4.934632145603679,0.0004383746417129242,0.01509023765849804
GS,2023-10-10,298.44,300.7,296.37,298.73,298.73,1193800,Financials,295.9,299.35299999999995,308.86650000000003,312.0128,301.0214264686423,305.8953201098385,-4.873893641196219,-3.6021470715642057,296.68,1094400.0,290.52,3118600.0,307.31,1481800.0,26.974994467802617,2.8259672311717,-2.791969021509222,0.006909801806660454,0.015032367054269196
GS,2023-10-11,299.35,300.49,295.72,297.07,297.07,1672500,Financials,296.74,298.506,307.8245,311.2206,300.41351470423575,305.2415926942949,-4.828077990059171,-3.847333255263199,298.73,1193800.0,292.87,1872000.0,305.54,1493000.0,29.936149312377182,1.4340833817051868,-2.7721411271846685,-0.005556857362836065,0.015027953126449405
GS,2023-10-12,298.14,298.23,292.32,294.06,294.06,1727700,Financials,296.61800000000005,297.05,306.177,310.4928,299.4360509035841,304.4133265687916,-4.9772756652075145,-4.073321737252062,297.07,1672500.0,294.67,1584600.0,308.62,1389600.0,29.373493975903614,-0.2070112329046081,-4.7177759056444835,-0.0101322920523782,0.014466195224924523
GS,2023-10-13,296.1,300.06,292.46,293.53,293.53,1785200,Financials,296.014,295.695,304.59950000000003,309.7156,298.52742768764807,303.6071542303626,-5.079726542714525,-4.274602698344555,294.06,1727700.0,296.55,1595100.0,307.08,1403900.0,27.449550206661826,-1.0183780138256715,-4.412530936563764,-0.0018023532612393423,0.014494804268119419
GS,2023-10-16,297.22,299.8,294.44,298.37,298.37,2273900,Financials,296.352,295.305,303.227,309.0342,298.5032080433945,303.21921687996536,-4.716008836570836,-4.362883925989812,293.53,1785200.0,296.68,1094400.0,302.27,1303800.0,39.15048543689323,0.5696373196710347,-1.290237205147704,0.01648894491193409,0.015265820795371142
GS,2023-10-17,297.41,300.06,290.32,293.59,293.59,4123000,Financials,295.32399999999996,295.61199999999997,301.6835,308.21299999999997,297.7473298828723,302.5059415555235,-4.758611672651227,-4.442029475322095,298.37,2273900.0,298.73,1193800.0,290.52,3118600.0,36.48495815426374,-1.7206172798179153,1.0567258708522598,-0.016020377383785367,0.009690812917655346
GS,2023-10-18,291.35,291.56,286.11,286.57,286.57,3460300,Financials,293.224,294.982,300.03499999999997,307.38879999999995,296.0277406701227,301.32550144029955,-5.297760770176865,-4.6131757342930495,293.59,4123000.0,297.07,1672500.0,292.87,1872000.0,27.102803738317817,-3.5345204833877486,-2.1511250725577913,-0.02391089614768893,0.012106587142175015
GS,2023-10-19,286.57,289.78,283.41,283.94,283.94,3211800,Financials,291.2,293.909,298.56149999999997,306.617,294.1680882593346,300.0376865187959,-5.869598259461327,-4.864460239326705,286.57,3460300.0,294.06,1727700.0,294.67,1584600.0,26.502843216896906,-3.441474529007682,-3.641361523059705,-0.009177513347524147,0.011914299497506978
GS,2023-10-20,283.29,287.79,282.91,284.76,284.76,2329000,Financials,289.44599999999997,292.72999999999996,297.2405,305.9046,292.7206900655908,298.90600603592213,-6.185315970331317,-5.128631385527628,283.94,3211800.0,293.53,1785200.0,296.55,1595100.0,30.651933701657512,-2.9877695635880386,-3.975720789074366,0.002887934070578302,0.011635960791166413
GS,2023-10-23,283.09,288.08,282.99,283.97,283.97,2959800,Financials,286.566,291.459,295.835,305.1702,291.37443005549994,297.79963521844644,-6.425205162946497,-5.387946141011402,284.76,2329000.0,298.37,2273900.0,296.68,1094400.0,40.44911052785078,-4.826222475449937,-4.284077120129426,-0.002774266048602203,0.011544173930441649
GS,2023-10-24,284.71,287.65,283.84,283.93,283.93,1697100,Financials,284.634,289.979,294.66600000000005,304.4914,290.2291331238846,296.7722548318949,-6.54312170801029,-5.61898125441118,283.97,2959800.0,293.59,4123000.0,298.73,1193800.0,36.022514071294594,-3.290302803228984,-4.954306564456202,-0.00014085994999479823,0.010984611745515932
GS,2023-10-25,283.38,284.71,279.99,281.63,281.63,1809300,Financials,283.646,288.435,293.4705,303.87059999999997,288.9061895663639,295.65060632582856,-6.744416759464684,-5.844068355421881,283.93,1697100.0,286.57,3460300.0,297.07,1672500.0,29.926108374384256,-1.7238371078619474,-5.197428215572087,-0.008100588173141299,0.011027950736911964
GS,2023-10-26,281.82,284.84,279.75,281.85,281.85,2011200,Financials,283.228,287.214,292.13199999999995,303.3126,287.82062194076946,294.62833919058204,-6.807717249812583,-6.036798134300023,281.63,1809300.0,283.94,3211800.0,294.06,1727700.0,26.151849448410218,-0.7360710009156723,-4.1522138339114445,0.000781166779107334,0.011033116560214246
GS,2023-10-27,282.38,283.07,274.61,275.13,275.13,2601700,Financials,281.302,285.37399999999997,290.5345,302.65,285.8682185652665,293.18401776905745,-7.315799203790959,-6.292598348198211,281.85,2011200.0,284.76,2329000.0,293.53,1785200.0,21.197540764501568,-3.3817951959544845,-6.268524511974915,-0.02384246939861634,0.012596680642218016
GS,2023-10-30,278.49,286.43,278.34,285.5,285.5,3065200,Financials,281.608,284.087,289.696,302.2436,285.8115695552255,292.6148312676458,-6.803261712420294,-6.394731021042627,275.13,2601700.0,283.97,2959800.0,298.37,2273900.0,35.53465996063855,0.5387893087297924,-4.3134363374333855,0.03769127321629773,0.017646087771067687
GS,2023-10-31,286.3,288.78,285.37,288.13,288.13,2611000,Financials,282.448,283.54100000000005,289.5765,301.9438,286.1682511621139,292.2826215441165,-6.114370382002619,-6.338658893234626,285.5,3065200.0,283.93,1697100.0,293.59,4123000.0,40.42826552462529,1.4792378403127415,-1.8597363670424638,0.009211908931698654,0.017581594030150024
GS,2023-11-01,287.87,292.54,287.4,291.5,291.5,2345400,Financials,284.422,284.034,289.508,301.77299999999997,286.9885202140964,292.2246495778857,-5.236129363789303,-6.118152987345562,288.13,2611000.0,281.63,1809300.0,286.57,3460300.0,47.28006799830005,3.5045982317224667,1.7203475590606088,0.011696109395064713,0.016138372507682134
GS,2023-11-02,293.9,298.51,292.3,297.77,297.77,2597000,Financials,287.606,285.41700000000003,289.66299999999995,301.661,288.64720941192775,292.6354162758201,-3.9882068638923442,-5.692163762654919,291.5,2345400.0,281.85,2011200.0,283.94,3211800.0,54.015151515151516,5.648394536100754,4.870747340987536,0.021509433962264124,0.016721186083374397
GS,2023-11-03,302.23,312.54,301.72,310.92,310.92,3742000,Financials,294.764,288.033,290.3815,301.8566,292.0737925793235,293.9898298850186,-1.916037305695113,-4.936938471262958,297.77,2597000.0,275.13,2601700.0,284.76,2329000.0,60.26836851579119,13.008396030967194,9.186683522966721,0.04416160123585322,0.02077423421740768
GS,2023-11-06,310.01,312.14,305.68,307.4,307.4,2087600,Financials,299.144,290.376,290.9175,301.9782,294.4316706440429,294.9831758194617,-0.5515051754187539,-4.059851812094117,310.92,3742000.0,285.5,3065200.0,283.97,2959800.0,61.537176274018364,7.6707530647985855,8.250871570940577,-0.011321240190402815,0.021477285401871046
GS,2023-11-07,305.71,309.75,304.91,307.44,307.44,1505000,Financials,303.006,292.727,291.35299999999995,301.99100000000004,296.4329520834209,295.9059035365386,0.5270485468823267,-3.1424717402988285,307.4,2087600.0,288.13,2611000.0,283.93,1697100.0,69.73709097787021,6.701835976816017,8.280209910893532,0.00013012361743669487,0.021465809709739523
GS,2023-11-08,307.44,310.01,307.17,308.02,308.02,1484400,Financials,306.31,295.366,291.9005,301.8916,298.2155748398177,296.8032440153135,1.4123308245041812,-2.2315112273382267,307.44,1505000.0,291.5,2345400.0,281.63,1809300.0,73.69146005509636,5.667238421955401,9.370450591201207,0.0018865469685140912,0.020846982873956595
GS,2023-11-09,309.38,310.0,303.37,304.43,304.43,1787900,Financials,307.642,297.624,292.419,301.74359999999996,299.1716402490765,297.3681889030681,1.803451346008444,-1.4245187126688925,308.02,1484400.0,297.77,2597000.0,281.85,2011200.0,68.35230453442804,2.2366255835040594,8.01135355685647,-0.011655087331991387,0.021755521603427856
GS,2023-11-10,306.84,309.44,305.26,308.92,308.92,1781400,Financials,307.242,301.003,293.1885,301.7018,300.6713879030648,298.2238786139519,2.4475092891128725,-0.6501131123125397,304.43,1787900.0,310.92,3742000.0,275.13,2601700.0,71.77517891429562,-0.6432522835456034,12.281466942899733,0.014748874946621582,0.01869790340056285
GS,2023-11-13,307.64,311.96,307.04,310.25,310.25,1403300,Financials,307.812,303.47799999999995,293.78249999999997,301.69259999999997,302.1450205333625,299.11470242032584,3.030318113036685,0.08597313275730534,308.92,1781400.0,307.4,2087600.0,285.5,3065200.0,72.46500512120173,0.9271307742355406,8.669001751313488,0.0043053217661530585,0.01640207274662897
GS,2023-11-14,316.53,324.36,315.52,321.46,321.46,3592700,Financials,310.616,306.811,295.176,301.9768,305.1165558359221,300.7699096484498,4.346646187472288,0.9381077437003019,310.25,1403300.0,307.44,1505000.0,288.13,2611000.0,79.50807527041039,4.560239396304966,11.567695137611489,0.03613215149073312,0.018599785956678525
GS,2023-11-15,322.57,323.69,318.25,320.39,320.39,2534500,Financials,313.09000000000003,309.7,296.867,302.2894,307.4663164765495,302.22324967449055,5.243066802058934,1.7990995553720284,321.46,3592700.0,308.02,1484400.0,291.5,2345400.0,78.19724904887325,4.015972988766969,9.91080617495712,-0.003328563429353504,0.019150302560669127
GS,2023-11-16,320.54,322.43,317.93,319.51,319.51,1620400,Financials,316.106,311.87399999999997,298.6455,302.5686,309.3191908647726,303.50374969860235,5.815441166170274,2.6023678775316776,320.39,2534500.0,304.43,1787900.0,297.77,2597000.0,85.50399999999999,4.953519692540143,7.300936964771476,-0.0027466525172445966,0.019017937044917603
GS,2023-11-17,322.2,323.1,320.89,321.9,321.9,1465200,Financials,318.702,312.972,300.5025,302.828,311.2546999624999,304.8664349061133,6.388265056386615,3.359547313302665,319.51,1620400.0,308.92,1781400.0,310.92,3742000.0,83.38224504768891,4.201735077042579,3.531455036665365,0.00748020406247063,0.01397140031413739
GS,2023-11-20,322.67,323.92,320.3,322.15,322.15,3146000,Financials,321.082,314.447,302.4115,303.109,312.93089996826916,306.1466989871419,6.784200981127242,4.044478046867581,321.9,1465200.0,310.25,1403300.0,307.4,2087600.0,82.62370540851552,3.8356164383561486,4.798308392973327,0.000776638707673083,0.013031515274173481
GS,2023-11-21,321.11,321.81,317.5,317.9,317.9,1900900,Financials,320.37,315.493,304.11,303.1864,313.69537689622774,307.0173138769832,6.678063019244519,4.5711950413429685,322.15,3146000.0,321.46,3592700.0,307.44,1505000.0,74.89626556016596,-1.107447271822315,3.4022898776997046,-0.01319261213720313,0.01418857022649625
GS,2023-11-22,319.77,321.64,318.28,321.38,321.38,1235200,Financials,320.568,316.829,306.09749999999997,303.25579999999997,314.8776266045004,308.0812165527622,6.796410051738178,5.01623804342201,317.9,1900900.0,320.39,2534500.0,308.02,1484400.0,73.5018913000199,0.308998408190031,4.3373806895656175,0.010946838628499655,0.0143664651347469
GS,2023-11-24,321.53,322.93,320.43,321.86,321.86,460100,Financials,321.03799999999995,318.572,308.098,303.1528,315.9518378961157,309.10186717848353,6.849970717632175,5.382984578264044,321.38,1235200.0,319.51,1620400.0,304.43,1787900.0,64.56336528221513,0.7355012362680435,5.72545412738561,0.0014935590266973442,0.0133014289517269
GS,2023-11-27,321.9,322.69,318.63,320.5,320.5,1250500,Financials,320.758,319.73,310.3665,303.06120000000004,316.65155514286715,309.9461733134107,6.705381829456428,5.647464028502521,321.86,460100.0,321.9,1465200.0,308.92,1781400.0,68.50282485875711,-0.4349176762969753,3.7485433121843714,-0.004225439632138284,0.013214149512634932
GS,2023-11-28,320.18,321.15,317.8,320.44,320.44,1419000,Financials,320.416,320.749,312.1135,302.9536,317.23439281319526,310.72349380871367,6.510899004481587,5.820151023698335,320.5,1250500.0,322.15,3146000.0,310.25,1403300.0,68.35121400338794,-0.5308086295204073,3.2844480257856468,-0.00018720748829959,0.013269956688954155
GS,2023-11-29,322.45,328.7,321.98,325.57,325.57,2038100,Financials,321.95,321.15999999999997,313.9855,302.9758,318.5167939188575,311.8232350080682,6.6935589107893065,5.99483260111653,320.44,1419000.0,317.9,1900900.0,321.46,3592700.0,71.95396547410562,2.41270839886758,1.2785416537049787,0.016009237298714174,0.00835667701122825
GS,2023-11-30,326.93,329.87,325.41,326.79,326.79,1903600,Financials,323.032,321.8,315.75,303.1208,319.7895948544179,312.9318842667298,6.857710587688075,6.167408198430839,325.57,2038100.0,321.38,1235200.0,320.39,2534500.0,79.7340425531915,1.6833654863401604,1.9975654670870036,0.003747274011733248,0.008219411044249319
GS,2023-12-01,326.72,333.83,325.72,333.39,333.39,3623300,Financials,325.338,323.188,317.531,303.5204,321.8819648768151,314.447300246972,7.434664629843098,6.420859484713291,326.79,1903600.0,321.86,460100.0,319.51,1620400.0,80.81087887182068,3.582302864599507,4.344151982723554,0.020196456439915522,0.00979513965729591
GS,2023-12-04,331.35,335.36,330.38,334.3,334.3,2178100,Financials,328.098,324.428,318.7,303.9828,323.79243181884357,315.9178705990482,7.874561219795396,6.711599831729712,333.39,3623300.0,320.5,1250500.0,321.9,1465200.0,80.60575209977094,4.305772230889238,3.852127990059029,0.0027295359788837015,0.00973904701172947
GS,2023-12-05,331.63,331.85,325.84,326.99,326.99,2429700,Financials,329.408,324.912,319.67949999999996,304.281,324.2843653851753,316.738028332452,7.546337052723288,6.878547275928428,334.3,2178100.0,320.44,1419000.0,322.15,3146000.0,57.81294150890085,2.0440644114342765,1.5024057116250322,-0.02186658689799581,0.012707545556527037
GS,2023-12-06,328.68,332.02,326.85,327.2,327.2,1869300,Financials,329.73400000000004,325.842,320.6675,304.6788,324.73292455668684,317.51298919671484,7.219935359971998,6.946824892737142,326.99,2429700.0,325.57,2038100.0,317.9,1900900.0,59.86099044309296,0.5006603802561571,2.925448254167984,0.0006422214746628629,0.011629735111943741
GS,2023-12-07,328.87,329.81,327.23,329.74,329.74,2162400,Financials,330.324,326.678,321.7535,305.1628,325.50324385565807,318.4186937006619,7.08455015499618,6.97436994518895,327.2,1869300.0,326.79,1903600.0,321.38,1235200.0,64.13373860182371,0.9027204014810719,2.601281971497915,0.0077628361858190775,0.011428268265423662
GS,2023-12-08,329.44,337.08,328.94,335.68,335.68,2238800,Financials,330.78200000000004,328.06,323.31600000000003,305.704,327.0688986470953,319.69730898209434,7.371589665000954,7.053813889151351,329.74,2162400.0,333.39,3623300.0,321.86,460100.0,67.3376950176145,0.686883229850932,4.293792332069835,0.018014193000545964,0.012398612684591918
GS,2023-12-11,336.27,337.79,333.98,336.57,336.57,1636000,Financials,331.236,329.66700000000003,324.6985,306.29380000000003,328.5306065475422,320.9471379463837,7.583468601158529,7.159744831552787,335.68,2238800.0,334.3,2178100.0,320.5,1250500.0,67.85537394749875,0.6790308106491061,5.014040561622468,0.002651334604385047,0.01206040555917057
GS,2023-12-12,336.24,338.71,334.49,337.38,337.38,1597600,Financials,333.314,331.361,326.055,306.996,329.8920516940742,322.1643869873923,7.727664706681935,7.2733288065786175,336.57,1636000.0,326.99,2429700.0,320.44,1419000.0,76.36708175419598,3.1774672008318294,5.286481088503314,0.0024066316070952,0.011964679846738819
GS,2023-12-13,337.7,347.18,336.42,347.07,347.07,2876500,Financials,337.288,333.511,327.3355,308.12699999999995,332.53481297190893,324.00924721054844,8.525565761360497,7.523776197534994,337.38,1597600.0,327.2,1869300.0,325.57,2038100.0,79.7682502896871,6.072738386308063,6.603802561661087,0.028721323137115506,0.013775542436822033
GS,2023-12-14,350.68,369.52,349.24,366.91,366.91,5376300,Financials,344.72200000000004,337.52299999999997,329.6615,309.6078,337.82330328392294,327.1870807505078,10.63622253341515,8.146265464711027,347.07,2876500.0,329.74,2162400.0,326.79,1903600.0,86.03423452247638,11.272517741250688,12.276997460142592,0.05716426081194004,0.02103380014745495
GS,2023-12-15,363.77,369.24,362.94,364.08,364.08,4522300,Financials,350.402,340.592,331.89,310.996,341.8627950863963,329.9198895838035,11.942905502592794,8.90559347228738,366.91,5376300.0,335.68,2238800.0,333.39,3623300.0,84.05751797436693,8.460438512869395,9.205435076037084,-0.00771306314900122,0.021644882580635166
GS,2023-12-18,364.8,366.23,359.68,360.15,360.15,2740900,Financials,355.118,343.177,333.8025,312.26800000000003,344.6762112269507,332.1591570220403,12.517054204910437,9.627885618811993,364.08,4522300.0,336.57,1636000.0,334.3,2178100.0,79.26308032424461,7.00597201176576,7.732575530960206,-0.010794330916282124,0.02248975692436008
GS,2023-12-19,359.77,367.2,358.38,365.94,365.94,2091800,Financials,360.83000000000004,347.072,335.992,313.65319999999997,347.9475633458814,334.6614416870744,13.28612165880702,10.359532826810998,360.15,2740900.0,337.38,1597600.0,326.99,2429700.0,79.46285213837392,8.465232082518238,11.911679256246366,0.016076634735527007,0.020011672934323044
GS,2023-12-20,364.29,368.5,360.96,361.22,361.22,1836500,Financials,363.65999999999997,350.47400000000005,338.158,314.903,349.9894766772843,336.62874230284666,13.36073437443764,10.959773136336327,365.94,2091800.0,347.07,2876500.0,327.2,1869300.0,73.90640188862656,4.0769873512547905,10.397310513447454,-0.012898289337049729,0.0212474052503536
GS,2023-12-21,363.64,365.02,360.73,364.14,364.14,1301600,Financials,363.10599999999994,353.914,340.296,316.2444,352.1664802653944,338.66661324337656,13.499867022017838,11.467791913472631,361.22,1836500.0,366.91,5376300.0,329.74,2162400.0,72.50109761451776,-0.7549535308386313,10.432461939710059,0.008083716294778664,0.021243659736115035
GS,2023-12-22,365.51,366.93,363.03,364.21,364.21,1538200,Financials,363.13199999999995,356.767,342.4135,317.6474,354.0193294553337,340.5587159660894,13.460613489244338,11.866356228626973,364.14,1301600.0,364.08,4522300.0,335.68,2238800.0,72.15883834642166,0.035706438145455266,8.499165872259296,0.0001922337562476617,0.021260145761035985
GS,2023-12-26,364.21,366.09,363.64,365.13,365.13,837300,Financials,364.12800000000004,359.623,344.645,319.07939999999996,355.7286633852824,342.3788110797124,13.349852305569982,12.163055444015574,364.21,1538200.0,360.15,2740900.0,336.57,1636000.0,81.21112929623565,1.3827571845064668,8.485604777609424,0.0025260152110047063,0.021263940283156594
GS,2023-12-27,364.74,369.09,363.89,367.88,367.88,1367200,Financials,364.51599999999996,362.673,347.017,320.4696,357.59809978754663,344.26778803677075,13.330311750775877,12.396506705367637,365.13,837300.0,365.94,2091800.0,337.38,1597600.0,81.96103079824009,0.5301415532600995,9.04025134862767,0.007531564100457411,0.02116560198523657
GS,2023-12-28,367.92,371.02,367.07,369.73,369.73,1024700,Financials,366.21799999999996,364.93899999999996,349.225,321.99240000000003,359.4645459740779,346.15387781182477,13.310668162253137,12.579338996744738,367.88,1367200.0,361.22,1836500.0,347.07,2876500.0,81.76330420969022,2.355904988649571,6.528942288299189,0.005028813743612082,0.019992474055334972
GS,2023-12-29,368.92,369.95,367.01,369.11,369.11,881300,Financials,367.212,365.159,351.341,323.6432,360.94846197806595,347.85433130724516,13.094130670820789,12.68229733155995,369.73,1024700.0,364.14,1301600.0,366.91,5376300.0,79.00399097692173,1.364859669357954,0.5996020822544912,-0.0016768993589917347,0.009149269504513283
GS,2024-01-02,366.46,372.34,365.69,371.53,371.53,2263100,Financials,368.67600000000004,365.904,353.248,325.395,362.5763909045173,349.6080845437455,12.968306360771805,12.739499137402323,369.11,881300.0,364.21,1538200.0,364.08,4522300.0,79.54699121027718,2.0098294939732586,2.046253570643808,0.006556311126764358,0.008808923533270875
GS,2024-01-03,367.3,368.76,360.49,365.31,365.31,2265300,Financials,368.712,366.42,354.7985,327.006,362.99694614997617,350.771189392357,12.225756757619195,12.636750661445697,371.53,2263100.0,365.13,837300.0,360.15,2740900.0,71.62769087811678,0.049297510475732054,1.432736359850062,-0.016741582106424735,0.009905854287178474
GS,2024-01-04,366.99,370.38,365.46,366.41,366.41,1618300,Financials,368.418,366.467,356.7695,328.6548,363.5220313576722,351.92961980773794,11.59241154993424,12.427882839143408,365.31,2265300.0,367.88,1367200.0,365.94,2091800.0,67.2740264380136,-0.3995868217897103,0.12843635568673406,0.003011141222523328,0.008531171823725708
GS,2024-01-05,365.43,372.65,364.63,369.75,369.75,2913900,Financials,368.422,367.32,358.897,330.37120000000004,364.48018037956876,353.24964797012774,11.230532409441025,12.188412753202932,366.41,1618300.0,369.73,1024700.0,361.22,1836500.0,53.59675785207697,0.0054093527709353495,2.3614417806322896,0.009115471739308267,0.007573284006915522
GS,2024-01-08,369.3,372.28,365.53,372.07,372.07,1902600,Financials,369.014,368.113,361.01349999999996,332.18,365.6478449365582,354.6437481204887,11.004096816069534,11.951549565776254,369.75,2913900.0,369.11,881300.0,364.14,1301600.0,60.25147549396976,0.801928964265386,2.177733838633489,0.006274509803921635,0.007441897189388864
GS,2024-01-09,367.99,369.29,365.29,367.17,367.17,1708800,Financials,368.142,368.409,362.58799999999997,333.8864,365.8820226386262,355.5716186300821,10.310404008544083,11.62332045432982,372.07,1902600.0,371.53,2263100.0,364.21,1538200.0,58.788182273410186,-1.1735256910612724,0.8127179374536775,-0.013169564866826078,0.008896239172709123
GS,2024-01-10,364.88,366.51,362.19,365.47,365.47,1547300,Financials,368.17400000000004,368.443,364.033,335.6932,365.818634540376,356.3048320648909,9.513802475485136,11.201416858560883,367.17,1708800.0,365.31,2265300.0,365.13,837300.0,49.344490934449134,0.04379841778217042,0.09311751978748894,-0.004630007898248745,0.009032810247327633
GS,2024-01-11,364.44,364.53,358.5,363.35,363.35,2209900,Financials,367.562,367.99,365.3315,337.25019999999995,365.43884461108746,356.82669635638047,8.612148254706995,10.683563137790106,365.47,1547300.0,366.41,1618300.0,367.88,1367200.0,53.203007518796994,-0.8351300455773591,-1.2313797977601348,-0.0058007497195392554,0.008799873004135568
GS,2024-01-12,366.79,369.19,360.32,361.44,361.44,2223800,Financials,365.9,367.161,366.05,338.7164,364.82363774784324,357.1684225522041,7.65521519563913,10.077893549359912,363.35,2209900.0,369.75,2913900.0,369.73,1024700.0,45.81265508684865,-2.2474645030425955,-2.242176723555034,-0.00525663960368794,0.008589089085554473
GS,2024-01-16,362.02,368.39,358.16,364.02,364.02,3926600,Financials,364.29,366.652,365.9055,340.1668,364.700001171252,357.6759468075964,7.02405436365558,9.467125712219048,361.44,2223800.0,372.07,1902600.0,369.11,881300.0,49.726618705035975,-2.1635713709785787,-1.3789927121996226,0.00713811420982724,0.009090098459712002
GS,2024-01-17,359.0,363.78,357.98,360.89,360.89,2415100,Financials,363.034,365.588,365.746,341.42920000000004,364.1138471449055,357.9140248218485,6.199822323056992,8.813665034386636,364.02,3926600.0,367.17,1708800.0,371.53,2263100.0,44.264069264069235,-1.7103793882942586,-2.863833337819288,-0.008598428657766055,0.008886464599134817
GS,2024-01-18,363.91,365.16,358.39,360.64,360.64,1771200,Financials,362.068,365.121,365.77049999999997,342.4236,363.57940912261233,358.11594890911897,5.463460213493363,8.14362407020798,360.89,2415100.0,365.47,1547300.0,365.31,2265300.0,39.49506674405103,-1.3215859030837107,-1.2783663190167327,-0.0006927318573526353,0.00743229265156533
GS,2024-01-19,360.46,366.75,356.0,365.7,365.7,2603300,Financials,362.538,365.05,365.7585,343.5896,363.90565387297966,358.67773047140645,5.227923401573207,7.560483936481027,360.64,1771200.0,363.35,2209900.0,366.41,1618300.0,44.65091584815497,0.6467593229668278,-0.19377200403920547,0.014030612244897878,0.008822872112552413
GS,2024-01-22,369.68,375.77,367.96,369.29,369.29,2922700,Financials,364.108,365.004,366.162,344.8266,364.7340148155982,359.4638245105615,5.270190305036692,7.102425210192161,365.7,2603300.0,361.44,2223800.0,369.75,2913900.0,50.221456692913385,2.171868083222672,-0.12440838404326193,0.00981678971834854,0.008907169013348875
GS,2024-01-23,363.57,366.81,362.28,364.33,364.33,3313300,Financials,364.16999999999996,364.22999999999996,366.17150000000004,345.95279999999997,364.67185869012155,359.8242819542236,4.847576735897974,6.651455515333324,369.29,2922700.0,364.02,3926600.0,372.07,1902600.0,41.66280685502549,0.08516015603539095,-2.0802537156986656,-0.013431178748409156,0.009502832914138943
GS,2024-01-24,365.32,368.0,362.81,363.02,363.02,2235800,Financials,364.596,363.81499999999994,366.112,347.1246,364.417726583949,360.0610018094663,4.3567247744827,6.1925093671632,364.33,3313300.0,360.89,2415100.0,367.17,1708800.0,47.00810033969164,0.5902075424644604,-1.130266633984267,-0.0035956413141932098,0.00870818492376352
GS,2024-01-25,366.17,370.01,365.52,366.18,366.18,2376300,Financials,365.704,363.886,366.1645,348.26980000000003,364.68884557103377,360.51426093469104,4.174584636342729,5.788924420999106,363.02,2235800.0,360.64,1771200.0,365.47,1547300.0,49.714852467146024,1.5361579414374438,0.19427039155059944,0.008704754558977568,0.009119186118852575
GS,2024-01-26,362.3,364.45,360.48,361.48,361.48,3464700,Financials,364.86,363.699,365.84450000000004,349.2944,364.19517702164393,360.585797161751,3.609379859892954,5.353015508777876,366.18,2376300.0,365.7,2603300.0,363.35,2209900.0,40.081554329575475,-1.1539513262236678,-0.514655291041699,-0.012835217652520603,0.009876113491844711
GS,2024-01-29,359.66,364.4,358.08,364.13,364.13,1632300,Financials,363.828,363.968,365.5645,350.1478000000001,364.18514978754484,360.848330705325,3.336819082219847,4.94977622346627,361.48,3464700.0,369.29,2922700.0,361.44,2223800.0,40.55211803902905,-1.3972758536651475,0.744245241257202,0.00733097266792071,0.009999923763890155
GS,2024-01-30,367.42,371.17,365.11,370.17,370.17,3897900,Financials,364.996,364.58299999999997,365.6175,351.1434,365.1058959740764,361.5388247271528,3.5670712469236037,4.673235228157737,364.13,1632300.0,364.33,3313300.0,364.02,3926600.0,53.47544022242816,1.6029423873960447,1.6894676116697038,0.016587482492516514,0.011057322918574154
GS,2024-01-31,369.33,376.9,367.13,367.43,367.43,3421100,Financials,365.87800000000004,365.23699999999997,365.4125,352.1018,365.4634504396031,361.97520808069703,3.4882423589060636,4.436236654307402,370.17,3897900.0,363.02,2235800.0,360.89,2415100.0,52.217194570135725,1.214809101426928,1.8121865388345482,-0.007402004484426072,0.01093896840880906
GS,2024-02-01,367.83,372.72,362.44,367.28,367.28,2138500,Financials,366.098,365.90099999999995,365.511,353.00939999999997,365.74291960274104,362.368155630275,3.3747639724660417,4.22394211793913,367.43,3421100.0,366.18,2376300.0,360.64,1771200.0,54.653090220222516,0.30039871101643634,1.8411712511091416,-0.0004082410255015212,0.010931984444394208
GS,2024-02-02,365.31,371.95,364.17,371.11,371.11,2180900,Financials,368.024,366.442,365.746,353.9886,366.5686242792424,363.015699657662,3.5529246215803596,4.089738618667376,367.28,2138500.0,361.48,3464700.0,365.7,2603300.0,60.951302378255924,2.6640478034746007,1.4793546622914988,0.010428011326508502,0.010539379051004646
GS,2024-02-05,367.99,368.69,364.55,366.48,366.48,2231100,Financials,368.49399999999997,366.161,365.5825,354.9602,366.55498977474355,363.27231449783517,3.2826752769083782,3.928325950315576,371.11,2180900.0,364.13,1632300.0,369.29,2922700.0,52.66233766233769,0.6453739049240736,-0.7609196024804366,-0.012476085257740244,0.010939449525971447
GS,2024-02-06,366.48,370.12,366.46,368.37,368.37,1487800,Financials,368.134,366.565,365.39750000000004,355.9,366.8342221170907,363.64992083132887,3.184301285761819,3.779521017404825,366.48,2231100.0,370.17,3897900.0,364.33,3313300.0,58.31850533807829,-0.4862630683199587,1.1088848022397402,0.005157170923379084,0.010083407878712872
GS,2024-02-07,368.67,370.36,365.98,369.96,369.96,1963200,Financials,368.64,367.259,365.53700000000003,356.862,367.31511102215364,364.11733410308227,3.197776919071373,3.663172197738135,368.37,1487800.0,367.43,3421100.0,363.02,2235800.0,60.064794816414654,0.6885665296791244,1.911740399977968,0.004316312403290112,0.009979615184787191
GS,2024-02-08,369.33,371.35,364.87,368.41,368.41,1913700,Financials,368.866,367.48199999999997,365.684,357.82020000000006,367.4835554802838,364.43530935470585,3.0482461255779754,3.5401869833061035,369.96,1963200.0,367.28,2138500.0,366.18,2376300.0,53.16662771675629,0.30766717490744444,0.6089901141515197,-0.0041896421234727255,0.00984054353561249
GS,2024-02-09,368.16,369.46,366.07,367.67,367.67,2028200,Financials,368.178,368.101,365.9,358.7648,367.51223925254783,364.67491606917207,2.8373231833757586,3.399614223320035,368.41,1913700.0,371.11,2180900.0,361.48,3464700.0,47.971957936905355,-0.9269488830804917,1.7124045590350745,-0.0020086316875220778,0.008724190112281207
GS,2024-02-12,368.38,379.24,367.73,375.69,375.69,2797200,Financials,370.02,369.257,366.6125,359.7672,368.77035629061737,365.4908482121964,3.2795080784209745,3.375592994340223,367.67,2028200.0,366.48,2231100.0,364.13,1632300.0,63.20930232558142,2.5130975769482644,3.1746903578392383,0.021813038866374646,0.01072839221036317
GS,2024-02-13,370.85,372.36,359.0,362.4,362.4,3030800,Financials,368.826,368.48,366.53149999999994,360.47939999999994,367.79030147667623,365.26189649277444,2.528404983901794,3.206155392252538,375.69,2797200.0,368.37,1487800.0,370.17,3897900.0,49.43615860312841,-1.6206531476504638,-2.099035578247843,-0.035374910165295925,0.015175924019888078
GS,2024-02-14,364.43,365.01,359.55,361.72,361.72,2041300,Financials,367.178,367.909,366.573,361.046,366.85640894180295,364.99953378960595,1.8568751521970057,2.936299344241432,362.4,3030800.0,369.96,1963200.0,367.43,3421100.0,45.75238095238097,-2.2272678127364998,-1.5540375037422005,-0.0018763796909491148,0.015058104601404663
GS,2024-02-15,363.04,370.49,362.77,368.78,368.78,2218900,Financials,367.25200000000007,368.059,366.98,361.7356,367.1523460276794,365.2795683237092,1.8727777039702005,2.723595016187186,361.72,2041300.0,368.41,1913700.0,367.28,2138500.0,56.65329930732772,0.10043158437609279,0.40840775430188714,0.01951785911754933,0.01646563828381882
GS,2024-02-16,366.69,370.85,364.5,367.84,367.84,2376800,Financials,367.286,367.732,367.087,362.55260000000004,367.258138946498,365.4692299293604,1.7889090171375983,2.5366578163772684,368.78,2218900.0,367.67,2028200.0,371.11,2180900.0,53.49012229539039,0.04623711480402637,-0.8811403626957093,-0.0025489451705623667,0.016106388775764858
GS,2024-02-20,364.5,368.93,364.41,367.92,367.92,2358900,Financials,365.73199999999997,367.87600000000003,367.0185,363.367,367.3599637239598,365.6507684531115,1.7091952708483404,2.371165307271483,367.84,2376800.0,375.69,2797200.0,366.48,2231100.0,47.61602034329307,-2.0681945220793696,0.39292730844793233,0.0002174858634189647,0.015572398069898422
GS,2024-02-21,365.35,371.88,364.8,371.51,371.51,1772500,Financials,367.554,368.19,367.3775,364.20239999999995,367.9984308433506,366.0847856047328,1.9136452386177893,2.2796612935407445,367.92,2358900.0,362.4,3030800.0,368.37,1487800.0,54.24646128226477,2.513796909492272,0.8524038331025885,0.009757555990432598,0.015791599352497084
GS,2024-02-22,372.42,378.52,372.2,373.61,373.61,2326800,Financials,369.932,368.555,367.907,364.961,368.86174917514285,366.6422088932711,2.21954028187173,2.2676370912069417,371.51,1772500.0,361.72,2041300.0,369.96,1963200.0,56.33126625325071,3.287072874046215,0.9865931452049059,0.005652606928481019,0.015828744260865918
GS,2024-02-23,373.16,379.66,372.4,374.17,374.17,2247400,Financials,371.01000000000005,369.13100000000003,368.3065,365.71299999999997,369.67840314819784,367.1998230493251,2.478580098872726,2.3098256927400986,373.61,2326800.0,368.78,2218900.0,368.41,1913700.0,53.27482876712331,1.4615760073756867,1.5634754756928437,0.001498889216027477,0.01571952299571225
GS,2024-02-26,374.17,378.96,372.03,373.37,373.37,1797800,Financials,372.116,369.701,368.90099999999995,366.4328,370.2463411253982,367.65687319381954,2.5894679315786675,2.3657541405078124,374.17,2247400.0,367.84,2376800.0,367.67,2028200.0,58.03217533224529,1.503371030883005,1.5503032610765022,-0.00213806558516183,0.0157229367296231
GS,2024-02-27,375.32,378.81,372.52,373.94,373.94,1724900,Financials,373.32,369.526,369.3915,366.9702,370.8145963368754,368.1222899942773,2.6923063425981013,2.43106458092587,373.37,1797800.0,367.92,2358900.0,375.69,2797200.0,56.699542939619924,1.6362252663622456,-0.46580957704490666,0.0015266357768433103,0.01405262948733242
GS,2024-02-28,373.1,378.95,372.91,378.87,378.87,2572900,Financials,374.79200000000003,371.173,369.8265,367.20939999999996,372.0538892081254,368.91841666136787,3.135472546757512,2.5719461740921985,373.94,1724900.0,371.51,1772500.0,362.4,3030800.0,59.91983967935876,1.9811041425533693,4.544701986754984,0.01318393325132372,0.0074573609541774164
GS,2024-02-29,380.83,381.57,371.63,374.89,374.89,3139100,Financials,375.048,372.49,370.19950000000006,367.42560000000003,372.4902139453369,369.3607561679332,3.1294577774037293,2.6834484947545048,378.87,2572900.0,373.61,2326800.0,361.72,2041300.0,56.84410646387829,0.34260324937769315,3.640937741899797,-0.010504922532794891,0.008674321741642796
GS,2024-03-01,375.45,376.81,371.23,373.97,373.97,1697700,Financials,375.008,373.009,370.534,367.702,372.71787333836204,369.7021816369752,3.0156917013868565,2.7498971360809756,374.89,3139100.0,374.17,2247400.0,368.78,2218900.0,56.6287878787879,-0.05345163962904298,1.407343131406269,-0.0024540531889353234,0.00677337906732291
GS,2024-03-04,374.66,382.14,372.14,377.97,377.97,1955100,Financials,375.928,374.022,370.877,367.9426,373.5258928247679,370.3146126268289,3.211280197939004,2.8421737484525815,373.97,1697700.0,373.37,1797800.0,367.84,2376800.0,52.620689655172455,1.2320218549964013,2.7539147455415636,0.010696045137310373,0.007193214459568069
GS,2024-03-05,376.5,383.02,376.1,376.68,376.68,2697800,Financials,376.476,374.898,371.387,368.2518,374.0111400824959,370.78612280261933,3.2250172798765675,2.918742454737379,377.97,1955100.0,373.94,1724900.0,367.92,2358900.0,72.66666666666676,0.7327378723859468,2.3809523809523725,-0.0034129692832765013,0.0074228263641869414
GS,2024-03-06,380.62,380.9,370.52,375.39,375.39,2692400,Financials,375.78000000000003,375.286,371.73799999999994,368.4768,374.2232723774965,371.12715074316606,3.0961216343304727,2.954218290655998,376.68,2697800.0,378.87,2572900.0,371.51,1772500.0,71.28620367486758,-0.9185208646765419,1.0443864229765065,-0.003424657534246589,0.0071319992008532515
GS,2024-03-07,377.64,380.15,372.97,374.29,374.29,2033100,Financials,375.66,375.354,371.9545,368.6784,374.233538165574,371.3614358733019,2.872102292272075,2.937795090979214,375.39,2692400.0,374.89,3139100.0,373.61,2326800.0,60.53537284894845,-0.1600469471044752,0.18200797623189047,-0.002930285836063695,0.00703398647516248
GS,2024-03-08,374.58,381.22,372.63,372.9,372.9,1657200,Financials,375.446,375.227,372.179,368.8338,374.02837844779333,371.47540358639066,2.5529748614026744,2.860831045063906,374.29,2033100.0,373.97,1697700.0,374.17,2247400.0,59.5112781954887,-0.2861192074230634,-0.33941791164444624,-0.0037136979347566212,0.007119985774967645
GS,2024-03-11,371.63,372.35,367.54,372.1,372.1,1654200,Financials,374.27200000000005,375.1,372.4005,368.9182,373.7317048404405,371.52166998739875,2.2100348530417477,2.7306718066594744,372.9,1657200.0,377.97,1955100.0,373.37,1797800.0,57.65007320644218,-1.5530333095219229,-0.3401451643142095,-0.0021453472780905702,0.007120193057273294
GS,2024-03-12,373.51,374.97,369.81,374.05,374.05,1703900,Financials,373.746,375.111,372.3185,369.0046,373.7806733265266,371.7089536920359,2.071719634490705,2.5988813722257205,372.1,1654200.0,376.68,2697800.0,373.94,1724900.0,54.945482866043655,-0.6982053732611182,0.029416483927913184,0.005240526740123652,0.0073211191979880635
GS,2024-03-13,374.75,380.86,374.05,378.03,378.03,2370600,Financials,374.274,375.027,373.1,369.18299999999994,374.43441589167634,372.1771793444777,2.2572365471986586,2.5305524072203083,374.05,1703900.0,375.39,2692400.0,378.87,2572900.0,58.018867924528244,0.7032686006553046,-0.22171193285296376,0.010640288731452952,0.006842787479149649
GS,2024-03-14,380.07,381.95,371.42,374.47,374.47,3029500,Financials,374.31,374.985,373.7375,369.2418,374.43989036987995,372.3470179115534,2.0928724583265534,2.4430164174415574,378.03,2370600.0,374.29,2033100.0,374.89,3139100.0,50.490837696335106,0.04809105239254041,-0.11203286297313264,-0.00941724201782912,0.00666719543887905
GS,2024-03-15,374.72,376.89,372.34,373.12,373.12,3763900,Financials,374.354,374.9,373.95449999999994,369.39799999999997,374.2368303129753,372.40427584403096,1.8325544689443518,2.3209240277421164,374.47,3029500.0,372.9,1657200.0,373.97,1697700.0,49.59819993571199,0.05899705014749124,-0.22729095916785846,-0.0036050952012177673,0.0067222118340696775
GS,2024-03-18,374.5,374.87,369.45,370.38,370.38,2069000,Financials,374.01000000000005,374.141,374.0815,369.4774,373.64347180328684,372.2543294852138,1.3891423180730271,2.1345676858082987,373.12,3763900.0,372.1,1654200.0,377.97,1955100.0,44.65144230769229,-0.4622413329750108,-2.00809588062546,-0.007343481989708467,0.0058328088539857225
GS,2024-03-19,370.09,376.56,369.74,374.51,374.51,1858200,Financials,374.102,373.924,374.411,369.57259999999997,373.7767838335504,372.4214161900128,1.3553676435375905,1.978727677354157,370.38,2069000.0,374.05,1703900.0,376.68,2697800.0,43.28817733990144,0.12297821146904919,-0.5760858022724857,0.011150710081537785,0.007120047319696922
GS,2024-03-20,372.3,382.07,371.95,382.04,382.04,2157400,Financials,374.904,374.589,374.9375,369.772,375.04804785915803,373.1339038796415,1.9141439795165525,1.9658109377866364,374.51,1858200.0,378.03,2370600.0,375.39,2692400.0,59.92228698306973,1.0607623733566163,1.7714909827113212,0.020106272195669073,0.009542480165572674
GS,2024-03-21,385.22,398.95,384.56,398.65,398.65,4613800,Financials,379.73999999999995,377.025,376.18950000000007,370.40160000000003,378.6791174192876,375.0239850737421,3.6551323455454963,2.3036752193384085,382.04,2157400.0,374.47,3029500.0,374.29,2033100.0,73.85924207269915,6.457126071514385,6.508322423789026,0.04347712281436489,0.01605176906351342
GS,2024-03-22,399.32,401.59,391.01,392.01,392.01,2190300,Financials,383.51800000000003,378.936,377.0815,370.9324,380.7300224317049,376.28220840161305,4.447814030091877,2.732502981489102,398.65,4613800.0,373.12,3763900.0,372.9,1657200.0,62.91390728476821,5.062714408233271,5.124698310539033,-0.016656214724695806,0.017424422673928706
GS,2024-03-25,392.06,395.52,389.16,390.2,390.2,1683900,Financials,387.48199999999997,380.746,377.923,371.4694,382.18694205759647,377.3131559274195,4.873786130176995,3.160759611226681,392.01,2190300.0,370.38,2069000.0,372.1,1654200.0,62.31778425655978,5.351260867217444,4.8642837946788475,-0.004617229152317548,0.01755636721400921
GS,2024-03-26,391.31,394.43,389.8,391.4,391.4,1407000,Financials,390.86,382.481,378.796,372.0686,383.604335587197,378.3566258587217,5.247709728475286,3.578149634676402,390.2,1683900.0,374.51,1858200.0,374.05,1703900.0,64.6103303522541,4.50989292675763,4.638417323887167,0.003075345976422339,0.017565016777855047
GS,2024-03-27,394.71,400.37,393.51,400.14,400.14,2353600,Financials,394.47999999999996,384.692,379.85949999999997,372.791,386.1482839583975,379.970209128446,6.17807482995147,4.0981346737314155,391.4,1407000.0,382.04,2157400.0,378.03,2370600.0,70.7031875700785,4.737723798555127,5.848742163320386,0.022330097087378764,0.018375949133442294
GS,2024-03-28,401.06,403.94,399.88,402.49,402.49,2409700,Financials,395.248,387.49399999999997,381.2395,373.62299999999993,388.66239411864404,381.6383417855982,7.024052333045859,4.683318205594304,400.14,2353600.0,398.65,4613800.0,374.47,3029500.0,73.33964347688917,0.9632509720306048,7.4825753731941,0.005872944469435648,0.017583488323413034
GS,2024-04-01,401.51,402.74,397.0,398.46,398.46,1863900,Financials,396.538,390.02799999999996,382.46400000000006,374.37940000000003,390.16971810039115,382.88439054222056,7.285327558170593,5.203720076109562,402.49,2409700.0,392.01,2190300.0,373.12,3763900.0,69.78384869408583,1.64536618963802,6.791380789022283,-0.010012671122264005,0.018136293670736863
GS,2024-04-02,395.79,398.13,392.78,395.22,395.22,1976000,Financials,397.54200000000003,392.512,383.3265,374.96979999999996,390.9466845464848,383.798139390945,7.148545155539807,5.5926850919956115,398.46,1863900.0,390.2,1683900.0,370.38,2069000.0,65.58680606685323,1.2865197334700262,6.706625627733698,-0.008131305526276056,0.0182058379967211
GS,2024-04-03,396.04,401.47,396.04,398.93,398.93,1549200,Financials,399.048,394.954,384.43899999999996,375.56260000000003,392.1748869239487,384.9190179545787,7.255868969369999,5.9253218674704895,395.22,1976000.0,391.4,1407000.0,374.51,1858200.0,65.44943820224724,1.9238630556974945,6.520520146324538,0.00938717676230949,0.0181659972581313
GS,2024-04-04,402.79,403.75,390.93,391.46,391.46,1704700,Financials,397.312,395.896,385.2425,376.10519999999997,392.0649043202643,385.4035351431284,6.661369177135896,6.072531329403571,398.93,1549200.0,400.14,2353600.0,382.04,2157400.0,61.87281621243882,-2.1692407657319945,2.465710396817067,-0.018725089614719415,0.01905870996196345
GS,2024-04-05,391.76,394.25,386.86,393.22,393.22,1694900,Financials,395.45799999999997,395.35299999999995,386.18899999999996,376.7092,392.24261134791595,385.98253253993374,6.260078807982211,6.110040825119299,391.46,1704700.0,402.49,2409700.0,398.65,4613800.0,63.96609227348527,-2.303162811498416,-1.3620970776370145,0.004495989373116238,0.012692140779542269
GS,2024-04-08,394.21,397.51,392.72,395.6,395.6,1181900,Financials,394.886,395.712,387.32399999999996,377.29759999999993,392.7591326790058,386.6949375369757,6.064195142030087,6.100871688501457,393.22,1694900.0,398.46,1863900.0,392.01,2190300.0,67.61173184357543,-0.7177633890478208,0.9157929644652008,0.0060525914246478685,0.01162566953514961
GS,2024-04-09,396.53,398.18,392.23,395.76,395.76,1247200,Financials,394.994,396.268,388.50699999999995,377.9832,393.22080457454337,387.3664236453479,5.854380929195486,6.051573536640264,395.6,1181900.0,395.22,1976000.0,390.2,1683900.0,65.71048351323378,0.13663276149991077,1.4249103024090326,0.00040444893832147777,0.011464722471610752
GS,2024-04-10,389.31,390.69,382.83,386.17,386.17,1903300,Financials,392.442,395.745,389.113,378.4239999999999,392.136065409229,387.2777996716184,4.858265737610566,5.812911976834325,395.76,1247200.0,398.93,1549200.0,391.4,1407000.0,52.963122399196436,-3.1985561376682625,-1.3362289218191048,-0.024231857691530134,0.014010588301576655
GS,2024-04-11,385.9,386.86,380.47,383.01,383.01,2176200,Financials,390.752,394.03200000000004,389.36199999999997,378.68080000000003,390.73205534627067,386.96166636260966,3.7703889836610074,5.404407378199662,386.17,1903300.0,391.46,1704700.0,400.14,2353600.0,36.09530583214795,-2.1585858069789965,-4.2810016494227,-0.0081829246186913,0.011378621785153198
GS,2024-04-12,378.54,379.75,373.03,375.31,375.31,2815800,Financials,387.16999999999996,391.314,389.404,378.8384,388.35943144684444,386.0985799653793,2.2608514814651244,4.775696198852754,383.01,2176200.0,393.22,1694900.0,402.49,2409700.0,35.42757417102969,-4.554702202329485,-6.752962806529361,-0.020103913735933787,0.011755306967980265
GS,2024-04-15,392.19,397.84,384.18,386.29,386.29,6177000,Financials,385.308,390.09700000000004,390.0625,379.2186,388.04105737809914,386.11275922720307,1.9282981508960688,4.206216589261417,375.31,2815800.0,395.6,1181900.0,398.46,1863900.0,47.05882352941179,-2.3533872598584415,-3.054258896752482,0.029255815192773982,0.016287048416651222
GS,2024-04-16,389.73,390.23,380.8,382.42,382.42,3459700,Financials,382.64,388.817,390.6645,379.44480000000004,387.17627931993,385.8392215066695,1.3370578132605146,3.6323848340612366,386.29,6177000.0,395.76,1247200.0,395.22,1976000.0,43.50592999710735,-3.3707297351930454,-3.238702494813017,-0.010018379973595004,0.01636414153518336
GS,2024-04-17,387.75,392.3,386.58,389.21,389.21,4373800,Financials,383.248,387.845,391.3995,379.8994,387.48915942455614,386.08890880247174,1.4002506220843998,3.1859579916658696,382.42,3459700.0,386.17,1903300.0,398.93,1549200.0,41.86634915910105,0.7872180645829507,-2.4365176848068604,0.01775534752366492,0.01726651976628633
GS,2024-04-18,390.73,393.01,387.76,388.44,388.44,2776300,Financials,384.334,387.543,391.71950000000004,380.3007999999999,387.635442590009,386.26306370599235,1.3723788840166549,2.8232421701360266,389.21,4373800.0,383.01,2176200.0,391.46,1704700.0,39.292790733119936,1.4177175530664998,-0.7714709037960454,-0.0019783664345724983,0.01628382620887035
GS,2024-04-19,389.35,393.15,388.34,389.3,389.3,2805500,Financials,387.132,387.15099999999995,391.252,380.68760000000003,387.8915283453922,386.4880219499929,1.4035063953992903,2.5392950151886793,388.44,2776300.0,375.31,2815800.0,393.22,1694900.0,42.66495836002564,3.7275851962377704,-0.9968974111184581,0.0022139841416950468,0.016219480801389647
GS,2024-04-22,392.13,402.77,389.84,402.16,402.16,4165600,Financials,390.30600000000004,387.80699999999996,391.7595,381.36260000000004,390.08667783071644,387.6489092129564,2.437768617760014,2.5189897357029465,389.3,2805500.0,386.29,6177000.0,395.6,1181900.0,54.81543158479045,4.108312407776538,1.658240647118303,0.03303365014127935,0.019428217046853425
GS,2024-04-23,402.51,409.87,401.05,408.57,408.57,2662300,Financials,395.536,389.088,392.678,382.1806,392.93026585676006,389.19861964162635,3.7316462151337078,2.761521031589099,402.16,4165600.0,382.42,3459700.0,395.76,1247200.0,56.44729802033172,6.838031483709006,3.2368101879927336,0.015938929779192312,0.01991780641518817
GS,2024-04-24,406.16,409.13,404.34,407.64,407.64,1575900,Financials,399.222,391.235,393.49,382.8196,395.19330187879694,390.56464781632064,4.628654062476301,3.1349476377665395,408.57,2662300.0,389.21,4373800.0,386.17,1903300.0,61.858692465552636,4.735232907684805,5.559727581117113,-0.002276231735075962,0.01761426611507731
GS,2024-04-25,405.67,408.19,399.75,404.76,404.76,1970100,Financials,402.486,393.40999999999997,393.721,383.6668,396.66510158975126,391.6161553854821,5.048946204269157,3.5177473510670634,407.64,1575900.0,388.44,2776300.0,383.01,2176200.0,58.32131525814823,4.201421068890943,5.678702905929356,-0.007065057403591424,0.01752062909791624
GS,2024-04-26,404.93,412.93,404.37,412.01,412.01,2322700,Financials,407.02799999999996,397.08,394.197,384.67260000000005,399.025855191328,393.12681054211305,5.899044649214943,3.9940068106966393,404.76,1970100.0,389.3,2805500.0,375.31,2815800.0,61.056461393343206,5.833547392756233,9.778583038021903,0.01791184899693654,0.015287526967547684
GS,2024-04-29,412.01,417.56,411.65,415.13,415.13,2453000,Financials,409.622,399.964,395.03049999999996,385.5996,401.5034159311237,394.75667642788244,6.746739503241258,4.544553349205564,412.01,2322700.0,402.16,4165600.0,386.29,6177000.0,62.55021381365816,3.225084543465284,7.465893499702281,0.007572631732239543,0.013616950425582048
GS,2024-04-30,412.9,415.69,410.49,411.18,411.18,1829900,Financials,410.14399999999995,402.84,395.8285,386.4664,402.9921211724893,395.97321891470597,7.018902257783338,5.039423130921119,415.13,2453000.0,408.57,2662300.0,382.42,3459700.0,67.4821753110583,0.6388134224245556,7.520527169081115,-0.009515091658034769,0.013546540554262323
GS,2024-05-01,411.16,417.65,409.71,411.41,411.41,2310100,Financials,410.898,405.06,396.4525,387.33619999999996,404.2871794536448,397.1166841802833,7.170495273361496,5.465637559409195,411.18,1829900.0,407.64,1575900.0,389.21,4373800.0,70.69970845481053,0.9248356392895785,5.703861668508026,0.0005593657279050479,0.013166309328779156
GS,2024-05-02,415.51,417.87,412.59,416.83,416.83,2087500,Financials,413.312,407.899,397.721,388.24260000000004,406.2168441530841,398.5769297965586,7.63991435652548,5.900492918832452,411.41,2310100.0,404.76,1970100.0,388.44,2776300.0,81.30277442702052,2.9820140330072187,7.308722067758211,0.01317420578012185,0.013063703574203658
GS,2024-05-03,419.17,426.2,419.09,422.23,422.23,2406300,Financials,415.35600000000005,411.192,399.17150000000004,389.215,408.6804065910712,400.32900907088765,8.351397520183525,6.390673839102666,416.83,2087500.0,412.01,2322700.0,389.3,2805500.0,79.58511689166943,2.480522317419487,8.458772155150275,0.012954921670705222,0.01305388673459689
GS,2024-05-06,425.67,428.21,423.68,427.52,427.52,1914300,Financials,417.834,413.72800000000007,400.76750000000004,390.28200000000004,411.57880557706017,402.34315654711816,9.23564902994201,6.959668877270535,422.23,2406300.0,415.13,2453000.0,402.16,4165600.0,86.2773487773488,2.9846072314696492,6.30594788144021,0.012528716576273524,0.009971091005087
GS,2024-05-07,428.97,431.14,426.75,427.65,427.65,2058200,Financials,421.12800000000004,415.63599999999997,402.36199999999997,391.3675999999999,414.0512970267432,404.2177375436279,9.833559483115323,7.534446998439493,427.52,1914300.0,411.18,1829900.0,408.57,2662300.0,84.63063063063066,4.005545016780965,4.669946398413982,0.0003040793413173759,0.00948448732345915
GS,2024-05-08,426.68,431.71,425.96,430.68,430.68,2006700,Financials,424.98199999999997,417.94000000000005,404.5875,392.50239999999997,416.6095590226289,406.1779051329888,10.431653889640074,8.11388837667961,427.65,2058200.0,411.41,2310100.0,407.64,1575900.0,86.5650969529086,4.683891981235266,5.652045922873139,0.007085233251490797,0.009186039630497295
GS,2024-05-09,430.09,439.82,430.09,438.98,438.98,2710200,Financials,429.412,421.36199999999997,407.386,393.7046000000001,420.0511653268398,408.6076899379526,11.44347538888718,8.779805779121125,430.68,2006700.0,416.83,2087500.0,404.76,1970100.0,88.09815950920247,5.313916944557739,8.454392726554016,0.01927184916875646,0.00893917067452149
GS,2024-05-10,439.9,442.05,437.78,438.18,438.18,1823900,Financials,432.60200000000003,423.979,410.5295,394.9703999999999,422.8402168150183,410.7982314240302,12.041985390988145,9.43224170149453,438.98,2710200.0,422.23,2406300.0,412.01,2322700.0,83.89160707564922,3.777561992279077,6.351787577971413,-0.0018224064877671031,0.00872902324786444
GS,2024-05-13,439.66,440.56,436.82,437.05,437.05,1579600,Financials,434.508,426.171,413.0675,396.232,425.0263373050155,412.74280687410203,12.283530430913459,10.002499447378316,438.18,1823900.0,427.52,1914300.0,415.13,2453000.0,79.75344755536983,2.2291354790419327,5.2802736492183255,-0.0025788488748915706,0.00913401387105945
GS,2024-05-14,438.28,444.96,437.49,441.78,441.78,2412900,Financials,437.334,429.23099999999994,416.03550000000007,397.5082,427.60382387347465,414.89371006861296,12.710113804861692,10.544022318874992,437.05,1579600.0,427.65,2058200.0,411.18,1829900.0,83.04297328687574,3.3041038232199282,7.441996206041135,0.01082256034778628,0.00763576092793366
GS,2024-05-15,444.79,449.22,444.17,449.13,449.13,2217700,Financials,441.024,433.003,419.03150000000005,398.9572,430.91554327755546,417.42973154501203,13.485811732543425,11.13238020160868,441.78,2412900.0,430.68,2006700.0,411.41,2310100.0,89.52431854623197,4.283923098356079,9.16846941007754,0.016637240255330754,0.007766692757234789
GS,2024-05-16,447.47,451.21,445.45,447.61,447.61,2070300,Financials,442.75,436.081,421.98999999999995,400.40160000000003,433.4839212348546,419.6653069861223,13.818614248732331,11.66962701103341,449.13,2217700.0,438.98,2710200.0,416.83,2087500.0,85.31746031746036,1.9659209986787607,7.384305352301901,-0.003384320797987228,0.008472501284057708
GS,2024-05-17,449.4,451.6,447.35,450.7,450.7,1655900,Financials,445.254,438.928,425.05999999999995,401.92979999999994,436.1325487371847,421.96417313529844,14.168375601886282,12.169376729203986,447.61,2070300.0,438.18,1823900.0,422.23,2406300.0,85.30871550526109,2.8572732666940492,6.742770527911324,0.006903331024775916,0.008226901524184595
GS,2024-05-20,451.16,454.32,445.76,446.09,446.09,2591500,Financials,447.062,440.785,427.25649999999996,403.3936,437.6644643160794,423.7512714215726,13.913192894506778,12.518139962264545,450.7,1655900.0,437.05,1579600.0,427.52,1914300.0,84.20536939055457,2.0684132250314624,4.3436564371257536,-0.010228533392500627,0.009453625278037147
GS,2024-05-21,445.41,454.16,445.38,453.29,453.29,2762600,Financials,449.3639999999999,443.349,429.4925,405.01739999999995,440.0683928828364,425.939325390345,14.129067492491401,12.840325468309917,446.09,2591500.0,441.78,2412900.0,427.65,2058200.0,86.10344827586206,2.6053691882837793,5.9955571144627795,0.01614024075859133,0.010019162428789906
GS,2024-05-22,450.35,453.21,443.02,445.55,445.55,2729500,Financials,448.648,444.83599999999996,431.38800000000003,406.44739999999996,440.9117170547077,427.39196795402313,13.519749100684578,12.976210194784851,453.29,2762600.0,449.13,2217700.0,430.68,2006700.0,73.80636604774536,-0.7970966089996145,3.452679483607324,-0.017075161596329047,0.012341397699964899
GS,2024-05-23,447.33,447.41,440.76,441.47,441.47,2254500,Financials,447.41999999999996,445.08500000000004,433.22349999999994,407.7162,440.99760673859885,428.43478514261403,12.562821595984815,12.893532475024845,445.55,2729500.0,447.61,2070300.0,438.98,2710200.0,66.30508474576271,-1.3717298541140677,0.5672240193175027,-0.009157221411738248,0.011545263912766815
GS,2024-05-24,443.1,448.32,442.39,444.39,444.39,1932200,Financials,446.158,445.70599999999996,434.8424999999999,409.1146,441.519513394199,429.6166529098278,11.902860484371217,12.695398076894119,441.47,2254500.0,450.7,1655900.0,438.18,1823900.0,64.89493201483313,-1.4000443754160208,1.4172257976174052,0.006614265975037892,0.011654232540399486
GS,2024-05-28,443.2,446.81,442.21,443.07,443.07,1930800,Financials,445.554,446.308,436.2395,410.5136,441.7580497950915,430.61319713872945,11.144852656362048,12.385288992787705,444.39,1932200.0,446.09,2591500.0,437.05,1579600.0,63.33448633690766,-0.6769934318186843,1.3774167715364438,-0.0029703638695740553,0.011669990220692743
GS,2024-05-29,438.28,442.04,435.21,440.53,440.53,2315700,Financials,443.00200000000007,446.183,437.707,411.91659999999996,441.5691190573851,431.34777512845324,10.221343928931844,11.952499980016533,443.07,1930800.0,453.29,2762600.0,441.78,2412900.0,58.59061573347285,-2.814974960841854,-0.2829462628457624,-0.005732728462771175,0.011359682711434473
GS,2024-05-30,439.15,441.93,433.92,436.47,436.47,2135000,Financials,441.18600000000004,444.91700000000003,438.96000000000004,413.1558,440.78463920240273,431.72719919301227,9.057440009390461,11.37348798589132,440.53,2315700.0,445.55,2729500.0,449.13,2217700.0,47.63608965906951,-2.0379306475143077,-2.8187829804288245,-0.009216171429868414,0.009950046548490474
GS,2024-05-31,436.01,442.81,434.42,442.57,442.57,2638300,Financials,441.40600000000006,444.413,440.247,414.3664,441.05931009434073,432.5303696231595,8.528940471181215,10.8045784829493,436.47,2135000.0,441.47,2254500.0,447.61,2070300.0,53.759205343380714,0.24916755385415712,-1.1259802059828905,0.013975760075148225,0.01126621610405683
GS,2024-06-03,444.84,444.84,436.44,441.07,441.07,1930700,Financials,440.742,443.45,441.189,415.21479999999997,441.06095469521136,433.1629348362588,7.89801985895258,10.223266758149958,442.57,2638300.0,444.39,1932200.0,450.7,1655900.0,53.42069434989787,-0.7470915187110405,-2.136676281340133,-0.0033892943489165495,0.010921253701816541
GS,2024-06-04,436.73,443.72,435.48,441.38,441.38,1835000,Financials,440.404,442.979,441.88199999999995,416.2022,441.1100385882558,433.77160632986926,7.338432258386547,9.646299858197276,441.07,1930700.0,443.07,1930800.0,446.09,2591500.0,49.63194700036807,-0.3814295709481552,-1.0558407496245148,0.0007028362844900826,0.010558741046466818
GS,2024-06-05,443.56,448.87,443.52,447.57,447.57,1678900,Financials,441.812,442.407,442.878,417.3496,442.1038788054472,434.79370956469376,7.310169240753453,9.179073734708512,441.38,1835000.0,440.53,2315700.0,453.29,2762600.0,48.533283189168856,1.598075045967362,-1.2618853272739372,0.01402419683719236,0.01019165425199425
GS,2024-06-06,447.7,450.32,443.04,444.1,444.1,1598000,Financials,443.338,442.262,443.549,418.4036,442.41097437383996,435.4830644117535,6.92790996208646,8.728840980184101,447.57,1678900.0,436.47,2135000.0,445.55,2729500.0,46.816615272991115,1.7481155634980539,-0.3254404668387334,-0.007752977187925891,0.008928582090934233
GS,2024-06-07,441.52,447.06,440.61,441.01,441.01,1736100,Financials,443.026,442.216,443.6505,419.221,442.19543985478765,435.89246704791987,6.3029728068677855,8.243667345520839,444.1,1598000.0,442.57,2638300.0,441.47,2254500.0,41.21168148013785,-0.35248661228731715,-0.10419734070266085,-0.006957892366584173,0.008710315840063647
GS,2024-06-10,438.5,441.44,436.54,439.69,439.69,1698600,Financials,442.75,441.746,443.726,419.965,441.80998756943575,436.17376578511096,5.636221784324789,7.72217823328163,441.01,1736100.0,441.07,1930700.0,444.39,1932200.0,43.82716049382717,-0.31287550728908986,-1.0576295596210539,-0.0029931294074964088,0.008415969849676895
GS,2024-06-11,437.25,438.05,429.83,430.69,430.69,1938200,Financials,440.61199999999997,440.508,443.408,420.6096,440.099220251061,435.76756091213974,4.33165933892127,7.044074454409558,439.69,1698600.0,441.38,1835000.0,443.07,1930800.0,28.933631618195307,-2.421949340704155,-2.794140880673479,-0.020468966772043906,0.010439833292738964
GS,2024-06-12,441.67,443.65,432.55,434.98,434.98,1733000,Financials,438.09400000000005,439.953,443.06800000000004,421.4048,439.31164790474395,435.709223066796,3.602424837947922,6.355744531117232,430.69,1938200.0,447.57,1678900.0,440.53,2315700.0,39.470013947001384,-2.812967803918931,-1.2598460944771017,0.009960760639903476,0.011105139699450551
GS,2024-06-13,433.08,434.62,428.64,432.71,432.71,1849100,Financials,435.816,439.57700000000006,442.24699999999996,422.0804,438.2960097655525,435.4870583951815,2.8089513703710054,5.646385898967987,434.98,1733000.0,444.1,1598000.0,436.47,2135000.0,40.946672178586134,-2.5647376716955717,-0.8614566865993156,-0.005218630741643415,0.010854089607275694
GS,2024-06-14,428.48,434.53,425.73,432.81,432.81,1559100,Financials,434.17600000000004,438.601,441.50700000000006,422.90740000000005,437.4520082631599,435.2887577733162,2.1632504898436764,4.949758817143125,432.71,1849100.0,441.01,1736100.0,442.57,2638300.0,37.291483757682194,-1.8593682682932378,-2.2053008563617027,0.00023110166162099155,0.009567464082963707
GS,2024-06-17,431.49,437.0,429.84,436.42,436.42,1531600,Financials,433.52199999999993,438.1360000000001,440.793,423.77139999999997,437.2932377611353,435.3725534938113,1.9206842673239635,4.343943907179293,432.81,1559100.0,439.69,1698600.0,441.07,1930700.0,43.05120167189135,-0.7437057927175972,-1.0542544267349796,0.008340842401977744,0.01010741688575466
GS,2024-06-18,435.83,443.7,434.8,443.45,443.45,1798400,Financials,436.07399999999996,438.343,440.66099999999994,424.7284,438.2404319517299,435.9708828646401,2.2695490870897856,3.9290649431613915,436.42,1531600.0,430.69,1938200.0,441.38,1835000.0,52.78945357279329,2.962687780073825,0.4689836422130611,0.016108336006599,0.011479003644029711
GS,2024-06-20,444.0,446.34,441.33,444.05,444.05,2080600,Financials,437.88800000000003,437.991,440.19900000000007,425.69419999999997,439.1342116514638,436.5693359857779,2.564875665685861,3.6562270876662857,443.45,1798400.0,434.98,1733000.0,447.57,1678900.0,57.753682487725015,2.085153340383461,-0.7864691556627945,0.0013530273988049402,0.010479445991356877
GS,2024-06-21,444.66,444.78,436.15,436.42,436.42,3780800,Financials,438.63,437.22300000000007,439.7425,426.6992000000001,438.71664062816166,436.5582740609055,2.1583665672561665,3.3566549835842623,444.05,2080600.0,432.71,1849100.0,444.1,1598000.0,43.90001983733389,0.857387164613721,-1.7293402386849843,-0.017182749690350163,0.01155019895622806
GS,2024-06-24,437.46,449.35,436.25,447.97,447.97,1882200,Financials,441.662,437.919,440.0675,427.99839999999995,440.14023437767526,437.403587093431,2.7366472842442704,3.232653443716264,436.42,3780800.0,432.81,1559100.0,441.01,1736100.0,55.706252067482644,3.502691712298711,1.5781955057708519,0.026465331561340122,0.014350527326973768
GS,2024-06-25,445.42,449.89,442.79,443.4,443.4,1555900,Financials,443.058,438.2900000000001,440.01800000000003,429.3602,440.64173678110984,437.8477658272509,2.7939709538589454,3.144916945744801,447.97,1882200.0,436.42,1531600.0,439.69,1698600.0,51.560568603213824,1.5993767471701448,0.8437762969364826,-0.010201575998392887,0.014784684399121518
GS,2024-06-26,441.49,443.93,438.62,441.93,441.93,2131700,Financials,442.754,439.41400000000004,439.96099999999996,430.473,440.83993112247754,438.15015354375083,2.689777578726705,3.053889072341182,443.4,1555900.0,443.45,1798400.0,430.69,1938200.0,45.30000000000002,-0.34276694103054783,2.6097657247672323,-0.0033152909336940928,0.01289988709323592
GS,2024-06-27,436.03,436.03,429.27,432.33,432.33,2835200,Financials,440.41,439.149,439.55100000000004,431.47119999999995,439.53071094978867,437.71903105902857,1.8116798907601037,2.8054472360249667,441.93,2131700.0,444.05,2080600.0,434.98,1733000.0,41.10086193860577,-2.6393424163945522,-0.609223412570703,-0.02172289729142629,0.014674732772641485
GS,2024-06-28,436.34,443.36,435.79,438.49,438.49,3839700,Financials,440.82399999999996,439.72700000000003,439.65199999999993,432.4568,439.37060157289807,437.77613986947085,1.5944617034272142,2.563250129505416,432.33,2835200.0,436.42,3780800.0,432.71,1849100.0,48.17919075144511,0.4743137344759729,1.3357676041690913,0.01424837508384802,0.015260834144450747
GS,2024-07-01,440.62,449.84,440.13,449.49,449.49,1850500,Financials,441.128,441.395,439.99799999999993,433.6778,440.92743210014453,438.643833212473,2.2835988876715305,2.5073198811386392,438.49,3839700.0,447.97,1882200.0,432.81,1559100.0,56.21196754563894,0.3393084358327636,3.8538850765925003,0.025086090902871172,0.016971583993309603
GS,2024-07-02,447.4,452.02,445.55,451.38,451.38,1491800,Financials,442.724,442.89099999999996,440.5135,434.91939999999994,442.53551946935306,439.587252974512,2.94826649484105,2.5955092038791214,449.49,1850500.0,443.4,1555900.0,436.42,1531600.0,64.4141005991361,1.799729364005409,3.4278905641354607,0.0042047654007875135,0.01690207591793996
GS,2024-07-03,454.7,455.53,451.58,453.62,453.62,993900,Financials,445.062,443.908,441.1255,435.94859999999994,444.24082416637566,440.62671571714077,3.614108449234891,2.7992290529502757,451.38,1491800.0,441.93,2131700.0,443.45,1798400.0,63.36775674125068,2.6452153055913863,2.2933814409741737,0.0049625592627053905,0.01633661332683634
GS,2024-07-05,453.18,453.29,446.07,450.54,450.54,1593800,Financials,448.704,444.55699999999996,441.27400000000006,436.78799999999995,445.2099281407794,441.3610330714266,3.848895069352807,3.009162256230782,453.62,993900.0,432.33,2835200.0,444.05,2080600.0,62.64001134269107,4.212060231767412,1.461547123071738,-0.006789824081830598,0.016594924992146768
GS,2024-07-08,453.36,460.35,449.86,450.61,450.61,2214300,Financials,451.12800000000004,445.976,441.5995,437.6474,446.04070842681335,442.0461417328024,3.9945666940109277,3.206243143786811,450.54,1593800.0,438.49,3839700.0,436.42,3780800.0,62.62411347517731,2.764031106752718,3.2514550203931902,0.00015536911262037378,0.015270190174331271
GS,2024-07-09,451.37,464.65,447.47,458.38,458.38,4525100,Financials,452.90600000000006,447.017,442.468,438.7198,447.9390609765344,443.25605716000223,4.683003816532164,3.5015952783358815,450.61,2214300.0,449.49,1850500.0,447.97,1882200.0,64.70667023841412,1.9777970588889637,2.3238163269861722,0.017243292425822787,0.013936594273274325
GS,2024-07-10,458.07,465.19,455.49,464.25,464.25,1946000,Financials,455.48,449.10200000000003,443.696,439.7646,450.44843621091377,444.81116403703913,5.637272173874635,3.9287306574436327,458.38,4525100.0,451.38,1491800.0,443.4,1555900.0,64.14965986394557,2.8512561478133636,4.7023004059540074,0.012805968846808291,0.013520362907921156
GS,2024-07-11,465.33,468.39,461.71,464.58,464.58,2251400,Financials,457.672,451.367,445.3905,440.7536,452.6225229476962,446.27552225651766,6.34700069117855,4.412384664190617,464.25,1946000.0,453.62,993900.0,441.93,2131700.0,64.0174791752014,2.416119218729329,5.1252460796958665,0.0007108239095314772,0.013313933818862783
GS,2024-07-12,466.23,468.66,463.49,465.21,465.21,2727800,Financials,460.60600000000005,454.65500000000003,446.90199999999993,441.83420000000007,454.5590578788199,447.67807616344226,6.880981715377629,4.906104074428019,464.58,2251400.0,450.54,1593800.0,432.33,2835200.0,71.73486335497505,3.256092688773471,7.605301505794193,0.0013560635412630528,0.009644074753939495
GS,2024-07-15,465.57,477.93,461.75,477.18,477.18,3568200,Financials,465.91999999999996,458.524,449.1255,443.14959999999996,458.0392028205399,449.8634038550391,8.175798965500803,5.560043052642576,465.21,2727800.0,450.61,2214300.0,438.49,3839700.0,71.91297824456112,5.896451476886888,8.823462336655341,0.025730315341458754,0.011120692679129539
GS,2024-07-16,478.9,491.11,476.95,487.64,487.64,3981700,Financials,471.77199999999993,462.33900000000006,451.867,444.5658,462.59317161737994,452.6616702361473,9.931501381232636,6.434334718360588,477.18,3568200.0,458.38,4525100.0,449.49,1850500.0,80.49352081610148,6.383350058903092,8.487396827515624,0.021920449306341405,0.010631874737896278
GS,2024-07-17,487.63,493.91,484.16,486.83,486.83,3908900,Financials,476.2879999999999,465.884,454.3875,445.8578,466.32191444547533,455.1926576260623,11.129256819413001,7.3733191385710715,487.64,3981700.0,464.25,1946000.0,451.38,1491800.0,81.23260990539788,4.863758750673131,7.8536931188798675,-0.0016610614387663203,0.011032882064469377
GS,2024-07-18,484.25,488.29,469.42,471.35,471.35,3320200,Financials,477.642,467.65700000000004,455.78249999999997,446.73440000000005,467.09546606924835,456.38949780190956,10.70596826733879,8.039848964324616,486.83,3908900.0,464.58,2251400.0,453.62,993900.0,75.09002057613174,1.4572301864049342,3.9085578237291196,-0.031797547398475734,0.016695944079876093
GS,2024-07-19,474.17,477.54,468.42,470.11,470.11,2032700,Financials,478.62199999999996,469.61400000000003,457.08549999999997,447.5836,467.55924052013324,457.4058312980644,10.15340922206883,8.46256101587346,471.35,3320200.0,465.21,2727800.0,450.54,1593800.0,71.7051070840198,1.0532877625158532,4.343676477116354,-0.002630741487217536,0.01644816392298138
GS,2024-07-22,469.75,474.51,467.64,472.15,472.15,1792500,Financials,477.616,471.76800000000003,458.87199999999996,448.413,468.26551120934346,458.4979919426522,9.767519266691238,8.723552666037016,470.11,2032700.0,477.18,3568200.0,450.61,2214300.0,67.73638071383846,-1.0541095603336381,4.780186857814961,0.004339409925336435,0.016381747402734282
GS,2024-07-23,472.19,480.65,471.42,477.11,477.11,2020500,Financials,475.51000000000005,473.64099999999996,460.329,449.1756,469.6262017925214,459.87665920615945,9.74954258636194,8.928750650102,472.15,1792500.0,487.64,3981700.0,458.38,4525100.0,69.21583271097838,-2.159379870396183,4.086129412278017,0.010505136079635768,0.0159459172106806
GS,2024-07-24,474.31,480.83,470.97,471.82,471.82,1598600,Financials,472.508,474.39799999999997,461.75,449.8484,469.96370920905656,460.7613511168143,9.202358092242264,8.983472138530052,477.11,2020500.0,486.83,3908900.0,464.25,1946000.0,63.00000000000001,-3.0832117987798613,1.6305869682283314,-0.011087589863972735,0.016287560498808713
GS,2024-07-25,471.19,480.95,468.46,476.68,476.68,1489700,Financials,473.57399999999996,475.608,463.4875,450.64099999999996,470.99698471535555,461.94051029334656,9.05647442200899,8.99807259522584,471.82,1598600.0,471.35,3320200.0,464.58,2251400.0,68.20841460016717,1.1307945263604458,2.60450299194972,0.010300538340892729,0.016501236547844186
GS,2024-07-26,480.57,488.59,480.5,483.78,483.78,2249700,Financials,476.308,477.465,466.06000000000006,451.481,472.96360245145473,463.5582502716172,9.405352179837507,9.079528512148174,476.68,1489700.0,470.11,2032700.0,465.21,2727800.0,71.04428372034005,2.907830082321161,3.991745663248847,0.014894688260468136,0.016928804699909126
GS,2024-07-29,485.12,486.66,476.05,477.66,477.66,1599500,Financials,477.40999999999997,477.51300000000003,468.0185,452.05159999999995,473.68612515123095,464.60282432557153,9.083300825659421,9.080282974850425,483.78,2249700.0,472.15,1792500.0,477.18,3568200.0,62.49351995852778,1.167002012072449,0.10059097196026823,-0.012650378271114815,0.015779462837451214
GS,2024-07-30,483.08,493.9,483.07,490.21,490.21,2642500,Financials,480.03000000000003,477.77,470.0545,452.9035999999999,476.22825974334927,466.49965215330695,9.728607590042316,9.209947897888803,477.66,1599500.0,477.11,2020500.0,487.64,3981700.0,65.48187022900765,2.7456980570518263,0.5270281355097994,0.026273918686932074,0.016488997532976033
GS,2024-07-31,489.43,501.45,489.43,493.47,493.47,2658900,Financials,484.36,478.434,472.159,453.759,478.8808351674494,468.49745569750644,10.383379469942952,9.444634212299633,490.21,2642500.0,471.82,1598600.0,486.83,3908900.0,66.64745879912417,4.588614302064364,1.3639258057227543,0.0066502111340038805,0.01656891269852492
GS,2024-08-01,494.41,498.31,479.56,484.83,484.83,4006800,Financials,485.98999999999995,479.782,473.71950000000004,454.53380000000004,479.7960912955341,469.7072737939874,10.088817501546714,9.573470870149048,493.47,2658900.0,476.68,1489700.0,471.35,3320200.0,60.35028487022579,1.7097423848283944,2.859870584491353,-0.0175086631406165,0.013757920897034205
GS,2024-08-02,476.09,479.35,452.93,456.25,456.25,6115500,Financials,480.48400000000004,478.396,474.005,454.593,476.17361571160575,468.7104386981365,7.463177013469249,9.15141209881309,484.83,4006800.0,483.78,2249700.0,470.11,2032700.0,40.60508124607235,-5.690603166728669,-2.9482461551551764,-0.058948497411463796,0.023995315944316108
GS,2024-08-05,433.91,449.02,424.0,444.99,444.99,4177200,Financials,473.95,475.67999999999995,473.72400000000005,454.5818,471.3761363713587,466.9533691649412,4.422767206417518,8.205683120333976,456.25,6115500.0,477.66,1599500.0,472.15,1792500.0,30.99206702914698,-6.839593015952772,-5.752409191994068,-0.024679452054794493,0.024787918845664888
GS,2024-08-06,446.92,460.72,443.45,455.85,455.85,2209300,Financials,467.078,473.554,473.59749999999997,454.86940000000004,468.98750000653433,466.13089737494556,2.856602631588771,7.135867022584935,444.99,4177200.0,490.21,2642500.0,477.11,2020500.0,37.32820680628273,-7.00924093755736,-4.455995472742136,0.024405042809950706,0.026145469061702134
GS,2024-08-07,464.74,473.62,458.13,458.55,458.55,2587600,Financials,460.09400000000005,472.22700000000003,473.3125,455.1526,467.38173077475983,465.5693494212459,1.8123813535139561,6.071169888770739,455.85,2209300.0,493.47,2658900.0,471.82,1598600.0,44.153115293257805,-7.076418019332486,-2.8125132465770752,0.005923000987166915,0.026203395805646356
GS,2024-08-08,463.26,472.82,462.58,470.92,470.92,1936400,Financials,457.312,471.651,473.6295,455.70959999999997,467.92607988633523,465.965693908561,1.9603859777742514,5.249013106571442,458.55,2587600.0,484.83,4006800.0,476.68,1489700.0,50.33584874367693,-2.869046882412385,-1.2083578081731994,0.02697633845818337,0.027604119400804084
GS,2024-08-09,470.19,476.96,467.46,475.27,475.27,1622700,Financials,461.116,470.8,474.13250000000005,456.4044,469.05591374997596,466.6549017671861,2.4010119827898393,4.6794128818151215,470.92,1936400.0,456.25,6115500.0,483.78,2249700.0,51.269324654190406,4.168767123287664,-1.7590640373723598,0.009237237747387939,0.027301521784997992
GS,2024-08-12,475.27,477.8,468.96,470.66,470.66,1839300,Financials,466.25,470.1,473.8065,457.0882,469.30269624997965,466.95157571035753,2.3511205396221158,4.21375441337652,475.27,1622700.0,444.99,4177200.0,477.66,1599500.0,47.368421052631575,5.768668958853018,-1.4654775363229122,-0.009699749616007614,0.027182493569905805
GS,2024-08-13,475.3,478.19,471.6,476.9,476.9,1243700,Financials,470.46000000000004,468.76900000000006,473.2695,457.7748,470.47151221152126,467.68849602810883,2.7830161834124283,3.927606767383702,470.66,1839300.0,455.85,2209300.0,490.21,2642500.0,52.05668016194332,4.617747065920796,-2.7151628893739455,0.013257978158330852,0.026010479678698913
GS,2024-08-14,477.83,484.09,473.47,483.46,483.46,1545600,Financials,475.442,467.76800000000003,473.10099999999994,458.62260000000003,472.46974110205645,468.8567555815822,3.61298552047424,3.8646825180018096,476.9,1243700.0,458.55,2587600.0,493.47,2658900.0,52.70766773162939,5.432341075128111,-2.0284921069163353,0.013755504298595067,0.02638075955206684
GS,2024-08-15,489.56,491.42,483.03,483.77,483.77,1732300,Financials,478.012,467.662,473.72200000000004,459.4704,474.20824247097084,469.96144035331685,4.246802117653999,3.9411064379322474,483.46,1545600.0,470.92,1936400.0,484.83,4006800.0,49.995777383666926,2.728701265607736,-0.21863333539591245,0.0006412112687710358,0.02579221864261372
GS,2024-08-16,481.86,489.48,481.81,488.85,488.85,1587000,Financials,480.72799999999995,470.922,474.659,460.296,476.4608205523599,471.3605929197378,5.1002276326220795,4.172930676870214,483.77,1732300.0,475.27,1622700.0,456.25,6115500.0,54.76697622901935,2.8573232057567344,7.145205479452055,0.010500857845670453,0.015377123380058907
GS,2024-08-19,489.56,492.26,486.52,489.25,489.25,1027900,Financials,484.446,475.34800000000007,475.514,461.19899999999996,478.4283866212276,472.6857341849425,5.742652436285141,4.4868750287532,488.85,1587000.0,470.66,1839300.0,444.99,4177200.0,49.54381296331497,3.949772659669404,9.946290927886015,0.00081824690600385,0.011035774827699596
GS,2024-08-20,488.47,488.75,481.32,482.14,482.14,2122700,Financials,485.49399999999997,477.977,475.7655,462.0216,478.99940406411565,473.386050171243,5.613353892872624,4.712170801577085,489.25,1027900.0,476.9,1243700.0,455.85,2209300.0,44.8060878335014,1.0987628433633878,5.7672479982450175,-0.014532447623914146,0.012047278971933983
GS,2024-08-21,484.23,485.47,478.93,481.29,481.29,917100,Financials,485.06000000000006,480.25100000000003,476.23900000000003,462.85360000000003,479.3518034388671,473.97152793633614,5.380275502530935,4.845791741767855,482.14,2122700.0,483.46,1545600.0,458.55,2587600.0,48.252369668246466,-0.4488478881396474,4.959110238796205,-0.0017629734102126982,0.012273657132215439
GS,2024-08-22,481.81,484.43,479.67,482.54,482.54,943800,Financials,484.814,481.413,476.532,463.89059999999995,479.84229521750296,474.60622957068165,5.2360656468213165,4.923846522778548,481.29,917100.0,483.77,1732300.0,470.92,1936400.0,67.77552400270457,-0.2542530541372878,2.4675104051643526,0.0025971867273368865,0.009517381842277331
GS,2024-08-23,487.38,496.78,484.57,493.85,493.85,1751800,Financials,485.814,483.271,477.03549999999996,465.068,481.9973267225025,476.03169404692744,5.96563267557508,5.132203753337854,482.54,943800.0,488.85,1587000.0,475.27,1622700.0,83.01351351351357,1.0228086325048569,3.9093567866686385,0.02343847142205835,0.011492111792266781
GS,2024-08-26,496.68,497.8,489.87,492.35,492.35,1084200,Financials,486.434,485.44000000000005,477.77,466.2608,483.59004568827135,477.24045745085874,6.349588237412604,5.375680650152804,493.85,1751800.0,489.25,1027900.0,470.66,1839300.0,78.23329207920797,0.6336228921819176,4.608422215612129,-0.0030373595221221406,0.010787511754125413
GS,2024-08-27,492.32,495.85,491.11,491.76,491.76,977900,Financials,488.358,486.92600000000004,477.8475,467.43979999999993,484.84696173622956,478.3159791211655,6.530982615064033,5.606741043135051,492.35,1084200.0,482.14,2122700.0,476.9,1243700.0,76.55525347833043,1.9952710830879017,3.1159572237366318,-0.001198334518127453,0.010457110680289863
GS,2024-08-28,491.12,492.83,483.23,487.95,487.95,1568100,Financials,489.69000000000005,487.375,477.5714999999999,468.4704,485.3243522383481,479.0296102973755,6.294741940972642,5.744341222702569,491.76,977900.0,481.29,917100.0,483.46,1545600.0,65.77728367611635,1.383781088325109,0.9287221279940416,-0.0077476817959980515,0.010236112023944382
GS,2024-08-29,490.53,497.55,485.82,494.51,494.51,1566300,Financials,492.084,488.44899999999996,478.05549999999994,469.49160000000006,486.7375288170638,480.17630583090323,6.561222986160544,5.907717575394164,487.95,1568100.0,482.54,943800.0,483.77,1732300.0,67.123531505874,2.480623368010937,2.220063253198834,0.013444000409878143,0.010964890251508954
GS,2024-08-30,495.22,498.5,492.63,497.58,497.58,1838900,Financials,492.83000000000004,489.322,480.12199999999996,470.5622,488.40560130674623,481.46546836194744,6.9401329447987905,6.11420064927509,494.51,1566300.0,493.85,1751800.0,488.85,1587000.0,74.63396778916541,0.7552900678343466,1.7858238723534647,0.006208165658935005,0.010686565842623359
GS,2024-09-03,494.87,497.04,473.35,475.36,475.36,2373600,Financials,489.43199999999996,487.933,481.6405,471.341,486.398585721093,481.0132114462476,5.38537427484539,5.96843537438915,497.58,1838900.0,492.35,1084200.0,489.25,1027900.0,48.9096573208723,-3.4507971971158735,-2.839039345937655,-0.04465613569677229,0.01819739906409844
GS,2024-09-04,474.61,483.88,474.61,478.46,478.46,1509400,Financials,486.77199999999993,487.56500000000005,482.771,471.9508,485.17726484092486,480.8240846724515,4.353180168473386,5.645384333205998,475.36,2373600.0,491.76,977900.0,482.14,2122700.0,46.27754615842763,-2.7045713356108725,-0.7632637823038912,0.006521373274991582,0.017894906414105755
GS,2024-09-05,481.32,483.46,471.07,475.77,475.77,1828300,Financials,484.33600000000007,487.01300000000003,483.63199999999995,472.5982,483.72999332693644,480.44970803004765,3.280285296888792,5.172364525942557,478.46,1509400.0,487.95,1568100.0,481.29,917100.0,44.24791486914006,-2.4961573931755354,-1.1469176587920016,-0.005622204573005107,0.017963792463482967
GS,2024-09-06,474.52,483.11,465.21,467.7,467.7,1995600,Financials,478.974,485.529,483.471,473.1136,481.26384050740774,479.5052852130071,1.7585552944006508,4.489602679634176,475.77,1828300.0,494.51,1566300.0,482.54,943800.0,35.41982627878116,-5.421528381630303,-3.0753927135574344,-0.0169619774260672,0.018582141946165188
GS,2024-09-09,473.47,482.01,471.39,476.44,476.44,1714200,Financials,474.746,483.788,483.5295,473.99580000000003,480.52171119857576,479.2782270490806,1.2434841494951456,3.8403789736063705,467.7,1995600.0,497.58,1838900.0,493.85,1751800.0,42.07988129096079,-4.248563045138464,-3.52536195200972,0.018687192644857742,0.017879588247594023
GS,2024-09-10,476.98,477.05,450.11,455.53,455.53,3583100,Financials,470.78000000000003,480.10599999999994,482.77299999999997,474.3366,476.67683255264103,477.51909911951907,-0.8422665668780382,2.903849865509489,476.44,1714200.0,475.36,2373600.0,492.35,1084200.0,35.94591739727474,-4.171575227196234,-7.478419823296445,-0.04388800268659232,0.02197579726621269
GS,2024-09-11,452.46,460.17,446.12,459.47,459.47,2426500,Financials,466.98199999999997,476.87699999999995,481.90149999999994,474.5362,474.0296275445424,476.1821288143695,-2.1525012698270984,1.8925796384421716,455.53,3583100.0,478.46,1509400.0,491.76,977900.0,38.840016366612126,-3.9689838230991037,-6.566211159915403,0.008649265690514385,0.022504893195418693
GS,2024-09-12,459.6,462.56,453.84,462.29,462.29,1480500,Financials,464.28599999999994,474.311,480.843,474.75440000000003,472.2235309992282,475.15308223552734,-2.929551236299119,0.9281534634939136,459.47,2426500.0,475.77,1828300.0,487.95,1568100.0,39.80670492298399,-2.8333018054942483,-5.258735526180958,0.006137506257209324,0.022847607163076968
GS,2024-09-13,464.17,470.13,463.69,467.1,467.1,1794500,Financials,464.166,471.57000000000005,480.0095,475.024,471.4352954608854,474.5565576254883,-3.1212621646029106,0.11827033787454877,462.29,1480500.0,467.7,1995600.0,494.51,1566300.0,35.59194226004526,-0.12828736369466798,-5.542860609492218,0.010404724307252922,0.02259158868949358
GS,2024-09-16,469.48,475.28,467.58,473.11,473.11,1500300,Financials,463.5,469.12299999999993,479.2225,475.47540000000004,471.6929423130569,474.4494052087855,-2.756462895728589,-0.4566763088460788,467.1,1794500.0,476.44,1714200.0,497.58,1838900.0,40.11711526607767,-0.6989337587104294,-4.917802162466334,0.012866623849282721,0.023066565628088023
GS,2024-09-17,475.88,477.57,469.84,473.34,473.34,1444900,Financials,467.06200000000007,468.921,478.42699999999996,475.93,471.94633580335585,474.3672270451717,-2.420891241815866,-0.8495192954400363,473.11,1500300.0,455.53,3583100.0,475.36,2373600.0,40.50319653536811,3.9097315215243844,-0.4249410972736567,0.00048614487117148997,0.018327265802570263
GS,2024-09-18,473.35,480.75,469.81,472.55,472.55,1699500,Financials,469.678,468.33000000000004,477.94750000000005,476.2134,472.0392072182242,474.23261763441826,-2.1934104161940695,-1.1182975195908431,473.34,1444900.0,459.47,2426500.0,478.46,1509400.0,41.805023414218816,2.8467582214290355,-1.2352129749613305,-0.0016689905775973957,0.018172300536004042
GS,2024-09-19,482.46,493.84,481.21,491.32,491.32,3060700,Financials,475.48400000000004,469.88500000000005,478.44899999999996,476.75479999999993,475.00548303080507,475.49834966149837,-0.4928666306932996,-0.9932113418113344,472.55,1699500.0,462.29,1480500.0,475.77,1828300.0,48.49769238014505,6.279608038244389,3.2683859848245955,0.039720664479949264,0.022139839821031352
GS,2024-09-20,487.77,489.58,483.18,486.05,486.05,4452600,Financials,479.274,471.71999999999997,478.6245,477.18420000000003,476.7046394876043,476.27995339027626,0.4246860973280491,-0.7096318539834577,491.32,3060700.0,467.1,1794500.0,467.7,1995600.0,44.68026206514719,4.056947120530929,3.923455206328841,-0.010726206952698769,0.021582048800861512
GS,2024-09-23,485.84,488.95,482.92,485.06,485.06,953200,Financials,481.66399999999993,472.582,478.18500000000006,477.58119999999997,477.9900795664345,476.9303272132188,1.0597523532156856,-0.35575501254362907,486.05,4452600.0,473.11,1500300.0,476.44,1714200.0,55.56575625430342,2.525839656739448,1.8092519519771644,-0.002036827486884052,0.021009567083639356
GS,2024-09-24,485.23,487.16,481.83,485.65,485.65,1035400,Financials,484.12600000000003,475.59400000000005,477.85,477.7506000000001,479.1685288639061,477.5762289011285,1.592299962777588,0.033855982520614336,485.06,953200.0,473.34,1444900.0,455.53,3583100.0,54.24790263499941,2.600667596231032,6.612078238535335,0.001216344369768585,0.013599752157566213
GS,2024-09-25,486.12,489.53,478.22,478.94,478.94,1763900,Financials,485.404,477.541,477.209,477.5766,479.13337057715125,477.6772489825264,1.4561215946248467,0.3183091049414608,485.65,1035400.0,472.55,1699500.0,459.47,2426500.0,51.787930062041745,1.352237858427685,4.237491022264783,-0.013816534541336356,0.014990632727942274
GS,2024-09-26,481.73,486.02,480.25,484.58,484.58,1378100,Financials,484.0559999999999,479.77,477.04050000000007,477.5316,479.97131356528183,478.18856387270966,1.7827496925721675,0.6111972224676021,478.94,1763900.0,491.32,3060700.0,462.29,1480500.0,59.78891208536304,-1.3718147032483974,4.821648748620988,0.01177600534513723,0.015174087308083234
GS,2024-09-27,486.58,492.85,483.55,486.13,486.13,1420100,Financials,484.07199999999995,481.67299999999994,476.6215,477.82719999999995,480.9188037860077,478.7768184006571,2.1419853853506083,0.9173548550442034,484.58,1378100.0,486.05,4452600.0,467.1,1794500.0,56.13058332278882,0.016459212015229596,4.074074074074074,0.003198646250361259,0.015050119410058935
GS,2024-09-30,482.6,484.19,476.76,482.82,482.82,1602500,Financials,483.62399999999997,482.64399999999995,475.8835,478.0814,481.21129551123727,479.07631333394175,2.1349821772955124,1.1608803194944652,486.13,1420100.0,485.06,953200.0,473.11,1500300.0,72.21227413315975,-0.4617985403867597,2.0523768256853536,-0.006808878283586672,0.01506303307985929
GS,2024-10-01,482.3,482.3,472.58,478.0,478.0,1528600,Financials,482.09399999999994,483.10999999999996,476.0155,478.1984,480.71725004797,478.9965864203164,1.7206636276536074,1.2728369811262938,482.82,1602500.0,485.65,1035400.0,473.34,1444900.0,64.86920237522068,-1.575208483475754,0.9844931761524567,-0.009983016445051951,0.01554635286508444
GS,2024-10-02,478.97,482.57,475.83,479.77,479.77,1445100,Financials,482.26000000000005,483.832,476.081,478.25159999999994,480.5715192713593,479.0538763151078,1.5176429562515068,1.3217981761513364,478.0,1528600.0,478.94,1763900.0,472.55,1699500.0,64.26705843943847,0.173299369440838,1.527880647550517,0.0037029288702927765,0.015533341697815513
GS,2024-10-03,477.76,478.33,472.18,474.03,474.03,1290600,Financials,480.15,482.10299999999995,475.994,478.29580000000004,479.5651316911502,478.68173732880354,0.883394362346678,1.2341174133904047,479.77,1445100.0,484.58,1378100.0,491.32,3060700.0,55.57163531114325,-2.1771430929877433,-3.51909142717578,-0.011964066115013439,0.008417859364410337
GS,2024-10-04,483.33,483.99,473.93,482.86,482.86,1721600,Financials,479.496,481.784,476.75199999999995,478.4194,480.0720345078964,478.99123826741067,1.0807962404857108,1.203453178809466,474.03,1290600.0,486.13,1420100.0,486.05,4452600.0,57.49884633133365,-0.6726595766564425,-0.6563110791070859,0.018627513026601816,0.010496456727579703
GS,2024-10-07,482.35,486.62,478.6,482.34,482.34,1173300,Financials,479.4,481.512,477.0469999999999,478.39059999999995,480.4209522759123,479.23929469204694,1.1816575838653876,1.1990940598206503,482.86,1721600.0,482.82,1602500.0,485.06,953200.0,56.89127105666157,-0.09941593140301297,-0.5607553704696344,-0.0010769167046349448,0.010486330468781033
GS,2024-10-08,484.66,485.97,480.54,484.24,484.24,1296700,Financials,480.64799999999997,481.371,478.48249999999996,478.5222,481.0084980796181,479.60971730745086,1.3987807721672425,1.2390314022899689,482.34,1173300.0,478.0,1528600.0,485.65,1035400.0,58.8013853335341,1.305439330543945,-0.2903325440131721,0.003939130074221531,0.010571221474701796
GS,2024-10-09,485.83,493.7,482.95,492.64,492.64,1695900,Financials,483.22200000000004,482.741,480.1410000000001,478.5708,482.797959913523,480.57492343282485,2.2230364806981697,1.435832417971609,484.24,1296700.0,479.77,1445100.0,478.94,1763900.0,51.17773019271948,2.682535381536977,2.8604835678790685,0.017346770196596584,0.0107167879157805
GS,2024-10-10,493.74,494.22,487.18,491.21,491.21,1309000,Financials,486.658,483.404,481.587,478.5256,484.0921199268272,481.3627068822452,2.7294130445819746,1.6945485432936822,492.64,1695900.0,474.03,1290600.0,484.58,1378100.0,54.942528735632145,3.624243191359189,1.368195138057704,-0.0029027281584930176,0.010361667824941112
GS,2024-10-11,495.39,505.11,495.19,503.48,503.48,2409700,Financials,490.782,485.139,483.40599999999995,478.8986,487.0748707073153,483.00102489096776,4.073845816347557,2.1704079979044573,491.21,1309000.0,482.86,1721600.0,486.13,1420100.0,64.50850661625708,4.27038893260987,3.569004175837742,0.02497913316096989,0.012785552060785106
GS,2024-10-14,504.8,510.08,502.71,509.77,509.77,2174900,Financials,496.26800000000003,487.834,485.2389999999999,479.96899999999994,490.56642906003606,484.98391193608126,5.582517123954801,2.852829823114526,503.48,2409700.0,482.34,1173300.0,482.82,1602500.0,67.43278404163051,5.68685989136295,5.581790315231339,0.012493048383252381,0.012495595472302876
GS,2024-10-15,525.42,527.09,502.71,509.41,509.41,4525400,Financials,501.302,490.975,487.0425,481.25739999999996,493.46543997387664,486.7932517926678,6.672188181208867,3.616701494733394,509.77,2174900.0,484.24,1296700.0,478.0,1528600.0,74.24797071462677,5.1978357839088,6.571129707112977,-0.000706200835670856,0.011523628695421248
GS,2024-10-16,516.84,522.91,512.92,516.7,516.7,2649000,Financials,506.11400000000003,494.668,489.25,482.47439999999995,497.0399876702033,489.0085664746924,8.031421195510916,4.499645434888898,509.41,4525400.0,492.64,1695900.0,479.77,1445100.0,74.90694789081888,4.8838908736603015,7.697438355878883,0.014310673131662233,0.011729676329276045
GS,2024-10-17,518.05,522.0,515.11,515.86,515.86,2123500,Financials,511.04400000000004,498.851,490.47700000000003,483.62059999999997,499.9353741824797,490.9975615506411,8.937812631838597,5.387278874278838,516.7,2649000.0,491.21,1309000.0,474.03,1290600.0,73.31033401285869,5.018220313104371,8.824336012488665,-0.0016257015676408582,0.01017574618040166
GS,2024-10-18,516.24,517.59,513.79,515.38,515.38,1779200,Financials,513.424,502.10299999999995,491.94350000000003,484.50980000000004,502.31147046209816,492.80366810244544,9.507802359652715,6.211383571353613,515.86,2123500.0,503.48,2409700.0,482.86,1721600.0,76.71480144404327,2.3635496941288636,6.73487139129354,-0.0009304850153142308,0.009896874731714597
GS,2024-10-21,514.89,516.69,504.16,504.94,504.94,1752100,Financials,512.458,504.363,492.9375,485.1032,502.7158596217754,493.70265565041245,9.013203971362941,6.771747651355479,515.38,1779200.0,509.77,2174900.0,482.34,1173300.0,70.23737980769226,-0.9474861211919094,4.685491561968735,-0.02025689782296558,0.01293762479019886
GS,2024-10-22,502.81,506.73,500.2,505.43,505.43,1588000,Financials,511.6620000000001,506.48199999999997,493.9264999999999,485.7986,503.1334196799638,494.571347824456,8.562071855507838,7.129812492185952,504.94,1752100.0,509.41,4525400.0,484.24,1296700.0,69.65379901960782,-0.7812960091085785,4.3759292912605385,0.000970412326217085,0.012990077600680978
GS,2024-10-23,502.99,507.09,500.65,504.36,504.36,1263200,Financials,509.1940000000001,507.654,495.19749999999993,486.3478,503.3221243445847,495.29643317079257,8.025691173792154,7.308988228507192,505.43,1588000.0,516.7,2649000.0,492.64,1695900.0,75.02062365946212,-2.3882330172247057,2.379019162065621,-0.002117009279227533,0.012267365696400795
GS,2024-10-24,506.11,511.96,505.33,511.48,511.48,2058200,Financials,508.31800000000004,509.68100000000004,496.5424999999999,486.9082,504.5771821377256,496.495215898882,8.081966238843563,7.463583830574467,504.36,1263200.0,515.86,2123500.0,491.21,1309000.0,74.29541595925294,-0.8490675764742384,4.1265446550355245,0.0141169006265367,0.012622137239195107
GS,2024-10-25,514.94,515.67,498.06,499.87,499.87,1633200,Financials,505.216,509.32,497.22950000000003,487.23019999999997,503.8530002703832,496.7451999063722,7.107800364010984,7.3924271372617705,511.48,2058200.0,515.38,1779200.0,503.48,2409700.0,62.523217602514656,-3.009429935193453,-0.7170096130928783,-0.022698834754047104,0.012871224302651562
GS,2024-10-28,502.6,511.56,502.19,510.58,510.58,1687100,Financials,506.34399999999994,509.401,498.6175,487.6648,504.88792330570885,497.7699999133076,7.117923392401281,7.337526388289673,499.87,1633200.0,504.94,1752100.0,509.77,2174900.0,66.71319796954313,1.1169643918089278,0.1588951880259648,0.021425570648368586,0.014132421211964844
GS,2024-10-29,508.24,514.15,508.06,511.26,511.26,1281600,Financials,507.51000000000005,509.58600000000007,500.2805,488.105,505.86824279713824,498.7692591789885,7.098983618149759,7.289817834261691,510.58,1687100.0,505.43,1588000.0,509.41,4525400.0,63.09791783905458,1.1534732801772751,0.3631652303645261,0.0013318187159701012,0.014131813362259982
GS,2024-10-30,510.4,517.61,510.08,511.38,511.38,1441600,Financials,508.91400000000004,509.054,501.861,488.68980000000005,506.71620544373235,499.703388128693,7.012817315039342,7.2344177304172215,511.26,1281600.0,504.36,1263200.0,516.7,2649000.0,64.45463666332235,1.3918629550321082,-1.0296109928391806,0.00023471423541843173,0.01327304126569851
GS,2024-10-31,509.47,511.96,501.75,504.93,504.93,2061700,Financials,507.604,507.96099999999996,503.40599999999995,489.1626,506.4414046062351,500.0905445636046,6.350860042630472,7.057706192859872,511.38,1441600.0,511.48,2058200.0,515.86,2123500.0,51.13369820172008,-1.2805974818174692,-2.118791920288454,-0.012612929719582278,0.013779813170312637
GS,2024-11-01,507.09,513.56,504.2,506.45,506.45,1625000,Financials,508.91999999999996,507.06800000000004,504.5855,489.6408,506.4427269745066,500.56161533667097,5.881111637835659,6.822387281855029,504.93,2061700.0,499.87,1633200.0,515.38,1779200.0,47.19499831023995,1.3163422489847365,-1.7327020838992624,0.003010318261937206,0.013871548540470163
GS,2024-11-04,505.14,505.19,497.83,498.77,498.77,1797800,Financials,506.558,506.451,505.40700000000004,489.73920000000004,505.2623074399672,500.42890308951013,4.8334043504570445,6.424590695575432,506.45,1625000.0,510.58,1687100.0,504.94,1752100.0,41.99999999999998,-2.3130557405303787,-1.2219273577058654,-0.01516437950439331,0.013189662933316417
GS,2024-11-05,500.26,514.36,499.87,513.88,513.88,2169900,Financials,507.082,507.296,506.889,490.16979999999995,506.58810629535685,501.4252806384353,5.162825656921541,6.172237687844655,498.77,1797800.0,511.26,1281600.0,505.43,1588000.0,48.10279870828845,0.512459413996802,1.6718437765862681,0.030294524530344757,0.01654621991762207
GS,2024-11-06,553.21,583.75,552.04,581.18,581.18,8042800,Financials,521.042,514.9780000000001,511.316,491.9582,518.0637822499173,507.3330376281809,10.730744621736392,7.083939074623002,513.88,2169900.0,511.38,1441600.0,504.36,1263200.0,73.19931808495524,13.64934099886581,15.231184074867144,0.13096442749279968,0.04392646442882602
GS,2024-11-07,575.35,580.23,567.08,567.71,567.71,4475600,Financials,533.598,520.601,515.141,493.5534,525.7016619037762,511.8054052112786,13.896256692497616,8.446402598197926,581.18,8042800.0,504.93,2061700.0,511.48,2058200.0,67.01567275801526,12.433406610817354,10.993587237037627,-0.023176984755153174,0.04557064868884579
GS,2024-11-08,571.86,580.37,566.87,574.63,574.63,2714000,Financials,547.234,528.077,518.6985000000001,495.1558,533.2290985339645,516.459078899332,16.77001963463249,10.11112600548484,567.71,4475600.0,506.45,1625000.0,499.87,1633200.0,73.19134775374378,13.462335867311669,14.955888531018058,0.012189322012999604,0.04398113720374101
GS,2024-11-11,584.03,592.07,581.37,587.38,587.38,2510800,Financials,564.9559999999999,535.757,522.579,496.9518,541.5600064518161,521.7124804623445,19.847525989471592,12.05840600228219,574.63,2714000.0,498.77,1797800.0,510.58,1687100.0,75.21383299489264,17.765703630932105,15.041717262720834,0.022188190661817098,0.04399446577608923
GS,2024-11-12,583.2,587.14,576.78,577.88,577.88,2392900,Financials,577.756,542.419,526.0025,499.0022,547.1476977669213,525.8730374651338,21.274660301787435,13.901656862183241,587.38,2510800.0,513.88,2169900.0,511.26,1281600.0,71.50462150462153,12.454269479255853,13.030551969643621,-0.016173516292689594,0.044933714414197565
GS,2024-11-13,579.86,588.56,577.93,579.46,579.46,1763100,Financials,577.412,549.227,529.1405,501.0222,552.1188211873949,529.8424420973462,22.27637909004875,15.576601307756345,577.88,2392900.0,581.18,8042800.0,511.38,1441600.0,70.55018137847644,-0.29594961973913314,13.31299620634363,0.002734131653630678,0.04486062664135069
GS,2024-11-14,585.1,586.59,571.68,573.99,573.99,1670500,Financials,578.668,556.133,532.047,502.9866,555.4836179277956,533.1126315716168,22.370986356178832,16.935478317440843,579.46,1763100.0,567.71,4475600.0,504.93,2061700.0,73.27012432500317,1.1061985873068947,13.677143366407218,-0.009439823283746929,0.044666790961369836
GS,2024-11-15,578.63,580.36,572.51,578.8,578.8,2007700,Financials,579.502,563.3679999999999,535.2180000000001,505.2086,559.0707536312117,536.4968810848304,22.573872546381267,18.06315716322893,573.99,1670500.0,574.63,2714000.0,506.45,1625000.0,72.2417840375587,0.7256843534100055,14.28571428571428,0.008379936932699117,0.04455557417443559
GS,2024-11-18,579.94,580.29,570.2,573.39,573.39,1848900,Financials,576.704,570.83,538.6405,507.1476,561.2737146110253,539.2297047081763,22.044009902848984,18.859327711152943,578.8,2007700.0,587.38,2510800.0,498.77,1797800.0,69.65019925358975,-2.381763083523447,14.96080357679892,-0.009346924671734591,0.044164683439113527
GS,2024-11-19,565.27,570.24,561.22,566.94,566.94,2217400,Financials,574.516,576.136,541.7160000000001,509.3758,562.1454508247137,541.2823191742374,20.86313165047636,19.260088499017627,573.39,1848900.0,577.88,2392900.0,513.88,2169900.0,66.8957547743584,-1.8931266006783298,10.325367790145567,-0.011248888191283335,0.04450424165230212
GS,2024-11-20,569.33,573.2,562.3,567.48,567.48,1528600,Financials,572.12,574.766,544.8720000000001,511.536,562.9661506978347,543.2228881242938,19.743262573540846,19.35672331392227,566.94,2217400.0,579.46,1763100.0,581.18,8042800.0,69.73061636489815,-2.0674421012667032,-2.357273133968807,0.0009524817440997868,0.014018382935500154
GS,2024-11-21,571.95,585.78,570.0,581.31,581.31,2281900,Financials,573.584,576.126,548.3635,513.9164,565.7882813597063,546.0441556706425,19.74412568906382,19.43420378895058,567.48,1528600.0,573.99,1670500.0,567.71,4475600.0,71.91195410373496,1.2752835415251074,2.3955892973525073,0.024370902939310435,0.014210688856005588
GS,2024-11-22,581.42,588.94,579.68,587.81,587.81,1733700,Financials,575.386,577.444,552.7605,516.3306,569.1762380735977,549.1379219172616,20.038316156336123,19.55502626242769,581.31,2281900.0,578.8,2007700.0,574.63,2714000.0,76.24381042207031,1.556668970283348,2.293649826845101,0.01118164146496703,0.014137420998868057
GS,2024-11-25,593.67,596.12,583.96,588.06,588.06,2940800,Financials,578.3199999999999,577.512,556.6345,518.6296,572.0814322161211,552.0210388122792,20.060393403841886,19.656099690710526,587.81,1733700.0,573.39,1848900.0,587.38,2510800.0,73.96304432097175,2.5584680583895736,0.11576832714765839,0.000425307497320615,0.012301831425718193
GS,2024-11-26,585.23,592.11,578.28,590.46,590.46,2846500,Financials,583.024,578.77,560.5944999999999,520.972,574.9089041828718,554.8683692706289,20.040534912242833,19.732986735016986,588.06,2940800.0,566.94,2217400.0,577.88,2392900.0,55.162438807298685,4.148587152079575,2.1769225444729035,0.004081216202428406,0.010896631929664323
GS,2024-11-27,592.59,597.05,588.3,590.4,590.4,1424500,Financials,587.608,579.864,564.5455,523.3290000000001,577.2921496931991,557.500341917249,19.791807775950133,19.744750943203616,590.46,2846500.0,567.48,1528600.0,579.46,1763100.0,64.83588335294884,4.038908860224133,1.8879646567493857,-0.00010161568946254196,0.010918324616905154
GS,2024-11-29,594.18,597.52,591.99,593.46,593.46,1170200,Financials,590.038,581.8109999999999,568.972,525.3718,579.7795112788608,560.1640202937491,19.615490985111705,19.718898951585235,590.4,1424500.0,581.31,2281900.0,573.99,1670500.0,62.96653353532574,2.0901068276823143,3.3920451575811583,0.005182926829268464,0.010181400926968282
GS,2024-12-02,595.84,599.67,589.27,589.68,589.68,1804100,Financials,590.412,582.899,573.1335,527.4444,581.3026633898053,562.3503891608788,18.952274228926512,19.565574007053492,593.46,1170200.0,587.81,1733700.0,578.8,2007700.0,51.80703959773724,0.31813000799578717,1.8797512093987612,-0.006369426751592466,0.010442823156961717
GS,2024-12-03,596.78,599.19,588.78,590.04,590.04,1718100,Financials,590.808,584.564,577.6969999999999,529.544,582.6468690221429,564.4014714452582,18.245397576884784,19.30153872101975,589.68,1804100.0,588.06,2940800.0,573.39,1848900.0,61.15596330275224,0.33670033670034627,2.9037827656568815,0.0006105006105006083,0.009698071432615675
GS,2024-12-04,590.94,592.19,584.82,586.74,586.74,1617300,Financials,590.0640000000001,586.5440000000001,581.3399999999999,531.5658,583.2765814802748,566.0561772641279,17.220404216146903,18.88531182004518,590.04,1718100.0,590.46,2846500.0,566.94,2217400.0,56.47456421202417,-0.6300172746672161,3.49243306169964,-0.005592841163310935,0.00891388010794834
GS,2024-12-05,588.52,594.43,584.42,584.86,584.86,1672800,Financials,588.9559999999999,588.2819999999999,581.524,533.6842,583.5201843294633,567.4490530223406,16.07113130712264,18.322475717460676,586.74,1617300.0,590.4,1424500.0,567.48,1528600.0,60.326809804294136,-0.9383468834688324,3.062663001339261,-0.003204144936428399,0.009138611901387919
GS,2024-12-06,585.22,588.0,582.48,587.69,587.69,1405700,Financials,587.802,588.9200000000001,582.523,535.7464,584.1616944326228,568.9483824280932,15.213312004529598,17.700642974874462,584.86,1672800.0,593.46,1170200.0,581.31,2281900.0,58.77591312931894,-0.9722643480605253,1.0975211160998644,0.004838764832609588,0.005399859536941443
GS,2024-12-09,587.01,590.94,581.85,582.24,582.24,1633200,Financials,586.3140000000001,588.363,582.9035,537.6686,583.8660491352962,569.9329466926789,13.933102442617269,16.947134868423024,587.69,1405700.0,589.68,1804100.0,587.81,1733700.0,58.72953245216018,-1.2617012617012535,-0.9475851040302019,-0.009273596624070568,0.0050196365842082175
GS,2024-12-10,578.2,584.34,572.08,573.33,573.33,2600800,Financials,582.972,586.8900000000001,582.201,539.4788000000001,582.2451184990967,570.1845802709989,12.060538228097812,15.969815540357983,582.24,1633200.0,590.04,1718100.0,588.06,2940800.0,56.01128880526807,-2.832011389058353,-2.5048464442403717,-0.015302967848309867,0.006720239148649395
GS,2024-12-11,578.32,581.84,575.16,580.71,580.71,2195300,Financials,581.766,585.9150000000001,582.3425,541.533,582.0089464223126,570.9642409916657,11.0447054306469,14.984793518415767,573.33,2600800.0,586.74,1617300.0,590.46,2846500.0,61.026837806301025,-1.0277124450352781,-1.651254953764858,0.012872167861440964,0.008109995412195594
GS,2024-12-12,580.74,584.39,576.84,579.78,579.78,1218400,Financials,580.7500000000001,584.853,582.3585,543.5332,581.6660315881107,571.6172601774683,10.048771410642416,13.997589096861098,580.71,2195300.0,584.86,1672800.0,590.4,1424500.0,48.37545126353794,-0.86858393461684,-1.798780487804874,-0.0016014878338587168,0.008092356161049368
GS,2024-12-13,582.12,583.1,573.38,573.77,573.77,1215000,Financials,577.9660000000001,582.884,582.3475000000001,545.5279999999999,580.4512574976321,571.7767223865447,8.67453511108738,12.932978299706354,579.78,1218400.0,587.69,1405700.0,593.46,1170200.0,34.935622317596724,-2.368595688202979,-3.317831024837403,-0.01036600089689188,0.008098775505117738
GS,2024-12-16,576.24,576.5,567.13,574.6,574.6,1713300,Financials,576.438,581.376,582.1375,547.3628,579.551064036458,571.9858540616156,7.565209974842446,11.859424634733573,573.77,1215000.0,582.24,1633200.0,589.68,1804100.0,35.73548113607481,-1.312173674086281,-2.5573192239858766,0.0014465726684909086,0.008150795495673314
GS,2024-12-17,569.22,569.98,560.84,563.19,563.19,2314100,Financials,574.4100000000001,578.691,581.6274999999999,548.9798000000001,577.0339772616182,571.3343093163107,5.69966794530751,10.627473296848361,574.6,1713300.0,573.33,2600800.0,590.04,1718100.0,25.734116390817007,-1.768614933807755,-4.550538946512084,-0.019857292029237694,0.009691237614019401
GS,2024-12-18,565.94,567.88,533.6,539.24,539.24,3271600,Financials,566.116,573.941,580.2425,550.0798,571.2195192213693,568.9569530706581,2.2625661507112227,8.954491867620934,563.19,2314100.0,580.71,2195300.0,586.74,1617300.0,18.056943056943183,-7.141258115066041,-8.095578961720696,-0.04252561302579949,0.015441440063963925
GS,2024-12-19,550.21,555.66,542.53,542.91,542.91,2753300,Financials,558.742,569.746,579.014,551.0852,566.8642085719279,567.0275491394982,-0.16334056757034432,7.1309253805826796,539.24,3271600.0,579.78,1218400.0,584.86,1672800.0,18.67641591275253,-6.3593087033012585,-7.1726567041685225,0.006805874935093659,0.016117931535814017
GS,2024-12-20,543.84,561.44,542.31,554.78,554.78,4515900,Financials,554.944,566.455,577.6875,552.3566000000001,565.005099560862,566.1203232773132,-1.115223716451169,5.48169556117591,542.91,2753300.0,573.77,1215000.0,587.69,1405700.0,30.344672223473793,-3.309688551161616,-5.599891099048837,0.021863660643568927,0.018294353164562713
GS,2024-12-23,553.7,560.21,550.56,559.36,559.36,1519500,Financials,551.896,564.167,576.2650000000001,553.4742,564.1366227053448,565.6195585901048,-1.4829358847599678,4.088769271988736,554.78,4515900.0,574.6,1713300.0,582.24,1633200.0,33.50537634408607,-2.652279846849981,-3.929651003022805,0.008255524712498685,0.0187370354977596
GS,2024-12-24,562.72,571.13,559.93,571.13,571.13,913400,Financials,553.484,563.947,575.4185,554.7014,565.2125269045225,566.0277394352823,-0.8152125307598226,3.107972911439024,559.36,1519500.0,563.19,2314100.0,573.33,2600800.0,42.30807135113827,1.4098261687885083,-0.383723161181182,0.021041905034324904,0.019763525827661194
GS,2024-12-26,566.59,570.94,565.95,569.61,569.61,1092000,Financials,559.558,562.837,574.376,555.9054,565.8890612269037,566.293092069706,-0.4040308428022854,2.4055721605907623,571.13,913400.0,539.24,3271600.0,580.71,2195300.0,42.45870833745427,5.632000593427788,-1.9114532210569912,-0.002661390576576217,0.019224461670585766
GS,2024-12-27,565.46,570.32,559.92,564.66,564.66,1486000,Financials,563.908,561.325,573.089,556.8646,565.6999748843031,566.1721222867648,-0.47214740246170095,1.8300282479802696,569.61,1092000.0,542.91,2753300.0,579.78,1218400.0,38.84529690981301,4.006188871083616,-2.607885749767158,-0.008690156422815676,0.019348266774510178
GS,2024-12-30,555.92,564.5,553.8,562.08,562.08,1265900,Financials,565.368,560.156,571.52,557.789,565.1430556713334,565.8690021173749,-0.725946446041462,1.3188333091759235,564.66,1486000.0,554.78,4515900.0,573.77,1215000.0,39.95615783180552,1.3158369083240418,-2.0374017463443472,-0.00456912124110076,0.019171398756602002
GS,2024-12-31,563.57,565.38,558.99,561.17,561.17,1055800,Financials,565.73,558.813,570.0944999999999,558.7048,564.5318163372821,565.5209278864581,-0.9891115491760729,0.8572443375055243,562.08,1265900.0,559.36,1519500.0,574.6,1713300.0,43.41706366392375,0.3235840961098191,-2.337278106508889,-0.0016189866211216986,0.019136613678554473
