Ticker,Date,Open,High,Low,Close,Adj Close,Volume,Sector
JNJ,2019-01-02,105.25,105.46,103.74,104.94,104.94,7631700,Healthcare
JNJ,2019-01-03,105.26,105.37,102.98,103.28,103.28,8654500,Healthcare
JNJ,2019-01-04,104.43,105.68,104.1,105.01,105.01,8831700,Healthcare
JNJ,2019-01-07,104.84,105.44,104.16,104.33,104.33,8404700,Healthcare
JNJ,2019-01-08,105.3,107.2,104.93,106.76,106.76,9351600,Healthcare
JNJ,2019-01-09,106.65,106.99,105.42,105.91,105.91,7403500,Healthcare
JNJ,2019-01-10,104.89,106.7,104.89,106.55,106.55,6224400,Healthcare
JNJ,2019-01-11,105.97,106.66,105.4,106.59,106.59,5300400,Healthcare
JNJ,2019-01-14,105.76,105.94,104.81,105.38,105.38,7374400,Healthcare
JNJ,2019-01-15,105.58,106.37,104.86,106.27,106.27,5194400,Healthcare
JNJ,2019-01-16,106.31,106.31,105.07,105.18,105.18,6264200,Healthcare
JNJ,2019-01-17,104.91,106.4,104.7,106.04,106.04,7632000,Healthcare
JNJ,2019-01-18,106.71,107.76,106.34,107.36,107.36,10593000,Healthcare
JNJ,2019-01-22,105.31,106.38,104.33,105.81,105.81,10568100,Healthcare
JNJ,2019-01-23,105.56,106.22,105.09,105.81,105.81,9267800,Healthcare
JNJ,2019-01-24,105.55,105.72,102.68,104.35,104.35,9917000,Healthcare
JNJ,2019-01-25,105.26,105.52,104.35,105.34,105.34,7585100,Healthcare
JNJ,2019-01-28,104.99,106.09,104.56,105.96,105.96,6927700,Healthcare
JNJ,2019-01-29,105.93,107.18,105.56,107.06,107.06,6669300,Healthcare
JNJ,2019-01-30,107.1,108.59,107.04,108.14,108.14,7299300,Healthcare
JNJ,2019-01-31,108.13,111.05,107.51,109.32,109.32,17298100,Healthcare
JNJ,2019-02-01,110.09,110.64,109.64,110.24,110.24,9575200,Healthcare
JNJ,2019-02-04,110.04,110.2,108.61,109.16,109.16,7759000,Healthcare
JNJ,2019-02-05,109.68,109.98,109.05,109.16,109.16,6449800,Healthcare
JNJ,2019-02-06,109.32,109.72,108.68,109.26,109.26,5066100,Healthcare
JNJ,2019-02-07,108.8,108.96,108.05,108.48,108.48,6085300,Healthcare
JNJ,2019-02-08,108.39,108.81,108.06,108.76,108.76,4436700,Healthcare
JNJ,2019-02-11,108.69,108.98,107.83,108.43,108.43,4962200,Healthcare
JNJ,2019-02-12,108.5,110.32,108.5,110.21,110.21,6262300,Healthcare
JNJ,2019-02-13,110.13,110.88,109.43,110.45,110.45,7902200,Healthcare
JNJ,2019-02-14,110.32,110.75,109.54,110.33,110.33,3910400,Healthcare
JNJ,2019-02-15,111.05,112.06,110.91,112.03,112.03,6665000,Healthcare
JNJ,2019-02-19,111.83,112.03,111.42,111.47,111.47,5935500,Healthcare
JNJ,2019-02-20,111.7,112.32,111.5,112.01,112.01,6089800,Healthcare
JNJ,2019-02-21,110.88,111.55,110.3,111.24,111.24,6665500,Healthcare
JNJ,2019-02-22,111.14,112.25,110.75,112.21,112.21,5223900,Healthcare
JNJ,2019-02-25,112.75,113.69,112.35,112.63,112.63,6846600,Healthcare
JNJ,2019-02-26,112.82,113.25,112.5,112.55,112.55,5106900,Healthcare
JNJ,2019-02-27,112.06,112.67,111.96,112.35,112.35,4378100,Healthcare
JNJ,2019-02-28,112.42,114.07,112.2,112.99,112.99,10133200,Healthcare
JNJ,2019-03-01,113.47,114.62,113.3,114.4,114.4,5641600,Healthcare
JNJ,2019-03-04,114.82,115.28,113.71,114.51,114.51,8377700,Healthcare
JNJ,2019-03-05,114.78,115.06,114.41,114.75,114.75,6568900,Healthcare
JNJ,2019-03-06,115.33,115.48,114.61,115.02,115.02,6236900,Healthcare
JNJ,2019-03-07,114.55,115.04,113.87,114.31,114.31,6100400,Healthcare
JNJ,2019-03-08,114.19,115.19,112.81,114.16,114.16,7046700,Healthcare
JNJ,2019-03-11,114.21,114.97,113.72,114.58,114.58,6150400,Healthcare
JNJ,2019-03-12,114.65,115.77,114.53,115.09,115.09,5552900,Healthcare
JNJ,2019-03-13,115.43,115.64,114.96,115.28,115.28,6446900,Healthcare
JNJ,2019-03-14,114.4,114.78,114.07,114.13,114.13,8493600,Healthcare
JNJ,2019-03-15,114.11,114.33,113.15,113.78,113.78,11922500,Healthcare
JNJ,2019-03-18,113.83,113.93,113.06,113.43,113.43,7369600,Healthcare
JNJ,2019-03-19,113.79,114.79,113.68,114.48,114.48,5882500,Healthcare
JNJ,2019-03-20,114.39,114.54,113.0,113.53,113.53,5475700,Healthcare
JNJ,2019-03-21,113.29,114.76,113.25,114.2,114.2,5765100,Healthcare
JNJ,2019-03-22,113.91,114.44,113.17,113.21,113.21,6528800,Healthcare
JNJ,2019-03-25,113.21,113.3,112.25,112.97,112.97,4500300,Healthcare
JNJ,2019-03-26,113.23,115.16,113.23,114.59,114.59,4758600,Healthcare
JNJ,2019-03-27,114.6,115.34,114.17,114.69,114.69,6764900,Healthcare
JNJ,2019-03-28,114.99,115.32,114.7,114.84,114.84,4602100,Healthcare
JNJ,2019-03-29,115.17,115.67,114.84,115.59,115.59,7168400,Healthcare
JNJ,2019-04-01,115.76,116.01,114.73,114.93,114.93,5885200,Healthcare
JNJ,2019-04-02,114.95,114.95,113.21,113.87,113.87,5517800,Healthcare
JNJ,2019-04-03,114.28,114.31,113.18,113.43,113.43,5947000,Healthcare
JNJ,2019-04-04,113.18,113.3,111.74,112.11,112.11,5844600,Healthcare
JNJ,2019-04-05,112.49,112.94,112.21,112.61,112.61,4759700,Healthcare
JNJ,2019-04-08,112.5,112.88,112.21,112.58,112.58,4329600,Healthcare
JNJ,2019-04-09,112.46,112.68,111.27,112.11,112.11,5210300,Healthcare
JNJ,2019-04-10,112.37,112.57,111.91,112.11,112.11,4194100,Healthcare
JNJ,2019-04-11,112.43,112.61,111.15,111.81,111.81,4485200,Healthcare
JNJ,2019-04-12,111.82,112.75,111.43,112.44,112.44,5756800,Healthcare
JNJ,2019-04-15,112.46,113.11,112.3,112.89,112.89,5380900,Healthcare
JNJ,2019-04-16,114.38,116.35,113.75,114.13,114.13,10745700,Healthcare
JNJ,2019-04-17,114.94,115.89,113.84,114.54,114.54,9543700,Healthcare
JNJ,2019-04-18,115.23,115.97,112.25,113.72,113.72,10485300,Healthcare
JNJ,2019-04-22,113.27,114.52,112.84,113.97,113.97,4666500,Healthcare
JNJ,2019-04-23,113.64,116.47,113.49,115.69,115.69,5790500,Healthcare
JNJ,2019-04-24,115.48,115.88,114.83,115.11,115.11,5676300,Healthcare
JNJ,2019-04-25,114.54,115.58,114.08,115.48,115.48,5218100,Healthcare
JNJ,2019-04-26,115.67,116.2,115.2,116.09,116.09,4613600,Healthcare
JNJ,2019-04-29,116.06,116.12,115.42,115.64,115.64,4275200,Healthcare
JNJ,2019-04-30,115.93,116.97,114.91,116.76,116.76,6003700,Healthcare
JNJ,2019-05-01,116.55,117.71,115.56,117.38,117.38,6656300,Healthcare
JNJ,2019-05-02,117.35,117.55,115.87,116.83,116.83,8835600,Healthcare
JNJ,2019-05-03,116.84,117.5,116.66,117.43,117.43,5281600,Healthcare
JNJ,2019-05-06,115.98,117.62,115.71,117.5,117.5,5818900,Healthcare
JNJ,2019-05-07,116.45,116.91,114.99,115.74,115.74,6606700,Healthcare
JNJ,2019-05-08,115.93,116.53,115.52,115.59,115.59,4667300,Healthcare
JNJ,2019-05-09,114.9,115.21,113.82,114.72,114.72,5604200,Healthcare
JNJ,2019-05-10,114.47,115.15,112.8,114.98,114.98,4771600,Healthcare
JNJ,2019-05-13,113.99,114.16,112.9,113.45,113.45,5560000,Healthcare
JNJ,2019-05-14,113.32,113.98,113.06,113.14,113.14,7179400,Healthcare
JNJ,2019-05-15,113.21,113.69,111.91,113.21,113.21,6429400,Healthcare
JNJ,2019-05-16,113.61,115.1,113.26,114.29,114.29,6857200,Healthcare
JNJ,2019-05-17,113.29,114.97,113.17,114.62,114.62,6915300,Healthcare
JNJ,2019-05-20,114.62,114.91,113.85,114.46,114.46,4771100,Healthcare
JNJ,2019-05-21,115.04,115.41,114.18,114.21,114.21,4859000,Healthcare
JNJ,2019-05-22,114.4,114.9,113.69,114.74,114.74,5456800,Healthcare
JNJ,2019-05-23,114.53,115.64,113.84,115.59,115.59,6951800,Healthcare
JNJ,2019-05-24,116.14,116.14,115.36,115.6,115.6,5473300,Healthcare
JNJ,2019-05-28,115.73,116.97,114.1,114.12,114.12,11919600,Healthcare
JNJ,2019-05-29,113.14,113.14,107.0,109.34,109.34,23247400,Healthcare
JNJ,2019-05-30,109.43,110.58,109.21,109.99,109.99,7360600,Healthcare
JNJ,2019-05-31,109.5,109.9,107.91,109.19,109.19,7811000,Healthcare
JNJ,2019-06-03,109.48,110.23,109.1,109.43,109.43,8434600,Healthcare
JNJ,2019-06-04,110.4,111.82,110.38,111.34,111.34,6648900,Healthcare
JNJ,2019-06-05,112.15,112.51,111.45,111.88,111.88,6860600,Healthcare
JNJ,2019-06-06,112.31,114.61,112.06,113.8,113.8,9115800,Healthcare
JNJ,2019-06-07,114.55,116.22,114.18,115.35,115.35,6533900,Healthcare
JNJ,2019-06-10,115.4,115.85,114.56,115.74,115.74,4994700,Healthcare
JNJ,2019-06-11,116.29,117.11,116.14,116.38,116.38,8230500,Healthcare
JNJ,2019-06-12,116.81,118.98,116.81,117.96,117.96,9216500,Healthcare
JNJ,2019-06-13,117.99,118.18,116.74,117.15,117.15,7500800,Healthcare
JNJ,2019-06-14,117.58,117.8,116.59,116.64,116.64,6548100,Healthcare
JNJ,2019-06-17,116.56,116.76,115.9,116.09,116.09,5562800,Healthcare
JNJ,2019-06-18,117.03,117.33,116.39,116.75,116.75,7122700,Healthcare
JNJ,2019-06-19,116.57,117.37,116.49,116.94,116.94,6393400,Healthcare
JNJ,2019-06-20,117.6,118.56,117.39,118.4,118.4,7335800,Healthcare
JNJ,2019-06-21,117.78,118.58,117.4,118.3,118.3,11272200,Healthcare
JNJ,2019-06-24,118.58,119.64,118.3,119.11,119.11,5894700,Healthcare
JNJ,2019-06-25,119.28,120.71,119.22,120.09,120.09,7517000,Healthcare
JNJ,2019-06-26,119.77,119.77,117.19,118.1,118.1,7674100,Healthcare
JNJ,2019-06-27,118.42,118.64,117.06,117.14,117.14,5233500,Healthcare
JNJ,2019-06-28,117.18,117.48,115.32,115.96,115.96,12792400,Healthcare
JNJ,2019-07-01,116.73,116.78,115.5,116.03,116.03,5872300,Healthcare
JNJ,2019-07-02,115.91,116.59,115.47,116.59,116.59,4501200,Healthcare
JNJ,2019-07-03,117.39,118.38,117.22,118.34,118.34,3436300,Healthcare
JNJ,2019-07-05,118.01,118.11,116.87,117.04,117.04,4652400,Healthcare
JNJ,2019-07-08,116.66,117.46,116.26,117.37,117.37,4078100,Healthcare
JNJ,2019-07-09,117.78,118.62,117.32,117.73,117.73,4217400,Healthcare
JNJ,2019-07-10,118.04,118.22,117.12,117.57,117.57,4874400,Healthcare
JNJ,2019-07-11,117.34,117.57,115.74,116.65,116.65,5817400,Healthcare
JNJ,2019-07-12,116.66,116.66,110.17,111.82,111.82,17780100,Healthcare
JNJ,2019-07-15,112.72,113.53,111.94,112.16,112.16,10038200,Healthcare
JNJ,2019-07-16,110.67,111.42,109.69,110.32,110.32,10214500,Healthcare
JNJ,2019-07-17,110.31,111.22,109.41,109.78,109.78,8862100,Healthcare
JNJ,2019-07-18,110.01,110.32,109.21,109.96,109.96,6203100,Healthcare
JNJ,2019-07-19,110.11,110.22,108.39,108.49,108.49,8340200,Healthcare
JNJ,2019-07-22,108.23,108.36,106.44,107.1,107.1,12624800,Healthcare
JNJ,2019-07-23,107.08,107.78,106.7,107.27,107.27,5803600,Healthcare
JNJ,2019-07-24,107.3,108.06,107.04,108.05,108.05,6838600,Healthcare
JNJ,2019-07-25,108.28,109.51,107.96,109.17,109.17,8897800,Healthcare
JNJ,2019-07-26,109.32,109.32,108.64,108.84,108.84,4894600,Healthcare
JNJ,2019-07-29,109.07,110.99,108.41,110.75,110.75,7832000,Healthcare
JNJ,2019-07-30,110.29,110.31,109.29,109.97,109.97,5509600,Healthcare
JNJ,2019-07-31,109.6,109.9,108.38,108.42,108.42,8559200,Healthcare
JNJ,2019-08-01,108.45,108.85,107.42,108.48,108.48,7870700,Healthcare
JNJ,2019-08-02,108.95,109.46,108.04,109.13,109.13,6574900,Healthcare
JNJ,2019-08-05,108.99,109.45,107.41,108.37,108.37,9480000,Healthcare
JNJ,2019-08-06,108.52,109.25,107.89,108.88,108.88,7880600,Healthcare
JNJ,2019-08-07,107.7,108.99,106.73,108.41,108.41,6771700,Healthcare
JNJ,2019-08-08,109.05,109.86,108.43,109.63,109.63,5260500,Healthcare
JNJ,2019-08-09,109.73,110.53,109.26,109.93,109.93,4677300,Healthcare
JNJ,2019-08-12,109.48,110.48,109.31,109.84,109.84,6852100,Healthcare
JNJ,2019-08-13,110.15,111.65,109.9,111.08,111.08,5013200,Healthcare
JNJ,2019-08-14,110.34,110.35,108.34,108.45,108.45,7736200,Healthcare
JNJ,2019-08-15,108.38,109.13,107.61,108.68,108.68,7251200,Healthcare
JNJ,2019-08-16,109.46,109.63,108.73,109.37,109.37,5858900,Healthcare
JNJ,2019-08-19,110.32,110.37,109.75,110.11,110.11,4958000,Healthcare
JNJ,2019-08-20,109.87,110.45,108.62,108.73,108.73,7302000,Healthcare
JNJ,2019-08-21,109.65,110.24,108.94,109.51,109.51,6912800,Healthcare
JNJ,2019-08-22,109.57,110.01,108.9,109.29,109.29,7213500,Healthcare
JNJ,2019-08-23,109.13,109.28,105.85,106.35,106.35,15714000,Healthcare
JNJ,2019-08-26,106.88,107.44,106.22,107.2,107.2,8889500,Healthcare
JNJ,2019-08-27,108.95,111.06,108.29,108.74,108.74,20183800,Healthcare
JNJ,2019-08-28,107.25,108.1,106.54,107.94,107.94,9878800,Healthcare
JNJ,2019-08-29,108.07,108.37,106.39,107.57,107.57,6749900,Healthcare
JNJ,2019-08-30,107.59,108.29,107.05,107.67,107.67,7371100,Healthcare
JNJ,2019-09-03,107.36,108.19,106.96,107.99,107.99,5710200,Healthcare
JNJ,2019-09-04,108.62,108.7,107.44,108.09,108.09,4807200,Healthcare
JNJ,2019-09-05,108.96,108.96,107.63,107.85,107.85,4754100,Healthcare
JNJ,2019-09-06,108.11,108.4,107.43,107.54,107.54,6758300,Healthcare
JNJ,2019-09-09,107.37,107.5,106.19,106.49,106.49,7684700,Healthcare
JNJ,2019-09-10,106.81,108.67,105.98,108.67,108.67,8239500,Healthcare
JNJ,2019-09-11,108.93,110.12,108.27,110.03,110.03,6203600,Healthcare
JNJ,2019-09-12,110.19,110.53,109.1,109.41,109.41,5250000,Healthcare
JNJ,2019-09-13,110.16,110.36,109.01,109.7,109.7,5369800,Healthcare
JNJ,2019-09-16,109.14,109.68,108.48,108.66,108.66,5101700,Healthcare
JNJ,2019-09-17,108.71,109.47,108.3,108.77,108.77,4976400,Healthcare
JNJ,2019-09-18,108.96,109.52,108.02,109.39,109.39,4373600,Healthcare
JNJ,2019-09-19,108.74,110.04,108.51,109.14,109.14,4730100,Healthcare
JNJ,2019-09-20,109.88,110.72,109.29,110.43,110.43,12053100,Healthcare
JNJ,2019-09-23,109.9,110.77,109.46,110.51,110.51,5183700,Healthcare
JNJ,2019-09-24,110.81,111.38,110.17,110.35,110.35,7102600,Healthcare
JNJ,2019-09-25,110.3,110.36,109.24,109.88,109.88,4522900,Healthcare
JNJ,2019-09-26,109.96,110.14,107.39,108.08,108.08,7545800,Healthcare
JNJ,2019-09-27,107.88,108.54,106.28,107.87,107.87,6006500,Healthcare
JNJ,2019-09-30,108.27,109.28,108.21,108.53,108.53,6552100,Healthcare
JNJ,2019-10-01,109.06,109.72,108.85,109.04,109.04,7673000,Healthcare
JNJ,2019-10-02,111.36,112.99,110.07,110.72,110.72,12051800,Healthcare
JNJ,2019-10-03,110.42,111.03,109.05,110.04,110.04,6997600,Healthcare
JNJ,2019-10-04,110.17,112.17,110.09,112.12,112.12,7233300,Healthcare
JNJ,2019-10-07,111.64,112.25,110.84,111.7,111.7,5427200,Healthcare
JNJ,2019-10-08,111.1,111.78,110.3,110.59,110.59,7870400,Healthcare
JNJ,2019-10-09,110.0,110.09,107.8,108.39,108.39,7787700,Healthcare
JNJ,2019-10-10,108.17,109.15,107.9,108.26,108.26,5119700,Healthcare
JNJ,2019-10-11,110.0,111.24,109.73,110.16,110.16,7161400,Healthcare
JNJ,2019-10-14,110.19,110.19,109.4,109.65,109.65,5700000,Healthcare
JNJ,2019-10-15,111.56,112.61,110.81,111.43,111.43,10008800,Healthcare
JNJ,2019-10-16,113.16,114.57,112.23,113.38,113.38,12434200,Healthcare
JNJ,2019-10-17,114.05,115.33,113.79,114.22,114.22,8434000,Healthcare
JNJ,2019-10-18,111.82,112.73,107.12,107.12,107.12,25868700,Healthcare
JNJ,2019-10-21,107.93,108.77,106.58,107.39,107.39,13823600,Healthcare
JNJ,2019-10-22,108.01,109.5,107.44,108.37,108.37,7613700,Healthcare
JNJ,2019-10-23,108.76,109.45,108.27,108.96,108.96,6693400,Healthcare
JNJ,2019-10-24,109.4,109.53,105.77,106.95,106.95,12111600,Healthcare
JNJ,2019-10-25,107.23,108.29,106.79,107.66,107.66,6947300,Healthcare
JNJ,2019-10-28,107.89,109.05,107.8,108.36,108.36,7876300,Healthcare
JNJ,2019-10-29,108.79,109.02,107.84,108.31,108.31,4506300,Healthcare
JNJ,2019-10-30,111.81,112.01,110.5,111.43,111.43,9627600,Healthcare
JNJ,2019-10-31,111.04,111.43,109.79,110.76,110.76,7686700,Healthcare
JNJ,2019-11-01,110.77,111.56,110.0,110.05,110.05,5541800,Healthcare
JNJ,2019-11-04,110.56,110.68,109.12,109.24,109.24,6140300,Healthcare
JNJ,2019-11-05,109.49,110.28,108.78,109.4,109.4,6257300,Healthcare
JNJ,2019-11-06,109.4,110.29,108.79,109.85,109.85,5450000,Healthcare
JNJ,2019-11-07,110.5,111.04,109.89,110.25,110.25,5873700,Healthcare
JNJ,2019-11-08,110.14,111.6,109.86,111.56,111.56,5003000,Healthcare
JNJ,2019-11-11,110.95,111.16,110.16,110.71,110.71,4371400,Healthcare
JNJ,2019-11-12,110.72,110.8,109.9,110.18,110.18,5228700,Healthcare
JNJ,2019-11-13,109.92,110.3,109.65,110.11,110.11,5885400,Healthcare
JNJ,2019-11-14,109.91,110.19,109.16,109.85,109.85,4217500,Healthcare
JNJ,2019-11-15,110.09,113.21,109.7,113.19,113.19,10495100,Healthcare
JNJ,2019-11-18,112.59,113.82,111.28,113.1,113.1,9291800,Healthcare
JNJ,2019-11-19,113.24,113.4,112.58,113.09,113.09,5192200,Healthcare
JNJ,2019-11-20,113.33,114.36,112.46,114.03,114.03,7594400,Healthcare
JNJ,2019-11-21,114.03,114.79,113.24,114.45,114.45,6424900,Healthcare
JNJ,2019-11-22,114.62,116.28,114.5,115.82,115.82,9235800,Healthcare
JNJ,2019-11-25,115.76,116.26,115.07,115.87,115.87,6111900,Healthcare
JNJ,2019-11-26,115.27,116.0,114.15,115.86,115.86,10636500,Healthcare
JNJ,2019-11-27,115.85,116.77,115.63,116.35,116.35,5523000,Healthcare
JNJ,2019-11-29,116.22,116.79,115.66,116.13,116.13,3278900,Healthcare
JNJ,2019-12-02,116.32,116.43,115.59,116.02,116.02,4717100,Healthcare
JNJ,2019-12-03,115.64,116.09,115.0,115.85,115.85,5741400,Healthcare
JNJ,2019-12-04,116.98,118.03,116.59,117.72,117.72,7257300,Healthcare
JNJ,2019-12-05,117.7,118.04,116.52,117.88,117.88,5472900,Healthcare
JNJ,2019-12-06,117.79,119.58,117.79,118.57,118.57,6640400,Healthcare
JNJ,2019-12-09,118.58,118.93,118.3,118.67,118.67,4241000,Healthcare
JNJ,2019-12-10,118.92,119.09,118.17,118.24,118.24,5310300,Healthcare
JNJ,2019-12-11,119.03,119.92,118.78,119.08,119.08,6631500,Healthcare
JNJ,2019-12-12,119.36,119.99,118.86,119.38,119.38,5012400,Healthcare
JNJ,2019-12-13,119.18,119.77,118.51,119.41,119.41,4257200,Healthcare
JNJ,2019-12-16,119.71,120.65,119.51,119.76,119.76,5353100,Healthcare
JNJ,2019-12-17,120.78,121.67,120.38,121.25,121.25,10722400,Healthcare
JNJ,2019-12-18,121.39,121.52,120.56,120.94,120.94,7849200,Healthcare
JNJ,2019-12-19,121.53,123.21,121.3,122.77,122.77,9414700,Healthcare
JNJ,2019-12-20,124.06,124.87,122.3,123.37,123.37,14532800,Healthcare
JNJ,2019-12-23,123.1,123.96,122.76,123.69,123.69,6558700,Healthcare
JNJ,2019-12-24,123.32,123.32,122.69,123.26,123.26,4238900,Healthcare
JNJ,2019-12-26,123.29,123.47,122.61,123.17,123.17,3019300,Healthcare
JNJ,2019-12-27,123.48,123.78,122.93,123.1,123.1,3432700,Healthcare
JNJ,2019-12-30,123.13,123.48,122.5,122.72,122.72,2923300,Healthcare
JNJ,2019-12-31,122.56,123.32,122.29,123.21,123.21,4435000,Healthcare
JNJ,2020-01-02,123.21,123.33,122.54,123.29,123.29,5777000,Healthcare
JNJ,2020-01-03,121.2,122.78,120.78,121.86,121.86,5752400,Healthcare
JNJ,2020-01-06,121.63,121.8,120.65,121.71,121.71,7731300,Healthcare
JNJ,2020-01-07,121.63,122.85,119.41,122.45,122.45,7382900,Healthcare
JNJ,2020-01-08,122.36,123.3,121.37,122.44,122.44,6605800,Healthcare
JNJ,2020-01-09,123.11,123.34,122.46,122.8,122.8,6112700,Healthcare
JNJ,2020-01-10,123.1,123.47,122.39,122.52,122.52,5042600,Healthcare
JNJ,2020-01-13,122.88,123.14,122.23,123.06,123.06,4593200,Healthcare
JNJ,2020-01-14,122.51,123.83,122.24,123.75,123.75,7037500,Healthcare
JNJ,2020-01-15,123.65,124.5,123.52,124.17,124.17,4960300,Healthcare
JNJ,2020-01-16,124.51,125.71,123.48,125.17,125.17,6476000,Healthcare
JNJ,2020-01-17,125.35,126.2,124.95,125.99,125.99,9083600,Healthcare
JNJ,2020-01-21,125.49,126.84,125.43,126.08,126.08,9543900,Healthcare
JNJ,2020-01-22,123.91,126.0,123.32,125.22,125.22,10305300,Healthcare
JNJ,2020-01-23,125.04,125.66,123.96,125.45,125.45,8671900,Healthcare
JNJ,2020-01-24,125.49,125.81,124.95,125.28,125.28,9051900,Healthcare
JNJ,2020-01-27,124.6,126.24,124.16,125.64,125.64,7587100,Healthcare
JNJ,2020-01-28,125.39,127.18,125.13,126.27,126.27,7336600,Healthcare
JNJ,2020-01-29,126.23,127.7,125.96,127.15,127.15,6288600,Healthcare
JNJ,2020-01-30,126.72,127.12,125.89,127.0,127.0,6470600,Healthcare
JNJ,2020-01-31,126.48,126.69,125.55,125.74,125.74,8651700,Healthcare
JNJ,2020-02-03,126.2,127.11,126.05,126.84,126.84,5765200,Healthcare
JNJ,2020-02-04,127.95,129.02,127.71,128.05,128.05,6541400,Healthcare
JNJ,2020-02-05,128.15,130.09,127.8,130.06,130.06,5979900,Healthcare
JNJ,2020-02-06,130.28,130.49,129.01,129.68,129.68,6201200,Healthcare
JNJ,2020-02-07,129.52,129.62,128.0,128.29,128.29,5700300,Healthcare
JNJ,2020-02-10,128.11,128.31,127.45,128.27,128.27,4835600,Healthcare
JNJ,2020-02-11,128.63,128.7,127.99,128.37,128.37,3715300,Healthcare
JNJ,2020-02-12,128.27,128.51,127.47,127.61,127.61,5166800,Healthcare
JNJ,2020-02-13,126.83,127.57,126.59,126.77,126.77,5480200,Healthcare
JNJ,2020-02-14,127.17,127.23,125.98,126.8,126.8,5716300,Healthcare
JNJ,2020-02-18,127.09,127.32,125.9,125.97,125.97,7230700,Healthcare
JNJ,2020-02-19,126.03,126.49,125.49,125.8,125.8,6115200,Healthcare
JNJ,2020-02-20,125.52,126.17,124.5,125.32,125.32,7464700,Healthcare
JNJ,2020-02-21,125.08,126.9,124.62,126.63,126.63,7776800,Healthcare
JNJ,2020-02-24,124.53,126.65,123.46,124.03,124.03,10588900,Healthcare
JNJ,2020-02-25,124.09,124.74,122.26,122.95,122.95,10529000,Healthcare
JNJ,2020-02-26,123.55,124.29,122.05,122.13,122.13,10093800,Healthcare
JNJ,2020-02-27,121.18,123.06,118.11,118.25,118.25,12566700,Healthcare
JNJ,2020-02-28,115.06,116.7,111.2,114.31,114.31,19820300,Healthcare
JNJ,2020-03-02,114.56,119.11,113.91,119.02,119.02,11508200,Healthcare
JNJ,2020-03-03,119.0,119.84,113.14,115.25,115.25,13662500,Healthcare
JNJ,2020-03-04,117.03,122.1,116.57,121.96,121.96,10560500,Healthcare
JNJ,2020-03-05,119.68,121.28,118.87,120.71,120.71,11339200,Healthcare
JNJ,2020-03-06,117.71,121.56,116.8,120.73,120.73,12239100,Healthcare
JNJ,2020-03-09,115.88,118.73,114.67,115.98,115.98,13848600,Healthcare
JNJ,2020-03-10,118.98,120.66,114.1,120.4,120.4,12698100,Healthcare
JNJ,2020-03-11,117.38,117.94,111.78,112.03,112.03,17763400,Healthcare
JNJ,2020-03-12,108.22,113.7,105.83,106.6,106.6,21539200,Healthcare
JNJ,2020-03-13,109.92,114.68,105.95,114.15,114.15,20084200,Healthcare
JNJ,2020-03-16,105.04,113.7,104.07,108.06,108.06,18877900,Healthcare
JNJ,2020-03-17,109.27,116.26,108.64,116.1,116.1,18911800,Healthcare
JNJ,2020-03-18,111.37,115.32,109.41,114.72,114.72,17521100,Healthcare
JNJ,2020-03-19,114.74,114.74,107.23,107.99,107.99,18482300,Healthcare
JNJ,2020-03-20,107.81,108.33,100.41,101.91,101.91,19785100,Healthcare
JNJ,2020-03-23,99.45,100.78,92.79,94.47,94.47,20815200,Healthcare
JNJ,2020-03-24,100.95,101.7,96.78,101.3,101.3,17604800,Healthcare
JNJ,2020-03-25,101.08,105.37,99.2,101.49,101.49,13986100,Healthcare
JNJ,2020-03-26,102.49,108.04,102.32,107.59,107.59,15066800,Healthcare
JNJ,2020-03-27,103.4,108.48,102.49,104.69,104.69,12133200,Healthcare
JNJ,2020-03-30,109.19,113.89,108.38,113.06,113.06,21754000,Healthcare
JNJ,2020-03-31,114.74,115.36,110.54,111.46,111.46,15746100,Healthcare
JNJ,2020-04-01,108.55,110.7,106.68,109.49,109.49,12606100,Healthcare
JNJ,2020-04-02,109.75,113.9,108.14,113.18,113.18,11594500,Healthcare
JNJ,2020-04-03,112.52,114.57,111.84,114.05,114.05,10071200,Healthcare
JNJ,2020-04-06,116.46,119.83,115.21,118.8,118.8,14994400,Healthcare
JNJ,2020-04-07,118.88,120.73,116.67,116.86,116.86,11567100,Healthcare
JNJ,2020-04-08,117.09,122.51,116.71,121.77,121.77,10758200,Healthcare
JNJ,2020-04-09,122.41,123.61,119.24,120.05,120.05,11125400,Healthcare
JNJ,2020-04-13,119.0,120.27,117.17,118.81,118.81,8153200,Healthcare
JNJ,2020-04-14,123.61,125.31,122.44,124.13,124.13,13838000,Healthcare
JNJ,2020-04-15,123.72,125.73,122.01,125.51,125.51,11962300,Healthcare
JNJ,2020-04-16,126.07,128.08,124.48,127.22,127.22,12181700,Healthcare
JNJ,2020-04-17,129.19,129.46,127.16,129.22,129.22,10920000,Healthcare
JNJ,2020-04-20,128.29,130.05,127.58,128.92,128.92,12226200,Healthcare
JNJ,2020-04-21,127.6,128.9,126.29,127.23,127.23,9951100,Healthcare
JNJ,2020-04-22,129.89,131.75,128.97,130.04,130.04,11515600,Healthcare
JNJ,2020-04-23,131.11,133.45,130.65,132.19,132.19,10665000,Healthcare
JNJ,2020-04-24,132.24,132.86,130.6,131.63,131.63,8653400,Healthcare
JNJ,2020-04-27,131.59,132.64,130.9,131.15,131.15,8924000,Healthcare
JNJ,2020-04-28,128.56,130.14,128.1,128.68,128.68,8558700,Healthcare
JNJ,2020-04-29,128.67,128.89,126.79,127.71,127.71,9285200,Healthcare
JNJ,2020-04-30,126.19,127.87,125.09,127.54,127.54,14829600,Healthcare
JNJ,2020-05-01,127.18,127.22,124.77,126.05,126.05,7309000,Healthcare
JNJ,2020-05-04,126.46,126.72,125.03,126.03,126.03,7198400,Healthcare
JNJ,2020-05-05,126.65,128.16,126.35,127.08,127.08,6562300,Healthcare
JNJ,2020-05-06,127.5,127.77,125.84,125.87,125.87,6191600,Healthcare
JNJ,2020-05-07,126.97,127.1,125.06,125.45,125.45,5570500,Healthcare
JNJ,2020-05-08,126.58,126.8,125.71,126.4,126.4,4712100,Healthcare
JNJ,2020-05-11,126.18,127.59,125.9,126.75,126.75,5887500,Healthcare
JNJ,2020-05-12,127.59,127.79,124.98,125.07,125.07,7039200,Healthcare
JNJ,2020-05-13,124.17,126.61,124.11,125.06,125.06,6970500,Healthcare
JNJ,2020-05-14,123.58,125.6,122.62,125.5,125.5,6871400,Healthcare
JNJ,2020-05-15,125.69,127.91,123.81,127.88,127.88,10340400,Healthcare
JNJ,2020-05-18,129.62,130.58,127.89,127.94,127.94,7388400,Healthcare
JNJ,2020-05-19,127.59,128.44,126.14,126.67,126.67,6107300,Healthcare
JNJ,2020-05-20,127.29,127.83,125.18,125.53,125.53,5713400,Healthcare
JNJ,2020-05-21,126.23,126.23,123.95,124.71,124.71,6487300,Healthcare
JNJ,2020-05-22,123.74,125.21,123.3,123.57,123.57,6140900,Healthcare
JNJ,2020-05-26,125.12,125.34,123.51,123.73,123.73,7072300,Healthcare
JNJ,2020-05-27,123.52,124.32,122.4,124.01,124.01,7950000,Healthcare
JNJ,2020-05-28,124.98,126.77,124.8,125.79,125.79,6189600,Healthcare
JNJ,2020-05-29,126.64,127.83,124.39,127.32,127.32,8504000,Healthcare
JNJ,2020-06-01,126.07,126.96,124.97,125.98,125.98,6141800,Healthcare
JNJ,2020-06-02,125.87,126.97,125.06,126.89,126.89,6078300,Healthcare
JNJ,2020-06-03,127.12,127.65,125.35,127.23,127.23,6339500,Healthcare
JNJ,2020-06-04,125.65,126.99,124.6,125.59,125.59,8170500,Healthcare
JNJ,2020-06-05,126.41,128.08,125.48,126.07,126.07,9725400,Healthcare
JNJ,2020-06-08,124.86,126.34,124.74,125.62,125.62,7555600,Healthcare
JNJ,2020-06-09,126.89,127.81,124.66,124.93,124.93,8247200,Healthcare
JNJ,2020-06-10,125.48,128.41,125.48,126.5,126.5,10137100,Healthcare
JNJ,2020-06-11,127.17,127.68,120.47,120.57,120.57,11913300,Healthcare
JNJ,2020-06-12,122.26,123.0,120.07,121.67,121.67,8687400,Healthcare
JNJ,2020-06-15,120.68,121.88,119.3,120.9,120.9,8649600,Healthcare
JNJ,2020-06-16,123.33,124.47,122.2,123.64,123.64,7579100,Healthcare
JNJ,2020-06-17,124.02,124.47,122.8,123.27,123.27,5100100,Healthcare
JNJ,2020-06-18,121.98,123.35,121.43,122.75,122.75,4797400,Healthcare
JNJ,2020-06-19,124.78,124.86,122.61,123.1,123.1,12206900,Healthcare
JNJ,2020-06-22,122.8,122.96,121.56,122.73,122.73,5285600,Healthcare
JNJ,2020-06-23,123.03,123.32,122.12,122.27,122.27,5921600,Healthcare
JNJ,2020-06-24,121.1,121.7,118.73,119.67,119.67,8211200,Healthcare
JNJ,2020-06-25,120.31,120.31,117.72,119.54,119.54,7421200,Healthcare
JNJ,2020-06-26,119.42,119.48,117.28,117.95,117.95,12849700,Healthcare
JNJ,2020-06-29,118.75,119.57,118.1,119.01,119.01,5309800,Healthcare
JNJ,2020-06-30,119.31,120.7,117.98,120.37,120.37,7738300,Healthcare
JNJ,2020-07-01,120.42,121.02,119.88,120.15,120.15,6174800,Healthcare
JNJ,2020-07-02,120.9,121.4,120.11,120.66,120.66,5152200,Healthcare
JNJ,2020-07-06,121.68,123.05,121.44,122.38,122.38,6156400,Healthcare
JNJ,2020-07-07,121.02,123.22,120.88,122.27,122.27,5622600,Healthcare
JNJ,2020-07-08,122.28,122.73,121.28,122.63,122.63,6257400,Healthcare
JNJ,2020-07-09,122.19,123.62,120.32,121.96,121.96,5738600,Healthcare
JNJ,2020-07-10,122.18,122.28,121.05,121.86,121.86,4282400,Healthcare
JNJ,2020-07-13,122.92,125.51,122.63,124.29,124.29,6951900,Healthcare
JNJ,2020-07-14,124.38,127.01,124.33,126.61,126.61,7447100,Healthcare
JNJ,2020-07-15,128.15,128.57,126.87,126.9,126.9,8512800,Healthcare
JNJ,2020-07-16,127.26,127.82,125.54,127.74,127.74,9304700,Healthcare
JNJ,2020-07-17,128.39,128.88,127.26,127.83,127.83,7441100,Healthcare
JNJ,2020-07-20,128.58,128.66,127.04,128.04,128.04,6191500,Healthcare
JNJ,2020-07-21,128.04,129.82,127.96,128.16,128.16,5575900,Healthcare
JNJ,2020-07-22,128.33,128.74,126.55,128.39,128.39,5910200,Healthcare
JNJ,2020-07-23,128.57,129.11,127.77,128.05,128.05,6566300,Healthcare
JNJ,2020-07-24,128.81,128.9,125.84,126.78,126.78,5405900,Healthcare
JNJ,2020-07-27,126.13,127.46,125.7,125.97,125.97,5675200,Healthcare
JNJ,2020-07-28,126.16,126.67,125.6,125.67,125.67,4842200,Healthcare
JNJ,2020-07-29,125.3,126.22,125.02,125.42,125.42,4489100,Healthcare
JNJ,2020-07-30,126.19,126.25,125.08,125.68,125.68,5922500,Healthcare
JNJ,2020-07-31,125.53,126.2,123.22,124.76,124.76,8259600,Healthcare
JNJ,2020-08-03,125.3,126.49,125.09,126.12,126.12,4078700,Healthcare
JNJ,2020-08-04,125.81,126.01,124.81,126.01,126.01,4162200,Healthcare
JNJ,2020-08-05,127.62,127.8,126.5,127.02,127.02,5467500,Healthcare
JNJ,2020-08-06,127.02,127.74,125.39,126.29,126.29,4837900,Healthcare
JNJ,2020-08-07,126.25,127.23,125.95,127.19,127.19,3635100,Healthcare
JNJ,2020-08-10,127.41,127.54,126.43,126.7,126.7,4096600,Healthcare
JNJ,2020-08-11,127.65,127.73,125.28,125.79,125.79,6388400,Healthcare
JNJ,2020-08-12,126.28,128.59,126.24,128.09,128.09,5257300,Healthcare
JNJ,2020-08-13,127.14,127.69,126.27,126.67,126.67,5155500,Healthcare
JNJ,2020-08-14,126.34,127.82,126.31,126.88,126.88,4240200,Healthcare
JNJ,2020-08-17,126.95,128.58,126.87,127.52,127.52,4306900,Healthcare
JNJ,2020-08-18,127.75,128.47,127.16,128.46,128.46,4322600,Healthcare
JNJ,2020-08-19,128.03,129.74,127.8,128.72,128.72,7816300,Healthcare
JNJ,2020-08-20,128.17,129.74,128.0,129.6,129.6,4874700,Healthcare
JNJ,2020-08-21,129.91,131.51,128.89,130.75,130.75,6722800,Healthcare
JNJ,2020-08-24,131.6,131.74,129.54,131.09,131.09,5387900,Healthcare
JNJ,2020-08-25,131.64,131.89,130.57,131.02,131.02,3863500,Healthcare
JNJ,2020-08-26,130.84,131.52,129.79,131.22,131.22,8008300,Healthcare
JNJ,2020-08-27,131.33,132.05,130.87,131.81,131.81,5575400,Healthcare
JNJ,2020-08-28,131.6,132.43,130.88,132.38,132.38,5395700,Healthcare
JNJ,2020-08-31,131.83,133.03,131.19,132.18,132.18,6362700,Healthcare
JNJ,2020-09-01,132.57,132.76,129.3,130.55,130.55,6307700,Healthcare
JNJ,2020-09-02,129.92,132.97,128.59,132.54,132.54,6881900,Healthcare
JNJ,2020-09-03,133.4,133.95,127.78,128.85,128.85,8672800,Healthcare
JNJ,2020-09-04,129.39,130.06,126.77,128.03,128.03,7200100,Healthcare
JNJ,2020-09-08,129.46,130.01,126.57,126.88,126.88,8756800,Healthcare
JNJ,2020-09-09,127.65,130.19,127.62,128.98,128.98,6960700,Healthcare
JNJ,2020-09-10,128.59,129.05,126.24,126.58,126.58,6191800,Healthcare
JNJ,2020-09-11,126.7,127.97,126.34,127.33,127.33,3934700,Healthcare
JNJ,2020-09-14,127.62,128.78,127.53,127.82,127.82,4375800,Healthcare
JNJ,2020-09-15,128.77,129.75,127.97,128.28,128.28,3658800,Healthcare
JNJ,2020-09-16,128.71,129.29,127.82,127.86,127.86,4323000,Healthcare
JNJ,2020-09-17,127.55,128.06,125.84,126.8,126.8,5461400,Healthcare
JNJ,2020-09-18,126.23,128.94,125.97,128.53,128.53,12174000,Healthcare
JNJ,2020-09-21,127.16,127.46,123.17,125.02,125.02,7574500,Healthcare
JNJ,2020-09-22,124.67,125.23,123.83,124.25,124.25,5295900,Healthcare
JNJ,2020-09-23,127.07,127.13,124.4,124.45,124.45,8784400,Healthcare
JNJ,2020-09-24,124.55,125.15,123.5,124.65,124.65,5614800,Healthcare
JNJ,2020-09-25,124.07,126.01,123.98,125.5,125.5,5531200,Healthcare
JNJ,2020-09-28,126.42,127.77,126.16,126.75,126.75,5843200,Healthcare
JNJ,2020-09-29,127.17,127.45,125.85,126.71,126.71,6768600,Healthcare
JNJ,2020-09-30,127.04,129.01,126.52,128.28,128.28,8487700,Healthcare
JNJ,2020-10-01,128.65,128.94,126.19,126.93,126.93,6457800,Healthcare
JNJ,2020-10-02,125.97,127.87,125.65,126.0,126.0,5485600,Healthcare
JNJ,2020-10-05,126.66,127.84,126.16,127.72,127.72,4992800,Healthcare
JNJ,2020-10-06,127.76,128.04,125.68,126.02,126.02,5118200,Healthcare
JNJ,2020-10-07,126.22,127.72,125.63,127.41,127.41,5603100,Healthcare
JNJ,2020-10-08,127.95,129.11,127.55,128.28,128.28,4413500,Healthcare
JNJ,2020-10-09,128.94,130.52,128.77,130.08,130.08,5054100,Healthcare
JNJ,2020-10-12,130.62,131.95,130.12,130.83,130.83,7273200,Healthcare
JNJ,2020-10-13,128.38,129.34,127.32,127.83,127.83,11057600,Healthcare
JNJ,2020-10-14,128.22,128.4,126.99,127.6,127.6,7706400,Healthcare
JNJ,2020-10-15,127.07,127.43,126.08,126.82,126.82,5978600,Healthcare
JNJ,2020-10-16,127.17,128.17,126.66,127.6,127.6,6097000,Healthcare
JNJ,2020-10-19,127.97,128.29,124.18,124.35,124.35,7250800,Healthcare
JNJ,2020-10-20,124.64,125.58,124.17,124.54,124.54,5325400,Healthcare
JNJ,2020-10-21,124.17,125.23,123.99,124.01,124.01,5221300,Healthcare
JNJ,2020-10-22,124.21,125.53,123.93,125.0,125.0,5279700,Healthcare
JNJ,2020-10-23,125.69,127.06,124.37,125.14,125.14,4154400,Healthcare
JNJ,2020-10-26,124.44,124.73,122.99,124.04,124.04,6929500,Healthcare
JNJ,2020-10-27,123.85,124.32,123.14,123.34,123.34,4890100,Healthcare
JNJ,2020-10-28,121.86,122.33,119.06,119.21,119.21,8426100,Healthcare
JNJ,2020-10-29,118.9,119.5,117.22,118.2,118.2,7205400,Healthcare
JNJ,2020-10-30,117.76,118.5,115.15,118.13,118.13,7364100,Healthcare
JNJ,2020-11-02,119.75,119.77,118.46,119.5,119.5,7088000,Healthcare
JNJ,2020-11-03,120.64,121.45,118.71,119.33,119.33,6363000,Healthcare
JNJ,2020-11-04,120.18,122.81,119.5,120.11,120.11,10263500,Healthcare
JNJ,2020-11-05,121.1,122.2,119.99,120.42,120.42,8016200,Healthcare
JNJ,2020-11-06,120.97,123.37,120.32,122.56,122.56,5942500,Healthcare
JNJ,2020-11-09,127.89,128.37,124.86,125.86,125.86,12351600,Healthcare
JNJ,2020-11-10,126.87,128.16,126.02,127.76,127.76,7386500,Healthcare
JNJ,2020-11-11,128.53,128.55,126.53,127.34,127.34,6382400,Healthcare
JNJ,2020-11-12,127.18,128.08,126.44,127.78,127.78,4710300,Healthcare
JNJ,2020-11-13,128.46,129.59,127.87,129.15,129.15,5893500,Healthcare
JNJ,2020-11-16,130.03,130.36,129.07,129.97,129.97,6266400,Healthcare
JNJ,2020-11-17,129.24,129.78,128.48,128.68,128.68,7297700,Healthcare
JNJ,2020-11-18,128.27,129.03,126.97,126.97,126.97,6661000,Healthcare
JNJ,2020-11-19,126.91,127.05,125.44,126.78,126.78,7987700,Healthcare
JNJ,2020-11-20,126.7,127.47,125.91,126.1,126.1,6354900,Healthcare
JNJ,2020-11-23,126.68,126.68,124.1,124.82,124.82,7318300,Healthcare
JNJ,2020-11-24,124.93,125.59,124.59,124.82,124.82,11034800,Healthcare
JNJ,2020-11-25,124.98,125.08,123.94,124.66,124.66,7594600,Healthcare
JNJ,2020-11-27,125.37,125.51,124.26,124.93,124.93,3059000,Healthcare
JNJ,2020-11-30,125.13,125.68,124.12,125.52,125.52,15663200,Healthcare
JNJ,2020-12-01,126.92,129.38,126.55,127.93,127.93,9738200,Healthcare
JNJ,2020-12-02,128.27,129.89,128.14,128.52,128.52,7745500,Healthcare
JNJ,2020-12-03,128.44,129.77,128.13,129.27,129.27,7310500,Healthcare
JNJ,2020-12-04,129.96,130.41,129.51,130.37,130.37,6747100,Healthcare
JNJ,2020-12-07,129.57,130.06,128.85,129.24,129.24,6634700,Healthcare
JNJ,2020-12-08,130.14,131.99,129.75,131.48,131.48,8339800,Healthcare
JNJ,2020-12-09,132.59,133.17,131.67,132.83,132.83,8440100,Healthcare
JNJ,2020-12-10,132.58,132.72,131.6,132.09,132.09,7392900,Healthcare
JNJ,2020-12-11,131.47,133.1,131.21,132.7,132.7,5977400,Healthcare
JNJ,2020-12-14,132.96,133.16,129.26,129.33,129.33,8547300,Healthcare
JNJ,2020-12-15,130.14,130.79,129.73,130.63,130.63,7612600,Healthcare
JNJ,2020-12-16,130.31,130.94,129.75,129.85,129.85,8486100,Healthcare
JNJ,2020-12-17,130.22,133.51,130.1,133.28,133.28,9920300,Healthcare
JNJ,2020-12-18,133.31,134.56,131.59,134.05,134.05,17137200,Healthcare
JNJ,2020-12-21,131.88,133.1,130.18,132.76,132.76,7893400,Healthcare
JNJ,2020-12-22,132.22,133.52,131.75,132.5,132.5,4699500,Healthcare
JNJ,2020-12-23,132.57,133.26,131.79,131.82,131.82,4607300,Healthcare
JNJ,2020-12-24,131.74,132.78,131.72,132.28,132.28,2114900,Healthcare
JNJ,2020-12-28,133.02,133.5,132.13,132.91,132.91,3855500,Healthcare
JNJ,2020-12-29,133.7,134.42,133.44,133.73,133.73,5212000,Healthcare
JNJ,2020-12-30,134.25,135.67,134.13,135.39,135.39,5412800,Healthcare
JNJ,2020-12-31,135.8,136.78,134.57,136.54,136.54,5099900,Healthcare
JNJ,2021-01-04,136.42,136.54,133.72,135.78,135.78,11765900,Healthcare
JNJ,2021-01-05,135.56,137.74,134.54,137.37,137.37,9602300,Healthcare
JNJ,2021-01-06,136.42,139.01,135.97,138.67,138.67,8230100,Healthcare
JNJ,2021-01-07,137.95,139.71,137.38,139.14,139.14,7747200,Healthcare
JNJ,2021-01-08,139.26,139.77,138.71,138.85,138.85,8228900,Healthcare
JNJ,2021-01-11,139.3,139.96,137.75,138.27,138.27,7066200,Healthcare
JNJ,2021-01-12,138.08,138.52,136.5,137.19,137.19,6903200,Healthcare
JNJ,2021-01-13,137.28,137.48,135.99,136.98,136.98,6643100,Healthcare
JNJ,2021-01-14,139.2,140.51,138.48,139.38,139.38,10030800,Healthcare
JNJ,2021-01-15,139.07,140.04,138.04,139.07,139.07,7630800,Healthcare
JNJ,2021-01-19,140.55,141.45,139.77,141.23,141.23,9057600,Healthcare
JNJ,2021-01-20,141.59,142.41,140.38,140.88,140.88,6839900,Healthcare
JNJ,2021-01-21,139.96,140.97,138.87,140.32,140.32,6818000,Healthcare
JNJ,2021-01-22,140.86,143.29,140.44,141.89,141.89,8137000,Healthcare
JNJ,2021-01-25,143.16,144.1,141.99,144.0,144.0,9924400,Healthcare
JNJ,2021-01-26,147.23,150.66,146.96,147.91,147.91,14205700,Healthcare
JNJ,2021-01-27,146.73,148.29,145.28,145.65,145.65,14207300,Healthcare
JNJ,2021-01-28,145.93,148.24,145.58,146.76,146.76,8944400,Healthcare
JNJ,2021-01-29,142.51,144.02,139.29,141.53,141.53,22505900,Healthcare
JNJ,2021-02-01,143.42,143.42,141.07,141.17,141.17,9971400,Healthcare
JNJ,2021-02-02,141.75,141.99,139.84,139.9,139.9,11443300,Healthcare
JNJ,2021-02-03,139.63,140.13,138.44,139.25,139.25,8601900,Healthcare
JNJ,2021-02-04,139.68,140.63,138.61,140.54,140.54,7758100,Healthcare
JNJ,2021-02-05,143.03,143.53,142.16,142.67,142.67,9495300,Healthcare
JNJ,2021-02-08,143.18,143.95,142.18,143.08,143.08,6035300,Healthcare
JNJ,2021-02-09,143.33,144.53,143.13,144.25,144.25,5544200,Healthcare
JNJ,2021-02-10,145.66,145.7,143.76,144.72,144.72,5921300,Healthcare
JNJ,2021-02-11,144.89,145.22,143.67,144.07,144.07,4871300,Healthcare
JNJ,2021-02-12,142.63,144.76,142.28,144.52,144.52,4413100,Healthcare
JNJ,2021-02-16,144.52,144.93,142.84,143.21,143.21,5656100,Healthcare
JNJ,2021-02-17,143.13,144.1,142.6,143.72,143.72,6676700,Healthcare
JNJ,2021-02-18,143.12,144.16,142.54,143.79,143.79,5189100,Healthcare
JNJ,2021-02-19,143.67,143.99,141.34,141.4,141.4,8190900,Healthcare
JNJ,2021-02-22,141.31,141.9,139.93,141.31,141.31,6447100,Healthcare
JNJ,2021-02-23,140.97,142.46,140.03,140.06,140.06,7042800,Healthcare
JNJ,2021-02-24,141.78,143.51,140.48,141.94,141.94,10286100,Healthcare
JNJ,2021-02-25,142.41,142.91,141.42,142.09,142.09,9719700,Healthcare
JNJ,2021-02-26,141.43,141.78,137.91,138.34,138.34,14417500,Healthcare
JNJ,2021-03-01,140.95,141.02,138.89,139.09,139.09,10551400,Healthcare
JNJ,2021-03-02,139.49,140.36,138.46,138.82,138.82,7610900,Healthcare
JNJ,2021-03-03,138.15,138.72,136.24,136.38,136.38,8499600,Healthcare
JNJ,2021-03-04,136.18,136.28,132.23,133.63,133.63,11033200,Healthcare
JNJ,2021-03-05,134.42,136.79,133.68,136.28,136.28,8331600,Healthcare
JNJ,2021-03-08,137.06,139.09,136.17,137.41,137.41,6546700,Healthcare
JNJ,2021-03-09,136.96,140.33,136.96,137.67,137.67,7461300,Healthcare
JNJ,2021-03-10,138.65,139.59,137.38,138.94,138.94,6635600,Healthcare
JNJ,2021-03-11,139.28,140.23,138.74,138.93,138.93,6305600,Healthcare
JNJ,2021-03-12,139.05,139.95,138.97,139.33,139.33,5474800,Healthcare
JNJ,2021-03-15,139.46,140.26,138.37,140.05,140.05,5524100,Healthcare
JNJ,2021-03-16,140.08,141.15,139.89,140.88,140.88,6369100,Healthcare
JNJ,2021-03-17,140.4,141.19,139.27,140.35,140.35,6001400,Healthcare
JNJ,2021-03-18,139.86,140.98,139.64,140.09,140.09,4801800,Healthcare
JNJ,2021-03-19,140.28,140.99,139.22,139.71,139.71,14891500,Healthcare
JNJ,2021-03-22,138.2,140.25,137.93,140.12,140.12,7544100,Healthcare
JNJ,2021-03-23,139.86,140.73,138.7,139.99,139.99,7178300,Healthcare
JNJ,2021-03-24,139.77,141.84,139.52,141.35,141.35,6370100,Healthcare
JNJ,2021-03-25,141.81,141.82,140.24,141.4,141.4,6269800,Healthcare
JNJ,2021-03-26,141.5,144.13,140.88,143.98,143.98,7619200,Healthcare
JNJ,2021-03-29,143.02,145.82,142.85,144.95,144.95,8535100,Healthcare
JNJ,2021-03-30,144.06,144.62,143.37,144.05,144.05,7236300,Healthcare
JNJ,2021-03-31,144.01,144.39,142.91,143.48,143.48,8281500,Healthcare
JNJ,2021-04-01,141.95,143.03,141.65,142.15,142.15,7229700,Healthcare
JNJ,2021-04-05,142.86,143.83,142.0,142.67,142.67,7387100,Healthcare
JNJ,2021-04-06,143.24,143.63,142.3,142.64,142.64,5074200,Healthcare
JNJ,2021-04-07,142.78,143.42,142.58,142.83,142.83,4608000,Healthcare
JNJ,2021-04-08,143.17,143.27,142.17,142.27,142.27,5039400,Healthcare
JNJ,2021-04-09,141.53,142.24,139.49,140.77,140.77,8418300,Healthcare
JNJ,2021-04-12,140.63,141.5,139.98,141.11,141.11,5022800,Healthcare
JNJ,2021-04-13,136.94,139.62,136.65,139.23,139.23,18424100,Healthcare
JNJ,2021-04-14,137.79,139.78,137.53,139.61,139.61,7718300,Healthcare
JNJ,2021-04-15,140.31,141.77,139.88,140.02,140.02,7524600,Healthcare
JNJ,2021-04-16,140.85,141.87,140.17,141.64,141.64,9049400,Healthcare
JNJ,2021-04-19,141.86,142.39,140.41,142.03,142.03,8353500,Healthcare
JNJ,2021-04-20,140.55,146.48,140.55,145.34,145.34,14050700,Healthcare
JNJ,2021-04-21,145.24,145.71,144.3,145.43,145.43,6333200,Healthcare
JNJ,2021-04-22,144.78,145.16,143.71,144.2,144.2,7233000,Healthcare
JNJ,2021-04-23,143.63,144.97,143.17,144.5,144.5,6015300,Healthcare
JNJ,2021-04-26,144.23,144.4,142.96,143.28,143.28,6027800,Healthcare
JNJ,2021-04-27,142.96,143.09,141.84,142.46,142.46,6217700,Healthcare
JNJ,2021-04-28,142.18,142.47,141.12,141.41,141.41,7448000,Healthcare
JNJ,2021-04-29,141.34,143.4,141.26,143.35,143.35,6394300,Healthcare
JNJ,2021-04-30,143.3,143.46,141.88,142.06,142.06,9079100,Healthcare
JNJ,2021-05-03,142.82,144.32,142.4,144.23,144.23,6594100,Healthcare
JNJ,2021-05-04,143.9,146.53,143.76,146.46,146.46,10179500,Healthcare
JNJ,2021-05-05,146.23,147.01,145.61,145.85,145.85,7792300,Healthcare
JNJ,2021-05-06,145.61,146.57,145.13,146.44,146.44,5529900,Healthcare
JNJ,2021-05-07,146.93,147.69,146.52,147.1,147.1,5316200,Healthcare
JNJ,2021-05-10,148.32,149.75,147.74,148.65,148.65,8357500,Healthcare
JNJ,2021-05-11,148.98,149.17,146.91,147.43,147.43,8217900,Healthcare
JNJ,2021-05-12,147.14,148.24,146.62,146.84,146.84,6758300,Healthcare
JNJ,2021-05-13,145.76,149.02,145.76,148.37,148.37,8018600,Healthcare
JNJ,2021-05-14,149.7,149.82,148.56,148.6,148.6,5797700,Healthcare
JNJ,2021-05-17,148.76,150.06,148.68,148.75,148.75,5722600,Healthcare
JNJ,2021-05-18,148.39,149.61,148.0,148.8,148.8,5846000,Healthcare
JNJ,2021-05-19,148.33,148.55,146.7,148.48,148.48,5533800,Healthcare
JNJ,2021-05-20,148.36,149.8,148.14,149.34,149.34,4853200,Healthcare
JNJ,2021-05-21,149.57,150.8,149.17,149.25,149.25,6501800,Healthcare
JNJ,2021-05-24,150.13,150.52,149.13,149.82,149.82,5195100,Healthcare
JNJ,2021-05-25,149.92,150.24,149.11,149.41,149.41,7444700,Healthcare
JNJ,2021-05-26,149.34,149.41,147.82,148.52,148.52,5726400,Healthcare
JNJ,2021-05-27,148.69,149.49,147.91,148.29,148.29,8114700,Healthcare
JNJ,2021-05-28,148.91,150.22,148.61,148.68,148.68,6400800,Healthcare
JNJ,2021-06-01,149.47,149.51,145.28,145.41,145.41,10448400,Healthcare
JNJ,2021-06-02,145.21,146.46,145.04,146.0,146.0,6806000,Healthcare
JNJ,2021-06-03,145.73,146.83,145.57,145.86,145.86,5808800,Healthcare
JNJ,2021-06-04,146.71,147.2,145.71,145.8,145.8,6510300,Healthcare
JNJ,2021-06-07,145.82,146.1,144.62,144.8,144.8,5362800,Healthcare
JNJ,2021-06-08,145.19,145.52,142.37,143.53,143.53,7746800,Healthcare
JNJ,2021-06-09,144.06,145.63,143.77,145.46,145.46,5552600,Healthcare
JNJ,2021-06-10,145.82,147.21,145.78,146.77,146.77,6463100,Healthcare
JNJ,2021-06-11,146.76,146.77,144.26,144.91,144.91,7389900,Healthcare
JNJ,2021-06-14,144.5,145.35,143.98,145.27,145.27,4931300,Healthcare
JNJ,2021-06-15,145.15,145.7,144.41,144.5,144.5,5062900,Healthcare
JNJ,2021-06-16,144.77,145.6,143.61,144.44,144.44,6988500,Healthcare
JNJ,2021-06-17,144.23,145.56,143.63,145.14,145.14,5874700,Healthcare
JNJ,2021-06-18,143.42,144.23,142.12,142.29,142.29,12993000,Healthcare
JNJ,2021-06-21,142.98,144.29,142.53,143.92,143.92,6592300,Healthcare
JNJ,2021-06-22,143.81,144.1,143.43,143.73,143.73,5627800,Healthcare
JNJ,2021-06-23,143.79,143.79,142.73,142.86,142.86,4493400,Healthcare
JNJ,2021-06-24,143.42,144.24,143.01,143.51,143.51,4549200,Healthcare
JNJ,2021-06-25,143.13,144.75,143.09,144.25,144.25,10963800,Healthcare
JNJ,2021-06-28,144.45,145.0,143.64,144.08,144.08,5604000,Healthcare
JNJ,2021-06-29,144.07,144.63,143.55,144.09,144.09,3749500,Healthcare
JNJ,2021-06-30,144.07,144.92,143.78,144.72,144.72,6151700,Healthcare
JNJ,2021-07-01,144.72,145.83,144.62,145.79,145.79,6320200,Healthcare
JNJ,2021-07-02,145.84,148.72,145.51,148.44,148.44,9059900,Healthcare
JNJ,2021-07-06,147.5,148.33,146.69,147.55,147.55,6098500,Healthcare
JNJ,2021-07-07,147.12,148.9,147.12,148.82,148.82,6293500,Healthcare
JNJ,2021-07-08,148.19,148.86,147.21,148.53,148.53,5755500,Healthcare
JNJ,2021-07-09,148.78,149.66,148.67,149.12,149.12,6120900,Healthcare
JNJ,2021-07-12,149.1,150.37,148.05,148.88,148.88,7840500,Healthcare
JNJ,2021-07-13,148.43,149.12,148.17,148.69,148.69,4691200,Healthcare
JNJ,2021-07-14,149.34,150.06,148.49,149.7,149.7,6162900,Healthcare
JNJ,2021-07-15,148.72,149.25,147.33,147.9,147.9,6656900,Healthcare
JNJ,2021-07-16,147.88,148.54,147.53,147.67,147.67,5834900,Healthcare
JNJ,2021-07-19,146.24,147.75,145.22,146.59,146.59,8219700,Healthcare
JNJ,2021-07-20,146.61,150.05,146.56,147.97,147.97,9902800,Healthcare
JNJ,2021-07-21,148.72,149.06,147.12,148.89,148.89,7585200,Healthcare
JNJ,2021-07-22,148.77,150.28,148.15,149.32,149.32,5281900,Healthcare
JNJ,2021-07-23,150.21,151.25,149.67,150.91,150.91,5014900,Healthcare
JNJ,2021-07-26,150.93,151.22,150.09,150.98,150.98,4484900,Healthcare
JNJ,2021-07-27,150.92,151.73,149.92,151.67,151.67,7089300,Healthcare
JNJ,2021-07-28,151.73,152.3,151.16,151.25,151.25,5750700,Healthcare
JNJ,2021-07-29,151.74,152.27,150.29,151.25,151.25,4214100,Healthcare
JNJ,2021-07-30,151.57,151.95,150.95,151.27,151.27,5346400,Healthcare
JNJ,2021-08-02,151.51,151.83,150.48,151.33,151.33,3721500,Healthcare
JNJ,2021-08-03,151.73,153.29,151.48,153.19,153.19,6033000,Healthcare
JNJ,2021-08-04,153.03,153.37,152.2,152.29,152.29,4793100,Healthcare
JNJ,2021-08-05,152.72,152.72,151.46,152.58,152.58,4291000,Healthcare
JNJ,2021-08-06,152.8,152.8,151.49,152.07,152.07,4581100,Healthcare
JNJ,2021-08-09,152.6,153.07,151.91,152.59,152.59,3950200,Healthcare
JNJ,2021-08-10,152.2,152.95,151.78,152.65,152.65,3678300,Healthcare
JNJ,2021-08-11,153.07,153.26,152.46,152.67,152.67,4221300,Healthcare
JNJ,2021-08-12,152.69,153.98,152.49,153.9,153.9,4300400,Healthcare
JNJ,2021-08-13,153.98,154.86,153.83,154.83,154.83,5882100,Healthcare
JNJ,2021-08-16,155.09,156.27,154.56,156.22,156.22,4782800,Healthcare
JNJ,2021-08-17,155.76,157.69,155.76,157.65,157.65,6041900,Healthcare
JNJ,2021-08-18,157.68,157.68,155.6,155.65,155.65,7134100,Healthcare
JNJ,2021-08-19,155.15,157.53,154.67,156.86,156.86,5615000,Healthcare
JNJ,2021-08-20,157.15,158.05,156.42,157.63,157.63,5428700,Healthcare
JNJ,2021-08-23,157.64,158.11,156.89,156.95,156.95,6461700,Healthcare
JNJ,2021-08-24,156.4,156.59,154.89,154.99,154.99,5734800,Healthcare
JNJ,2021-08-25,155.25,155.44,153.66,153.96,153.96,5700300,Healthcare
JNJ,2021-08-26,153.71,154.39,152.92,153.14,153.14,5031600,Healthcare
JNJ,2021-08-27,154.01,154.01,152.65,152.81,152.81,7046100,Healthcare
JNJ,2021-08-30,152.69,154.01,152.68,153.46,153.46,3252700,Healthcare
JNJ,2021-08-31,153.31,154.19,152.41,152.99,152.99,7106800,Healthcare
JNJ,2021-09-01,152.79,153.53,152.04,153.53,153.53,5327400,Healthcare
JNJ,2021-09-02,154.06,154.81,153.68,154.58,154.58,4544300,Healthcare
JNJ,2021-09-03,154.73,154.84,153.59,154.68,154.68,4096900,Healthcare
JNJ,2021-09-07,154.07,154.67,151.7,152.27,152.27,6859900,Healthcare
JNJ,2021-09-08,151.65,152.86,151.18,151.9,151.9,4661700,Healthcare
JNJ,2021-09-09,151.27,151.53,148.19,148.52,148.52,7114600,Healthcare
JNJ,2021-09-10,148.94,149.42,147.46,147.55,147.55,6699300,Healthcare
JNJ,2021-09-13,148.39,148.56,145.92,146.51,146.51,6273500,Healthcare
JNJ,2021-09-14,147.04,147.17,145.37,145.63,145.63,5259600,Healthcare
JNJ,2021-09-15,145.8,146.65,145.2,146.18,146.18,7935300,Healthcare
JNJ,2021-09-16,146.38,147.09,145.09,146.0,146.0,5665400,Healthcare
JNJ,2021-09-17,145.19,145.73,144.53,145.58,145.58,13419800,Healthcare
JNJ,2021-09-20,144.46,145.96,143.3,144.75,144.75,7270800,Healthcare
JNJ,2021-09-21,145.46,146.67,145.13,145.39,145.39,6663600,Healthcare
JNJ,2021-09-22,146.11,146.64,144.59,144.86,144.86,5657100,Healthcare
JNJ,2021-09-23,145.27,146.49,145.05,145.68,145.68,4697900,Healthcare
JNJ,2021-09-24,145.58,146.38,144.82,145.24,145.24,4399300,Healthcare
JNJ,2021-09-27,144.92,145.24,143.9,144.19,144.19,5775500,Healthcare
JNJ,2021-09-28,144.13,144.84,142.95,143.87,143.87,7610400,Healthcare
JNJ,2021-09-29,144.04,145.5,143.84,144.94,144.94,5124100,Healthcare
JNJ,2021-09-30,145.49,146.16,142.63,142.71,142.71,6972300,Healthcare
JNJ,2021-10-01,142.74,143.07,140.17,141.8,141.8,8568300,Healthcare
JNJ,2021-10-04,141.38,142.27,139.33,140.7,140.7,8620700,Healthcare
JNJ,2021-10-05,141.26,142.37,140.64,141.02,141.02,5129000,Healthcare
JNJ,2021-10-06,141.27,141.34,139.48,141.31,141.31,7312600,Healthcare
JNJ,2021-10-07,141.4,143.69,141.4,142.57,142.57,5309200,Healthcare
JNJ,2021-10-08,142.55,142.81,141.61,142.21,142.21,4343200,Healthcare
JNJ,2021-10-11,142.15,143.02,141.33,141.61,141.61,4101600,Healthcare
JNJ,2021-10-12,141.39,141.55,139.04,139.35,139.35,6686400,Healthcare
JNJ,2021-10-13,139.46,141.46,139.4,140.68,140.68,6901100,Healthcare
JNJ,2021-10-14,141.13,142.39,141.03,141.48,141.48,4579200,Healthcare
JNJ,2021-10-15,142.3,142.99,141.75,142.54,142.54,6918400,Healthcare
JNJ,2021-10-18,141.61,142.17,140.68,141.49,141.49,7465500,Healthcare
JNJ,2021-10-19,142.18,145.94,142.03,144.81,144.81,10081300,Healthcare
JNJ,2021-10-20,144.9,145.58,144.27,144.73,144.73,6003200,Healthcare
JNJ,2021-10-21,145.19,145.27,143.4,144.39,144.39,4524100,Healthcare
JNJ,2021-10-22,144.09,144.97,144.0,144.67,144.67,4304300,Healthcare
JNJ,2021-10-25,144.67,145.2,142.9,144.99,144.99,6715400,Healthcare
JNJ,2021-10-26,145.42,146.71,144.97,146.47,146.47,6939100,Healthcare
JNJ,2021-10-27,146.41,146.48,144.31,144.69,144.69,7018800,Healthcare
JNJ,2021-10-28,144.72,145.98,143.44,143.9,143.9,6278800,Healthcare
JNJ,2021-10-29,143.46,144.26,141.93,143.93,143.93,8526800,Healthcare
JNJ,2021-11-01,144.18,144.9,140.86,144.06,144.06,5846400,Healthcare
JNJ,2021-11-02,144.66,147.55,144.02,146.33,146.33,8450600,Healthcare
JNJ,2021-11-03,145.84,146.49,144.42,145.86,145.86,6717800,Healthcare
JNJ,2021-11-04,145.75,145.8,143.75,145.45,145.45,8224400,Healthcare
JNJ,2021-11-05,143.58,145.45,143.33,144.42,144.42,6215900,Healthcare
JNJ,2021-11-08,144.64,145.07,143.16,143.92,143.92,5578800,Healthcare
JNJ,2021-11-09,143.69,144.56,143.17,143.6,143.6,6112800,Healthcare
JNJ,2021-11-10,143.62,145.66,143.46,145.16,145.16,6225100,Healthcare
JNJ,2021-11-11,144.47,144.75,143.59,144.09,144.09,4118800,Healthcare
JNJ,2021-11-12,147.95,148.12,145.46,145.81,145.81,18995200,Healthcare
JNJ,2021-11-15,145.8,146.21,144.23,144.5,144.5,7496200,Healthcare
JNJ,2021-11-16,144.2,145.23,143.7,143.75,143.75,7594700,Healthcare
JNJ,2021-11-17,143.92,144.8,142.97,144.28,144.28,5414500,Healthcare
JNJ,2021-11-18,144.44,145.34,143.27,143.51,143.51,6358700,Healthcare
JNJ,2021-11-19,144.07,144.21,142.96,143.94,143.94,7620700,Healthcare
JNJ,2021-11-22,143.23,144.66,142.0,142.05,142.05,7634500,Healthcare
JNJ,2021-11-23,141.89,143.2,141.23,142.93,142.93,7734000,Healthcare
JNJ,2021-11-24,142.44,142.86,141.76,142.53,142.53,5230900,Healthcare
JNJ,2021-11-26,142.85,143.34,141.12,141.6,141.6,8523100,Healthcare
JNJ,2021-11-29,141.87,142.69,140.91,142.09,142.09,9188500,Healthcare
JNJ,2021-11-30,140.99,141.42,138.62,138.69,138.69,14981700,Healthcare
JNJ,2021-12-01,139.54,142.38,138.98,140.6,140.6,9835800,Healthcare
JNJ,2021-12-02,139.88,141.68,139.42,139.72,139.72,11334700,Healthcare
JNJ,2021-12-03,140.45,142.02,140.17,141.76,141.76,8750500,Healthcare
JNJ,2021-12-06,142.48,145.44,142.16,144.93,144.93,9692000,Healthcare
JNJ,2021-12-07,145.87,146.11,144.46,145.3,145.3,8311300,Healthcare
JNJ,2021-12-08,145.4,146.38,144.66,146.17,146.17,6216400,Healthcare
JNJ,2021-12-09,146.03,147.63,145.42,147.56,147.56,8574200,Healthcare
JNJ,2021-12-10,147.27,148.26,146.45,147.2,147.2,6572200,Healthcare
JNJ,2021-12-13,146.54,150.5,145.69,149.83,149.83,11142300,Healthcare
JNJ,2021-12-14,149.72,152.07,148.68,151.47,151.47,10482400,Healthcare
JNJ,2021-12-15,151.07,152.36,150.69,152.22,152.22,8552200,Healthcare
JNJ,2021-12-16,152.33,154.33,151.95,153.88,153.88,8998600,Healthcare
JNJ,2021-12-17,150.89,151.9,149.13,149.63,149.63,16726200,Healthcare
JNJ,2021-12-20,149.26,149.88,148.14,149.21,149.21,7954500,Healthcare
JNJ,2021-12-21,149.48,149.52,147.63,148.73,148.73,7954200,Healthcare
JNJ,2021-12-22,148.59,149.58,147.76,149.37,149.37,4178200,Healthcare
JNJ,2021-12-23,149.32,150.27,148.86,149.65,149.65,3501500,Healthcare
JNJ,2021-12-27,150.44,151.07,150.05,150.91,150.91,3704800,Healthcare
JNJ,2021-12-28,151.02,151.78,150.84,151.52,151.52,3187000,Healthcare
JNJ,2021-12-29,151.21,152.98,151.13,152.59,152.59,3662000,Healthcare
JNJ,2021-12-30,153.09,153.77,152.76,153.26,153.26,4231800,Healthcare
JNJ,2021-12-31,153.46,153.59,152.12,152.16,152.16,4409500,Healthcare
JNJ,2022-01-03,151.39,152.63,150.41,152.58,152.58,6012200,Healthcare
JNJ,2022-01-04,152.15,153.24,151.74,152.17,152.17,6748400,Healthcare
JNJ,2022-01-05,152.99,154.29,152.65,153.18,153.18,7016100,Healthcare
JNJ,2022-01-06,153.12,153.43,151.92,152.66,152.66,7301600,Healthcare
JNJ,2022-01-07,152.51,155.03,152.21,154.72,154.72,6986000,Healthcare
JNJ,2022-01-10,154.49,154.49,153.13,153.96,153.96,7698400,Healthcare
JNJ,2022-01-11,153.87,154.22,151.3,152.32,152.32,8341100,Healthcare
JNJ,2022-01-12,150.86,151.28,149.73,151.02,151.02,8116200,Healthcare
JNJ,2022-01-13,150.32,151.58,149.84,150.1,150.1,6159400,Healthcare
JNJ,2022-01-14,149.99,150.01,148.67,149.29,149.29,5847700,Healthcare
JNJ,2022-01-18,148.63,149.18,147.66,148.63,148.63,7815600,Healthcare
JNJ,2022-01-19,148.72,150.07,147.93,148.17,148.17,5926500,Healthcare
JNJ,2022-01-20,148.8,149.3,146.7,146.98,146.98,6011300,Healthcare
JNJ,2022-01-21,147.82,149.42,146.29,146.64,146.64,10550300,Healthcare
JNJ,2022-01-24,145.87,146.02,140.76,144.95,144.95,14054600,Healthcare
JNJ,2022-01-25,144.41,149.79,143.72,149.1,149.1,14081200,Healthcare
JNJ,2022-01-26,149.02,150.51,147.85,149.77,149.77,9963200,Healthcare
JNJ,2022-01-27,150.66,152.91,150.32,151.73,151.73,9066700,Healthcare
JNJ,2022-01-28,151.97,152.84,150.58,152.8,152.8,9783100,Healthcare
JNJ,2022-01-31,152.54,153.54,151.94,153.24,153.24,8054800,Healthcare
JNJ,2022-02-01,152.75,152.97,150.7,151.99,151.99,8154700,Healthcare
JNJ,2022-02-02,150.9,153.87,150.9,153.67,153.67,7382800,Healthcare
JNJ,2022-02-03,153.22,154.43,152.13,153.66,153.66,6240400,Healthcare
JNJ,2022-02-04,152.1,153.86,151.31,152.66,152.66,6392200,Healthcare
JNJ,2022-02-07,152.46,152.75,151.22,152.15,152.15,6065700,Healthcare
JNJ,2022-02-08,152.11,153.03,151.63,152.55,152.55,6296100,Healthcare
JNJ,2022-02-09,153.05,153.2,152.32,152.53,152.53,5387500,Healthcare
JNJ,2022-02-10,152.28,152.29,150.58,150.69,150.69,10355300,Healthcare
JNJ,2022-02-11,150.42,151.34,149.02,149.17,149.17,13125300,Healthcare
JNJ,2022-02-14,149.17,149.4,145.7,147.29,147.29,8967600,Healthcare
JNJ,2022-02-15,147.76,149.52,147.66,148.81,148.81,6631400,Healthcare
JNJ,2022-02-16,148.09,149.29,147.39,148.73,148.73,8482400,Healthcare
JNJ,2022-02-17,148.73,148.94,146.69,147.82,147.82,6227600,Healthcare
JNJ,2022-02-18,147.68,148.02,145.86,146.23,146.23,6423200,Healthcare
JNJ,2022-02-22,146.42,146.57,143.62,144.25,144.25,6868900,Healthcare
JNJ,2022-02-23,144.58,145.59,143.99,144.32,144.32,8016900,Healthcare
JNJ,2022-02-24,143.03,143.34,139.39,141.56,141.56,12883400,Healthcare
JNJ,2022-02-25,143.23,149.48,142.96,148.6,148.6,11340400,Healthcare
JNJ,2022-02-28,145.8,147.86,145.36,147.32,147.32,9373500,Healthcare
JNJ,2022-03-01,145.95,147.48,145.38,146.81,146.81,8737800,Healthcare
JNJ,2022-03-02,147.17,150.06,146.84,148.63,148.63,6793300,Healthcare
JNJ,2022-03-03,149.22,151.59,148.88,150.82,150.82,7333700,Healthcare
JNJ,2022-03-04,150.07,152.05,149.36,151.71,151.71,6302500,Healthcare
JNJ,2022-03-07,150.66,154.97,149.81,154.16,154.16,11663400,Healthcare
JNJ,2022-03-08,154.0,154.97,150.84,151.03,151.03,11100300,Healthcare
JNJ,2022-03-09,152.19,152.38,150.29,151.6,151.6,7248200,Healthcare
JNJ,2022-03-10,150.89,152.31,150.46,151.87,151.87,6171400,Healthcare
JNJ,2022-03-11,151.4,153.48,151.3,151.6,151.6,5188000,Healthcare
JNJ,2022-03-14,152.79,155.87,152.49,153.69,153.69,7729500,Healthcare
JNJ,2022-03-15,155.16,158.01,154.46,157.67,157.67,10554400,Healthcare
JNJ,2022-03-16,157.07,158.4,154.47,156.22,156.22,9603300,Healthcare
JNJ,2022-03-17,156.84,158.3,155.94,158.26,158.26,7472100,Healthcare
JNJ,2022-03-18,158.44,158.44,155.45,156.51,156.51,13809500,Healthcare
JNJ,2022-03-21,156.35,158.59,156.04,157.4,157.4,7574900,Healthcare
JNJ,2022-03-22,157.4,157.88,155.68,156.65,156.65,8442100,Healthcare
JNJ,2022-03-23,156.86,157.14,155.84,156.06,156.06,5254200,Healthcare
JNJ,2022-03-24,156.65,157.14,155.82,156.87,156.87,5012300,Healthcare
JNJ,2022-03-25,157.27,159.07,156.85,158.37,158.37,4809500,Healthcare
JNJ,2022-03-28,158.13,159.5,157.86,159.19,159.19,5604200,Healthcare
JNJ,2022-03-29,159.89,160.59,158.26,159.11,159.11,5933400,Healthcare
JNJ,2022-03-30,159.73,161.0,159.05,160.76,160.76,6277600,Healthcare
JNJ,2022-03-31,160.76,161.32,158.43,158.65,158.65,11490400,Healthcare
JNJ,2022-04-01,158.49,159.72,157.19,159.51,159.51,6525600,Healthcare
JNJ,2022-04-04,159.51,159.51,157.12,157.97,157.97,6860600,Healthcare
JNJ,2022-04-05,157.97,160.82,157.81,158.99,158.99,7446100,Healthcare
JNJ,2022-04-06,160.58,163.46,159.89,163.13,163.13,10330900,Healthcare
JNJ,2022-04-07,162.62,163.77,161.34,162.7,162.7,7385200,Healthcare
JNJ,2022-04-08,162.32,163.98,161.51,163.03,163.03,7144500,Healthcare
JNJ,2022-04-11,163.81,164.89,160.77,160.99,160.99,5932000,Healthcare
JNJ,2022-04-12,160.41,161.85,159.52,161.04,161.04,5957500,Healthcare
JNJ,2022-04-13,161.04,161.88,160.45,161.72,161.72,5643100,Healthcare
JNJ,2022-04-14,161.13,162.38,160.89,161.04,161.04,6188200,Healthcare
JNJ,2022-04-18,160.89,161.48,158.21,159.03,159.03,6318700,Healthcare
JNJ,2022-04-19,161.77,166.45,161.08,163.89,163.89,14380800,Healthcare
JNJ,2022-04-20,163.13,165.0,162.83,164.61,164.61,8044900,Healthcare
JNJ,2022-04-21,164.65,165.49,163.42,164.14,164.14,6969200,Healthcare
JNJ,2022-04-22,163.34,163.95,162.36,162.51,162.51,8003600,Healthcare
JNJ,2022-04-25,163.22,167.12,163.01,166.51,166.51,11176500,Healthcare
JNJ,2022-04-26,165.69,167.01,164.87,165.32,165.32,10190000,Healthcare
JNJ,2022-04-27,164.92,165.44,162.69,163.01,163.01,11090100,Healthcare
JNJ,2022-04-28,163.14,165.16,162.85,164.23,164.23,9403900,Healthcare
JNJ,2022-04-29,163.37,163.41,161.31,161.54,161.54,8463100,Healthcare
JNJ,2022-05-02,161.55,162.39,158.47,159.91,159.91,7145400,Healthcare
JNJ,2022-05-03,160.06,161.69,159.05,159.6,159.6,5898700,Healthcare
JNJ,2022-05-04,159.47,161.58,158.58,161.31,161.31,5923000,Healthcare
JNJ,2022-05-05,160.61,160.87,156.9,158.23,158.23,7089200,Healthcare
JNJ,2022-05-06,156.78,158.33,156.38,157.88,157.88,6434000,Healthcare
JNJ,2022-05-09,157.06,159.84,156.29,158.74,158.74,7855200,Healthcare
JNJ,2022-05-10,159.54,160.4,158.0,158.52,158.52,8186700,Healthcare
JNJ,2022-05-11,157.51,159.63,157.44,157.67,157.67,6138900,Healthcare
JNJ,2022-05-12,157.97,159.29,156.39,159.22,159.22,6898600,Healthcare
JNJ,2022-05-13,159.97,160.14,157.37,158.31,158.31,7732200,Healthcare
JNJ,2022-05-16,158.31,160.35,157.7,159.41,159.41,5516700,Healthcare
JNJ,2022-05-17,159.98,160.86,158.08,160.07,160.07,5751100,Healthcare
JNJ,2022-05-18,160.09,160.57,156.81,157.1,157.1,8608800,Healthcare
JNJ,2022-05-19,156.4,156.47,154.59,155.7,155.7,6874500,Healthcare
JNJ,2022-05-20,156.52,158.59,155.8,158.43,158.43,7522100,Healthcare
JNJ,2022-05-23,160.0,162.1,159.88,161.66,161.66,7040800,Healthcare
JNJ,2022-05-24,161.49,163.73,161.35,163.43,163.43,6419800,Healthcare
JNJ,2022-05-25,162.64,163.56,161.32,161.82,161.82,6558900,Healthcare
JNJ,2022-05-26,163.07,163.07,160.9,161.68,161.68,6897600,Healthcare
JNJ,2022-05-27,161.95,163.21,160.57,163.15,163.15,5853600,Healthcare
JNJ,2022-05-31,160.36,162.32,157.67,161.74,161.74,16391400,Healthcare
JNJ,2022-06-01,161.4,162.01,158.47,160.1,160.1,5175400,Healthcare
JNJ,2022-06-02,160.13,160.19,157.29,159.6,159.6,8666500,Healthcare
JNJ,2022-06-03,159.53,160.97,158.7,158.94,158.94,4234200,Healthcare
JNJ,2022-06-06,159.65,160.81,158.56,158.92,158.92,5386500,Healthcare
JNJ,2022-06-07,159.44,161.53,158.92,160.67,160.67,5447800,Healthcare
JNJ,2022-06-08,160.45,161.67,159.28,159.71,159.71,4333100,Healthcare
JNJ,2022-06-09,159.65,160.95,156.43,156.5,156.5,5509600,Healthcare
JNJ,2022-06-10,155.11,156.73,153.71,155.45,155.45,6647300,Healthcare
JNJ,2022-06-13,153.23,155.18,153.23,153.89,153.89,7997000,Healthcare
JNJ,2022-06-14,154.11,154.16,150.69,151.52,151.52,7116800,Healthcare
JNJ,2022-06-15,152.83,154.45,151.93,153.15,153.15,7796100,Healthcare
JNJ,2022-06-16,151.71,153.34,150.82,153.23,153.23,7056700,Healthcare
JNJ,2022-06-17,153.72,155.14,152.47,152.67,152.67,12486600,Healthcare
JNJ,2022-06-21,153.83,156.63,152.76,155.87,155.87,8219700,Healthcare
JNJ,2022-06-22,154.96,160.29,154.68,158.33,158.33,10593100,Healthcare
JNJ,2022-06-23,159.46,162.0,159.03,161.86,161.86,10223500,Healthcare
JNJ,2022-06-24,162.87,164.44,162.15,164.23,164.23,9374400,Healthcare
JNJ,2022-06-27,163.64,165.18,163.52,164.07,164.07,5908600,Healthcare
JNJ,2022-06-28,164.12,164.84,158.84,159.41,159.41,9245700,Healthcare
JNJ,2022-06-29,159.66,160.63,158.95,159.45,159.45,7097900,Healthcare
JNJ,2022-06-30,159.34,160.62,157.69,159.92,159.92,10777200,Healthcare
JNJ,2022-07-01,159.87,161.91,159.18,161.73,161.73,5498400,Healthcare
JNJ,2022-07-05,161.11,161.38,157.31,160.49,160.49,5676400,Healthcare
JNJ,2022-07-06,160.43,161.66,159.83,160.63,160.63,5335600,Healthcare
JNJ,2022-07-07,160.24,161.37,159.92,160.81,160.81,5725800,Healthcare
JNJ,2022-07-08,160.66,162.16,160.16,160.62,160.62,3828300,Healthcare
JNJ,2022-07-11,160.09,161.28,159.93,160.68,160.68,3645200,Healthcare
JNJ,2022-07-12,160.34,160.77,157.84,158.43,158.43,4708800,Healthcare
JNJ,2022-07-13,158.25,158.86,157.21,158.06,158.06,5291700,Healthcare
JNJ,2022-07-14,155.43,158.57,155.23,158.27,158.27,5359600,Healthcare
JNJ,2022-07-15,160.1,160.82,159.06,160.57,160.57,5691100,Healthcare
JNJ,2022-07-18,160.13,160.53,156.68,156.97,156.97,7605700,Healthcare
JNJ,2022-07-19,158.86,159.24,153.05,154.68,154.68,13256400,Healthcare
JNJ,2022-07-20,155.14,155.45,152.94,153.8,153.8,7455800,Healthcare
JNJ,2022-07-21,153.2,154.41,152.95,154.34,154.34,5729200,Healthcare
JNJ,2022-07-22,154.6,155.4,154.11,155.07,155.07,4257000,Healthcare
JNJ,2022-07-25,155.07,155.84,154.71,155.37,155.37,4437300,Healthcare
JNJ,2022-07-26,155.46,157.64,155.4,156.47,156.47,4525500,Healthcare
JNJ,2022-07-27,155.53,156.85,154.17,156.04,156.04,4648500,Healthcare
JNJ,2022-07-28,156.22,158.64,154.45,156.94,156.94,5513000,Healthcare
JNJ,2022-07-29,156.57,157.53,155.78,157.23,157.23,6451400,Healthcare
JNJ,2022-08-01,156.91,157.8,156.34,156.68,156.68,5461400,Healthcare
JNJ,2022-08-02,157.67,158.1,155.59,155.79,155.79,5794200,Healthcare
JNJ,2022-08-03,155.45,157.89,154.75,157.29,157.29,5010000,Healthcare
JNJ,2022-08-04,157.49,157.74,154.6,154.77,154.77,5651600,Healthcare
JNJ,2022-08-05,154.33,154.53,152.97,154.16,154.16,5235500,Healthcare
JNJ,2022-08-08,154.33,154.49,152.65,153.34,153.34,4629800,Healthcare
JNJ,2022-08-09,153.64,154.16,152.91,153.32,153.32,5532500,Healthcare
JNJ,2022-08-10,154.07,154.27,152.73,153.76,153.76,5603400,Healthcare
JNJ,2022-08-11,151.82,153.11,150.43,150.58,150.58,9328700,Healthcare
JNJ,2022-08-12,150.94,151.3,148.79,148.92,148.92,14606900,Healthcare
JNJ,2022-08-15,149.55,150.23,148.77,149.63,149.63,10072000,Healthcare
JNJ,2022-08-16,149.43,151.58,149.19,150.97,150.97,7453600,Healthcare
JNJ,2022-08-17,149.92,151.86,149.92,150.98,150.98,7406600,Healthcare
JNJ,2022-08-18,151.07,151.62,149.49,150.25,150.25,8312100,Healthcare
JNJ,2022-08-19,150.54,153.26,150.45,152.53,152.53,8128500,Healthcare
JNJ,2022-08-22,153.19,153.21,151.62,152.0,152.0,5462600,Healthcare
JNJ,2022-08-23,151.46,152.16,150.38,150.67,150.67,5566300,Healthcare
JNJ,2022-08-24,151.06,151.09,149.71,150.18,150.18,5684300,Healthcare
JNJ,2022-08-25,150.51,151.68,149.38,151.58,151.58,5678700,Healthcare
JNJ,2022-08-26,151.88,151.92,148.92,148.99,148.99,5667100,Healthcare
JNJ,2022-08-29,148.26,148.6,146.95,147.84,147.84,5259200,Healthcare
JNJ,2022-08-30,148.11,148.33,146.96,147.32,147.32,6973300,Healthcare
JNJ,2022-08-31,148.04,148.33,146.27,146.33,146.33,8741700,Healthcare
JNJ,2022-09-01,146.47,150.1,146.46,149.96,149.96,7509600,Healthcare
JNJ,2022-09-02,150.43,150.74,146.94,147.6,147.6,5803700,Healthcare
JNJ,2022-09-06,148.69,150.76,147.67,148.0,148.0,7394600,Healthcare
JNJ,2022-09-07,147.75,149.12,147.07,148.81,148.81,4590600,Healthcare
JNJ,2022-09-08,148.63,150.03,147.91,150.0,150.0,5838400,Healthcare
JNJ,2022-09-09,149.64,150.74,149.1,150.29,150.29,5500600,Healthcare
JNJ,2022-09-12,150.66,151.07,149.85,150.23,150.23,6365300,Healthcare
JNJ,2022-09-13,148.35,149.14,145.85,146.32,146.32,6726400,Healthcare
JNJ,2022-09-14,147.27,149.98,147.27,149.34,149.34,9555700,Healthcare
JNJ,2022-09-15,149.15,150.62,148.83,149.72,149.72,7174500,Healthcare
JNJ,2022-09-16,149.94,152.04,149.42,152.01,152.01,20201500,Healthcare
JNJ,2022-09-19,150.83,150.95,148.82,150.81,150.81,7380900,Healthcare
JNJ,2022-09-20,149.85,150.47,149.03,149.62,149.62,7143400,Healthcare
JNJ,2022-09-21,149.67,151.28,148.05,148.09,148.09,8071200,Healthcare
JNJ,2022-09-22,147.97,151.61,147.68,150.72,150.72,7401100,Healthcare
JNJ,2022-09-23,150.32,151.9,149.34,151.21,151.21,9598600,Healthcare
JNJ,2022-09-26,150.38,151.32,149.09,150.28,150.28,8735500,Healthcare
JNJ,2022-09-27,150.88,152.07,149.11,149.6,149.6,8686700,Healthcare
JNJ,2022-09-28,150.78,151.81,149.74,150.88,150.88,8660900,Healthcare
JNJ,2022-09-29,150.99,151.62,148.64,149.22,149.22,7008100,Healthcare
JNJ,2022-09-30,149.65,150.32,148.13,148.16,148.16,8985200,Healthcare
JNJ,2022-10-03,149.01,149.09,146.66,148.02,148.02,8657000,Healthcare
JNJ,2022-10-04,148.61,150.56,147.76,150.21,150.21,6236100,Healthcare
JNJ,2022-10-05,149.67,150.59,148.93,149.75,149.75,4539400,Healthcare
JNJ,2022-10-06,149.46,149.65,146.65,146.85,146.85,5890700,Healthcare
JNJ,2022-10-07,146.72,147.13,144.36,145.3,145.3,6363500,Healthcare
JNJ,2022-10-10,145.69,146.28,144.37,145.49,145.49,5315600,Healthcare
JNJ,2022-10-11,145.45,148.84,145.45,147.59,147.59,6212200,Healthcare
JNJ,2022-10-12,147.78,149.54,147.38,147.55,147.55,4341700,Healthcare
JNJ,2022-10-13,145.92,150.55,145.8,149.79,149.79,6465100,Healthcare
JNJ,2022-10-14,149.14,150.27,148.38,149.16,149.16,5684600,Healthcare
JNJ,2022-10-17,150.01,151.65,149.66,151.09,151.09,6710800,Healthcare
JNJ,2022-10-18,149.65,151.62,147.88,150.57,150.57,10883600,Healthcare
JNJ,2022-10-19,150.56,150.78,148.64,149.37,149.37,10044600,Healthcare
JNJ,2022-10-20,149.65,150.32,149.04,149.75,149.75,5659900,Healthcare
JNJ,2022-10-21,149.39,153.61,149.13,153.01,153.01,8487600,Healthcare
JNJ,2022-10-24,154.01,156.07,153.5,155.07,155.07,6855500,Healthcare
JNJ,2022-10-25,154.34,155.19,152.84,154.83,154.83,5661900,Healthcare
JNJ,2022-10-26,155.38,156.52,154.66,156.19,156.19,6123800,Healthcare
JNJ,2022-10-27,156.32,157.3,155.74,156.28,156.28,5390900,Healthcare
JNJ,2022-10-28,156.91,159.07,156.53,158.6,158.6,6073900,Healthcare
JNJ,2022-10-31,158.28,158.86,157.29,157.79,157.79,7810000,Healthcare
JNJ,2022-11-01,157.87,158.38,154.57,156.99,156.99,6985000,Healthcare
JNJ,2022-11-02,156.81,157.76,154.45,154.57,154.57,6877300,Healthcare
JNJ,2022-11-03,154.01,155.52,153.22,154.84,154.84,4819900,Healthcare
JNJ,2022-11-04,155.6,156.45,153.5,155.53,155.53,5300900,Healthcare
JNJ,2022-11-07,155.7,157.68,155.49,156.89,156.89,6621000,Healthcare
JNJ,2022-11-08,157.02,158.44,156.16,157.67,157.67,5148400,Healthcare
JNJ,2022-11-09,158.06,158.72,156.31,156.41,156.41,6150000,Healthcare
JNJ,2022-11-10,158.13,158.51,156.03,158.24,158.24,7877500,Healthcare
JNJ,2022-11-11,156.66,157.01,151.3,153.5,153.5,11074700,Healthcare
JNJ,2022-11-14,154.41,157.14,154.41,155.92,155.92,6581500,Healthcare
JNJ,2022-11-15,156.17,156.91,154.66,156.35,156.35,9351000,Healthcare
JNJ,2022-11-16,157.49,158.71,157.02,157.32,157.32,5500900,Healthcare
JNJ,2022-11-17,156.91,158.71,156.89,158.59,158.59,4464100,Healthcare
JNJ,2022-11-18,158.72,160.21,158.37,159.81,159.81,6555700,Healthcare
JNJ,2022-11-21,160.56,161.16,159.59,160.63,160.63,5706600,Healthcare
JNJ,2022-11-22,161.02,161.74,160.96,161.41,161.41,4707900,Healthcare
JNJ,2022-11-23,161.06,161.93,160.67,161.58,161.58,5389200,Healthcare
JNJ,2022-11-25,161.92,162.59,161.44,161.79,161.79,3058600,Healthcare
JNJ,2022-11-28,161.34,162.27,161.17,161.87,161.87,6183100,Healthcare
JNJ,2022-11-29,161.58,161.81,159.43,160.74,160.74,6700500,Healthcare
JNJ,2022-11-30,160.99,162.49,159.54,162.48,162.48,13288000,Healthcare
JNJ,2022-12-01,163.4,164.27,162.27,163.16,163.16,6282600,Healthcare
JNJ,2022-12-02,162.03,163.36,161.53,163.29,163.29,5823900,Healthcare
JNJ,2022-12-05,162.81,163.72,162.48,163.19,163.19,5120600,Healthcare
JNJ,2022-12-06,164.24,164.31,160.59,160.75,160.75,7943500,Healthcare
JNJ,2022-12-07,161.18,162.37,160.87,161.72,161.72,5702600,Healthcare
JNJ,2022-12-08,161.41,162.0,160.97,161.75,161.75,4798500,Healthcare
JNJ,2022-12-09,161.68,162.38,160.35,160.42,160.42,4561000,Healthcare
JNJ,2022-12-12,160.61,162.36,160.29,162.34,162.34,4882400,Healthcare
JNJ,2022-12-13,163.49,164.49,162.77,163.59,163.59,9177500,Healthcare
JNJ,2022-12-14,163.01,165.26,163.01,164.09,164.09,9533600,Healthcare
JNJ,2022-12-15,163.58,164.16,161.02,162.02,162.02,7602400,Healthcare
JNJ,2022-12-16,161.57,161.57,159.62,160.36,160.36,18841800,Healthcare
JNJ,2022-12-19,160.06,160.81,158.9,160.18,160.18,5736000,Healthcare
JNJ,2022-12-20,160.66,161.06,159.9,160.36,160.36,6174700,Healthcare
JNJ,2022-12-21,160.9,162.65,160.34,162.19,162.19,5472000,Healthcare
JNJ,2022-12-22,161.36,162.04,160.05,161.6,161.6,5709100,Healthcare
JNJ,2022-12-23,161.27,162.04,160.48,162.01,162.01,3683400,Healthcare
JNJ,2022-12-27,162.58,162.8,161.56,161.96,161.96,3067300,Healthcare
JNJ,2022-12-28,162.26,162.89,161.25,161.26,161.26,2645400,Healthcare
JNJ,2022-12-29,162.07,162.76,161.63,162.08,162.08,2828800,Healthcare
JNJ,2022-12-30,162.02,162.27,160.11,161.25,161.25,4216600,Healthcare
JNJ,2023-01-03,160.8,162.83,160.67,162.66,162.66,6344900,Healthcare
JNJ,2023-01-04,163.29,164.48,162.92,164.43,164.43,9788800,Healthcare
JNJ,2023-01-05,163.41,164.3,162.86,163.21,163.21,6255300,Healthcare
JNJ,2023-01-06,164.43,165.16,163.75,164.54,164.54,5706000,Healthcare
JNJ,2023-01-09,163.67,164.09,159.91,160.27,160.27,7925300,Healthcare
JNJ,2023-01-10,160.38,160.78,159.12,159.89,159.89,5047500,Healthcare
JNJ,2023-01-11,160.26,160.4,157.11,159.63,159.63,6494800,Healthcare
JNJ,2023-01-12,159.07,159.48,157.74,158.83,158.83,4269400,Healthcare
JNJ,2023-01-13,158.09,158.84,157.35,158.31,158.31,6088000,Healthcare
JNJ,2023-01-17,158.83,159.36,157.09,157.33,157.33,6053300,Healthcare
JNJ,2023-01-18,156.69,157.01,154.92,154.96,154.96,7047800,Healthcare
JNJ,2023-01-19,154.29,156.35,154.0,154.75,154.75,6939500,Healthcare
JNJ,2023-01-20,155.27,155.28,152.88,154.03,154.03,8620600,Healthcare
JNJ,2023-01-23,154.36,154.84,153.31,153.64,153.64,8425400,Healthcare
JNJ,2023-01-24,154.29,156.08,151.54,153.64,153.64,10541800,Healthcare
JNJ,2023-01-25,152.6,154.73,152.51,154.73,154.73,7099800,Healthcare
JNJ,2023-01-26,154.77,155.1,153.95,154.17,154.17,6946100,Healthcare
JNJ,2023-01-27,153.85,154.15,153.14,153.56,153.56,6058100,Healthcare
JNJ,2023-01-30,153.29,153.85,147.04,147.88,147.88,23259100,Healthcare
JNJ,2023-01-31,147.6,149.18,147.01,149.17,149.17,11612500,Healthcare
JNJ,2023-02-01,148.78,151.51,148.24,150.54,150.54,9865300,Healthcare
JNJ,2023-02-02,148.79,151.73,148.63,151.11,151.11,10099000,Healthcare
JNJ,2023-02-03,151.56,151.84,149.6,150.26,150.26,6868500,Healthcare
JNJ,2023-02-06,150.2,150.48,148.88,149.12,149.12,7021000,Healthcare
JNJ,2023-02-07,147.51,149.59,147.35,149.16,149.16,7310800,Healthcare
JNJ,2023-02-08,149.06,150.21,148.7,149.35,149.35,6054700,Healthcare
JNJ,2023-02-09,149.37,150.43,147.03,147.33,147.33,7949500,Healthcare
JNJ,2023-02-10,147.67,148.6,147.28,148.01,148.01,7028000,Healthcare
JNJ,2023-02-13,147.27,148.63,147.1,148.56,148.56,6414700,Healthcare
JNJ,2023-02-14,148.55,148.76,147.66,147.91,147.91,6316000,Healthcare
JNJ,2023-02-15,147.83,147.86,145.4,145.48,145.48,12621800,Healthcare
JNJ,2023-02-16,145.2,145.73,144.15,144.45,144.45,11177000,Healthcare
JNJ,2023-02-17,144.36,148.12,143.99,147.46,147.46,12401900,Healthcare
JNJ,2023-02-21,146.78,147.42,145.16,145.26,145.26,9423900,Healthcare
JNJ,2023-02-22,145.72,146.04,144.68,145.06,145.06,9820200,Healthcare
JNJ,2023-02-23,145.0,145.81,144.04,145.02,145.02,9385100,Healthcare
JNJ,2023-02-24,144.02,144.21,142.7,143.4,143.4,8689700,Healthcare
JNJ,2023-02-27,143.84,144.25,142.58,143.08,143.08,7267100,Healthcare
JNJ,2023-02-28,142.49,142.75,140.7,140.91,140.91,9062300,Healthcare
JNJ,2023-03-01,140.68,140.89,139.66,140.27,140.27,6767000,Healthcare
JNJ,2023-03-02,139.52,140.45,139.04,140.16,140.16,8762500,Healthcare
JNJ,2023-03-03,141.01,141.7,140.52,141.6,141.6,5747200,Healthcare
JNJ,2023-03-06,142.19,143.18,142.11,143.02,143.02,8148200,Healthcare
JNJ,2023-03-07,143.51,143.65,140.99,141.67,141.67,7457700,Healthcare
JNJ,2023-03-08,141.57,141.77,140.19,140.63,140.63,6230500,Healthcare
JNJ,2023-03-09,141.09,141.22,138.56,139.05,139.05,7439400,Healthcare
JNJ,2023-03-10,139.62,141.12,138.92,139.39,139.39,8504300,Healthcare
JNJ,2023-03-13,139.83,143.34,139.35,140.72,140.72,10799600,Healthcare
JNJ,2023-03-14,140.92,141.61,139.66,141.51,141.51,8421200,Healthcare
JNJ,2023-03-15,140.52,142.4,140.23,141.91,141.91,7757700,Healthcare
JNJ,2023-03-16,141.08,141.93,140.3,141.61,141.61,7605500,Healthcare
JNJ,2023-03-17,142.03,142.46,140.02,140.1,140.1,20540700,Healthcare
JNJ,2023-03-20,140.18,141.65,140.1,141.48,141.48,7129000,Healthcare
JNJ,2023-03-21,141.59,141.71,139.9,141.48,141.48,8376800,Healthcare
JNJ,2023-03-22,141.45,141.64,138.86,138.87,138.87,7943500,Healthcare
JNJ,2023-03-23,138.99,139.46,138.01,138.95,138.95,9051500,Healthcare
JNJ,2023-03-24,139.27,140.45,138.67,140.34,140.34,5696200,Healthcare
JNJ,2023-03-27,141.77,142.08,140.77,140.94,140.94,6772300,Healthcare
JNJ,2023-03-28,140.11,141.08,139.5,139.58,139.58,6115300,Healthcare
JNJ,2023-03-29,139.97,141.02,139.81,140.95,140.95,6012000,Healthcare
JNJ,2023-03-30,141.2,141.4,140.49,141.06,141.06,4555700,Healthcare
JNJ,2023-03-31,141.39,142.68,140.89,142.51,142.51,9890000,Healthcare
JNJ,2023-04-03,142.46,144.35,141.53,144.21,144.21,6841900,Healthcare
JNJ,2023-04-04,144.32,146.16,143.97,145.71,145.71,8314500,Healthcare
JNJ,2023-04-05,151.12,152.31,149.64,152.26,152.26,16704200,Healthcare
JNJ,2023-04-06,152.61,153.75,151.52,151.84,151.84,9615400,Healthcare
JNJ,2023-04-10,151.36,151.55,150.45,151.07,151.07,5354000,Healthcare
JNJ,2023-04-11,151.17,151.96,150.82,151.03,151.03,5903800,Healthcare
JNJ,2023-04-12,150.72,151.55,149.95,150.71,150.71,5764100,Healthcare
JNJ,2023-04-13,150.95,152.92,150.6,152.72,152.72,5640600,Healthcare
JNJ,2023-04-14,152.59,152.73,150.83,152.47,152.47,7225100,Healthcare
JNJ,2023-04-17,152.38,152.84,151.64,152.32,152.32,8046400,Healthcare
JNJ,2023-04-18,151.01,151.41,146.78,148.03,148.03,14571500,Healthcare
JNJ,2023-04-19,148.93,149.57,148.18,149.43,149.43,6752000,Healthcare
JNJ,2023-04-20,149.34,150.61,147.98,150.39,150.39,9498800,Healthcare
JNJ,2023-04-21,151.18,151.67,148.91,149.58,149.58,7014200,Healthcare
JNJ,2023-04-24,149.58,150.6,148.82,150.49,150.49,5278900,Healthcare
JNJ,2023-04-25,151.06,152.02,150.93,151.86,151.86,6263100,Healthcare
JNJ,2023-04-26,150.86,151.14,149.16,149.51,149.51,5518200,Healthcare
JNJ,2023-04-27,149.77,150.24,149.06,149.86,149.86,5739700,Healthcare
JNJ,2023-04-28,149.69,150.56,149.46,150.5,150.5,6024900,Healthcare
JNJ,2023-05-01,150.41,151.06,149.16,150.41,150.41,4893400,Healthcare
JNJ,2023-05-02,151.09,152.14,150.38,151.73,151.73,7541700,Healthcare
JNJ,2023-05-03,152.2,152.78,149.41,149.74,149.74,5937200,Healthcare
JNJ,2023-05-04,149.57,149.77,148.25,149.06,149.06,5128000,Healthcare
JNJ,2023-05-05,149.71,149.98,148.66,149.57,149.57,5194500,Healthcare
JNJ,2023-05-08,148.93,149.46,148.33,149.23,149.23,4994900,Healthcare
JNJ,2023-05-09,148.71,149.06,147.83,148.07,148.07,5520500,Healthcare
JNJ,2023-05-10,148.21,148.91,147.16,148.62,148.62,6756600,Healthcare
JNJ,2023-05-11,148.78,149.12,146.54,148.01,148.01,5867600,Healthcare
JNJ,2023-05-12,148.35,148.54,147.11,147.82,147.82,3904200,Healthcare
JNJ,2023-05-15,147.84,148.05,146.13,146.69,146.69,5104500,Healthcare
JNJ,2023-05-16,146.24,147.33,145.75,146.5,146.5,5599200,Healthcare
JNJ,2023-05-17,146.91,147.16,145.05,146.17,146.17,6840700,Healthcare
JNJ,2023-05-18,145.87,146.12,144.86,145.7,145.7,5173000,Healthcare
JNJ,2023-05-19,145.81,147.04,145.39,146.1,146.1,6527100,Healthcare
JNJ,2023-05-22,146.36,147.42,145.23,145.31,145.31,5675900,Healthcare
JNJ,2023-05-23,145.53,146.61,144.85,145.26,145.26,5793000,Healthcare
JNJ,2023-05-24,145.51,145.56,144.43,145.12,145.12,5015100,Healthcare
JNJ,2023-05-25,144.55,144.78,142.39,143.03,143.03,6886100,Healthcare
JNJ,2023-05-26,143.29,143.84,142.84,142.98,142.98,6845400,Healthcare
JNJ,2023-05-30,142.63,143.93,142.02,143.0,143.0,5593100,Healthcare
JNJ,2023-05-31,143.3,144.22,142.52,143.64,143.64,11324600,Healthcare
JNJ,2023-06-01,143.15,143.62,141.87,143.15,143.15,7901300,Healthcare
JNJ,2023-06-02,143.32,145.72,142.74,145.41,145.41,7659700,Healthcare
JNJ,2023-06-05,145.2,146.95,145.2,146.66,146.66,6430500,Healthcare
JNJ,2023-06-06,147.82,147.85,145.8,146.53,146.53,5073600,Healthcare
JNJ,2023-06-07,146.45,147.1,145.84,146.84,146.84,6504300,Healthcare
JNJ,2023-06-08,146.82,148.6,146.19,148.45,148.45,5818400,Healthcare
JNJ,2023-06-09,148.6,148.89,147.72,148.22,148.22,6264400,Healthcare
JNJ,2023-06-12,148.21,148.44,147.04,148.12,148.12,6510600,Healthcare
JNJ,2023-06-13,147.96,148.99,147.42,148.9,148.9,6066800,Healthcare
JNJ,2023-06-14,149.69,150.14,149.12,149.66,149.66,6699100,Healthcare
JNJ,2023-06-15,150.11,151.83,149.54,151.67,151.67,7138300,Healthcare
JNJ,2023-06-16,152.36,152.83,151.8,152.13,152.13,13426600,Healthcare
JNJ,2023-06-20,152.16,153.13,151.74,152.04,152.04,7995800,Healthcare
JNJ,2023-06-21,151.53,152.77,150.7,151.81,151.81,7177500,Healthcare
JNJ,2023-06-22,151.82,153.51,151.72,153.42,153.42,5485900,Healthcare
JNJ,2023-06-23,153.87,154.02,152.87,153.29,153.29,9450700,Healthcare
JNJ,2023-06-26,152.83,152.83,149.44,151.57,151.57,6978800,Healthcare
JNJ,2023-06-27,151.62,151.81,150.47,151.26,151.26,4927500,Healthcare
JNJ,2023-06-28,151.18,151.18,149.98,150.95,150.95,6780400,Healthcare
JNJ,2023-06-29,150.66,152.21,150.28,152.01,152.01,4547500,Healthcare
JNJ,2023-06-30,152.71,153.71,152.24,153.33,153.33,7580000,Healthcare
JNJ,2023-07-03,152.23,152.28,150.95,151.32,151.32,4033700,Healthcare
JNJ,2023-07-05,150.98,151.84,150.74,150.81,150.81,7224600,Healthcare
JNJ,2023-07-06,150.3,150.41,149.14,149.69,149.69,6332500,Healthcare
JNJ,2023-07-07,148.65,149.18,147.47,147.52,147.52,7022200,Healthcare
JNJ,2023-07-10,147.68,148.49,147.29,147.76,147.76,5739200,Healthcare
JNJ,2023-07-11,147.41,148.49,145.99,146.94,146.94,6606700,Healthcare
JNJ,2023-07-12,147.23,147.23,146.25,146.43,146.43,6940400,Healthcare
JNJ,2023-07-13,146.36,147.41,145.81,147.11,147.11,6401700,Healthcare
JNJ,2023-07-14,147.45,148.43,147.27,148.09,148.09,5362200,Healthcare
JNJ,2023-07-17,147.98,148.09,146.5,147.35,147.35,5486800,Healthcare
JNJ,2023-07-18,147.35,149.04,146.54,147.34,147.34,6332500,Healthcare
JNJ,2023-07-19,146.28,148.59,145.74,147.04,147.04,7522600,Healthcare
JNJ,2023-07-20,150.01,156.68,149.42,155.97,155.97,21892900,Healthcare
JNJ,2023-07-21,155.79,158.23,155.79,157.65,157.65,12080000,Healthcare
JNJ,2023-07-24,158.86,161.01,158.39,158.48,158.48,15155400,Healthcare
JNJ,2023-07-25,157.89,159.96,157.24,159.69,159.69,13790100,Healthcare
JNJ,2023-07-26,159.33,161.04,158.77,159.99,159.99,14288200,Healthcare
JNJ,2023-07-27,159.49,161.45,159.36,160.89,160.89,12446400,Healthcare
JNJ,2023-07-28,161.18,162.44,160.47,161.63,161.63,14138800,Healthcare
JNJ,2023-07-31,157.19,157.68,154.43,155.19,155.19,22632700,Healthcare
JNJ,2023-08-01,154.11,156.63,153.83,156.45,156.45,15810300,Healthcare
JNJ,2023-08-02,156.41,158.62,156.41,157.39,157.39,14595600,Healthcare
JNJ,2023-08-03,157.43,158.7,157.17,158.07,158.07,17424800,Healthcare
JNJ,2023-08-04,157.79,159.96,155.52,156.59,156.59,23415100,Healthcare
JNJ,2023-08-07,157.0,160.57,156.88,160.35,160.35,17736400,Healthcare
JNJ,2023-08-08,160.24,160.76,158.76,160.42,160.42,27378700,Healthcare
JNJ,2023-08-09,160.25,161.41,159.37,160.32,160.32,42974400,Healthcare
JNJ,2023-08-10,161.18,163.01,158.99,159.49,159.49,48213800,Healthcare
JNJ,2023-08-11,159.77,161.13,158.98,161.04,161.04,45905600,Healthcare
JNJ,2023-08-14,160.74,162.66,159.1,160.66,160.66,64036900,Healthcare
JNJ,2023-08-15,160.07,161.7,159.46,160.2,160.2,88958100,Healthcare
JNJ,2023-08-16,159.82,161.86,159.45,159.69,159.69,85832700,Healthcare
JNJ,2023-08-17,160.12,162.47,160.03,161.19,161.19,70904200,Healthcare
JNJ,2023-08-18,160.41,161.17,158.69,159.78,159.78,49631700,Healthcare
JNJ,2023-08-21,157.19,157.34,153.73,155.02,155.02,151319500,Healthcare
JNJ,2023-08-22,154.57,155.47,153.22,153.79,153.79,56834800,Healthcare
JNJ,2023-08-23,153.68,154.23,151.43,152.41,152.41,119011400,Healthcare
JNJ,2023-08-24,151.95,154.39,151.79,152.93,152.93,70755100,Healthcare
JNJ,2023-08-25,153.3,156.55,153.08,155.12,155.12,18185500,Healthcare
JNJ,2023-08-28,153.95,155.08,152.25,153.29,153.29,18458000,Healthcare
JNJ,2023-08-29,153.83,154.59,151.87,153.31,153.31,12208600,Healthcare
JNJ,2023-08-30,154.06,154.73,152.72,152.77,152.77,9939100,Healthcare
JNJ,2023-08-31,152.43,152.62,150.48,150.86,150.86,15333000,Healthcare
JNJ,2023-09-01,150.61,151.6,149.3,149.74,149.74,8610100,Healthcare
JNJ,2023-09-05,149.81,151.13,149.55,149.92,149.92,9019800,Healthcare
JNJ,2023-09-06,149.14,149.29,146.82,147.43,147.43,9753800,Healthcare
JNJ,2023-09-07,148.49,150.28,148.34,149.32,149.32,9931800,Healthcare
JNJ,2023-09-08,148.91,149.92,148.53,149.81,149.81,6957000,Healthcare
JNJ,2023-09-11,150.28,151.8,149.71,151.77,151.77,6309300,Healthcare
JNJ,2023-09-12,151.36,152.95,150.72,152.63,152.63,6045800,Healthcare
JNJ,2023-09-13,152.8,153.91,152.09,153.01,153.01,7397500,Healthcare
JNJ,2023-09-14,153.65,154.21,152.5,152.78,152.78,7758400,Healthcare
JNJ,2023-09-15,153.0,153.79,150.42,150.64,150.64,13392100,Healthcare
JNJ,2023-09-18,151.27,152.23,149.99,151.59,151.59,5789000,Healthcare
JNJ,2023-09-19,151.39,151.95,150.58,151.34,151.34,5550800,Healthcare
JNJ,2023-09-20,151.33,152.59,150.84,152.0,152.0,3837400,Healthcare
JNJ,2023-09-21,151.69,152.55,150.77,150.84,150.84,4526700,Healthcare
JNJ,2023-09-22,150.5,150.59,149.52,149.75,149.75,4976700,Healthcare
JNJ,2023-09-25,149.35,149.62,148.1,149.53,149.53,6722500,Healthcare
JNJ,2023-09-26,149.11,149.36,148.22,148.37,148.37,4904800,Healthcare
JNJ,2023-09-27,147.96,148.13,144.87,146.59,146.59,10211600,Healthcare
JNJ,2023-09-28,146.96,147.38,145.76,146.38,146.38,7861900,Healthcare
JNJ,2023-09-29,146.83,147.05,144.95,145.32,145.32,7680700,Healthcare
JNJ,2023-10-02,145.01,145.01,143.06,144.76,144.76,7259700,Healthcare
JNJ,2023-10-03,144.32,145.09,143.59,144.94,144.94,5740800,Healthcare
JNJ,2023-10-04,145.15,145.49,144.22,145.11,145.11,4955200,Healthcare
JNJ,2023-10-05,145.81,147.46,145.62,146.62,146.62,5993300,Healthcare
JNJ,2023-10-06,146.56,147.7,146.11,147.09,147.09,5802200,Healthcare
JNJ,2023-10-09,146.66,148.24,146.57,147.93,147.93,4414100,Healthcare
JNJ,2023-10-10,147.78,148.61,147.33,147.76,147.76,5273500,Healthcare
JNJ,2023-10-11,147.85,148.4,145.59,145.72,145.72,6922900,Healthcare
JNJ,2023-10-12,145.48,146.08,144.69,145.86,145.86,5792400,Healthcare
JNJ,2023-10-13,146.24,146.82,145.6,146.35,146.35,5359800,Healthcare
JNJ,2023-10-16,147.25,147.66,146.34,146.98,146.98,6408100,Healthcare
JNJ,2023-10-17,145.54,148.31,144.26,145.64,145.64,12244400,Healthcare
JNJ,2023-10-18,145.01,145.51,141.87,142.5,142.5,9097300,Healthcare
JNJ,2023-10-19,141.52,142.86,140.1,142.12,142.12,7733800,Healthcare
JNJ,2023-10-20,142.51,143.57,142.13,142.76,142.76,7207000,Healthcare
JNJ,2023-10-23,142.63,143.22,141.09,141.25,141.25,5874000,Healthcare
JNJ,2023-10-24,140.66,141.79,140.08,141.11,141.11,6155300,Healthcare
JNJ,2023-10-25,141.11,141.98,140.17,141.42,141.42,5880800,Healthcare
JNJ,2023-10-26,141.8,141.8,138.91,139.02,139.02,7612500,Healthcare
JNJ,2023-10-27,138.55,138.71,135.25,135.85,135.85,11385800,Healthcare
JNJ,2023-10-30,136.31,137.38,136.23,137.19,137.19,8205300,Healthcare
JNJ,2023-10-31,137.66,138.6,136.82,138.41,138.41,7576900,Healthcare
JNJ,2023-11-01,139.2,139.73,138.52,138.74,138.74,5733000,Healthcare
JNJ,2023-11-02,137.82,140.33,137.66,140.18,140.18,5349100,Healthcare
JNJ,2023-11-03,141.09,142.08,140.1,141.21,141.21,4926800,Healthcare
JNJ,2023-11-06,141.62,142.22,141.24,141.54,141.54,4851400,Healthcare
JNJ,2023-11-07,141.76,142.06,140.59,140.8,140.8,4840400,Healthcare
JNJ,2023-11-08,141.22,141.67,140.27,140.28,140.28,5460000,Healthcare
JNJ,2023-11-09,140.42,140.42,137.4,137.55,137.55,6973600,Healthcare
JNJ,2023-11-10,138.32,138.56,135.89,137.39,137.39,6930700,Healthcare
JNJ,2023-11-13,137.39,138.0,136.83,137.75,137.75,5889300,Healthcare
JNJ,2023-11-14,137.76,138.6,137.13,137.77,137.77,6713600,Healthcare
JNJ,2023-11-15,137.49,139.42,137.41,138.84,138.84,6729100,Healthcare
JNJ,2023-11-16,139.49,140.12,138.69,140.05,140.05,6875600,Healthcare
JNJ,2023-11-17,140.47,140.69,139.09,139.76,139.76,7023300,Healthcare
JNJ,2023-11-20,139.11,141.45,138.76,140.99,140.99,8851700,Healthcare
JNJ,2023-11-21,141.17,142.29,140.71,142.13,142.13,5916300,Healthcare
JNJ,2023-11-22,142.61,143.0,141.45,141.85,141.85,4633500,Healthcare
JNJ,2023-11-24,141.89,143.6,141.89,143.43,143.43,3351400,Healthcare
JNJ,2023-11-27,143.23,143.26,141.99,142.28,142.28,6449700,Healthcare
JNJ,2023-11-28,142.4,142.78,141.87,142.61,142.61,5909000,Healthcare
JNJ,2023-11-29,142.33,143.15,142.08,143.06,143.06,5190000,Healthcare
JNJ,2023-11-30,143.2,145.91,142.88,145.46,145.46,12481900,Healthcare
JNJ,2023-12-01,147.14,149.04,146.22,148.96,148.96,10342900,Healthcare
JNJ,2023-12-04,148.6,150.5,148.6,149.43,149.43,8920300,Healthcare
JNJ,2023-12-05,149.35,150.14,148.81,149.12,149.12,7268200,Healthcare
JNJ,2023-12-06,149.09,149.22,146.88,147.3,147.3,6642900,Healthcare
JNJ,2023-12-07,147.27,147.27,145.51,146.16,146.16,6532400,Healthcare
JNJ,2023-12-08,146.18,146.58,144.69,145.24,145.24,6254700,Healthcare
JNJ,2023-12-11,145.31,146.23,145.17,145.84,145.84,6090400,Healthcare
JNJ,2023-12-12,145.78,146.08,144.51,145.85,145.85,5324400,Healthcare
JNJ,2023-12-13,144.52,146.67,142.74,146.52,146.52,10764600,Healthcare
JNJ,2023-12-14,147.16,147.81,145.83,147.54,147.54,9240700,Healthcare
JNJ,2023-12-15,146.24,147.37,144.61,145.93,145.93,21727800,Healthcare
JNJ,2023-12-18,145.98,147.14,145.56,146.19,146.19,7231400,Healthcare
JNJ,2023-12-19,146.06,147.19,145.72,147.15,147.15,6651500,Healthcare
JNJ,2023-12-20,147.23,147.34,144.0,144.15,144.15,7008300,Healthcare
JNJ,2023-12-21,144.55,145.9,144.18,145.63,145.63,4598600,Healthcare
JNJ,2023-12-22,146.02,147.22,145.8,146.21,146.21,3798900,Healthcare
JNJ,2023-12-26,145.78,147.05,145.64,146.85,146.85,4170000,Healthcare
JNJ,2023-12-27,146.25,147.21,146.18,147.05,147.05,5288100,Healthcare
JNJ,2023-12-28,146.72,147.89,146.71,147.27,147.27,4377500,Healthcare
JNJ,2023-12-29,147.2,147.57,146.7,147.42,147.42,4313700,Healthcare
JNJ,2024-01-02,147.6,152.03,147.46,150.46,150.46,9622100,Healthcare
JNJ,2024-01-03,151.09,151.84,150.3,151.4,151.4,8232000,Healthcare
JNJ,2024-01-04,151.98,152.35,150.88,151.08,151.08,6766600,Healthcare
JNJ,2024-01-05,150.95,151.74,149.99,151.55,151.55,5602500,Healthcare
JNJ,2024-01-08,151.52,152.04,150.12,151.92,151.92,6569800,Healthcare
JNJ,2024-01-09,152.02,153.57,151.05,152.02,152.02,6357000,Healthcare
JNJ,2024-01-10,152.2,152.95,151.61,152.24,152.24,4945100,Healthcare
JNJ,2024-01-11,152.43,152.55,151.22,151.57,151.57,4946000,Healthcare
JNJ,2024-01-12,152.21,152.81,152.07,152.73,152.73,4496900,Healthcare
JNJ,2024-01-16,151.96,152.6,150.65,150.97,150.97,6923200,Healthcare
JNJ,2024-01-17,150.72,151.71,150.36,150.89,150.89,5072100,Healthcare
JNJ,2024-01-18,150.48,151.77,150.19,151.62,151.62,5368500,Healthcare
JNJ,2024-01-19,151.57,152.29,150.75,152.06,152.06,7071300,Healthcare
JNJ,2024-01-22,152.36,153.85,151.74,152.81,152.81,6824200,Healthcare
JNJ,2024-01-23,150.16,150.96,147.58,150.3,150.3,9149800,Healthcare
JNJ,2024-01-24,150.25,151.05,148.75,149.51,149.51,7247900,Healthcare
JNJ,2024-01-25,149.54,150.13,149.04,150.07,150.07,5478900,Healthcare
JNJ,2024-01-26,150.89,151.18,149.88,150.01,150.01,5591900,Healthcare
JNJ,2024-01-29,149.55,150.55,149.51,149.88,149.88,6483200,Healthcare
JNJ,2024-01-30,149.87,150.26,148.72,149.33,149.33,7200500,Healthcare
JNJ,2024-01-31,150.86,151.07,149.23,149.45,149.45,8256800,Healthcare
JNJ,2024-02-01,148.75,149.06,147.71,148.94,148.94,8012000,Healthcare
JNJ,2024-02-02,148.57,148.89,146.67,147.3,147.3,8295900,Healthcare
JNJ,2024-02-05,147.3,147.56,146.1,146.53,146.53,9121600,Healthcare
JNJ,2024-02-06,146.56,149.29,146.35,148.66,148.66,9229900,Healthcare
JNJ,2024-02-07,148.41,149.89,148.31,148.58,148.58,8690300,Healthcare
JNJ,2024-02-08,147.98,147.98,146.07,147.1,147.1,9755000,Healthcare
JNJ,2024-02-09,146.98,147.85,146.41,147.44,147.44,6529200,Healthcare
JNJ,2024-02-12,147.27,148.99,147.05,148.46,148.46,6701500,Healthcare
JNJ,2024-02-13,148.26,149.03,146.49,147.16,147.16,8621000,Healthcare
JNJ,2024-02-14,147.05,147.15,145.63,146.48,146.48,9098800,Healthcare
JNJ,2024-02-15,146.7,149.05,146.62,148.53,148.53,7462500,Healthcare
JNJ,2024-02-16,148.4,149.03,147.52,148.36,148.36,8541000,Healthcare
JNJ,2024-02-20,148.37,150.31,148.25,149.6,149.6,9501700,Healthcare
JNJ,2024-02-21,149.75,150.38,148.91,150.38,150.38,7472500,Healthcare
JNJ,2024-02-22,150.66,152.33,149.51,152.05,152.05,8065000,Healthcare
JNJ,2024-02-23,152.46,153.76,151.78,153.37,153.37,6726000,Healthcare
JNJ,2024-02-26,153.33,153.53,152.17,152.37,152.37,5465400,Healthcare
JNJ,2024-02-27,151.95,152.61,151.28,152.55,152.55,5078600,Healthcare
JNJ,2024-02-28,152.57,153.15,151.9,153.1,153.1,6071100,Healthcare
JNJ,2024-02-29,153.52,153.7,152.52,152.93,152.93,9849100,Healthcare
JNJ,2024-03-01,153.36,154.06,152.66,153.64,153.64,5670100,Healthcare
JNJ,2024-03-04,152.88,153.15,149.99,151.47,151.47,8532900,Healthcare
JNJ,2024-03-05,152.21,152.8,150.87,151.6,151.6,8298200,Healthcare
JNJ,2024-03-06,151.11,152.51,150.89,151.0,151.0,5773700,Healthcare
JNJ,2024-03-07,151.63,151.97,149.96,150.56,150.56,5188700,Healthcare
JNJ,2024-03-08,150.56,152.0,150.14,151.17,151.17,5284000,Healthcare
JNJ,2024-03-11,151.14,152.88,150.56,152.79,152.79,4620800,Healthcare
JNJ,2024-03-12,153.12,154.57,152.7,154.22,154.22,8018700,Healthcare
JNJ,2024-03-13,154.02,154.17,151.45,152.67,152.67,6260000,Healthcare
JNJ,2024-03-14,152.52,153.09,150.38,150.88,150.88,6988300,Healthcare
JNJ,2024-03-15,149.79,150.86,148.88,149.9,149.9,13165500,Healthcare
JNJ,2024-03-18,150.27,150.38,148.31,148.56,148.56,6602300,Healthcare
JNJ,2024-03-19,148.47,148.65,147.51,148.03,148.03,7840600,Healthcare
JNJ,2024-03-20,147.55,148.25,147.09,147.61,147.61,5982300,Healthcare
JNJ,2024-03-21,147.45,148.74,146.98,147.6,147.6,5915800,Healthcare
JNJ,2024-03-22,147.54,148.18,146.99,147.11,147.11,7248600,Healthcare
JNJ,2024-03-25,147.27,147.82,146.79,147.1,147.1,7498100,Healthcare
JNJ,2024-03-26,147.47,148.05,146.66,147.62,147.62,6864100,Healthcare
JNJ,2024-03-27,147.83,149.94,147.3,149.69,149.69,8461600,Healthcare
JNJ,2024-03-28,149.92,150.81,149.84,149.91,149.91,6181500,Healthcare
JNJ,2024-04-01,149.47,149.87,148.57,149.52,149.52,4364700,Healthcare
JNJ,2024-04-02,148.38,149.57,147.79,149.47,149.47,6102300,Healthcare
JNJ,2024-04-03,149.53,149.78,146.18,146.19,146.19,8098200,Healthcare
JNJ,2024-04-04,147.18,147.36,144.43,144.52,144.52,6947400,Healthcare
JNJ,2024-04-05,144.07,145.0,143.68,144.41,144.41,6783000,Healthcare
JNJ,2024-04-08,144.04,145.03,143.63,143.66,143.66,5935400,Healthcare
JNJ,2024-04-09,143.62,144.55,143.04,144.32,144.32,6135300,Healthcare
JNJ,2024-04-10,143.6,143.87,141.92,142.34,142.34,6809500,Healthcare
JNJ,2024-04-11,142.91,142.97,140.62,141.0,141.0,8374400,Healthcare
JNJ,2024-04-12,140.31,141.27,139.45,139.8,139.8,7100200,Healthcare
JNJ,2024-04-15,140.6,141.67,139.66,139.87,139.87,8502300,Healthcare
JNJ,2024-04-16,137.42,138.6,135.89,136.89,136.89,12774900,Healthcare
JNJ,2024-04-17,137.41,137.8,136.03,137.19,137.19,9378100,Healthcare
JNJ,2024-04-18,137.39,138.17,135.64,138.11,138.11,9887700,Healthcare
JNJ,2024-04-19,138.5,140.38,136.98,140.17,140.17,9750800,Healthcare
JNJ,2024-04-22,140.74,142.41,139.59,141.32,141.32,10118700,Healthcare
JNJ,2024-04-23,142.02,142.61,140.44,141.73,141.73,10110400,Healthcare
JNJ,2024-04-24,140.39,141.19,139.17,140.76,140.76,9756300,Healthcare
JNJ,2024-04-25,141.55,141.75,138.67,139.14,139.14,7642700,Healthcare
JNJ,2024-04-26,139.02,139.48,138.31,138.49,138.49,6183000,Healthcare
JNJ,2024-04-29,138.49,139.52,138.35,139.14,139.14,6149600,Healthcare
JNJ,2024-04-30,139.19,139.19,136.97,137.02,137.02,8817700,Healthcare
JNJ,2024-05-01,140.96,143.9,139.89,143.27,143.27,14470900,Healthcare
JNJ,2024-05-02,144.08,144.36,141.33,142.07,142.07,8459800,Healthcare
JNJ,2024-05-03,142.05,142.05,140.08,141.46,141.46,6532700,Healthcare
JNJ,2024-05-06,142.03,142.2,140.17,140.8,140.8,5042800,Healthcare
JNJ,2024-05-07,141.56,141.89,140.68,140.94,140.94,7333500,Healthcare
JNJ,2024-05-08,141.32,141.89,140.92,141.15,141.15,7735100,Healthcare
JNJ,2024-05-09,141.18,142.24,141.1,142.01,142.01,6546200,Healthcare
JNJ,2024-05-10,142.15,142.23,141.38,142.06,142.06,5710600,Healthcare
JNJ,2024-05-13,142.19,144.04,141.87,143.31,143.31,5628500,Healthcare
JNJ,2024-05-14,143.9,144.24,142.81,143.46,143.46,8254200,Healthcare
JNJ,2024-05-15,143.87,144.95,143.38,144.68,144.68,5548000,Healthcare
JNJ,2024-05-16,144.99,146.3,144.36,146.21,146.21,7591000,Healthcare
JNJ,2024-05-17,146.76,146.76,145.67,146.55,146.55,6521800,Healthcare
JNJ,2024-05-20,146.26,146.54,144.5,144.51,144.51,7742300,Healthcare
JNJ,2024-05-21,145.0,145.77,144.05,144.48,144.48,5492400,Healthcare
JNJ,2024-05-22,144.1,147.2,143.6,146.64,146.64,6609800,Healthcare
JNJ,2024-05-23,145.93,146.01,142.71,143.01,143.01,8000400,Healthcare
JNJ,2024-05-24,142.85,143.12,140.2,140.4,140.4,9520600,Healthcare
JNJ,2024-05-28,140.23,140.23,137.71,137.93,137.93,10499800,Healthcare
JNJ,2024-05-29,137.39,138.92,137.29,137.99,137.99,8263800,Healthcare
JNJ,2024-05-30,138.16,139.1,137.59,138.79,138.79,8490300,Healthcare
JNJ,2024-05-31,139.07,140.89,138.7,140.12,140.12,14621200,Healthcare
JNJ,2024-06-03,140.67,142.25,140.21,141.14,141.14,7329200,Healthcare
JNJ,2024-06-04,140.89,141.68,139.66,141.2,141.2,8876400,Healthcare
JNJ,2024-06-05,141.36,141.38,139.33,139.45,139.45,5891300,Healthcare
JNJ,2024-06-06,139.0,140.43,138.2,139.88,139.88,5016300,Healthcare
JNJ,2024-06-07,140.13,141.67,139.8,140.51,140.51,5111600,Healthcare
JNJ,2024-06-10,139.98,140.97,139.1,140.56,140.56,5749900,Healthcare
JNJ,2024-06-11,140.25,140.59,138.94,140.2,140.2,5661200,Healthcare
JNJ,2024-06-12,140.49,140.63,138.31,138.91,138.91,6180500,Healthcare
JNJ,2024-06-13,138.59,139.48,137.45,138.95,138.95,6840400,Healthcare
JNJ,2024-06-14,138.66,139.45,138.03,139.04,139.04,4075300,Healthcare
JNJ,2024-06-17,138.54,139.89,138.27,139.43,139.43,6666600,Healthcare
JNJ,2024-06-18,139.44,139.85,138.77,139.14,139.14,6156600,Healthcare
JNJ,2024-06-20,138.78,141.46,138.53,141.18,141.18,8749700,Healthcare
JNJ,2024-06-21,141.28,142.42,140.79,142.1,142.1,15172300,Healthcare
JNJ,2024-06-24,142.34,143.03,141.55,142.46,142.46,6914700,Healthcare
JNJ,2024-06-25,142.52,142.53,140.38,140.61,140.61,5912500,Healthcare
JNJ,2024-06-26,139.67,140.61,139.27,140.26,140.26,5267800,Healthcare
JNJ,2024-06-27,140.24,140.78,138.37,139.29,139.29,5739200,Healthcare
JNJ,2024-06-28,139.52,140.5,139.14,139.63,139.63,10495700,Healthcare
JNJ,2024-07-01,139.54,142.06,139.11,139.9,139.9,5144400,Healthcare
JNJ,2024-07-02,139.89,140.58,139.23,139.51,139.51,5492000,Healthcare
JNJ,2024-07-03,139.67,140.1,138.27,139.18,139.18,3246200,Healthcare
JNJ,2024-07-05,139.26,140.0,138.04,139.94,139.94,4888500,Healthcare
JNJ,2024-07-08,139.86,140.64,138.76,138.98,138.98,5260200,Healthcare
JNJ,2024-07-09,139.16,140.56,138.69,140.48,140.48,5890400,Healthcare
JNJ,2024-07-10,140.68,142.79,140.13,142.75,142.75,6093200,Healthcare
JNJ,2024-07-11,142.9,143.85,142.0,143.01,143.01,6350400,Healthcare
JNJ,2024-07-12,143.3,144.14,142.57,143.18,143.18,5336400,Healthcare
JNJ,2024-07-15,143.38,143.54,142.22,142.57,142.57,6711400,Healthcare
JNJ,2024-07-16,143.0,144.33,142.5,144.26,144.26,6469600,Healthcare
JNJ,2024-07-17,144.78,150.45,144.66,149.58,149.58,13801400,Healthcare
JNJ,2024-07-18,148.65,150.05,147.71,148.48,148.48,10166200,Healthcare
JNJ,2024-07-19,149.52,149.52,147.23,147.78,147.78,7398000,Healthcare
JNJ,2024-07-22,147.86,148.18,146.73,147.35,147.35,6840600,Healthcare
JNJ,2024-07-23,146.46,146.64,144.8,145.54,145.54,6261900,Healthcare
JNJ,2024-07-24,145.94,149.42,145.52,149.3,149.3,7168200,Healthcare
JNJ,2024-07-25,149.49,153.41,149.03,152.51,152.51,10019600,Healthcare
JNJ,2024-07-26,152.61,154.36,152.35,153.46,153.46,8356900,Healthcare
JNJ,2024-07-29,152.82,152.85,150.99,151.48,151.48,5625000,Healthcare
JNJ,2024-07-30,151.46,154.33,151.29,154.12,154.12,6545700,Healthcare
JNJ,2024-07-31,152.71,153.19,150.69,150.8,150.8,8293200,Healthcare
JNJ,2024-08-01,151.4,153.63,150.66,153.58,153.58,7213400,Healthcare
JNJ,2024-08-02,154.67,157.49,153.81,156.81,156.81,11280400,Healthcare
JNJ,2024-08-05,156.47,158.37,153.41,154.05,154.05,12032200,Healthcare
JNJ,2024-08-06,153.85,154.27,151.84,151.87,151.87,7607100,Healthcare
JNJ,2024-08-07,151.77,153.44,151.12,151.8,151.8,5993000,Healthcare
JNJ,2024-08-08,151.49,153.52,150.97,153.06,153.06,5094800,Healthcare
JNJ,2024-08-09,152.97,153.74,152.22,153.44,153.44,4579200,Healthcare
JNJ,2024-08-12,153.78,154.48,151.62,152.74,152.74,7605400,Healthcare
JNJ,2024-08-13,153.11,153.21,149.45,151.31,151.31,9711400,Healthcare
JNJ,2024-08-14,150.78,152.42,150.37,151.4,151.4,5141200,Healthcare
JNJ,2024-08-15,151.29,152.37,150.79,151.98,151.98,7237800,Healthcare
JNJ,2024-08-16,152.03,152.79,151.11,152.27,152.27,5012800,Healthcare
JNJ,2024-08-19,152.34,153.13,152.02,152.5,152.5,4408400,Healthcare
JNJ,2024-08-20,152.85,153.74,152.54,153.0,153.0,7275100,Healthcare
JNJ,2024-08-21,153.23,154.27,153.15,154.22,154.22,5019400,Healthcare
JNJ,2024-08-22,154.76,155.23,153.61,155.1,155.1,6552100,Healthcare
JNJ,2024-08-23,155.24,156.88,154.48,156.8,156.8,7093400,Healthcare
JNJ,2024-08-26,156.84,158.31,156.23,157.26,157.26,6870600,Healthcare
JNJ,2024-08-27,157.38,157.9,156.09,156.85,156.85,4388700,Healthcare
JNJ,2024-08-28,156.9,158.82,156.62,157.79,157.79,5187000,Healthcare
JNJ,2024-08-29,158.47,158.56,157.25,158.08,158.08,7390100,Healthcare
JNJ,2024-08-30,157.98,159.77,157.68,159.65,159.65,7971000,Healthcare
JNJ,2024-09-03,159.06,161.53,158.6,160.9,160.9,6956500,Healthcare
JNJ,2024-09-04,161.53,162.53,159.83,161.1,161.1,6939100,Healthcare
JNJ,2024-09-05,160.94,161.11,158.66,158.82,158.82,4600400,Healthcare
JNJ,2024-09-06,159.0,159.73,157.98,158.23,158.23,6016900,Healthcare
JNJ,2024-09-09,158.67,161.14,158.31,160.37,160.37,7538200,Healthcare
JNJ,2024-09-10,161.23,162.16,160.51,161.12,161.12,6559600,Healthcare
JNJ,2024-09-11,160.55,160.55,157.95,158.65,158.65,5920200,Healthcare
JNJ,2024-09-12,158.05,158.92,156.62,158.48,158.48,4540900,Healthcare
JNJ,2024-09-13,158.57,159.55,157.69,159.33,159.33,3693400,Healthcare
JNJ,2024-09-16,160.13,160.99,159.58,160.74,160.74,5187800,Healthcare
JNJ,2024-09-17,160.02,161.44,159.72,160.82,160.82,5066500,Healthcare
JNJ,2024-09-18,160.39,162.05,159.54,159.93,159.93,4722800,Healthcare
JNJ,2024-09-19,160.01,160.14,158.27,158.65,158.65,4956100,Healthcare
JNJ,2024-09-20,158.15,158.7,157.43,158.02,158.02,11839000,Healthcare
JNJ,2024-09-23,158.25,158.34,156.63,157.11,157.11,4671600,Healthcare
JNJ,2024-09-24,156.7,157.37,155.5,156.69,156.69,6041600,Healthcare
JNJ,2024-09-25,156.9,157.21,154.36,154.59,154.59,5420000,Healthcare
JNJ,2024-09-26,154.24,155.49,154.03,155.35,155.35,6122000,Healthcare
JNJ,2024-09-27,155.94,157.31,155.3,155.36,155.36,7553800,Healthcare
JNJ,2024-09-30,155.52,156.11,154.67,155.99,155.99,6010000,Healthcare
JNJ,2024-10-01,156.35,156.66,155.15,155.93,155.93,4408000,Healthcare
JNJ,2024-10-02,155.47,156.05,154.64,155.14,155.14,4684400,Healthcare
JNJ,2024-10-03,154.76,155.4,154.22,154.49,154.49,4791200,Healthcare
JNJ,2024-10-04,153.66,154.49,152.84,154.29,154.29,5331100,Healthcare
JNJ,2024-10-07,154.25,154.84,153.26,153.56,153.56,4266000,Healthcare
JNJ,2024-10-08,153.52,154.25,153.0,153.71,153.71,4766300,Healthcare
JNJ,2024-10-09,153.93,155.19,153.54,154.64,154.64,6047200,Healthcare
JNJ,2024-10-10,155.32,155.35,154.01,154.5,154.5,4793900,Healthcare
JNJ,2024-10-11,156.11,156.57,155.17,155.42,155.42,5253500,Healthcare
JNJ,2024-10-14,155.36,156.07,154.88,155.55,155.55,5964000,Healthcare
JNJ,2024-10-15,154.01,160.51,153.05,157.96,157.96,10548000,Healthcare
JNJ,2024-10-16,157.86,158.82,156.55,158.13,158.13,5982100,Healthcare
JNJ,2024-10-17,158.11,158.82,157.51,158.31,158.31,4798000,Healthcare
JNJ,2024-10-18,158.72,159.1,157.79,158.94,158.94,5908000,Healthcare
JNJ,2024-10-21,158.92,159.07,156.24,156.74,156.74,6082700,Healthcare
JNJ,2024-10-22,156.25,157.6,155.84,157.33,157.33,5680300,Healthcare
JNJ,2024-10-23,156.73,159.79,156.34,159.65,159.65,7441600,Healthcare
JNJ,2024-10-24,158.82,159.32,157.23,157.54,157.54,5386300,Healthcare
JNJ,2024-10-25,157.55,157.79,154.6,154.86,154.86,6400400,Healthcare
JNJ,2024-10-28,155.1,155.91,154.97,155.55,155.55,4842500,Healthcare
JNJ,2024-10-29,155.42,156.1,154.07,154.1,154.1,5216900,Healthcare
JNJ,2024-10-30,153.48,155.24,153.08,154.6,154.6,5820500,Healthcare
JNJ,2024-10-31,154.0,154.85,153.49,153.88,153.88,8613900,Healthcare
JNJ,2024-11-01,154.57,155.03,153.9,154.14,154.14,5256400,Healthcare
JNJ,2024-11-04,153.72,154.28,152.15,152.32,152.32,4644000,Healthcare
JNJ,2024-11-05,151.77,152.65,150.5,152.42,152.42,6547100,Healthcare
JNJ,2024-11-06,153.92,154.83,151.46,151.97,151.97,8926600,Healthcare
JNJ,2024-11-07,152.54,152.81,150.65,150.86,150.86,7522800,Healthcare
JNJ,2024-11-08,151.12,151.2,149.59,149.65,149.65,8926100,Healthcare
JNJ,2024-11-11,149.8,151.68,149.11,149.24,149.24,7146800,Healthcare
JNJ,2024-11-12,148.75,149.24,146.67,146.93,146.93,7181400,Healthcare
JNJ,2024-11-13,146.79,147.76,145.75,147.5,147.5,7161900,Healthcare
JNJ,2024-11-14,147.45,147.84,145.12,146.19,146.19,7716400,Healthcare
JNJ,2024-11-15,145.25,148.65,145.25,148.24,148.24,11328500,Healthcare
JNJ,2024-11-18,146.88,149.52,146.63,148.98,148.98,7510600,Healthcare
JNJ,2024-11-19,148.19,148.23,146.36,147.27,147.27,8233700,Healthcare
JNJ,2024-11-20,147.3,147.51,146.13,147.38,147.38,9061300,Healthcare
JNJ,2024-11-21,147.87,150.22,147.09,149.68,149.68,10141100,Healthcare
JNJ,2024-11-22,150.07,151.24,148.34,149.36,149.36,8266000,Healthcare
JNJ,2024-11-25,149.36,151.16,149.33,149.95,149.95,12256200,Healthcare
JNJ,2024-11-26,150.55,150.64,148.61,149.93,149.93,5683500,Healthcare
JNJ,2024-11-27,150.04,151.98,150.01,150.78,150.78,4140400,Healthcare
JNJ,2024-11-29,150.29,151.05,149.59,150.41,150.41,5687800,Healthcare
JNJ,2024-12-02,150.15,150.4,149.36,150.2,150.2,6946500,Healthcare
JNJ,2024-12-03,150.2,150.2,147.79,147.83,147.83,8674400,Healthcare
JNJ,2024-12-04,146.8,147.06,145.3,146.0,146.0,10333100,Healthcare
JNJ,2024-12-05,145.54,145.91,144.53,145.08,145.08,7898100,Healthcare
JNJ,2024-12-06,144.95,145.59,143.97,144.88,144.88,8389600,Healthcare
JNJ,2024-12-09,144.86,146.41,144.03,145.16,145.16,8410300,Healthcare
JNJ,2024-12-10,145.48,146.35,143.92,144.8,144.8,9398700,Healthcare
JNJ,2024-12-11,144.09,144.09,142.02,142.28,142.28,13446700,Healthcare
JNJ,2024-12-12,142.83,143.38,141.67,141.9,141.9,6176300,Healthcare
JNJ,2024-12-13,141.33,142.57,140.73,142.27,142.27,8324900,Healthcare
JNJ,2024-12-16,142.37,142.88,139.26,139.58,139.58,8732400,Healthcare
JNJ,2024-12-17,139.57,142.3,139.44,142.06,142.06,10343000,Healthcare
JNJ,2024-12-18,141.35,142.38,140.37,140.45,140.45,9336100,Healthcare
JNJ,2024-12-19,139.86,140.91,139.11,139.32,139.32,9516700,Healthcare
JNJ,2024-12-20,138.8,141.15,138.51,140.18,140.18,17702800,Healthcare
JNJ,2024-12-23,140.33,141.01,139.19,140.96,140.96,8720800,Healthcare
JNJ,2024-12-24,140.69,141.52,140.04,141.52,141.52,3164100,Healthcare
JNJ,2024-12-26,141.19,142.02,140.78,141.26,141.26,4656300,Healthcare
JNJ,2024-12-27,140.57,142.25,140.38,140.74,140.74,5588300,Healthcare
JNJ,2024-12-30,140.54,140.58,138.7,139.08,139.08,6268700,Healthcare
JNJ,2024-12-31,139.49,140.37,139.05,140.32,140.32,5811400,Healthcare
