Ticker,Date,Open,High,Low,Close,Adj Close,Volume,Sector,SMA_5,SMA_10,SMA_20,SMA_50,EMA_12,EMA_26,MACD,MACD_signal,Close_lag_1,Volume_lag_1,Close_lag_5,Volume_lag_5,Close_lag_10,Volume_lag_10,RSI_14,ROC_5,ROC_10,Daily_Return,Volatility_10
JNJ,2019-03-14,114.4,114.78,114.07,114.13,114.13,8493600,Healthcare,114.648,114.623,113.30199999999999,109.5116,114.0712084072058,112.52255452949503,1.5486538777107768,1.6443859796786255,115.28,6446900.0,114.31,6100400.0,112.99,10133200.0,64.76923076923075,-0.15746653836060664,1.0089388441455016,-0.009975711311589253,0.006069672674049217
JNJ,2019-03-15,114.11,114.33,113.15,113.78,113.78,11922500,Healthcare,114.572,114.561,113.4745,109.6884,114.02640711378953,112.61569863842132,1.4107084753682102,1.5976504788165427,114.13,8493600.0,114.16,7046700.0,114.4,5641600.0,58.94245723172632,-0.332866152768041,-0.5419580419580461,-0.0030666783492507843,0.004628702269561647
JNJ,2019-03-18,113.83,113.93,113.06,113.43,113.43,7369600,Healthcare,114.34200000000001,114.453,113.5445,109.89139999999999,113.93465217320653,112.67601725779753,1.2586349154090044,1.5298473661350351,113.78,11922500.0,114.58,6150400.0,114.51,8377700.0,56.56716417910455,-1.003665561179956,-0.9431490699502221,-0.0030761117946914718,0.004659786994918987
JNJ,2019-03-19,113.79,114.79,113.68,114.48,114.48,5882500,Healthcare,114.22,114.42600000000002,113.69500000000001,110.08080000000001,114.01855183886707,112.8096456090718,1.208906229795275,1.4656591388670832,113.43,7369600.0,115.09,5552900.0,114.75,6568900.0,64.10596026490074,-0.5300199843600639,-0.23529411764705577,0.0092568103676276,0.005627466499655606
JNJ,2019-03-20,114.39,114.54,113.0,113.53,113.53,5475700,Healthcare,113.87,114.277,113.771,110.2648,113.9433900175029,112.863005193585,1.0803848239179104,1.3886042758772488,114.48,5882500.0,115.28,6446900.0,115.02,6236900.0,53.435114503816834,-1.5180430256766186,-1.2954268822813364,-0.008298392732354998,0.006076213779040759
JNJ,2019-03-21,113.29,114.76,113.25,114.2,114.2,5765100,Healthcare,113.88400000000001,114.26599999999999,113.91900000000001,110.4136,113.98286847634861,112.96204184591203,1.0208266304365878,1.3150487467891165,113.53,5475700.0,114.13,8493600.0,114.31,6100400.0,48.5955056179775,0.06133356698503345,-0.09622955122036148,0.00590152382630138,0.0061958205035318155
JNJ,2019-03-22,113.91,114.44,113.17,113.21,113.21,6528800,Healthcare,113.77000000000001,114.171,113.96900000000001,110.5596,113.86396563383343,112.98040911658521,0.8835565172482234,1.2287503008809382,114.2,5765100.0,113.78,11922500.0,114.16,7046700.0,41.87499999999993,-0.5009667779926286,-0.8321653819201136,-0.008669001751313576,0.006768793369558463
JNJ,2019-03-25,113.21,113.3,112.25,112.97,112.97,4500300,Healthcare,113.678,114.00999999999999,113.98599999999999,110.68800000000002,113.72643245939753,112.97963807091223,0.7467943884852986,1.1323591184018102,113.21,6528800.0,113.43,7369600.0,114.58,6150400.0,38.875,-0.40553645420083884,-1.4051317856519474,-0.0021199540676618556,0.006586995849425153
JNJ,2019-03-26,113.23,115.16,113.23,114.59,114.59,4758600,Healthcare,113.7,113.96000000000001,114.08800000000001,110.84800000000001,113.8592890041056,113.09892413973355,0.7603648643720504,1.0579602675958584,112.97,4500300.0,114.48,5882500.0,115.09,5552900.0,47.700534759358334,0.09608665269043026,-0.43444261013120267,0.014340090289457486,0.008124896459295006
JNJ,2019-03-27,114.6,115.34,114.17,114.69,114.69,6764900,Healthcare,113.93199999999999,113.901,114.205,111.0342,113.98709069578166,113.2167816108644,0.7703090849172582,1.0004300310601384,114.59,4758600.0,113.53,5475700.0,115.28,6446900.0,52.17391304347824,1.0217563639566496,-0.5117973629424011,0.0008726764988218338,0.00810671676396198
JNJ,2019-03-28,114.99,115.32,114.7,114.84,114.84,4602100,Healthcare,114.05999999999999,113.97200000000001,114.29750000000001,111.20559999999999,114.11830751181525,113.33702001005963,0.7812875017556138,0.9566015251992335,114.69,6764900.0,114.2,5765100.0,114.13,8493600.0,53.890160183066406,0.5604203152364207,0.6220976079909013,0.0013078733978550972,0.007392519932087232
JNJ,2019-03-29,115.17,115.67,114.84,115.59,115.59,7168400,Healthcare,114.53600000000002,114.15299999999999,114.357,111.41380000000001,114.34472174076674,113.50390741672187,0.8408143240448709,0.933444084968361,114.84,4602100.0,113.21,6528800.0,113.78,11922500.0,55.567805953693515,2.102287783764689,1.5907892423976167,0.0065308254963427625,0.007479613559678855
JNJ,2019-04-01,115.76,116.01,114.73,114.93,114.93,5885200,Healthcare,114.928,114.303,114.37800000000001,111.5916,114.43476454987956,113.6095439043721,0.8252206455074571,0.9117993970761803,115.59,7168400.0,112.97,4500300.0,113.43,7369600.0,49.132321041214766,1.734973886872626,1.3224014810896634,-0.00570983649104595,0.007705697874257721
JNJ,2019-04-02,114.95,114.95,113.21,113.87,113.87,5517800,Healthcare,114.78400000000002,114.24199999999999,114.33400000000002,111.72179999999999,114.34787769605194,113.62883694849269,0.719040747559248,0.8732476671727939,114.93,5885200.0,114.59,4758600.0,114.48,5882500.0,43.01288404360755,-0.6283270791517581,-0.5328441649196325,-0.00922300530757858,0.007811654238789533
JNJ,2019-04-03,114.28,114.31,113.18,113.43,113.43,5947000,Healthcare,114.53200000000001,114.232,114.25449999999998,111.8742,114.20666574281319,113.61410828564138,0.5925574571718073,0.8171096251725967,113.87,5517800.0,114.69,6764900.0,113.53,5475700.0,46.268656716417965,-1.098613654198266,-0.08808244516866903,-0.003864055501888064,0.007437089344781489
JNJ,2019-04-04,113.18,113.3,111.74,112.11,112.11,5844600,Healthcare,113.98600000000002,114.023,114.1445,112.0002,113.88410178238038,113.50269285707535,0.38140892530503834,0.7299694851990851,113.43,5947000.0,114.84,4602100.0,114.2,5765100.0,41.93236714975845,-2.3772204806687625,-1.8301225919439612,-0.011637133033589042,0.007926097534117143
JNJ,2019-04-05,112.49,112.94,112.21,112.61,112.61,4759700,Healthcare,113.39000000000001,113.96300000000001,114.06700000000001,112.1654,113.68808612355264,113.43656746025495,0.2515186632976878,0.6342793208188057,112.11,5844600.0,115.59,7168400.0,113.21,6528800.0,46.09523809523807,-2.5780776883813528,-0.5299885169154583,0.00445990545000452,0.0077504407409065175
JNJ,2019-04-08,112.5,112.88,112.21,112.58,112.58,4329600,Healthcare,112.92,113.924,113.96700000000001,112.31020000000001,113.51761133531377,113.37311801875458,0.14449331655919195,0.536322119966883,112.61,4759700.0,114.93,5885200.0,112.97,4500300.0,39.97890295358649,-2.044722874793359,-0.3452243958573131,-0.0002664061806233464,0.007729643754662535
JNJ,2019-04-09,112.46,112.68,111.27,112.11,112.11,5210300,Healthcare,112.56800000000001,113.676,113.81800000000001,112.4332,113.3010557452655,113.27955372106905,0.021502024196450975,0.4333581008127966,112.58,4329600.0,113.87,5517800.0,114.59,4758600.0,42.11111111111111,-1.5456222007552478,-2.164237717078288,-0.004174809024693582,0.005806396659392131
JNJ,2019-04-10,112.37,112.57,111.91,112.11,112.11,4194100,Healthcare,112.304,113.418,113.65950000000001,112.5342,113.11781639984004,113.19292011210096,-0.07510371226092616,0.33166573819805206,112.11,5210300.0,113.43,5947000.0,114.69,6764900.0,37.454981992797116,-1.1637133033589042,-2.249542244310754,0.0,0.00576196678239379
JNJ,2019-04-11,112.43,112.61,111.15,111.81,111.81,4485200,Healthcare,112.244,113.11500000000001,113.5435,112.6076,112.91661387678772,113.09048158527867,-0.17386770849094546,0.23055904886025258,112.11,4194100.0,112.11,5844600.0,114.84,4602100.0,40.83769633507859,-0.26759432700026453,-2.638453500522464,-0.0026759432700026453,0.005624126311884472
JNJ,2019-04-12,111.82,112.75,111.43,112.44,112.44,5756800,Healthcare,112.21,112.8,113.47649999999999,112.67,112.84328866497422,113.04229776414691,-0.1990090991726845,0.14464541925366517,111.81,4485200.0,112.61,4759700.0,115.59,7168400.0,46.699875466998755,-0.15096350235325184,-2.7251492343628336,0.00563455862624096,0.005466385755784783
JNJ,2019-04-15,112.46,113.11,112.3,112.89,112.89,5380900,Healthcare,112.272,112.596,113.44950000000001,112.723,112.85047502420896,113.03101644828416,-0.18054142407520146,0.07960805058789183,112.44,5756800.0,112.58,4329600.0,114.93,5885200.0,37.609329446064116,0.27535974418191334,-1.7749934742886997,0.004002134471718266,0.005737273368312606
JNJ,2019-04-16,114.38,116.35,113.75,114.13,114.13,10745700,Healthcare,112.676,112.622,113.43199999999999,112.8224,113.04732502048451,113.11242263730014,-0.06509761681563475,0.050666917107186515,112.89,5380900.0,112.11,5210300.0,113.87,5517800.0,46.499999999999986,1.8018018018018056,0.22833055238429267,0.010984143856851647,0.006348364883256998
JNJ,2019-04-17,114.94,115.89,113.84,114.54,114.54,9543700,Healthcare,113.16199999999999,112.73299999999999,113.48249999999999,112.93,113.27696732502535,113.21816910861125,0.05879821641410388,0.05229317696856999,114.13,10745700.0,112.11,4194100.0,113.43,5947000.0,48.18401937046007,2.1675140487021682,0.97857709600635,0.0035923946376938964,0.0062490709884279036
JNJ,2019-04-18,115.23,115.97,112.25,113.72,113.72,10485300,Healthcare,113.54400000000001,112.894,113.4585,113.0192,113.34512619809837,113.25534176723265,0.08978443086571986,0.059791427747999976,114.54,9543700.0,111.81,4485200.0,112.11,5844600.0,38.77551020408162,1.7082550755746384,1.436089554901443,-0.007159071066876299,0.005337484659145506
JNJ,2019-04-22,113.27,114.52,112.84,113.97,113.97,4666500,Healthcare,113.85,113.03,113.4965,113.12900000000002,113.44126062916015,113.3082794141043,0.1329812150558496,0.0744293852095699,113.72,10485300.0,112.44,5756800.0,112.61,4759700.0,43.939393939393895,1.360725720384215,1.207708018826037,0.0021983819908546476,0.0052423610998275074
JNJ,2019-04-23,113.64,116.47,113.49,115.69,115.69,5790500,Healthcare,114.41,113.34100000000001,113.63250000000001,113.2676,113.78722053236628,113.48470316120769,0.30251737115858646,0.12004698239937323,113.97,4666500.0,112.89,5380900.0,112.58,4329600.0,60.60606060606055,2.4802905483213733,2.7624800142121098,0.015091690795823398,0.006783697063701174
JNJ,2019-04-24,115.48,115.88,114.83,115.11,115.11,5676300,Healthcare,114.606,113.641,113.6585,113.40119999999999,113.9907250658484,113.60509551963675,0.38562954621164636,0.17316349516182786,115.69,5790500.0,114.13,10745700.0,112.11,5210300.0,59.63302752293573,0.8586699377902463,2.6759432700026675,-0.005013397873627756,0.006883255550080599
JNJ,2019-04-25,114.54,115.58,114.08,115.48,115.48,5218100,Healthcare,114.79400000000001,113.978,113.69800000000001,113.50659999999999,114.2198442864871,113.74397733299699,0.47586695349011165,0.23370418682748462,115.11,5676300.0,114.54,9543700.0,112.11,4194100.0,71.6859716859717,0.8206740003492197,3.0059762733030126,0.0032143167405092044,0.006819710472708057
JNJ,2019-04-26,115.67,116.2,115.2,116.09,116.09,4613600,Healthcare,115.268,114.40599999999999,113.76050000000001,113.6194,114.50756055010447,113.91775678981203,0.5898037602924404,0.3049241015204758,115.48,5218100.0,113.72,10485300.0,111.81,4485200.0,72.08121827411168,2.0840661273302974,3.8279223683033825,0.005282299965361892,0.006544237748967492
JNJ,2019-04-29,116.06,116.12,115.42,115.64,115.64,4275200,Healthcare,115.602,114.726,113.763,113.7256,114.68178200393454,114.04533036093707,0.6364516429974714,0.37122960981587494,116.09,4613600.0,113.97,4666500.0,112.44,5756800.0,68.43373493975902,1.4652978854084342,2.8459622909996485,-0.0038763028684641876,0.006925232330016492
JNJ,2019-04-30,115.93,116.97,114.91,116.76,116.76,6003700,Healthcare,115.816,115.11300000000001,113.85449999999999,113.8202,115.00150784948308,114.24641700086767,0.75509084861541,0.448001857575782,115.64,4275200.0,115.69,5790500.0,112.89,5380900.0,75.9776536312849,0.9248854697899711,3.4281158650013355,0.009685230024213176,0.007257189922429316
JNJ,2019-05-01,116.55,117.71,115.56,117.38,117.38,6656300,Healthcare,116.27000000000001,115.43799999999999,114.03,113.9384,115.36742971879337,114.47853426006266,0.8888954587307154,0.5361805778067688,116.76,6003700.0,115.11,5676300.0,114.13,10745700.0,77.53396029258094,1.9720267570150218,2.8476298957329282,0.005310037684138402,0.0068061275648012304
JNJ,2019-05-02,117.35,117.55,115.87,116.83,116.83,8835600,Healthcare,116.54,115.667,114.2,114.03479999999999,115.5924405312867,114.65271690746543,0.9397236238212656,0.6168891870096682,117.38,6656300.0,115.48,5218100.0,114.54,9543700.0,75.56008146639508,1.1690335988915779,1.9993015540422432,-0.004685636394615722,0.007195706029495299
JNJ,2019-05-03,116.84,117.5,116.66,117.43,117.43,5281600,Healthcare,116.80799999999999,116.03799999999998,114.46600000000001,114.1586,115.87514198801183,114.85844158098652,1.0167004070253114,0.6968514310127969,116.83,8835600.0,116.09,4613600.0,113.72,10485300.0,75.48518896833502,1.1542768541648707,3.2623988744284294,0.005135667208765016,0.006469711602538237
JNJ,2019-05-06,115.98,117.62,115.71,117.5,117.5,5818900,Healthcare,117.17999999999999,116.39099999999999,114.7105,114.26440000000001,116.12512014370232,115.05411257498753,1.0710075687147906,0.7716826585531957,117.43,5281600.0,115.64,4275200.0,113.97,4666500.0,74.49521785334747,1.6084399861639564,3.0973063086777275,0.0005960998041385501,0.006517877371876499
JNJ,2019-05-07,116.45,116.91,114.99,115.74,115.74,6606700,Healthcare,116.976,116.396,114.8685,114.3266,116.06587089082504,115.10491905091438,0.9609518399106634,0.8095364948246893,117.5,5818900.0,116.76,6003700.0,115.69,5790500.0,58.106747230614275,-0.8735868448098705,0.043218947186440815,-0.014978723404255323,0.00725256666239659
JNJ,2019-05-08,115.93,116.53,115.52,115.59,115.59,4667300,Healthcare,116.61800000000001,116.444,115.04249999999999,114.3874,115.99265998454428,115.14085097306886,0.8518090114754102,0.8179909981548334,115.74,6606700.0,117.38,6656300.0,115.11,5676300.0,55.42916235780764,-1.524961662974944,0.4169924420119875,-0.0012960082944529772,0.007055834964589481
JNJ,2019-05-09,114.9,115.21,113.82,114.72,114.72,5604200,Healthcare,116.196,116.36799999999998,115.173,114.43480000000001,115.79686614076823,115.1096768269156,0.6871893138526275,0.7918306612943923,115.59,4667300.0,116.83,8835600.0,115.48,5218100.0,55.144032921810705,-1.8060429684156443,-0.6581226186352707,-0.007526602647287883,0.00739570809852163
JNJ,2019-05-10,114.47,115.15,112.8,114.98,114.98,4771600,Healthcare,115.70599999999999,116.25699999999999,115.3315,114.4746,115.6711944268039,115.10007113603297,0.5711232907709274,0.7476891871896993,114.72,5604200.0,117.43,5281600.0,116.09,4613600.0,55.19013360739982,-2.086349314485225,-0.9561547075544796,0.0022663877266388965,0.00718609883204299
JNJ,2019-05-13,113.99,114.16,112.9,113.45,113.45,5560000,Healthcare,114.896,116.03799999999998,115.38200000000002,114.45559999999999,115.32947220729561,114.97784364447496,0.35162856282065036,0.6684770623158897,114.98,4771600.0,117.5,5818900.0,115.64,4275200.0,38.25995807127886,-3.4468085106382995,-1.8938083708059494,-0.013306662028178873,0.008166573458559225
JNJ,2019-05-14,113.32,113.98,113.06,113.14,113.14,7179400,Healthcare,114.376,115.676,115.3945,114.4282,114.99263032925012,114.84170707821755,0.15092325103256599,0.5649663000592249,113.45,5560000.0,115.74,6606700.0,116.76,6003700.0,39.3743257820928,-2.2464143770520084,-3.100376841384045,-0.002732481269281606,0.007085101736666376
JNJ,2019-05-15,113.21,113.69,111.91,113.21,113.21,6429400,Healthcare,113.9,115.25900000000001,115.34850000000002,114.3974,114.71837950936549,114.72083988723847,-0.00246037787297837,0.45148096447278424,113.14,7179400.0,115.59,4667300.0,117.38,6656300.0,37.34671125975468,-2.059001643740821,-3.552564321008689,0.0006187024924870776,0.006603725233982641
JNJ,2019-05-16,113.61,115.1,113.26,114.29,114.29,6857200,Healthcare,113.81400000000001,115.005,115.33600000000001,114.3828,114.6524749694631,114.6889258215171,-0.03645085205400278,0.3538946011674269,113.21,6429400.0,114.72,5604200.0,116.83,8835600.0,40.46610169491528,-0.37482566248255855,-2.1740991183771263,0.009539793304478517,0.007770769926096321
JNJ,2019-05-17,113.29,114.97,113.17,114.62,114.62,6915300,Healthcare,113.742,114.724,115.381,114.389,114.64747882031494,114.68382020510843,-0.03634138479348792,0.27584740397524393,114.29,6857200.0,114.98,4771600.0,117.43,5281600.0,44.527896995708176,-0.3130979300747905,-2.3929149280422446,0.002887391722810273,0.007565785725733058
JNJ,2019-05-20,114.62,114.91,113.85,114.46,114.46,4771100,Healthcare,113.944,114.42,115.4055,114.395,114.61863592488189,114.66724093065595,-0.048605005774064125,0.21095692202538233,114.62,6915300.0,113.45,5560000.0,117.5,5818900.0,36.24401913875594,0.890260026443368,-2.587234042553199,-0.0013959169429419438,0.007504308607288407
JNJ,2019-05-21,115.04,115.41,114.18,114.21,114.21,4859000,Healthcare,114.15799999999999,114.26700000000001,115.3315,114.3876,114.55576885951544,114.63337123208883,-0.07760237257339497,0.15324506310562688,114.46,4771100.0,113.14,7179400.0,115.74,6606700.0,30.16270337922407,0.9457309528018376,-1.3219284603421477,-0.002184169142058323,0.006121072142134433
JNJ,2019-05-22,114.4,114.9,113.69,114.74,114.74,5456800,Healthcare,114.46399999999998,114.18199999999999,115.31299999999999,114.3806,114.58411211189767,114.64126965934152,-0.057157547443850376,0.11116454099573143,114.21,4859000.0,113.21,6429400.0,115.59,4667300.0,36.88833124215812,1.3514707181344399,-0.7353577299074376,0.004640574380527118,0.006404231751422188
JNJ,2019-05-23,114.53,115.64,113.84,115.59,115.59,6951800,Healthcare,114.724,114.26899999999998,115.3185,114.38680000000001,114.73886409468264,114.71154598087178,0.02731811381086402,0.09439525555875795,114.74,5456800.0,114.29,6857200.0,114.72,5604200.0,38.80778588807787,1.1374573453495573,0.7583682008368342,0.00740805298936742,0.006381724860491798
JNJ,2019-05-24,116.14,116.14,115.36,115.6,115.6,5473300,Healthcare,114.92,114.33100000000002,115.29399999999998,114.4162,114.87134654165453,114.77735738969608,0.09398915195845348,0.09431403483869706,115.59,6951800.0,114.62,6915300.0,114.98,4771600.0,38.3578431372549,0.854999127551892,0.539224212906575,8.651267410675345e-05,0.006362290567742725
JNJ,2019-05-28,115.73,116.97,114.1,114.12,114.12,11919600,Healthcare,114.852,114.398,115.218,114.42300000000002,114.75575476601537,114.72866424971859,0.02709051629678072,0.08086933113031379,115.6,5473300.0,114.46,4771100.0,113.45,5560000.0,39.720812182741184,-0.29704700331992795,0.5905685323931209,-0.012802768166089828,0.006241139387629512
JNJ,2019-05-29,113.14,113.14,107.0,109.34,109.34,23247400,Healthcare,113.878,114.01799999999999,114.84700000000001,114.34120000000001,113.92256172508993,114.32950393492462,-0.406942209834682,-0.01669297706268537,114.12,11919600.0,114.21,4859000.0,113.14,7179400.0,25.019984012789806,-4.264074949654139,-3.3586706735018512,-0.041885734314756395,0.014876212427122063
JNJ,2019-05-30,109.43,110.58,109.21,109.99,109.99,7360600,Healthcare,112.928,113.69599999999998,114.4775,114.25139999999999,113.31755222892225,114.00805919900426,-0.6905069700820121,-0.15145577566655072,109.34,23247400.0,114.74,5456800.0,113.21,6429400.0,30.75671277461349,-4.139794317587587,-2.844271707446333,0.005944759465886129,0.015125699971453882
JNJ,2019-05-31,109.5,109.9,107.91,109.19,109.19,7811000,Healthcare,111.648,113.18599999999999,114.09550000000002,114.1646,112.68254419370345,113.65116592500395,-0.9686217313005017,-0.31488896679334094,109.99,7360600.0,115.59,6951800.0,114.29,6857200.0,27.43569758378797,-5.536811142832432,-4.462332662525159,-0.007273388489862698,0.014527198894340777
JNJ,2019-06-03,109.48,110.23,109.1,109.43,109.43,8434600,Healthcare,110.41399999999999,112.66699999999999,113.6955,114.0692,112.18215277928753,113.33848696759625,-1.156334188308719,-0.4831780110964166,109.19,7811000.0,115.6,5473300.0,114.62,6915300.0,32.582322357019095,-5.337370242214523,-4.528005583667771,0.0021980034801722947,0.014490059348469355
JNJ,2019-06-04,110.4,111.82,110.38,111.34,111.34,6648900,Healthcare,109.85799999999999,112.35499999999999,113.3875,114.0318,112.0525908132433,113.19045089592245,-1.137860082679154,-0.6141144254129641,109.43,8434600.0,114.12,11919600.0,114.46,4771100.0,43.150684931506866,-2.436032246757802,-2.7258430892888263,0.017454080233939573,0.016081272774096825
JNJ,2019-06-05,112.15,112.51,111.45,111.88,111.88,6860600,Healthcare,110.36600000000001,112.122,113.19449999999999,114.01,112.02603838043663,113.09338045918744,-1.067342078750812,-0.7047599560805338,111.34,6648900.0,109.34,23247400.0,114.21,4859000.0,45.11388684790596,2.323029083592454,-2.0401015672883216,0.004850008981498011,0.016256384375811832
JNJ,2019-06-06,112.31,114.61,112.06,113.8,113.8,9115800,Healthcare,111.128,112.02799999999999,113.10499999999999,113.99419999999998,112.29895555267716,113.14572264739579,-0.8467670947186292,-0.733161383808153,111.88,6860600.0,109.99,7360600.0,114.74,5456800.0,48.30449826989616,3.4639512682971274,-0.8192435070594417,0.017161244190203817,0.01726993795835987
JNJ,2019-06-07,114.55,116.22,114.18,115.35,115.35,6533900,Healthcare,112.35999999999999,112.00399999999999,113.1365,114.0074,112.76834700611144,113.3090024512924,-0.5406554451809598,-0.6946601960827143,113.8,9115800.0,109.19,7811000.0,115.59,6951800.0,52.32929164007655,5.641542265775246,-0.20763041785621938,0.013620386643233617,0.01769982910093769
JNJ,2019-06-10,115.4,115.85,114.56,115.74,115.74,4994700,Healthcare,113.622,112.018,113.17450000000001,114.02539999999999,113.2255243897866,113.48907634378926,-0.26355195400266496,-0.6084385476667045,115.35,6533900.0,109.43,8434600.0,115.6,5473300.0,54.02515723270441,5.766243260531834,0.12110726643599357,0.0033810143042913854,0.017733584555020956
JNJ,2019-06-11,116.29,117.11,116.14,116.38,116.38,8230500,Healthcare,114.63,112.244,113.32099999999998,114.04119999999999,113.71082832981942,113.70321883684191,0.0076094929775081255,-0.485228939537862,115.74,4994700.0,111.34,6648900.0,114.12,11919600.0,56.66052793124617,4.526675049398232,1.9803715387311627,0.005529635389666554,0.017171265034001727
JNJ,2019-06-12,116.81,118.98,116.81,117.96,117.96,9216500,Healthcare,115.846,113.106,113.56199999999998,114.1018,114.36454704830874,114.0185359600388,0.34601108826993254,-0.3189809339763031,116.38,8230500.0,111.88,6860600.0,109.34,23247400.0,59.28489042675894,5.434393993564535,7.883665630144487,0.013576215844646855,0.007769232332505067
JNJ,2019-06-13,117.99,118.18,116.74,117.15,117.15,7500800,Healthcare,116.51599999999999,113.822,113.75899999999999,114.16740000000001,114.79307827164585,114.25049625929519,0.542582012350664,-0.14666834471090973,117.96,9216500.0,113.8,9115800.0,109.99,7360600.0,54.50867052023123,2.943760984182786,6.509682698427133,-0.0068667344862664015,0.009033974889610758
JNJ,2019-06-14,117.58,117.8,116.59,116.64,116.64,6548100,Healthcare,116.774,114.56699999999998,113.8765,114.2316,115.07722007600803,114.42749653638444,0.6497235396235936,0.01261003215599095,117.15,7500800.0,115.35,6533900.0,109.19,7811000.0,52.92134831460677,1.1183355006501916,6.822969136367796,-0.004353393085787527,0.00858002461123582
JNJ,2019-06-17,116.56,116.76,115.9,116.09,116.09,5562800,Healthcare,116.84400000000001,115.23300000000002,113.95,114.31119999999999,115.23303237200679,114.5506449410967,0.682387430910083,0.14656551190680936,116.64,6548100.0,115.74,4994700.0,109.43,8434600.0,55.838767042086545,0.30240193537238724,6.0860824271223635,-0.004715363511659798,0.009232749218320326
JNJ,2019-06-18,117.03,117.33,116.39,116.75,116.75,7122700,Healthcare,116.918,115.774,114.0645,114.39399999999999,115.46641200708267,114.7135601306451,0.7528518764375605,0.2678227848129596,116.09,5562800.0,116.38,8230500.0,111.34,6648900.0,79.05882352941182,0.3179240419316054,4.858990479612002,0.00568524420708072,0.008309240473117254
JNJ,2019-06-19,116.57,117.37,116.49,116.94,116.94,6393400,Healthcare,116.71399999999998,116.28,114.201,114.48119999999999,115.69311785214687,114.87848160244917,0.8146362496976991,0.3771854777899075,116.75,7122700.0,117.96,9216500.0,111.88,6860600.0,78.27502034174131,-0.8646998982705933,4.522702895959951,0.0016274089935759406,0.008368795896677796
JNJ,2019-06-20,117.6,118.56,117.39,118.4,118.4,7335800,Healthcare,116.96400000000001,116.74000000000001,114.38400000000001,114.60700000000001,116.1095612595089,115.13933481708257,0.9702264424263234,0.4957936707171907,116.94,6393400.0,117.15,7500800.0,113.8,9115800.0,85.55984555984563,1.0670081092616357,4.0421792618629215,0.012485035060714855,0.007683071543877858
JNJ,2019-06-21,117.78,118.58,117.4,118.3,118.3,11272200,Healthcare,117.296,117.035,114.5195,114.7308,116.44655183496907,115.37345816396534,1.0730936710037327,0.6112536707744991,118.4,7335800.0,116.64,6548100.0,115.35,6533900.0,84.62138953942232,1.4231824417009653,2.5574338968357146,-0.0008445945945946276,0.007001369720326701
JNJ,2019-06-24,118.58,119.64,118.3,119.11,119.11,5894700,Healthcare,117.9,117.372,114.69500000000001,114.8768,116.85631309112767,115.65023904070864,1.2060740504190335,0.730217746703406,118.3,11272200.0,116.09,5562800.0,115.74,4994700.0,83.17677198975235,2.6014299250581407,2.9116986348712626,0.006846999154691558,0.007131633880279305
JNJ,2019-06-25,119.28,120.71,119.22,120.09,120.09,7517000,Healthcare,118.56800000000001,117.74300000000001,114.9935,115.0298,117.35380338480033,115.97911022287838,1.3746931619219538,0.8591128297471156,119.11,5894700.0,116.75,7122700.0,116.38,8230500.0,83.7860082304527,2.8608137044968007,3.187832960989878,0.00822768869112589,0.0072915407262083365
JNJ,2019-06-26,119.77,119.77,117.19,118.1,118.1,7674100,Healthcare,118.8,117.75699999999999,115.4315,115.134,117.46860286406181,116.13621316933182,1.332389694729983,0.9537682027436891,120.09,7517000.0,116.94,6393400.0,117.96,9216500.0,67.5941080196399,0.9919616897554162,0.11868429976262806,-0.016570905154467575,0.008620636249268622
JNJ,2019-06-27,118.42,118.64,117.06,117.14,117.14,5233500,Healthcare,118.548,117.756,115.78899999999999,115.1942,117.41804857728306,116.21056774938133,1.2074808279017333,1.004510727775298,118.1,7674100.0,118.4,7335800.0,117.15,7500800.0,57.695614789337945,-1.0641891891891908,-0.008536064874098415,-0.008128704487722183,0.008743167808260394
JNJ,2019-06-28,117.18,117.48,115.32,115.96,115.96,12792400,Healthcare,118.08,117.68800000000002,116.12749999999998,115.2226,117.1937334115472,116.19200717535308,1.0017262361941164,1.0039538294590618,117.14,5233500.0,118.3,11272200.0,116.64,6548100.0,50.885668276972616,-1.978021978021982,-0.5829903978052164,-0.01007341642479087,0.00923479797409871
JNJ,2019-07-01,116.73,116.78,115.5,116.03,116.03,5872300,Healthcare,117.46399999999998,117.68199999999999,116.45750000000001,115.2688,117.0146975020784,116.18000664384545,0.8346908582329604,0.9701012352138415,115.96,12792400.0,119.11,5894700.0,116.09,5562800.0,48.523206751054886,-2.585845017210975,-0.05168403824619139,0.000603656433252997,0.009120447174524128
JNJ,2019-07-02,115.91,116.59,115.47,116.59,116.59,4501200,Healthcare,116.76400000000001,117.66599999999998,116.71999999999998,115.32119999999999,116.94935942483558,116.21037652207912,0.7389829027564616,0.9238775687223656,116.03,5872300.0,120.09,7517000.0,116.75,7122700.0,43.674976915974206,-2.9144808060621252,-0.13704496788008447,0.004826338016030274,0.009064683929975066
JNJ,2019-07-03,117.39,118.38,117.22,118.34,118.34,3436300,Healthcare,116.81199999999998,117.80600000000001,117.043,115.3742,117.16330412870704,116.36812640933252,0.7951777193745215,0.8981375988527969,116.59,4501200.0,118.1,7674100.0,116.94,6393400.0,55.05522514868306,0.2032176121930629,1.1971951428082717,0.015009863624667608,0.01025742443038132
JNJ,2019-07-05,118.01,118.11,116.87,117.04,117.04,4652400,Healthcare,116.792,117.67,117.205,115.4128,117.14433426275211,116.41789482345604,0.7264394392960725,0.8637979669414521,118.34,3436300.0,117.14,5233500.0,118.4,7335800.0,51.59235668789811,-0.08536793580330437,-1.1486486486486536,-0.010985296603008288,0.010081719103404094
JNJ,2019-07-08,116.66,117.46,116.26,117.37,117.37,4078100,Healthcare,117.074,117.577,117.306,115.4506,117.17905206848255,116.48842113282967,0.6906309356528766,0.829164560683737,117.04,4652400.0,115.96,12792400.0,118.3,11272200.0,55.18638573743921,1.215936529837891,-0.7861369399830842,0.0028195488721804995,0.010158681774075634
JNJ,2019-07-09,117.78,118.62,117.32,117.73,117.73,4217400,Healthcare,117.41400000000002,117.439,117.40549999999999,115.4834,117.26381328871601,116.58038993780525,0.6834233509107577,0.8000163187291413,117.37,4078100.0,116.03,5872300.0,119.11,5894700.0,54.06976744186046,1.4651383262949347,-1.1585928973217974,0.00306722331089726,0.009912252496086805
JNJ,2019-07-10,118.04,118.22,117.12,117.57,117.57,4874400,Healthcare,117.61000000000001,117.18700000000001,117.465,115.522,117.31091893660586,116.65369438685671,0.6572245497491451,0.7714579649331421,117.73,4217400.0,116.59,4501200.0,120.09,7517000.0,52.622814321398806,0.8405523629813727,-2.098426180364732,-0.0013590418754778621,0.009355654180176448
JNJ,2019-07-11,117.34,117.57,115.74,116.65,116.65,5817400,Healthcare,117.272,117.042,117.39950000000002,115.51979999999999,117.20923910020495,116.65342072857104,0.5558183716339187,0.7283300462732974,117.57,4874400.0,118.34,3436300.0,118.1,7674100.0,42.37140366172626,-1.4280885583910718,-1.2277730736663717,-0.007825125457174398,0.008186095576909027
JNJ,2019-07-12,116.66,116.66,110.17,111.82,111.82,17780100,Healthcare,116.228,116.50999999999999,117.133,115.4086,116.3801253924811,116.29538956349171,0.08473582898939469,0.5996112028165169,116.65,5817400.0,117.04,4652400.0,117.14,5233500.0,30.00000000000003,-4.460013670539997,-4.541574184736219,-0.041405915130733106,0.015131210002553682
JNJ,2019-07-15,112.72,113.53,111.94,112.16,112.16,10038200,Healthcare,115.186,116.13,116.90900000000002,115.3152,115.73087533209939,115.98906441064048,-0.2581890785410934,0.4280511465449949,111.82,17780100.0,117.37,4078100.0,115.96,12792400.0,27.90845518118249,-4.438953736048401,-3.2769920662297336,0.003040600965837914,0.015165848213956092
JNJ,2019-07-16,110.67,111.42,109.69,110.32,110.32,10214500,Healthcare,113.704,115.559,116.62049999999999,115.17299999999999,114.89843297331487,115.569133713556,-0.6707007402411307,0.20830076918776977,112.16,10038200.0,117.73,4217400.0,116.03,5872300.0,20.554550934297794,-6.294062685806512,-4.921141084202363,-0.016405135520684788,0.015635772379919012
JNJ,2019-07-17,110.31,111.22,109.41,109.78,109.78,8862100,Healthcare,112.146,114.878,116.272,115.01859999999999,114.11098174665105,115.14030899403333,-1.0293272473822839,-0.039224834126240976,110.32,10214500.0,117.57,4874400.0,116.59,4501200.0,22.523117569352763,-6.6258399251509665,-5.840981216227814,-0.004894851341551765,0.01526005257648466
JNJ,2019-07-18,110.01,110.32,109.21,109.96,109.96,6203100,Healthcare,110.80799999999999,114.03999999999999,115.923,114.90299999999999,113.47236917024318,114.75658240188271,-1.2842132316395265,-0.2882225136288981,109.78,8862100.0,116.65,5817400.0,118.34,3436300.0,25.0,-5.735105015002151,-7.081291194862271,0.0016396429222080844,0.013734529986429
JNJ,2019-07-19,110.11,110.22,108.39,108.49,108.49,8340200,Healthcare,110.14199999999998,113.18499999999999,115.42749999999998,114.76100000000001,112.70585083635962,114.29239111285436,-1.5865402764947447,-0.5478860662020675,109.96,6203100.0,111.82,17780100.0,117.04,4652400.0,24.50511945392492,-2.9780003577177583,-7.305194805194814,-0.013368497635503851,0.013827278922412119
JNJ,2019-07-22,108.23,108.36,106.44,107.1,107.1,12624800,Healthcare,109.13,112.15799999999999,114.86750000000002,114.60859999999998,111.84341224615044,113.75962140079108,-1.9162091546406401,-0.821550683889782,108.49,8340200.0,112.16,10038200.0,117.37,4078100.0,22.041327489041933,-4.511412268188309,-8.750106500809418,-0.012812240759517035,0.013412260693345493
JNJ,2019-07-23,107.08,107.78,106.7,107.27,107.27,5803600,Healthcare,108.52000000000001,111.112,114.27550000000001,114.4544,111.13981036212729,113.27890870443618,-2.139098342308884,-1.0850602155736024,107.1,12624800.0,110.32,10214500.0,117.73,4217400.0,20.08985879332475,-2.7646845540246545,-8.884736260936045,0.0015873015873015817,0.013271343346802736
JNJ,2019-07-24,107.3,108.06,107.04,108.05,108.05,6838600,Healthcare,108.174,110.16,113.67349999999999,114.34640000000002,110.66445492180002,112.8915821337372,-2.227127211937187,-1.3134736148463195,107.27,5803600.0,109.78,8862100.0,117.57,4874400.0,14.784394250513316,-1.5758790307888515,-8.097303733945726,0.007271371306050156,0.014091740873682394
JNJ,2019-07-25,108.28,109.51,107.96,109.17,109.17,8897800,Healthcare,108.01599999999999,109.41199999999999,113.227,114.26700000000001,110.43453877998463,112.61590938309001,-2.1813706031053783,-1.4870530124981314,108.05,6838600.0,109.96,6203100.0,116.65,5817400.0,22.73042273042273,-0.7184430702073419,-6.412344620660093,0.010365571494678427,0.015285836597897824
JNJ,2019-07-26,109.32,109.32,108.64,108.84,108.84,4894600,Healthcare,108.08599999999998,109.11399999999999,112.81200000000001,114.1796,110.18922512152547,112.33621239175001,-2.1469872702245425,-1.6190398640434138,109.17,8897800.0,108.49,8340200.0,111.82,17780100.0,20.443520443520455,0.3226103788367629,-2.6649973171167907,-0.003022808463863713,0.009123326970678986
JNJ,2019-07-29,109.07,110.99,108.41,110.75,110.75,7832000,Healthcare,108.816,108.973,112.5515,114.10879999999999,110.27549817975233,112.2187151775463,-1.943216997793968,-1.6838752907935248,108.84,4894600.0,107.1,12624800.0,112.16,10038200.0,28.160200250312883,3.408029878618124,-1.2571326676176886,0.017548695332598285,0.01107529342891535
JNJ,2019-07-30,110.29,110.31,109.29,109.97,109.97,5509600,Healthcare,109.356,108.93799999999999,112.24849999999999,114.0158,110.22849845979044,112.05214368291324,-1.8236452231227958,-1.7118292772593793,110.75,7832000.0,107.27,5803600.0,110.32,10214500.0,27.10843373493978,2.5170131444019805,-0.31725888324872775,-0.007042889390519225,0.00999059261434694
JNJ,2019-07-31,109.6,109.9,108.38,108.42,108.42,8559200,Healthcare,109.42999999999999,108.80199999999999,111.84,113.895,109.950267927515,111.78309600269745,-1.832828075182448,-1.736029036843993,109.97,5509600.0,108.05,6838600.0,109.78,8862100.0,26.117237376668598,0.3424340583063401,-1.2388413190016379,-0.014094753114485714,0.010850117152536186
JNJ,2019-08-01,108.45,108.85,107.42,108.48,108.48,7870700,Healthcare,109.292,108.654,111.34700000000001,113.78039999999999,109.72407286174347,111.53842222471987,-1.814349362976401,-1.7516931020704747,108.42,8559200.0,109.17,8897800.0,109.96,6203100.0,36.59711075441416,-0.6320417697169511,-1.3459439796289496,0.0005534034311012181,0.010824015223859014
JNJ,2019-08-02,108.95,109.46,108.04,109.13,109.13,6574900,Healthcare,109.35,108.718,110.95150000000001,113.6682,109.63267703685986,111.36002057844432,-1.7273435415844602,-1.746823189973272,108.48,7870700.0,108.84,4894600.0,108.49,8340200.0,38.13625685199684,0.2664461595001777,0.5899161213015036,0.005991887905604676,0.01013537137945313
JNJ,2019-08-05,108.99,109.45,107.41,108.37,108.37,9480000,Healthcare,108.874,108.845,110.50150000000001,113.5238,109.43841903118911,111.13853757263364,-1.7001185414445246,-1.7374822602675226,109.13,6574900.0,110.75,7832000.0,107.1,12624800.0,41.65953806672372,-2.148984198645598,1.1858076563959097,-0.006964171171996658,0.00941651103661791
JNJ,2019-08-06,108.52,109.25,107.89,108.88,108.88,7880600,Healthcare,108.65599999999999,109.006,110.05900000000001,113.38939999999998,109.35250841100617,110.9712384931793,-1.6187300821731299,-1.7137318246486442,108.37,9480000.0,109.97,5509600.0,107.27,5803600.0,46.14065180102912,-0.991179412567067,1.5008856157360029,0.004706099474024006,0.00948147548576942
JNJ,2019-08-07,107.7,108.99,106.73,108.41,108.41,6771700,Healthcare,108.654,109.042,109.601,113.2752,109.20750711700522,110.78151712331416,-1.5740100063089386,-1.6857874609807033,108.88,7880600.0,108.42,8559200.0,108.05,6838600.0,43.514644351464426,-0.009223390518364738,0.3331790837575177,-0.004316678912564265,0.009409842185845625
JNJ,2019-08-08,109.05,109.86,108.43,109.63,109.63,5260500,Healthcare,108.88399999999999,109.08800000000001,109.25,113.28099999999999,109.27250602208134,110.69621955862422,-1.423713536542877,-1.633372676093138,108.41,6771700.0,108.48,7870700.0,109.17,8897800.0,54.87179487179489,1.06010324483774,0.42136117981130816,0.01125357439350605,0.009518191536199731
JNJ,2019-08-09,109.73,110.53,109.26,109.93,109.93,4677300,Healthcare,109.04400000000001,109.197,109.1555,113.2798,109.37365894176114,110.63946255428169,-1.265803612520557,-1.559858863378622,109.63,5260500.0,109.13,6574900.0,108.84,4894600.0,63.336475023562755,0.7330706496838646,1.0014700477765537,0.0027364772416309524,0.009458006316642174
JNJ,2019-08-12,109.48,110.48,109.31,109.84,109.84,6852100,Healthcare,109.338,109.106,109.0395,113.2928,109.44540371995174,110.58024310581638,-1.1348393858646375,-1.4748549678758252,109.93,4677300.0,108.37,9480000.0,110.75,7832000.0,62.20322886989559,1.356463966042254,-0.8216704288939058,-0.0008187028108797012,0.007469660215746476
JNJ,2019-08-13,110.15,111.65,109.9,111.08,111.08,5013200,Healthcare,109.77799999999999,109.21699999999998,109.07750000000001,113.3258,109.6968800707284,110.61726213501517,-0.9203820642867697,-1.3639603871580142,109.84,6852100.0,108.88,7880600.0,109.97,5509600.0,63.785259326660636,2.0205731080088274,1.0093661907792928,0.0112891478514201,0.007998015803495247
JNJ,2019-08-14,110.34,110.35,108.34,108.45,108.45,7736200,Healthcare,109.78600000000002,109.22,109.011,113.26799999999999,109.5050523675394,110.45672419908811,-0.9516718315487083,-1.281502676036153,111.08,5013200.0,108.41,6771700.0,108.42,8559200.0,47.12,0.036896965224619827,0.02767017155507201,-0.02367662945624771,0.010264620966855388
JNJ,2019-08-15,108.38,109.13,107.61,108.68,108.68,7251200,Healthcare,109.596,109.24000000000001,108.947,113.204,109.3781212340718,110.32511499915566,-0.9469937650838602,-1.2146008938456945,108.45,7736200.0,109.63,5260500.0,108.48,7870700.0,49.35483870967743,-0.8665511265164572,0.18436578171092677,0.0021207929921622792,0.01028467759266484
JNJ,2019-08-16,109.46,109.63,108.73,109.37,109.37,5858900,Healthcare,109.48400000000001,109.26399999999998,108.99100000000001,113.1154,109.37687181344536,110.25436573995894,-0.8774939265135799,-1.1471795003792717,108.68,7251200.0,109.93,4677300.0,109.13,6574900.0,43.828264758497326,-0.5094150823251153,0.21992119490517048,0.006348914243651027,0.010307488080207407
JNJ,2019-08-19,110.32,110.37,109.75,110.11,110.11,4958000,Healthcare,109.53799999999998,109.43799999999999,109.1415,113.0106,109.489660765223,110.24367198144346,-0.7540112162204622,-1.06854584354751,109.37,5858900.0,109.84,6852100.0,108.37,9480000.0,50.628366247755835,0.24581209031317997,1.6056104087847078,0.006766023589649839,0.01015037060282433
JNJ,2019-08-20,109.87,110.45,108.62,108.73,108.73,7302000,Healthcare,109.06800000000001,109.423,109.2145,112.8704,109.3727898782656,110.13154813096617,-0.7587582527005594,-1.0065883253781198,110.11,4958000.0,111.08,5013200.0,108.88,7880600.0,51.41294439380129,-2.11559236586244,-0.13776634827331602,-0.012532921623830684,0.011000271013280482
JNJ,2019-08-21,109.65,110.24,108.94,109.51,109.51,6912800,Healthcare,109.28,109.53299999999999,109.2875,112.733,109.3938991277632,110.08550752867238,-0.6916084009091747,-0.9435923404843309,108.73,7302000.0,108.45,7736200.0,108.41,6771700.0,54.40547476475622,0.97740894421392,1.0146665436767899,0.007173733100340307,0.01110848948801721
JNJ,2019-08-22,109.57,110.01,108.9,109.29,109.29,7213500,Healthcare,109.402,109.499,109.2935,112.5596,109.37791464656887,110.02658104506702,-0.6486663984981504,-0.884607152087095,109.51,6912800.0,108.68,7251200.0,109.63,5260500.0,50.71047957371231,0.5612808244387146,-0.31013408738482795,-0.002008948954433376,0.010533898302884512
JNJ,2019-08-23,109.13,109.28,105.85,106.35,106.35,15714000,Healthcare,108.798,109.14099999999999,109.16900000000001,112.34359999999998,108.9120816240198,109.75424170839538,-0.8421600843755783,-0.8761177385447917,109.29,7213500.0,109.37,5858900.0,109.93,4677300.0,42.48511904761901,-2.761269086586826,-3.256617847721288,-0.026900905846829692,0.013381480288024366
JNJ,2019-08-26,106.88,107.44,106.22,107.2,107.2,8889500,Healthcare,108.21600000000001,108.877,108.9915,112.1548,108.64868445109367,109.56503861888461,-0.9163541677909421,-0.8841650243940218,106.35,15714000.0,110.11,4958000.0,109.84,6852100.0,43.904208998548654,-2.642811733720818,-2.4034959941733436,0.007992477668077091,0.013839699227230011
JNJ,2019-08-27,108.95,111.06,108.29,108.74,108.74,20183800,Healthcare,108.21799999999999,108.643,108.92999999999999,112.0078,108.66273299707926,109.50392464711538,-0.841191650036123,-0.8755703495224421,107.2,8889500.0,108.73,7302000.0,111.08,5013200.0,51.1111111111111,0.009197093718382732,-2.106589845156648,0.014365671641791034,0.01420575857227447
JNJ,2019-08-28,107.25,108.1,106.54,107.94,107.94,9878800,Healthcare,107.904,108.59200000000001,108.90599999999999,111.8316,108.5515433052209,109.38807837695869,-0.8365350717377851,-0.8677632939655107,108.74,20183800.0,109.51,6912800.0,108.45,7736200.0,44.14414414414416,-1.4336590265729199,-0.47026279391425563,-0.007356998344675292,0.012245491440092342
JNJ,2019-08-29,108.07,108.37,106.39,107.57,107.57,6749900,Healthcare,107.55999999999999,108.481,108.8605,111.6442,108.40053664287922,109.25340590459138,-0.8528692617121578,-0.8647844875148402,107.94,9878800.0,109.29,7213500.0,108.68,7251200.0,41.862068965517196,-1.5737944917192936,-1.0213470739786623,-0.003427830276079291,0.012244125538809788
JNJ,2019-08-30,107.59,108.29,107.05,107.67,107.67,7371100,Healthcare,107.824,108.31099999999999,108.7875,111.4296,108.28814639012856,109.13611657832536,-0.8479701881967969,-0.8614216276512316,107.57,6749900.0,106.35,15714000.0,109.37,5858900.0,42.52239834596829,1.2411847672778586,-1.5543567705952333,0.0009296272194849742,0.012002323454916836
JNJ,2019-09-03,107.36,108.19,106.96,107.99,107.99,5710200,Healthcare,107.982,108.099,108.76849999999999,111.2234,108.24227771472417,109.05121905400496,-0.8089413392807927,-0.8509255699771439,107.67,7371100.0,107.2,8889500.0,110.11,4958000.0,38.63134657836643,0.7369402985074602,-1.9253473798928389,0.0029720442091576427,0.011769709077006951
JNJ,2019-09-04,108.62,108.7,107.44,108.09,108.09,4807200,Healthcare,107.852,108.035,108.729,111.00299999999999,108.21885037399737,108.98001764259718,-0.7611672685998059,-0.8329739097016764,107.99,5710200.0,108.74,20183800.0,108.73,7302000.0,48.37251356238699,-0.5977561155048661,-0.5886139979766392,0.0009260116677471952,0.01117036320286916
JNJ,2019-09-05,108.96,108.96,107.63,107.85,107.85,4754100,Healthcare,107.83399999999999,107.869,108.701,110.7582,108.16210416261316,108.89631263203442,-0.7342084694212616,-0.8132208216455934,108.09,4807200.0,107.94,9878800.0,109.51,6912800.0,46.2511291779584,-0.08337965536409087,-1.5158433019815676,-0.0022203719122954046,0.010840316103943858
JNJ,2019-09-06,108.11,108.4,107.43,107.54,107.54,6758300,Healthcare,107.828,107.694,108.59649999999999,110.54700000000001,108.06639582990344,108.7958450296615,-0.729449199758065,-0.7964664972680877,107.85,4754100.0,107.57,6749900.0,109.29,7213500.0,41.44059869036484,-0.027888816584542564,-1.6012443956446187,-0.0028743625405655004,0.010848522148299894
JNJ,2019-09-09,107.37,107.5,106.19,106.49,106.49,7684700,Healthcare,107.59200000000001,107.708,108.42450000000001,110.334,107.82387339453369,108.62504169413103,-0.8011682995973359,-0.7974068577339375,107.54,6758300.0,107.67,7371100.0,106.35,15714000.0,33.54545454545456,-1.0959413021268793,0.1316408086506904,-0.009763808815324682,0.007109996661804265
JNJ,2019-09-10,106.81,108.67,105.98,108.67,108.67,8239500,Healthcare,107.728,107.85499999999999,108.36599999999999,110.1882,107.95404671845158,108.62837193901022,-0.674325220558643,-0.7727905302988787,106.49,7684700.0,107.99,5710200.0,107.2,8889500.0,49.7457627118644,0.6296879340679684,1.3712686567164178,0.020471405765799755,0.009373397416248867
JNJ,2019-09-11,108.93,110.12,108.27,110.03,110.03,6203600,Healthcare,108.11600000000001,107.984,108.3135,110.06820000000002,108.27342414638211,108.73219623982428,-0.45877209344216396,-0.7099868429275358,108.67,8239500.0,108.09,4807200.0,108.74,20183800.0,52.10016155088851,1.7948006291053753,1.1863159830789005,0.012514953529032757,0.00910338254620193
JNJ,2019-09-12,110.19,110.53,109.1,109.41,109.41,5250000,Healthcare,108.428,108.131,108.3615,109.92460000000001,108.44828197001563,108.78240392576322,-0.33412195574759096,-0.6348138654915468,110.03,6203600.0,107.85,4754100.0,107.94,9878800.0,50.46948356807507,1.4464534075104396,1.3618677042801508,-0.0056348268654004,0.008937943023468911
JNJ,2019-09-13,110.16,110.36,109.01,109.7,109.7,5369800,Healthcare,108.85999999999999,108.34400000000001,108.4125,109.7518,108.64085397462861,108.85037400533632,-0.20952003070770786,-0.549755098534779,109.41,5250000.0,107.54,6758300.0,107.57,6749900.0,66.53504442250738,2.0085549562953275,1.9801059775030216,0.0026505803857050925,0.008779224200188016
JNJ,2019-09-16,109.14,109.68,108.48,108.66,108.66,5101700,Healthcare,109.29400000000001,108.44300000000001,108.377,109.5842,108.64379951699344,108.83627222716325,-0.1924727101698096,-0.47829862086178515,109.7,5369800.0,106.49,7684700.0,107.67,7371100.0,57.073643410852654,2.0377500234763923,0.9194761772081339,-0.009480401093892477,0.009506899180735362
JNJ,2019-09-17,108.71,109.47,108.3,108.77,108.77,4976400,Healthcare,109.314,108.521,108.30999999999999,109.41220000000001,108.66321497591753,108.83136317329931,-0.16814819738178244,-0.41626853616578463,108.66,5101700.0,108.67,8239500.0,107.99,5710200.0,50.16872890888639,0.09202171712523466,0.7222891008426657,0.001012332044910691,0.009480889316175875
JNJ,2019-09-18,108.96,109.52,108.02,109.39,109.39,4373600,Healthcare,109.186,108.651,108.34299999999999,109.24539999999999,108.77502805654561,108.87274367898084,-0.09771562243523135,-0.352557953419674,108.77,4976400.0,110.03,6203600.0,108.09,4807200.0,58.32376578645232,-0.5816595473961628,1.2027014524932822,0.00570010113082664,0.009609496243451261
JNJ,2019-09-19,108.74,110.04,108.51,109.14,109.14,4730100,Healthcare,109.13199999999999,108.78,108.32450000000001,109.0768,108.83117758630782,108.89254044350078,-0.06136285719296097,-0.29431893417433136,109.39,4373600.0,109.41,5250000.0,107.85,4754100.0,59.13853317811408,-0.2467781738415109,1.1961057023643917,-0.0022854008593107267,0.009612117928988783
JNJ,2019-09-20,109.88,110.72,109.29,110.43,110.43,12053100,Healthcare,109.27799999999999,109.069,108.3815,108.95240000000001,109.07715026533738,109.0064263365748,0.07072392876257538,-0.22131036158695003,109.14,4730100.0,109.7,5369800.0,107.54,6758300.0,64.11042944785272,0.6654512306289995,2.6873721405988427,0.011819681143485417,0.01002889321197571
JNJ,2019-09-23,109.9,110.77,109.46,110.51,110.51,5183700,Healthcare,109.648,109.471,108.5895,108.9262,109.29758868605471,109.1178021634952,0.17978652255951033,-0.14109098475765797,110.43,12053100.0,108.66,5101700.0,106.49,7684700.0,63.207547169811306,1.7025584391680448,3.775002347638279,0.0007244408222402132,0.009084508020858226
JNJ,2019-09-24,110.81,111.38,110.17,110.35,110.35,7102600,Healthcare,109.96399999999998,109.63899999999998,108.747,108.89,109.45949811896936,109.20907607731037,0.25042204165899307,-0.06278837947432776,110.51,5183700.0,108.77,4976400.0,108.67,8239500.0,61.77083333333322,1.4526064172106334,1.5459648477040622,-0.0014478327753145726,0.007008645870384062
JNJ,2019-09-25,110.3,110.36,109.24,109.88,109.88,4522900,Healthcare,110.06199999999998,109.624,108.804,108.8812,109.524190716051,109.25877414565775,0.26541657039324207,0.002852610499186198,110.35,7102600.0,109.39,4373600.0,110.03,6203600.0,60.325534079348905,0.4479385684248882,-0.13632645642097652,-0.0042591753511553865,0.006034311450493946
JNJ,2019-09-26,109.96,110.14,107.39,108.08,108.08,7545800,Healthcare,109.85,109.49100000000001,108.811,108.84720000000002,109.30200752896621,109.17145754227569,0.1305499866905251,0.028392085737453977,109.88,4522900.0,109.14,4730100.0,109.41,5250000.0,52.38515901060066,-0.9712296133406628,-1.2156110044785673,-0.016381507098653048,0.007818705054611774
JNJ,2019-09-27,107.88,108.54,106.28,107.87,107.87,6006500,Healthcare,109.33800000000001,109.30799999999999,108.826,108.8054,109.08169867835603,109.0750532798849,0.006645398471135877,0.024042748284190358,108.08,7545800.0,110.43,12053100.0,109.7,5369800.0,56.583969465648885,-2.318210631169071,-1.668185961713764,-0.0019430051813470461,0.00770175195261613
JNJ,2019-09-30,108.27,109.28,108.21,108.53,108.53,6552100,Healthcare,108.94200000000001,109.295,108.86899999999999,108.80619999999999,108.99682195860896,109.03467896285638,-0.037857004247413784,0.011662797777869532,107.87,6006500.0,110.51,5183700.0,108.66,5101700.0,49.21875,-1.7916930594516378,-0.1196392416712655,0.006118475943265089,0.007517990079574748
JNJ,2019-10-01,109.06,109.72,108.85,109.04,109.04,7673000,Healthcare,108.67999999999999,109.322,108.92150000000001,108.845,109.0034647342076,109.03507311375591,-0.031608379548316634,0.0030085623126322987,108.53,6552100.0,110.35,7102600.0,108.77,4976400.0,43.896424167694256,-1.1871318531943675,0.24823021053599348,0.004699161522159878,0.007667203770380191
JNJ,2019-10-02,111.36,112.99,110.07,110.72,110.72,12051800,Healthcare,108.848,109.455,109.053,108.914,109.26754708279104,109.15988251273696,0.1076645700540837,0.02393976386092258,109.04,7673000.0,109.88,4522900.0,109.39,4373600.0,57.142857142857146,0.7644703312704726,1.2158332571533093,0.015407190022010298,0.008939380061512606
JNJ,2019-10-03,110.42,111.03,109.05,110.04,110.04,6997600,Healthcare,109.24000000000001,109.545,109.1625,108.95379999999999,109.38638599313089,109.22507640068237,0.16130959244851795,0.051413729578441654,110.72,12051800.0,108.08,7545800.0,109.14,4730100.0,51.77824267782428,1.81347150259068,0.8246289169873577,-0.006141618497109813,0.009188311223936924
JNJ,2019-10-04,110.17,112.17,110.09,112.12,112.12,7233300,Healthcare,110.09,109.71400000000001,109.3915,109.01280000000001,109.80694199418767,109.439515185817,0.36742680837066644,0.11461634533688661,110.04,6997600.0,107.87,6006500.0,110.43,12053100.0,66.32075471698118,3.9399276907388536,1.530381236982703,0.018902217375499797,0.010329151131242003
JNJ,2019-10-07,111.64,112.25,110.84,111.7,111.7,5427200,Healthcare,110.724,109.833,109.652,109.07,110.09818168738957,109.60695850538612,0.49122318200345205,0.1899377126701997,112.12,7233300.0,108.53,6552100.0,110.51,5183700.0,63.42804766269481,2.9208513774993117,1.07682562664011,-0.0037459864430966494,0.010465547591700751
JNJ,2019-10-08,111.1,111.78,110.3,110.59,110.59,7870400,Healthcare,111.03400000000002,109.857,109.748,109.0668,110.1738460431758,109.67977639387604,0.49406964929976027,0.2507640999961118,111.7,5427200.0,109.04,7673000.0,110.35,7102600.0,55.263157894736864,1.4214966984592792,0.21748980516538285,-0.00993733213965975,0.011026363826111791
JNJ,2019-10-09,110.0,110.09,107.8,108.39,108.39,7787700,Healthcare,110.56800000000001,109.708,109.66600000000001,109.0352,109.89940819037952,109.58423740173707,0.3151707886424475,0.26364543772537896,110.59,7870400.0,110.72,12051800.0,109.88,4522900.0,47.19101123595505,-2.104407514450868,-1.3560247542773851,-0.01989329957500685,0.01271869370470098
JNJ,2019-10-10,108.17,109.15,107.9,108.26,108.26,5119700,Healthcare,110.21199999999999,109.726,109.6085,109.03200000000001,109.64719154570575,109.48614574234914,0.16104580335661467,0.24312551085162612,108.39,7787700.0,110.04,6997600.0,108.08,7545800.0,41.099261689909746,-1.6175936023264281,0.16654330125833727,-0.001199372635852014,0.011571704553100103
JNJ,2019-10-11,110.0,111.24,109.73,110.16,110.16,7161400,Healthcare,109.82000000000001,109.955,109.6315,109.06560000000002,109.72608515405871,109.53606087254549,0.19002428151321737,0.2325052649839444,108.26,5119700.0,112.12,7233300.0,107.87,6006500.0,48.75089221984294,-1.748127006778455,2.122925743951054,0.017550341769813294,0.012747737154991994
JNJ,2019-10-14,110.19,110.19,109.4,109.65,109.65,5700000,Healthcare,109.41,110.06700000000001,109.681,109.07600000000001,109.71437974574198,109.54450080791248,0.1698789378294947,0.21997999955305447,110.16,7161400.0,111.7,5427200.0,108.53,6552100.0,47.562674094707546,-1.8352730528200523,1.031972726435093,-0.004629629629629539,0.012831229460778889
JNJ,2019-10-15,111.56,112.61,110.81,111.43,111.43,10008800,Healthcare,109.578,110.306,109.81400000000001,109.1372,109.97832132332013,109.68416741473378,0.2941539085863525,0.2348147813597141,109.65,5700000.0,110.59,7870400.0,109.04,7673000.0,54.94575622208046,0.7595623474093482,2.191856199559794,0.01623347013223886,0.013680891163259332
JNJ,2019-10-16,113.16,114.57,112.23,113.38,113.38,12434200,Healthcare,110.576,110.572,110.01350000000002,109.22720000000001,110.5016565043478,109.95793279142016,0.543723712927644,0.2965965676733001,111.43,10008800.0,108.39,7787700.0,110.72,12051800.0,66.75094816687741,4.603745733001197,2.402456647398843,0.017499775643901927,0.01391836484676113
JNJ,2019-10-17,114.05,115.33,113.79,114.22,114.22,8434000,Healthcare,111.768,110.99000000000001,110.2675,109.3434,111.07370934983275,110.2736414735372,0.8000678762955573,0.39729082939775157,113.38,12434200.0,108.26,5119700.0,110.04,6997600.0,69.30091185410338,5.505265102530932,3.798618684114863,0.007408714058916965,0.013644389088841052
JNJ,2019-10-18,111.82,112.73,107.12,107.12,107.12,25868700,Healthcare,111.16000000000001,110.49000000000001,110.102,109.29320000000001,110.4654463729354,110.04003840142333,0.42540797151207244,0.40291425782061574,114.22,8434000.0,110.16,7161400.0,112.12,7233300.0,46.92005242463958,-2.7596223674654974,-4.459507670353191,-0.0621607424268954,0.02390771364215065
JNJ,2019-10-21,107.93,108.77,106.58,107.39,107.39,13823600,Healthcare,110.708,110.059,109.94599999999998,109.2424,109.99230077709919,109.84373926057715,0.14856151652203664,0.3520437095608999,107.12,25868700.0,109.65,5700000.0,111.7,5427200.0,46.35761589403972,-2.0611035111719134,-3.858549686660695,0.0025205377147123897,0.024005409056896698
JNJ,2019-10-22,108.01,109.5,107.44,108.37,108.37,7613700,Healthcare,110.096,109.83699999999999,109.84700000000001,109.213,109.74271604216085,109.73457338942329,0.008142652737561207,0.28326349819623214,107.39,13823600.0,111.43,10008800.0,110.59,7870400.0,44.64692482915718,-2.7461186395046244,-2.0074147752961347,0.009125616910326872,0.024207650787993733
JNJ,2019-10-23,108.76,109.45,108.27,108.96,108.96,6693400,Healthcare,109.21199999999999,109.894,109.80100000000002,109.1706,109.62229818952072,109.67719758279934,-0.05489939327861748,0.21563091990126224,108.37,7613700.0,113.38,12434200.0,108.39,7787700.0,47.529734675205816,-3.898394778620573,0.5258787711043489,0.005444311156223902,0.023411057460372635
JNJ,2019-10-24,109.4,109.53,105.77,106.95,106.95,12111600,Healthcare,107.758,109.763,109.74449999999999,109.1406,109.21117539113293,109.47518294703642,-0.2640075559034898,0.11970322474031184,108.96,6693400.0,114.22,8434000.0,108.26,5119700.0,38.136759981642925,-6.3649098231483014,-1.2100498799187176,-0.01844713656387653,0.024195249218005012
JNJ,2019-10-25,107.23,108.29,106.79,107.66,107.66,6947300,Healthcare,107.86599999999999,109.513,109.734,109.12020000000001,108.97253302326632,109.34072495095965,-0.3681919276933314,0.022124194253583182,106.95,12111600.0,107.12,25868700.0,110.16,7161400.0,40.851449275362285,0.504107542942478,-2.2694262890341377,0.006638616175782985,0.023504626984343944
JNJ,2019-10-28,107.89,109.05,107.8,108.36,108.36,7876300,Healthcare,108.05999999999999,109.38399999999999,109.72550000000001,109.1,108.87829717353304,109.26807865829598,-0.38978148476293484,-0.06025694154972043,107.66,6947300.0,107.39,13823600.0,109.65,5700000.0,44.85463774803874,0.9032498370425524,-1.176470588235301,0.006501950585175553,0.023631429829297897
JNJ,2019-10-29,108.79,109.02,107.84,108.31,108.31,4506300,Healthcare,108.048,109.072,109.689,109.06400000000002,108.79086683914335,109.19710986879257,-0.4062430296492181,-0.12945415916961997,108.36,7876300.0,108.37,7613700.0,111.43,10008800.0,49.79508196721312,-0.05536587616499222,-2.7999641030243216,-0.0004614248800295373,0.022861857117962844
JNJ,2019-10-30,111.81,112.01,110.5,111.43,111.43,9627600,Healthcare,108.542,108.877,109.7245,109.118,109.19688732542897,109.36250913777089,-0.16562181234191087,-0.13668768980407817,108.31,4506300.0,108.96,6693400.0,113.38,12434200.0,57.04131497112396,2.266886930983869,-1.7198800493914201,0.028806204413258207,0.024206029955113163
JNJ,2019-10-31,111.04,111.43,109.79,110.76,110.76,7686700,Healthcare,109.304,108.53099999999999,109.76050000000001,109.14299999999999,109.4373661984399,109.46602697941749,-0.02866078097758873,-0.11508230803878028,111.43,9627600.0,106.95,12111600.0,114.22,8434000.0,51.40977443609025,3.5624123422159926,-3.029241814043071,-0.006012743426366374,0.024030961790899873
JNJ,2019-11-01,110.77,111.56,110.0,110.05,110.05,5541800,Healthcare,109.782,108.824,109.65700000000001,109.1582,109.53161755252607,109.5092842402014,0.022333312324676058,-0.08759918396608901,110.76,7686700.0,107.66,6947300.0,107.12,25868700.0,50.93109869646181,2.2199516997956525,2.735250186706484,-0.0064102564102564985,0.012366659037702836
JNJ,2019-11-04,110.56,110.68,109.12,109.24,109.24,6140300,Healthcare,109.958,109.00899999999999,109.53399999999999,109.21600000000001,109.4867533136759,109.48933725944575,-0.002583945769842444,-0.07059613632683971,110.05,5541800.0,108.36,7876300.0,107.39,13823600.0,44.66114090687466,0.8121077888519679,1.722692988173935,-0.007360290776919576,0.012776788852761194
JNJ,2019-11-05,109.49,110.28,108.78,109.4,109.4,6257300,Healthcare,110.176,109.112,109.4745,109.26,109.47340665003347,109.48271968467199,-0.009313034638523732,-0.05833951598917652,109.24,6140300.0,108.31,4506300.0,108.37,7613700.0,39.36965811965815,1.0063706028990982,0.9504475408323332,0.0014646649578908821,0.012514557749639884
JNJ,2019-11-06,109.4,110.29,108.79,109.85,109.85,5450000,Healthcare,109.85999999999999,109.201,109.54749999999999,109.28219999999999,109.53134408848985,109.50992563395555,0.021418454534298803,-0.042387921884481455,109.4,6257300.0,111.43,9627600.0,108.96,6693400.0,38.07965084560826,-1.4179305393520747,0.8168135095447893,0.004113345521023604,0.012469228348812188
JNJ,2019-11-07,110.5,111.04,109.89,110.25,110.25,5873700,Healthcare,109.758,109.53099999999999,109.647,109.3284,109.6419065364145,109.56474595736626,0.0771605790482397,-0.018478221697937225,109.85,5450000.0,110.76,7686700.0,106.95,12111600.0,63.45657781599311,-0.4604550379198269,3.0855539971949453,0.003641329085116052,0.010458840634547096
JNJ,2019-11-08,110.14,111.6,109.86,111.56,111.56,5003000,Healthcare,110.06000000000002,109.921,109.71699999999998,109.40820000000002,109.93699783850458,109.7125425531169,0.2244552853876769,0.0301084797191856,110.25,5873700.0,110.05,5541800.0,107.66,6947300.0,66.4561957379637,1.3721035892775957,3.6225153260263765,0.011882086167800399,0.010782817578435074
JNJ,2019-11-11,110.95,111.16,110.16,110.71,110.71,4371400,Healthcare,110.354,110.15599999999999,109.77000000000001,109.46900000000001,110.05592124796541,109.78642828992307,0.2694929580423491,0.0779853753838183,111.56,5003000.0,109.24,6140300.0,108.36,7876300.0,59.33014354066981,1.3456609300622535,2.168696936138792,-0.007619218357834412,0.011276311524955382
JNJ,2019-11-12,110.72,110.8,109.9,110.18,110.18,5228700,Healthcare,110.50999999999999,110.343,109.70750000000001,109.51279999999998,110.07501028673997,109.81558174992875,0.2594285368112139,0.11427400766929743,110.71,4371400.0,109.4,6257300.0,108.31,4506300.0,54.88782051282057,0.7129798903107831,1.7265257132305534,-0.0047872820883387845,0.011471230892915869
JNJ,2019-11-13,109.92,110.3,109.65,110.11,110.11,5885400,Healthcare,110.56200000000001,110.21100000000001,109.54400000000001,109.55320000000002,110.0803933195492,109.83739050919328,0.2430028103559181,0.14001976820662157,110.18,5228700.0,109.85,5450000.0,111.43,9627600.0,64.9905123339658,0.2366863905325589,-1.184600197433372,-0.0006353240152477957,0.006433904643866581
JNJ,2019-11-14,109.91,110.19,109.16,109.85,109.85,4217500,Healthcare,110.482,110.12,109.32549999999999,109.5932,110.0449481934647,109.83832454554933,0.20662364791537868,0.153340544148373,110.11,5885400.0,110.25,5873700.0,110.76,7686700.0,60.85232903865208,-0.36281179138322184,-0.8215962441314617,-0.0023612750885478873,0.006229028024904055
JNJ,2019-11-15,110.09,113.21,109.7,113.19,113.19,10495100,Healthcare,110.80799999999999,110.434,109.62899999999999,109.70620000000001,110.52880231754706,110.08659680143455,0.4422055161125087,0.21111353854120016,109.85,4217500.0,111.56,5003000.0,110.05,5541800.0,68.97093479968572,1.4610971674435147,2.853248523398455,0.0304050978607191,0.011335710555061218
JNJ,2019-11-18,112.59,113.82,111.28,113.1,113.1,9291800,Healthcare,111.28599999999999,110.82000000000001,109.91450000000002,109.83840000000001,110.92437119177058,110.30981185318015,0.6145593385904249,0.2918026985510451,113.19,10495100.0,110.71,4371400.0,109.24,6140300.0,68.75489428347682,2.158793243609436,3.5335042109117643,-0.0007951232441029132,0.010857114949351153
JNJ,2019-11-19,113.24,113.4,112.58,113.09,113.09,5192200,Healthcare,111.86800000000001,111.189,110.1505,109.9268,111.25754485457512,110.51575171590756,0.7417931386675605,0.38180078657434824,113.1,9291800.0,110.18,5228700.0,109.4,6257300.0,58.59213250517594,2.641132691958603,3.372943327239475,-8.841732979658623e-05,0.010900974534684768
JNJ,2019-11-20,113.33,114.36,112.46,114.03,114.03,7594400,Healthcare,112.652,111.607,110.404,110.00679999999998,111.68407641540972,110.7760664036181,0.9080100117916174,0.48704263161780215,113.09,5192200.0,110.11,5885400.0,109.85,5450000.0,66.46525679758302,3.5600762873490233,3.8051888939462986,0.008311963922539523,0.011012833166413988
JNJ,2019-11-21,114.03,114.79,113.24,114.45,114.45,6424900,Healthcare,113.572,112.027,110.779,110.1076,112.1096031207313,111.04820963297972,1.0613934877515732,0.6019128028445564,114.03,7594400.0,109.85,4217500.0,110.25,5873700.0,72.82157676348547,4.187528447883482,3.809523809523818,0.0036832412523020164,0.01101277599781968
JNJ,2019-11-22,114.62,116.28,114.5,115.82,115.82,9235800,Healthcare,114.098,112.453,111.18700000000001,110.23,112.68043340984956,111.40167558609234,1.2787578237572177,0.7372818070270887,114.45,6424900.0,113.19,10495100.0,111.56,5003000.0,82.2549019607843,2.3235268133227294,3.8185729652205014,0.01197029270423755,0.011020001913717489
JNJ,2019-11-25,115.76,116.26,115.07,115.87,115.87,6111900,Healthcare,114.652,112.96900000000001,111.5625,110.3742,113.17113596218039,111.73266257971513,1.4384733824652614,0.8775201221147233,115.82,9235800.0,113.1,9291800.0,110.71,4371400.0,82.06144697720514,2.4491600353669485,4.660825580345063,0.00043170436884820695,0.010367116428880104
JNJ,2019-11-26,115.27,116.0,114.15,115.86,115.86,10636500,Healthcare,115.20599999999999,113.537,111.94000000000001,110.51599999999999,113.58480735261418,112.038391277514,1.5464160751001828,1.0112993127118153,115.87,6111900.0,113.09,5192200.0,110.18,5228700.0,81.13989637305696,2.4493766027058106,5.155200580867669,-8.630361612160797e-05,0.009993317612448205
JNJ,2019-11-27,115.85,116.77,115.63,116.35,116.35,5523000,Healthcare,115.67,114.16099999999999,112.18599999999999,110.65520000000001,114.01022160605814,112.35776970140184,1.6524519046563029,1.1395298311007127,115.86,10636500.0,114.03,7594400.0,110.11,5885400.0,81.31416837782335,2.03455231079539,5.667060212514752,0.00422924218884857,0.00980053936371786
JNJ,2019-11-29,116.22,116.79,115.66,116.13,116.13,3278900,Healthcare,116.006,114.78899999999999,112.45450000000001,110.795,114.33634135897228,112.63719416796467,1.6991471910076115,1.2514533030820925,116.35,5523000.0,114.45,6424900.0,109.85,4217500.0,76.4161849710982,1.4678899082568808,5.716886663632237,-0.0018908465835839605,0.00975928095879191
JNJ,2019-12-02,116.32,116.43,115.59,116.02,116.02,4717100,Healthcare,116.046,115.07199999999997,112.753,110.90679999999999,114.59536576528424,112.88777237774507,1.7075933875391769,1.3426813199735095,116.13,3278900.0,115.82,9235800.0,113.19,10495100.0,83.56510745891279,0.17268174753928278,2.500220867567804,-0.0009472143287694301,0.004564838918674782
JNJ,2019-12-03,115.64,116.09,115.0,115.85,115.85,5741400,Healthcare,116.042,115.34700000000001,113.0835,111.01360000000001,114.78838641677898,113.10719664606025,1.6811897707187313,1.410383010122554,116.02,4717100.0,115.87,6111900.0,113.1,9291800.0,87.54966887417204,-0.017260723224310492,2.431476569407609,-0.0014652646095500987,0.0046228423868912155
JNJ,2019-12-04,116.98,118.03,116.59,117.72,117.72,7257300,Healthcare,116.41399999999999,115.81000000000002,113.49949999999998,111.161,115.23940389112067,113.44888578338912,1.7905181077315575,1.486410029644355,115.85,5741400.0,115.86,10636500.0,113.09,5192200.0,90.69518716577537,1.605385810460902,4.094084357591288,0.016141562365127315,0.006219605540720506
JNJ,2019-12-05,117.7,118.04,116.52,117.88,117.88,5472900,Healthcare,116.71999999999998,116.19499999999998,113.901,111.321,115.64564944633287,113.77711646610103,1.8685329802318336,1.5628346197618508,117.72,7257300.0,116.35,5523000.0,114.03,7594400.0,93.40540540540542,1.3149978513107063,3.3763044812768594,0.0013591573224600584,0.006075675182412248
JNJ,2019-12-06,117.79,119.58,117.79,118.57,118.57,6640400,Healthcare,117.208,116.60700000000001,114.31700000000001,111.5308,116.09554953151243,114.13214487601948,1.9634046554929512,1.6429486269080709,117.88,5472900.0,116.13,3278900.0,114.45,6424900.0,90.75757575757575,2.10109360199775,3.599825251201394,0.005853410247709467,0.006127731270968075
JNJ,2019-12-09,118.58,118.93,118.3,118.67,118.67,4241000,Healthcare,117.73799999999999,116.89199999999998,114.67250000000001,111.74680000000001,116.49161883435667,114.46828229261062,2.0233365417460476,1.7190262098756663,118.57,6640400.0,116.02,4717100.0,115.82,9235800.0,92.13313161875952,2.284088950181018,2.460714902434824,0.0008433836552248497,0.005397514914428414
JNJ,2019-12-10,118.92,119.09,118.17,118.24,118.24,5310300,Healthcare,118.21599999999998,117.12899999999999,115.049,111.941,116.76060055214795,114.74766878945428,2.0129317626936682,1.7778073204392668,118.67,4241000.0,115.85,5741400.0,115.87,6111900.0,86.62873399715491,2.0630125161847257,2.0453957020799107,-0.0036234937220864794,0.005709082155843421
JNJ,2019-12-11,119.03,119.92,118.78,119.08,119.08,6631500,Healthcare,118.48799999999999,117.45099999999998,115.49399999999999,112.1418,117.11743123643288,115.06858221245767,2.048849023975208,1.832015661146455,118.24,5310300.0,117.72,7257300.0,115.86,10636500.0,86.4357864357863,1.1552837240910607,2.7792162955290856,0.007104194857916024,0.005862096152619434
JNJ,2019-12-12,119.36,119.99,118.86,119.38,119.38,5012400,Healthcare,118.78799999999998,117.75399999999999,115.95750000000001,112.315,117.46551873852013,115.38794649301636,2.0775722455037737,1.881126978017919,119.08,6631500.0,117.88,5472900.0,116.35,5523000.0,86.19676945668121,1.2724804886325103,2.6042114310270703,0.00251931474638889,0.005839385681117116
JNJ,2019-12-13,119.18,119.77,118.51,119.41,119.41,4257200,Healthcare,118.95599999999999,118.08200000000002,116.4355,112.5024,117.76466970182472,115.68587638242255,2.078793319402166,1.9206602462947684,119.38,5012400.0,118.57,6640400.0,116.13,3278900.0,82.81535648994503,0.7084422703887983,2.824420907603553,0.0002512983749372033,0.005694256073488469
JNJ,2019-12-16,119.71,120.65,119.51,119.76,119.76,5353100,Healthcare,119.174,118.45600000000002,116.76400000000001,112.65520000000001,118.07164359385169,115.98766331705791,2.083980276793781,1.953324252394571,119.41,4257200.0,118.67,4241000.0,116.02,4717100.0,83.70883882149033,0.918513524900999,3.223582141010173,0.002931077799179338,0.0055403993730603765
JNJ,2019-12-17,120.78,121.67,120.38,121.25,121.25,10722400,Healthcare,119.776,118.99600000000001,117.1715,112.84620000000001,118.56062150248988,116.37746603431287,2.183155468177006,1.9992904955510582,119.76,5353100.0,118.24,5310300.0,115.85,5741400.0,87.17241379310337,2.545669824086616,4.661199827362972,0.012441549766198934,0.005970327003540315
JNJ,2019-12-18,121.39,121.52,120.56,120.94,120.94,7849200,Healthcare,120.148,119.31799999999998,117.56400000000001,113.0532,118.92667973287605,116.71543151325265,2.2112482196234,2.0416820403655267,121.25,10722400.0,119.08,6631500.0,117.72,7257300.0,82.46110325318239,1.5619751427611739,2.735304111450909,-0.002556701030927866,0.004751417898726347
JNJ,2019-12-19,121.53,123.21,121.3,122.77,122.77,9414700,Healthcare,120.826,119.80699999999999,118.001,113.3408,119.51795977397204,117.16391806782653,2.354041706145509,2.104153973521523,120.94,7849200.0,119.38,5012400.0,117.88,5472900.0,88.24884792626719,2.8396716367900865,4.14828639294198,0.01513147015048788,0.00611573881781059
JNJ,2019-12-20,124.06,124.87,122.3,123.37,123.37,14532800,Healthcare,121.61800000000001,120.287,118.447,113.64299999999999,120.11058134720712,117.62362784058013,2.486953506626989,2.1807138801426165,122.77,9414700.0,119.41,4257200.0,118.57,6640400.0,90.0763358778625,3.3163051670714427,4.048241545078857,0.0048871874236378066,0.006092363310434128
JNJ,2019-12-23,123.1,123.96,122.76,123.69,123.69,6558700,Healthcare,122.404,120.78900000000002,118.84049999999999,113.91359999999999,120.66126113994449,118.0729887412779,2.5882723986665894,2.2622255838474112,123.37,14532800.0,119.76,5353100.0,118.67,4241000.0,92.06008583690979,3.281563126252496,4.230218252296281,0.0025938234578908315,0.0060164910005673575
JNJ,2019-12-24,123.32,123.32,122.69,123.26,123.26,4238900,Healthcare,122.806,121.29100000000001,119.21,114.1858,121.06106711841457,118.45721179747953,2.6038553209350397,2.330551531264937,123.69,6558700.0,121.25,10722400.0,118.24,5310300.0,85.15228426395939,1.657731958762887,4.245602165087958,-0.0034764330180289127,0.005995473319112277
JNJ,2019-12-26,123.29,123.47,122.61,123.17,123.17,3019300,Healthcare,123.252,121.7,119.57549999999999,114.4206,121.38551833096616,118.80630721988845,2.5792111110777114,2.380283447227492,123.26,4238900.0,120.94,7849200.0,119.08,6631500.0,83.86683738796413,1.8438895319993431,3.4346657709103168,-0.0007301638812267086,0.0060825282001969894
JNJ,2019-12-27,123.48,123.78,122.93,123.1,123.1,3432700,Healthcare,123.31800000000001,122.072,119.91299999999998,114.615,121.64928474158675,119.12435853693374,2.5249262046530134,2.409211998712596,123.17,3019300.0,122.77,9414700.0,119.38,5012400.0,81.5020862308761,0.2687953083000627,3.1160998492209657,-0.0005683202078429206,0.006209207097668618
JNJ,2019-12-30,123.13,123.48,122.5,122.72,122.72,2923300,Healthcare,123.18799999999999,122.40299999999999,120.24249999999999,114.785,121.81401016595802,119.39070234901271,2.423307816945311,2.4120311623591393,123.1,3432700.0,123.37,14532800.0,119.41,4257200.0,77.1084337349397,-0.5268703898840932,2.771962147223861,-0.003086921202274495,0.006463343045378103
JNJ,2019-12-31,122.56,123.32,122.29,123.21,123.21,4435000,Healthcare,123.09200000000001,122.748,120.602,115.10679999999998,122.02877783273371,119.67361328612289,2.3551645466108226,2.400657839209476,122.72,2923300.0,123.69,6558700.0,119.76,5353100.0,83.00132802124833,-0.38806694154741583,2.8807615230460826,0.003992829204693571,0.0064752365684596445
JNJ,2020-01-02,123.21,123.33,122.54,123.29,123.29,5777000,Healthcare,123.098,122.952,120.974,115.42479999999999,122.22281201231314,119.94149378344711,2.281318228866027,2.376789917140786,123.21,4435000.0,123.26,4238900.0,121.25,10722400.0,81.09305760709012,0.024338796040890287,1.6824742268041204,0.0006492979465952953,0.00554376905266699
JNJ,2020-01-03,121.2,122.78,120.78,121.86,121.86,5752400,Healthcare,122.83599999999998,123.04400000000001,121.18100000000001,115.69460000000001,122.16699477964957,120.08360535504363,2.08338942460594,2.318109818633817,123.29,5777000.0,123.17,3019300.0,120.94,7849200.0,65.69620253164555,-1.0635706746772722,0.7607077889862701,-0.011598669802903805,0.006886890288688899
JNJ,2020-01-06,121.63,121.8,120.65,121.71,121.71,7731300,Healthcare,122.55799999999999,122.93800000000002,121.37249999999999,115.9496,122.09668789047271,120.20407903244781,1.8926088580249,2.2330096265120334,121.86,5752400.0,123.1,3432700.0,122.77,9414700.0,64.33915211970069,-1.1291632818846487,-0.863403111509331,-0.0012309207287051205,0.004692196079254959
JNJ,2020-01-07,121.63,122.85,119.41,122.45,122.45,7382900,Healthcare,122.50399999999999,122.846,121.56649999999999,116.25959999999999,122.15104359963075,120.37044354856279,1.7806000510679638,2.1425277114232197,121.71,7731300.0,122.72,2923300.0,123.37,14532800.0,65.99286563614739,-0.220013037809641,-0.7457242441436307,0.006080026292005769,0.004866373128350667
JNJ,2020-01-08,122.36,123.3,121.37,122.44,122.44,6605800,Healthcare,122.35,122.721,121.755,116.55519999999999,122.19549843045678,120.52374402644703,1.6717544040097465,2.0483730499405253,122.45,7382900.0,123.21,4435000.0,123.69,6558700.0,58.58585858585853,-0.624949273597919,-1.0105909936130697,-8.166598611680786e-05,0.004734631545949989
JNJ,2020-01-09,123.11,123.34,122.46,122.8,122.8,6112700,Healthcare,122.252,122.675,121.98299999999999,116.844,122.28849867192497,120.69235558004354,1.59614309188143,1.9579270583287063,122.44,6605800.0,123.29,5777000.0,123.26,4238900.0,63.32378223495695,-0.3974369373022979,-0.3731948726269696,0.0029402156158118142,0.004796888321408508
JNJ,2020-01-10,123.1,123.47,122.39,122.52,122.52,5042600,Healthcare,122.38399999999999,122.61000000000001,122.155,117.12819999999999,122.32411426085959,120.82773664818846,1.4963776126711252,1.8656171691971903,122.8,6112700.0,121.86,5752400.0,123.17,3019300.0,47.69797421731125,0.5416051206302397,-0.5277259072826168,-0.0022801302931596545,0.004834945099612443
JNJ,2020-01-13,122.88,123.14,122.23,123.06,123.06,4593200,Healthcare,122.654,122.606,122.33899999999998,117.3608,122.43732745149657,120.9930894890634,1.4442379624331778,1.781341327844388,122.52,5042600.0,121.71,7731300.0,123.1,3432700.0,47.11359404096834,1.109193985703727,-0.032493907392361354,0.004407443682664214,0.0050791089144276175
JNJ,2020-01-14,122.51,123.83,122.24,123.75,123.75,7037500,Healthcare,122.91399999999999,122.70899999999999,122.556,117.6206,122.63927707434325,121.19730508246612,1.4419719918771392,1.7134674606509381,123.06,4593200.0,122.45,7382900.0,122.72,2923300.0,50.52264808362371,1.0616578195181692,0.8393089960886613,0.005607020965382681,0.005237575711504033
JNJ,2020-01-15,123.65,124.5,123.52,124.17,124.17,4960300,Healthcare,123.25999999999999,122.80500000000002,122.77649999999998,117.90299999999999,122.87477290905969,121.41750470598714,1.4572682030725446,1.6622276091352595,123.75,7037500.0,122.44,6605800.0,123.21,4435000.0,57.940663176265176,1.4129369487095644,0.7791575359143099,0.0033939393939395046,0.0052009233816072906
JNJ,2020-01-16,124.51,125.71,123.48,125.17,125.17,6476000,Healthcare,123.734,122.99299999999998,122.9725,118.2216,123.22788476920437,121.69546732035846,1.532417448845905,1.6362655770773886,124.17,4960300.0,122.8,6112700.0,123.29,5777000.0,65.06024096385532,1.9299674267100997,1.524860085976143,0.00805347507449472,0.005683528169993448
JNJ,2020-01-17,125.35,126.2,124.95,125.99,125.99,9083600,Healthcare,124.428,123.40599999999999,123.225,118.5534,123.65282557394215,122.01358085218376,1.6392447217583879,1.6368614060135886,125.17,6476000.0,122.52,5042600.0,121.86,5752400.0,69.55345060893092,2.8321906627489346,3.3891350730346215,0.006551090516897062,0.0035065663121207308
JNJ,2020-01-21,125.49,126.84,125.43,126.08,126.08,9543900,Healthcare,125.032,123.843,123.3905,118.87799999999999,124.02623702410489,122.31479708535534,1.7114399387495496,1.651777112560781,125.99,9083600.0,123.06,4593200.0,121.71,7731300.0,73.66197183098579,2.4540874370225785,3.590502012981678,0.0007143424081277328,0.0032705872361202984
JNJ,2020-01-22,123.91,126.0,123.32,125.22,125.22,10305300,Healthcare,125.326,124.11999999999998,123.48299999999999,119.17739999999999,124.20989286655029,122.52999730125494,1.6798955652953538,1.6574008031076957,126.08,9543900.0,123.75,7037500.0,122.45,7382900.0,63.453815261044134,1.1878787878787822,2.2621478154348784,-0.006821065989847663,0.004478219588860167
JNJ,2020-01-23,125.04,125.66,123.96,125.45,125.45,8671900,Healthcare,125.582,124.42099999999998,123.571,119.45519999999999,124.40067857938871,122.74629379745828,1.6543847819304318,1.656797598872243,125.22,10305300.0,124.17,4960300.0,122.44,6605800.0,64.17322834645661,1.030844809535325,2.4583469454426687,0.0018367672895704956,0.00440784649156981
JNJ,2020-01-24,125.49,125.81,124.95,125.28,125.28,9051900,Healthcare,125.604,124.66899999999998,123.672,119.7466,124.53595879794429,122.9339757383873,1.6019830595569857,1.6458346910091917,125.45,8671900.0,125.17,6476000.0,122.8,6112700.0,76.8867924528301,0.08788048254373404,2.0195439739413734,-0.0013551215623754942,0.004560365458843382
JNJ,2020-01-27,124.6,126.24,124.16,125.64,125.64,7587100,Healthcare,125.53400000000002,124.981,123.79549999999999,120.0558,124.70581129056825,123.13442197998825,1.5713893105800025,1.6309456149233539,125.28,9051900.0,125.99,9083600.0,122.52,5042600.0,79.90867579908671,-0.2777998253829628,2.5465230166503483,0.002873563218390718,0.004305666367564517
JNJ,2020-01-28,125.39,127.18,125.13,126.27,126.27,7336600,Healthcare,125.572,125.30199999999999,123.95400000000002,120.37899999999999,124.94645570740391,123.36668701850763,1.57976868889628,1.6207102297179392,125.64,7587100.0,126.08,9543900.0,123.06,4593200.0,79.56656346749217,0.1506979695431454,2.6084836665041466,0.005014326647564404,0.0043392753836583664
JNJ,2020-01-29,126.23,127.7,125.96,127.15,127.15,6288600,Healthcare,125.958,125.64200000000001,124.17549999999999,120.725,125.28546252164946,123.6469324245441,1.6385300971053596,1.6242742031954234,126.27,7336600.0,125.22,10305300.0,123.75,7037500.0,82.12824010914052,1.541287334291641,2.747474747474743,0.006969192999128904,0.004464200663533292
JNJ,2020-01-30,126.72,127.12,125.89,127.0,127.0,6470600,Healthcare,126.268,125.925,124.36499999999998,121.00119999999998,125.54923751831879,123.8953078005038,1.6539297178149894,1.6302053061193367,127.15,6288600.0,125.45,8671900.0,124.17,4960300.0,79.49438202247185,1.235552012754093,2.2791334460819934,-0.0011797090051121062,0.004619420436560627
JNJ,2020-01-31,126.48,126.69,125.55,125.74,125.74,8651700,Healthcare,126.35999999999999,125.98200000000001,124.4875,121.25399999999999,125.5785855924236,124.03195166713314,1.5466339252904504,1.6134910299535594,127.0,6470600.0,125.28,9051900.0,125.17,6476000.0,69.87654320987649,0.3671775223499374,0.4553806822721107,-0.00992125984251968,0.005525350158154385
JNJ,2020-02-03,126.2,127.11,126.05,126.84,126.84,5765200,Healthcare,126.6,126.06700000000001,124.73649999999998,121.529,125.77264934743535,124.2399552473455,1.5326941000898415,1.597331643980816,125.74,8651700.0,125.64,7587100.0,125.99,9083600.0,71.82448036951496,0.9551098376313405,0.6746567187872143,0.008748210593287897,0.005829424198620771
JNJ,2020-02-04,127.95,129.02,127.71,128.05,128.05,6541400,Healthcare,126.95599999999999,126.26399999999998,125.05350000000001,121.80940000000001,126.12301098629145,124.52218078457918,1.6008302017122702,1.5980313555271068,126.84,5765200.0,126.27,7336600.0,126.08,9543900.0,73.42047930283222,1.409677674823806,1.5625,0.009539577420372147,0.006467029710617754
JNJ,2020-02-05,128.15,130.09,127.8,130.06,130.06,5979900,Healthcare,127.53800000000001,126.748,125.434,122.1216,126.72870160378507,124.9323896153511,1.7963119884339704,1.6376874821084797,128.05,6541400.0,127.15,6288600.0,125.22,10305300.0,77.34447539461462,2.2886354699174216,3.8651972528350065,0.015696993361967948,0.007108974989893636
JNJ,2020-02-06,130.28,130.49,129.01,129.68,129.68,6201200,Healthcare,128.074,127.171,125.796,122.3988,127.18274751089507,125.28406445865843,1.8986830522366347,1.6898865961341107,130.06,5979900.0,127.0,6470600.0,125.45,8671900.0,72.21674876847288,2.110236220472439,3.3718612993224317,-0.0029217284330308457,0.007409547468218877
JNJ,2020-02-07,129.52,129.62,128.0,128.29,128.29,5700300,Healthcare,128.584,127.47200000000001,126.07050000000001,122.6472,127.35309404768044,125.50672635060965,1.8463676970707894,1.7211828163214467,129.68,6201200.0,125.74,8651700.0,125.28,9051900.0,60.727611940298445,2.0279942738985257,2.402618135376744,-0.010718692165330168,0.008570410954395896
JNJ,2020-02-10,128.11,128.31,127.45,128.27,128.27,4835600,Healthcare,128.86999999999998,127.73499999999999,126.35800000000002,122.89540000000001,127.49415650188345,125.71141328760153,1.782743214281922,1.7334948959135419,128.29,5700300.0,126.84,5765200.0,125.64,7587100.0,60.28169014084511,1.1274046042258012,2.093282394141993,-0.00015589679632066478,0.008605676135443243
JNJ,2020-02-11,128.63,128.7,127.99,128.37,128.37,3715300,Healthcare,128.93400000000003,127.94500000000001,126.6235,123.1358,127.62890165543985,125.90834563666809,1.7205560187717595,1.7309071204851856,128.27,4835600.0,128.05,6541400.0,126.27,7336600.0,65.92517694641052,0.24990238188207226,1.6631028747921217,0.0007796055196069851,0.008550737179156524
JNJ,2020-02-12,128.27,128.51,127.47,127.61,127.61,5166800,Healthcare,128.44400000000002,127.99099999999999,126.81650000000002,123.3654,127.6259937084491,126.034394108026,1.5915996004230948,1.7030456164727674,128.37,3715300.0,130.06,5979900.0,127.15,6288600.0,60.36468330134354,-1.8837459634015064,0.36177742823435555,-0.00592038638311132,0.00863652260056329
JNJ,2020-02-13,126.83,127.57,126.59,126.77,126.77,5480200,Healthcare,127.862,127.96799999999999,126.94650000000001,123.58040000000001,127.4943023686877,126.08888343335741,1.4054189353302888,1.6435202802442719,127.61,5166800.0,129.68,6201200.0,127.0,6470600.0,56.71776375112711,-2.2439851943244937,-0.18110236220473253,-0.006582556226001124,0.00891060329568542
JNJ,2020-02-14,127.17,127.23,125.98,126.8,126.8,5716300,Healthcare,127.56400000000001,128.074,127.02799999999999,123.7994,127.38748661965882,126.14155873459019,1.2459278850686246,1.5640018012091426,126.77,5480200.0,128.29,5700300.0,125.74,8651700.0,55.39033457249068,-1.1614311325902182,0.8430093844440822,0.00023664904945963627,0.008224990426283475
JNJ,2020-02-18,127.09,127.32,125.9,125.97,125.97,7230700,Healthcare,127.104,127.98700000000001,127.027,123.96439999999998,127.16941175509592,126.1288506801761,1.0405610749198217,1.4593136559512785,126.8,5716300.0,128.27,4835600.0,126.84,5765200.0,48.631386861313885,-1.7930926950962878,-0.6859035004730396,-0.006545741324921139,0.008016622734192458
JNJ,2020-02-19,126.03,126.49,125.49,125.8,125.8,6115200,Healthcare,126.59,127.76200000000001,127.01299999999999,124.12279999999998,126.95873302354269,126.10449137053342,0.854241653009268,1.3382992553628763,125.97,7230700.0,128.37,3715300.0,128.05,6541400.0,43.414634146341434,-2.0020253953416,-1.7571261226083656,-0.0013495276653171517,0.0071724783239884085
JNJ,2020-02-20,125.52,126.17,124.5,125.32,125.32,7464700,Healthcare,126.13199999999999,127.28799999999998,127.018,124.25779999999999,126.70662025068997,126.04638089864207,0.6602393520478955,1.2026872746998802,125.8,6115200.0,127.61,5166800.0,130.06,5979900.0,42.06049149338372,-1.7945302092312598,-3.644471782254355,-0.003815580286168574,0.00372481245178548
JNJ,2020-02-21,125.08,126.9,124.62,126.63,126.63,7776800,Healthcare,126.104,126.98299999999999,127.077,124.41699999999999,126.69483251981458,126.0896119431871,0.6052205766274881,1.0831939350854018,125.32,7464700.0,126.77,5480200.0,129.68,6201200.0,54.1862652869238,-0.1104362230811673,-2.3519432449105593,0.010453239706351702,0.005837342640094382
JNJ,2020-02-24,124.53,126.65,123.46,124.03,124.03,10588900,Healthcare,125.55,126.55700000000002,127.0145,124.53280000000001,126.28485828599696,125.9370480955436,0.3478101904533588,0.9361171861589933,126.63,7776800.0,126.8,5716300.0,128.29,5700300.0,38.417147568013185,-2.1845425867507817,-3.32060176163379,-0.02053225933822944,0.007869538442120284
JNJ,2020-02-25,124.09,124.74,122.26,122.95,122.95,10529000,Healthcare,124.946,126.025,126.88,124.6102,125.77180316507435,125.71578527365149,0.056017891422854404,0.7600973272117656,124.03,10588900.0,125.97,7230700.0,128.27,4835600.0,28.749999999999943,-2.3973962054457343,-4.147501364309669,-0.008707570749012294,0.007948937040427883
JNJ,2020-02-26,123.55,124.29,122.05,122.13,122.13,10093800,Healthcare,124.21199999999999,125.401,126.67299999999997,124.6652,125.21152575506291,125.45017154967731,-0.23864579461439916,0.5603487028465326,122.95,10529000.0,125.8,6115200.0,128.37,3715300.0,13.320999074930583,-2.917329093799681,-4.8609488198177235,-0.006669377795852083,0.007777793656601681
JNJ,2020-02-27,121.18,123.06,118.11,118.25,118.25,12566700,Healthcare,122.798,124.465,126.228,124.64200000000001,124.14052179274553,124.91682550896047,-0.7763037162149402,0.293018219034238,122.13,10093800.0,125.32,7464700.0,127.61,5166800.0,10.06289308176099,-5.64155761251196,-7.3348483661155095,-0.031769426021452496,0.01152926300074695
JNJ,2020-02-28,115.06,116.7,111.2,114.31,114.31,19820300,Healthcare,120.33399999999999,123.21900000000001,125.59350000000002,124.53299999999999,122.62813382463084,124.13113473051895,-1.5030009058881149,-0.06618560595023257,118.25,12566700.0,126.63,7776800.0,126.77,5480200.0,8.540925266903912,-9.729132117191819,-9.828823854224177,-0.03331923890063426,0.01409930166853623
JNJ,2020-03-02,114.56,119.11,113.91,119.02,119.02,11508200,Healthcare,119.33200000000002,122.44099999999999,125.25750000000001,124.4884,122.07303631314917,123.75253215788793,-1.679495844738753,-0.38884765370793667,114.31,19820300.0,124.03,10588900.0,126.8,5716300.0,28.53828306264498,-4.039345319680732,-6.135646687697161,0.04120374420435646,0.021486062830215244
JNJ,2020-03-03,119.0,119.84,113.14,115.25,115.25,13662500,Healthcare,117.792,121.36899999999999,124.67800000000003,124.37460000000002,121.02333841881853,123.12271496100735,-2.0993765421888213,-0.7309534314041136,119.02,11508200.0,122.95,10529000.0,125.97,7230700.0,23.988897700237885,-6.262708418056118,-8.50996268952925,-0.031675348680893944,0.022962162329812002
JNJ,2020-03-04,117.03,122.1,116.57,121.96,121.96,10560500,Healthcare,117.758,120.98499999999999,124.3735,124.3584,121.16744020053875,123.03658792685864,-1.8691477263198948,-0.9585922903872699,115.25,13662500.0,122.13,10093800.0,125.8,6115200.0,40.93679820340069,-0.13919593875378888,-3.0524642289348147,0.058221258134490084,0.031278590488228016
JNJ,2020-03-05,119.68,121.28,118.87,120.71,120.71,11339200,Healthcare,118.25,120.524,123.90599999999999,124.3052,121.09706478507125,122.86424808042466,-1.767183295353405,-1.120310491380497,121.96,10560500.0,118.25,12566700.0,125.32,7464700.0,40.40531982267257,2.0803382663847625,-3.6785828279604194,-0.010249262053132147,0.03137100700645815
JNJ,2020-03-06,117.71,121.56,116.8,120.73,120.73,12239100,Healthcare,119.53399999999999,119.93400000000001,123.45849999999999,124.24600000000001,121.04059327967568,122.70615563002283,-1.6655623503471588,-1.2293608631738295,120.71,11339200.0,114.31,19820300.0,126.63,7776800.0,40.38644282546723,5.616306534861337,-4.659243465213603,0.00016568635572866697,0.03103661941454348
JNJ,2020-03-09,115.88,118.73,114.67,115.98,115.98,13848600,Healthcare,118.926,119.12899999999999,122.84299999999999,124.10040000000001,120.26204046741788,122.20792187965077,-1.9458814122328931,-1.3726649729856422,120.73,12239100.0,119.02,11508200.0,124.03,10588900.0,35.92561284868978,-2.55419257267685,-6.490365234217521,-0.03934399072310113,0.03265544755279166
JNJ,2020-03-10,118.98,120.66,114.1,120.4,120.4,12698100,Healthcare,119.95599999999999,118.874,122.44949999999999,124.045,120.28326501089205,122.07400174041737,-1.790736729525321,-1.4562793242935779,115.98,13848600.0,115.25,13662500.0,122.95,10529000.0,43.20583794665326,4.468546637744031,-2.074013826758847,0.03811001896878774,0.03549123429107855
JNJ,2020-03-11,117.38,117.94,111.78,112.03,112.03,17763400,Healthcare,117.97,117.86399999999999,121.63250000000001,123.82359999999998,119.01353193229328,121.33000161149756,-2.316469679204289,-1.6283173952757202,120.4,12698100.0,121.96,10560500.0,122.13,10093800.0,36.048708796976705,-8.142013775008195,-8.269876361254392,-0.06951827242524922,0.04154959154090922
JNJ,2020-03-12,108.22,113.7,105.83,106.6,106.6,21539200,Healthcare,115.148,116.699,120.582,123.50120000000001,117.10375778886353,120.23889038101626,-3.135132592152729,-1.929680434651122,112.03,17763400.0,120.71,11339200.0,118.25,12566700.0,30.647342995169083,-11.689172396653136,-9.852008456659622,-0.048469160046416215,0.042931848022533345
JNJ,2020-03-13,109.92,114.68,105.95,114.15,114.15,20084200,Healthcare,113.83200000000002,116.68299999999999,119.951,123.32,116.64933351365376,119.78786146390394,-3.138527950250179,-2.1714499377709333,106.6,21539200.0,120.73,12239100.0,114.31,19820300.0,41.28747795414463,-5.4501780833264295,-0.13997025632053184,0.07082551594746733,0.048746394590149934
JNJ,2020-03-16,105.04,113.7,104.07,108.06,108.06,18877900,Healthcare,112.248,115.58700000000002,119.01400000000001,123.01540000000001,115.32789758847625,118.91913098509625,-3.591233396619998,-2.4554066295407466,114.15,20084200.0,115.98,13848600.0,119.02,11508200.0,37.935504780424566,-6.8287635799275765,-9.208536380440258,-0.053350854139290416,0.04923381242869945
JNJ,2020-03-17,109.27,116.26,108.64,116.1,116.1,18911800,Healthcare,111.388,115.672,118.5205,122.9002,115.44668257486451,118.7103064676817,-3.2636238928171935,-2.617050082196036,108.06,18877900.0,120.4,12698100.0,115.25,13662500.0,45.62599738865515,-3.571428571428581,0.7375271149674623,0.07440310938367567,0.05480502139940282
JNJ,2020-03-18,111.37,115.32,109.41,114.72,114.72,17521100,Healthcare,111.926,114.94800000000001,117.9665,122.76039999999999,115.33488525565458,118.4147282108164,-3.0798429551618227,-2.7096086567891935,116.1,18911800.0,112.03,17763400.0,121.96,10560500.0,47.3430678910131,2.4011425511023754,-5.936372581174155,-0.011886304909560663,0.05119021137682412
JNJ,2020-03-19,114.74,114.74,107.23,107.99,107.99,18482300,Healthcare,112.204,113.676,117.1,122.4712,114.2049029086308,117.64252612112631,-3.4376232124955095,-2.855211567930457,114.72,17521100.0,106.6,21539200.0,120.71,11339200.0,45.43484542039873,1.3039399624765524,-10.537652224339322,-0.058664574616457466,0.0539634799606438
JNJ,2020-03-20,107.81,108.33,100.41,101.91,101.91,19785100,Healthcare,109.756,111.79400000000001,115.86399999999999,122.06060000000001,112.31337938422605,116.47715381585769,-4.163774431631637,-3.1169241406706933,107.99,18482300.0,114.15,20084200.0,120.73,12239100.0,37.88071964867545,-10.72273324572931,-15.588503271763443,-0.05630150939901846,0.05573329152922152
JNJ,2020-03-23,99.45,100.78,92.79,94.47,94.47,20815200,Healthcare,107.03799999999998,109.64299999999999,114.38600000000001,121.494,109.56824409434512,114.8469942739423,-5.278750179597182,-3.5492893484559915,101.91,19785100.0,108.06,18877900.0,115.98,13848600.0,36.00861836789658,-12.57634647418101,-18.546301086394212,-0.07300559317044453,0.05829642423217283
JNJ,2020-03-24,100.95,101.7,96.78,101.3,101.3,17604800,Healthcare,104.078,107.73299999999999,113.30349999999999,121.0696,108.29620654136895,113.84351321661325,-5.5473066752443,-3.9488928138136536,94.47,20815200.0,116.1,18911800.0,120.4,12698100.0,36.11185802635117,-12.747631352282518,-15.863787375415283,0.07229808404784577,0.06283002862563375
JNJ,2020-03-25,101.08,105.37,99.2,101.49,101.49,13986100,Healthcare,101.43199999999999,106.679,112.27150000000002,120.6382,107.2490978426968,112.92843816353079,-5.679340320833987,-4.2949823152177204,101.3,17604800.0,114.72,17521100.0,112.03,17763400.0,36.89307146753956,-11.532426778242677,-9.408194233687405,0.0018756169792695232,0.05998494716010556
JNJ,2020-03-26,102.49,108.04,102.32,107.59,107.59,15066800,Healthcare,101.352,106.77799999999999,111.7385,120.315,107.30154432843575,112.53299829956555,-5.231453971129795,-4.482276646400136,101.49,13986100.0,107.99,18482300.0,106.6,21539200.0,41.72544080604534,-0.3704046670988004,0.928705440900579,0.0601044437875653,0.06169350777381601
JNJ,2020-03-27,103.4,108.48,102.49,104.69,104.69,12133200,Healthcare,101.908,105.832,111.25749999999998,119.92540000000001,106.89976827790717,111.9520354625607,-5.05226718465353,-4.596274754050815,107.59,15066800.0,101.91,19785100.0,114.15,20084200.0,42.72082527401676,2.727897164164461,-8.28734121769602,-0.02695417789757415,0.05727445430393627
JNJ,2020-03-30,109.19,113.89,108.38,113.06,113.06,21754000,Healthcare,105.626,106.332,110.95949999999998,119.6832,107.84749623515222,112.03410690977843,-4.186610674626209,-4.514341938165894,104.69,12133200.0,94.47,20815200.0,108.06,18877900.0,45.49693251533743,19.67820472107549,4.6270590412733625,0.07995032954436909,0.06073422034134231
JNJ,2020-03-31,114.74,115.36,110.54,111.46,111.46,15746100,Healthcare,107.65799999999999,105.86800000000001,110.76999999999998,119.3926,108.4032660451288,111.99158047201706,-3.5883144268882603,-4.3291364359103675,113.06,21754000.0,101.3,17604800.0,116.1,18911800.0,49.61862705740666,10.02961500493582,-3.9965546942291152,-0.014151777817088318,0.05594932769762011
JNJ,2020-04-01,108.55,110.7,106.68,109.49,109.49,12606100,Healthcare,109.258,105.345,110.14649999999999,119.0608,108.57045588433975,111.8062782148306,-3.2358223304908478,-4.110473614826464,111.46,15746100.0,101.49,13986100.0,114.72,17521100.0,52.027501052336184,7.882550004926592,-4.558926080892611,-0.017674502063520503,0.056085003796628674
JNJ,2020-04-02,109.75,113.9,108.14,113.18,113.18,11594500,Healthcare,110.376,105.86399999999999,109.77000000000001,118.82,109.27961651751825,111.9080353841024,-2.6284188665841555,-3.8140626651780023,109.49,12606100.0,107.59,15066800.0,107.99,18482300.0,49.28052217771844,5.1956501533599875,4.806000555607004,0.033701707918531554,0.053491106809634086
JNJ,2020-04-03,112.52,114.57,111.84,114.05,114.05,10071200,Healthcare,112.248,107.078,109.436,118.59200000000001,110.01352166866928,112.06669942972445,-2.053177761055167,-3.4618856843534354,113.18,11594500.0,104.69,12133200.0,101.91,19785100.0,54.81588679852066,8.940682013563862,11.91247178883328,0.007686870471814711,0.04883716347410325
JNJ,2020-04-06,116.46,119.83,115.21,118.8,118.8,14994400,Healthcare,113.396,109.511,109.577,118.4624,111.36528756579708,112.56546243493004,-1.2001748691329652,-3.0095435213093418,114.05,10071200.0,113.06,21754000.0,94.47,20815200.0,52.29202037351443,5.076950291880422,25.754207684979356,0.041648399824638416,0.03903885788682791
JNJ,2020-04-07,118.88,120.73,116.67,116.86,116.86,11567100,Healthcare,114.476,111.06700000000001,109.4,118.2868,112.21062794028984,112.88357632863892,-0.6729483883490843,-2.5422244947172903,118.8,14994400.0,111.46,15746100.0,101.3,17604800.0,51.79952909519004,4.844787367665537,15.360315893385978,-0.016329966329966306,0.03681446811689147
JNJ,2020-04-08,117.09,122.51,116.71,121.77,121.77,10758200,Healthcare,116.93199999999999,113.095,109.88699999999999,118.1968,113.68130056486063,113.54182993392493,0.13947063093570478,-2.0058854695866914,116.86,11567100.0,109.49,12606100.0,101.49,13986100.0,61.95350451075642,11.215636131153527,19.982264262488926,0.042016087626219445,0.0374097251925235
JNJ,2020-04-09,122.41,123.61,119.24,120.05,120.05,11125400,Healthcare,118.306,114.34099999999998,110.5595,118.0548,114.661100477959,114.02391660548605,0.6371838724729457,-1.477271601174764,121.77,10758200.0,113.18,11594500.0,107.59,15066800.0,67.02327327327328,6.069977027743412,11.581001951854253,-0.014124989734745852,0.035671398815213945
JNJ,2020-04-13,119.0,120.27,117.17,118.81,118.81,8153200,Healthcare,119.258,115.753,110.79249999999999,117.891,115.29939271211916,114.37844130137597,0.9209514107431858,-0.9976269987911741,120.05,11125400.0,114.05,10071200.0,104.69,12133200.0,75.84961767204757,4.173608066637446,13.487439105931799,-0.010329029571012005,0.03402552613364205
JNJ,2020-04-14,123.61,125.31,122.44,124.13,124.13,13838000,Healthcare,120.324,116.85999999999999,111.596,117.85880000000002,116.65794767948545,115.10077898275553,1.5571686967299172,-0.48666785968695586,118.81,8153200.0,118.8,14994400.0,113.06,21754000.0,75.04937458854509,4.486531986531994,9.791261277197938,0.04477737564178086,0.02756850831274906
JNJ,2020-04-15,123.72,125.73,122.01,125.51,125.51,11962300,Healthcare,122.054,118.26499999999999,112.06649999999999,117.83220000000001,118.01980188264153,115.87183239144031,2.1479694912012235,0.04025961049068005,124.13,13838000.0,116.86,11567100.0,111.46,15746100.0,75.68434559452524,7.402019510525415,12.605418984389027,0.011117376943527102,0.026264339485166217
JNJ,2020-04-16,126.07,128.08,124.48,127.22,127.22,12181700,Healthcare,123.144,120.03799999999998,112.69149999999999,117.81559999999999,119.43521697761975,116.71243739948177,2.722779578137974,0.5767636040201389,125.51,11962300.0,121.77,10758200.0,109.49,12606100.0,73.16497521831484,4.4756508171142295,16.19325965841629,0.013624412397418517,0.02407593894720225
JNJ,2020-04-17,129.19,129.46,127.16,129.22,129.22,10920000,Healthcare,124.978,121.64200000000001,113.753,117.79879999999999,120.9405682118321,117.63892351803867,3.3016446937934347,1.1217398219747983,127.22,12181700.0,120.05,11125400.0,113.18,11594500.0,79.57559681697613,7.638483965014586,14.172115214702231,0.01572079861656972,0.02321138395504404
JNJ,2020-04-20,128.29,130.05,127.58,128.92,128.92,12226200,Healthcare,127.0,123.12899999999999,115.10350000000001,117.7836,122.16817310231947,118.47455881299877,3.6936142893207062,1.63611471544398,129.22,10920000.0,118.81,8153200.0,114.05,10071200.0,73.74251497005986,8.509384731924907,13.038141166155182,-0.0023216220399320253,0.023704302014233396
JNJ,2020-04-21,127.6,128.9,126.29,127.23,127.23,9951100,Healthcare,127.62,123.97200000000001,116.7415,117.7624,122.94691570196264,119.1231100120359,3.8238056899267434,2.073652910340533,128.92,12226200.0,124.13,13838000.0,118.8,14994400.0,73.54434159450585,2.4973817771690943,7.095959595959611,-0.01310890474712989,0.022539211406505825
JNJ,2020-04-22,129.89,131.75,128.97,130.04,130.04,11515600,Healthcare,128.526,125.29,118.17850000000001,117.7978,124.03815944012223,119.93176852966286,4.106390910459368,2.4802005103643,127.23,9951100.0,125.51,11962300.0,116.86,11567100.0,79.93009030002915,3.609274161421383,11.27845284956357,0.022085986009588776,0.02134339143610192
JNJ,2020-04-23,131.11,133.45,130.65,132.19,132.19,10665000,Healthcare,129.51999999999998,126.33200000000002,119.7135,117.8742,125.29228875702651,120.83978567561375,4.4525030814127575,2.8746610245739914,130.04,11515600.0,127.22,12181700.0,121.77,10758200.0,78.98749618786216,3.906618456217581,8.557115874189037,0.016533374346354934,0.018561555175585148
JNJ,2020-04-24,132.24,132.86,130.6,131.63,131.63,8653400,Healthcare,130.002,127.48999999999998,120.91550000000002,117.95460000000001,126.26732125594552,121.63906081075348,4.628260445192041,3.2253809086976015,132.19,10665000.0,129.22,10920000.0,120.05,11125400.0,77.06280788177341,1.8650363720786212,9.645980841316115,-0.004236326499735266,0.01745901510608808
JNJ,2020-04-27,131.59,132.64,130.9,131.15,131.15,8924000,Healthcare,130.448,128.724,122.2385,118.0422,127.01850260118466,122.34357482477174,4.674927776412929,3.515290282240667,131.63,8653400.0,128.92,12226200.0,118.81,8153200.0,71.88940092165903,1.729754886751489,10.386331116909364,-0.003646585124971402,0.016733368708326916
JNJ,2020-04-28,128.56,130.14,128.1,128.68,128.68,8558700,Healthcare,130.738,129.179,123.01950000000002,118.07979999999999,127.27411758561779,122.81293965256643,4.46117793305136,3.7044678124028056,131.15,8924000.0,127.23,9951100.0,124.13,13838000.0,70.56367432150317,1.1396683172207878,3.665511963264323,-0.018833396873808583,0.013921451775884122
JNJ,2020-04-29,128.67,128.89,126.79,127.71,127.71,9285200,Healthcare,130.272,129.399,123.83200000000002,118.11460000000001,127.34117641859967,123.17568486348743,4.16549155511224,3.7966725609446925,128.68,8558700.0,130.04,11515600.0,125.51,11962300.0,61.97580645161291,-1.7917563826514882,1.752848378615246,-0.007538078955548699,0.014065298555639977
JNJ,2020-04-30,126.19,127.87,125.09,127.54,127.54,14829600,Healthcare,129.342,129.43099999999998,124.7345,118.1494,127.37176466189203,123.49896746619207,3.8727971956999596,3.811897487895746,127.71,9285200.0,132.19,10665000.0,127.22,12181700.0,66.10752688172047,-3.517663968530138,0.2515327778651155,-0.0013311408660244828,0.013453419861745853
JNJ,2020-05-01,127.18,127.22,124.77,126.05,126.05,7309000,Healthcare,128.226,129.114,125.378,118.164,127.16841625237018,123.68793283906673,3.480483413303446,3.745614672977286,127.54,14829600.0,131.63,8653400.0,129.22,10920000.0,65.40425531914894,-4.239155207779377,-2.453180622194706,-0.011682609377450248,0.012742815337060615
JNJ,2020-05-04,126.46,126.72,125.03,126.03,126.03,7198400,Healthcare,127.202,128.825,125.977,118.152,126.99327529046707,123.86141929543216,3.131855995034911,3.6228629373888115,126.05,7309000.0,131.15,8924000.0,128.92,12226200.0,55.21978021978024,-3.9039268013724815,-2.241700279242931,-0.0001586671955572383,0.012762784365966642
JNJ,2020-05-05,126.65,128.16,126.35,127.08,127.08,6562300,Healthcare,126.88200000000002,128.81,126.391,118.213,127.00661755347214,124.0998326809557,2.9067848725164396,3.479647324414337,126.03,7198400.0,128.68,8558700.0,127.23,9951100.0,54.39283715724677,-1.2433944668946317,-0.11789672247112248,0.008331349678647904,0.01252364854856461
JNJ,2020-05-06,127.5,127.77,125.84,125.87,125.87,6191600,Healthcare,126.51399999999998,128.39299999999997,126.8415,118.2714,126.83175331447643,124.23095618607009,2.6007971284063416,3.3038772852127383,127.08,6562300.0,127.71,9285200.0,130.04,11515600.0,46.113989637305714,-1.4407642314618996,-3.20670562903721,-0.009521561221277897,0.010063862547893362
JNJ,2020-05-07,126.97,127.1,125.06,125.45,125.45,5570500,Healthcare,126.096,127.71899999999998,127.02550000000001,118.33779999999999,126.61917588148005,124.32125572784268,2.2979201536373637,3.1026858588976634,125.87,6191600.0,127.54,14829600.0,132.19,10665000.0,38.062064597846735,-1.6387015838168484,-5.098721537181328,-0.0033367760387701395,0.007320670318623717
JNJ,2020-05-08,126.58,126.8,125.71,126.4,126.4,4712100,Healthcare,126.16600000000001,127.196,127.34299999999999,118.5008,126.5854565150985,124.47523678503953,2.1102197300589722,2.9041926331299255,125.45,5570500.0,126.05,7309000.0,131.63,8653400.0,42.335766423357704,0.2776675922253169,-3.9732583757501994,0.0075727381426864415,0.008369850416613133
JNJ,2020-05-11,126.18,127.59,125.9,126.75,126.75,5887500,Healthcare,126.30999999999999,126.756,127.73999999999998,118.74960000000002,126.61077089739103,124.64373776392549,1.9670331334655486,2.7167607331970505,126.4,4712100.0,126.03,7198400.0,131.15,8924000.0,48.41059602649005,0.5712925493930099,-3.3549370949294777,0.002768987341772,0.008642617896208758
JNJ,2020-05-12,127.59,127.79,124.98,125.07,125.07,7039200,Healthcare,125.90799999999999,126.39500000000001,127.78699999999999,118.8706,126.37372922086934,124.67531274437545,1.6984164764938896,2.5130918818564183,126.75,5887500.0,127.08,6562300.0,128.68,8558700.0,32.2118826055834,-1.5816808309726205,-2.8054087659310056,-0.0132544378698225,0.0076576694959661126
JNJ,2020-05-13,124.17,126.61,124.11,125.06,125.06,6970500,Healthcare,125.74600000000001,126.13,127.7645,119.0668,126.17161703304328,124.70380809664393,1.4678089363993507,2.304035292765005,125.07,7039200.0,125.87,6191600.0,127.71,9285200.0,19.864750633981387,-0.6435210931913904,-2.0750137029206694,-7.995522507386887e-05,0.0075082920533462855
JNJ,2020-05-14,123.58,125.6,122.62,125.5,125.5,6871400,Healthcare,125.756,125.926,127.67849999999999,119.1376,126.068291335652,124.76278527467029,1.3055060609817133,2.1043294464083466,125.06,6970500.0,125.45,5570500.0,127.54,14829600.0,23.82578992314258,0.03985651654045963,-1.5994981966442001,0.003518311210618963,0.007715021049645463
JNJ,2020-05-15,125.69,127.91,123.81,127.88,127.88,10340400,Healthcare,126.05199999999999,126.109,127.6115,119.28099999999999,126.3470157455517,124.99369006913916,1.3533256764125383,1.954128692409185,125.5,6871400.0,126.4,4712100.0,126.05,7309000.0,37.98677443056571,1.1708860759493511,1.4518048393494576,0.01896414342629482,0.00920164207345408
JNJ,2020-05-18,129.62,130.58,127.89,127.94,127.94,7388400,Healthcare,126.28999999999999,126.3,127.5625,119.4252,126.59209024623605,125.21193524920292,1.3801549970331308,1.839333953333974,127.88,10340400.0,126.75,5887500.0,126.03,7198400.0,46.69642857142853,0.9388560157790993,1.5155121796397664,0.00046918986549893127,0.009191351727699361
JNJ,2020-05-19,127.59,128.44,126.14,126.67,126.67,6107300,Healthcare,126.60999999999999,126.25899999999999,127.53450000000001,119.639,126.60407636219975,125.31994004555827,1.2841363166414794,1.7282944259954753,127.94,7388400.0,125.07,7039200.0,127.08,6562300.0,45.47826086956523,1.2792836011833453,-0.32263141328296996,-0.00992652806002814,0.009501281527401793
JNJ,2020-05-20,127.29,127.83,125.18,125.53,125.53,5713400,Healthcare,126.704,126.225,127.309,119.7416,126.43883384493826,125.33550004218358,1.1033338027546762,1.6033023013473158,126.67,6107300.0,125.06,6970500.0,125.87,6191600.0,41.94065757818762,0.3758196065888342,-0.2701199650433028,-0.008999763164127317,0.009446177628975505
JNJ,2020-05-21,126.23,126.23,123.95,124.71,124.71,6487300,Healthcare,126.546,126.151,126.93499999999999,119.99520000000001,126.17285940725544,125.28916670572553,0.8836927015299096,1.4593803813838346,125.53,5713400.0,125.5,6871400.0,125.45,5570500.0,44.32203389830506,-0.62948207171315,-0.5898764447987315,-0.006532303035131082,0.009615471669937611
JNJ,2020-05-22,123.74,125.21,123.3,123.57,123.57,6140900,Healthcare,125.684,125.86800000000001,126.532,120.3346,125.77241949844691,125.16182102381994,0.6105984746269684,1.2896240000324615,124.71,6487300.0,127.88,10340400.0,126.4,4712100.0,40.47987616099067,-3.3703472005004675,-2.2389240506329178,-0.009141207601635837,0.009498604066236321
JNJ,2020-05-26,125.12,125.34,123.51,123.73,123.73,7072300,Healthcare,124.84200000000001,125.56599999999999,126.16100000000002,120.5262,125.45820111407046,125.05576020724068,0.4024409068297814,1.1121873813919256,123.57,6140900.0,127.94,7388400.0,126.75,5887500.0,36.076475477971755,-3.290604971080191,-2.3826429980276065,0.0012948126567937646,0.009423693002219576
JNJ,2020-05-27,123.52,124.32,122.4,124.01,124.01,7950000,Healthcare,124.31000000000002,125.46000000000001,125.92749999999998,120.8452,125.235400942675,124.97829648818582,0.2571044544891805,0.9411707960113767,123.73,7072300.0,126.67,6107300.0,125.07,7039200.0,41.62162162162163,-2.0999447382963554,-0.8475253857839538,0.0022629919987069425,0.008680312441702025
JNJ,2020-05-28,124.98,126.77,124.8,125.79,125.79,6189600,Healthcare,124.362,125.53300000000002,125.83149999999998,121.039,125.32072387457114,125.03842267424614,0.2823012003250085,0.8093968768741031,124.01,7950000.0,125.53,5713400.0,125.06,6970500.0,51.36436597110755,0.2071218035529343,0.5837198144890587,0.014353681154745557,0.009926981478434977
JNJ,2020-05-29,126.64,127.83,124.39,127.32,127.32,8504000,Healthcare,124.88400000000001,125.715,125.8205,121.291,125.62830481694482,125.20742840207976,0.420876414865063,0.7316927844722951,125.79,6189600.0,124.71,6487300.0,125.5,6871400.0,53.52760736196315,2.0928554245850384,1.4501992031872524,0.012163129024564734,0.010562856785157325
JNJ,2020-06-01,126.07,126.96,124.97,125.98,125.98,6141800,Healthcare,125.36600000000001,125.525,125.81700000000001,121.6508,125.68241176818407,125.26465592785162,0.41775584033244684,0.6689053956443256,127.32,8504000.0,123.57,6140900.0,127.88,10340400.0,47.25588025659303,1.9503115642955482,-1.4857679074131935,-0.010524662268300289,0.009166733276801039
JNJ,2020-06-02,125.87,126.97,125.06,126.89,126.89,6078300,Healthcare,125.998,125.41999999999999,125.85999999999999,122.15039999999999,125.86819457307882,125.38505178504779,0.4831427880310315,0.6317528741216669,125.98,6141800.0,123.73,7072300.0,127.94,7388400.0,56.862745098039255,2.553948112826321,-0.8206972018133474,0.007223368788696671,0.009564704162627731
JNJ,2020-06-03,127.12,127.65,125.35,127.23,127.23,6339500,Healthcare,126.64200000000001,125.476,125.86749999999999,122.80560000000001,126.07770310029747,125.521714615785,0.5559884845124685,0.6165999961998273,126.89,6078300.0,124.01,7950000.0,126.67,6107300.0,57.983811626195745,2.5965647931618374,0.4420936291150257,0.0026794861691228355,0.009042103760375534
JNJ,2020-06-04,125.65,126.99,124.6,125.59,125.59,8170500,Healthcare,126.602,125.48200000000001,125.85350000000001,123.2914,126.00267185409787,125.52677279239352,0.4758990617043537,0.5884598093007326,127.23,6339500.0,125.79,6189600.0,125.53,5713400.0,50.30425963488845,-0.15899515064791148,0.04779733928144125,-0.012890041656841933,0.009563817911506794
JNJ,2020-06-05,126.41,128.08,125.48,126.07,126.07,9725400,Healthcare,126.352,125.61800000000001,125.8845,123.78300000000002,126.0130300303905,125.5670118448088,0.4460181855816927,0.5599714845569246,125.59,8170500.0,127.32,8504000.0,124.71,6487300.0,42.9790535298681,-0.9817781966698136,1.0905300296688347,0.003821960347161424,0.009324837334053565
JNJ,2020-06-08,124.86,126.34,124.74,125.62,125.62,7555600,Healthcare,126.28,125.82300000000001,125.84550000000002,124.1436,125.95256387186888,125.57093689334148,0.38162697852739313,0.5243025833510183,126.07,9725400.0,125.98,6141800.0,123.57,6140900.0,41.26506024096386,-0.28575964438799506,1.6589787165169678,-0.0035694455461250385,0.00879468836876727
JNJ,2020-06-09,126.89,127.81,124.66,124.93,124.93,8247200,Healthcare,125.888,125.94299999999998,125.75450000000001,124.5484,125.79524635311982,125.52346008642729,0.2717862666925299,0.4737993200193207,125.62,7555600.0,126.89,6078300.0,123.73,7072300.0,43.14960629921261,-1.5446449680825869,0.9698537137315055,-0.005492755930584292,0.009084985078372366
JNJ,2020-06-10,125.48,128.41,125.48,126.5,126.5,10137100,Healthcare,125.742,126.19199999999998,125.826,124.81720000000001,125.9036699911014,125.59579637632156,0.30787361477983666,0.4406141789714239,124.93,8247200.0,127.23,6339500.0,124.01,7950000.0,53.6938309215537,-0.5737640493594265,2.0079025885009205,0.012567037541022952,0.009799996308342954
JNJ,2020-06-11,127.17,127.68,120.47,120.57,120.57,11913300,Healthcare,124.73800000000001,125.67,125.60150000000002,124.99940000000001,125.08310537708579,125.2235151632607,-0.14040978617491362,0.3244093859421564,126.5,10137100.0,125.59,8170500.0,125.79,6189600.0,38.65131578947366,-3.997133529739638,-4.149773431910342,-0.04687747035573131,0.01741611771966033
JNJ,2020-06-12,122.26,123.0,120.07,121.67,121.67,8687400,Healthcare,123.85799999999999,125.10499999999999,125.41000000000001,125.24300000000001,124.55801224214952,124.96029181783399,-0.40227957568447437,0.17907159361683028,120.57,11913300.0,126.07,9725400.0,127.32,8504000.0,44.7802197802198,-3.4901245339890474,-4.4376374489475285,0.009123330845152156,0.017125013050943848
JNJ,2020-06-15,120.68,121.88,119.3,120.9,120.9,8649600,Healthcare,122.91400000000002,124.59700000000001,125.06099999999999,125.3974,123.99524112797266,124.6595294609574,-0.6642883329847393,0.010399608296516372,121.67,8687400.0,125.62,7555600.0,125.98,6141800.0,42.477405635300364,-3.7573634771533193,-4.032386093030638,-0.006328593737157884,0.01700911815564467
JNJ,2020-06-16,123.33,124.47,122.2,123.64,123.64,7579100,Healthcare,122.65599999999999,124.27199999999998,124.846,125.5892,123.94058864674611,124.58400876014575,-0.6434201133996424,-0.12036433604271539,120.9,8649600.0,124.93,8247200.0,126.89,6078300.0,49.130230371415124,-1.0325782438165398,-2.5612735440144974,0.022663358147229085,0.01875019704636892
JNJ,2020-06-17,124.02,124.47,122.8,123.27,123.27,5100100,Healthcare,122.00999999999999,123.87600000000002,124.676,125.67859999999999,123.83742116263132,124.48667477791273,-0.6492536152814097,-0.22614219189045426,123.64,7579100.0,126.5,10137100.0,127.23,6339500.0,43.655589123867024,-2.553359683794465,-3.1124734732374537,-0.00299255904238116,0.018664041071703392
JNJ,2020-06-18,121.98,123.35,121.43,122.75,122.75,4797400,Healthcare,122.446,123.59200000000001,124.537,125.79639999999999,123.67012559914957,124.35803220177104,-0.6879066026214673,-0.3184950740366569,123.27,5100100.0,120.57,11913300.0,125.59,8170500.0,37.87798408488063,1.8080782947665242,-2.261326538737163,-0.004218382412590205,0.018352192055819092
JNJ,2020-06-19,124.78,124.86,122.61,123.1,123.1,12206900,Healthcare,122.732,123.295,124.4565,125.823,123.58241396851118,124.26484463126947,-0.6824306627582928,-0.3912821917809841,122.75,4797400.0,121.67,8687400.0,126.07,9725400.0,41.937290033594586,1.1753102654721737,-2.3558340604426076,0.0028513238289205045,0.018319750839876178
JNJ,2020-06-22,122.8,122.96,121.56,122.73,122.73,5285600,Healthcare,123.098,123.006,124.4145,125.8766,123.45127335797099,124.15115243636063,-0.6998790783896425,-0.45300156910271583,123.1,12206900.0,120.9,8649600.0,125.62,7555600.0,37.990762124711296,1.513647642679894,-2.300589078172266,-0.0030056864337936195,0.018316029155638295
JNJ,2020-06-23,123.03,123.32,122.12,122.27,122.27,5921600,Healthcare,122.824,122.74000000000001,124.3415,125.9458,123.26953899520623,124.01180781144502,-0.7422688162387914,-0.510855018529931,122.73,5285600.0,123.64,7579100.0,124.93,8247200.0,35.77981651376142,-1.1080556454222013,-2.1291923477147257,-0.0037480648578180897,0.01828916233851664
JNJ,2020-06-24,121.1,121.7,118.73,119.67,119.67,8211200,Healthcare,122.104,122.05700000000002,124.12450000000001,125.8566,122.7157637651745,123.69019241800466,-0.9744286528301558,-0.603569745389976,122.27,5921600.0,123.27,5100100.0,126.5,10137100.0,33.91304347826083,-2.9204185933317084,-5.399209486166001,-0.021264414819661348,0.018424426872067783
JNJ,2020-06-25,120.31,120.31,117.72,119.54,119.54,7421200,Healthcare,121.46199999999999,121.954,123.81200000000001,125.73719999999999,122.22718472437843,123.38277075741172,-1.1555860330332877,-0.7139730029186384,119.67,8211200.0,122.75,4797400.0,120.57,11913300.0,31.91135734072023,-2.6150712830957157,-0.8542755245915079,-0.0010863207153003485,0.011263620038755003
JNJ,2020-06-26,119.42,119.48,117.28,117.95,117.95,12849700,Healthcare,120.43199999999999,121.58200000000002,123.34349999999999,125.5518,121.5691563052433,122.98034329389975,-1.4111869886564534,-0.8534158000662015,119.54,7421200.0,123.1,12206900.0,121.67,8687400.0,30.015633142261578,-4.183590576766849,-3.0574504808087433,-0.013300987117282892,0.011300503711499037
JNJ,2020-06-29,118.75,119.57,118.1,119.01,119.01,5309800,Healthcare,119.68800000000002,121.393,122.995,125.3476,121.17543995059049,122.68624379064792,-1.5108038400574344,-0.9848934080644483,117.95,12849700.0,122.73,5285600.0,120.9,8649600.0,34.867075664621666,-3.031043754583229,-1.563275434243172,0.00898685883849093,0.011831124338565133
JNJ,2020-06-30,119.31,120.7,117.98,120.37,120.37,7738300,Healthcare,119.30800000000002,121.066,122.66900000000001,125.1766,121.0515261120381,122.51467017652585,-1.46314406448775,-1.0805435393491087,119.01,5309800.0,122.27,5921600.0,123.64,7579100.0,34.16020671834626,-1.553938006052169,-2.644775153671952,0.011427611125115478,0.009604122026009392
JNJ,2020-07-01,120.42,121.02,119.88,120.15,120.15,6174800,Healthcare,119.404,120.75399999999999,122.31500000000001,125.035,120.91282978710916,122.33950942270913,-1.4266796355999674,-1.1497707585992805,120.37,7738300.0,119.67,8211200.0,123.27,5100100.0,48.460410557184794,0.4011030333416876,-2.531029447554145,-0.0018276979313782693,0.009606368153190707
JNJ,2020-07-02,120.9,121.4,120.11,120.66,120.66,5152200,Healthcare,119.628,120.54499999999999,122.0685,124.84740000000002,120.87393289678467,122.21510131732327,-1.341168420538608,-1.188050290987146,120.15,6174800.0,119.54,7421200.0,122.75,4797400.0,46.13026819923369,0.9369248787016726,-1.7026476578411387,0.0042446941323344145,0.009810600260671544
JNJ,2020-07-06,121.68,123.05,121.44,122.38,122.38,6156400,Healthcare,120.51400000000001,120.473,121.88399999999999,124.65119999999999,121.10563552804857,122.22731603455858,-1.1216805065100175,-1.1747763340917203,120.66,5152200.0,117.95,12849700.0,123.1,12206900.0,55.285714285714256,3.75582874099194,-0.5848903330625488,0.014254931211669097,0.010987060429035132
JNJ,2020-07-07,121.02,123.22,120.88,122.27,122.27,5622600,Healthcare,121.16600000000001,120.42699999999999,121.7165,124.464,121.28476852373339,122.23047780977646,-0.9457092860430691,-1.12896292448199,122.38,6156400.0,119.01,5309800.0,122.73,5285600.0,43.97537379067719,2.7392656079320954,-0.374806485781809,-0.0008988396796861808,0.010954505157385424
JNJ,2020-07-08,122.28,122.73,121.28,122.63,122.63,6257400,Healthcare,121.61800000000001,120.463,121.60150000000002,124.29360000000001,121.49172721238979,122.26007204608932,-0.7683448336995298,-1.0568393063254982,122.27,5622600.0,120.37,7738300.0,122.27,5921600.0,47.18309859154929,1.8775442385976504,0.2944303590414643,0.002944303590414643,0.010926279676839146
JNJ,2020-07-09,122.19,123.62,120.32,121.96,121.96,5738600,Healthcare,121.97999999999999,120.69199999999998,121.37450000000001,124.1592,121.56376917971444,122.23784448711973,-0.674075307405289,-0.9802865065414564,122.63,6257400.0,120.15,6174800.0,119.67,8211200.0,46.56820156385748,1.5064502704952076,1.9135957215676402,-0.00546358965995275,0.008274212567743078
JNJ,2020-07-10,122.18,122.28,121.05,121.86,121.86,4282400,Healthcare,122.22,120.924,121.439,124.0422,121.60934315206606,122.20985600659235,-0.6005128545262863,-0.9043317761384224,121.96,5738600.0,120.66,5152200.0,119.54,7421200.0,44.493783303730034,0.9945300845350502,1.9407729630249282,-0.0008199409642505318,0.008263851977470274
JNJ,2020-07-13,122.92,125.51,122.63,124.29,124.29,6951900,Healthcare,122.602,121.55799999999999,121.56999999999998,123.9772,122.02175189790205,122.36394074684476,-0.34218884894271184,-0.7919031906992803,121.86,4282400.0,122.38,6156400.0,117.95,12849700.0,55.855855855855864,1.560712534727915,5.375158965663429,0.019940915805022108,0.008130084871113627
JNJ,2020-07-14,124.38,127.01,124.33,126.61,126.61,7447100,Healthcare,123.47,122.31799999999998,121.8555,123.9884,122.72763622130174,122.6784636544859,0.049172566815840923,-0.623688039196256,124.29,6951900.0,122.27,5622600.0,119.01,5309800.0,64.29512516469042,3.549521550666568,6.386017981682213,0.01866602301070075,0.009134680708593843
JNJ,2020-07-15,128.15,128.57,126.87,126.9,126.9,8512800,Healthcare,124.324,122.971,122.01849999999999,124.0058,123.36953834110147,122.99117005044991,0.3783682906515651,-0.4232767732266918,126.61,7447100.0,122.63,6257400.0,120.37,7738300.0,78.08857808857813,3.482019081790755,5.424939769045434,0.002290498380854711,0.009015080642406192
JNJ,2020-07-16,127.26,127.82,125.54,127.74,127.74,9304700,Healthcare,125.47999999999999,123.72999999999999,122.24199999999999,124.01899999999999,124.0419170578551,123.34293523189807,0.6989818259570342,-0.19882505338994663,126.9,8512800.0,121.96,5738600.0,120.15,6174800.0,80.19145802650957,4.739258773368316,6.317103620474396,0.006619385342789608,0.008658244555314821
JNJ,2020-07-17,128.39,128.88,127.26,127.83,127.83,7441100,Healthcare,126.674,124.447,122.49600000000001,124.0582,124.62469904895431,123.67531039990561,0.9493886490487,0.03081768709778271,127.74,9304700.0,121.86,4282400.0,120.66,5152200.0,90.89403973509937,4.899064500246175,5.942317255096974,0.0007045561296383784,0.008816986770223023
JNJ,2020-07-20,128.58,128.66,127.04,128.04,128.04,6191500,Healthcare,127.424,125.01299999999999,122.74300000000001,124.11,125.1501299644998,123.99862074065335,1.1515092238464462,0.25495599444751543,127.83,7441100.0,124.29,6951900.0,122.38,6156400.0,90.20480854853075,3.0171373400917023,4.624938715476379,0.0016428068528513418,0.008367556903710358
JNJ,2020-07-21,128.04,129.82,127.96,128.16,128.16,5575900,Healthcare,127.734,125.602,123.0145,124.14519999999999,125.61318689303829,124.3068710561605,1.3063158368777863,0.4652279629335696,128.04,6191500.0,126.61,7447100.0,122.27,5622600.0,88.98898898898902,1.2242318932153884,4.8172078187617595,0.0009372071227742307,0.008253774063065763
JNJ,2020-07-22,128.33,128.74,126.55,128.39,128.39,5910200,Healthcare,128.03199999999998,126.178,123.3205,124.178,126.04038890949394,124.60932505200046,1.4310638574934842,0.6583951418455525,128.16,5575900.0,126.9,8512800.0,122.63,6257400.0,91.20000000000002,1.1741528762805098,4.697056185272763,0.0017946317103618714,0.008289590961569428
JNJ,2020-07-23,128.57,129.11,127.77,128.05,128.05,6566300,Healthcare,128.094,126.787,123.73949999999999,124.2376,126.34955984649487,124.86418986296339,1.4853699835314842,0.8237901101827388,128.39,5910200.0,127.74,9304700.0,121.96,5738600.0,87.58901322482222,0.24268044465320937,4.993440472286004,-0.00264818132253275,0.007949476212863573
JNJ,2020-07-24,128.81,128.9,125.84,126.78,126.78,5405900,Healthcare,127.88400000000001,127.279,124.10149999999999,124.27199999999999,126.41578140857257,125.0061017249661,1.4096796836064698,0.940968024867485,128.05,6566300.0,127.83,7441100.0,121.86,4282400.0,73.4541577825161,-0.8214034264257153,4.037419990152635,-0.009918000780945069,0.009113837061975636
JNJ,2020-07-27,126.13,127.46,125.7,125.97,125.97,5675200,Healthcare,127.47,127.447,124.50250000000001,124.28139999999999,126.34719965340756,125.07750159719083,1.2696980562167255,1.0067140311373333,126.78,5405900.0,128.04,6191500.0,124.29,6951900.0,68.35317460317466,-1.6166822867853758,1.351677528361095,-0.006389020350212937,0.007689876289902561
JNJ,2020-07-28,126.16,126.67,125.6,125.67,125.67,4842200,Healthcare,126.97200000000001,127.353,124.8355,124.23720000000002,126.24301509134486,125.1213903677693,1.1216247235755645,1.0296961696249796,125.97,5675200.0,128.16,5575900.0,126.61,7447100.0,65.1696606786428,-1.9428838951310867,-0.7424374062080408,-0.002381519409383137,0.0047472677825988645
JNJ,2020-07-29,125.3,126.22,125.02,125.42,125.42,4489100,Healthcare,126.37800000000001,127.205,125.08800000000001,124.1868,126.11639738498411,125.14350959978638,0.9728877851977273,1.018334492739529,125.67,4842200.0,128.39,5910200.0,126.9,8512800.0,68.02083333333344,-2.313264272918436,-1.1662726556343594,-0.0019893371528606485,0.0046358387452459515
JNJ,2020-07-30,126.19,126.25,125.08,125.68,125.68,5922500,Healthcare,125.904,126.999,125.36449999999999,124.16699999999999,126.0492593257558,125.18324962943183,0.866009696323971,0.9878695334564175,125.42,4489100.0,128.05,6566300.0,127.74,9304700.0,69.56967213114763,-1.85083951581414,-1.6126506967277243,0.0020730346037314273,0.003961772533158843
JNJ,2020-07-31,125.53,126.2,123.22,124.76,124.76,8259600,Healthcare,125.5,126.69200000000001,125.56949999999999,124.1516,125.85091173717798,125.15189780502948,0.6990139321485032,0.9300984131948347,125.68,5922500.0,126.78,5405900.0,127.83,7441100.0,52.84848484848485,-1.5933112478308864,-2.401627161073294,-0.007320178230426522,0.004242007154454594
JNJ,2020-08-03,125.3,126.49,125.09,126.12,126.12,4078700,Healthcare,125.53,126.5,125.7565,124.1798,125.89230993145829,125.223609078731,0.6687008527272837,0.8778189011013245,124.76,8259600.0,125.97,5675200.0,128.04,6191500.0,46.63923182441704,0.1190759704691624,-1.4995313964386026,0.01090092978518764,0.005909676030852879
JNJ,2020-08-04,125.81,126.01,124.81,126.01,126.01,4162200,Healthcare,125.598,126.285,125.9435,124.2286,125.91041609584931,125.28186025808427,0.6285558377650489,0.8279662884340695,126.12,4078700.0,125.67,4842200.0,128.16,5575900.0,43.74120956399434,0.2705498527890482,-1.677590511860172,-0.0008721852204249814,0.005854407414018084
JNJ,2020-08-05,127.62,127.8,126.5,127.02,127.02,5467500,Healthcare,125.918,126.148,126.16299999999998,124.29440000000001,126.0811213118725,125.41061135007803,0.6705099617944654,0.7964750231061487,126.01,4162200.0,125.42,4489100.0,128.39,5910200.0,45.054945054945044,1.27571360229628,-1.06706129760884,0.008015236885961396,0.006552856148525182
JNJ,2020-08-06,127.02,127.74,125.39,126.29,126.29,4837900,Healthcare,126.04,125.97200000000001,126.37949999999998,124.34,126.11325649466134,125.47575125007225,0.637505244589093,0.7646810674027376,127.02,5467500.0,125.68,5922500.0,128.05,6566300.0,40.27777777777777,0.4853596435391516,-1.3744631003514307,-0.005747126436781547,0.006708118377481189
JNJ,2020-08-07,126.25,127.23,125.95,127.19,127.19,3635100,Healthcare,126.526,126.01299999999999,126.646,124.368,126.27890934163652,125.60273263895579,0.6761767026807348,0.7469801944583371,126.29,4837900.0,124.76,8259600.0,126.78,5405900.0,45.063879210220676,1.947739660147474,0.3233948572330059,0.007126454984559327,0.00645337877887446
JNJ,2020-08-10,127.41,127.54,126.43,126.7,126.7,4096600,Healthcare,126.64200000000001,126.08599999999998,126.76650000000002,124.3556,126.34369251984629,125.68401170273684,0.6596808171094466,0.729520318988559,127.19,3635100.0,126.12,4078700.0,125.97,5675200.0,41.870824053452104,0.45987947986045885,0.5795030562832482,-0.0038525041276828986,0.006204484039873526
JNJ,2020-08-11,127.65,127.73,125.28,125.79,125.79,6388400,Healthcare,126.598,126.098,126.72550000000001,124.3518,126.25850905525455,125.6918626877193,0.566646367535256,0.6969455286978984,126.7,4096600.0,126.01,4162200.0,125.67,4842200.0,36.54244306418223,-0.17458931830807156,0.09548818333731113,-0.007182320441988965,0.006631453419717775
JNJ,2020-08-12,126.28,128.59,126.24,128.09,128.09,5257300,Healthcare,126.81199999999998,126.36500000000001,126.785,124.3758,126.54027689290768,125.86950248862897,0.6707744042787169,0.6917113038140621,125.79,6388400.0,127.02,5467500.0,125.42,4489100.0,50.17211703958688,0.8423870256652588,2.1288470738319187,0.018284442324508987,0.008694667764776318
JNJ,2020-08-13,127.14,127.69,126.27,126.67,126.67,5155500,Healthcare,126.888,126.46399999999998,126.73150000000001,124.3646,126.56023429399882,125.92879860058238,0.6314356934164351,0.6796561817345367,128.09,5257300.0,126.29,4837900.0,125.68,5922500.0,49.532710280373834,0.3008947660147143,0.7877148313176319,-0.011085955187758567,0.009649689640958914
JNJ,2020-08-14,126.34,127.82,126.31,126.88,126.88,4240200,Healthcare,126.826,126.676,126.684,124.39040000000001,126.60942901799899,125.9992579635022,0.6101710544967887,0.6657591562869871,126.67,5155500.0,127.19,3635100.0,124.76,8259600.0,54.0734109221128,-0.24372985297586025,1.699262584161576,0.0016578511091813741,0.009215371500180689
JNJ,2020-08-17,126.95,128.58,126.87,127.52,127.52,4306900,Healthcare,126.99000000000001,126.816,126.65799999999999,124.41939999999998,126.74951686138377,126.11190552176129,0.637611339622481,0.6601295929540859,126.88,4240200.0,126.7,4096600.0,126.12,4078700.0,58.03649000868809,0.6471981057616372,1.1100539169045298,0.0050441361916770955,0.008741283646898981
JNJ,2020-08-18,127.75,128.47,127.16,128.46,128.46,4322600,Healthcare,127.524,127.061,126.673,124.47619999999999,127.01266811347857,126.28583844607526,0.7268296674033081,0.6734696078439304,127.52,4306900.0,125.79,6388400.0,126.01,4162200.0,62.45901639344267,2.1225852611495455,1.9442901357035192,0.007371392722710146,0.008917497165837144
JNJ,2020-08-19,128.03,129.74,127.8,128.72,128.72,7816300,Healthcare,127.65,127.23100000000002,126.6895,124.55199999999999,127.27533455755878,126.46614670932894,0.8091878482298398,0.7006132559211123,128.46,4322600.0,128.09,5257300.0,127.02,5467500.0,62.45901639344263,0.4918416738230791,1.338371909935443,0.0020239763350458073,0.008663347791662834
JNJ,2020-08-20,128.17,129.74,128.0,129.6,129.6,4874700,Healthcare,128.236,127.56199999999998,126.76700000000001,124.61399999999999,127.63297539485743,126.69828399011938,0.9346914047380466,0.7474288856844993,128.72,7816300.0,126.67,5155500.0,126.29,4837900.0,69.90131578947371,2.3130970237625226,2.620951777654601,0.006836544437538894,0.008426329280489073
JNJ,2020-08-21,129.91,131.51,128.89,130.75,130.75,6722800,Healthcare,129.01,127.918,126.96550000000002,124.8176,128.11251764180244,126.99841110196239,1.1141065398400514,0.8207644165156097,129.6,4874700.0,126.88,4240200.0,127.19,3635100.0,69.37238493723854,3.0501261034048044,2.7989621825615263,0.008873456790123413,0.008547327184804438
JNJ,2020-08-24,131.6,131.74,129.54,131.09,131.09,5387900,Healthcare,129.724,128.35700000000003,127.22149999999999,125.006,128.5705918507559,127.30149176107629,1.2691000896796112,0.91043155114841,130.75,6722800.0,127.52,4306900.0,126.7,4096600.0,70.85385878489332,2.799560853199501,3.464877663772681,0.002600382409177815,0.008227114252527642
JNJ,2020-08-25,131.64,131.89,130.57,131.02,131.02,3863500,Healthcare,130.236,128.88000000000002,127.48899999999999,125.2084,128.94742387371653,127.57693681581138,1.3704870579051516,1.0024426524997585,131.09,5387900.0,128.46,4322600.0,125.79,6388400.0,67.79359430604994,1.992838237583694,4.157723189442719,-0.000533984285605249,0.007510553423459964
JNJ,2020-08-26,130.84,131.52,129.79,131.22,131.22,8008300,Healthcare,130.73600000000002,129.19299999999998,127.779,125.36,129.29705097006783,127.8467933479735,1.4502576220943268,1.0920056464186723,131.02,3863500.0,128.72,7816300.0,128.09,5257300.0,73.01587301587305,1.942200124300797,2.443594347724254,0.0015264845061822019,0.0056298757236188
JNJ,2020-08-27,131.33,132.05,130.87,131.81,131.81,5575400,Healthcare,131.17800000000003,129.70700000000002,128.0855,125.5308,129.6836585131343,128.1403642110866,1.5432943020477126,1.1822633775444804,131.22,8008300.0,129.6,4874700.0,126.67,5155500.0,72.21153846153854,1.7052469135802495,4.057787952948599,0.004496265813138223,0.0030280693540785525
JNJ,2020-08-28,131.6,132.43,130.88,132.38,132.38,5395700,Healthcare,131.504,130.257,128.46650000000002,125.7234,130.0984802803444,128.45441130656167,1.644068973782737,1.2746244967921319,131.81,5575400.0,130.75,6722800.0,126.88,4240200.0,77.0992366412214,1.246653919694074,4.33480453972257,0.004324406342462561,0.002915219773741987
JNJ,2020-08-31,131.83,133.03,131.19,132.18,132.18,6362700,Healthcare,131.722,130.723,128.7695,125.905,130.41871408336834,128.73038083940895,1.6883332439593914,1.3573662462255838,132.38,5395700.0,131.09,5387900.0,127.52,4306900.0,82.70214943705231,0.8314898161568385,3.6543287327478025,-0.0015108022359872075,0.003412862888049507
JNJ,2020-09-01,132.57,132.76,129.3,130.55,130.55,6307700,Healthcare,131.62800000000001,130.932,128.99650000000003,126.0614,130.4389119166963,128.86516744389718,1.5737444727991203,1.4006418915402912,132.18,6362700.0,131.02,3863500.0,128.46,4322600.0,63.51648351648362,-0.3587238589528252,1.6269655924022963,-0.012331668936299,0.005827466715950629
JNJ,2020-09-02,129.92,132.97,128.59,132.54,132.54,6881900,Healthcare,131.892,131.314,129.2725,126.2668,130.76215623720455,129.13737726286774,1.624778974336806,1.4454693080995942,130.55,6307700.0,131.22,8008300.0,128.72,7816300.0,80.35160289555338,1.0059442158207643,2.967681789931631,0.015243201838375908,0.007251897748664941
JNJ,2020-09-03,133.4,133.95,127.78,128.85,128.85,8672800,Healthcare,131.3,131.239,129.40050000000002,126.45039999999999,130.4679783545577,129.1160900582109,1.3518882963468002,1.4267531057490355,132.54,6881900.0,131.81,5575400.0,129.6,4874700.0,57.49049429657797,-2.245656626963055,-0.578703703703709,-0.027840651878678124,0.011954482415559612
JNJ,2020-09-04,129.39,130.06,126.77,128.03,128.03,7200100,Healthcare,130.43,130.967,129.4425,126.62020000000001,130.09290476154882,129.03563894278787,1.0572658187609534,1.3528556483514191,128.85,8672800.0,132.38,5395700.0,130.75,6722800.0,51.91297824456116,-3.28599486327239,-2.080305927342252,-0.006363989134652637,0.011590357862819112
JNJ,2020-09-08,129.46,130.01,126.57,126.88,126.88,8756800,Healthcare,129.37,130.546,129.45149999999998,126.79880000000001,129.59861172131053,128.87596198406285,0.7226497372476786,1.226814466130671,128.03,7200100.0,132.18,6362700.0,131.09,5387900.0,44.165435745937884,-4.009683764563487,-3.2115340605690768,-0.008982269780520191,0.011653783733457225
JNJ,2020-09-09,127.65,130.19,127.62,128.98,128.98,6960700,Healthcare,129.05599999999998,130.34199999999998,129.611,126.9982,129.50344068726275,128.8836685037619,0.6197721835008565,1.1054060096047083,126.88,8756800.0,130.55,6307700.0,131.02,3863500.0,50.84525357607279,-1.2026043661432562,-1.557014196305928,0.016551071878940782,0.013233002225508455
JNJ,2020-09-10,128.59,129.05,126.24,126.58,126.58,6191800,Healthcare,127.86399999999999,129.878,129.5355,127.1224,129.05368058153002,128.71302639237211,0.34065418915790247,0.9524556455153471,128.98,6960700.0,132.54,6881900.0,131.22,8008300.0,41.065088757396424,-4.49675569639354,-3.5360463344002446,-0.01860753605210108,0.014218269276753558
JNJ,2020-09-11,126.7,127.97,126.34,127.33,127.33,3934700,Healthcare,127.55999999999999,129.43,129.5685,127.266,128.78849895360233,128.61057999293715,0.1779189606651812,0.7975483085453139,126.58,6191800.0,128.85,8672800.0,131.81,5575400.0,39.63636363636358,-1.1796662786185408,-3.3988316516197603,0.005925106651919698,0.014314433740527691
JNJ,2020-09-14,127.62,128.78,127.53,127.82,127.82,4375800,Healthcare,127.518,128.974,129.6155,127.4092,128.63949911458658,128.55201851197884,0.08748060260774082,0.6555347673577993,127.33,3934700.0,128.03,7200100.0,132.38,5395700.0,40.180180180180095,-0.16402405686167798,-3.4446290980510663,0.003848268279274203,0.01428680095558791
JNJ,2020-09-15,128.77,129.75,127.97,128.28,128.28,3658800,Healthcare,127.798,128.584,129.6535,127.52720000000001,128.58419155849634,128.531868992573,0.052322565923333286,0.5348923270709061,127.82,4375800.0,126.88,8756800.0,132.18,6362700.0,41.960093896713566,1.1034047919293855,-2.950522015433499,0.0035988108277265063,0.014452559911968104
JNJ,2020-09-16,128.71,129.29,127.82,127.86,127.86,4323000,Healthcare,127.574,128.315,129.62349999999998,127.639,128.47277747257382,128.4821009190491,-0.009323446475264063,0.42604917236167206,128.28,3658800.0,128.98,6960700.0,130.55,6307700.0,40.26651216685976,-0.8683516824313786,-2.060513213328241,-0.003274087932647385,0.01407438530064705
JNJ,2020-09-17,127.55,128.06,125.84,126.8,126.8,5461400,Healthcare,127.61800000000001,127.74100000000001,129.5275,127.7224,128.21542709217783,128.35750085097138,-0.14207375879354345,0.312424586130629,127.86,4323000.0,126.58,6191800.0,132.54,6881900.0,35.871404399323126,0.17380312845631796,-4.3307680700166,-0.008290317534803693,0.012780685203828855
JNJ,2020-09-18,126.23,128.94,125.97,128.53,128.53,12174000,Healthcare,127.85799999999999,127.70899999999999,129.474,127.85379999999999,128.26382292415047,128.37027856571424,-0.10645564156376963,0.2286485405917493,126.8,5461400.0,127.33,3934700.0,128.85,8672800.0,39.809422975119105,0.942433047985558,-0.24835079549864192,0.013643533123028462,0.010900772735473806
JNJ,2020-09-21,127.16,127.46,123.17,125.02,125.02,7574500,Healthcare,127.298,127.40799999999999,129.1875,127.917,127.76477324351194,128.12210978306874,-0.35733653955679756,0.11145152456203995,128.53,12174000.0,127.82,4375800.0,128.03,7200100.0,33.87387387387383,-2.190580503833517,-2.3510114816839844,-0.027308799502061776,0.013835015557818341
JNJ,2020-09-22,124.67,125.23,123.83,124.25,124.25,5295900,Healthcare,126.492,127.14500000000001,128.84550000000002,127.9162,127.22403889835626,127.83528683617476,-0.6112479378185043,-0.033088367914068884,125.02,7574500.0,128.28,3658800.0,126.88,8756800.0,35.23898781630736,-3.1415653258497045,-2.0728247162673408,-0.006159014557670761,0.01371152186558966
JNJ,2020-09-23,127.07,127.13,124.4,124.45,124.45,8784400,Healthcare,125.80999999999999,126.69200000000001,128.517,127.87299999999999,126.79726368322453,127.58452484830997,-0.7872611650854395,-0.18392292734834303,124.25,5295900.0,127.86,4323000.0,128.98,6960700.0,29.309462915601046,-2.6669795088377857,-3.5121724298340706,0.0016096579476860828,0.012194703882055772
JNJ,2020-09-24,124.55,125.15,123.5,124.65,124.65,5614800,Healthcare,125.38000000000002,126.49899999999998,128.1885,127.82799999999999,126.4669154242669,127.36715263732404,-0.9002372130571388,-0.3271857844901022,124.45,8784400.0,126.8,5461400.0,126.58,6191800.0,36.92403486924039,-1.6955835962145005,-1.5247274450940096,0.0016070711128968185,0.011032461458993064
JNJ,2020-09-25,124.07,126.01,123.98,125.5,125.5,5531200,Healthcare,124.774,126.31599999999999,127.873,127.7832,126.31815920514892,127.22884503455928,-0.9106858294103688,-0.4438857934741556,124.65,5614800.0,128.53,12174000.0,127.33,3934700.0,42.137973896830324,-2.357426281801911,-1.4372103981779571,0.006819093461692738,0.011102533435989813
JNJ,2020-09-28,126.42,127.77,126.16,126.75,126.75,5843200,Healthcare,125.12,126.20900000000002,127.5915,127.7616,126.38459625051063,127.19337503199934,-0.8087787814887122,-0.5168643910770669,125.5,5531200.0,125.02,7574500.0,127.82,4375800.0,49.59851760345894,1.383778595424734,-0.8371146925363782,0.009960159362549792,0.011580896392030426
JNJ,2020-09-29,127.17,127.45,125.85,126.71,126.71,6768600,Healthcare,125.61200000000001,126.05199999999999,127.31800000000001,127.735,126.43465836581667,127.15756947407345,-0.7229111082567812,-0.5580737345130098,126.75,5843200.0,124.25,5295900.0,128.28,3658800.0,41.96744515215854,1.9798792756539285,-1.2238852510134124,-0.0003155818540434563,0.011482202095353387
JNJ,2020-09-30,127.04,129.01,126.52,128.28,128.28,8487700,Healthcare,126.378,126.09400000000001,127.20449999999998,127.73740000000002,126.71855707876796,127.24071247599394,-0.5221553972259869,-0.5508900670556053,126.71,6768600.0,124.45,8784400.0,127.86,4323000.0,56.390977443609025,3.077541181197274,0.3284842796809073,0.012390497987530669,0.01220890676507579
JNJ,2020-10-01,128.65,128.94,126.19,126.93,126.93,6457800,Healthcare,126.83400000000002,126.107,126.924,127.70819999999999,126.7510867589575,127.21769673703143,-0.466609978073933,-0.5340340492592708,128.28,8487700.0,124.65,5614800.0,126.8,5461400.0,48.56115107913672,1.8291215403128724,0.1025236593060086,-0.010523854069223515,0.01240433265972454
JNJ,2020-10-02,125.97,127.87,125.65,126.0,126.0,5485600,Healthcare,126.93400000000001,125.854,126.78150000000001,127.6672,126.63553494988712,127.12749697873281,-0.4919620288456912,-0.5256196451765549,126.93,6457800.0,125.5,5531200.0,128.53,12174000.0,43.65411436541147,0.3984063745019917,-1.9684120438808073,-0.007326873079650298,0.011621789430231224
JNJ,2020-10-05,126.66,127.84,126.16,127.72,127.72,4992800,Healthcare,127.128,126.124,126.766,127.686,126.80237572682756,127.17138609141927,-0.369010364591702,-0.4942977890595843,126.0,5485600.0,126.75,5843200.0,125.02,7574500.0,48.205128205128204,0.7652859960552316,2.1596544552871633,0.013650793650793691,0.008472660888730783
JNJ,2020-10-06,127.76,128.04,125.68,126.02,126.02,5118200,Healthcare,126.99000000000001,126.301,126.723,127.68700000000001,126.68201023039255,127.08609823279562,-0.4040880024030713,-0.47625583172828173,127.72,4992800.0,126.71,6768600.0,124.25,5295900.0,44.54976303317535,-0.5445505484965696,1.4245472837022044,-0.01331036642655814,0.009494126911702528
JNJ,2020-10-07,126.22,127.72,125.63,127.41,127.41,5603100,Healthcare,126.816,126.59700000000001,126.6445,127.7218,126.794008656486,127.11009095629224,-0.31608229980624003,-0.4442211253438734,126.02,5118200.0,128.28,8487700.0,124.45,8784400.0,51.77222545031958,-0.6782039289055186,2.3784652470871803,0.011029995238851065,0.00996665765936897
JNJ,2020-10-08,127.95,129.11,127.55,128.28,128.28,4413500,Healthcare,127.08600000000001,126.96000000000001,126.7295,127.779,127.02262270933431,127.19675088545577,-0.1741281761214566,-0.3902025354993901,127.41,5603100.0,126.93,6457800.0,124.65,5614800.0,49.23547400611621,1.0635783502717988,2.912154031287595,0.006828349423122271,0.010056969170667621
JNJ,2020-10-09,128.94,130.52,128.77,130.08,130.08,5054100,Healthcare,127.902,127.41799999999998,126.867,127.867,127.49298844635982,127.41032489394053,0.08266355241929091,-0.29562931791565394,128.28,4413500.0,126.0,5485600.0,125.5,5531200.0,67.28142076502735,3.23809523809524,3.64940239043825,0.014031805425631427,0.0106110395100546
JNJ,2020-10-12,130.62,131.95,130.12,130.83,130.83,7273200,Healthcare,128.524,127.826,127.0175,127.9884,128.00637483922753,127.66363416105604,0.342740678171495,-0.16795531869822417,130.08,5054100.0,127.72,4992800.0,126.75,5843200.0,72.50341997264022,2.4350140933291575,3.21893491124261,0.005765682656826643,0.010414598223046136
JNJ,2020-10-13,128.38,129.34,127.32,127.83,127.83,11057600,Healthcare,128.88600000000002,127.93800000000002,126.995,128.0226,127.97924024857714,127.67595755653336,0.3032826920437799,-0.07370771654982336,130.83,7273200.0,126.02,5118200.0,126.71,6768600.0,59.70149253731339,1.4362799555626138,0.8839081366900814,-0.022930520522815967,0.013318629538943147
JNJ,2020-10-14,128.22,128.4,126.99,127.6,127.6,7706400,Healthcare,128.924,127.86999999999998,126.98200000000001,128.05440000000002,127.92089559494988,127.67033107086422,0.2505645240856609,-0.008853268422726511,127.83,11057600.0,127.41,5603100.0,128.28,8487700.0,58.45272206303719,0.14912487245899442,-0.5300904271905216,-0.0017992646483611097,0.01270743873955891
JNJ,2020-10-15,127.07,127.43,126.08,126.82,126.82,5978600,Healthcare,128.632,127.85900000000001,126.98299999999999,128.0504,127.75152704188066,127.60734358413353,0.1441834577471326,0.02175407681124531,127.6,7706400.0,128.28,4413500.0,126.93,6457800.0,53.79746835443034,-1.138135328967893,-0.0866619396517887,-0.00611285266457684,0.012391865577772995
JNJ,2020-10-16,127.17,128.17,126.66,127.6,127.6,6097000,Healthcare,128.13600000000002,128.019,126.93650000000002,128.07659999999998,127.72821518928365,127.60679961493845,0.12141557434519257,0.04168637631803476,126.82,5978600.0,130.08,5054100.0,126.0,5485600.0,52.51330573625072,-1.9065190651906705,1.2698412698412653,0.0061504494559216916,0.01224052069230114
JNJ,2020-10-19,127.97,128.29,124.18,124.35,124.35,7250800,Healthcare,126.83999999999999,127.68199999999999,126.90299999999999,128.0198,127.2084897755477,127.36555519901708,-0.15706542346937624,0.0019360163605525588,127.6,6097000.0,130.83,7273200.0,127.72,4992800.0,44.135188866799226,-4.952992432928238,-2.6385844033824046,-0.025470219435736685,0.013991701578000679
JNJ,2020-10-20,124.64,125.58,124.17,124.54,124.54,5325400,Healthcare,126.18199999999999,127.53400000000002,126.91749999999999,127.9766,126.79795288700191,127.1562548139047,-0.35830192690278295,-0.07011157229211455,124.35,7250800.0,127.83,11057600.0,126.02,5118200.0,40.02134471718254,-2.573730736133917,-1.1744167592445565,0.001527945315641377,0.013505869487858077
JNJ,2020-10-21,124.17,125.23,123.99,124.01,124.01,5221300,Healthcare,125.46399999999998,127.194,126.8955,127.941,126.3690370582324,126.92319890176361,-0.5541618435312188,-0.16692162653993542,124.54,5325400.0,127.6,7706400.0,127.41,5603100.0,41.85267857142859,-2.813479623824444,-2.668550349266141,-0.004255660831861241,0.012828779321375704
JNJ,2020-10-22,124.21,125.53,123.93,125.0,125.0,5279700,Healthcare,125.1,126.86600000000001,126.91299999999998,127.8792,126.1584159723505,126.78073972385519,-0.6223237515046947,-0.2580020515328873,124.01,5221300.0,126.82,5978600.0,128.28,4413500.0,47.21913236929923,-1.4351048730484095,-2.556906766448397,0.007983227159100048,0.012928163930179952
JNJ,2020-10-23,125.69,127.06,124.37,125.14,125.14,4154400,Healthcare,124.60799999999999,126.372,126.89500000000001,127.8486,126.00173659198889,126.65920344801407,-0.6574668560251808,-0.337895012431346,125.0,5279700.0,127.6,6097000.0,130.08,5054100.0,42.13414634146344,-1.9278996865203735,-3.7976629766297787,0.0011200000000000099,0.011676598675651184
JNJ,2020-10-26,124.44,124.73,122.99,124.04,124.04,6929500,Healthcare,124.546,125.69299999999998,126.7595,127.79180000000001,125.69993096245213,126.4651883777908,-0.7652574153386666,-0.4233674930128102,125.14,4154400.0,124.35,7250800.0,130.83,7273200.0,43.73417721518992,-0.24929634097304865,-5.189941144997334,-0.008790155026370372,0.011250861572052519
JNJ,2020-10-27,123.85,124.32,123.14,123.34,123.34,4890100,Healthcare,124.30600000000001,125.244,126.59099999999998,127.70819999999999,125.3368646605364,126.23369294239889,-0.8968282818624829,-0.5180596507827447,124.04,6929500.0,124.54,5325400.0,127.83,11057600.0,36.53209794837862,-0.9635458487233017,-3.5124775091918914,-0.0056433408577878375,0.00941141521771002
JNJ,2020-10-28,121.86,122.33,119.06,119.21,119.21,8426100,Healthcare,123.346,124.40500000000002,126.1375,127.52320000000002,124.39427009737696,125.7134193911101,-1.3191492937331333,-0.6782775793728225,123.34,4890100.0,124.01,5221300.0,127.6,7706400.0,25.313010342950506,-3.8706555922909502,-6.57523510971787,-0.0334846765039728,0.01329631310501234
JNJ,2020-10-29,118.9,119.5,117.22,118.2,118.2,7205400,Healthcare,121.98599999999999,123.54299999999998,125.701,127.31280000000001,123.44130546701128,125.15686980658343,-1.715564339572154,-0.8857349314126889,119.21,8426100.0,125.0,5279700.0,126.82,5978600.0,16.21160409556316,-5.44,-6.797035167954579,-0.00847244358694732,0.013305718032484776
JNJ,2020-10-30,117.76,118.5,115.15,118.13,118.13,7364100,Healthcare,120.58399999999999,122.596,125.30749999999998,127.0834,122.62418154900955,124.63636093202169,-2.012179383012139,-1.111023821732579,118.2,7205400.0,125.14,4154400.0,127.6,6097000.0,12.426035502958598,-5.601726066805179,-7.421630094043885,-0.0005922165820643199,0.01272728978842022
JNJ,2020-11-02,119.75,119.77,118.46,119.5,119.5,7088000,Healthcare,119.676,122.11100000000002,124.89649999999999,126.8584,122.1435382337773,124.25588975187193,-2.112351518094627,-1.3112893610049887,118.13,7364100.0,124.04,6929500.0,124.35,7250800.0,22.724296005239083,-3.660109642050957,-3.9002814636107663,0.011597392702954457,0.012338847201209804
JNJ,2020-11-03,120.64,121.45,118.71,119.33,119.33,6363000,Healthcare,118.874,121.58999999999999,124.56200000000001,126.6232,121.71068619781157,123.89100902951105,-2.1803228316994847,-1.485096055143888,119.5,7088000.0,123.34,4890100.0,124.54,5325400.0,22.813938198553643,-3.251175612129076,-4.183394893207004,-0.0014225941422594257,0.012229394800609156
JNJ,2020-11-04,120.18,122.81,119.5,120.11,120.11,10263500,Healthcare,119.054,121.2,124.197,126.405,121.46442678276364,123.61093428658431,-2.146507503820672,-1.6173783448792451,119.33,6363000.0,119.21,8426100.0,124.01,5221300.0,27.942143326758767,0.7549702206190778,-3.1449076687363964,0.0065364954328333,0.012691027973647382
JNJ,2020-11-05,121.1,122.2,119.99,120.42,120.42,8016200,Healthcare,119.498,120.74199999999999,123.804,126.189,121.30374573926154,123.37456878387437,-2.0708230446128226,-1.7080672848259608,120.11,10263500.0,118.2,7205400.0,125.0,5279700.0,25.644504748982428,1.878172588832494,-3.6640000000000006,0.002580967446507376,0.012274159363543584
JNJ,2020-11-06,120.97,123.37,120.32,122.56,122.56,5942500,Healthcare,120.38399999999999,120.48400000000001,123.428,126.00400000000002,121.497015625529,123.31423035543924,-1.8172147299102335,-1.7298967738428155,120.42,8016200.0,118.13,7364100.0,125.14,4154400.0,43.43360234776233,3.7501058156268474,-2.0616909061850763,0.017771134363062657,0.014002047391595229
JNJ,2020-11-09,127.89,128.37,124.86,125.86,125.86,12351600,Healthcare,121.65599999999999,120.66600000000001,123.1795,125.87360000000001,122.16824399083222,123.50280588466596,-1.3345618938337367,-1.6508297978409998,122.56,5942500.0,119.5,7088000.0,124.04,6929500.0,53.942652329749095,5.322175732217582,1.46726862302482,0.026925587467362844,0.01642140366189117
JNJ,2020-11-10,126.87,128.16,126.02,127.76,127.76,7386500,Healthcare,123.34200000000001,121.10799999999999,123.176,125.7852,123.02851414608881,123.81815359691292,-0.7896394508241116,-1.4785917284376224,125.86,12351600.0,119.33,6363000.0,123.34,4890100.0,60.35339591385974,7.064443140869869,3.5835900762120954,0.015096138566661477,0.016714845548439827
JNJ,2020-11-11,128.53,128.55,126.53,127.34,127.34,6382400,Healthcare,124.78800000000001,121.921,123.16299999999998,125.721,123.69181966207515,124.0790311082527,-0.38721144617755954,-1.26031567198561,127.76,7386500.0,120.11,10263500.0,119.21,8426100.0,56.67046750285063,6.019482141370425,6.819897659592322,-0.003287413901064462,0.011016222776146027
JNJ,2020-11-12,127.18,128.08,126.44,127.78,127.78,4710300,Healthcare,126.26000000000002,122.87900000000002,123.21100000000001,125.6258,124.32077048329435,124.35317695208585,-0.03240646879149267,-1.0147338313467864,127.34,6382400.0,120.42,8016200.0,118.2,7205400.0,57.39910313901345,6.111941537950516,8.10490693739425,0.003455316475577286,0.009769277736769812
JNJ,2020-11-13,128.46,129.59,127.87,129.15,129.15,5893500,Healthcare,127.578,123.981,123.2885,125.6318,125.06372887047984,124.70849717785727,0.35523169262256715,-0.7407407265529157,127.78,4710300.0,122.56,5942500.0,118.13,7364100.0,64.10822749861953,5.376958224543094,9.328705663252368,0.01072155266864927,0.00932594871785366
JNJ,2020-11-16,130.03,130.36,129.07,129.97,129.97,6266400,Healthcare,128.4,125.02799999999999,123.56949999999999,125.6706,125.81853981348294,125.09823812764562,0.7203016858373275,-0.44853224407486714,129.15,5893500.0,125.86,12351600.0,119.5,7088000.0,68.184311574328,3.26553313205149,8.761506276150621,0.006349206349206327,0.009311039461447082
JNJ,2020-11-17,129.24,129.78,128.48,128.68,128.68,7297700,Healthcare,128.584,125.96300000000001,123.77649999999998,125.7066,126.25876445756249,125.36355382189409,0.8952106356684055,-0.1797836681262126,129.97,6266400.0,127.76,7386500.0,119.33,6363000.0,80.76673164392467,0.720100187852224,7.8354143970502,-0.00992536739247507,0.010612363800421994
JNJ,2020-11-18,128.27,129.03,126.97,126.97,126.97,6661000,Healthcare,128.51,126.649,123.92450000000001,125.6664,126.36818531024518,125.48254983508713,0.885635475158054,0.03330016053064072,128.68,7297700.0,127.34,6382400.0,120.11,10263500.0,77.2529521441889,-0.2905607036280844,5.711431188077598,-0.01328877836493636,0.012518399418148763
JNJ,2020-11-19,126.91,127.05,125.44,126.78,126.78,7987700,Healthcare,128.31,127.28500000000001,124.0135,125.67040000000001,126.43154141636131,125.57865725471031,0.852884161651005,0.1972169607547136,126.97,6661000.0,127.78,4710300.0,120.42,8016200.0,76.68106107341148,-0.7825950853028618,5.281514698555068,-0.001496416476333029,0.012694267381748883
JNJ,2020-11-20,126.7,127.47,125.91,126.1,126.1,6354900,Healthcare,127.7,127.63899999999998,124.0615,125.6458,126.38053504461342,125.61727523584288,0.7632598087705418,0.31042553035787923,126.78,7987700.0,129.15,5893500.0,122.56,5942500.0,71.26288659793812,-2.3615950445218803,2.8883812010443766,-0.005363622022401038,0.012255701077648588
JNJ,2020-11-23,126.68,126.68,124.1,124.82,124.82,7318300,Healthcare,126.66999999999999,127.535,124.10049999999998,125.5858,126.1404527300575,125.55821781096563,0.5822349190918743,0.36478740810467825,126.1,6354900.0,129.97,6266400.0,125.86,12351600.0,66.5063138905592,-3.9624528737400966,-0.82631495312252,-0.010150674068199805,0.009479961021075779
JNJ,2020-11-24,124.93,125.59,124.59,124.82,124.82,11034800,Healthcare,125.898,127.24100000000001,124.17450000000001,125.5166,125.9373061562025,125.50353501015337,0.4337711460491249,0.3785841556935676,124.82,7318300.0,128.68,7297700.0,127.76,7386500.0,64.85804416403782,-2.999689151383289,-2.3011897307451568,0.0,0.007705137728895879
JNJ,2020-11-25,124.98,125.08,123.94,124.66,124.66,7594600,Healthcare,125.43599999999999,126.973,124.447,125.4526,125.74079751678673,125.4410509353272,0.29974658145953015,0.36281664084676013,124.82,11034800.0,126.97,6661000.0,127.34,6382400.0,63.503184713375774,-1.8193274001732762,-2.1046018533061095,-0.0012818458580355907,0.0077026417650043755
JNJ,2020-11-27,125.37,125.51,124.26,124.93,124.93,3059000,Healthcare,125.066,126.68799999999999,124.7835,125.4152,125.61605943728108,125.40319531048814,0.21286412679293676,0.3328261380359955,124.66,7594600.0,126.78,7987700.0,127.78,4710300.0,58.56832971800434,-1.4592206972708577,-2.2303959931131545,0.002165891224129801,0.007609578992995988
JNJ,2020-11-30,125.13,125.68,124.12,125.52,125.52,15663200,Healthcare,124.95,126.325,125.15300000000002,125.355,125.60128106231477,125.41184750971125,0.1894335526035178,0.3041476209495,124.93,3059000.0,126.1,6354900.0,129.15,5893500.0,48.471223021582716,-0.4599524187153037,-2.8106852497096435,0.0047226446810213485,0.006651524659090326
JNJ,2020-12-01,126.92,129.38,126.55,127.93,127.93,9738200,Healthcare,125.572,126.12100000000001,125.57450000000001,125.4132,125.95954551426635,125.59837732380672,0.36116819045963666,0.3155517348515273,125.52,15663200.0,124.82,7318300.0,129.97,6266400.0,50.730868443680144,2.4915878865566565,-1.5695929829960709,0.01920012746972599,0.009325349673622155
JNJ,2020-12-02,128.27,129.89,128.14,128.52,128.52,7745500,Healthcare,126.31199999999998,126.10499999999999,126.03399999999999,125.49860000000001,126.3534615889946,125.81479381833955,0.5386677706550529,0.3601749420122325,127.93,9738200.0,124.82,11034800.0,128.68,7297700.0,55.00000000000002,2.9642685467072827,-0.12433944668945873,0.0046118971312436585,0.009000679095610675
JNJ,2020-12-03,128.44,129.77,128.13,129.27,129.27,7310500,Healthcare,127.23400000000001,126.335,126.492,125.595,126.80215980607235,126.07073501698106,0.7314247890912924,0.4344249114280445,128.52,7745500.0,124.66,7594600.0,126.97,6661000.0,56.151940545004166,3.698058719717645,1.811451523982055,0.005835667600373462,0.007841257211346658
JNJ,2020-12-04,129.96,130.41,129.51,130.37,130.37,6747100,Healthcare,128.322,126.694,126.98949999999999,125.7094,127.35105829744583,126.38919908979729,0.9618592076485442,0.5399117706721445,129.27,7310500.0,124.93,3059000.0,126.78,7987700.0,55.152027027027025,4.354438485551904,2.8316769206499393,0.008509321574998063,0.008007061937965174
JNJ,2020-12-07,129.57,130.06,128.85,129.24,129.24,6634700,Healthcare,129.066,127.00800000000001,127.32350000000001,125.7842,127.6416647132234,126.60036952759009,1.0412951856333166,0.6401884536643789,130.37,6747100.0,125.52,15663200.0,126.1,6354900.0,46.99588477366259,2.9636711281070927,2.490087232355287,-0.008667638260335897,0.008439013421542529
JNJ,2020-12-08,130.14,131.99,129.75,131.48,131.48,8339800,Healthcare,129.776,127.67400000000002,127.6045,125.87880000000001,128.23217783426594,126.96182363665748,1.2703541976084551,0.7662216024531943,129.24,6634700.0,127.93,9738200.0,124.82,7318300.0,60.6870229007633,2.774955053544903,5.335683384073064,0.017332095326524133,0.008337824938769558
JNJ,2020-12-09,132.59,133.17,131.67,132.83,132.83,8440100,Healthcare,130.638,128.475,127.85799999999999,126.00120000000001,128.93953509053273,127.39650336727546,1.543031723257272,0.9215836266140098,131.48,8339800.0,128.52,7745500.0,124.82,11034800.0,72.99843014128732,3.3535636476812902,6.4172408267906045,0.010267721326437718,0.00825223110817951
JNJ,2020-12-10,132.58,132.72,131.6,132.09,132.09,7392900,Healthcare,131.202,129.21800000000002,128.09550000000002,126.0774,129.42422199968155,127.74416978451431,1.6800522151672368,1.0732773443246553,132.83,8440100.0,129.27,7310500.0,124.66,7594600.0,69.97742663656882,2.181480621954046,5.96021177603081,-0.005571030640668551,0.008782749836012464
JNJ,2020-12-11,131.47,133.1,131.21,132.7,132.7,5977400,Healthcare,131.66799999999998,129.995,128.3415,126.1928,129.9281878458844,128.11126831899475,1.8169195268896488,1.2220057808376539,132.09,7392900.0,130.37,6747100.0,124.93,3059000.0,74.96217851739786,1.7872209864232547,6.219482910429819,0.004618063441592657,0.008702615866528499
JNJ,2020-12-14,132.96,133.16,129.26,129.33,129.33,8547300,Healthcare,131.68599999999998,130.376,128.35049999999998,126.2594,129.83615894651757,128.20154473980995,1.6346142067076244,1.304527466011648,132.7,5977400.0,129.24,6634700.0,125.52,15663200.0,64.72893533638154,0.0696378830083555,3.035372848948392,-0.0253956292388845,0.013250308578661883
JNJ,2020-12-15,130.14,130.79,129.73,130.63,130.63,7612600,Healthcare,131.51600000000002,130.64600000000002,128.3835,126.3176,129.95828833936102,128.38143031463883,1.5768580247221848,1.3589935777537554,129.33,8547300.0,131.48,8339800.0,127.93,9738200.0,67.48946417820595,-0.646486157590509,2.110529195653865,0.010051805458903385,0.012294559723474548
JNJ,2020-12-16,130.31,130.94,129.75,129.85,129.85,8486100,Healthcare,130.92000000000002,130.779,128.442,126.3942,129.94162859484393,128.4902132542952,1.4514153405487207,1.3774779303127485,130.63,7612600.0,132.83,8440100.0,128.52,7745500.0,65.06094022054558,-2.243469095836792,1.0348583877995532,-0.005971063308581548,0.0125135123481374
JNJ,2020-12-17,130.22,133.51,130.1,133.28,133.28,9920300,Healthcare,131.158,131.18,128.7575,126.5116,130.4552241956372,128.84501227249555,1.6102119231416339,1.4240247288785257,129.85,8486100.0,132.09,7392900.0,129.27,7310500.0,70.47572339382053,0.9009009009008917,3.102034501431117,0.026415094339622636,0.01485234647566905
JNJ,2020-12-18,133.31,134.56,131.59,134.05,134.05,17137200,Healthcare,131.428,131.548,129.121,126.62700000000001,131.00826662707763,129.23056691897736,1.777699708100272,1.494759724722875,133.28,9920300.0,132.7,5977400.0,130.37,6747100.0,70.73407875546918,1.0173323285606717,2.8227352918616333,0.005777310924369727,0.014767879171307981
JNJ,2020-12-21,131.88,133.1,130.18,132.76,132.76,7893400,Healthcare,132.114,131.9,129.454,126.6806,131.27776406906568,129.49200640646052,1.7857576626051639,1.5529593122993328,134.05,17137200.0,129.33,8547300.0,129.24,6634700.0,62.41645244215935,2.65213020954147,2.7236149798823828,-0.009623274897426537,0.014853790197674114
JNJ,2020-12-22,132.22,133.52,131.75,132.5,132.5,4699500,Healthcare,132.488,132.002,129.83800000000002,126.714,131.4658003661325,129.7148207467227,1.7509796194098044,1.5925633737214273,132.76,7893400.0,130.63,7612600.0,131.48,8339800.0,60.40794979079496,1.4315241521855704,0.7757833891086197,-0.00195842121120815,0.013982459367544418
JNJ,2020-12-23,132.57,133.26,131.79,131.82,131.82,4607300,Healthcare,132.882,131.901,130.188,126.7938,131.52029261749675,129.87075995066917,1.6495326668275823,1.6039572323426583,132.5,4699500.0,129.85,8486100.0,132.83,8440100.0,56.69291338582673,1.5171351559491786,-0.7603703982534182,-0.005132075471698139,0.013676010942497029
JNJ,2020-12-24,131.74,132.78,131.72,132.28,132.28,2114900,Healthcare,132.68200000000002,131.92000000000002,130.56900000000002,126.8874,131.6371706763434,130.04922217654553,1.587948499797875,1.6007554858337019,131.82,4607300.0,133.28,9920300.0,132.09,7392900.0,55.18739815317761,-0.7503001200480197,0.14384132031191044,0.0034896070399028645,0.013615897043426538
JNJ,2020-12-28,133.02,133.5,132.13,132.91,132.91,3855500,Healthcare,132.454,131.941,130.968,127.0092,131.83299057229056,130.26113164494956,1.5718589273409975,1.5949761741351611,132.28,2114900.0,134.05,17137200.0,132.7,5977400.0,60.245672808486844,-0.8504289444237312,0.1582516955538793,0.004762624735409782,0.013621152641304469
JNJ,2020-12-29,133.7,134.42,133.44,133.73,133.73,5212000,Healthcare,132.648,132.381,131.37849999999997,127.1318,132.12483817655354,130.51808485643477,1.60675332011877,1.597331603331883,132.91,3855500.0,132.76,7893400.0,129.33,8547300.0,56.82231655548817,0.7306417595661419,3.402149539936583,0.0061695884433075054,0.010263525262103033
JNJ,2020-12-30,134.25,135.67,134.13,135.39,135.39,5412800,Healthcare,133.22599999999997,132.857,131.7515,127.3526,132.62717076477608,130.87896745966182,1.7482033051142594,1.6275059436883583,133.73,5212000.0,132.5,4699500.0,130.63,7612600.0,57.61904761904755,2.181132075471681,3.6438796601087065,0.01241307111343759,0.01045891334359324
JNJ,2020-12-31,135.8,136.78,134.57,136.54,136.54,5099900,Healthcare,134.17000000000002,133.526,132.1525,127.5926,133.22914449327206,131.2983032033906,1.9308412898814709,1.688173012926981,135.39,5412800.0,131.82,4607300.0,129.85,8486100.0,62.9285299244625,3.580640267030799,5.152098575279163,0.008493980353054154,0.009971799749938181
JNJ,2021-01-04,136.42,136.54,133.72,135.78,135.78,11765900,Healthcare,134.86999999999998,133.776,132.478,127.82800000000002,133.62158380199944,131.63028074388018,1.9913030581192572,1.7487990219654364,136.54,5099900.0,132.28,2114900.0,133.28,9920300.0,58.87096774193552,2.6459026307831923,1.8757503001200382,-0.005566134466090444,0.0070777675973284935
JNJ,2021-01-05,135.56,137.74,134.54,137.37,137.37,9602300,Healthcare,135.762,134.108,132.828,128.0754,134.19826321707646,132.05544513322238,2.142818083854081,1.8276028343431654,135.78,11765900.0,132.91,3855500.0,134.05,17137200.0,75.80231065468544,3.3556542020916513,2.4766878030585637,0.011710119310649691,0.007664813981789834
JNJ,2021-01-06,136.42,139.01,135.97,138.67,138.67,8230100,Healthcare,136.74999999999997,134.69899999999998,133.2995,128.346,134.8862227221416,132.5454121603911,2.3408105617505157,1.9302443798246356,137.37,9602300.0,133.73,5212000.0,132.76,7893400.0,75.80231065468544,3.6940103193000784,4.451642060861705,0.009463492756788039,0.0066227720403411044
JNJ,2021-01-07,137.95,139.71,137.38,139.14,139.14,7747200,Healthcare,137.49999999999997,135.363,133.68249999999998,128.648,135.5406499956583,133.03390014851027,2.506749847148029,2.0455454732893146,138.67,8230100.0,135.39,5412800.0,132.5,4699500.0,80.41912246234442,2.7697762020828742,5.011320754716975,0.00338934160236537,0.00625963175713471
JNJ,2021-01-08,139.26,139.77,138.71,138.85,138.85,8228900,Healthcare,137.962,136.06599999999997,133.9835,128.9582,136.04978076555702,133.46472235973175,2.585058405825265,2.1534480597965047,139.14,7747200.0,136.54,5099900.0,131.82,4607300.0,72.95960428689199,1.691811923245945,5.333029889242913,-0.002084231709069906,0.005770970502264549
JNJ,2021-01-11,139.3,139.96,137.75,138.27,138.27,7066200,Healthcare,138.45999999999998,136.665,134.2925,129.33939999999998,136.39135295547132,133.82066885160347,2.5706841038678476,2.2368952686107733,138.85,8228900.0,135.78,11765900.0,132.28,2114900.0,67.67169179229485,1.833848873177213,4.52827335954038,-0.004177169607489928,0.0064913195621005065
JNJ,2021-01-12,138.08,138.52,136.5,137.19,137.19,6903200,Healthcare,138.424,137.093,134.517,129.7192,136.51422173155265,134.07024893666988,2.443972794882768,2.2783107738651722,138.27,7066200.0,137.37,9602300.0,132.91,3855500.0,68.88320545609557,-0.13103297663246138,3.220224211872691,-0.007810804946843275,0.007556037764974573
JNJ,2021-01-13,137.28,137.48,135.99,136.98,136.98,6643100,Healthcare,138.086,137.41799999999998,134.8995,130.09619999999998,136.5858799266984,134.2857860524721,2.3000938742262917,2.282667393937396,137.19,6903200.0,138.67,8230100.0,133.73,5212000.0,69.17808219178082,-1.2187207038292347,2.430269946907959,-0.0015307238136891277,0.007611957707100367
JNJ,2021-01-14,139.2,140.51,138.48,139.38,139.38,10030800,Healthcare,138.13400000000001,137.817,135.337,130.4938,137.01574455336018,134.66313523377048,2.3526093195897033,2.2966557790678577,136.98,6643100.0,139.14,7747200.0,135.39,5412800.0,78.20895522388065,0.17248814144028568,2.9470418790161768,0.01752080595707417,0.008478325046892896
JNJ,2021-01-15,139.07,140.04,138.04,139.07,139.07,7630800,Healthcare,138.178,138.07,135.798,130.8886,137.33178385284322,134.98956966089858,2.3422141919446346,2.305767461643213,139.38,10030800.0,138.85,8228900.0,136.54,5099900.0,75.62264150943399,0.15844436442202792,1.852936868316979,-0.0022241354570239347,0.00837516403738958
JNJ,2021-01-19,140.55,141.45,139.77,141.23,141.23,9057600,Healthcare,138.77,138.615,136.19549999999998,131.311,137.93150941394424,135.4518237600913,2.479685653852954,2.340551100085161,139.07,7630800.0,138.27,7066200.0,135.78,11765900.0,78.14614343707716,2.140739133579217,4.013845927235216,0.015531746602430507,0.008932869105640139
JNJ,2021-01-20,141.59,142.41,140.38,140.88,140.88,6839900,Healthcare,139.50799999999998,138.96599999999998,136.537,131.7202,138.3851233502605,135.85391088897342,2.531212461287083,2.3786833723255456,141.23,9057600.0,137.19,6903200.0,137.37,9602300.0,74.9825296995109,2.689700415482177,2.5551430443328194,-0.002478227005593636,0.008691986008978329
JNJ,2021-01-21,139.96,140.97,138.87,140.32,140.32,6818000,Healthcare,140.176,139.131,136.915,132.0754,138.68279668098967,136.184732304605,2.4980643763846615,2.402559573137369,140.88,6839900.0,136.98,6643100.0,138.67,8230100.0,68.660105980318,2.4383121623594795,1.1898752433835869,-0.003975014196479276,0.008543644109816147
JNJ,2021-01-22,140.86,143.29,140.44,141.89,141.89,8137000,Healthcare,140.678,139.406,137.38449999999997,132.39600000000002,139.176212576222,136.60734472648613,2.568867849735881,2.4358212284570713,140.32,6818000.0,139.38,10030800.0,139.14,7747200.0,69.62582538517978,1.8008322571387403,1.9764266206698355,0.011188711516533667,0.009101835956787164
JNJ,2021-01-25,143.16,144.1,141.99,144.0,144.0,9924400,Healthcare,141.664,139.921,137.99349999999998,132.7208,139.9183337183417,137.1549488208205,2.763384897521206,2.5013339622698982,141.89,8137000.0,139.07,7630800.0,138.85,8228900.0,77.43658210947932,3.5449773495362047,3.709038530788633,0.01487067446613577,0.009809007092153025
JNJ,2021-01-26,147.23,150.66,146.96,147.91,147.91,14205700,Healthcare,143.0,140.885,138.775,133.13219999999998,141.14782083859683,137.9516192785375,3.196201560059336,2.6403074818277856,144.0,9924400.0,141.23,9057600.0,138.27,7066200.0,80.46242774566474,4.729873256390293,6.971866637737745,0.027152777777777803,0.011814789242897498
JNJ,2021-01-27,146.73,148.29,145.28,145.65,145.65,14207300,Healthcare,143.954,141.731,139.412,133.4896,141.840463786505,138.52186970234953,3.318594084155478,2.7759648022933243,147.91,14205700.0,140.88,6839900.0,137.19,6903200.0,69.11281489594748,3.385860306643962,6.166630220861591,-0.015279561895747307,0.013017610223326172
JNJ,2021-01-28,145.93,148.24,145.58,146.76,146.76,8944400,Healthcare,145.24200000000002,142.709,140.0635,133.8418,142.59731551165808,139.13210157624957,3.4652139354085136,2.913814628916362,145.65,14207300.0,140.32,6818000.0,136.98,6643100.0,70.1587301587302,4.589509692132276,7.1397284275076744,0.007621009268794943,0.012742063993444666
JNJ,2021-01-29,142.51,144.02,139.29,141.53,141.53,22505900,Healthcare,145.17000000000002,142.924,140.37050000000002,134.07299999999998,142.43311312524915,139.30972368171257,3.123389443536581,2.955729591840406,146.76,8944400.0,141.89,8137000.0,139.38,10030800.0,55.62080536912754,-0.25371766861652656,1.5425455589037185,-0.035636413191605265,0.01790435091058766
JNJ,2021-02-01,143.42,143.42,141.07,141.17,141.17,9971400,Healthcare,144.60399999999998,143.134,140.60199999999998,134.3228,142.23878802905696,139.44752192751162,2.7912661015453466,2.922836893781394,141.53,22505900.0,144.0,9924400.0,139.07,7630800.0,56.138865368331864,-1.9652777777777852,1.5100309196807382,-0.0025436303257261317,0.017912369372235747
JNJ,2021-02-02,141.75,141.99,139.84,139.9,139.9,11443300,Healthcare,143.002,143.00099999999998,140.808,134.5814,141.87897448612512,139.48103882177003,2.3979356643550886,2.817856647896133,141.17,9971400.0,147.91,14205700.0,141.23,9057600.0,55.69088618227638,-5.415455344466224,-0.9417262621255973,-0.008996245661259339,0.017473532669941814
JNJ,2021-02-03,139.63,140.13,138.44,139.25,139.25,8601900,Healthcare,141.72199999999998,142.83800000000002,140.902,134.8308,141.4745168728751,139.46392483497223,2.0105920379028817,2.6564037258974826,139.9,11443300.0,145.65,14207300.0,140.88,6839900.0,54.68041237113405,-4.3940954342602145,-1.1570130607609252,-0.004646175839885691,0.017509974301628584
JNJ,2021-02-04,139.68,140.63,138.61,140.54,140.54,7758100,Healthcare,140.478,142.86,140.9955,135.11960000000002,141.33074504627893,139.54363410645578,1.787110939823151,2.4825451686826163,139.25,8601900.0,146.76,8944400.0,140.32,6818000.0,52.50648228176318,-4.238212046879253,0.1567844925883577,0.009263913824057335,0.01776078328726198
JNJ,2021-02-05,143.03,143.53,142.16,142.67,142.67,9495300,Healthcare,140.706,142.938,141.172,135.4766,141.53678426992832,139.77521676523682,1.7615675046914987,2.3383496358843927,140.54,7758100.0,141.53,22505900.0,141.89,8137000.0,57.21153846153847,0.8054829364798843,0.5497216153358186,0.015155827522413512,0.018072602033334904
JNJ,2021-02-08,143.18,143.95,142.18,143.08,143.08,6035300,Healthcare,141.08800000000002,142.846,141.38349999999997,135.8418,141.77420207455472,140.02001552336742,1.7541865511873027,2.221517018944975,142.67,9495300.0,141.17,9971400.0,144.0,9924400.0,53.9853511417493,1.3529786781894426,-0.6388888888888777,0.0028737646316676635,0.017413291211131995
JNJ,2021-02-09,143.33,144.53,143.13,144.25,144.25,5544200,Healthcare,141.958,142.48000000000002,141.68249999999998,136.2336,142.15509406308476,140.33334770682168,1.821746356263077,2.1415628864085954,143.08,6035300.0,139.9,11443300.0,147.91,14205700.0,57.01206824802332,3.109363831308065,-2.4744777229396275,0.008177243500139708,0.014920098019607817
JNJ,2021-02-10,145.66,145.7,143.76,144.72,144.72,5921300,Healthcare,143.052,142.387,142.059,136.62939999999998,142.54969497645635,140.65828491372378,1.8914100627325752,2.0915323216733914,144.25,5544200.0,139.25,8601900.0,145.65,14207300.0,59.18964076858816,3.928186714542181,-0.6385169927909384,0.0032582322357019855,0.014280092943779566
JNJ,2021-02-11,144.89,145.22,143.67,144.07,144.07,4871300,Healthcare,143.75799999999998,142.118,142.41349999999997,137.0004,142.7835880570015,140.91100454974423,1.872583507257275,2.0477425587901683,144.72,5921300.0,140.54,7758100.0,146.76,8944400.0,54.73501303214597,2.5117404297708923,-1.8329245025892615,-0.004491431730237694,0.014021628295792957
JNJ,2021-02-12,142.63,144.76,142.28,144.52,144.52,4413100,Healthcare,144.128,142.417,142.6705,137.3322,143.05072835592435,141.17833754605945,1.8723908098648963,2.012672209005114,144.07,4871300.0,142.67,9495300.0,141.53,22505900.0,51.2172284644195,1.296698675264607,2.1126262983113264,0.0031234816408691746,0.007418757605787533
JNJ,2021-02-16,144.52,144.93,142.84,143.21,143.21,5656100,Healthcare,144.154,142.621,142.8775,137.626,143.07523168578214,141.32883106116617,1.7464006246159727,1.9594178921272858,144.52,4413100.0,143.08,6035300.0,141.17,9971400.0,37.47334754797444,0.09085826111265849,1.44506623220233,-0.009064489344035476,0.008126774971364093
JNJ,2021-02-17,143.13,144.1,142.6,143.72,143.72,6676700,Healthcare,144.048,143.003,143.002,137.915,143.17442681104643,141.50595468626497,1.6684721247814593,1.9012287386581206,143.21,5656100.0,144.25,5544200.0,139.9,11443300.0,44.32686654908875,-0.3674176776429783,2.730521801286634,0.0035612038265484536,0.0072539441344702015
JNJ,2021-02-18,143.12,144.16,142.54,143.79,143.79,5189100,Healthcare,143.862,143.45700000000002,143.14749999999998,138.1834,143.26913037857776,141.67514322802313,1.593987150554625,1.8397804210374216,143.72,6676700.0,144.72,5921300.0,139.25,8601900.0,40.701314965560435,-0.642620232172475,3.2603231597845506,0.0004870581686613473,0.0068447542327086915
JNJ,2021-02-19,143.67,143.99,141.34,141.4,141.4,8190900,Healthcare,143.328,143.54299999999998,143.2015,138.4266,142.98157185879654,141.65476224816956,1.3268096106269809,1.7371862589553335,143.79,5189100.0,144.07,4871300.0,140.54,7758100.0,49.50495049504952,-1.85326577358228,0.6119254304824295,-0.016621461854092634,0.008897908955143728
JNJ,2021-02-22,141.31,141.9,139.93,141.31,141.31,6447100,Healthcare,142.686,143.407,143.1725,138.6232,142.72440695744322,141.62922430386072,1.0951826535824978,1.6087855378807665,141.4,8190900.0,144.52,4413100.0,142.67,9495300.0,50.544323483670354,-2.2211458621644087,-0.9532487558701841,-0.0006364922206506529,0.007293248053215607
JNJ,2021-02-23,140.97,142.46,140.03,140.06,140.06,7042800,Healthcare,142.05599999999998,143.105,142.9755,138.7678,142.31449819475964,141.5129854665377,0.8015127282219225,1.4473309759489978,141.31,6447100.0,143.21,5656100.0,143.08,6035300.0,50.62305295950154,-2.199567069338737,-2.110707296617287,-0.008845800014153249,0.007550589053200201
JNJ,2021-02-24,141.78,143.51,140.48,141.94,141.94,10286100,Healthcare,141.7,142.874,142.677,138.9648,142.25688308787355,141.5446161727201,0.7122669151534353,1.3003181637898855,140.06,7042800.0,143.72,6676700.0,144.25,5544200.0,59.559346126510306,-1.2385193431672659,-1.6013864818024248,0.01342281879194629,0.008470485693050074
JNJ,2021-02-25,142.41,142.91,141.42,142.09,142.09,9719700,Healthcare,141.35999999999999,142.611,142.49899999999997,139.1526,142.23120876666223,141.58501497474086,0.6461937919213767,1.1694932894161838,141.94,10286100.0,143.79,5189100.0,144.72,5921300.0,55.99381283836044,-1.182279713471024,-1.817302377003871,0.0010567845568549838,0.008358619143787391
JNJ,2021-02-26,141.43,141.78,137.91,138.34,138.34,14417500,Healthcare,140.748,142.03799999999998,142.078,139.33280000000002,141.63256126409883,141.3446434951304,0.2879177689684127,0.9931781853266296,142.09,9719700.0,141.4,8190900.0,144.07,4871300.0,35.12027491408942,-2.1640735502121644,-3.9772332893732165,-0.02639172355549302,0.011442168270039773
JNJ,2021-03-01,140.95,141.02,138.89,139.09,139.09,10551400,Healthcare,140.304,141.495,141.956,139.50199999999998,141.241397992699,141.17763286586148,0.06376512683752367,0.8072955736288085,138.34,14417500.0,141.31,6447100.0,144.52,4413100.0,36.60174613834784,-1.571014082513622,-3.7572654303902664,0.005421425473471242,0.011622574528036578
JNJ,2021-03-02,139.49,140.36,138.46,138.82,138.82,7610900,Healthcare,140.05599999999998,141.05599999999998,141.8385,139.6814,140.86887522459148,141.00299339431618,-0.13411816972470092,0.6190128249581067,139.09,10551400.0,140.06,7042800.0,143.21,5656100.0,30.59328091493923,-0.8853348564900831,-3.0654283918720826,-0.0019411891580991547,0.011478819543333367
JNJ,2021-03-03,138.15,138.72,136.24,136.38,136.38,8499600,Healthcare,138.94400000000002,140.32199999999997,141.6625,139.7434,140.1782790361928,140.66054943918164,-0.4822704029888314,0.3987561793687191,138.82,7610900.0,141.94,10286100.0,143.72,6676700.0,23.872180451127818,-3.9171480907425726,-5.107152797105485,-0.017576718052153883,0.012058005175262185
JNJ,2021-03-04,136.18,136.28,132.23,133.63,133.63,11033200,Healthcare,137.252,139.30599999999998,141.38150000000002,139.735,139.17085149216314,140.13976799924228,-0.9689165070791432,0.12522164207914666,136.38,8499600.0,142.09,9719700.0,143.79,5189100.0,21.096345514950173,-5.9539728341192255,-7.065859934626884,-0.020164246957031784,0.012732484408556705
JNJ,2021-03-05,134.42,136.79,133.68,136.28,136.28,8331600,Healthcare,136.84,138.794,141.16850000000002,139.80540000000002,138.72610510875342,139.85385925855766,-1.1277541498042467,-0.12537351629753202,133.63,11033200.0,138.34,14417500.0,141.4,8190900.0,29.66436327739386,-1.4890848633800746,-3.6209335219236194,0.019830876300231948,0.01479522833163407
JNJ,2021-03-08,137.06,139.09,136.17,137.41,137.41,6546700,Healthcare,136.504,138.404,140.90550000000002,139.9036,138.52362739971443,139.67283264681265,-1.149205247098223,-0.33013986245767024,136.28,8331600.0,139.09,10551400.0,141.31,6447100.0,35.55776892430275,-1.2078510317060975,-2.7598896044158328,0.008291752274728559,0.015255000163848773
JNJ,2021-03-09,136.96,140.33,136.96,137.67,137.67,7461300,Healthcare,136.274,138.165,140.63500000000002,140.0206,138.39230010745067,139.5244746729747,-1.132174565524025,-0.49054680307094123,137.41,6546700.0,138.82,7610900.0,140.06,7042800.0,34.745335350479024,-0.8284108918023336,-1.7064115379123335,0.0018921475875117721,0.015151085674866692
JNJ,2021-03-10,138.65,139.59,137.38,138.94,138.94,6635600,Healthcare,136.786,137.86499999999998,140.36950000000002,140.1538,138.47656162938134,139.48118025275434,-1.0046186233730054,-0.5933611671313541,137.67,7461300.0,136.38,8499600.0,141.94,10286100.0,38.468854018069436,1.8771080803636986,-2.113569113710023,0.009224958233456926,0.014740715698196325
JNJ,2021-03-11,139.28,140.23,138.74,138.93,138.93,6305600,Healthcare,137.84599999999998,137.549,140.07999999999998,140.2742,138.5463213787073,139.44035208588366,-0.8940307071763698,-0.6534950751403572,138.94,6635600.0,133.63,11033200.0,142.09,9719700.0,43.37801608579088,3.9661752600464117,-2.2239425716095385,-7.197351374688132e-05,0.014718710261907108
JNJ,2021-03-12,139.05,139.95,138.97,139.33,139.33,5474800,Healthcare,138.456,137.648,139.84300000000002,140.3862,138.66688732044463,139.43217785729968,-0.7652905368550478,-0.6758541674832953,138.93,6305600.0,136.28,8331600.0,138.34,14417500.0,44.778481012658254,2.238039330789565,0.7156281624981942,0.002879147772259394,0.012026022904549752
JNJ,2021-03-15,139.46,140.26,138.37,140.05,140.05,5524100,Healthcare,138.984,137.744,139.61950000000002,140.4794,138.87967388653007,139.47794246046269,-0.5982685739326143,-0.6603370487731591,139.33,5474800.0,137.41,6546700.0,139.09,10551400.0,49.97287032013025,1.9212575503966267,0.6902005895463414,0.005167587741333524,0.012015397496083437
JNJ,2021-03-16,140.08,141.15,139.89,140.88,140.88,6369100,Healthcare,139.62600000000003,137.95,139.50300000000001,140.5662,139.18741636552545,139.5817985745025,-0.39438220897704923,-0.6071460808139372,140.05,5524100.0,137.67,7461300.0,138.82,7610900.0,46.95051783659378,2.3316626716060274,1.4839360322720152,0.005926454837557937,0.01207679273495889
JNJ,2021-03-17,140.4,141.19,139.27,140.35,140.35,6001400,Healthcare,139.908,138.34699999999998,139.3345,140.65759999999997,139.36627538621383,139.6387023837986,-0.2724269975847733,-0.5402022641681045,140.88,6369100.0,138.94,6635600.0,136.38,8499600.0,45.101351351351326,1.0148265438318704,2.9109840152514943,-0.0037620670073821305,0.01030759638996871
JNJ,2021-03-18,139.86,140.98,139.64,140.09,140.09,4801800,Healthcare,140.14000000000001,138.993,139.1495,140.712,139.47761763448864,139.67213183685055,-0.19451420236191552,-0.47106465180686674,140.35,6001400.0,138.93,6305600.0,133.63,11033200.0,56.13174491941136,0.8349528539552287,4.83424380752826,-0.0018525115781973245,0.00677025953236154
JNJ,2021-03-19,140.28,140.99,139.22,139.71,139.71,14891500,Healthcare,140.216,139.336,139.065,140.7328,139.51336876764424,139.67493688597273,-0.16156811832848916,-0.40916534511119124,140.09,4801800.0,139.33,5474800.0,136.28,8331600.0,52.23021582733815,0.27273379745926807,2.5168770179043287,-0.002712541937325952,0.004595683539360779
JNJ,2021-03-22,138.2,140.25,137.93,140.12,140.12,7544100,Healthcare,140.23,139.607,139.0055,140.7524,139.6066966495451,139.70790452404884,-0.10120787450372859,-0.34757385098969873,139.71,14891500.0,140.05,5524100.0,137.41,6546700.0,54.62962962962968,0.04998214923241928,1.9721999854450223,0.0029346503471476826,0.00413439736518675
JNJ,2021-03-23,139.86,140.73,138.7,139.99,139.99,7178300,Healthcare,140.052,139.839,139.002,140.7752,139.66566639576894,139.7288004852304,-0.06313408946147092,-0.2906858986840532,140.12,7544100.0,140.88,6369100.0,137.67,7461300.0,65.38789428815015,-0.6317433276547324,1.6851892205999919,-0.0009277761918354832,0.004234687512249057
JNJ,2021-03-24,139.77,141.84,139.52,141.35,141.35,6370100,Healthcare,140.252,140.08,138.9725,140.8368,139.92479464257372,139.84888933817632,0.07590530439739496,-0.2173676580677636,139.99,7178300.0,140.35,6001400.0,138.94,6635600.0,87.33075435203114,0.7125044531528291,1.7345616813012832,0.009714979641402888,0.004333373267692956
JNJ,2021-03-25,141.81,141.82,140.24,141.4,141.4,6269800,Healthcare,140.514,140.327,138.938,140.921,140.151749312947,139.96378642423736,0.18796288870964872,-0.13630154871228112,141.35,6370100.0,140.09,4801800.0,138.93,6305600.0,83.07493540051703,0.9351131415518577,1.7778737493701957,0.00035373187124165817,0.00431576364578875
JNJ,2021-03-26,141.5,144.13,140.88,143.98,143.98,7619200,Healthcare,141.368,140.792,139.22,141.061,140.740710957109,140.2612837261457,0.47942723096329587,-0.01315579277716572,141.4,6269800.0,139.71,14891500.0,139.33,5474800.0,85.74537540805242,3.0563309712976716,3.3374004162778803,0.0182461103253182,0.006783832378347169
JNJ,2021-03-29,143.02,145.82,142.85,144.95,144.95,8535100,Healthcare,142.334,141.28199999999998,139.51299999999998,141.1724,141.38829388678454,140.6085960427275,0.7796978440570399,0.14541493458967542,143.98,7619200.0,140.12,7544100.0,140.05,5524100.0,86.76767676767696,3.4470453896659814,3.498750446269172,0.0067370468120571125,0.006849450146597975
JNJ,2021-03-30,144.06,144.62,143.37,144.05,144.05,7236300,Healthcare,143.14600000000002,141.599,139.7745,141.27200000000002,141.79778713497154,140.8635148543773,0.9342722805942287,0.3031864037905861,144.95,8535100.0,139.99,7178300.0,140.88,6369100.0,76.81007345225635,2.900207157654111,2.25014196479274,-0.006209037599172018,0.007416614499044542
JNJ,2021-03-31,144.01,144.39,142.91,143.48,143.48,8281500,Healthcare,143.572,141.912,140.1295,141.31699999999998,142.0565891142067,141.0573285688679,0.9992605453388137,0.44240123210023163,144.05,7236300.0,141.35,6370100.0,140.35,6001400.0,72.5470763131814,1.5068977714892018,2.2301389383683645,-0.003956959389101122,0.00743440958438929
JNJ,2021-04-01,141.95,143.03,141.65,142.15,142.15,7229700,Healthcare,143.72199999999998,142.118,140.5555,141.3424,142.07096001971337,141.1382671933962,0.9326928263171794,0.5404595509436212,143.48,8281500.0,141.4,6269800.0,140.09,4801800.0,62.79491833030859,0.5304101838755404,1.4704832607609353,-0.009269584611095505,0.008216158470996965
JNJ,2021-04-05,142.86,143.83,142.0,142.67,142.67,7387100,Healthcare,143.45999999999998,142.414,140.875,141.3894,142.16312001668055,141.25172888277424,0.9113911339063065,0.6146458675361584,142.15,7229700.0,143.98,7619200.0,139.71,14891500.0,62.10720887245841,-0.909848590081952,2.1186743969651367,0.0036581076327821815,0.008100168888738704
JNJ,2021-04-06,143.24,143.63,142.3,142.64,142.64,5074200,Healthcare,142.998,142.666,141.1365,141.40439999999998,142.23648616796046,141.3545637803465,0.8819223876139688,0.6681011715517204,142.67,7387100.0,144.95,8535100.0,140.12,7544100.0,58.782435129740534,-1.593652983787519,1.7984584641735468,-0.00021027546085372606,0.008126385104707114
JNJ,2021-04-07,142.78,143.42,142.58,142.83,142.83,4608000,Healthcare,142.754,142.95,141.3945,141.38099999999997,142.32779598827423,141.4638553521727,0.863940636101546,0.7072690644616856,142.64,5074200.0,144.05,7236300.0,139.99,7178300.0,62.809917355372065,-0.8469281499479342,2.028716336881198,0.0013320246775099243,0.008072925672084274
JNJ,2021-04-08,143.17,143.27,142.17,142.27,142.27,5039400,Healthcare,142.512,143.042,141.56099999999998,141.2682,142.3189042977705,141.52356977053026,0.795334527240243,0.7248821570173971,142.83,4608000.0,143.48,8281500.0,141.35,6370100.0,60.921843687374825,-0.8433231112350059,0.6508666430845578,-0.003920744941538934,0.007778678217421261
JNJ,2021-04-09,141.53,142.24,139.49,140.77,140.77,8418300,Healthcare,142.23600000000002,142.97899999999998,141.653,141.1706,142.08061132888275,141.46774978752802,0.6128615413547323,0.7024780338848642,142.27,5039400.0,142.15,7229700.0,141.4,6269800.0,54.774774774774805,-0.9708054871614413,-0.44554455445544594,-0.010543333099036989,0.008553533403093866
JNJ,2021-04-12,140.63,141.5,139.98,141.11,141.11,5022800,Healthcare,141.924,142.692,141.74200000000002,141.0576,141.93128650905464,141.4412498032667,0.49003670578795777,0.659989768265483,140.77,8418300.0,142.67,7387100.0,143.98,7619200.0,54.487760652765246,-1.09343239643932,-1.9933324072787695,0.0024152873481566584,0.005707895870797948
JNJ,2021-04-13,136.94,139.62,136.65,139.23,139.23,18424100,Healthcare,141.24200000000002,142.12,141.701,141.0116,141.51570396920008,141.27745352154324,0.23825044765683856,0.5756419041437542,141.11,5022800.0,142.64,5074200.0,144.95,8535100.0,47.026604068857516,-2.390633763320249,-3.9461883408071774,-0.013322939550705293,0.005821262377400216
JNJ,2021-04-14,137.79,139.78,137.53,139.61,139.61,7718300,Healthcare,140.598,141.676,141.63750000000002,140.9804,141.2225187431693,141.15393844587337,0.06858029729593795,0.4742295827741909,139.23,18424100.0,142.83,4608000.0,144.05,7236300.0,42.6271186440679,-2.254428341384862,-3.0822631030892,0.002729296846944118,0.006123244855589402
JNJ,2021-04-15,140.31,141.77,139.88,140.02,140.02,7524600,Healthcare,140.148,141.32999999999998,141.621,140.9828,141.0375158596048,141.06994300543832,-0.03242714583350903,0.37289823705265096,139.61,7718300.0,142.27,5039400.0,143.48,8281500.0,44.32565789473687,-1.5814999648555594,-2.411485921382761,0.0029367523816345997,0.006399007701294286
JNJ,2021-04-16,140.85,141.87,140.17,141.64,141.64,9049400,Healthcare,140.322,141.27900000000002,141.69850000000002,141.0306,141.13020572735792,141.11216944947995,0.018036277877968132,0.3019258452177144,140.02,7524600.0,140.77,8418300.0,142.15,7229700.0,39.55357142857142,0.6180294096753469,-0.35877594090750753,0.011569775746321787,0.007256228607929131
JNJ,2021-04-19,141.86,142.39,140.41,142.03,142.03,8353500,Healthcare,140.506,141.215,141.8145,141.0604,141.2686356154567,141.18015689766662,0.08847871779008187,0.2592364197321879,141.64,9049400.0,141.11,5022800.0,142.67,7387100.0,36.25235404896432,0.6519736375876883,-0.44858764982125265,0.0027534594747247176,0.007206373896979637
JNJ,2021-04-20,140.55,146.48,140.55,145.34,145.34,14050700,Healthcare,141.728,141.48499999999999,142.07549999999998,141.1138,141.8949993669249,141.48829342376538,0.4067059431595226,0.2887303244176549,142.03,8353500.0,139.23,18424100.0,142.64,5074200.0,54.950115118956205,4.388422035480866,1.8928771733034422,0.02330493557699076,0.010409418544893632
JNJ,2021-04-21,145.24,145.71,144.3,145.43,145.43,6333200,Healthcare,142.892,141.745,142.3475,141.1608,142.43884561816722,141.78027168867166,0.6585739294955602,0.36269904543323594,145.34,14050700.0,139.61,7718300.0,142.83,4608000.0,57.76892430278889,4.168755819783687,1.82034586571449,0.000619237649649218,0.010416371636369302
JNJ,2021-04-22,144.78,145.16,143.71,144.2,144.2,7233000,Healthcare,143.728,141.93800000000002,142.49,141.1598,142.70979244614148,141.95951082284412,0.7502816232973544,0.44021556100605963,145.43,6333200.0,140.02,7524600.0,142.27,5039400.0,58.232931726907516,2.985287816026272,1.3565755254094203,-0.008457677233033145,0.010788025165837729
JNJ,2021-04-23,143.63,144.97,143.17,144.5,144.5,6015300,Healthcare,144.3,142.311,142.645,141.15540000000001,142.98520899288894,142.14769520633715,0.8375137865517956,0.5196752061152068,144.2,7233000.0,141.64,9049400.0,140.77,8418300.0,57.481602616516746,2.019203614798082,2.6497122966541165,0.0020804438280166426,0.009940406319367937
JNJ,2021-04-26,144.23,144.4,142.96,143.28,143.28,6027800,Healthcare,144.55,142.528,142.60999999999999,141.1396,143.03056145552142,142.23156963549738,0.7989918200240425,0.575538528896974,144.5,6015300.0,142.03,8353500.0,141.11,5022800.0,52.384500745156515,0.8800957544180754,1.537807384310108,-0.008442906574394504,0.010545097654842593
JNJ,2021-04-27,142.96,143.09,141.84,142.46,142.46,6217700,Healthcare,143.974,142.851,142.4855,141.0984,142.9427827700566,142.24849040323832,0.6942923668182743,0.5992892964812341,143.28,6027800.0,145.34,14050700.0,139.23,18424100.0,48.683274021352304,-1.981560478877109,2.319902319902334,-0.00572305974316023,0.00958180012377962
JNJ,2021-04-28,142.18,142.47,141.12,141.41,141.41,7448000,Healthcare,143.17000000000002,143.031,142.3535,141.0624,142.70697003620174,142.18638000299845,0.5205900332032911,0.5835494438256454,142.46,6217700.0,145.43,6333200.0,139.61,7718300.0,47.04264099037135,-2.764216461527891,1.2893059236444238,-0.007370489962094662,0.010056393537078092
JNJ,2021-04-29,141.34,143.4,141.26,143.35,143.35,6394300,Healthcare,143.0,143.364,142.347,141.055,142.80589772293993,142.27257407685042,0.5333236460895137,0.5735042842784192,141.41,7448000.0,144.2,7233000.0,140.02,7524600.0,58.61148197596786,-0.5894590846047154,2.378231681188381,0.013718973198500795,0.010798778280712797
JNJ,2021-04-30,143.3,143.46,141.88,142.06,142.06,9079100,Healthcare,142.512,143.406,142.3425,141.0204,142.69114422710302,142.2568278489356,0.43431637816743773,0.5456667030562229,143.35,6394300.0,144.5,6015300.0,141.64,9049400.0,52.98179535467666,-1.6885813148788897,0.2965264049703542,-0.008998953610045324,0.01081810912814298
JNJ,2021-05-03,142.82,144.32,142.4,144.23,144.23,6594100,Healthcare,142.702,143.626,142.4205,141.077,142.92789126908718,142.40298874901444,0.5249025200727431,0.5415138664595269,142.06,9079100.0,143.28,6027800.0,142.03,8353500.0,65.41307028360046,0.6630374092685631,1.548968527775818,0.015275235815852328,0.011806919288415395
JNJ,2021-05-04,143.9,146.53,143.76,146.46,146.46,10179500,Healthcare,143.502,143.738,142.6115,141.18,143.47129261230452,142.7035081009393,0.7677845113652211,0.5867679954406658,144.23,6594100.0,142.46,6217700.0,145.34,14050700.0,68.95406751521855,2.807805699845578,0.7706068528966492,0.01546141579421767,0.010379047428014291
JNJ,2021-05-05,146.23,147.01,145.61,145.85,145.85,7792300,Healthcare,144.39000000000001,143.78,142.7625,141.2958,143.8372475950269,142.93658157494377,0.900666020083122,0.6495476003691572,146.46,10179500.0,141.41,7448000.0,145.43,6333200.0,65.95511767925554,3.139806237182663,0.28879873478648843,-0.004164959715963534,0.010498709671119884
JNJ,2021-05-06,145.61,146.57,145.13,146.44,146.44,5529900,Healthcare,145.00799999999998,144.004,142.971,141.3858,144.23767104194584,143.19609405087388,1.0415769910719632,0.7279534785097184,145.85,7792300.0,143.35,6394300.0,144.2,7233000.0,63.92111368909511,2.1555633065922564,1.553398058252431,0.004045251971203312,0.010070631365025099
JNJ,2021-05-07,146.93,147.69,146.52,147.1,147.1,5316200,Healthcare,146.01600000000002,144.26399999999998,143.2875,141.486,144.67802934318496,143.48527226932768,1.1927570738572797,0.8209141975792307,146.44,5529900.0,142.06,9079100.0,144.5,6015300.0,64.47744146202164,3.5477967056173343,1.799307958477514,0.00450696531002448,0.01011295725621198
JNJ,2021-05-10,148.32,149.75,147.74,148.65,148.65,8357500,Healthcare,146.9,144.801,143.6645,141.69219999999999,145.28910175192573,143.86784469382192,1.421257058103805,0.9409827696841455,147.1,5316200.0,144.23,6594100.0,143.28,6027800.0,60.507936507936485,3.064549677598283,3.747906197654949,0.0105370496261048,0.009744941734489308
JNJ,2021-05-11,148.98,149.17,146.91,147.43,147.43,8217900,Healthcare,147.094,145.298,144.0745,141.859,145.6184707131679,144.1317080498351,1.4867626633327973,1.0501387484138758,148.65,8357500.0,146.46,10179500.0,142.46,6217700.0,55.92417061611372,0.6622968728663192,3.488698582058114,-0.00820719811638071,0.010039854054473664
JNJ,2021-05-12,147.14,148.24,146.62,146.84,146.84,6758300,Healthcare,147.292,145.841,144.43599999999998,142.0194,145.80639829575748,144.33232226836586,1.474076027391618,1.1349262042094241,147.43,8217900.0,145.85,7792300.0,141.41,7448000.0,58.128078817734014,0.6787795680493813,3.839898168446365,-0.004001899206403037,0.009685594980421984
JNJ,2021-05-13,145.76,149.02,145.76,148.37,148.37,8018600,Healthcare,147.67800000000003,146.343,144.8535,142.2592,146.20079855794864,144.63140950774616,1.5693890502024885,1.221818773408037,146.84,6758300.0,146.44,5529900.0,143.35,6394300.0,61.07613050944475,1.3179459164162743,3.5019183815835353,0.010419504222282772,0.00936158421811908
JNJ,2021-05-14,149.7,149.82,148.56,148.6,148.6,5797700,Healthcare,147.978,146.997,145.20149999999998,142.55859999999998,146.5699064721104,144.92537917383905,1.6445272982713561,1.306360478380701,148.37,8018600.0,147.1,5316200.0,142.06,9079100.0,66.14077669902909,1.0197144799456215,4.603688582289167,0.0015501786075351465,0.008336479826394768
JNJ,2021-05-17,148.76,150.06,148.68,148.75,148.75,5722600,Healthcare,147.998,147.449,145.5375,142.808,146.9053054764011,145.20868442022132,1.6966210561797936,1.3844125939405196,148.6,5797700.0,148.65,8357500.0,144.23,6594100.0,69.89247311827951,0.06727211570802805,3.1338833807113664,0.0010094212651412526,0.007471441064230238
JNJ,2021-05-18,148.39,149.61,148.0,148.8,148.8,5846000,Healthcare,148.272,147.683,145.7105,143.0358,147.19679694157017,145.4747077965012,1.7220891450689635,1.4519479041662084,148.75,5722600.0,147.43,8217900.0,146.46,10179500.0,74.949358541526,0.9292545614868031,1.5977058582548054,0.0003361344537815558,0.006099452746158132
JNJ,2021-05-19,148.33,148.55,146.7,148.48,148.48,5533800,Healthcare,148.6,147.946,145.863,143.252,147.39421279671322,145.6973220337974,1.6968907629158139,1.5009364759161294,148.8,5846000.0,146.84,6758300.0,145.85,7792300.0,69.44655041698246,1.1168618904930483,1.8032224888584025,-0.0021505376344087557,0.005918367168014337
JNJ,2021-05-20,148.36,149.8,148.14,149.34,149.34,4853200,Healthcare,148.794,148.236,146.12,143.46,147.69356467414195,145.9671500312939,1.7264146428480558,1.546032109302515,148.48,5533800.0,148.37,8018600.0,146.44,5529900.0,78.5266457680249,0.6537709779605105,1.9803332422835274,0.00579202586206895,0.006016809286050589
JNJ,2021-05-21,149.57,150.8,149.17,149.25,149.25,6501800,Healthcare,148.924,148.451,146.35750000000002,143.66639999999998,147.9330162627355,146.21032410304989,1.7226921596856073,1.5813641193791335,149.34,4853200.0,148.6,5797700.0,147.1,5316200.0,73.50187265917587,0.4374158815612317,1.4615907545887152,-0.0006026516673363069,0.005995212205121446
JNJ,2021-05-24,150.13,150.52,149.13,149.82,149.82,5195100,Healthcare,149.138,148.568,146.6845,143.8762,148.22332145308388,146.47770750282396,1.7456139502599228,1.6142140855552916,149.25,6501800.0,148.75,5722600.0,148.65,8357500.0,68.6252771618623,0.7193277310924229,0.7870837537840458,0.0038190954773869024,0.005188156882118197
JNJ,2021-05-25,149.92,150.24,149.11,149.41,149.41,7444700,Healthcare,149.26,148.766,147.032,144.0634,148.40588738337868,146.69491435446665,1.7109730289120364,1.6335658742266406,149.82,5195100.0,148.8,5846000.0,147.43,8217900.0,70.18140589569151,0.4099462365591222,1.343010242148801,-0.0027366172740621586,0.004354785016821067
JNJ,2021-05-26,149.34,149.41,147.82,148.52,148.52,5726400,Healthcare,149.26799999999997,148.934,147.3875,144.2162,148.4234431705512,146.8301058837654,1.5933372867857827,1.6255201567384692,149.41,7444700.0,148.48,5533800.0,146.84,6758300.0,61.40350877192985,0.02693965517241992,1.1441024244075226,-0.005956763268857412,0.004654933337844138
JNJ,2021-05-27,148.69,149.49,147.91,148.29,148.29,8114700,Healthcare,149.058,148.926,147.6345,144.375,148.40291345200484,146.93824618867168,1.4646672633331548,1.5933495780574063,148.52,5726400.0,149.34,4853200.0,148.37,8018600.0,56.84695051783654,-0.7030936118923359,-0.05391925591428093,-0.0015486129814167304,0.0033665426536370877
JNJ,2021-05-28,148.91,150.22,148.61,148.68,148.68,6400800,Healthcare,148.94400000000002,148.934,147.9655,144.5468,148.4455421516964,147.06726498951082,1.378277162185583,1.5503350948830417,148.29,8114700.0,149.25,6501800.0,148.6,5797700.0,50.199203187250994,-0.38190954773869024,0.05383580080755568,0.0026299817924337887,0.003440043562625444
JNJ,2021-06-01,149.47,149.51,145.28,145.41,145.41,10448400,Healthcare,148.06199999999998,148.6,148.0245,144.6608,147.97853566682002,146.94450461991744,1.0340310469025837,1.4470742852869503,148.68,6400800.0,149.82,5195100.0,148.75,5722600.0,39.457202505219236,-2.9435322386864193,-2.245378151260502,-0.02199354317998392,0.007738860171607114
JNJ,2021-06-02,145.21,146.46,145.04,146.0,146.0,6806000,Healthcare,147.38,148.32,148.0015,144.7784,147.67414556423233,146.87454131473837,0.7996042494939672,1.3175802781283537,145.41,10448400.0,149.41,7444700.0,148.8,5846000.0,45.61586638830899,-2.2823104209892198,-1.8817204301075363,0.0040574926071108575,0.007962797212793749
JNJ,2021-06-03,145.73,146.83,145.57,145.86,145.86,5808800,Healthcare,146.848,148.058,148.002,144.8958,147.39504624665813,146.79939010623923,0.595656140418896,1.1731954505864624,146.0,6806000.0,148.52,5726400.0,148.48,5533800.0,34.67643467643484,-1.7910045785079376,-1.7645474137930828,-0.0009589041095889872,0.007967031359569053
JNJ,2021-06-04,146.71,147.2,145.71,145.8,145.8,6510300,Healthcare,146.35000000000002,147.704,147.97,144.9848,147.14965451640305,146.72536120948078,0.42429330692226586,1.023415021853623,145.86,5808800.0,148.29,8114700.0,149.34,4853200.0,32.543640897755864,-1.6791422213230711,-2.3704298915226962,-0.00041135335252984184,0.007544871640093961
JNJ,2021-06-07,145.82,146.1,144.62,144.8,144.8,5362800,Healthcare,145.574,147.25900000000001,147.855,145.0528,146.78816920618718,146.58274186063036,0.20542734555681363,0.8598174865942612,145.8,6510300.0,148.68,6400800.0,149.25,6501800.0,27.733934611048696,-2.609631423190739,-2.981574539363474,-0.006858710562414272,0.007640786902934069
JNJ,2021-06-08,145.19,145.52,142.37,143.53,143.53,7746800,Healthcare,145.198,146.63,147.599,145.0438,146.2869124052353,146.356612833917,-0.06970042868169912,0.6739139035390691,144.8,5362800.0,145.41,10448400.0,149.82,5195100.0,23.88503468780982,-1.2928959493844983,-4.198371378988119,-0.008770718232044228,0.007427361755324722
JNJ,2021-06-09,144.06,145.63,143.77,145.46,145.46,5552600,Healthcare,145.09,146.235,147.50050000000002,145.054,146.1596951121222,146.29019706844167,-0.13050195631947759,0.5130307315673598,143.53,7746800.0,146.0,6806000.0,149.41,7444700.0,37.094017094017225,-0.3698630136986236,-2.6437320125828223,0.013446666202187707,0.009317472657385598
JNJ,2021-06-10,145.82,147.21,145.78,146.77,146.77,6463100,Healthcare,145.27200000000002,146.06,147.497,145.1084,146.2535881717957,146.32573802633488,-0.07214985453916256,0.3959946143460554,145.46,5552600.0,145.86,5808800.0,148.52,5726400.0,39.423868312757264,0.6238859180035528,-1.1782924858604882,0.009005912278289507,0.009907738385663603
JNJ,2021-06-11,146.76,146.77,144.26,144.91,144.91,7389900,Healthcare,145.094,145.722,147.324,145.137,146.04688229921175,146.22086854290265,-0.17398624369090498,0.2819984427386633,146.77,6463100.0,145.8,6510300.0,148.29,8114700.0,34.410919540229926,-0.6104252400548793,-2.2793175534425725,-0.012672889555086275,0.010561624253232508
JNJ,2021-06-14,144.5,145.35,143.98,145.27,145.27,4931300,Healthcare,145.18800000000002,145.38100000000003,147.1575,145.1994,145.92736194548687,146.15043383602097,-0.2230718905341007,0.18098437608411053,144.91,7389900.0,144.8,5362800.0,148.68,6400800.0,33.406272793581465,0.3245856353591092,-2.29351627656712,0.0024843006003727464,0.010554239063623318
JNJ,2021-06-15,145.15,145.7,144.41,144.5,144.5,5062900,Healthcare,145.382,145.29000000000002,146.945,145.236,145.70776780002734,146.02817947779718,-0.32041167776984025,0.08070516531332037,145.27,4931300.0,143.53,7746800.0,145.41,10448400.0,32.551528073916245,0.6758169023897365,-0.6258166563510081,-0.005300474977627978,0.00812905013918333
JNJ,2021-06-16,144.77,145.6,143.61,144.44,144.44,6988500,Healthcare,145.17800000000003,145.13400000000001,146.727,145.27200000000002,145.51272660002314,145.91053655351593,-0.39780995349278214,-0.014997858447900136,144.5,5062900.0,145.46,5552600.0,146.0,6806000.0,34.5921450151058,-0.701223704111098,-1.068493150684935,-0.00041522491349477164,0.00796585464623855
JNJ,2021-06-17,144.23,145.56,143.63,145.14,145.14,5874700,Healthcare,144.852,145.062,146.56,145.31820000000002,145.45538404617344,145.853459771774,-0.39807572560056315,-0.09161343187843275,144.44,6988500.0,146.77,6463100.0,145.86,5808800.0,38.51203501094096,-1.110581181440362,-0.4936240230358102,0.004846302963168014,0.008181450421034695
JNJ,2021-06-18,143.42,144.23,142.12,142.29,142.29,12993000,Healthcare,144.328,144.71099999999998,146.2075,145.3186,144.96840188522367,145.58949978867963,-0.6210979034559614,-0.1975103261939385,145.14,5874700.0,144.91,7389900.0,145.8,6510300.0,30.241187384044537,-1.8080187702712025,-2.4074074074074248,-0.019636213311285622,0.010181753002438416
JNJ,2021-06-21,142.98,144.29,142.53,143.92,143.92,6592300,Healthcare,144.058,144.623,145.94099999999997,145.3816,144.80710928749693,145.46583313766632,-0.6587238501693946,-0.2897530309890297,142.29,12993000.0,145.27,4931300.0,144.8,5362800.0,44.87267721954575,-0.9293040545191866,-0.607734806629856,0.011455478248647122,0.010909189548932337
JNJ,2021-06-22,143.81,144.1,143.43,143.73,143.73,5627800,Healthcare,143.904,144.643,145.6365,145.434,144.64140016634354,145.3372529052466,-0.6958527389030564,-0.3709729725718351,143.92,6592300.0,144.5,5062900.0,143.53,7746800.0,41.967445152158504,-0.5328719723183495,0.1393436912143775,-0.0013201778765981054,0.010533757315656247
JNJ,2021-06-23,143.79,143.79,142.73,142.86,142.86,4493400,Healthcare,143.588,144.38299999999998,145.309,145.50660000000002,144.3673386022907,145.15375269004315,-0.7864140877524619,-0.4540611956079605,143.73,5627800.0,144.44,6988500.0,145.46,5552600.0,39.90578734858681,-1.0938798116865045,-1.7874329712635695,-0.006053016071801087,0.009567468199489716
JNJ,2021-06-24,143.42,144.24,143.01,143.51,143.51,4549200,Healthcare,143.262,144.057,145.0585,145.5846,144.23544035578442,145.03199323152143,-0.7965528757370066,-0.5225595316337697,142.86,4493400.0,145.14,5874700.0,146.77,6463100.0,42.588996763753975,-1.12305360341739,-2.221162362880713,0.00454990900181973,0.009102790586205846
JNJ,2021-06-25,143.13,144.75,143.09,144.25,144.25,10963800,Healthcare,143.654,143.99099999999999,144.8565,145.6692,144.23768030104836,144.97406780696429,-0.7363875059159284,-0.5653251264902015,143.51,4549200.0,142.29,12993000.0,144.91,7389900.0,48.18959842001313,1.3774685501440675,-0.45545511006831463,0.005156435091631328,0.00855450182087832
JNJ,2021-06-28,144.45,145.0,143.64,144.08,144.08,5604000,Healthcare,143.686,143.87199999999999,144.62650000000002,145.718,144.21342179319478,144.90784056200397,-0.6944187688091858,-0.5911438549539983,144.25,10963800.0,143.92,6592300.0,145.27,4931300.0,51.95173882185952,0.11117287381881003,-0.8191643147243077,-0.0011785095320623329,0.00849437937382245
JNJ,2021-06-29,144.07,144.63,143.55,144.09,144.09,3749500,Healthcare,143.75799999999998,143.831,144.5605,145.7592,144.19443382501098,144.8472597796333,-0.6528259546223296,-0.6034802748876646,144.08,5604000.0,143.73,5627800.0,144.5,5062900.0,44.37140509449462,0.250469630557304,-0.2837370242214532,6.940588561898942e-05,0.008345964548934473
JNJ,2021-06-30,144.07,144.92,143.78,144.72,144.72,6151700,Healthcare,144.13,143.85899999999998,144.49650000000003,145.7468,144.2752901596247,144.8378331292901,-0.562542969665401,-0.595292813843212,144.09,3749500.0,142.86,4493400.0,144.44,6988500.0,41.0791993037423,1.3019739605207858,0.19385211852671613,0.004372267332916957,0.008471958242214184
JNJ,2021-07-01,144.72,145.83,144.62,145.79,145.79,6320200,Healthcare,144.58599999999998,143.924,144.493,145.754,144.50832244275935,144.90836400860192,-0.4000415658425709,-0.5562425642430838,144.72,6151700.0,143.51,4549200.0,145.14,5874700.0,54.11214953271028,1.5887394606647565,0.4478434614854754,0.0073935876174682225,0.008662460365986429
JNJ,2021-07-02,145.84,148.72,145.51,148.44,148.44,9059900,Healthcare,145.424,144.53900000000002,144.625,145.8388,145.11319591310408,145.16996667463138,-0.05677076152730365,-0.4563482036999278,145.79,6320200.0,144.25,10963800.0,142.29,12993000.0,62.20169361046962,2.9046793760831857,4.322158971115342,0.018176829686535445,0.0069984742419083035
JNJ,2021-07-06,147.5,148.33,146.69,147.55,147.55,6098500,Healthcare,146.118,144.902,144.7625,145.8998,145.48808884954963,145.3462654394735,0.141823410076114,-0.33671388094471943,148.44,9059900.0,144.08,5604000.0,143.92,6592300.0,61.63234172387504,2.4083842309827963,2.522234574763771,-0.005995688493667384,0.007178944587787943
JNJ,2021-07-07,147.12,148.9,147.12,148.82,148.82,6293500,Healthcare,147.06400000000002,145.411,145.027,146.0106,146.00069056500354,145.60357911062363,0.39711145437991036,-0.1899488138797935,147.55,6098500.0,144.09,3749500.0,143.73,5627800.0,65.29329608938559,3.282670553126521,3.541362276490645,0.008607251779057856,0.007275109660257013
JNJ,2021-07-08,148.19,148.86,147.21,148.53,148.53,5755500,Healthcare,147.826,145.978,145.1805,146.132,146.38981509346453,145.82035102835522,0.5694640651093152,-0.038066238081971765,148.82,6293500.0,144.72,6151700.0,142.86,4493400.0,62.185478073328696,2.632669983416247,3.968920621587557,-0.0019486628141378581,0.006774194424657712
JNJ,2021-07-09,148.78,149.66,148.67,149.12,149.12,6120900,Healthcare,148.49200000000002,146.53900000000002,145.298,146.2862,146.80984354062383,146.06476947069928,0.7450740699245557,0.11856182351933374,148.53,5755500.0,145.79,6320200.0,143.51,4549200.0,79.31330472103036,2.2841072775910742,3.909135251898843,0.003972261495994056,0.0067706908855731055
JNJ,2021-07-12,149.1,150.37,148.05,148.88,148.88,7840500,Healthcare,148.57999999999998,147.002,145.49650000000003,146.3968,147.12832914975863,146.2733050654623,0.8550240842963319,0.2658542756747334,149.12,6120900.0,148.44,9059900.0,144.25,10963800.0,74.1715399610139,0.29641606036108215,3.2097053726169777,-0.0016094420600859527,0.006962364772819865
JNJ,2021-07-13,148.43,149.12,148.17,148.69,148.69,4691200,Healthcare,148.808,147.46300000000002,145.66750000000002,146.5294,147.3685862036419,146.4523195050577,0.9162666985842236,0.3959367602566315,148.88,7840500.0,147.55,6098500.0,144.08,5604000.0,74.1715399610139,0.7726194510335294,3.199611327040519,-0.0012761955937667935,0.006969233874797458
JNJ,2021-07-14,149.34,150.06,148.49,149.7,149.7,6162900,Healthcare,148.98399999999998,148.024,145.9275,146.6388,147.72726524923547,146.69288843060895,1.0343768186265265,0.5236247719306105,148.69,4691200.0,148.82,6293500.0,144.09,3749500.0,82.88461538461551,0.5913183711866665,3.893399958359356,0.006792655861187713,0.006960514663513256
JNJ,2021-07-15,148.72,149.25,147.33,147.9,147.9,6656900,Healthcare,148.858,148.34199999999998,146.1005,146.6676,147.75383982627616,146.78230410241568,0.9715357238604838,0.6132069623165852,149.7,6162900.0,148.53,5755500.0,144.72,6151700.0,69.0043290043292,-0.42415673601292614,2.1973466003316844,-0.012024048096192286,0.008568793322231153
JNJ,2021-07-16,147.88,148.54,147.53,147.67,147.67,5834900,Healthcare,148.56799999999998,148.53,146.227,146.704,147.74094139146445,146.8480593540886,0.8928820373758413,0.6691419773284365,147.9,6656900.0,149.12,6120900.0,145.79,6320200.0,65.48913043478265,-0.9723712446352062,1.2895260305919365,-0.0015551048005409962,0.00843337286784475
JNJ,2021-07-19,146.24,147.75,145.22,146.59,146.59,8219700,Healthcare,148.10999999999999,148.34499999999997,146.44199999999998,146.707,147.5638734850853,146.82894384637834,0.7349296387069728,0.6822995096041438,147.67,5834900.0,148.88,7840500.0,148.44,9059900.0,60.50209205020923,-1.538151531434706,-1.2462947992454843,-0.007313604659036965,0.0063700652791687795
JNJ,2021-07-20,146.61,150.05,146.56,147.97,147.97,9902800,Healthcare,147.96599999999998,148.387,146.64450000000002,146.72439999999997,147.62635448737987,146.91346652442436,0.7128879629555058,0.6884172002744162,146.59,8219700.0,148.69,4691200.0,147.55,6098500.0,64.56456456456462,-0.4842289326787319,0.28464927143341257,0.009414011869840921,0.006929748887089249
JNJ,2021-07-21,148.72,149.06,147.12,148.89,148.89,7585200,Healthcare,147.804,148.394,146.9025,146.7292,147.82076148932143,147.05987641150406,0.7608850778173633,0.7029107757830056,147.97,9902800.0,149.7,6162900.0,148.82,6293500.0,65.31961792799416,-0.5410821643286545,0.04703668861711918,0.006217476515509857,0.006647104870886667
JNJ,2021-07-22,148.77,150.28,148.15,149.32,149.32,5281900,Healthcare,148.08800000000002,148.473,147.2255,146.767,148.05141356788735,147.22729297361485,0.8241205942725003,0.7271527394809046,148.89,7585200.0,147.9,6656900.0,148.53,5755500.0,63.60832690824988,0.9601081812035117,0.5318790816670083,0.0028880381489690965,0.006660102197213269
JNJ,2021-07-23,150.21,151.25,149.67,150.91,150.91,5014900,Healthcare,148.736,148.652,147.5955,146.8484,148.49119609590468,147.50008608668043,0.9911100092242577,0.7799441934295752,149.32,5281900.0,147.67,5834900.0,149.12,6120900.0,60.36943744752313,2.1940813977111118,1.2003755364806912,0.010648272167157913,0.007340987599694796
JNJ,2021-07-26,150.93,151.22,150.09,150.98,150.98,4484900,Healthcare,149.61399999999998,148.862,147.932,146.9006,148.87408900422705,147.75785748766708,1.1162315165599637,0.847201658055653,150.91,5014900.0,146.59,8219700.0,148.88,7840500.0,65.46438232642018,2.9947472542465325,1.4105319720580267,0.0004638526273936794,0.007281288737358572
JNJ,2021-07-27,150.92,151.73,149.92,151.67,151.67,7089300,Healthcare,150.35399999999998,149.16,148.3115,146.96200000000002,149.30422915742287,148.047645821914,1.2565833355088785,0.929077993546298,150.98,4484900.0,147.97,9902800.0,148.69,4691200.0,63.558515699333995,2.5005068594985413,2.0041697491425037,0.004570141740627864,0.007274962571081763
JNJ,2021-07-28,151.73,152.3,151.16,151.25,151.25,5750700,Healthcare,150.826,149.315,148.66950000000003,147.012,149.60357851781936,148.28485724251294,1.318721275306416,1.0070066498983217,151.67,7089300.0,148.89,7585200.0,149.7,6162900.0,62.781954887218085,1.5850627980388277,1.0354041416165805,-0.0027691699083536303,0.00720457242885741
JNJ,2021-07-29,151.74,152.27,150.29,151.25,151.25,4214100,Healthcare,151.212,149.65,148.996,147.061,149.85687413046253,148.50449744677124,1.3523766836912898,1.0760806566569152,151.25,5750700.0,149.32,5281900.0,147.9,6656900.0,60.59701492537316,1.2925261184034254,2.2650439486139318,0.0,0.005605264379423289
JNJ,2021-07-30,151.57,151.95,150.95,151.27,151.27,5346400,Healthcare,151.284,150.01,149.27,147.11679999999998,150.0742781103914,148.70934948775113,1.3649286226402637,1.133850249853585,151.25,4214100.0,150.91,5014900.0,147.67,5834900.0,62.1566632756868,0.23855277980253664,2.43786821967904,0.0001322314049587714,0.005502229255498287
JNJ,2021-08-02,151.51,151.83,150.48,151.33,151.33,3721500,Healthcare,151.354,150.484,149.4145,147.1566,150.2674660934081,148.9034717479177,1.363994345490397,1.1798790689809475,151.27,5346400.0,150.98,4484900.0,146.59,8219700.0,63.60824742268055,0.23181878394491484,3.2335084248584556,0.000396641766378103,0.004419625927195825
JNJ,2021-08-03,151.73,153.29,151.48,153.19,153.19,6033000,Healthcare,151.658,151.006,149.69650000000001,147.2354,150.71708669442225,149.22099235918307,1.496094335239178,1.2431221222325937,151.33,3721500.0,151.67,7089300.0,147.97,9902800.0,66.54028436018969,1.002175776356573,3.527742109887133,0.01229101962598289,0.004933164096823364
JNJ,2021-08-04,153.03,153.37,152.2,152.29,152.29,4793100,Healthcare,151.86599999999999,151.346,149.87,147.2848,150.9590733568188,149.44832625850285,1.51074709831596,1.296647117449267,153.19,6033000.0,151.25,5750700.0,148.89,7585200.0,72.7461139896373,0.6876033057851227,2.2835650480220293,-0.005875057118610916,0.005622558467689705
JNJ,2021-08-05,152.72,152.72,151.46,152.58,152.58,4291000,Healthcare,152.132,151.672,150.0725,147.3482,151.208446686539,149.68030209120633,1.5281445953326624,1.3429466130259462,152.29,4793100.0,151.25,4214100.0,149.32,5281900.0,75.28321318228649,0.8793388429752191,2.183230645593359,0.001904261606146207,0.0056192380881792585
JNJ,2021-08-06,152.8,152.8,151.49,152.07,152.07,4581100,Healthcare,152.292,151.78799999999998,150.22,147.4192,151.34099335014838,149.85731675111697,1.483676599031412,1.3710926102270395,152.58,4291000.0,151.27,5346400.0,150.91,5014900.0,79.9781181619255,0.5288556885039819,0.7686700682526082,-0.0033425088478176157,0.004980952809570581
JNJ,2021-08-09,152.6,153.07,151.91,152.59,152.59,3950200,Healthcare,152.544,151.949,150.4055,147.5052,151.53314821935632,150.0597377325157,1.4734104868406064,1.391556185549753,152.07,4581100.0,151.33,3721500.0,150.98,4484900.0,77.8985507246376,0.8326174585343127,1.066366406146524,0.0034194778720326724,0.005047543283512891
JNJ,2021-08-10,152.2,152.95,151.78,152.65,152.65,3678300,Healthcare,152.436,152.047,150.6035,147.58460000000002,151.7049715702246,150.2516090115886,1.4533625586359733,1.403917460166997,152.59,3950200.0,153.19,6033000.0,151.67,7089300.0,75.33692722371966,-0.35250342711664606,0.6461396452825285,0.0003932105642572292,0.004896531679693349
JNJ,2021-08-11,153.07,153.26,152.46,152.67,152.67,4221300,Healthcare,152.512,152.18900000000002,150.752,147.72979999999998,151.85343748249772,150.4307490848043,1.4226883976934346,1.4076716476722846,152.65,3678300.0,152.29,4793100.0,151.25,5750700.0,73.8944365192581,0.24952393459845013,0.9388429752066108,0.0001310186701604099,0.00475502830768648
JNJ,2021-08-12,152.69,153.98,152.49,153.9,153.9,4300400,Healthcare,152.776,152.454,151.052,147.8878,152.16829325442117,150.68773063407806,1.4805626203431075,1.4222498422064493,152.67,4221300.0,152.58,4291000.0,151.25,4214100.0,72.48120300751874,0.8651199370821816,1.7520661157024886,0.008056592650815597,0.005235382063574903
JNJ,2021-08-13,153.98,154.86,153.83,154.83,154.83,5882100,Healthcare,153.328,152.81,151.41,148.06719999999999,152.57778659989484,150.99456540192415,1.583221197970687,1.454444113359297,153.9,4300400.0,152.07,4581100.0,151.27,5346400.0,75.63249001331556,1.8149536397711774,2.3534078138427894,0.006042884990253405,0.005364419707151216
JNJ,2021-08-16,155.09,156.27,154.56,156.22,156.22,4782800,Healthcare,154.054,153.299,151.8915,148.27560000000003,153.13812712298792,151.38163463141123,1.7564924915766937,1.5148537890027765,154.83,5882100.0,152.59,3950200.0,151.33,3721500.0,77.71010962241164,2.378923913755804,3.2313487081213177,0.008977588322676366,0.005694837401566669
JNJ,2021-08-17,155.76,157.69,155.76,157.65,157.65,6041900,Healthcare,155.054,153.745,152.3755,148.5326,153.83226141175902,151.84595799204743,1.9863034197115894,1.6091437151445391,156.22,4782800.0,152.65,3678300.0,153.19,6033000.0,84.7071583514098,3.275466754012446,2.911417194333832,0.009153757521444206,0.005203588059194581
JNJ,2021-08-18,157.68,157.68,155.6,155.65,155.65,7134100,Healthcare,155.65,154.081,152.7135,148.775,154.1119135022576,152.1277388815254,1.9841746207322046,1.6841498962620722,157.65,6041900.0,152.67,4221300.0,152.29,4793100.0,69.60784313725483,1.9519224471081564,2.2063168953969425,-0.012686330478908991,0.006706544389851619
JNJ,2021-08-19,155.15,157.53,154.67,156.86,156.86,5615000,Healthcare,156.24200000000002,154.509,153.0905,149.00300000000001,154.53469604037184,152.47827674215316,2.0564192982186853,1.758603776653395,155.65,7134100.0,153.9,4300400.0,152.58,4291000.0,72.52215954875092,1.9233268356075417,2.8050858565998205,0.007773851590106018,0.006930417255324305
JNJ,2021-08-20,157.15,158.05,156.42,157.63,157.63,5428700,Healthcare,156.802,155.065,153.42649999999998,149.2202,155.0108966495454,152.85988587236403,2.1510107771813693,1.83708517675899,156.86,5615000.0,154.83,5882100.0,152.07,4581100.0,74.00914634146329,1.8084350578053243,3.656210955481032,0.004908835904628317,0.006602333180433168
JNJ,2021-08-23,157.64,158.11,156.89,156.95,156.95,6461700,Healthcare,156.948,155.501,153.725,149.461,155.30922024192304,153.16285728922594,2.1463629526971033,1.8989407319466127,157.63,5428700.0,156.22,4782800.0,152.59,3950200.0,65.74539363484075,0.4672897196261516,2.8573301002686735,-0.004313899638393792,0.007064765821243725
JNJ,2021-08-24,156.4,156.59,154.89,154.99,154.99,5734800,Healthcare,156.416,155.735,153.891,149.6554,155.26010943547334,153.29820119372772,1.9619082417456184,1.9115342339064139,156.95,6461700.0,157.65,6041900.0,152.65,3678300.0,60.38461538461543,-1.6872819536948969,1.5329184408778174,-0.012488053520229192,0.008574280858791857
JNJ,2021-08-25,155.25,155.44,153.66,153.96,153.96,5700300,Healthcare,156.07800000000003,155.86399999999998,154.0265,149.84459999999999,155.06009259924667,153.34722332752565,1.7128692717210185,1.8718012414693348,154.99,5734800.0,155.65,7134100.0,152.67,4221300.0,55.02183406113535,-1.085769354320587,0.8449597170367529,-0.006645590038066973,0.008958563917354164
JNJ,2021-08-26,153.71,154.39,152.92,153.14,153.14,5031600,Healthcare,155.334,155.788,154.121,150.0186,154.7646937378241,153.33187345141266,1.4328202864114417,1.7840050504577563,153.96,5700300.0,156.86,5615000.0,153.9,4300400.0,53.80782918149463,-2.371541501976304,-0.4938271604938427,-0.005326058716549897,0.008764514645470078
JNJ,2021-08-27,154.01,154.01,152.65,152.81,152.81,7046100,Healthcare,154.37,155.58599999999998,154.198,150.172,154.4639716243127,153.29321615871544,1.1707554655972672,1.6613551334856587,153.14,5031600.0,157.63,5428700.0,154.83,5882100.0,50.79365079365079,-3.057793567214362,-1.3046567202738557,-0.002154890949457866,0.008466996713459206
JNJ,2021-08-30,152.69,154.01,152.68,153.46,153.46,3252700,Healthcare,153.672,155.31,154.30450000000002,150.3954,154.30951445134153,153.3055705173291,1.003943934012426,1.5298728935910124,152.81,7046100.0,156.95,6461700.0,156.22,4782800.0,52.802768166089976,-2.2236381013061357,-1.7667392139290694,0.004253648321445036,0.007946915113292161
JNJ,2021-08-31,153.31,154.19,152.41,152.99,152.99,7106800,Healthcare,153.272,154.844,154.2945,150.5768,154.10651222805822,153.28219492345286,0.8243173046053585,1.3887617757938817,153.46,3252700.0,154.99,5734800.0,157.65,6041900.0,51.07382550335578,-1.290405832634367,-2.955915001585785,-0.0030626873452365144,0.0069620222419497545
JNJ,2021-09-01,152.79,153.53,152.04,153.53,153.53,5327400,Healthcare,153.186,154.632,154.3565,150.77280000000002,154.01781803912618,153.30055085504893,0.717267184077258,1.254462857450557,152.99,7106800.0,153.96,5700300.0,155.65,7134100.0,48.698099929627006,-0.27929332294103215,-1.3620301959524572,0.0035296424602915266,0.006306115353757637
JNJ,2021-09-02,154.06,154.81,153.68,154.58,154.58,4544300,Healthcare,153.474,154.40400000000002,154.4565,151.00719999999998,154.1043075715683,153.39532486578605,0.7089827057822617,1.145366827116898,153.53,5327400.0,153.14,5031600.0,156.86,5615000.0,49.12770411723657,0.940316050672596,-1.4535254366951467,0.006839054256497112,0.006161057477111959
JNJ,2021-09-03,154.73,154.84,153.59,154.68,154.68,4096900,Healthcare,153.848,154.10899999999998,154.587,151.2306,154.19287563748088,153.49048598683893,0.7023896506419476,1.056771391821908,154.58,4544300.0,152.81,7046100.0,157.63,5428700.0,44.0950920245399,1.2237419017079976,-1.8714711666560913,0.0006469142191745103,0.005810025976818109
JNJ,2021-09-07,154.07,154.67,151.7,152.27,152.27,6859900,Healthcare,153.60999999999999,153.641,154.571,151.391,153.89704861632998,153.40007961744345,0.4969689988865298,0.9448109132348324,154.68,4096900.0,153.46,3252700.0,156.95,6461700.0,30.81312410841653,-0.7754463703896763,-2.9818413507486374,-0.015580553400568853,0.00725006591477625
JNJ,2021-09-08,151.65,152.86,151.18,151.9,151.9,4661700,Healthcare,153.392,153.332,154.5335,151.5474,153.58981036766383,153.28896260874393,0.30084775891990034,0.816018282371846,152.27,6859900.0,152.99,7106800.0,154.99,5734800.0,34.86682808716705,-0.7124648669847744,-1.993677011420092,-0.0024298942667629886,0.006439749155165536
JNJ,2021-09-09,151.27,151.53,148.19,148.52,148.52,7114600,Healthcare,152.39000000000001,152.788,154.326,151.636,152.8098395418694,152.93570611920734,-0.12586657733794482,0.6276413104298879,151.9,4661700.0,153.53,5327400.0,153.96,5700300.0,21.359890109890046,-3.2632058881000403,-3.5333852948817857,-0.0222514812376563,0.009053158502801254
JNJ,2021-09-10,148.94,149.42,147.46,147.55,147.55,6699300,Healthcare,150.984,152.22899999999998,154.0085,151.6926,152.00063345850486,152.536764925192,-0.5361314666871237,0.3948867550064856,148.52,7114600.0,154.58,4544300.0,153.14,5031600.0,15.8536585365854,-4.547806960796996,-3.650254668930375,-0.006531106921626728,0.009087327925515327
JNJ,2021-09-13,148.39,148.56,145.92,146.51,146.51,6273500,Healthcare,149.35,151.59900000000002,153.5925,151.707,151.15592061873488,152.0903378936963,-0.9344172749614188,0.12902594901290476,147.55,6699300.0,154.68,4096900.0,152.81,7046100.0,15.476190476190496,-5.28187225239205,-4.122766834631253,-0.007048458149779835,0.00912809465887181
JNJ,2021-09-14,147.04,147.17,145.37,145.63,145.63,5259600,Healthcare,148.02200000000002,150.816,153.06300000000002,151.6508,150.30577898508338,151.6117943460151,-1.306015360931724,-0.157982312976021,146.51,6273500.0,152.27,6859900.0,153.46,3252700.0,16.666666666666657,-4.360675116569257,-5.102306790043021,-0.0060064159443040666,0.008640474718671213
JNJ,2021-09-15,145.8,146.65,145.2,146.18,146.18,7935300,Healthcare,146.878,150.13500000000002,152.4895,151.6234,149.671043756609,151.20943920927326,-1.538395452664247,-0.4340649409136662,145.63,5259600.0,151.9,4661700.0,152.99,7106800.0,21.312684365781763,-3.765635286372615,-4.4512713249232005,0.003776694362425337,0.009086692385871377
JNJ,2021-09-16,146.38,147.09,145.09,146.0,146.0,5665400,Healthcare,146.374,149.382,152.007,151.56699999999998,149.10626779405376,150.82355482340117,-1.7172870293474034,-0.6907093586004137,146.18,7935300.0,148.52,7114600.0,153.53,5327400.0,22.36842105263166,-1.6967411796391163,-4.904578909659351,-0.0012313585989875975,0.0087369013409
JNJ,2021-09-17,145.19,145.73,144.53,145.58,145.58,13419800,Healthcare,145.98,148.482,151.443,151.50799999999998,148.56376505650704,150.4351433550011,-1.8713782984940508,-0.9268431465791411,146.0,5665400.0,147.55,6699300.0,154.58,4544300.0,22.213681783243743,-1.3351406302948177,-5.822227972570837,-0.0028767123287670726,0.007762179687120562
JNJ,2021-09-20,144.46,145.96,143.3,144.75,144.75,7270800,Healthcare,145.62800000000001,147.489,150.79900000000004,151.4206,147.97703197089058,150.01402162500102,-2.0369896541104424,-1.1488724480854016,145.58,13419800.0,146.51,6273500.0,154.68,4096900.0,16.98256254738442,-1.2012831888608244,-6.419705197827774,-0.005701332600631992,0.0074142080907774344
JNJ,2021-09-21,145.46,146.67,145.13,145.39,145.39,6663600,Healthcare,145.57999999999998,146.801,150.221,151.3508,147.57902705229202,149.67150150463058,-2.092474452338564,-1.3375928489360343,144.75,7270800.0,145.63,5259600.0,152.27,6859900.0,21.55688622754485,-0.16480120854219793,-4.518289879818759,0.004421416234887676,0.007416724054847748
JNJ,2021-09-22,146.11,146.64,144.59,144.86,144.86,5657100,Healthcare,145.316,146.097,149.71450000000002,151.2742,147.16071519809324,149.31509398576907,-2.1543787876758245,-1.5009500366839923,145.39,6663600.0,146.18,7935300.0,151.9,4661700.0,17.528089887640476,-0.9029963059241974,-4.634628044766287,-0.003645367631886498,0.0073873306526067205
JNJ,2021-09-23,145.27,146.49,145.05,145.68,145.68,4697900,Healthcare,145.252,145.81300000000002,149.3005,151.1938,146.93291285992507,149.045827764601,-2.1129149046759323,-1.6233430102823803,144.86,5657100.0,146.0,5665400.0,148.52,7114600.0,16.082317073170643,-0.21917808219177326,-1.9122003770535967,0.005660637857241468,0.004865513618275142
JNJ,2021-09-24,145.58,146.38,144.82,145.24,145.24,4399300,Healthcare,145.184,145.582,148.9055,151.1406,146.6724647276289,148.76391459685277,-2.0914498692238794,-1.7169643820706801,145.68,4697900.0,145.58,13419800.0,147.55,6699300.0,14.933135215453149,-0.23354856436323956,-1.565570992883769,-0.003020318506315234,0.004615940965156391
JNJ,2021-09-27,144.92,145.24,143.9,144.19,144.19,5775500,Healthcare,145.072,145.35,148.47449999999998,151.071,146.29054707722446,148.425106108197,-2.1345590309725537,-1.800483311851055,145.24,4399300.0,144.75,7270800.0,146.51,6273500.0,16.611570247933813,-0.3868739205526772,-1.5835096580438135,-0.007229413384742589,0.004640108025242727
JNJ,2021-09-28,144.13,144.84,142.95,143.87,143.87,7610400,Healthcare,144.768,145.174,147.995,151.0166,145.91815521918994,148.08769084092316,-2.1695356217332176,-1.8742937738274876,144.19,5775500.0,145.39,6663600.0,145.63,5259600.0,16.68049792531116,-1.045463924616541,-1.2085421959760922,-0.0022192939871003015,0.004386801505421393
JNJ,2021-09-29,144.04,145.5,143.84,144.94,144.94,5124100,Healthcare,144.784,145.05,147.5925,150.95600000000002,145.767669800853,147.85452855641034,-2.08685875555733,-1.9168067701734564,143.87,7610400.0,144.86,5657100.0,146.18,7935300.0,31.622176591375663,0.05522573519258778,-0.8482692570803141,0.007437269757419873,0.0049636325289721065
JNJ,2021-09-30,145.49,146.16,142.63,142.71,142.71,6972300,Healthcare,144.19,144.721,147.05149999999998,150.8324,145.29725906226025,147.47345236704663,-2.1761933047863806,-1.9686840770960412,144.94,5124100.0,145.68,4697900.0,146.0,5665400.0,27.99999999999993,-2.038714991762769,-2.253424657534242,-0.015385676831792372,0.006775078912493508
JNJ,2021-10-01,142.74,143.07,140.17,141.8,141.8,8568300,Healthcare,143.502,144.34300000000002,146.4125,150.68200000000002,144.75921920652792,147.0531966361543,-2.2939774296263806,-2.0337427476021093,142.71,6972300.0,145.24,4399300.0,145.58,13419800.0,28.334866605335776,-2.36849352795373,-2.5965105096854013,-0.006376567864900817,0.006899959671873429
JNJ,2021-10-04,141.38,142.27,139.33,140.7,140.7,8620700,Healthcare,142.804,143.93800000000002,145.7135,150.4778,144.13472394398516,146.58258947792064,-2.4478655339354702,-2.1165673048687816,141.8,8568300.0,144.19,5775500.0,144.75,7270800.0,27.772768259693336,-2.420417504681327,-2.797927461139904,-0.007757404795486811,0.007031822047925191
JNJ,2021-10-05,141.26,142.37,140.64,141.02,141.02,5129000,Healthcare,142.23399999999998,143.501,145.151,150.2786,143.65553564491051,146.1705458128895,-2.5150101679789714,-2.1962558774908194,140.7,8620700.0,143.87,7610400.0,145.39,6663600.0,26.243093922651923,-1.980955028845477,-3.005708783272565,0.0022743425728501965,0.00681590083152829
JNJ,2021-10-06,141.27,141.34,139.48,141.31,141.31,7312600,Healthcare,141.508,143.14600000000002,144.62150000000003,150.07139999999998,143.29468400723198,145.81050538230505,-2.515821375073074,-2.2601689770072704,141.02,5129000.0,144.94,5124100.0,144.86,5657100.0,28.623518687329025,-2.504484614323166,-2.450641999171621,0.002056445894199399,0.006994499060940665
JNJ,2021-10-07,141.4,143.69,141.4,142.57,142.57,5309200,Healthcare,141.48,142.83499999999998,144.324,149.89780000000002,143.18319415996552,145.57046794657873,-2.387273786613207,-2.285589938928458,141.31,7312600.0,142.71,6972300.0,145.68,4697900.0,37.25656223539362,-0.09810104407540488,-2.134816035145537,0.008916566414266525,0.007473675952590764
JNJ,2021-10-08,142.55,142.81,141.61,142.21,142.21,4343200,Healthcare,141.56199999999998,142.53199999999998,144.057,149.717,143.03347198150928,145.32154439498032,-2.288072413471042,-2.286086433836975,142.57,5309200.0,141.8,8568300.0,145.24,4399300.0,38.80070546737212,0.2891396332863172,-2.0862021481685478,-0.0025250754015569976,0.007468762967448173
JNJ,2021-10-11,142.15,143.02,141.33,141.61,141.61,4101600,Healthcare,141.744,142.274,143.812,149.52380000000002,142.81447629204632,145.04661518053734,-2.232138888491022,-2.275296924767784,142.21,4343200.0,140.7,8620700.0,144.19,5775500.0,33.2743362831859,0.6467661691542448,-1.7893057770996479,-0.004219112579987305,0.0072968809046205585
JNJ,2021-10-12,141.39,141.55,139.04,139.35,139.35,6686400,Healthcare,141.41000000000003,141.822,143.498,149.28420000000003,142.2814799394238,144.62464368568274,-2.343163746258938,-2.288870289066015,141.61,4101600.0,141.02,5129000.0,143.87,7610400.0,28.85648503453561,-1.1842291873493282,-3.141725168554954,-0.01595932490643326,0.008571177621130747
JNJ,2021-10-13,139.46,141.46,139.4,140.68,140.68,6901100,Healthcare,141.284,141.39600000000002,143.223,149.034,142.03509841028168,144.33244785711366,-2.297349446831987,-2.2905661206192094,139.35,6686400.0,141.31,7312600.0,144.94,5124100.0,31.536189069423955,-0.44582832071332623,-2.9391472333379243,0.009544312881234474,0.008880774165397365
JNJ,2021-10-14,141.13,142.39,141.03,141.48,141.48,4579200,Healthcare,141.066,141.273,142.997,148.8178,141.94969865485373,144.12115542325338,-2.1714567683996506,-2.266744250175298,140.68,6901100.0,142.57,5309200.0,142.71,6972300.0,36.474820143884834,-0.764536718804798,-0.8618877443767214,0.005686664771111571,0.008062713881869727
JNJ,2021-10-15,142.3,142.99,141.75,142.54,142.54,6918400,Healthcare,141.132,141.347,142.84499999999997,148.61700000000002,142.04051424641472,144.0040327993087,-1.9635185528939871,-2.2060991107190357,141.48,4579200.0,142.21,4343200.0,141.8,8568300.0,44.06901509705246,0.23205119189928514,0.5218617771509004,0.007492225049476886,0.008195465856559477
JNJ,2021-10-18,141.61,142.17,140.68,141.49,141.49,7465500,Healthcare,141.108,141.426,142.682,148.40540000000001,141.95581974696628,143.81780814750806,-1.861988400541776,-2.137276968683584,142.54,6918400.0,141.61,4101600.0,140.7,8620700.0,41.87158469945356,-0.08473977826425338,0.5614783226723707,-0.007366353304335549,0.00815223605720115
JNJ,2021-10-19,142.18,145.94,142.03,144.81,144.81,10081300,Healthcare,142.2,141.805,142.653,148.24980000000002,142.39492440127916,143.89130384028525,-1.4963794390060912,-2.0090974627480853,141.49,7465500.0,139.35,6686400.0,141.02,5129000.0,49.61515689757254,3.918191603875143,2.6875620479364537,0.02346455579899631,0.010922115301273919
JNJ,2021-10-20,144.9,145.58,144.27,144.73,144.73,6003200,Healthcare,143.01,142.147,142.6465,148.0914,142.75416680108236,143.95342948174562,-1.199262680663253,-1.847130506331119,144.81,10081300.0,140.68,6901100.0,141.31,7312600.0,56.85210312075978,2.878874040375301,2.42021088387232,-0.0005524480353568118,0.010970488085827814
JNJ,2021-10-21,145.19,145.27,143.4,144.39,144.39,4524100,Healthcare,143.592,142.329,142.582,147.9258,143.0058334470697,143.98576803865336,-0.9799345915836568,-1.6736913233816266,144.73,6003200.0,141.48,4579200.0,142.57,5309200.0,59.13902611150307,2.056827820186591,1.2765658974538852,-0.0023492019622746163,0.010809707835804289
JNJ,2021-10-22,144.09,144.97,144.0,144.67,144.67,4304300,Healthcare,144.018,142.575,142.5535,147.74120000000002,143.26185907059744,144.036451887642,-0.7745928170445495,-1.4938716221142112,144.39,4524100.0,142.54,6918400.0,142.21,4343200.0,64.86891385767791,1.4943173845938018,1.7298361577948063,0.0019391924648521908,0.010725045325779906
JNJ,2021-10-25,144.67,145.2,142.9,144.99,144.99,6715400,Healthcare,144.71800000000002,142.91299999999998,142.5935,147.5444,143.52772690589012,144.10708508115,-0.5793581752598698,-1.310968932743343,144.67,4304300.0,141.49,7465500.0,141.61,4101600.0,64.86891385767791,2.4736730510990235,2.3868370877762946,0.002211930600677592,0.010516941066993293
JNJ,2021-10-26,145.42,146.71,144.97,146.47,146.47,6939100,Healthcare,145.05,143.625,142.7235,147.34939999999997,143.98038430498394,144.28211581587962,-0.30173151089567796,-1.1091214483738099,144.99,6715400.0,144.81,10081300.0,139.35,6686400.0,67.74415405777165,1.1463296733650985,5.109436670254763,0.01020760052417402,0.00850028534982274
JNJ,2021-10-27,146.41,146.48,144.31,144.69,144.69,7018800,Healthcare,145.04199999999997,144.026,142.711,147.0902,144.08955595037102,144.31232945914778,-0.22277350877675417,-0.9318518604543987,146.47,6939100.0,144.73,6003200.0,140.68,6901100.0,57.03851261620187,-0.027637670144398108,2.8504407165197643,-0.01215265924762754,0.009876960667831777
JNJ,2021-10-28,144.72,145.98,143.44,143.9,143.9,6278800,Healthcare,144.944,144.26799999999997,142.77050000000003,146.8552,144.06039349646778,144.28178653624795,-0.22139303978016756,-0.7897600963195526,144.69,7018800.0,144.39,4524100.0,141.48,4579200.0,55.455132343447374,-0.3393586813491112,1.7104891150692803,-0.0054599488561751786,0.010147549000110409
JNJ,2021-10-29,143.46,144.26,141.93,143.93,143.93,8526800,Healthcare,144.796,144.40699999999998,142.877,146.5966,144.04033295854967,144.25572827430366,-0.2153953157539945,-0.674887140206441,143.9,6278800.0,144.67,4304300.0,142.54,6918400.0,57.77479892761391,-0.5115089514066362,0.9751648660025314,0.00020847810979840453,0.009948521699912047
JNJ,2021-11-01,144.18,144.9,140.86,144.06,144.06,5846400,Healthcare,144.60999999999999,144.664,143.04500000000002,146.3252,144.04335865723434,144.24122988361452,-0.19787122638018673,-0.5794839574411902,143.93,8526800.0,144.99,6715400.0,141.49,7465500.0,68.4128225175919,-0.6414235464514806,1.8163827832355484,0.0009032168415201713,0.009508374635063354
JNJ,2021-11-02,144.66,147.55,144.02,146.33,146.33,8450600,Healthcare,144.582,144.816,143.3105,146.1128,144.39514963304444,144.39595359593937,-0.0008039628949347843,-0.4637479585319391,144.06,5846400.0,146.47,6939100.0,144.81,10081300.0,70.57538237436275,-0.09558271318357292,1.049651267177687,0.015757323337498352,0.007701695043839807
JNJ,2021-11-03,145.84,146.49,144.42,145.86,145.86,6717800,Healthcare,144.816,144.929,143.53799999999998,145.9302,144.6205112279607,144.50440147772164,0.11610975023904757,-0.3477764167777418,146.33,8450600.0,144.69,7018800.0,144.73,6003200.0,66.34328358208963,0.8086253369272267,0.7807641815795074,-0.003211918266930902,0.00780916369901053
JNJ,2021-11-04,145.75,145.8,143.75,145.45,145.45,8224400,Healthcare,145.12600000000003,145.03500000000003,143.68200000000002,145.76,144.7481248851975,144.57444581270522,0.1736790724922912,-0.2434853189237352,145.86,6717800.0,143.9,6278800.0,144.39,4524100.0,61.41176470588231,1.0771369006254305,0.734122861694031,-0.00281091457562066,0.007831221276035279
JNJ,2021-11-05,143.58,145.45,143.33,144.42,144.42,6215900,Healthcare,145.224,145.01000000000002,143.7925,145.5856,144.69764413362867,144.56300538213446,0.134638751494208,-0.16786050484014658,145.45,8224400.0,143.93,8526800.0,144.67,4304300.0,61.508248232521474,0.34044327103450733,-0.17280707817791674,-0.007081471295978026,0.008191454148993032
JNJ,2021-11-08,144.64,145.07,143.16,143.92,143.92,5578800,Healthcare,145.196,144.903,143.908,145.4078,144.57800657460888,144.5153753538282,0.0626312207806734,-0.12176215971598259,144.42,6215900.0,144.06,5846400.0,144.99,6715400.0,45.509586276488335,-0.09718172983480544,-0.7379819297882784,-0.0034621243595069906,0.008206721811121729
JNJ,2021-11-09,143.69,144.56,143.17,143.6,143.6,6112800,Healthcare,144.65,144.616,144.1205,145.2106,144.42754402466906,144.44756977206316,-0.02002574739410079,-0.10141487725160624,143.92,5578800.0,146.33,8450600.0,146.47,6939100.0,44.43349753694585,-1.865646142281152,-1.9594456202635335,-0.0022234574763757564,0.007255572317250285
JNJ,2021-11-10,143.62,145.66,143.46,145.16,145.16,6225100,Healthcare,144.51,144.66299999999998,144.3445,145.054,144.54022955933536,144.50034238153995,0.03988717779540707,-0.07315446624220358,143.6,6112800.0,145.86,6717800.0,144.69,7018800.0,53.38610378188218,-0.4799122446181414,0.3248324003040981,0.010863509749303724,0.007311037596110179
JNJ,2021-11-11,144.47,144.75,143.59,144.09,144.09,4118800,Healthcare,144.238,144.68200000000002,144.475,144.86520000000002,144.47096347328377,144.46994664957404,0.0010168237097332167,-0.058320208251816226,145.16,6225100.0,145.45,8224400.0,143.9,6278800.0,47.615131578947434,-0.9350292196631083,0.1320361362056932,-0.0073711766326811645,0.007502226372228545
JNJ,2021-11-12,147.95,148.12,145.46,145.81,145.81,18995200,Healthcare,144.516,144.87,144.6385,144.6898,144.6769690927786,144.5692098607167,0.10775923206188054,-0.025104320189076875,144.09,4118800.0,144.42,6215900.0,143.93,8526800.0,53.02359882005897,0.9624705719429638,1.30619050927534,0.011936983829550885,0.008376930966682525
JNJ,2021-11-15,145.8,146.21,144.23,144.5,144.5,7496200,Healthcare,144.632,144.91400000000002,144.789,144.4862,144.64974307850497,144.5640832043673,0.08565987413766152,-0.0029514813237291986,145.81,18995200.0,143.92,5578800.0,144.06,5846400.0,42.64376400298732,0.40300166759310585,0.3054282937664743,-0.008984294629997946,0.008993719637587754
JNJ,2021-11-16,144.2,145.23,143.7,143.75,143.75,7594700,Healthcare,144.66199999999998,144.656,144.736,144.3158,144.51132106642729,144.50378074478454,0.007540321642750314,-0.0008531207304332961,144.5,7496200.0,143.6,6112800.0,146.33,8450600.0,46.197411003236255,0.10445682451254434,-1.763138112485485,-0.00519031141868509,0.0072804554325237025
JNJ,2021-11-17,143.92,144.8,142.97,144.28,144.28,5414500,Healthcare,144.48600000000002,144.498,144.7135,144.1634,144.47573321005385,144.48720439331902,-0.011471183265172158,-0.0029767332373810684,143.75,7594700.0,145.16,6225100.0,145.86,6717800.0,51.570247933884275,-0.6062276109120912,-1.0832304949952132,0.0036869565217392264,0.007451753405146931
JNJ,2021-11-18,144.44,145.34,143.27,143.51,143.51,6358700,Healthcare,144.36999999999998,144.304,144.66950000000003,144.0632,144.32715887004557,144.4148188827028,-0.08766001265723844,-0.019913389121352543,144.28,5414500.0,144.09,4118800.0,145.45,8224400.0,48.364485981308356,-0.4025261989034745,-1.3337916809900263,-0.005336845023565351,0.00755959280165191
JNJ,2021-11-19,144.07,144.21,142.96,143.94,143.94,7620700,Healthcare,143.996,144.256,144.63299999999998,143.991,144.26759596696164,144.37964711361371,-0.11205114665207816,-0.03834094062749767,143.51,6358700.0,145.81,18995200.0,144.42,6215900.0,49.54337899543378,-1.2824909128317685,-0.33236393851266977,0.0029963068775695767,0.0073751132282386085
JNJ,2021-11-22,143.23,144.66,142.0,142.05,142.05,7634500,Healthcare,143.506,144.06900000000002,144.486,143.9018,143.92642735665984,144.20708066075343,-0.28065330409359035,-0.0868034133207162,143.94,7620700.0,144.5,7496200.0,143.92,5578800.0,33.22884012539187,-1.695501730103799,-1.2993329627570716,-0.013130471029595525,0.008397364774978775
JNJ,2021-11-23,141.89,143.2,141.23,142.93,142.93,7734000,Healthcare,143.342,144.002,144.309,143.8478,143.77313084025064,144.1124820932902,-0.3393512530395526,-0.1373129812644835,142.05,7634500.0,143.75,7594700.0,143.6,6112800.0,38.87623386484433,-0.5704347826086864,-0.4665738161559796,0.006195001759943697,0.008707982536089382
JNJ,2021-11-24,142.44,142.86,141.76,142.53,142.53,5230900,Healthcare,142.99200000000002,143.739,144.201,143.7748,143.58187994175054,143.99526119749092,-0.41338125574037576,-0.19252663615966195,142.93,7734000.0,144.28,5414500.0,145.16,6225100.0,38.90577507598788,-1.2129193235375646,-1.8117938826122892,-0.0027985727279088435,0.007758639141951753
JNJ,2021-11-26,142.85,143.34,141.12,141.6,141.6,8523100,Healthcare,142.61,143.48999999999998,144.08599999999998,143.6868,143.2769753353274,143.8178344421212,-0.5408591067938175,-0.2621931302864931,142.53,5230900.0,143.51,6358700.0,144.09,4118800.0,39.20367534456358,-1.3309177060832011,-1.7280866125338412,-0.0065249421174490285,0.00769547619048727
JNJ,2021-11-29,141.87,142.69,140.91,142.09,142.09,9188500,Healthcare,142.24,143.118,143.994,143.61700000000002,143.09436374527704,143.6898467056678,-0.5954829603907683,-0.32885109630734816,141.6,8523100.0,143.94,7620700.0,145.81,18995200.0,42.9885057471265,-1.285257746283175,-2.5512653453123924,0.003460451977401302,0.006378839558364092
JNJ,2021-11-30,140.99,141.42,138.62,138.69,138.69,14981700,Healthcare,141.568,142.53699999999998,143.7255,143.4958,142.4167693229267,143.31948769043316,-0.9027183675064521,-0.4436245505471689,142.09,9188500.0,142.05,7634500.0,144.5,7496200.0,34.77991320520772,-2.365364308342144,-4.020761245674742,-0.023928496023646995,0.009184132639421297
JNJ,2021-12-01,139.54,142.38,138.98,140.6,140.6,9835800,Healthcare,141.102,142.222,143.43900000000002,143.4,142.13726635016877,143.11804415780847,-0.9807778076396971,-0.5510552019656746,138.69,14981700.0,142.93,7734000.0,143.75,7594700.0,36.16504854368932,-1.630168614006866,-2.191304347826095,0.01377172110462177,0.010748442565942649
JNJ,2021-12-02,139.88,141.68,139.42,139.72,139.72,11334700,Healthcare,140.54000000000002,141.76600000000002,143.132,143.2972,141.76537921937359,142.866337183156,-1.100957963782406,-0.661035754329021,140.6,9835800.0,142.53,5230900.0,144.28,5414500.0,36.58686310620012,-1.9715147688206036,-3.160521208760747,-0.006258890469416745,0.0106064209720355
JNJ,2021-12-03,140.45,142.02,140.17,141.76,141.76,8750500,Healthcare,140.572,141.591,142.9475,143.2188,141.76455164716228,142.7843862807,-1.0198346335377266,-0.7327955301707622,139.72,11334700.0,141.6,8523100.0,143.51,6358700.0,37.80854906682718,0.1129943502824915,-1.2194272176154985,0.014600629831090783,0.011940761322399645
JNJ,2021-12-06,142.48,145.44,142.16,144.93,144.93,9692000,Healthcare,141.14,141.69,142.973,143.2126,142.251543701445,142.94332063027778,-0.6917769288327804,-0.7245918099031659,141.76,8750500.0,142.09,9188500.0,143.94,7620700.0,51.16404981050354,1.9987331972693312,0.6877865777407344,0.022361738148984234,0.014070450388105596
JNJ,2021-12-07,145.87,146.11,144.46,145.3,145.3,8311300,Healthcare,142.46200000000002,142.01500000000001,143.042,143.2348,142.72053697814576,143.11788947247945,-0.39735249433368836,-0.6591439467892704,144.93,9692000.0,138.69,14981700.0,142.05,7634500.0,54.28413488114984,4.766024947725156,2.287926786342842,0.0025529565997377546,0.013195141869991503
JNJ,2021-12-08,145.4,146.38,144.66,146.17,146.17,6216400,Healthcare,143.576,142.339,143.1705,143.2808,143.25122359689257,143.34397173377727,-0.09274813688469408,-0.5458647848083551,145.3,8311300.0,140.6,9835800.0,142.93,7734000.0,55.12750949538791,3.961593172119482,2.2668439096060977,0.005987611837577234,0.013188576554638787
JNJ,2021-12-09,146.03,147.63,145.42,147.56,147.56,8574200,Healthcare,145.144,142.842,143.2905,143.3332,143.9141122742937,143.65627012386784,0.25784215042585856,-0.3851233977615124,146.17,6216400.0,139.72,11334700.0,142.53,5230900.0,60.62992125984255,5.611222444889785,3.529081596856809,0.009509475268522971,0.01323181072732677
JNJ,2021-12-10,147.27,148.26,146.45,147.2,147.2,6572200,Healthcare,146.232,143.402,143.446,143.423,144.41963346286389,143.918768633211,0.5008648296528975,-0.20792575227863042,147.56,8574200.0,141.76,8750500.0,141.6,8523100.0,58.58798735511061,3.8374717832957206,3.9548022598870025,-0.0024396855516400917,0.012946058702662912
JNJ,2021-12-13,146.54,150.5,145.69,149.83,149.83,11142300,Healthcare,147.21200000000002,144.176,143.647,143.58360000000002,145.25199754550022,144.35663762334352,0.8953599221567003,0.01273138260843576,147.2,6572200.0,144.93,9692000.0,142.09,9188500.0,69.72616632860036,3.380942523977093,5.447251741853765,0.01786684782608705,0.013665649996520673
JNJ,2021-12-14,149.72,152.07,148.68,151.47,151.47,10482400,Healthcare,148.446,145.454,143.99550000000002,143.799,146.20861330773096,144.8835533549477,1.3250599527832492,0.2751970966433985,149.83,11142300.0,145.3,8311300.0,138.69,14981700.0,70.84960937499993,4.246386785960077,9.214795587280978,0.010945738503637337,0.009003434301377811
JNJ,2021-12-15,151.07,152.36,150.69,152.22,152.22,8552200,Healthcare,149.656,146.61599999999999,144.419,144.023,147.1334420296185,145.4269938471738,1.7064481824446887,0.5614473138036565,151.47,10482400.0,146.17,6216400.0,140.6,9835800.0,73.25972155544882,4.139016213997415,8.264580369843522,0.00495147553971087,0.008903521700910681
JNJ,2021-12-16,152.33,154.33,151.95,153.88,153.88,8998600,Healthcare,150.92000000000002,148.03199999999998,144.899,144.2744,148.1713740250618,146.05314245108687,2.1182315739749242,0.8728041658379102,152.22,8552200.0,147.56,8574200.0,139.72,11334700.0,78.47866419294988,4.2830035239902475,10.134554823933573,0.010905268690053926,0.007369989233742818
JNJ,2021-12-17,150.89,151.9,149.13,149.63,149.63,16726200,Healthcare,151.406,148.819,145.205,144.41559999999998,148.39577802120613,146.31809486211745,2.0776831590886786,1.113779964488064,153.88,8998600.0,147.2,6572200.0,141.76,8750500.0,64.88941548183251,1.6508152173912993,5.551636568848761,-0.027618923836755904,0.013668013792407388
JNJ,2021-12-20,149.26,149.88,148.14,149.21,149.21,7954500,Healthcare,151.28199999999998,149.247,145.4685,144.5556,148.52104294102057,146.53231005751616,1.9887328835044116,1.2887705482913336,149.63,16726200.0,149.83,11142300.0,144.93,9692000.0,73.54521038495974,-0.41380230928386164,2.953149796453469,-0.0028069237452381657,0.012484591828084384
JNJ,2021-12-21,149.48,149.52,147.63,148.73,148.73,7954200,Healthcare,150.734,149.58999999999997,145.8025,144.69799999999998,148.55319018086357,146.69510190510755,1.8580882757560175,1.4026340937842705,149.21,7954500.0,151.47,10482400.0,145.3,8311300.0,69.44045911047343,-1.8089390638410308,2.3606331727460184,-0.0032169425641713767,0.012639171856866931
JNJ,2021-12-22,148.59,149.58,147.76,149.37,149.37,4178200,Healthcare,150.16400000000002,149.91000000000003,146.1245,144.89839999999998,148.67885322996148,146.89324250472922,1.7856107252322602,1.4792294200738685,148.73,7954200.0,152.22,8552200.0,146.17,6216400.0,73.34300919206576,-1.872290106424912,2.1892317164944997,0.004303099576413727,0.012597324841437857
JNJ,2021-12-23,149.32,150.27,148.86,149.65,149.65,3501500,Healthcare,149.318,150.11899999999997,146.4805,145.0778,148.82826042535203,147.09744676363817,1.730813661713853,1.5295462684018655,149.37,4178200.0,153.88,8998600.0,147.56,8574200.0,70.86197778952933,-2.748895243046523,1.4163730008132314,0.0018745397335475644,0.012336447958432828
JNJ,2021-12-27,150.44,151.07,150.05,150.91,150.91,3704800,Healthcare,149.574,150.49,146.946,145.2664,149.14852805222094,147.37985811447982,1.768669937741123,1.5773710022697172,149.65,3501500.0,149.63,16726200.0,147.2,6572200.0,67.5882352941176,0.8554434271202283,2.520380434782621,0.008419645840293866,0.012431013589354166
JNJ,2021-12-28,151.02,151.78,150.84,151.52,151.52,3187000,Healthcare,150.036,150.659,147.4175,145.446,149.51336989034078,147.686535291185,1.8268345991557737,1.6272637216469286,150.91,3704800.0,149.21,7954500.0,149.83,11142300.0,68.03944315545239,1.548153609007441,1.1279450043382377,0.00404214432443184,0.011252761067278905
JNJ,2021-12-29,151.21,152.98,151.13,152.59,152.59,3662000,Healthcare,150.808,150.771,148.1125,145.668,149.98669759951912,148.04975489924539,1.9369427002737325,1.6891995173722896,151.52,3187000.0,148.73,7954200.0,151.47,10482400.0,68.40596330275228,2.595306932024477,0.7394203472634864,0.007061774023231271,0.010940942991502545
JNJ,2021-12-30,153.09,153.77,152.76,153.26,153.26,4231800,Healthcare,151.58599999999998,150.875,148.7455,145.837,150.4902825842085,148.43569898078277,2.0545836034257263,1.7622763345829768,152.59,3662000.0,149.37,4178200.0,152.22,8552200.0,67.04545454545448,2.604271272678571,0.6832216528708468,0.004390851300871468,0.01091867219695466
JNJ,2021-12-31,153.46,153.59,152.12,152.16,152.16,4409500,Healthcare,152.08800000000002,150.703,149.3675,145.9856,150.74716218663795,148.71157313035442,2.035589056283527,1.8169388789230871,153.26,4231800.0,149.65,3501500.0,153.88,8998600.0,64.20389461626577,1.6772469094553877,-1.1177540940992992,-0.007177345687067738,0.010538004094235165
JNJ,2022-01-03,151.39,152.63,150.41,152.58,152.58,6012200,Healthcare,152.422,150.998,149.9085,146.14939999999999,151.0291372348475,148.99812326884668,2.0310139660008133,1.8597538963386324,152.16,4409500.0,150.91,3704800.0,149.63,16726200.0,59.01639344262295,1.1066198396395333,1.9715297734411719,0.0027602523659306932,0.0049120309215817835
JNJ,2022-01-04,152.15,153.24,151.74,152.17,152.17,6748400,Healthcare,152.552,151.294,150.2705,146.2994,151.20465458333248,149.233077100784,1.971577482548497,1.8821186135806056,152.58,6012200.0,151.52,3187000.0,149.21,7954500.0,52.496433666191116,0.4289862724392579,1.9837812479056138,-0.002687114956088754,0.004899227667576517
JNJ,2022-01-05,152.99,154.29,152.65,153.18,153.18,7016100,Healthcare,152.67000000000002,151.739,150.6645,146.4632,151.5085538782044,149.52544175998517,1.9831121182192248,1.9023173145083294,152.17,6748400.0,152.59,3662000.0,148.73,7954200.0,53.361344537815135,0.38665705485287916,2.9919989242251255,0.006637313530919453,0.004726414551468428
JNJ,2022-01-06,153.12,153.43,151.92,152.66,152.66,7301600,Healthcare,152.55,152.06799999999998,150.98899999999998,146.58700000000002,151.68569943540373,149.75763125924553,1.928068176158206,1.9074674868383048,153.18,7016100.0,153.26,4231800.0,149.37,4178200.0,45.357686453576896,-0.3914915829309584,2.202584186918388,-0.003394699046873062,0.005096211655666558
JNJ,2022-01-07,152.51,155.03,152.21,154.72,154.72,6986000,Healthcare,153.06199999999998,152.575,151.347,146.7876,152.1525149068801,150.12521412893105,2.0273007779490513,1.9314341450604542,152.66,7301600.0,152.16,4409500.0,149.65,3501500.0,73.24200913241995,1.682439537329139,3.387905111927836,0.0134940390410061,0.006216995353043873
JNJ,2022-01-10,154.49,154.49,153.13,153.96,153.96,7698400,Healthcare,153.33800000000002,152.88,151.685,146.9888,152.43058953659084,150.40927234160282,2.021317194988029,1.9494107550459694,154.72,6986000.0,152.58,6012200.0,150.91,3704800.0,71.03631532329482,0.9044435705859222,2.021072162215898,-0.004912099276111581,0.006435765177460919
JNJ,2022-01-11,153.87,154.22,151.3,152.32,152.32,8341100,Healthcare,153.368,152.95999999999998,151.8095,147.1566,152.41357576173073,150.5508077237063,1.8627680380244271,1.932082211641661,153.96,7698400.0,152.17,6748400.0,151.52,3187000.0,64.41767068273086,0.09857396333048385,0.5279831045406524,-0.010652117433099573,0.007510862082939403
JNJ,2022-01-12,150.86,151.28,149.73,151.02,151.02,8116200,Healthcare,152.936,152.80300000000003,151.78699999999998,147.29579999999999,152.19917949069523,150.58556270713547,1.6136167835597632,1.8683891260252816,152.32,8341100.0,153.18,7016100.0,152.59,3662000.0,56.292906178489694,-1.4101057579318454,-1.0289009764729018,-0.008534663865546133,0.007627330400851908
JNJ,2022-01-13,150.32,151.58,149.84,150.1,150.1,6159400,Healthcare,152.424,152.48700000000002,151.68099999999998,147.3712,151.87622879981902,150.5495950991995,1.3266337006195101,1.7600380409441274,151.02,8116200.0,152.66,7301600.0,153.26,4231800.0,51.63636363636359,-1.6769291235425143,-2.0618556701030855,-0.00609190835650919,0.007522591777938375
JNJ,2022-01-14,149.99,150.01,148.67,149.29,149.29,5847700,Healthcare,151.33800000000002,152.2,151.45149999999998,147.4398,151.47834744600073,150.45629175851806,1.0220556874826627,1.6124415702518344,150.1,6159400.0,154.72,6986000.0,152.16,4409500.0,43.909774436090245,-3.509565667011383,-1.8861724500525812,-0.005396402398401112,0.007408079854631952
JNJ,2022-01-18,148.63,149.18,147.66,148.63,148.63,7815600,Healthcare,150.272,151.805,151.4015,147.5034,151.040140146616,150.3210108875167,0.7191292590993044,1.4337791080213287,149.29,5847700.0,153.96,7698400.0,152.58,6012200.0,39.1760299625468,-3.46193816575735,-2.5888058723292806,-0.00442092571505126,0.007255011387985383
JNJ,2022-01-19,148.72,150.07,147.93,148.17,148.17,5926500,Healthcare,149.442,151.405,151.34949999999998,147.5784,150.5985801240597,150.16167674770065,0.4369033763590551,1.234403961688874,148.63,7815600.0,152.32,8341100.0,152.17,6748400.0,32.65306122448983,-2.724527310924374,-2.628639022146284,-0.003094933728049587,0.00725672737241274
JNJ,2022-01-20,148.8,149.3,146.7,146.98,146.98,6011300,Healthcare,148.63400000000001,150.785,151.262,147.6396,150.041875489589,149.92599698861173,0.11587850097726005,1.0106988695465513,148.17,5926500.0,151.02,8116200.0,153.18,7016100.0,26.319758672699976,-2.6751423652496498,-4.047525786656236,-0.008031315380981341,0.006629230543997067
JNJ,2022-01-21,147.82,149.42,146.29,146.64,146.64,10550300,Healthcare,147.942,150.183,151.1255,147.7004,149.51851002965222,149.68258980427012,-0.16407977461790324,0.7757431407136604,146.98,6011300.0,150.1,6159400.0,152.66,7301600.0,27.9200000000001,-2.3051299133910796,-3.9434036420804452,-0.002313239896584607,0.0066508642810509735
JNJ,2022-01-24,145.87,146.02,140.76,144.95,144.95,14054600,Healthcare,147.074,149.206,150.8905,147.69619999999998,148.81566233278264,149.3320275965464,-0.5163652637637597,0.5173214598181763,146.64,10550300.0,149.29,5847700.0,154.72,6986000.0,22.294843863471357,-2.907093576260966,-6.314632885212001,-0.011524822695035408,0.0030970507771483414
JNJ,2022-01-25,144.41,149.79,143.72,149.1,149.1,14081200,Healthcare,147.168,148.72,150.8,147.7964,148.85940658927763,149.3148403671726,-0.4554337778949673,0.3227704122755476,144.95,14054600.0,148.63,7815600.0,153.96,7698400.0,41.23358081096521,0.3162214896050619,-3.1566640685892544,0.028630562262849324,0.01157230655428411
JNJ,2022-01-26,149.02,150.51,147.85,149.77,149.77,9963200,Healthcare,147.488,148.465,150.7125,147.8756,148.99949788323494,149.34855589553018,-0.34905801229524513,0.18840472736138902,149.1,14081200.0,148.17,5926500.0,152.32,8341100.0,40.0698893418754,1.0798407234932972,-1.6741071428571286,0.004493628437290509,0.011471005444542624
JNJ,2022-01-27,150.66,152.91,150.32,151.73,151.73,9066700,Healthcare,148.43800000000002,148.536,150.6695,148.02020000000002,149.41957513196803,149.52495916252795,-0.10538403055991807,0.1296469757771276,149.77,9963200.0,146.98,6011300.0,151.02,8116200.0,47.501343363782894,3.2317322084637334,0.4701364057740465,0.013086732990585492,0.0120478027668971
JNJ,2022-01-28,151.97,152.84,150.58,152.8,152.8,9783100,Healthcare,149.67,148.80599999999998,150.6465,148.2012,149.93964049628065,149.76755478011847,0.17208571616217228,0.13813472385413655,151.73,9066700.0,146.64,10550300.0,150.1,6159400.0,44.551645856980755,4.200763775231886,1.7988007994670374,0.00705200026362629,0.011961318653065574
JNJ,2022-01-31,152.54,153.54,151.94,153.24,153.24,8054800,Healthcare,151.328,149.201,150.70049999999998,148.3804,150.44738811223746,150.02477294455414,0.4226151676833183,0.1950308126199729,152.8,9783100.0,144.95,14054600.0,149.29,5847700.0,47.91907514450868,5.719213521904121,2.6458570567352346,0.002879581151832511,0.01168755165391955
JNJ,2022-02-01,152.75,152.97,150.7,151.99,151.99,8154700,Healthcare,151.906,149.537,150.671,148.55,150.6847130180471,150.1703453190316,0.5143676990154802,0.25889818989907437,153.24,8054800.0,149.1,14081200.0,148.63,7815600.0,49.02424600827918,1.9382964453387164,2.260647244836189,-0.008157139128164959,0.011995287736660195
JNJ,2022-02-02,150.9,153.87,150.9,153.67,153.67,7382800,Healthcare,152.686,150.087,150.746,148.7446,151.14398793834755,150.42957899910334,0.7144089392442083,0.3500003397681012,151.99,8154700.0,149.77,9963200.0,148.17,5926500.0,57.66338924233654,2.6039927889430325,3.7119524870081744,0.011053358773603472,0.012121703842331057
JNJ,2022-02-03,153.22,154.43,152.13,153.66,153.66,6240400,Healthcare,153.072,150.755,150.77,148.9768,151.5310667170633,150.6688694436142,0.8621972734491123,0.4524397265043034,153.67,7382800.0,151.73,9066700.0,146.98,6011300.0,60.86691086691088,1.271996309233514,4.54483603211322,-6.507451031423361e-05,0.011510176420423221
JNJ,2022-02-04,152.1,153.86,151.31,152.66,152.66,6392200,Healthcare,153.044,151.357,150.77,149.1714,151.70474876059203,150.81636059593907,0.8883881646529517,0.5396294141340331,153.66,6240400.0,152.8,9783100.0,146.64,10550300.0,60.16898008449006,-0.09162303664922433,4.105291871249328,-0.006507874528179136,0.011857790533203925
JNJ,2022-02-07,152.46,152.75,151.22,152.15,152.15,6065700,Healthcare,152.826,152.077,150.6415,149.3638,151.77324895127018,150.9151486999436,0.8581002513265901,0.6033235815725445,152.66,6392200.0,153.24,8054800.0,144.95,14054600.0,60.71863580998786,-0.711302531975988,4.9672300793377255,-0.0033407572383072903,0.010904093559175033
JNJ,2022-02-08,152.11,153.03,151.63,152.55,152.55,6296100,Healthcare,152.93800000000002,152.422,150.57099999999997,149.58280000000002,151.89274911261322,151.03624879624408,0.8565003163691358,0.6539589285318628,152.15,6065700.0,151.99,8154700.0,149.1,14081200.0,63.38630806845974,0.3684452924534565,2.3138832997988024,0.0026289845547158297,0.007032884378667352
JNJ,2022-02-09,153.05,153.2,152.32,152.53,152.53,5387500,Healthcare,152.70999999999998,152.698,150.5815,149.7916,151.99078771067272,151.14689703355933,0.8438906771133929,0.6919452782481689,152.55,6296100.0,153.67,7382800.0,149.77,9963200.0,68.26859776168536,-0.7418494175831292,1.8428256660212305,-0.00013110455588338787,0.007025562756309142
JNJ,2022-02-10,152.28,152.29,150.58,150.69,150.69,10355300,Healthcare,152.11599999999999,152.594,150.565,150.0316,151.79066652441537,151.11305280885122,0.6776137155641493,0.689078965711365,152.53,5387500.0,153.66,6240400.0,151.73,9066700.0,62.133013780707046,-1.932838734869191,-0.6854280630066545,-0.012063200681833086,0.0070575519602291276
JNJ,2022-02-11,150.42,151.34,149.02,149.17,149.17,13125300,Healthcare,151.418,152.231,150.51850000000002,150.203,151.3874870591207,150.96912297115855,0.4183640879621464,0.6349359901615212,150.69,10355300.0,152.66,6392200.0,152.8,9783100.0,62.772397094430985,-2.2861260317044496,-2.3756544502617993,-0.010086933439511614,0.007056309916535071
JNJ,2022-02-14,149.17,149.4,145.7,147.29,147.29,8967600,Healthcare,150.446,151.636,150.4185,150.3544,150.75710443464058,150.69659534366534,0.06050909097524482,0.520050610324266,149.17,13125300.0,152.15,6065700.0,153.24,8054800.0,43.64912280701754,-3.19421623397963,-3.882798225006534,-0.012603070322450893,0.007461238957972974
JNJ,2022-02-15,147.76,149.52,147.66,148.81,148.81,6631400,Healthcare,149.698,151.31799999999998,150.4275,150.49540000000002,150.45754990623433,150.55684754043088,-0.09929763419654591,0.39618096142010367,147.29,8967600.0,152.55,6296100.0,151.99,8154700.0,46.82119205298011,-2.451655195018032,-2.092242910717812,0.010319777310068723,0.008511287353135152
JNJ,2022-02-16,148.09,149.29,147.39,148.73,148.73,8482400,Healthcare,148.938,150.82399999999998,150.4555,150.57139999999998,150.1917729975829,150.42152550039896,-0.22975250281606918,0.2709942685728691,148.81,6631400.0,152.53,5387500.0,153.67,7382800.0,38.65355521936462,-2.4913131842916214,-3.214680809526904,-0.0005375982796855805,0.007214541569581546
JNJ,2022-02-17,148.73,148.94,146.69,147.82,147.82,6227600,Healthcare,148.364,150.24,150.4975,150.6218,149.8268848441086,150.22881990777682,-0.4019350636682191,0.1364084021246515,148.73,8482400.0,150.69,10355300.0,153.66,6240400.0,30.93415007656961,-1.904572300749885,-3.800598724456594,-0.006118469710213126,0.007172505261820463
JNJ,2022-02-18,147.68,148.02,145.86,146.23,146.23,6423200,Healthcare,147.77599999999998,149.59699999999998,150.477,150.623,149.27351794501496,149.93261102571927,-0.6590930807043094,-0.02269189444114067,147.82,6227600.0,149.17,13125300.0,152.66,6392200.0,25.3342716396903,-1.9709056780853995,-4.2119743220228045,-0.010756325260451893,0.007467576993900121
JNJ,2022-02-22,146.42,146.57,143.62,144.25,144.25,6868900,Healthcare,147.16799999999998,148.80700000000002,150.44199999999998,150.5568,148.50066903039726,149.51167687566598,-1.011007845268722,-0.22035508460665693,146.23,6423200.0,147.29,8967600.0,152.15,6065700.0,24.096385542168633,-2.0639554620137113,-5.192244495563592,-0.01354031320522453,0.00800400963339444
JNJ,2022-02-23,144.58,145.59,143.99,144.32,144.32,8016900,Healthcare,146.27,147.98399999999998,150.203,150.49919999999997,147.85748917956693,149.12710821820926,-1.2696190386423325,-0.4302078754137921,144.25,6868900.0,148.81,6631400.0,152.55,6296100.0,14.92873218304581,-3.0172703447349014,-5.394952474598503,0.00048526863084918936,0.00779434572609237
JNJ,2022-02-24,143.03,143.34,139.39,141.56,141.56,12883400,Healthcare,144.836,146.887,149.7925,150.3338,146.88864469040277,148.5665816835271,-1.6779369931243195,-0.6797536989558977,144.32,8016900.0,148.73,8482400.0,152.53,5387500.0,12.375621890547322,-4.820816244200898,-7.192027797810264,-0.019124168514412343,0.00861113148740602
JNJ,2022-02-25,143.23,149.48,142.96,148.6,148.6,11340400,Healthcare,144.992,146.67799999999997,149.636,150.27640000000002,147.1519301226485,148.56905711437693,-1.4171269917284235,-0.8272283575104028,141.56,12883400.0,147.82,6227600.0,150.69,10355300.0,40.822784810126585,0.5276687863617902,-1.38695334793284,0.04973156258830169,0.019799226649788483
JNJ,2022-02-28,145.8,147.86,145.36,147.32,147.32,9373500,Healthcare,145.21,146.493,149.36200000000002,150.1784,147.17778702685644,148.47653436516384,-1.2987473383074075,-0.9215321536698038,148.6,11340400.0,146.23,6423200.0,149.17,13125300.0,39.44954128440365,0.7454010804896383,-1.2401957498156424,-0.008613728129205911,0.019731308949797362
JNJ,2022-03-01,145.95,147.48,145.38,146.81,146.81,8737800,Healthcare,145.72199999999998,146.445,149.0405,150.03699999999998,147.12120440734006,148.35308737515172,-1.2318829678116572,-0.9836023164981745,147.32,9373500.0,144.25,6868900.0,147.29,8967600.0,37.52173913043477,1.7746967071057274,-0.3258877045284714,-0.0034618517512896574,0.019345910737652704
JNJ,2022-03-02,147.17,150.06,146.84,148.63,148.63,6793300,Healthcare,146.584,146.42699999999996,148.8725,150.017,147.35332680621082,148.37359942143678,-1.020272615225963,-0.9909363762437322,146.81,8737800.0,144.32,8016900.0,148.81,6631400.0,42.13709677419354,2.9864190687361347,-0.12095961292923896,0.012396975682855249,0.019481630590370055
JNJ,2022-03-03,149.22,151.59,148.88,150.82,150.82,7333700,Healthcare,148.43599999999998,146.63600000000002,148.73,150.0492,147.88666114371685,148.55481427910811,-0.6681531353912646,-0.9263797280732388,148.63,6793300.0,141.56,12883400.0,148.73,8482400.0,50.258449304174945,6.541395874540834,1.4052309554225761,0.014734575792235693,0.02002190740760239
JNJ,2022-03-04,150.07,152.05,149.36,151.71,151.71,6302500,Healthcare,149.058,147.025,148.6325,150.1088,148.47486712160656,148.78853173991493,-0.31366461830836556,-0.8038367061202643,150.82,7333700.0,148.6,11340400.0,147.82,6227600.0,55.17944535073414,2.0928667563930192,2.6315789473684292,0.005901074128099815,0.019869040925283896
JNJ,2022-03-07,150.66,154.97,149.81,154.16,154.16,11663400,Healthcare,150.426,147.81799999999998,148.7075,150.2046,149.3495029490517,149.186418277699,0.1630846713526921,-0.610452430625673,151.71,6302500.0,147.32,9373500.0,146.23,6423200.0,63.690713431646095,4.642954113494446,5.422963824112714,0.01614923208753538,0.01965359730944261
JNJ,2022-03-08,154.0,154.97,150.84,151.03,151.03,11100300,Healthcare,151.27,148.49599999999998,148.6515,150.2322,149.6080409568899,149.32297988675836,0.28506107013154747,-0.4313497304742289,154.16,11663400.0,146.81,8737800.0,144.25,6868900.0,54.15730337078652,2.8744635923983353,4.700173310225297,-0.020303580695381407,0.02047933998743241
JNJ,2022-03-09,152.19,152.38,150.29,151.6,151.6,7248200,Healthcare,151.864,149.224,148.60399999999998,150.246,149.91449619429144,149.4916480432948,0.42284815099665707,-0.26051015418005175,151.03,11100300.0,148.63,6793300.0,144.32,8016900.0,55.277675616035324,1.9982506896319752,5.044345898004443,0.003774084618949791,0.02042888230441315
JNJ,2022-03-10,150.89,152.31,150.46,151.87,151.87,6171400,Healthcare,152.074,150.255,148.571,150.25300000000001,150.21534293363123,149.66782226230998,0.5475206713212515,-0.0989039890797911,151.6,7248200.0,150.82,7333700.0,141.56,12883400.0,57.627118644067835,0.6961941387084059,7.283130827917494,0.0017810026385225441,0.018666029244144115
JNJ,2022-03-11,151.4,153.48,151.3,151.6,151.6,5188000,Healthcare,152.052,150.555,148.6165,150.2332,150.42836709768795,149.81094653917592,0.6174205585120376,0.04436092043857465,151.87,6171400.0,151.71,6302500.0,148.6,11340400.0,60.64209274673011,-0.0725067563113968,2.0188425302826385,-0.0017778363073681636,0.011269684913450633
JNJ,2022-03-14,152.79,155.87,152.49,153.69,153.69,7729500,Healthcare,151.958,151.19199999999998,148.8425,150.2418,150.93015677496672,150.0982838325703,0.8318729423964157,0.20186332483014288,151.6,5188000.0,154.16,11663400.0,147.32,9373500.0,68.62667719021312,-0.3048780487804881,4.3239207168069616,0.013786279683377423,0.011138238156971092
JNJ,2022-03-15,155.16,158.01,154.46,157.67,157.67,10554400,Healthcare,153.286,152.278,149.36149999999998,150.352,151.96705573266414,150.65915169682435,1.3079040358397833,0.423071467032071,153.69,7729500.0,151.03,11100300.0,146.81,8737800.0,72.82051282051283,4.396477521022302,7.397316259110398,0.025896284728999852,0.012634274320789925
JNJ,2022-03-16,157.07,158.4,154.47,156.22,156.22,9603300,Healthcare,154.20999999999998,153.037,149.732,150.4248,152.62135485071582,151.07106638594848,1.550288464767334,0.6485148665791236,157.67,10554400.0,151.6,7248200.0,148.63,6793300.0,76.23478883321405,3.047493403693924,5.106640651281702,-0.00919642290860656,0.013471330639555799
JNJ,2022-03-17,156.84,158.3,155.94,158.26,158.26,7472100,Healthcare,155.488,153.781,150.2085,150.5466,153.48883871983645,151.60357998698933,1.8852587328471202,0.895863639832723,156.22,9603300.0,151.87,6171400.0,150.82,7333700.0,71.05492589363558,4.207545927437928,4.933032754276612,0.01305850723338886,0.013347646595553308
JNJ,2022-03-18,158.44,158.44,155.45,156.51,156.51,13809500,Healthcare,156.46999999999997,154.261,150.643,150.6132,153.95363276293853,151.96701850647162,1.9866142564669076,1.11401376315956,158.26,7472100.0,151.6,5188000.0,151.71,6302500.0,69.6283639470312,3.23878627968337,3.1639311844967155,-0.011057753064577236,0.01425387798635908
JNJ,2022-03-21,156.35,158.59,156.04,157.4,157.4,7574900,Healthcare,157.212,154.58499999999998,151.2015,150.708,154.48384310710182,152.36946158006631,2.114381527035505,1.3140873159347488,156.51,13809500.0,153.69,7729500.0,154.16,11663400.0,72.25725094577555,2.413950159411815,2.1017125064867637,0.00568653760143123,0.013566054676870332
JNJ,2022-03-22,157.4,157.88,155.68,156.65,156.65,8442100,Healthcare,157.00799999999998,155.147,151.82150000000001,150.7466,154.81709801370152,152.6865385000614,2.1305595136401223,1.4773817554758235,157.4,7574900.0,157.67,10554400.0,151.03,11100300.0,67.64964788732397,-0.6469207839157609,3.7211150102628654,-0.004764930114358301,0.011427993911884421
JNJ,2022-03-23,156.86,157.14,155.84,156.06,156.06,5254200,Healthcare,156.976,155.593,152.4085,150.78859999999997,155.0083137039013,152.9364245370939,2.0718891668074093,1.5962832377421408,156.65,8442100.0,156.22,9603300.0,151.6,7248200.0,62.40530303030305,-0.1024196645755926,2.9419525065963015,-0.003766358123204583,0.011670126747453975
JNJ,2022-03-24,156.65,157.14,155.82,156.87,156.87,5012300,Healthcare,156.698,156.09300000000002,153.174,150.87959999999998,155.29472698022417,153.22780049730918,2.066926482914994,1.6904118867767115,156.06,5254200.0,158.26,7472100.0,151.87,6171400.0,62.26235741444866,-0.8783015291292773,3.292289458089148,0.00519031141868509,0.011681503633409241
JNJ,2022-03-25,157.27,159.07,156.85,158.37,158.37,4809500,Healthcare,157.07,156.76999999999998,153.6625,151.0266,155.76784590634352,153.60870416417518,2.1591417421683445,1.784157857855038,156.87,5012300.0,156.51,13809500.0,151.6,5188000.0,60.47784967645596,1.188422465018224,4.465699208443286,0.009562057754828768,0.011683623357905288
JNJ,2022-03-28,158.13,159.5,157.86,159.19,159.19,5604200,Healthcare,157.42800000000003,157.32,154.256,151.2084,156.29433115152142,154.02213348534738,2.272197666174037,1.881765819518838,158.37,4809500.0,157.4,7574900.0,153.69,7729500.0,72.94713160854891,1.1372299872935088,3.5786323117964702,0.0051777483109174405,0.011226628540199863
JNJ,2022-03-29,159.89,160.59,158.26,159.11,159.11,5933400,Healthcare,157.92,157.464,154.871,151.4048,156.7275109743643,154.39901248643278,2.328498487931512,1.9711123532013728,159.19,5604200.0,156.65,8442100.0,157.67,10554400.0,71.71775592828232,1.5703798276412329,0.9132999302340572,-0.0005025441296563349,0.008049992919498943
JNJ,2022-03-30,159.73,161.0,159.05,160.76,160.76,6277600,Healthcare,158.85999999999999,157.91799999999998,155.4775,151.6474,157.34789390138516,154.87019674669702,2.477697154688144,2.072429313498727,159.11,5933400.0,156.06,5254200.0,156.22,9603300.0,73.80824852704876,3.011662181212338,2.9061579823326023,0.010370184149330441,0.007682359570815198
JNJ,2022-03-31,160.76,161.32,158.43,158.65,158.65,11490400,Healthcare,159.216,157.957,155.869,151.857,157.5482179165567,155.1501821728676,2.3980357436890927,2.1375505995368003,160.76,6277600.0,156.87,5012300.0,158.26,7472100.0,67.18673817649935,1.1346975202396914,0.2464299254391511,-0.013125155511321096,0.00827296545362804
JNJ,2022-04-01,158.49,159.72,157.19,159.51,159.51,6525600,Healthcare,159.44400000000002,158.257,156.25900000000001,152.1076,157.85003054477872,155.4731316415441,2.3768989032346326,2.185420260276367,158.65,11490400.0,158.37,4809500.0,156.51,13809500.0,65.09336099585067,0.7198333017616854,1.916810427448734,0.0054207374724235535,0.007354549882319781
JNJ,2022-04-04,159.51,159.51,157.12,157.97,157.97,6860600,Healthcare,159.2,158.31400000000002,156.4495,152.3342,157.86848738404353,155.65808485328157,2.210402530761968,2.1904167143734874,159.51,6525600.0,159.19,5604200.0,157.4,7574900.0,50.89073634204279,-0.7663797977259912,0.362134688691218,-0.00965456711177981,0.008049862427717824
JNJ,2022-04-05,157.97,160.82,157.81,158.99,158.99,7446100,Healthcare,159.17600000000002,158.548,156.8475,152.615,158.04102778649838,155.90489338266812,2.1361344038302548,2.179560252264841,157.97,6860600.0,159.11,5933400.0,156.65,8442100.0,58.439975624619194,-0.07541952108603978,1.4937759336099532,0.006456922200417825,0.008033450983803763
JNJ,2022-04-06,160.58,163.46,159.89,163.13,163.13,10330900,Healthcare,159.65,159.25500000000002,157.424,152.8956,158.82394658857555,156.44008646543344,2.3838601231421137,2.2204202264402957,158.99,7446100.0,160.76,6277600.0,156.06,5254200.0,63.155051323608916,1.474247325205269,4.530308855568377,0.026039373545506006,0.010881504088674618
JNJ,2022-04-07,162.62,163.77,161.34,162.7,162.7,7385200,Healthcare,160.45999999999998,159.838,157.9655,153.1542,159.42026249802547,156.9037837642902,2.516478733735255,2.279631927899288,163.13,10330900.0,158.65,11490400.0,156.87,5012300.0,68.00465386852827,2.5527891585250373,3.716453114043472,-0.002635934530742401,0.011104966685066223
JNJ,2022-04-08,162.32,163.98,161.51,163.03,163.03,7144500,Healthcare,161.164,160.304,158.53699999999998,153.3802,159.97560672909847,157.35757755952798,2.618029169570491,2.3473113762335287,162.7,7385200.0,159.51,6525600.0,158.37,4809500.0,66.9272399278413,2.2067581969782424,2.942476479131151,0.0020282728948985973,0.010917883866911983
JNJ,2022-04-11,163.81,164.89,160.77,160.99,160.99,5932000,Healthcare,161.76799999999997,160.48399999999998,158.902,153.54399999999998,160.13166723231407,157.62664588845183,2.5050213438622393,2.3788533697592706,163.03,7144500.0,157.97,6860600.0,159.19,5604200.0,62.10937500000006,1.9117553965942946,1.13072429172687,-0.012513034410844615,0.011906643235253008
JNJ,2022-04-12,160.41,161.85,159.52,161.04,161.04,5957500,Healthcare,162.17799999999997,160.677,159.0705,153.7,160.27141073503498,157.87948693375168,2.3919238012832977,2.381467456064076,160.99,5932000.0,158.99,7446100.0,159.11,5933400.0,64.3268124280783,1.2893892697653841,1.2129972974671555,0.00031057829678848847,0.011896584471885241
JNJ,2022-04-13,161.04,161.88,160.45,161.72,161.72,5643100,Healthcare,161.89600000000002,160.77299999999997,159.3455,153.8946,160.49427062195267,158.16396938310342,2.330301238849245,2.37123421262111,161.04,5957500.0,163.13,10330900.0,160.76,6277600.0,64.05797101449281,-0.8643413228713315,0.5971634735008724,0.004222553402881246,0.011527166740079458
JNJ,2022-04-14,161.13,162.38,160.89,161.04,161.04,6188200,Healthcare,161.564,161.012,159.4845,154.042,160.57822898780609,158.3770086880587,2.2012202997473764,2.3372314300463635,161.72,5643100.0,162.7,7385200.0,158.65,11490400.0,58.1253804017042,-1.0202827289489846,1.5064607626851467,-0.004204798417017153,0.010654411125405551
JNJ,2022-04-18,160.89,161.48,158.21,159.03,159.03,6318700,Healthcare,160.764,160.964,159.6105,154.1494,160.34003991275898,158.4253784148692,1.9146614978897958,2.25271744361505,161.04,6188200.0,163.03,7144500.0,159.51,6525600.0,49.54597048808173,-2.4535361589891447,-0.3009215723152048,-0.012481371087928461,0.011408522458413079
JNJ,2022-04-19,161.77,166.45,161.08,163.89,163.89,14380800,Healthcare,161.344,161.55599999999998,159.935,154.37400000000002,160.88618761848838,158.83016519895293,2.056022419535452,2.2133784387991304,159.03,6318700.0,160.99,5932000.0,157.97,6860600.0,60.669642857142826,1.801354121373988,3.7475470025954305,0.030560271646858927,0.014414291569563949
JNJ,2022-04-20,163.13,165.0,162.83,164.61,164.61,8044900,Healthcare,162.05800000000002,162.118,160.33300000000003,154.6232,161.4590818310286,159.2583011101416,2.2007807208870247,2.2108588952167096,163.89,14380800.0,161.04,5957500.0,158.99,7446100.0,58.965999068467696,2.2168405365126764,3.534813510283663,0.0043931905546403804,0.014386426160475179
JNJ,2022-04-21,164.65,165.49,163.42,164.14,164.14,6969200,Healthcare,162.542,162.219,160.737,154.855,161.87153078010112,159.6199084353163,2.2516223447848347,2.2190115851303345,164.61,8044900.0,161.72,5643100.0,163.13,10330900.0,63.84266263237514,1.4964135542913537,0.6191381107092386,-0.002855233582407024,0.012091111309741937
JNJ,2022-04-22,163.34,163.95,162.36,162.51,162.51,8003600,Healthcare,162.836,162.2,161.019,155.0546,161.96975681393172,159.83398929195954,2.135767521972184,2.2023627724987045,164.14,6969200.0,161.04,6188200.0,162.7,7385200.0,57.28155339805825,0.9128166915052249,-0.11677934849415594,-0.009930547093944142,0.012525785142320726
JNJ,2022-04-25,163.22,167.12,163.01,166.51,166.51,11176500,Healthcare,164.332,162.548,161.426,155.371,162.66825576563454,160.32850860366622,2.339747161968319,2.2298396503926274,162.51,8003600.0,159.03,6318700.0,163.03,7144500.0,68.5169124024284,4.703515060051555,2.1345764583205584,0.024613869915697473,0.014775727096661811
JNJ,2022-04-26,165.69,167.01,164.87,165.32,165.32,10190000,Healthcare,164.618,162.981,161.73250000000002,155.694,163.0762164170754,160.69824870709834,2.3779677099770424,2.2594652623095106,166.51,11176500.0,163.89,14380800.0,160.99,5932000.0,63.62462333189836,0.8725364573799466,2.6896080501894515,-0.007146717914839895,0.014270338625713901
JNJ,2022-04-27,164.92,165.44,162.69,163.01,163.01,11090100,Healthcare,164.29799999999997,163.178,161.92749999999998,156.0084,163.06602927598686,160.86948954360957,2.196539732377289,2.2468801563230665,165.32,10190000.0,164.61,8044900.0,161.04,5957500.0,49.71962616822429,-0.971994411032151,1.2232985593641388,-0.013972901040406494,0.015224373510580692
JNJ,2022-04-28,163.14,165.16,162.85,164.23,164.23,9403900,Healthcare,164.31599999999997,163.429,162.101,156.3168,163.2451016950658,161.11841624408294,2.126685450982876,2.2228412152550288,163.01,11090100.0,164.14,6969200.0,161.72,5643100.0,53.44749887336638,0.054831241622999016,1.5520652980459904,0.007484203423102853,0.015328056298029113
JNJ,2022-04-29,163.37,163.41,161.31,161.54,161.54,8463100,Healthcare,164.12199999999999,163.47899999999998,162.2455,156.573,162.9827783573634,161.14964467044715,1.8331336869162556,2.1448997095872744,164.23,9403900.0,162.51,8003600.0,161.04,6188200.0,46.96537678207738,-0.5968863454556605,0.31048186785891385,-0.016379467819521376,0.01629726322479848
JNJ,2022-05-02,161.55,162.39,158.47,159.91,159.91,7145400,Healthcare,162.802,163.56699999999998,162.26549999999997,156.8148,162.51004322546135,161.05781913930292,1.4522240861584237,2.0063645849015046,161.54,8463100.0,166.51,11176500.0,159.03,6318700.0,47.76304888152441,-3.963725902348203,0.5533547129472405,-0.010090380091618112,0.016103199608291523
JNJ,2022-05-03,160.06,161.69,159.05,159.6,159.6,5898700,Healthcare,161.658,163.13799999999998,162.347,157.0822,162.06234426769808,160.9498325363916,1.1125117313064834,1.8275940141825004,159.91,7145400.0,165.32,10190000.0,163.89,14380800.0,47.04918032786886,-3.459956448100654,-2.617609372139851,-0.0019385904571321833,0.012208476186856757
JNJ,2022-05-04,159.47,161.58,158.58,161.31,161.31,5923000,Healthcare,161.318,162.808,162.463,157.42340000000002,161.94659899574452,160.97651160777,0.9700873879745302,1.6560926889409067,159.6,5898700.0,163.01,11090100.0,164.61,8044900.0,49.19386551317343,-1.0428808048585925,-2.0047384727537865,0.010714285714285676,0.012760910702438207
JNJ,2022-05-05,160.61,160.87,156.9,158.23,158.23,7089200,Healthcare,160.118,162.217,162.21800000000002,157.70159999999998,161.37481453486075,160.77306630349074,0.60174823137001,1.4452237974267272,161.31,5923000.0,164.23,9403900.0,164.14,6969200.0,44.951491196550485,-3.6534128965475254,-3.6005848665773055,-0.019093670572190247,0.013873556316106215
JNJ,2022-05-06,156.78,158.33,156.38,157.88,157.88,6434000,Healthcare,159.38600000000002,161.754,161.977,158.028,160.8371507602668,160.55876509582475,0.27838566444205526,1.211856170829793,158.23,7089200.0,161.54,8463100.0,162.51,8003600.0,47.80282766526556,-2.2656927076884936,-2.849055442741988,-0.0022119699172090668,0.013694166420459205
JNJ,2022-05-09,157.06,159.84,156.29,158.74,158.74,7855200,Healthcare,159.152,160.977,161.7625,158.2308,160.51451218176422,160.4240417553933,0.09047042637092773,0.98757902193802,157.88,6434000.0,159.91,7145400.0,166.51,11176500.0,38.38520523229598,-0.7316615596272835,-4.666386403219014,0.0054471750696731824,0.010367949334390902
JNJ,2022-05-10,159.54,160.4,158.0,158.52,158.52,8186700,Healthcare,158.936,160.297,161.63899999999998,158.4548,160.2076641538005,160.28300162536414,-0.07533747156364257,0.7749957232376876,158.74,7855200.0,159.6,5898700.0,165.32,10190000.0,35.94831564374714,-0.6766917293232977,-4.113234938301469,-0.0013859140733274433,0.010378096894864642
JNJ,2022-05-11,157.51,159.63,157.44,157.67,157.67,6138900,Healthcare,158.208,159.763,161.4705,158.672,159.81725428398502,160.08944594941124,-0.2721916654262202,0.5655582455049061,158.52,8186700.0,161.31,5923000.0,163.01,11090100.0,35.32879818594107,-2.256524703986118,-3.275872645849953,-0.005362099419631727,0.009813731559619147
JNJ,2022-05-12,157.97,159.29,156.39,159.22,159.22,6898600,Healthcare,158.406,159.262,161.3455,158.8838,159.7253690095258,160.02504254575115,-0.299673536225356,0.39251188915885366,157.67,6138900.0,158.23,7089200.0,164.23,9403900.0,42.51251706873012,0.6256714908677408,-3.0505997686171793,0.009830658971269113,0.010122924323112346
JNJ,2022-05-13,159.97,160.14,157.37,158.31,158.31,7732200,Healthcare,158.49200000000002,158.93900000000002,161.209,159.03359999999998,159.5076199311372,159.89800235717698,-0.39038242603976414,0.23593302611913008,159.22,6898600.0,157.88,6434000.0,161.54,8463100.0,28.283898305084833,0.2723587534836591,-1.9995047666212629,-0.005715362391659373,0.009069212010674267
JNJ,2022-05-16,158.31,160.35,157.7,159.41,159.41,5516700,Healthcare,158.62600000000003,158.88899999999998,161.228,159.18759999999997,159.492601480193,159.86185403442312,-0.3692525542301155,0.11489591004928097,158.31,7732200.0,158.74,7855200.0,159.91,7145400.0,34.27354976051096,0.4220738314224537,-0.3126758801826002,0.006948392394668712,0.008976397452679969
JNJ,2022-05-17,159.98,160.86,158.08,160.07,160.07,5751100,Healthcare,158.93599999999998,158.936,161.03699999999998,159.3058,159.58143202170177,159.8772722540955,-0.29584023239371504,0.032748681560681774,159.41,5516700.0,158.52,8186700.0,159.6,5898700.0,41.42357059509921,0.9777946000504523,0.29448621553884724,0.004140267235430706,0.009056820540649683
JNJ,2022-05-18,160.09,160.57,156.81,157.1,157.1,8608800,Healthcare,158.822,158.515,160.6615,159.4272,159.19967324913227,159.67154838342174,-0.47187513428946204,-0.06817608160934699,160.07,5751100.0,157.67,6138900.0,161.31,5923000.0,31.127580730545304,-0.3615145557176347,-2.6098815944454845,-0.018554382457674712,0.010007907205141634
JNJ,2022-05-19,156.4,156.47,154.59,155.7,155.7,6874500,Healthcare,158.118,158.262,160.2395,159.5092,158.661261980035,159.37735961427938,-0.7160976342443917,-0.19776039213635593,157.1,8608800.0,159.22,6898600.0,158.23,7089200.0,33.40909090909095,-2.2107775405099894,-1.5989382544397412,-0.008911521323997529,0.00855545710299969
JNJ,2022-05-20,156.52,158.59,155.8,158.43,158.43,7522100,Healthcare,158.142,158.317,160.03549999999998,159.6404,158.62568321387576,159.30718482803647,-0.6815016141607089,-0.2945086365412265,155.7,6874500.0,158.31,7732200.0,157.88,6434000.0,46.04278074866314,0.07580064430547928,0.34836584747910404,0.017533718689788147,0.01045949094848367
JNJ,2022-05-23,160.0,162.1,159.88,161.66,161.66,7040800,Healthcare,158.59199999999998,158.60899999999998,159.793,159.8416,159.0925011809718,159.4814674333671,-0.38896625239530636,-0.3134001597120425,158.43,7522100.0,159.41,5516700.0,158.74,7855200.0,54.7641073080481,1.4114547393513588,1.8394859518709783,0.020387552862462854,0.012185611815235193
JNJ,2022-05-24,161.49,163.73,161.35,163.43,163.43,6419800,Healthcare,159.26399999999998,159.1,159.6985,160.0364,159.75980869159153,159.77395132719175,-0.014142635600222775,-0.25354865488967854,161.66,7040800.0,160.07,5751100.0,158.52,8186700.0,54.889298892988926,2.099081651777346,3.097400958869545,0.010948905109489093,0.012438701645271891
JNJ,2022-05-25,162.64,163.56,161.32,161.82,161.82,6558900,Healthcare,160.208,159.515,159.639,160.11939999999998,160.07676120057744,159.92551048814053,0.15125071243690513,-0.17258878142436182,163.43,6419800.0,157.1,8608800.0,157.67,6138900.0,58.88174171202373,3.004455760661995,2.63207966004948,-0.00985131248852733,0.012853130783661392
JNJ,2022-05-26,163.07,163.07,160.9,161.68,161.68,6897600,Healthcare,161.404,159.761,159.5115,160.2286,160.32341332356552,160.0554726742042,0.26794064936132145,-0.08448289526722516,161.82,6558900.0,155.7,6874500.0,159.22,6898600.0,59.50000000000001,3.840719332048814,1.5450320311518606,-0.0008651588184401815,0.012634743771513022
JNJ,2022-05-27,161.95,163.21,160.57,163.15,163.15,5853600,Healthcare,162.348,160.245,159.592,160.3264,160.75827281224772,160.28469692055944,0.4735758916882844,0.02712886212387676,161.68,6897600.0,158.43,7522100.0,158.31,7732200.0,60.69868995633185,2.979233730985298,3.05729265365422,0.009092033646709519,0.012548749172657749
JNJ,2022-05-31,160.36,162.32,157.67,161.74,161.74,16391400,Healthcare,162.364,160.478,159.6835,160.431,160.90930776420961,160.39249714866614,0.5168106155434771,0.1250652128077968,163.15,5853600.0,161.66,7040800.0,159.41,5516700.0,57.38532110091741,0.049486576766066825,1.4616397967505357,-0.00864235366227395,0.012976883330453532
JNJ,2022-06-01,161.4,162.01,158.47,160.1,160.1,5175400,Healthcare,161.698,160.481,159.70850000000002,160.485,160.78479887740812,160.3708306932094,0.4139681841987226,0.18284580708598197,161.74,16391400.0,163.43,6419800.0,160.07,5751100.0,55.3784860557769,-2.037569601664324,0.018741800462307445,-0.010139730431556915,0.013435067048093231
JNJ,2022-06-02,160.13,160.19,157.29,159.6,159.6,8666500,Healthcare,161.254,160.731,159.623,160.54399999999998,160.60252212703764,160.31373212334205,0.2887900036955955,0.2040346464079047,160.1,5175400.0,161.82,6558900.0,157.1,8608800.0,50.88207985143917,-1.3718946978123814,1.591343093570985,-0.0031230480949406836,0.011846732442276063
JNJ,2022-06-03,159.53,160.97,158.7,158.94,158.94,4234200,Healthcare,160.706,161.055,159.6585,160.6016,160.34674949210878,160.2119741882797,0.13477530382908753,0.19018277789214127,159.6,8666500.0,161.68,6897600.0,155.7,6874500.0,51.47956787224047,-1.6947055912914455,2.0809248554913395,-0.004135338345864659,0.011464033519766869
JNJ,2022-06-06,159.65,160.81,158.56,158.92,158.92,5386500,Healthcare,159.85999999999999,161.10399999999998,159.71049999999997,160.64260000000002,160.1272495702459,160.11627239655527,0.01097717369063389,0.1543416570518398,158.94,4234200.0,163.15,5853600.0,158.43,7522100.0,48.78772884710538,-2.592706098682207,0.3092848576658369,-0.00012583364791751706,0.010105610403707126
JNJ,2022-06-07,159.44,161.53,158.92,160.67,160.67,5447800,Healthcare,159.646,161.005,159.807,160.68859999999998,160.2107496363619,160.1572892560697,0.05346038029219358,0.13416540169991056,158.92,5386500.0,161.74,16391400.0,161.66,7040800.0,51.40845070422534,-0.6615555830345121,-0.6123963874798966,0.011011829851497623,0.008317161988622429
JNJ,2022-06-08,160.45,161.67,159.28,159.71,159.71,4333100,Healthcare,159.56799999999998,160.63299999999998,159.8665,160.69899999999998,160.13371123076774,160.12415671858304,0.00955451218470671,0.10924322379686979,160.67,5447800.0,160.1,5175400.0,163.43,6419800.0,56.76516329704512,-0.24359775140536666,-2.2762038793367134,-0.005974979772203737,0.0073788244401887665
JNJ,2022-06-09,159.65,160.95,156.43,156.5,156.5,5509600,Healthcare,158.948,160.101,159.808,160.6468,159.57467873372653,159.85570066535465,-0.2810219316281177,0.03119019271187229,159.71,4333100.0,159.6,8666500.0,161.82,6558900.0,51.89573459715642,-1.942355889724312,-3.2876035100729117,-0.020098929309373292,0.009066458667117305
JNJ,2022-06-10,155.11,156.73,153.71,155.45,155.45,6647300,Healthcare,158.25,159.478,159.61950000000002,160.54059999999998,158.9401127746917,159.52935246792097,-0.589239693229274,-0.09289578447635698,156.5,5509600.0,158.94,4234200.0,161.68,6897600.0,42.32749742533466,-2.1957971561595624,-3.853290450272151,-0.006709265175718904,0.009080403632394663
JNJ,2022-06-13,153.23,155.18,153.23,153.89,153.89,7997000,Healthcare,157.244,158.552,159.3985,160.44539999999998,158.16317234781604,159.11162265548236,-0.9484503076663202,-0.26400668911434966,155.45,6647300.0,158.92,5386500.0,163.15,5853600.0,28.11267605633803,-3.1651145230304545,-5.675758504443773,-0.010035381151495715,0.007992623908367445
JNJ,2022-06-14,154.11,154.16,150.69,151.52,151.52,7116800,Healthcare,155.41400000000002,157.53,159.004,160.2856,157.14114583276742,158.54928023655773,-1.4081344037903136,-0.4928322320495425,153.89,7997000.0,160.67,5447800.0,161.74,16391400.0,17.54768392370572,-5.694902595381823,-6.318783232348213,-0.015400610825914485,0.008527733427903677
JNJ,2022-06-15,152.83,154.45,151.93,153.15,153.15,7796100,Healthcare,154.102,156.83499999999998,158.65800000000002,160.1892,156.52712339695705,158.14933355236826,-1.62221015541121,-0.7187078167218761,151.52,7116800.0,159.71,4333100.0,160.1,5175400.0,26.401741970604263,-4.107444743597776,-4.341036851967517,0.01075765575501575,0.009968205154876647
JNJ,2022-06-16,151.71,153.34,150.82,153.23,153.23,7056700,Healthcare,153.448,156.198,158.4645,160.07399999999998,156.01987364357905,157.78493847441507,-1.7650648308360246,-0.9279792195447059,153.15,7796100.0,156.5,5509600.0,159.6,8666500.0,26.92517749863454,-2.089456869009587,-3.9912280701754455,0.0005223636957230049,0.010085385915070794
JNJ,2022-06-17,153.72,155.14,152.47,152.67,152.67,12486600,Healthcare,152.892,155.571,158.313,159.8648,155.5045084676438,157.40605414297693,-1.901545675333125,-1.1226925107023897,153.23,7056700.0,155.45,6647300.0,158.94,4234200.0,19.885057471264275,-1.7883563846896156,-3.9448848622121613,-0.003654636820465962,0.010085914571808182
JNJ,2022-06-21,153.83,156.63,152.76,155.87,155.87,8219700,Healthcare,153.28799999999998,155.266,158.185,159.7282,155.56073793416013,157.29227235460826,-1.7315344204481278,-1.2444608926515375,152.67,12486600.0,153.89,7997000.0,158.92,5386500.0,34.70557582073995,1.2866333095068017,-1.9192046312610067,0.020960241042772054,0.01281423229942924
JNJ,2022-06-22,154.96,160.29,154.68,158.33,158.33,10593100,Healthcare,154.65,155.032,158.0185,159.6342,155.98677825198166,157.3691410690817,-1.382362817100045,-1.272041277541239,155.87,8219700.0,151.52,7116800.0,160.67,5447800.0,45.577211394302886,4.494456177402317,-1.4564013194746872,0.01578238275485977,0.013421191821488935
JNJ,2022-06-23,159.46,162.0,159.03,161.86,161.86,10223500,Healthcare,156.392,155.247,157.94,159.6516,156.89035082859988,157.70179728618677,-0.8114464575868965,-1.1799223135503705,158.33,10593100.0,153.15,7796100.0,159.71,4333100.0,54.90451388888893,5.687234737185776,1.346189969319389,0.02229520621486758,0.015205722523915003
JNJ,2022-06-24,162.87,164.44,162.15,164.23,164.23,9374400,Healthcare,158.592,156.02,158.0605,159.7154,158.0195276241999,158.18536785758033,-0.16584023338043608,-0.9771058975163837,161.86,10223500.0,153.23,7056700.0,156.5,5509600.0,60.68686868686868,7.178750897343855,4.939297124600639,0.014642283454837424,0.013623808428826087
JNJ,2022-06-27,163.64,165.18,163.52,164.07,164.07,5908600,Healthcare,160.872,156.882,158.18,159.76239999999999,158.95036952816912,158.6212665347966,0.3291029933725156,-0.7158641193386039,164.23,9374400.0,152.67,12486600.0,155.45,6647300.0,60.345520289272834,7.467085871487522,5.545191379864911,-0.0009742434390793697,0.013193989628327314
JNJ,2022-06-28,164.12,164.84,158.84,159.41,159.41,9245700,Healthcare,161.57999999999998,157.434,157.993,159.72979999999998,159.02108190845078,158.67969123592277,0.34139067252800714,-0.5044131609652818,164.07,5908600.0,155.87,8219700.0,153.89,7997000.0,47.733812949640296,2.2711233720408064,3.5869777113522794,-0.028402511123301055,0.016467626676733075
JNJ,2022-06-29,159.66,160.63,158.95,159.45,159.45,7097900,Healthcare,161.804,158.227,157.8785,159.7382,159.08706930715067,158.73675114437293,0.3503181627777394,-0.3334668962166776,159.41,9245700.0,158.33,10593100.0,151.52,7116800.0,49.51636904761901,0.7073833133328877,5.233632523759235,0.00025092528699577343,0.01514627704645041
JNJ,2022-06-30,159.34,160.62,157.69,159.92,159.92,10777200,Healthcare,161.416,158.904,157.86950000000002,159.65879999999999,159.21521249066595,158.8243992077527,0.3908132829132569,-0.1886108603906907,159.45,7097900.0,161.86,10223500.0,153.15,7796100.0,57.08367854183926,-1.1985666625478952,4.420502775057122,0.0029476324866728465,0.015029799996087497
JNJ,2022-07-01,159.87,161.91,159.18,161.73,161.73,5498400,Healthcare,160.916,159.754,157.976,159.60119999999998,159.60210287671734,159.03962889606728,0.5624739806500543,-0.0383938921825417,159.92,10777200.0,164.23,9374400.0,153.23,7056700.0,62.6104417670683,-1.5222553735614652,5.547216602492977,0.011318159079539702,0.015104913895122715
JNJ,2022-07-05,161.11,161.38,157.31,160.49,160.49,5676400,Healthcare,160.2,160.536,158.05349999999999,159.5282,159.73870243414544,159.1470637926549,0.5916386414905332,0.0876126145520733,161.73,5498400.0,164.07,5908600.0,152.67,12486600.0,63.425549227013924,-2.181995489729982,5.122158904827412,-0.0076670994867988895,0.015425497382363084
JNJ,2022-07-06,160.43,161.66,159.83,160.63,160.63,5335600,Healthcare,160.44400000000002,161.012,158.139,159.4906,159.8758251365846,159.25691091912492,0.6189142174596896,0.19387293513359655,160.49,5676400.0,159.41,9245700.0,155.87,8219700.0,70.38031319910517,0.7653221253371756,3.0538269070379043,0.0008723284939871068,0.014407181301941132
JNJ,2022-07-07,160.24,161.37,159.92,160.81,160.81,5725800,Healthcare,160.71599999999998,161.26,158.14600000000002,159.3766,160.01954434634084,159.3719545547453,0.64758979159555,0.28461630642598723,160.63,5335600.0,159.45,7097900.0,158.33,10593100.0,68.32535885167468,0.8529319535904856,1.5663487652371577,0.0011205876859865516,0.01370268045594786
JNJ,2022-07-08,160.66,162.16,160.16,160.62,160.62,3828300,Healthcare,160.856,161.136,158.1915,159.2826,160.1119221392115,159.4644023655049,0.6475197737065912,0.35719699988210807,160.81,5725800.0,159.92,10777200.0,161.86,10223500.0,67.58686339838178,0.43771885942973654,-0.7660941554429757,-0.0011815185622784385,0.011624180616998474
JNJ,2022-07-11,160.09,161.28,159.93,160.68,160.68,3645200,Healthcare,160.64600000000002,160.781,158.40050000000002,159.236,160.19931873317896,159.55444663472676,0.644872098452197,0.4147320195961258,160.62,3828300.0,161.73,5498400.0,164.23,9374400.0,69.52705997074605,-0.6492301984789339,-2.161602630457271,0.00037355248412396236,0.010334901682018286
JNJ,2022-07-12,160.34,160.77,157.84,158.43,158.43,4708800,Healthcare,160.23399999999998,160.217,158.54950000000002,159.11999999999998,159.92711585115143,159.47115429141365,0.45596155973777286,0.42297792762445524,160.68,3645200.0,160.49,5676400.0,164.07,5908600.0,56.54396728016363,-1.2835690697239666,-3.4375571402450067,-0.014002987303958214,0.010973903608339892
JNJ,2022-07-13,158.25,158.86,157.21,158.06,158.06,5291700,Healthcare,159.72,160.082,158.75799999999998,159.0504,159.63986725866658,159.36662434390155,0.27324291476503504,0.3930309250525712,158.43,4708800.0,160.63,5335600.0,159.41,9245700.0,49.22724670864336,-1.5999501961028395,-0.846872843610813,-0.0023354162721707095,0.00661506105447306
JNJ,2022-07-14,155.43,158.57,155.23,158.27,158.27,5359600,Healthcare,159.21200000000002,159.964,159.0955,159.01760000000002,159.42911844964095,159.28539291101995,0.14372553862099835,0.3431698477662567,158.06,5291700.0,160.81,5725800.0,159.45,7097900.0,37.31448763250877,-1.5795037622038377,-0.7400439009093596,0.0013286093888398298,0.0066433523693266265
JNJ,2022-07-15,160.1,160.82,159.06,160.57,160.57,5691100,Healthcare,159.202,160.029,159.4665,159.037,159.60463868815773,159.38054899168515,0.22408969647258914,0.3193538175075232,158.27,5359600.0,160.62,3828300.0,159.92,10777200.0,37.00284090909088,-0.031129373677007965,0.4064532266133014,0.014532128640929898,0.008185513034878094
JNJ,2022-07-18,160.13,160.53,156.68,156.97,156.97,7605700,Healthcare,158.45999999999998,159.553,159.65349999999998,158.9502,159.1993096592104,159.2019898071159,-0.002680147905493868,0.2549470244249198,160.57,5691100.0,160.68,3645200.0,161.73,5498400.0,29.737442922374385,-2.3089370176748836,-2.943176899771216,-0.022420128292956254,0.009961963497364574
JNJ,2022-07-19,158.86,159.24,153.05,154.68,154.68,13256400,Healthcare,157.71,158.972,159.75400000000002,158.8792,158.5040312501011,158.8670275991814,-0.362996349080305,0.13135834972387483,156.97,7605700.0,158.43,4708800.0,160.49,5676400.0,34.38943894389436,-2.3669759515243305,-3.6201632500467373,-0.014588774925144876,0.010550153997901752
JNJ,2022-07-20,155.14,155.45,152.94,153.8,153.8,7455800,Healthcare,156.858,158.289,159.6505,158.7976,157.78033413470092,158.49169222146426,-0.7113580867633402,-0.03718493757356818,154.68,13256400.0,158.06,5291700.0,160.63,5335600.0,32.332707942464054,-2.695179045931917,-4.252007719604045,-0.005689164727178619,0.01044250660853109
JNJ,2022-07-21,153.2,154.41,152.95,154.34,154.34,5729200,Healthcare,156.072,157.642,159.451,158.7096,157.25105196013158,158.18415946431875,-0.933107504187177,-0.21636945089628998,153.8,7455800.0,158.27,5359600.0,160.81,5725800.0,32.62764632627645,-2.4830985025589225,-4.023381630495615,0.003511053315994772,0.01060611146465709
JNJ,2022-07-22,154.6,155.4,154.11,155.07,155.07,4257000,Healthcare,154.97199999999998,157.08700000000002,159.11149999999998,158.6406,156.9155055047267,157.95348098548035,-1.0379754807536585,-0.3806906568677637,154.34,5729200.0,160.57,5691100.0,160.62,3828300.0,27.77036048064076,-3.4252973780905527,-3.4553604781471847,0.0047298172865102295,0.010942966695273091
JNJ,2022-07-25,155.07,155.84,154.71,155.37,155.37,4437300,Healthcare,154.652,156.55599999999998,158.66850000000002,158.59459999999999,156.67773542707644,157.76211202359292,-1.0843765965164778,-0.5214278447975065,155.07,4257000.0,156.97,7605700.0,160.68,3645200.0,31.766381766381713,-1.0193030515385115,-3.304705003734132,0.001934610176049567,0.01101456916844426
JNJ,2022-07-26,155.46,157.64,155.4,156.47,156.47,4525500,Healthcare,155.01,156.35999999999999,158.2885,158.53959999999998,156.64577613060314,157.6664000218453,-1.0206238912421668,-0.6212670540864386,155.37,4437300.0,154.68,13256400.0,158.43,4708800.0,36.13333333333331,1.157227825187479,-1.237139430663392,0.007079873849520357,0.010752915944278869
JNJ,2022-07-27,155.53,156.85,154.17,156.04,156.04,4648500,Healthcare,155.458,156.158,158.12,158.4942,156.55257980281803,157.54592594615306,-0.9933461433350317,-0.6956828719361572,156.47,4525500.0,153.8,7455800.0,158.06,5291700.0,34.36065573770486,1.456436931079308,-1.277995697836276,-0.0027481306320701337,0.010758583836531117
JNJ,2022-07-28,156.22,158.64,154.45,156.94,156.94,5513000,Healthcare,155.978,156.025,157.9945,158.44480000000001,156.6121829100768,157.50104254273433,-0.8888596326575282,-0.7343182240804315,156.04,4648500.0,154.34,5729200.0,158.27,5359600.0,38.47117794486211,1.6845924582091554,-0.8403361344537896,0.0057677518584977605,0.010965614513276632
JNJ,2022-07-29,156.57,157.53,155.78,157.23,157.23,6451400,Healthcare,156.41,155.69099999999997,157.85999999999999,158.388,156.7072316931419,157.4809653173466,-0.7737336242047093,-0.7422013041052871,156.94,5513000.0,155.07,4257000.0,160.57,5691100.0,39.34527486102525,1.3929193267556483,-2.080089680513175,0.001847839938829976,0.009651290614858544
JNJ,2022-08-01,156.91,157.8,156.34,156.68,156.68,5461400,Healthcare,156.672,155.662,157.6075,158.3796,156.7030422018893,157.4216345530987,-0.718592351209395,-0.7374795135261086,157.23,6451400.0,155.37,4437300.0,156.97,7605700.0,43.96135265700481,0.8431486129883536,-0.18474867809135098,-0.0034980601666347866,0.006582483197583752
JNJ,2022-08-02,157.67,158.1,155.59,155.79,155.79,5794200,Healthcare,156.536,155.773,157.3725,158.3814,156.5625741708294,157.30077273435063,-0.7381985635212232,-0.7376233235251315,156.68,5461400.0,156.47,4525500.0,154.68,13256400.0,42.43837441705524,-0.4345880999552687,0.7176105508145847,-0.005680367628287053,0.00476568128818399
JNJ,2022-08-03,155.45,157.89,154.75,157.29,157.29,5010000,Healthcare,156.786,156.122,157.2055,158.3586,156.67448583685567,157.29997475402837,-0.6254889171727029,-0.7151964422546458,155.79,5794200.0,156.04,4648500.0,153.8,7455800.0,46.99386503067478,0.8010766470135877,2.269180754226263,0.009628345850182907,0.004933501201133629
JNJ,2022-08-04,157.49,157.74,154.6,154.77,154.77,5651600,Healthcare,156.352,156.165,156.9035,158.2208,156.38148801580095,157.11256921669292,-0.731081200891964,-0.7183733939821095,157.29,5010000.0,156.94,5513000.0,154.34,5729200.0,32.44552058111381,-1.3826940231935647,0.278605675780752,-0.016021361815754198,0.007553070924448737
JNJ,2022-08-05,154.33,154.53,152.97,154.16,154.16,5235500,Healthcare,155.738,156.074,156.5805,158.03539999999998,156.03972062875465,156.89386038582677,-0.8541397570721188,-0.7455266666001114,154.77,5651600.0,157.23,6451400.0,155.07,4257000.0,39.61566888396154,-1.9525535839216346,-0.5868317534016843,-0.0039413322995413,0.007485961531067859
JNJ,2022-08-08,154.33,154.49,152.65,153.34,153.34,4629800,Healthcare,155.07,155.87099999999998,156.2135,157.8658,155.62437899356163,156.6306114683581,-1.0062324747964624,-0.7976678282393815,154.16,5235500.0,156.68,5461400.0,155.37,4437300.0,44.44444444444442,-2.1317334694919587,-1.3065585376842437,-0.005319148936170137,0.00756803635916176
JNJ,2022-08-09,153.64,154.16,152.91,153.32,153.32,5532500,Healthcare,154.57599999999996,155.55599999999998,155.958,157.6986,155.26985914839833,156.38538098922047,-1.1155218408221401,-0.8612386307559333,153.34,4629800.0,155.79,5794200.0,156.47,4525500.0,47.857142857142776,-1.5854676166634607,-2.013165463028055,-0.0001304291117778522,0.007004679076568248
JNJ,2022-08-10,154.07,154.27,152.73,153.76,153.76,5603400,Healthcare,153.86999999999998,155.32800000000003,155.743,157.5108,155.0375731255678,156.1909083233523,-1.153335197784486,-0.9196579441616438,153.32,5532500.0,157.29,5010000.0,156.04,4648500.0,47.38738738738733,-2.2442621908576488,-1.4611638041527875,0.0028698147665013884,0.00716236806535741
JNJ,2022-08-11,151.82,153.11,150.43,150.58,150.58,9328700,Healthcare,153.03199999999998,154.692,155.3585,157.2876,154.35179264471122,155.77528548458548,-1.4234928398742568,-1.0204249233041665,153.76,5603400.0,154.77,5651600.0,156.94,5513000.0,33.43173431734323,-2.7072430057504704,-4.0525041417102,-0.020681581685743855,0.008879556163224611
JNJ,2022-08-12,150.94,151.3,148.79,148.92,148.92,14606900,Healthcare,151.984,153.86100000000002,154.776,157.064,153.51613223783258,155.26748655980137,-1.7513543219687904,-1.1666108030370914,150.58,9328700.0,154.16,5235500.0,157.23,6451400.0,28.37022132796774,-3.3990659055526784,-5.285250906315586,-0.011024040377208277,0.00885566638451469
JNJ,2022-08-15,149.55,150.23,148.77,149.63,149.63,10072000,Healthcare,151.24200000000002,153.156,154.40900000000002,156.8646,152.9182657397045,154.84989496277905,-1.9316292230745375,-1.3196144870445807,148.92,14606900.0,153.34,4629800.0,156.68,5461400.0,26.446280991735534,-2.419460023477249,-4.499617053867766,0.0047676604888531315,0.009418678290303493
JNJ,2022-08-16,149.43,151.58,149.19,150.97,150.97,7453600,Healthcare,150.772,152.674,154.2235,156.7052,152.61853254898074,154.56249533590653,-1.9439627869257947,-1.4444841470208236,149.63,10072000.0,153.32,5532500.0,155.79,5794200.0,33.570965651328606,-1.5327419775632678,-3.0939084665254413,0.008955423377664973,0.010318250054196565
JNJ,2022-08-17,149.92,151.86,149.92,150.98,150.98,7406600,Healthcare,150.21599999999998,152.043,154.0825,156.5464,152.3664506183683,154.2971253110246,-1.9306746926562823,-1.5417222561479154,150.97,7453600.0,153.76,5603400.0,157.29,5010000.0,29.504814305364476,-1.808012486992716,-4.011698137198804,6.623832549501607e-05,0.00941196103018201
JNJ,2022-08-18,151.07,151.62,149.49,150.25,150.25,8312100,Healthcare,150.15,151.591,153.878,156.338,152.04084283092703,153.99733825094867,-1.9564954200216391,-1.6246768889226602,150.98,7406600.0,150.58,9328700.0,154.77,5651600.0,26.702269692923906,-0.2191526099083574,-2.9204626219551666,-0.004835077493707707,0.008445658783403052
JNJ,2022-08-19,150.54,153.26,150.45,152.53,152.53,8128500,Healthcare,150.87199999999999,151.428,153.75099999999998,156.1944,152.11609778001517,153.88864652865615,-1.772548748640986,-1.6542512608663256,150.25,8312100.0,148.92,14606900.0,154.16,5235500.0,37.58228605625373,2.4241203330647387,-1.0573430202387102,0.015174708818635585,0.010176620889157542
JNJ,2022-08-22,153.19,153.21,151.62,152.0,152.0,5462600,Healthcare,151.346,151.294,153.58249999999998,156.1044,152.09823658308974,153.74874678579275,-1.6505102027030034,-1.6535030492336613,152.53,8128500.0,149.63,10072000.0,153.34,4629800.0,38.40978593272173,1.5839069705273046,-0.8738750489109215,-0.0034747262833541015,0.01010642948780878
JNJ,2022-08-23,151.46,152.16,150.38,150.67,150.67,5566300,Healthcare,151.286,151.029,153.2925,156.0088,151.87850787799903,153.52069146832662,-1.6421835903275905,-1.6512391574524472,152.0,5462600.0,150.97,7453600.0,153.32,5532500.0,29.542645241038315,-0.19871497648540348,-1.7284111661883705,-0.008750000000000036,0.01040323587738543
JNJ,2022-08-24,151.06,151.09,149.71,150.18,150.18,5684300,Healthcare,151.126,150.671,152.9995,155.9346,151.61719897369147,153.27323284104315,-1.656033867351681,-1.6521980994322942,150.67,5566300.0,150.98,7406600.0,153.76,5603400.0,33.78091872791519,-0.5298715061597403,-2.328303850156077,-0.003252140439370721,0.010284333947168097
JNJ,2022-08-25,150.51,151.68,149.38,151.58,151.58,5678700,Healthcare,151.392,150.77100000000002,152.7315,155.9358,151.611476054662,153.14780818615105,-1.536332131489047,-1.6290249058436448,150.18,5684300.0,150.25,8312100.0,150.58,9328700.0,41.365461847389604,0.8851913477537554,0.6640988179041019,0.009322146757224647,0.00855958431034914
JNJ,2022-08-26,151.88,151.92,148.92,148.99,148.99,5667100,Healthcare,150.68400000000003,150.778,152.3195,155.8526,151.20817204625246,152.8398223945843,-1.6316503483318456,-1.629549994341285,151.58,5678700.0,152.53,8128500.0,148.92,14606900.0,36.983842010772015,-2.3208549137874512,0.047005103411246196,-0.01708668689800763,0.00962967346634417
JNJ,2022-08-29,148.26,148.6,146.95,147.84,147.84,5259200,Healthcare,149.852,150.599,151.8775,155.7448,150.6899917314444,152.46946518017066,-1.7794734487262645,-1.6595346852182808,148.99,5667100.0,152.0,5462600.0,149.63,10072000.0,34.64125560538119,-2.7368421052631597,-1.1962841676134373,-0.0077186388348211565,0.009764151929361094
JNJ,2022-08-30,148.11,148.33,146.96,147.32,147.32,6973300,Healthcare,149.182,150.23399999999998,151.454,155.6378,150.17153146506834,152.08802331497284,-1.916491849904503,-1.7109261181555255,147.84,5259200.0,150.67,5566300.0,150.97,7453600.0,32.031250000000014,-2.2234021371208557,-2.4176988805723054,-0.0035173160173160856,0.009102681555546577
JNJ,2022-08-31,148.04,148.33,146.27,146.33,146.33,8741700,Healthcare,148.412,149.769,150.906,155.447,149.5805266242886,151.6615030694193,-2.0809764451306876,-1.7849361835505582,147.32,6973300.0,150.18,5684300.0,150.98,7406600.0,36.49078194532741,-2.563590358236778,-3.0798781295535704,-0.006720065164268152,0.009150637562394308
JNJ,2022-09-01,146.47,150.1,146.46,149.96,149.96,7509600,Healthcare,148.08800000000002,149.74,150.6655,155.27960000000002,149.63890714362884,151.53546580501788,-1.8965586613890366,-1.807260679118254,146.33,8741700.0,151.58,5678700.0,150.25,8312100.0,52.937853107344694,-1.0687425781765403,-0.19301164725457065,0.024806943210551546,0.012652125473912574
JNJ,2022-09-02,150.43,150.74,146.94,147.6,147.6,5803700,Healthcare,147.81,149.247,150.3375,154.99439999999998,149.3252291215321,151.243949819461,-1.9187206979289044,-1.8295526828803843,149.96,7509600.0,148.99,5667100.0,152.53,8128500.0,44.75452196382428,-0.9329485200349152,-3.232151052252019,-0.015737530008002265,0.012270160094285285
JNJ,2022-09-06,148.69,150.76,147.67,148.0,148.0,7394600,Healthcare,147.842,148.847,150.07049999999998,154.6698,149.12134771821945,151.00365724024167,-1.8823095220222115,-1.8401040507087498,147.6,5803700.0,147.84,5259200.0,152.0,5462600.0,41.933731667571976,0.10822510822510178,-2.631578947368418,0.0027100271002711285,0.012410558379473647
JNJ,2022-09-07,147.75,149.12,147.07,148.81,148.81,4590600,Healthcare,148.14000000000001,148.661,149.845,154.3646,149.0734480692626,150.84116411133488,-1.7677160420722657,-1.825626448981453,148.0,7394600.0,147.32,6973300.0,150.67,5566300.0,44.35190005205625,1.0114037469454384,-1.2344859626999272,0.005472972972973,0.012441674274409563
JNJ,2022-09-08,148.63,150.03,147.91,150.0,150.0,5838400,Healthcare,148.874,148.643,149.65699999999998,154.1764,149.21599452014527,150.7788556586434,-1.5628611384981355,-1.7730733868847897,148.81,4590600.0,146.33,8741700.0,150.18,5684300.0,49.364514489069656,2.5080297956673103,-0.1198561725928915,0.00799677441032176,0.012737711317947065
JNJ,2022-09-09,149.64,150.74,149.1,150.29,150.29,5500600,Healthcare,148.94,148.51399999999998,149.64249999999998,153.9932,149.3812261324306,150.74264412837354,-1.3614179959429293,-1.6907423086964177,150.0,5838400.0,149.96,7509600.0,151.58,5678700.0,43.665158371040704,0.2200586823152717,-0.8510357566961502,0.0019333333333333425,0.012341992145872756
JNJ,2022-09-12,150.66,151.07,149.85,150.23,150.23,6365300,Healthcare,149.466,148.63799999999998,149.708,153.7994,149.51180672744127,150.70467048923476,-1.1928637617934896,-1.5911665993158324,150.29,5500600.0,147.6,5803700.0,148.99,5667100.0,44.85764090644971,1.781842818428192,0.8322706221894016,-0.00039922815889281704,0.01094183420930474
JNJ,2022-09-13,148.35,149.14,145.85,146.32,146.32,6726400,Healthcare,149.13,148.486,149.5425,153.49120000000002,149.02075953860415,150.3798800826248,-1.3591205440206409,-1.5447573882567942,150.23,6365300.0,148.0,7394600.0,147.84,5259200.0,39.00960080848915,-1.1351351351351346,-1.0281385281385336,-0.026026758969579955,0.013719944314047699
JNJ,2022-09-14,147.27,149.98,147.27,149.34,149.34,9555700,Healthcare,149.236,148.68800000000002,149.46099999999998,153.2682,149.06987345574197,150.3028519283563,-1.2329784726143203,-1.4824016051282995,146.32,6726400.0,148.81,4590600.0,147.32,6973300.0,48.118279569892465,0.35615886029165544,1.3711648112951558,0.020639693821760563,0.0152578102722484
JNJ,2022-09-15,149.15,150.62,148.83,149.72,149.72,7174500,Healthcare,149.18,149.027,149.398,153.05,149.16989292408937,150.25967771144101,-1.0897847873516469,-1.403878241572969,149.34,9555700.0,150.0,5838400.0,146.33,8741700.0,45.63380281690138,-0.1866666666666683,2.316681473382065,0.0025445292620864812,0.014984233611629986
JNJ,2022-09-16,149.94,152.04,149.42,152.01,152.01,20201500,Healthcare,149.524,149.232,149.486,152.874,149.60683247422946,150.38933121429721,-0.7824987400677514,-1.2796023412719255,149.72,7174500.0,150.29,5500600.0,149.96,7509600.0,57.19047619047615,1.1444540554927052,1.3670312083222003,0.01529521773978093,0.013645515567985272
JNJ,2022-09-19,150.83,150.95,148.82,150.81,150.81,7380900,Healthcare,149.64,149.553,149.4,152.67780000000002,149.79193517050186,150.42049186509,-0.6285566945881556,-1.1493932119351717,152.01,20201500.0,150.23,6365300.0,147.6,5803700.0,57.05463182897862,0.38607468548226276,2.174796747967478,-0.007894217485691635,0.012743903288219434
JNJ,2022-09-20,149.85,150.47,149.03,149.62,149.62,7143400,Healthcare,150.3,149.71499999999997,149.281,152.4566,149.76548360580927,150.36119617137965,-0.5957125655703805,-1.0386570826622137,150.81,7380900.0,146.32,6726400.0,148.0,7394600.0,55.2946593001842,2.2553307818480084,1.0945945945946,-0.007890723426828394,0.01313420483509276
JNJ,2022-09-21,149.67,151.28,148.05,148.09,148.09,8071200,Healthcare,150.05,149.643,149.152,152.24980000000002,149.50771689722322,150.1929594179441,-0.685242520720891,-0.9679741702739493,149.62,7143400.0,149.34,9555700.0,148.81,4590600.0,53.953279424977524,-0.8370162046337226,-0.48383845171695583,-0.010225905627589849,0.013495606073194246
JNJ,2022-09-22,147.97,151.61,147.68,150.72,150.72,7401100,Healthcare,150.25,149.715,149.179,152.10299999999998,149.6942219899581,150.23199946105936,-0.5377774711012648,-0.8819348304394125,148.09,8071200.0,149.72,7174500.0,150.0,5838400.0,51.78739416745059,0.6679134384183882,0.47999999999999154,0.017759470592207505,0.01448740929525369
JNJ,2022-09-23,150.32,151.9,149.34,151.21,151.21,9598600,Healthcare,150.09,149.80700000000002,149.1605,151.96179999999998,149.9274186068876,150.30444394542533,-0.37702533853772024,-0.7809529320590741,150.72,7401100.0,152.01,20201500.0,150.29,5500600.0,59.30892212480664,-0.526281165712772,0.6121498436356454,0.0032510615711254243,0.014507131169635862
JNJ,2022-09-26,150.38,151.32,149.09,150.28,150.28,8735500,Healthcare,149.984,149.812,149.225,151.756,149.98166189813566,150.30263328280122,-0.32097138466556885,-0.688956622580373,151.21,9598600.0,150.81,7380900.0,150.23,6365300.0,55.72289156626507,-0.35143558119488105,0.0332823004726146,-0.006150386879174685,0.01466888138836965
JNJ,2022-09-27,150.88,152.07,149.11,149.6,149.6,8686700,Healthcare,149.98000000000002,150.14000000000001,149.31300000000002,151.6086,149.92294468303785,150.2505863729641,-0.32764168992625287,-0.6166936360495491,150.28,8735500.0,149.62,7143400.0,146.32,6726400.0,51.99595755432034,-0.013367196898816935,2.241662110442877,-0.004524886877828149,0.011680159317163067
JNJ,2022-09-28,150.78,151.81,149.74,150.88,150.88,8660900,Healthcare,150.538,150.294,149.49099999999999,151.5326,150.0701839625705,150.2972096045964,-0.22702564202589315,-0.5387600372448179,149.6,8686700.0,148.09,8071200.0,149.34,9555700.0,52.2132796780684,1.8839894658653433,1.03120396410874,0.00855614973262031,0.010086045918112073
JNJ,2022-09-29,150.99,151.62,148.64,149.22,149.22,7008100,Healthcare,150.238,150.24399999999997,149.6355,151.441,149.93938642986734,150.21741630055223,-0.2780298706848896,-0.4866140039328323,150.88,8660900.0,150.72,7401100.0,149.72,7174500.0,47.48235294117649,-0.9952229299363013,-0.3339567192091941,-0.011002120890774125,0.010753917199908957
JNJ,2022-09-30,149.65,150.32,148.13,148.16,148.16,8985200,Healthcare,149.62800000000001,149.85899999999998,149.5455,151.3174,149.6656346714262,150.0650150931039,-0.39938042167770504,-0.46916728748180686,149.22,7008100.0,151.21,9598600.0,152.01,20201500.0,45.34831460674159,-2.017062363600297,-2.5327281099927546,-0.007103605414823799,0.009395661337218498
JNJ,2022-10-03,149.01,149.09,146.66,148.02,148.02,8657000,Healthcare,149.176,149.57999999999998,149.5665,151.1764,149.4124601065914,149.91353249361472,-0.5010723870233278,-0.47554830739011106,148.16,8985200.0,150.28,8735500.0,150.81,7380900.0,54.599567099567146,-1.503859462336965,-1.8500099462900321,-0.0009449244060474316,0.009209357711771572
JNJ,2022-10-04,148.61,150.56,147.76,150.21,150.21,6236100,Healthcare,149.298,149.639,149.677,151.07319999999999,149.53515855173117,149.93549304964327,-0.4003344979120982,-0.4605055454945085,148.02,8657000.0,149.6,8686700.0,149.62,7143400.0,52.46458923512749,0.4077540106951938,0.39433230851491086,0.014795297932711726,0.01028161009978568
JNJ,2022-10-05,149.67,150.59,148.93,149.75,149.75,4539400,Healthcare,149.07200000000003,149.805,149.724,150.93880000000001,149.56821108223406,149.92175282374376,-0.3535417415097015,-0.4391127846975471,150.21,6236100.0,150.88,8660900.0,148.09,8071200.0,50.084602368866335,-0.7489395546129374,1.1209399689378063,-0.003062379335596832,0.009688266224214332
JNJ,2022-10-06,149.46,149.65,146.65,146.85,146.85,5890700,Healthcare,148.598,149.41799999999998,149.5665,150.755,149.15002476189036,149.69421557754052,-0.544190815650154,-0.4601283908880685,149.75,4539400.0,149.22,7008100.0,150.72,7401100.0,35.93238822246458,-1.5882589465219143,-2.5676751592356717,-0.019365609348914847,0.009732523511293579
JNJ,2022-10-07,146.72,147.13,144.36,145.3,145.3,6363500,Healthcare,148.026,148.827,149.317,150.5222,148.5577132600611,149.36871812735234,-0.8110048672912455,-0.5303036861687039,146.85,5890700.0,148.16,8985200.0,151.21,9598600.0,35.25949705724989,-1.9303455723541973,-3.9084716619271154,-0.010554988083077865,0.009796388258652922
JNJ,2022-10-10,145.69,146.28,144.37,145.49,145.49,5315600,Healthcare,147.52,148.348,149.07999999999998,150.2874,148.08575737389785,149.0814056734744,-0.9956482995765441,-0.623372608850272,145.3,6363500.0,148.02,8657000.0,150.28,8735500.0,38.32673827020917,-1.7092284826374815,-3.187383550705347,0.0013076393668272068,0.00989247321604509
JNJ,2022-10-11,145.45,148.84,145.45,147.59,147.59,6212200,Healthcare,146.996,148.147,149.1435,150.10559999999998,148.00948700868278,148.97093117914295,-0.9614441704601688,-0.6909869211722515,145.49,5315600.0,150.21,6236100.0,149.6,8686700.0,48.63088718510405,-1.7442247520138454,-1.343582887700534,0.014433981716956534,0.011321690118532733
JNJ,2022-10-12,147.78,149.54,147.38,147.55,147.55,4341700,Healthcare,146.556,147.81400000000002,149.05400000000003,149.9408,147.93879669965466,148.86567701772495,-0.9268803180702889,-0.738165600551859,147.59,6212200.0,149.75,4539400.0,150.88,8660900.0,39.88513082322914,-1.4691151919866363,-2.207051961823958,-0.0002710210718882555,0.010800484348967463
JNJ,2022-10-13,145.92,150.55,145.8,149.79,149.79,6465100,Healthcare,147.144,147.871,149.0575,149.7908,148.22359720740008,148.93414538678238,-0.7105481793823003,-0.7326421163179473,147.55,4341700.0,146.85,5890700.0,149.22,7008100.0,45.92422502870258,2.0020429009192986,0.38198632891033313,0.015181294476448448,0.011569657510575326
JNJ,2022-10-14,149.14,150.27,148.38,149.16,149.16,5684600,Healthcare,147.916,147.971,148.91500000000002,149.67860000000002,148.36765917549235,148.9508753581318,-0.5832161826394611,-0.7027569295822501,149.79,6465100.0,145.3,6363500.0,148.16,8985200.0,46.7289719626168,2.6565726083964014,0.6749460043196542,-0.004205888243540956,0.011394649338972197
JNJ,2022-10-17,150.01,151.65,149.66,151.09,151.09,6710800,Healthcare,149.036,148.278,148.92900000000003,149.61720000000003,148.78648084080123,149.10932903530724,-0.3228481945060082,-0.6267751825670017,149.16,5684600.0,145.49,5315600.0,148.02,8657000.0,54.055525313010385,3.8490617911884017,2.0740440481016087,0.012939125770984328,0.011997619114833161
JNJ,2022-10-18,149.65,151.62,147.88,150.57,150.57,10883600,Healthcare,149.632,148.31400000000002,148.9765,149.5618,149.06086840375488,149.21752688454376,-0.15665848078887734,-0.5327518422113768,151.09,6710800.0,147.59,6212200.0,150.21,6236100.0,49.119818285065286,2.019106985568131,0.23966446974235112,-0.0034416572903568365,0.011217479867143361
JNJ,2022-10-19,150.56,150.78,148.64,149.37,149.37,10044600,Healthcare,149.996,148.276,149.0405,149.4828,149.1084271108695,149.22882118939236,-0.12039407852284967,-0.45028028947367144,150.57,10883600.0,147.55,4341700.0,149.75,4539400.0,50.43731778425658,1.2334801762114544,-0.2537562604340571,-0.007969715082685735,0.011484880493307863
JNJ,2022-10-20,149.65,150.32,149.04,149.75,149.75,5659900,Healthcare,149.988,148.566,148.99200000000002,149.4026,149.20713063227421,149.26742702721515,-0.060296394940934306,-0.37228351056712405,149.37,10044600.0,149.79,6465100.0,146.85,5890700.0,54.82695810564665,-0.026704052339932005,1.97480422199523,0.002544018209814425,0.009304092545797457
JNJ,2022-10-21,149.39,153.61,149.13,153.01,153.01,8487600,Healthcare,150.75799999999998,149.337,149.082,149.4512,149.7921874580782,149.54465465482883,0.24753280324935645,-0.24832024780382794,149.75,5659900.0,149.16,5684600.0,145.3,6363500.0,62.73608984175598,2.581120943952797,5.306262904335846,0.021769616026711125,0.010044665765651453
JNJ,2022-10-24,154.01,156.07,153.5,155.07,155.07,6855500,Healthcare,151.554,150.295,149.32150000000001,149.5742,150.60415861837384,149.9539394952119,0.6502191231619463,-0.0686123736106731,153.01,8487600.0,151.09,6710800.0,145.49,5315600.0,62.48715313463514,2.634191541465336,6.584644992782995,0.013463172341676932,0.010250815445053466
JNJ,2022-10-25,154.34,155.19,152.84,154.83,154.83,5661900,Healthcare,152.406,151.019,149.583,149.6782,151.25428806170095,150.31512916223326,0.9391588994676852,0.13294188100499857,155.07,6855500.0,150.57,10883600.0,147.59,6212200.0,63.20166320166329,2.829248854353472,4.905481401178946,-0.0015476881408394982,0.010111644580817317
JNJ,2022-10-26,155.38,156.52,154.66,156.19,156.19,6123800,Healthcare,153.76999999999998,151.88299999999998,149.8485,149.7826,152.0136283599008,150.7503047798456,1.2633235800551859,0.35901822081503604,154.83,5661900.0,149.37,10044600.0,147.55,4341700.0,76.38418079096061,4.565843208140863,5.855642155201624,0.008783827423625823,0.010007383278899275
JNJ,2022-10-27,156.32,157.3,155.74,156.28,156.28,5390900,Healthcare,155.076,152.532,150.20149999999998,149.8886,152.66999322760836,151.1599118331904,1.5100813944179663,0.589230855535622,156.19,6123800.0,149.75,5659900.0,149.79,6465100.0,83.80541871921196,4.36060100166944,4.332732492155689,0.0005762212689672808,0.00953277608925714
JNJ,2022-10-28,156.91,159.07,156.53,158.6,158.6,6073900,Healthcare,156.19400000000002,153.476,150.7235,150.05560000000003,153.58230196182245,151.71102947517628,1.871272486646177,0.8456391817577331,156.28,5390900.0,153.01,8487600.0,149.16,5684600.0,85.68317909635286,3.6533559898045853,6.328774470367393,0.014845149731251617,0.009549631804585
JNJ,2022-10-31,158.28,158.86,157.29,157.79,157.79,7810000,Healthcare,156.738,154.14600000000002,151.21200000000002,150.1608,154.22964012154208,152.16132358812618,2.0683165334158957,1.0901746520893658,158.6,6073900.0,155.07,6855500.0,151.09,6710800.0,79.85948477751765,1.7540465596182386,4.434443047190406,-0.005107187894073162,0.009834700742513233
JNJ,2022-11-01,157.87,158.38,154.57,156.99,156.99,6985000,Healthcare,157.17000000000002,154.78799999999998,151.551,150.26059999999998,154.65431087207406,152.51900332233907,2.135307549734989,1.2992012316184907,157.79,7810000.0,154.83,5661900.0,150.57,10883600.0,76.45739910313912,1.395078473164113,4.263797569236916,-0.005070029786424901,0.009991047813594901
JNJ,2022-11-02,156.81,157.76,154.45,154.57,154.57,6877300,Healthcare,156.846,155.308,151.792,150.33859999999999,154.64133996867804,152.67092900216582,1.970410966512219,1.4334431785972364,156.99,6985000.0,156.19,6123800.0,149.37,10044600.0,63.26304106548283,-1.0371982841411165,3.4812880765883403,-0.01541499458564255,0.011204761326339385
JNJ,2022-11-03,154.01,155.52,153.22,154.84,154.84,4819900,Healthcare,156.558,155.817,152.1915,150.4318,154.67190305041987,152.8316009279313,1.8403021224885663,1.5148149673755025,154.57,6877300.0,156.28,5390900.0,149.75,5659900.0,66.08154020385055,-0.9214230867673368,3.3989983305509286,0.0017467813935434506,0.01121502576933101
JNJ,2022-11-04,155.6,156.45,153.5,155.53,155.53,5300900,Healthcare,155.94400000000002,156.06900000000002,152.703,150.5108,154.80391796573988,153.03148234067712,1.7724356250627693,1.566339098912956,154.84,4819900.0,158.6,6073900.0,153.01,8487600.0,63.52009744214375,-1.9356872635561073,1.646951179661471,0.004456212864892839,0.009224628806698094
JNJ,2022-11-07,155.7,157.68,155.49,156.89,156.89,6621000,Healthcare,155.76399999999998,156.251,153.273,150.6688,155.12485366331836,153.31729846358994,1.8075551997284265,1.6145823190760502,155.53,5300900.0,157.79,7810000.0,155.07,6855500.0,68.30822711471615,-0.5703783509728111,1.1736635068033685,0.008744293705394313,0.008657775061407335
JNJ,2022-11-08,157.02,158.44,156.16,157.67,157.67,5148400,Healthcare,155.9,156.535,153.777,150.86540000000002,155.51641463819246,153.6397207996203,1.8766938385721517,1.6670046229752706,156.89,6621000.0,156.99,6985000.0,154.83,5661900.0,74.64370546318293,0.4331486081915914,1.8342698443454042,0.004971636178213945,0.008673218684171395
JNJ,2022-11-09,158.06,158.72,156.31,156.41,156.41,6150000,Healthcare,156.268,156.557,154.21999999999997,151.0472,155.65388930923976,153.8449266663151,1.808962642924655,1.6953962269651477,157.67,5148400.0,154.57,6877300.0,156.19,6123800.0,68.79232505643347,1.1903991718962281,0.14085408796977728,-0.007991374389547778,0.008805071196520341
JNJ,2022-11-10,158.13,158.51,156.03,158.24,158.24,7877500,Healthcare,156.948,156.753,154.64249999999998,151.28539999999998,156.05175249243365,154.17048765399545,1.8812648384381987,1.7325699492597582,156.41,6150000.0,154.84,4819900.0,156.28,5390900.0,66.05279312461641,2.195815034874715,1.2541592014333247,0.011700019180359345,0.009533798268476033
JNJ,2022-11-11,156.66,157.01,151.3,153.5,153.5,11074700,Healthcare,156.542,156.243,154.8595,151.3562,155.65917518590538,154.12082190184765,1.5383532840577345,1.6937266162193536,158.24,7877500.0,155.53,5300900.0,158.6,6073900.0,45.861887190300486,-1.3052144280846112,-3.215636822194201,-0.029954499494438847,0.012515061729577299
JNJ,2022-11-14,154.41,157.14,154.41,155.92,155.92,6581500,Healthcare,156.348,156.05599999999998,155.101,151.5226,155.69930208038147,154.25409435356264,1.4452077268188361,1.6440228383392501,153.5,11074700.0,156.89,6621000.0,157.79,7810000.0,52.57683215130019,-0.6182675760086687,-1.1851194625768446,0.01576547231270342,0.013831479273219864
JNJ,2022-11-15,156.17,156.91,154.66,156.35,156.35,9351000,Healthcare,156.084,155.99200000000002,155.39000000000001,151.6896,155.7994094526305,154.4093466236691,1.3900628289613906,1.5932308364636782,155.92,6581500.0,157.67,5148400.0,156.99,6985000.0,50.395647873392676,-0.8371916027145265,-0.40766927829799515,0.002757824525397634,0.013803603736615318
JNJ,2022-11-16,157.49,158.71,157.02,157.32,157.32,5500900,Healthcare,156.266,156.267,155.78749999999997,151.8598,156.03334645991814,154.6249505774714,1.4083958824467402,1.5562638456602906,156.35,9351000.0,156.41,6150000.0,154.57,6877300.0,52.464454976303294,0.5818042324659434,1.7791291971275047,0.006204029421170487,0.012836154272976782
JNJ,2022-11-17,156.91,158.71,156.89,158.59,158.59,4464100,Healthcare,156.33599999999998,156.642,156.22949999999997,152.0316,156.42667777377687,154.91865794210312,1.5080198316737494,1.5466150428629823,157.32,5500900.0,158.24,7877500.0,154.84,4819900.0,49.97506234413967,0.2211830131445769,2.421854817876512,0.00807271802695153,0.012986050399953309
JNJ,2022-11-18,158.72,160.21,158.37,159.81,159.81,6555700,Healthcare,157.598,157.07,156.5695,152.222,156.94718888550352,155.2809795760214,1.6662093094821273,1.5705338961868114,158.59,4464100.0,153.5,11074700.0,155.53,5300900.0,54.93646138807432,4.110749185667761,2.7518806661094297,0.007692792735985776,0.013080967841634119
JNJ,2022-11-21,160.56,161.16,159.59,160.63,160.63,5706600,Healthcare,158.54000000000002,157.44400000000002,156.8475,152.43,157.51377521081068,155.67720331113094,1.8365718996797398,1.6237414968853972,159.81,6555700.0,155.92,6581500.0,156.89,6621000.0,58.88671874999996,3.0207798871216163,2.3838358085282785,0.005131093173142975,0.012947640376411334
JNJ,2022-11-22,161.02,161.74,160.96,161.41,161.41,4707900,Healthcare,159.552,157.818,157.17649999999998,152.7318,158.1131944091475,156.10185491771384,2.0113394914336595,1.7012610957950498,160.63,5706600.0,156.35,9351000.0,157.67,5148400.0,68.15286624203821,3.236328749600248,2.372042874357838,0.004855879972607946,0.012945172038545796
JNJ,2022-11-23,161.06,161.93,160.67,161.58,161.58,5389200,Healthcare,160.404,158.33499999999998,157.446,152.9766,158.6465491154325,156.50764344232763,2.1389056731048584,1.7887900112570116,161.41,4707900.0,157.32,5500900.0,156.41,6150000.0,67.98292422625403,2.7078565980168,3.3054152547791205,0.0010532185118643511,0.01244287747258268
JNJ,2022-11-25,161.92,162.59,161.44,161.79,161.79,3058600,Healthcare,161.044,158.69,157.72150000000002,153.21800000000002,159.13015694382747,156.89892911326632,2.231227830561153,1.87727757511784,161.58,5389200.0,158.59,4464100.0,158.24,7877500.0,67.14129244249725,2.017781701242183,2.2434277047522544,0.0012996658002226713,0.012095134366549642
JNJ,2022-11-28,161.34,162.27,161.17,161.87,161.87,6183100,Healthcare,161.45600000000002,159.527,157.885,153.4152,159.5516712601617,157.2671565863577,2.2845146738040114,1.9587249948550745,161.79,3058600.0,159.81,6555700.0,153.5,11074700.0,64.66431095406364,1.289030723984741,5.452768729641688,0.0004944681377094806,0.0045651516973063645
JNJ,2022-11-29,161.58,161.81,159.43,160.74,160.74,6700500,Healthcare,161.478,160.00900000000001,158.03249999999997,153.6138,159.73449106629067,157.52440424662748,2.2100868196631893,2.0089973598166972,161.87,6183100.0,160.63,5706600.0,155.92,6581500.0,58.85747259088292,0.06848035858806334,3.0913288866085242,-0.006980910607277457,0.004454818919285648
JNJ,2022-11-30,160.99,162.49,159.54,162.48,162.48,13288000,Healthcare,161.692,160.62199999999999,158.307,153.871,160.1568770560921,157.89148541354396,2.2653916425481384,2.0602762163629857,160.74,6700500.0,161.41,4707900.0,156.35,9351000.0,67.0409882088714,0.6629081221733335,3.920690757914924,0.010824934677118314,0.005080844076792874
JNJ,2022-12-01,163.4,164.27,162.27,163.16,163.16,6282600,Healthcare,162.008,161.206,158.7365,154.1724,160.61889597053948,158.28174575328143,2.3371502172580563,2.115651016542,162.48,13288000.0,161.58,5389200.0,157.32,5500900.0,64.765906362545,0.9778437925485717,3.7121789982201836,0.004185130477597276,0.005017278659826525
JNJ,2022-12-02,162.03,163.36,161.53,163.29,163.29,5823900,Healthcare,162.308,161.676,159.15900000000002,154.4238,161.02983505199492,158.65272754933466,2.377107502660266,2.1679423137656535,163.16,6282600.0,161.79,3058600.0,158.59,4464100.0,90.62240663900417,0.9271277582050708,2.9636168736994595,0.0007967639127237636,0.0048308274346725395
JNJ,2022-12-05,162.81,163.72,162.48,163.19,163.19,5120600,Healthcare,162.57199999999997,162.01399999999998,159.542,154.6634,161.3621681209188,158.9888218049395,2.3733463159792905,2.209023114208381,163.29,5823900.0,161.87,6183100.0,159.81,6555700.0,87.35868448098674,0.8154692036819622,2.1150115762467836,-0.000612407373384749,0.004631857799022428
JNJ,2022-12-06,164.24,164.31,160.59,160.75,160.75,7943500,Healthcare,162.57399999999998,162.026,159.73499999999999,154.87279999999998,161.2679884100082,159.11927944901808,2.1487089609901204,2.1969602835647293,163.19,5120600.0,160.74,6700500.0,160.63,5706600.0,68.7393526405452,0.006221226825919857,0.07470584573243677,-0.014951896562289346,0.006948429907609802
JNJ,2022-12-07,161.18,162.37,160.87,161.72,161.72,5702600,Healthcare,162.42199999999997,162.057,159.9375,155.11520000000002,161.3375286546223,159.31192541575749,2.025603238864818,2.162688874624747,160.75,7943500.0,162.48,13288000.0,161.41,4707900.0,68.7393526405452,-0.46774987690791914,0.1920574933399477,0.006034214618973577,0.007047395496975237
JNJ,2022-12-08,161.41,162.0,160.97,161.75,161.75,4798500,Healthcare,162.14,162.074,160.2045,155.3326,161.40098578468042,159.4925235331088,1.9084622515716205,2.1118435500141217,161.72,5702600.0,163.16,6282600.0,161.58,5389200.0,65.04761904761907,-0.8641823976464846,0.1052110409704099,0.00018550581251552956,0.007041258042850486
JNJ,2022-12-09,161.68,162.38,160.35,160.42,160.42,4561000,Healthcare,161.56599999999997,161.93699999999998,160.3135,155.5566,161.25006489472958,159.56122549361925,1.6888394011103287,2.0272427202333634,161.75,4798500.0,163.29,5823900.0,161.79,3058600.0,52.87464655984914,-1.7576091616143041,-0.8467766858273107,-0.008222565687789896,0.0074944206024170155
JNJ,2022-12-12,160.61,162.36,160.29,162.34,162.34,4882400,Healthcare,161.396,161.98399999999998,160.75549999999998,155.8402,161.41774721861734,159.76706064224004,1.6506865763772964,1.9519314914621502,160.42,4561000.0,163.19,5120600.0,161.87,6183100.0,57.3014517506405,-0.5208652490961474,0.29035645888675354,0.011968582471013622,0.008526161429670035
JNJ,2022-12-13,163.49,164.49,162.77,163.59,163.59,9177500,Healthcare,161.964,162.26899999999998,161.13899999999998,156.1516,161.75193995421466,160.05024133540743,1.701698618807228,1.9018849169311658,162.34,4882400.0,160.75,7943500.0,160.74,6700500.0,58.949096880131385,1.7667185069984548,1.773049645390068,0.0076998891215966925,0.008391698471477116
JNJ,2022-12-14,163.01,165.26,163.01,164.09,164.09,9533600,Healthcare,162.43800000000002,162.43,161.526,156.4292,162.11164149972012,160.34948271796983,1.762158781750287,1.87393968989499,163.59,9177500.0,161.72,5702600.0,162.48,13288000.0,60.0319744204636,1.4654959188721284,0.9908911866076009,0.0030564215416590823,0.007801259822411075
JNJ,2022-12-15,163.58,164.16,161.02,162.02,162.02,7602400,Healthcare,162.49200000000002,162.316,161.76100000000002,156.6746,162.09754280745548,160.47322473886095,1.6243180685945333,1.8240153656348987,164.09,9533600.0,161.75,4798500.0,163.16,6282600.0,50.80027835768969,0.16692426584234976,-0.698700661926932,-0.012615028338107126,0.008788916564809715
JNJ,2022-12-16,161.57,161.57,159.62,160.36,160.36,18841800,Healthcare,162.48,162.023,161.8495,156.9448,161.8302285293854,160.46483772116756,1.3653908082178532,1.7322904541514899,162.02,7602400.0,160.42,4561000.0,163.29,5823900.0,45.26645768025081,-0.03740182022190508,-1.7943536040173846,-0.010245648685347497,0.009265472603180433
JNJ,2022-12-19,160.06,160.81,158.9,160.18,160.18,5736000,Healthcare,162.048,161.722,161.868,157.2424,161.57634721717227,160.44373863071073,1.1326085864615436,1.6123540806135006,160.36,18841800.0,162.34,4882400.0,163.19,5120600.0,48.133333333333326,-1.3305408402119023,-1.8444757644463405,-0.0011224744325268876,0.00925979238824034
JNJ,2022-12-20,160.66,161.06,159.9,160.36,160.36,6174700,Healthcare,161.402,161.683,161.8545,157.53979999999999,161.38921687606884,160.4375357691766,0.951681106892238,1.4802194858692481,160.18,5736000.0,163.59,9177500.0,160.75,7943500.0,42.11309523809534,-1.9744483159117254,-0.24261275272160487,0.0011237357972282425,0.008042331546264894
JNJ,2022-12-21,160.9,162.65,160.34,162.19,162.19,5472000,Healthcare,161.022,161.73,161.89350000000002,157.83180000000002,161.51241427975057,160.56734793442277,0.9450663453278025,1.3731888577609592,160.36,6174700.0,164.09,9533600.0,161.72,5702600.0,46.67580534612749,-1.1579011518069393,0.2906257729408779,0.011411823397355914,0.008662414055471138
JNJ,2022-12-22,161.36,162.04,160.05,161.6,161.6,5709100,Healthcare,160.93800000000002,161.715,161.8945,158.1128,161.5258890059428,160.6438406800211,0.8820483259216871,1.274960751393105,162.19,5472000.0,162.02,7602400.0,161.75,4798500.0,44.385382059800676,-0.25922725589434537,-0.09273570324574987,-0.0036377088599790497,0.008753102301476363
JNJ,2022-12-23,161.27,162.04,160.48,162.01,162.01,3683400,Healthcare,161.268,161.874,161.9055,158.3572,161.60036762041312,160.74503766668622,0.8553299537269083,1.1910345918598657,161.6,5709100.0,160.36,18841800.0,160.42,4561000.0,46.15885416666665,1.0289348964829026,0.9911482358808232,0.0025371287128712616,0.00828690436823329
JNJ,2022-12-27,162.58,162.8,161.56,161.96,161.96,3067300,Healthcare,161.62400000000002,161.836,161.91,158.6132,161.6556956788111,160.8350348765613,0.8206608022497903,1.1169598339378508,162.01,3683400.0,160.18,5736000.0,162.34,4882400.0,54.66461063993835,1.111249843925588,-0.23407662929653128,-0.00030862292451072637,0.007339532975654703
JNJ,2022-12-28,162.26,162.89,161.25,161.26,161.26,2645400,Healthcare,161.804,161.603,161.936,158.8166,161.59481942053247,160.8665137745938,0.7283056459386614,1.039228996338013,161.96,3067300.0,160.36,6174700.0,163.59,9177500.0,48.18897637795273,0.5612372162633994,-1.4242924384131106,-0.004322054828352795,0.00686947732714813
JNJ,2022-12-29,162.07,162.76,161.63,162.08,162.08,2828800,Healthcare,161.78199999999998,161.402,161.916,159.0468,161.6694625866044,160.95640164314244,0.7130609434619544,0.9739953857628013,161.26,2645400.0,162.19,5472000.0,164.09,9533600.0,51.223128243143115,-0.06782169060977061,-1.2249375342799573,0.00508495597172276,0.007043835797448128
JNJ,2022-12-30,162.02,162.27,160.11,161.25,161.25,4216600,Healthcare,161.712,161.325,161.82049999999998,159.2844,161.60492988097297,160.97814966957634,0.6267802113966354,0.9045523508895682,162.08,2828800.0,161.6,5709100.0,162.02,7602400.0,53.194765204003126,-0.21658415841583345,-0.4752499691396239,-0.005120927936821396,0.006019745149764962
JNJ,2023-01-03,160.8,162.83,160.67,162.66,162.66,6344900,Healthcare,161.842,161.555,161.789,159.5426,161.76724836082326,161.10273117553365,0.6645171852896112,0.8565453177695769,161.25,4216600.0,162.01,3683400.0,160.36,18841800.0,51.282051282051256,0.4012098018640886,1.4342728860064824,0.008744186046511615,0.005568083054332482
JNJ,2023-01-04,163.29,164.48,162.92,164.43,164.43,9788800,Healthcare,162.33599999999998,161.98,161.85100000000003,159.77100000000002,162.17690245915816,161.34919553290155,0.8277069262566101,0.8507776394669836,162.66,6344900.0,161.96,3067300.0,160.18,5736000.0,53.23076923076924,1.5250679180044413,2.6532650767886024,0.01088159350793072,0.006211311348190195
JNJ,2023-01-05,163.41,164.3,162.86,163.21,163.21,6255300,Healthcare,162.72600000000003,162.26500000000001,161.97400000000002,159.93380000000002,162.3358405423646,161.48703290083478,0.8488076415298167,0.8503836398795502,164.43,9788800.0,161.26,2645400.0,160.36,6174700.0,46.793002915451915,1.2092273347389382,1.7772511848341166,-0.007419570637961392,0.006982601615272525
JNJ,2023-01-06,164.43,165.16,163.75,164.54,164.54,5706000,Healthcare,163.21800000000002,162.5,162.115,160.12800000000001,162.67494199738542,161.71317861188405,0.9617633855013707,0.8726595890039144,163.21,6255300.0,162.08,2828800.0,162.19,5472000.0,59.70724191063166,1.5177690029614777,1.448917935754368,0.00814901047729899,0.006545323668447591
JNJ,2023-01-09,163.67,164.09,159.91,160.27,160.27,7925300,Healthcare,163.022,162.367,162.041,160.2096,162.30495092086457,161.60627649248522,0.6986744283793485,0.8378625568790012,164.54,5706000.0,161.25,4216600.0,161.6,5709100.0,49.711353431686966,-0.6077519379844909,-0.8230198019801849,-0.025951136501762395,0.010858241221153836
JNJ,2023-01-10,160.38,160.78,159.12,159.89,159.89,5047500,Healthcare,162.46800000000002,162.155,162.0145,160.2818,161.93342000996233,161.47914490044928,0.4542751095130484,0.7611450674058107,160.27,7925300.0,162.66,6344900.0,162.01,3683400.0,49.08169727675738,-1.7029386450264417,-1.3085611999259283,-0.0023709989392900477,0.010802801985414914
JNJ,2023-01-11,160.26,160.4,157.11,159.63,159.63,6494800,Healthcare,161.50799999999998,161.922,161.87900000000002,160.3024,161.57904770073733,161.34217120411972,0.23687649661761156,0.6562913532481709,159.89,5047500.0,164.43,9788800.0,161.96,3067300.0,47.70006301197222,-2.919175332968438,-1.4386268214373943,-0.001626117956094797,0.010797897309616234
JNJ,2023-01-12,159.07,159.48,157.74,158.83,158.83,4269400,Healthcare,160.632,161.67900000000003,161.64100000000002,160.32319999999999,161.15611728523928,161.15608444825898,3.2836980295769536e-05,0.525039649994596,159.63,6494800.0,163.21,6255300.0,161.26,2645400.0,38.679245283018915,-2.6836590895165657,-1.5068832940592691,-0.005011589300256691,0.010820842300906136
JNJ,2023-01-13,158.09,158.84,157.35,158.31,158.31,6088000,Healthcare,159.38600000000002,161.302,161.352,160.34959999999998,160.71825308751016,160.94526337801756,-0.22701029050739407,0.374629661894198,158.83,4269400.0,164.54,5706000.0,162.08,2828800.0,38.862559241706194,-3.7863133584538633,-2.326011846001985,-0.003273940691305266,0.01057888149620076
JNJ,2023-01-17,158.83,159.36,157.09,157.33,157.33,6053300,Healthcare,158.798,160.91,161.1175,160.40480000000002,160.19698338173936,160.67746609075698,-0.4804827090176218,0.20360718771183403,158.31,6088000.0,160.27,7925300.0,161.25,4216600.0,34.74576271186447,-1.834404442503279,-2.4310077519379747,-0.006190385951613808,0.010615909478234889
JNJ,2023-01-18,156.69,157.01,154.92,154.96,154.96,7047800,Healthcare,157.812,160.14000000000001,160.8475,160.40720000000002,159.39129363070253,160.25395008403424,-0.8626564533317094,-0.009645540496874633,157.33,6053300.0,159.89,5047500.0,162.66,6344900.0,30.181200453001154,-3.0833698167490042,-4.733800565596946,-0.015063878472001524,0.010506336898368197
JNJ,2023-01-19,154.29,156.35,154.0,154.75,154.75,6939500,Healthcare,156.836,159.172,160.576,160.3916,158.67724845674832,159.8462500778095,-1.1690016210611702,-0.24151675660973376,154.96,7047800.0,159.63,6494800.0,164.43,9788800.0,31.04251601630756,-3.0570694731566705,-5.887003588153017,-0.0013551884357253519,0.009096577458732673
JNJ,2023-01-20,155.27,155.28,152.88,154.03,154.03,8620600,Healthcare,155.876,158.254,160.2595,160.33440000000002,157.9622871557101,159.41541673871248,-1.4531295830023794,-0.4838393218882629,154.75,6939500.0,158.83,4269400.0,163.21,6255300.0,26.420620972466267,-3.02209909966632,-5.624655352000496,-0.004652665589660709,0.009091064103457431
JNJ,2023-01-23,154.36,154.84,153.31,153.64,153.64,8425400,Healthcare,154.94199999999998,157.16400000000002,159.832,160.25379999999998,157.29731990098546,158.98760809140046,-1.6902881904150036,-0.725129095593611,154.03,8620600.0,158.31,6088000.0,164.54,5706000.0,27.119663259170125,-2.949908407554802,-6.624528989911271,-0.002531974290722716,0.007816783529076969
JNJ,2023-01-24,154.29,156.08,151.54,153.64,153.64,10541800,Healthcare,154.204,156.501,159.434,160.1984,156.73465530083385,158.59148897351895,-1.8568336726850987,-0.9514700110119086,153.64,8425400.0,157.33,6053300.0,160.27,7925300.0,20.36793692509852,-2.3453886734888574,-4.13676920197169,0.0,0.004245146879076773
JNJ,2023-01-25,152.6,154.73,152.51,154.73,154.73,7099800,Healthcare,154.158,155.98499999999999,159.07,160.12820000000002,156.42624679301323,158.3054527532583,-1.8792059602450593,-1.1370172008585389,153.64,10541800.0,154.96,7047800.0,159.89,5047500.0,16.643741403026056,-0.1484254001032692,-3.2272187128650875,0.007094506638896103,0.0055537552845720175
JNJ,2023-01-26,154.77,155.1,153.95,154.17,154.17,6946100,Healthcare,154.04199999999997,155.43900000000002,158.6805,160.1416,156.0791319017804,157.9991229196836,-1.919991017903186,-1.2936119642674684,154.73,7099800.0,154.75,6939500.0,159.63,6494800.0,17.435158501440824,-0.37479806138934757,-3.4204096974252973,-0.003619207652039047,0.0055242447518514875
JNJ,2023-01-27,153.85,154.15,153.14,153.56,153.56,6058100,Healthcare,153.948,154.91199999999998,158.2955,160.0944,155.69157314766036,157.67029899970703,-1.978725852046665,-1.4306347418233079,154.17,6946100.0,154.03,8620600.0,158.83,4269400.0,8.2826747720365,-0.30513536324092705,-3.318012969841977,-0.003956671207108964,0.005501357414891639
JNJ,2023-01-30,153.29,153.85,147.04,147.88,147.88,23259100,Healthcare,152.796,153.869,157.5855,159.925,154.48979266340493,156.9450916663954,-2.455299002990472,-1.6355675940567407,153.56,6058100.0,153.64,8425400.0,158.31,6088000.0,7.481125600549078,-3.7490236917469333,-6.588339334217674,-0.03698879916644959,0.011971935311346904
JNJ,2023-01-31,147.6,149.18,147.01,149.17,149.17,11612500,Healthcare,151.902,153.053,156.9815,159.762,153.6713630228811,156.3691589503661,-2.6977959274850036,-1.8480132607423934,147.88,23259100.0,153.64,10541800.0,157.33,6053300.0,15.374677002583965,-2.9093985941161193,-5.186550562511938,0.008723289153367508,0.012936209805008293
JNJ,2023-02-01,148.78,151.51,148.24,150.54,150.54,9865300,Healthcare,151.064,152.611,156.37550000000002,159.601,153.18961486551478,155.93736939848714,-2.747754532972351,-2.027961515188385,149.17,11612500.0,154.73,7099800.0,154.96,7047800.0,22.603978300180827,-2.7079428682220574,-2.8523489932886004,0.009184152309445581,0.013159791349336186
JNJ,2023-02-02,148.79,151.73,148.63,151.11,151.11,10099000,Healthcare,150.452,152.247,155.7095,159.427,152.86967411697407,155.57978648008068,-2.7101123631066173,-2.1643916847720317,150.54,9865300.0,154.17,6946100.0,154.75,6939500.0,26.40586797066021,-1.9848219497956676,-2.3521809369951407,0.0037863690713433318,0.013322394065666534
JNJ,2023-02-03,151.56,151.84,149.6,150.26,150.26,6868500,Healthcare,149.79199999999997,151.87,155.06199999999998,159.21959999999999,152.46818579128575,155.18572822229694,-2.7175424310111964,-2.275021834019865,151.11,10099000.0,153.56,6058100.0,154.03,8620600.0,25.883762732175,-2.148997134670494,-2.447575147698511,-0.005625041360598382,0.013345034658651821
JNJ,2023-02-06,150.2,150.48,148.88,149.12,149.12,7021000,Healthcare,150.04,151.41799999999998,154.291,158.97379999999998,151.9530802849341,154.73641502064532,-2.783334735711236,-2.376684414358139,150.26,6868500.0,147.88,23259100.0,153.64,8425400.0,25.637982195845737,0.8385177170678881,-2.9419422025514064,-0.007586849460934242,0.01344622094317944
JNJ,2023-02-07,147.51,149.59,147.35,149.16,149.16,7310800,Healthcare,150.038,150.97,153.7355,158.72539999999998,151.52337562571347,154.32334724133827,-2.7999716156247985,-2.461341854611471,149.12,7021000.0,149.17,11612500.0,153.64,10541800.0,30.0275482093664,-0.006703760809811943,-2.915907315803168,0.00026824034334760327,0.013452912283571483
JNJ,2023-02-08,149.06,150.21,148.7,149.35,149.35,6054700,Healthcare,149.8,150.432,153.20850000000002,158.4766,151.18901014483447,153.95495114938728,-2.7659410045528148,-2.52226168459974,149.16,7310800.0,150.54,9865300.0,154.73,7099800.0,31.3793103448276,-0.7904875780523457,-3.4770244942803563,0.0012737999463663385,0.013094935267612818
JNJ,2023-02-09,149.37,150.43,147.03,147.33,147.33,7949500,Healthcare,149.044,149.748,152.5935,158.1858,150.5953162763984,153.46421402721043,-2.868897750812039,-2.5915888978421995,149.35,6054700.0,151.11,10099000.0,154.17,6946100.0,28.797468354430436,-2.501488981536626,-4.436660828955031,-0.013525276196852953,0.013477903050189444
JNJ,2023-02-10,147.67,148.6,147.28,148.01,148.01,7028000,Healthcare,148.594,149.193,152.05249999999998,157.93120000000002,150.19757531079864,153.060198173343,-2.862622862544356,-2.6457956907826308,147.33,7949500.0,150.26,6868500.0,153.56,6058100.0,32.50466128029831,-1.4974044988686264,-3.6142224537640044,0.004615489038213294,0.013781570342455899
JNJ,2023-02-13,147.27,148.63,147.1,148.56,148.56,6414700,Healthcare,148.48200000000003,149.261,151.565,157.65279999999998,149.94564064759885,152.72685016050275,-2.7812095129038994,-2.6728784552068845,148.01,7028000.0,149.12,7021000.0,147.88,23259100.0,34.73557692307695,-0.3755364806867001,0.45983229645658596,0.0037159651374907288,0.00731351960528216
JNJ,2023-02-14,148.55,148.76,147.66,147.91,147.91,6316000,Healthcare,148.232,149.13500000000002,151.094,157.34779999999998,149.6324651633529,152.37004644490995,-2.7375812815570555,-2.685819020476919,148.56,6414700.0,149.16,7310800.0,149.17,11612500.0,28.95061728395062,-0.8380262805041561,-0.8446738620365934,-0.004375336564351184,0.00683074871361133
JNJ,2023-02-15,147.83,147.86,145.4,145.48,145.48,12621800,Healthcare,147.458,148.629,150.62,156.9916,148.9936243689909,151.85967263417587,-2.8660482651849577,-2.7218648694185266,147.91,6316000.0,149.35,6054700.0,150.54,9865300.0,25.954620918649695,-2.5912286575159094,-3.3612328949116477,-0.016428909471976283,0.0074351523474117
JNJ,2023-02-16,145.2,145.73,144.15,144.45,144.45,11177000,Healthcare,146.882,147.963,150.105,156.6168,148.2946052353,151.31080799460727,-3.0162027593072764,-2.7807324473962765,145.48,12621800.0,147.33,7949500.0,151.11,10099000.0,25.365062195781476,-1.9547953573610388,-4.4073853484217,-0.0070800109980753145,0.007054404442848714
JNJ,2023-02-17,144.36,148.12,143.99,147.46,147.46,12401900,Healthcare,146.772,147.683,149.7765,156.351,148.16620442986923,151.0255629579697,-2.859358528100472,-2.7964576635371157,144.45,11177000.0,148.01,7028000.0,150.26,6868500.0,48.672566371681455,-0.3715965137490618,-1.86343670970317,0.020837660089996657,0.010631459341353034
JNJ,2023-02-21,146.78,147.42,145.16,145.26,145.26,9423900,Healthcare,146.112,147.297,149.35750000000002,156.0218,147.71909605604318,150.5984842203423,-2.8793881642991153,-2.8130437636895156,147.46,12401900.0,148.56,6414700.0,149.12,7021000.0,38.314405260011995,-2.221324717285955,-2.588519313304727,-0.014919300149193071,0.011304301008925516
JNJ,2023-02-22,145.72,146.04,144.68,145.06,145.06,9820200,Healthcare,145.54199999999997,146.887,148.9285,155.688,147.31000435511348,150.18822612994657,-2.8782217748330936,-2.8260793659182313,145.26,9423900.0,147.91,6316000.0,149.16,7310800.0,32.39074550128542,-1.9268474072070774,-2.7487262000536306,-0.0013768415255402955,0.011270460239942177
JNJ,2023-02-23,145.0,145.81,144.04,145.02,145.02,9385100,Healthcare,145.45,146.454,148.443,155.38,146.95769599278833,149.80539456476532,-2.8476985719769914,-2.8304032071299834,145.06,9820200.0,145.48,12621800.0,149.35,6054700.0,29.74051896207584,-0.3161946659334447,-2.899229996652153,-0.0002757479663586526,0.01121989223635902
JNJ,2023-02-24,144.02,144.21,142.7,143.4,143.4,8689700,Healthcare,145.24,146.06099999999998,147.9045,155.00119999999998,146.41035814774398,149.33092089330123,-2.9205627455572483,-2.8484351148154365,145.02,9385100.0,144.45,11177000.0,147.33,7949500.0,28.291139240506354,-0.7268951194184692,-2.6674811647322327,-0.011170872983036872,0.010994149859045937
JNJ,2023-02-27,143.84,144.25,142.58,143.08,143.08,7267100,Healthcare,144.36399999999998,145.56799999999998,147.3805,154.59099999999998,145.89799535578337,148.86788971601965,-2.9698943602362817,-2.872726963899606,143.4,8689700.0,147.46,12401900.0,148.01,7028000.0,29.839786381842472,-2.970297029702962,-3.3308560232416573,-0.0022315202231519837,0.010700982640851139
JNJ,2023-02-28,142.49,142.75,140.7,140.91,140.91,9062300,Healthcare,143.494,144.803,147.03199999999998,154.12740000000002,145.13061145489363,148.27841640372188,-3.1478049488282522,-2.9277425608853354,143.08,7267100.0,145.26,9423900.0,148.56,6414700.0,25.891291642314457,-2.994630318050384,-5.149434571890154,-0.015166340508806386,0.010981701399182685
JNJ,2023-03-01,140.68,140.89,139.66,140.27,140.27,6767000,Healthcare,142.536,144.039,146.587,153.6924,144.3828250772177,147.68520037381654,-3.3023752965988535,-3.002669108028039,140.91,9062300.0,145.06,9820200.0,147.91,6316000.0,24.145785876993216,-3.302081897146003,-5.16530322493407,-0.004541906181250388,0.010980406270023819
JNJ,2023-03-02,139.52,140.45,139.04,140.16,140.16,8762500,Healthcare,141.56400000000002,143.507,146.06799999999998,153.2884,143.73315968072265,147.12777812390422,-3.394618443181571,-3.081058975058746,140.27,6767000.0,145.02,9385100.0,145.48,12621800.0,27.09265175718849,-3.3512618949110506,-3.6568600494913395,-0.0007842018963428732,0.010301920328554088
JNJ,2023-03-03,141.01,141.7,140.52,141.6,141.6,5747200,Healthcare,141.204,143.222,145.59250000000003,152.9168,143.40498126830377,146.7183130776891,-3.3133318093853177,-3.1275135419240603,140.16,8762500.0,143.4,8689700.0,144.45,11177000.0,30.469226081657595,-1.2552301255230214,-1.9730010384215957,0.010273972602739656,0.011094982386056306
JNJ,2023-03-06,142.19,143.18,142.11,143.02,143.02,8148200,Healthcare,141.192,142.778,145.2305,152.57,143.34575338087242,146.44436396082324,-3.0986105799508152,-3.1217329495294117,141.6,5747200.0,143.08,7267100.0,147.46,12401900.0,33.96990740740749,-0.04193458205200562,-3.0109860301098634,0.010028248587570676,0.008948728127721729
JNJ,2023-03-07,143.51,143.65,140.99,141.67,141.67,7457700,Healthcare,141.344,142.419,144.858,152.15959999999998,143.0879451684305,146.09070737113262,-3.0027622027021152,-3.097938800163953,143.02,8148200.0,140.91,9062300.0,145.26,9423900.0,32.64738598442719,0.5393513590234766,-2.471430538345043,-0.009439239267235555,0.008281766456311223
JNJ,2023-03-08,141.57,141.77,140.19,140.63,140.63,6230500,Healthcare,141.416,141.97600000000003,144.4315,151.74020000000002,142.70979975790274,145.6862105288265,-2.9764107709237635,-3.073633194315915,141.67,7457700.0,140.27,6767000.0,145.06,9820200.0,35.38276069921646,0.2566478933485383,-3.053908727423138,-0.00734100374108837,0.008408210332369126
JNJ,2023-03-09,141.09,141.22,138.56,139.05,139.05,7439400,Healthcare,141.19400000000002,141.37900000000002,143.91649999999998,151.281,142.14675364130233,145.1946393785431,-3.0478857372407617,-3.0684837029008847,140.63,6230500.0,140.16,8762500.0,145.02,9385100.0,34.24737456242718,-0.7919520547945091,-4.11667356226727,-0.011235156083339137,0.008712989747693273
JNJ,2023-03-10,139.62,141.12,138.92,139.39,139.39,8504300,Healthcare,140.752,140.978,143.5195,150.8296,141.72263769648657,144.76466609124358,-3.0420283947570113,-3.06319264127211,139.05,7439400.0,141.6,5747200.0,143.4,8689700.0,22.114720110573515,-1.5607344632768472,-2.7963737796373955,0.0024451636102120755,0.008558321184427802
JNJ,2023-03-13,139.83,143.34,139.35,140.72,140.72,10799600,Healthcare,140.292,140.742,143.15500000000003,150.4188,141.56838574318095,144.4650611955959,-2.8966754524149394,-3.0298892035006757,139.39,8504300.0,143.02,8148200.0,143.08,7267100.0,33.30882352941178,-1.6081666899734337,-1.6494268940453027,0.009541574001004527,0.009412259036459628
JNJ,2023-03-14,140.92,141.61,139.66,141.51,141.51,8421200,Healthcare,140.26,140.802,142.80249999999998,150.0074,141.5594033211531,144.2461677736999,-2.686764452546811,-2.9612642533099027,140.72,10799600.0,141.67,7457700.0,140.91,9062300.0,37.49119097956303,-0.11293851909366381,0.4258037044922336,0.005613985218874351,0.008320250344508638
JNJ,2023-03-15,140.52,142.4,140.23,141.91,141.91,7757700,Healthcare,140.51600000000002,140.966,142.5025,149.6206,141.61334127174493,144.07311830898138,-2.4597770372364494,-2.860966810095212,141.51,8421200.0,140.63,6230500.0,140.27,6767000.0,39.31271477663226,0.9101898599160885,1.1691737363655808,0.002826655360045338,0.008153038597651744
JNJ,2023-03-16,141.08,141.93,140.3,141.61,141.61,7605500,Healthcare,141.028,141.111,142.309,149.1996,141.612827229938,143.89066510090868,-2.2778378709706715,-2.744341022270304,141.91,7757700.0,139.05,7439400.0,140.16,8762500.0,43.23507180650041,1.8410643653362202,1.034531963470342,-0.0021140159255864654,0.008199583535518973
JNJ,2023-03-17,142.03,142.46,140.02,140.1,140.1,20540700,Healthcare,141.17000000000002,140.961,142.0915,148.713,141.38008457917832,143.60987509343394,-2.229790514255626,-2.6414309206673687,141.61,7605500.0,139.39,8504300.0,141.6,5747200.0,39.66712898751729,0.5093622211062465,-1.0593220338983023,-0.010663088764917839,0.00825830739049473
JNJ,2023-03-20,140.18,141.65,140.1,141.48,141.48,7129000,Healthcare,141.32199999999997,140.80700000000002,141.7925,148.2784,141.39545618238165,143.45210656799438,-2.056650385612727,-2.5244748136564406,140.1,20540700.0,140.72,10799600.0,143.02,8148200.0,52.09097578870137,0.5400795906765232,-1.0767724793735334,0.00985010706638123,0.008231944209731699
JNJ,2023-03-21,141.59,141.71,139.9,141.48,141.48,8376800,Healthcare,141.31599999999997,140.78799999999998,141.6035,147.81719999999999,141.4084629235537,143.30602459999477,-1.8975616764410574,-2.399092186213364,141.48,7129000.0,141.51,8421200.0,141.67,7457700.0,54.6574287913779,-0.02119991520034281,-0.13411449142373133,0.0,0.007686393047047404
JNJ,2023-03-22,141.45,141.64,138.86,138.87,138.87,7943500,Healthcare,140.708,140.61200000000002,141.29399999999998,147.3892,141.01793016608391,142.97743018518034,-1.9595000190964242,-2.3111737527899763,141.48,8376800.0,141.91,7757700.0,140.63,6230500.0,45.83602324080054,-2.142202804594451,-1.2515110573846244,-0.0184478371501271,0.009448293362736579
JNJ,2023-03-23,138.99,139.46,138.01,138.95,138.95,9051500,Healthcare,140.176,140.602,140.9905,146.97039999999998,140.69978706360945,142.67910202331512,-1.9793149597056754,-2.244801994173116,138.87,7943500.0,141.61,7605500.0,139.05,7439400.0,40.62278839348899,-1.8783984181908187,-0.07191657677095842,0.0005760783466550734,0.008770931625548832
JNJ,2023-03-24,139.27,140.45,138.67,140.34,140.34,5696200,Healthcare,140.224,140.697,140.8375,146.5846,140.64443520766955,142.50583520677324,-1.8613999991036962,-2.1681215951592323,138.95,9051500.0,140.1,20540700.0,139.39,8504300.0,40.49645390070917,0.17130620985010836,0.6815410000717614,0.010003598416696846,0.00931727633299916
JNJ,2023-03-27,141.77,142.08,140.77,140.94,140.94,6772300,Healthcare,140.11599999999999,140.719,140.73049999999998,146.2268,140.68990671418192,142.38984741367892,-1.6999406994970059,-2.0744854160267874,140.34,5696200.0,141.48,7129000.0,140.72,10799600.0,47.26591760299628,-0.3816793893129722,0.1563388288800427,0.004275331338178701,0.008902796025407951
JNJ,2023-03-28,140.11,141.08,139.5,139.58,139.58,6115300,Healthcare,139.73600000000002,140.526,140.66400000000002,145.8522,140.51915183507703,142.1817105682212,-1.6625587331441807,-1.9921000794502661,140.94,6772300.0,141.48,8376800.0,141.51,8421200.0,46.15947329919536,-1.3429459994345305,-1.3638612112218063,-0.009649496239534483,0.00917424060517379
JNJ,2023-03-29,139.97,141.02,139.81,140.95,140.95,6012000,Healthcare,140.152,140.43,140.698,145.5246,140.5854361681421,142.09047274835297,-1.5050365802108558,-1.8946873796023842,139.58,6115300.0,138.87,7943500.0,141.91,7757700.0,57.057949479940525,1.4978037013033685,-0.6764850961877289,0.00981515976500913,0.00977305101703121
JNJ,2023-03-30,141.2,141.4,140.49,141.06,141.06,4555700,Healthcare,140.574,140.375,140.743,145.2466,140.65844598842796,142.01414143366014,-1.355695445232186,-1.7868889927283447,140.95,6012000.0,138.95,9051500.0,141.61,7605500.0,56.31141345427068,1.5185318459877806,-0.3883906503778012,0.000780418588151921,0.009767254204062463
JNJ,2023-03-31,141.39,142.68,140.89,142.51,142.51,9890000,Healthcare,141.00799999999998,140.61599999999999,140.7885,145.00179999999997,140.94330045174672,142.05087169783346,-1.107571246086735,-1.6510254434000229,141.06,4555700.0,140.34,5696200.0,140.1,20540700.0,56.70411985018727,1.5462448339746304,1.7201998572448307,0.010279313767191267,0.009552130101327
JNJ,2023-04-03,142.46,144.35,141.53,144.21,144.21,6841900,Healthcare,141.66199999999998,140.88899999999998,140.848,144.8054,141.44586961301647,142.21080712762358,-0.7649375146071122,-1.4738078576414408,142.51,9890000.0,140.94,6772300.0,141.48,7129000.0,59.46704067321187,2.3201362281822124,1.929601357082289,0.011928987439478123,0.009768223911564665
JNJ,2023-04-04,144.32,146.16,143.97,145.71,145.71,8314500,Healthcare,142.88799999999998,141.312,141.04999999999998,144.6468,142.1018896725524,142.47000659965144,-0.3681169270990381,-1.2526696715329604,144.21,6841900.0,139.58,6115300.0,141.48,8376800.0,62.36979166666674,4.391746668577157,2.989821882951671,0.010401497815685445,0.010085423661024705
JNJ,2023-04-05,151.12,152.31,149.64,152.26,152.26,16704200,Healthcare,145.15,142.651,141.63150000000002,144.6192,143.6646758767751,143.19519129597356,0.46948458080154865,-0.9082388210660587,145.71,8314500.0,140.95,6012000.0,138.87,7943500.0,74.64136973623322,8.024122029088332,9.64211132714048,0.044952302518701304,0.014196786144777164
JNJ,2023-04-06,152.61,153.75,151.52,151.84,151.84,9615400,Healthcare,147.30599999999998,143.94,142.27100000000002,144.5614,144.92241804957894,143.8355474962718,1.0868705533071363,-0.5092169461914197,152.26,16704200.0,141.06,4555700.0,138.95,9051500.0,78.60623781676426,7.642138097263573,9.27671824397267,-0.0027584395113620097,0.014462088749344149
JNJ,2023-04-10,151.36,151.55,150.45,151.07,151.07,5354000,Healthcare,149.01799999999997,145.013,142.855,144.4994,145.86819988810527,144.37143286691833,1.4967670211869404,-0.10802015271574766,151.84,9615400.0,142.51,9890000.0,140.34,5696200.0,74.08337518834765,6.006596028348898,7.645717543109587,-0.005071127502634387,0.015117022165740956
JNJ,2023-04-11,151.17,151.96,150.82,151.03,151.03,5903800,Healthcare,150.382,146.022,143.3705,144.4488,146.66232298224293,144.86466006196142,1.7976629202815104,0.273116461883704,151.07,5354000.0,144.21,6841900.0,140.94,6772300.0,73.93483709273194,4.729214340198307,7.1590747835958535,-0.0002647779175216636,0.015291644214764918
JNJ,2023-04-12,150.72,151.55,149.95,150.71,150.71,5764100,Healthcare,151.382,147.135,143.8305,144.50539999999998,147.28504252343632,145.29764820551983,1.9873943179164826,0.6159720330902597,151.03,5903800.0,145.71,8314500.0,139.58,6115300.0,83.52208380520963,3.431473474710045,7.973921765295877,-0.0021187843474805845,0.01454556628081128
JNJ,2023-04-13,150.95,152.92,150.6,152.72,152.72,5640600,Healthcare,151.474,148.31199999999998,144.371,144.5764,148.12118982752304,145.84745204214798,2.2737377853750615,0.9475251835472202,150.71,5764100.0,152.26,16704200.0,140.95,6012000.0,85.14548238897409,0.30211480362538623,8.350478893224555,0.013336872138544065,0.014642238670739329
JNJ,2023-04-14,152.59,152.73,150.83,152.47,152.47,7225100,Healthcare,151.6,149.453,144.91400000000002,144.615,148.79023754636566,146.33801115013702,2.452226396228639,1.248465426083504,152.72,5640600.0,151.84,9615400.0,141.06,4555700.0,82.87262872628737,0.4149104320337216,8.088756557493259,-0.0016369827134625758,0.014796508544553947
JNJ,2023-04-17,152.38,152.84,151.64,152.32,152.32,8046400,Healthcare,151.85,150.43400000000003,145.525,144.6392,149.33327792384787,146.78112143531206,2.5521564885358146,1.509203638573966,152.47,7225100.0,151.07,5354000.0,142.51,9890000.0,81.6111111111112,0.8274309922552403,6.883727457722277,-0.0009838000918214185,0.015022631259459589
JNJ,2023-04-18,151.01,151.41,146.78,148.03,148.03,14571500,Healthcare,151.25,150.816,145.85250000000002,144.59459999999999,149.13277362787127,146.87363095862227,2.2591426692490018,1.659191444708973,152.32,8046400.0,151.03,5903800.0,144.21,6841900.0,70.18633540372673,-1.9863603257630924,2.6489147770612176,-0.028164390756302504,0.018453699545493397
JNJ,2023-04-19,148.93,149.57,148.18,149.43,149.43,6752000,Healthcare,150.99399999999997,151.188,146.25,144.6008,149.1785007620449,147.06299162835396,2.1155091336909493,1.7504549825053684,148.03,14571500.0,150.71,5764100.0,145.71,8314500.0,70.22900763358786,-0.8493132506137591,2.5530162651842714,0.009457542390056028,0.01841268934674046
JNJ,2023-04-20,149.34,150.61,147.98,150.39,150.39,9498800,Healthcare,150.528,151.001,146.826,144.6254,149.36488526019184,147.30943669292031,2.055448567271526,1.8114536994586,149.43,6752000.0,152.72,5640600.0,152.26,16704200.0,71.38927097661625,-1.525667888947102,-1.2281623538683895,0.006424412768520238,0.011202578573966844
JNJ,2023-04-21,151.18,151.67,148.91,149.58,149.58,7014200,Healthcare,149.95,150.775,147.35750000000002,144.63,149.39797983554695,147.47762656751883,1.9203532680281228,1.8332336131725047,150.39,9498800.0,152.47,7225100.0,151.84,9615400.0,66.69815777042996,-1.8954548435757723,-1.4884088514225402,-0.0053859964093355694,0.011274352482848872
JNJ,2023-04-24,149.58,150.6,148.82,150.49,150.49,5278900,Healthcare,149.584,150.71699999999998,147.865,144.6932,149.56598293777049,147.7007653402952,1.8652175974752936,1.8396304100330625,149.58,7014200.0,152.32,8046400.0,151.07,5354000.0,65.40726202158987,-1.2014180672268782,-0.38392798040642884,0.00608370102954936,0.011426056355671252
JNJ,2023-04-25,151.06,152.02,150.93,151.86,151.86,6263100,Healthcare,150.35,150.8,148.411,144.7702,149.91890863965196,148.00885679656963,1.9100518430823286,1.8537146966429159,150.49,5278900.0,148.03,14571500.0,151.03,5903800.0,65.18518518518526,2.5873133824224848,0.5495596901277988,0.009103594923250746,0.011809201396249637
JNJ,2023-04-26,150.86,151.14,149.16,149.51,149.51,5518200,Healthcare,150.366,150.68,148.90749999999997,144.7892,149.85599961816703,148.1200525894163,1.7359470287507293,1.8301611630644787,151.86,6263100.0,149.43,6752000.0,150.71,5764100.0,41.43302180685356,0.05353677307098348,-0.7962311724504123,-0.015474779402080974,0.012860766924588212
JNJ,2023-04-27,149.77,150.24,149.06,149.86,149.86,5739700,Healthcare,150.26000000000002,150.394,149.353,144.8282,149.85661506152596,148.24893758279288,1.6076774787330805,1.785664426198199,149.51,5518200.0,150.39,9498800.0,152.72,5640600.0,43.80475594493119,-0.3524170490059042,-1.8727082242011472,0.0023409805364191794,0.011963784855244328
JNJ,2023-04-28,149.69,150.56,149.46,150.5,150.5,6024900,Healthcare,150.44400000000002,150.197,149.825,144.92860000000002,149.95559735975274,148.41568294703043,1.539914412722311,1.7365144235030214,149.86,5739700.0,149.58,7014200.0,152.47,7225100.0,48.20189274447951,0.6150554887016879,-1.292057453925366,0.004270652609101644,0.012118874500314337
JNJ,2023-05-01,150.41,151.06,149.16,150.41,150.41,4893400,Healthcare,150.428,150.00600000000003,150.21999999999997,145.0478,150.02550545825233,148.5634101361393,1.462095322113015,1.6816306032250203,150.5,6024900.0,150.49,5278900.0,152.32,8046400.0,48.05031446540879,-0.053159678383951636,-1.2539390756302504,-0.0005980066445182564,0.012120369249687324
JNJ,2023-05-02,151.09,152.14,150.38,151.73,151.73,7541700,Healthcare,150.402,150.376,150.59599999999998,145.1332,150.28773538775198,148.79797234827714,1.4897630394748376,1.643257090474984,150.41,4893400.0,151.86,6263100.0,148.03,14571500.0,53.0177514792899,-0.08560516264982665,2.4994933459433932,0.008776012233229213,0.007871798444839689
JNJ,2023-05-03,152.2,152.78,149.41,149.74,149.74,5937200,Healthcare,150.448,150.407,150.7975,145.22279999999998,150.2034684050209,148.8677521743307,1.335716230690224,1.581748918518032,151.73,7541700.0,149.51,5518200.0,149.43,6752000.0,41.17298578199053,0.15383586382182735,0.20745499565013592,-0.013115402359454187,0.00883275465851083
JNJ,2023-05-04,149.57,149.77,148.25,149.06,149.06,5128000,Healthcare,150.288,150.274,150.6375,145.30280000000002,150.02755018886384,148.8819927540099,1.1455574348539415,1.494510621785214,149.74,5937200.0,149.86,5739700.0,150.39,9498800.0,40.15020219526285,-0.5338315761377332,-0.8843673116563533,-0.004541204754908601,0.008658981681960486
JNJ,2023-05-05,149.71,149.98,148.66,149.57,149.57,5194500,Healthcare,150.102,150.273,150.524,145.3938,149.95715785211556,148.93295625371286,1.0242015984026978,1.4004488171087108,149.06,5128000.0,150.5,6024900.0,149.58,7014200.0,42.21844934917939,-0.6179401993355538,-0.006685385746774131,0.003421441030457384,0.008594479963640692
JNJ,2023-05-08,148.93,149.46,148.33,149.23,149.23,4994900,Healthcare,149.866,150.147,150.43200000000002,145.5104,149.84528741332855,148.95495949417855,0.8903279191499962,1.298424637516968,149.57,5194500.0,150.41,4893400.0,150.49,5278900.0,54.37317784256557,-0.7845223056977657,-0.837264934547155,-0.002273183124958278,0.008342689442453257
JNJ,2023-05-09,148.71,149.06,147.83,148.07,148.07,5520500,Healthcare,149.134,149.76799999999997,150.284,145.6102,149.57216627281645,148.88940693905423,0.6827593337622204,1.1752915767660186,149.23,4994900.0,151.73,7541700.0,151.86,6263100.0,44.955489614243255,-2.412179529427272,-2.495719741867519,-0.007773235944515178,0.007804292700060956
JNJ,2023-05-10,148.21,148.91,147.16,148.62,148.62,6756600,Healthcare,148.91,149.679,150.1795,145.7644,149.4256791539216,148.86945086949464,0.5562282844269646,1.0514789182982078,148.07,5520500.0,149.74,5937200.0,149.51,5518200.0,43.228768171384914,-0.7479631361025807,-0.5952779078322479,0.0037144593773215107,0.006510564713756628
JNJ,2023-05-11,148.78,149.12,146.54,148.01,148.01,5867600,Healthcare,148.7,149.494,149.94400000000002,145.9192,149.20788236101058,148.8057878421247,0.4020945188858889,0.9216020384157441,148.62,6756600.0,149.06,5128000.0,149.86,5739700.0,43.90054390054383,-0.7044143298000849,-1.2344855198185178,-0.004104427398735067,0.006508551894902312
JNJ,2023-05-12,148.35,148.54,147.11,147.82,147.82,3904200,Healthcare,148.35,149.226,149.7115,146.0724,148.99436199777819,148.73276652048582,0.2615954772923601,0.7896007261910674,148.01,5867600.0,149.57,5194500.0,150.5,6024900.0,39.01234567901231,-1.1700207260814333,-1.7807308970099744,-0.0012836970474967568,0.006218230436077747
JNJ,2023-05-15,147.84,148.05,146.13,146.69,146.69,5104500,Healthcare,147.84199999999998,148.85399999999998,149.43,146.1742,148.63984476735078,148.5814504819313,0.05839428541946745,0.6433594380367474,147.82,3904200.0,149.23,4994900.0,150.41,4893400.0,28.295549958018455,-1.7020706292300458,-2.4732398111827703,-0.007644432417805436,0.006464078728535269
JNJ,2023-05-16,146.24,147.33,145.75,146.5,146.5,5599200,Healthcare,147.528,148.331,149.3535,146.24380000000002,148.31063788006605,148.42726896475122,-0.11663108468516725,0.4913613334923645,146.69,5104500.0,148.07,5520500.0,151.73,7541700.0,34.5641025641026,-1.0603093131626884,-3.446912278389236,-0.0012952484831958433,0.005170148736638709
JNJ,2023-05-17,146.91,147.16,145.05,146.17,146.17,6840700,Healthcare,147.038,147.974,149.1905,146.3338,147.9813089754405,148.26006385625112,-0.2787548808106237,0.33733809063176684,146.5,5599200.0,148.62,6756600.0,149.74,5937200.0,31.038026721479795,-1.648499529000147,-2.384132496326985,-0.0022525597269625885,0.003910749885334849
JNJ,2023-05-18,145.87,146.12,144.86,145.7,145.7,5173000,Healthcare,146.576,147.63799999999998,148.95600000000002,146.4352,147.63033836383426,148.07042949652882,-0.4400911326945618,0.1818522459665011,146.17,6840700.0,148.01,5867600.0,149.06,5128000.0,24.89539748953969,-1.560705357746095,-2.254125855360267,-0.003215434083601254,0.0038522518456638078
JNJ,2023-05-19,145.81,147.04,145.39,146.1,146.1,6527100,Healthcare,146.232,147.291,148.78199999999998,146.5762,147.39490169247514,147.9244717560452,-0.5295700635700484,0.0395677840591912,145.7,5173000.0,147.82,3904200.0,149.57,5194500.0,28.16616008105369,-1.163577323772158,-2.31998395400147,0.0027453671928621137,0.0037457152376187534
JNJ,2023-05-22,146.36,147.42,145.23,145.31,145.31,5675900,Healthcare,145.956,146.899,148.523,146.69459999999998,147.0741475859405,147.73080718152332,-0.6566595955828234,-0.09967769186921173,146.1,6527100.0,146.69,5104500.0,149.23,4994900.0,15.63169164882234,-0.9407594246369833,-2.626817664008574,-0.005407255304585856,0.0038687613679819007
JNJ,2023-05-23,145.53,146.61,144.85,145.26,145.26,5793000,Healthcare,145.708,146.618,148.19299999999998,146.7854,146.79504795733425,147.5477844273364,-0.7527364700021622,-0.23028944749580182,145.31,5675900.0,146.5,5599200.0,148.07,5520500.0,19.729729729729755,-0.8464163822525683,-1.8977510636860928,-0.00034409194136686416,0.0034686010711013253
JNJ,2023-05-24,145.51,145.56,144.43,145.12,145.12,5015100,Healthcare,145.498,146.26799999999997,147.9735,146.8576,146.53734827159053,147.36794854383,-0.8306002722394794,-0.3503516124445374,145.26,5793000.0,146.17,6840700.0,148.62,6756600.0,21.282798833819314,-0.7183416569747414,-2.354999327143048,-0.0009637890678781957,0.0028937629423221737
JNJ,2023-05-25,144.55,144.78,142.39,143.03,143.03,6886100,Healthcare,144.964,145.76999999999998,147.632,146.88,145.99775622980738,147.04661902206482,-1.048862792257438,-0.4900538484071175,145.12,5015100.0,145.7,5173000.0,148.01,5867600.0,11.255924170616282,-1.8325326012354037,-3.364637524491587,-0.014401874310915108,0.0047886875755324574
JNJ,2023-05-26,143.29,143.84,142.84,142.98,142.98,6845400,Healthcare,144.33999999999997,145.286,147.256,146.9074,145.53348604060625,146.74538798339336,-1.211901942787108,-0.6344234672831157,143.03,6886100.0,146.1,6527100.0,147.82,3904200.0,11.656441717791566,-2.135523613963042,-3.2742524692193187,-0.0003495770118158159,0.00484349065139063
JNJ,2023-05-30,142.63,143.93,142.02,143.0,143.0,5593100,Healthcare,143.878,144.91699999999997,146.8855,146.96540000000002,145.14371895743605,146.46795183647532,-1.324232879039272,-0.7723853496343469,142.98,6845400.0,145.31,5675900.0,146.69,5104500.0,13.837375178316975,-1.5897047691143085,-2.5155088963119465,0.00013987970345508138,0.00469319146395569
JNJ,2023-05-31,143.3,144.22,142.52,143.64,143.64,11324600,Healthcare,143.554,144.631,146.481,147.0086,144.91237757936898,146.25847392266232,-1.3460963432933397,-0.8871275483661455,143.0,5593100.0,145.26,5793000.0,146.5,5599200.0,14.929577464788721,-1.115241635687736,-1.952218430034136,0.004475524475524351,0.005190894277314844
JNJ,2023-06-01,143.15,143.62,141.87,143.15,143.15,7901300,Healthcare,143.16,144.329,146.1515,147.042,144.64124256715837,146.0282165950577,-1.3869740278993277,-0.9870968442727821,143.64,11324600.0,145.12,5015100.0,146.17,6840700.0,15.186246418338172,-1.3574972436604216,-2.0660874324416656,-0.003411306042884865,0.0052111093808634035
JNJ,2023-06-02,143.32,145.72,142.74,145.41,145.41,7659700,Healthcare,143.63600000000002,144.3,145.969,147.1728,144.7595129414417,145.98242277320156,-1.2229098317598641,-1.0342594417701987,143.15,7901300.0,143.03,6886100.0,145.7,5173000.0,36.68508287292817,1.6639865762427375,-0.1990391214824916,0.015787635347537465,0.007644868571442649
JNJ,2023-06-05,145.2,146.95,145.2,146.66,146.66,6430500,Healthcare,144.372,144.356,145.8235,147.327,145.05189556583528,146.03261367889033,-0.9807181130550475,-1.0235511760271685,145.41,7659700.0,142.98,6845400.0,146.1,6527100.0,49.83642311886586,2.5737865435725427,0.3832991101984984,0.008596382642184208,0.008103204479879259
JNJ,2023-06-06,147.82,147.85,145.8,146.53,146.53,5073600,Healthcare,145.078,144.478,145.68849999999998,147.4508,145.27929624801448,146.06945711008365,-0.7901608620691718,-0.9768731132355692,146.66,6430500.0,143.0,5593100.0,145.31,5675900.0,50.164654226125144,2.4685314685314763,0.8395843369348288,-0.000886403927451207,0.00786507211460563
JNJ,2023-06-07,146.45,147.1,145.84,146.84,146.84,6504300,Healthcare,145.71800000000002,144.636,145.627,147.56879999999998,145.5194045175507,146.12653436118856,-0.607129843637864,-0.9029244593160283,146.53,5073600.0,143.64,11324600.0,145.26,5793000.0,53.68536853685379,2.227791701475934,1.0877048051769256,0.0021156077253805528,0.007861545558212016
JNJ,2023-06-08,146.82,148.6,146.19,148.45,148.45,5818400,Healthcare,146.77800000000002,144.969,145.61849999999998,147.7462,145.97026536100444,146.29864292702644,-0.32837756602199875,-0.7880150806572225,146.84,6504300.0,143.15,7901300.0,145.12,5015100.0,63.44086021505382,3.7024100593782583,2.294652701212785,0.010964314900572036,0.0083984726172909
JNJ,2023-06-09,148.6,148.89,147.72,148.22,148.22,6264400,Healthcare,147.33999999999997,145.488,145.629,147.8916,146.31637838238836,146.44096567317263,-0.12458729078426245,-0.6553295226826306,148.45,5818400.0,145.41,7659700.0,143.03,6886100.0,60.53677932405574,1.9324668179629967,3.6286093826469967,-0.0015493432132029916,0.00627231638910724
JNJ,2023-06-12,148.21,148.44,147.04,148.12,148.12,6510600,Healthcare,147.632,146.002,145.64399999999998,148.03279999999998,146.5938586312517,146.56533858627094,0.02852004498075189,-0.518559609149954,148.22,6264400.0,146.66,6430500.0,142.98,6845400.0,64.99466382070447,0.9954997954452427,3.594908378794237,-0.0006746727836998145,0.00629579268927843
JNJ,2023-06-13,147.96,148.99,147.42,148.9,148.9,6066800,Healthcare,148.106,146.592,145.7545,148.16060000000002,146.94864961105912,146.73827646876939,0.2103731422897397,-0.3727730588620153,148.12,6510600.0,146.53,5073600.0,143.0,5593100.0,68.0198019801982,1.617416228758617,4.125874125874129,0.005266000540102622,0.006194639295359608
JNJ,2023-06-14,149.69,150.14,149.12,149.66,149.66,6699100,Healthcare,148.67000000000002,147.19400000000002,145.9125,148.2696,147.36578044012694,146.95470043404572,0.41108000608122097,-0.21600244587336806,148.9,6066800.0,146.84,6504300.0,143.64,11324600.0,71.17537313432842,1.9204576409697527,4.1910331384015675,0.005104096709200645,0.0062024139006437735
JNJ,2023-06-15,150.11,151.83,149.54,151.67,151.67,7138300,Healthcare,149.31400000000002,148.046,146.1875,148.3888,148.0279680647228,147.30398188337568,0.7239861813471293,-0.028004720429268604,149.66,6699100.0,148.45,5818400.0,143.15,7901300.0,90.6015037593987,2.1690804984843437,5.951798812434506,0.013430442335961468,0.0062133409776758365
JNJ,2023-06-16,152.36,152.83,151.8,152.13,152.13,13426600,Healthcare,150.096,148.71800000000002,146.509,148.3862,148.6590499009193,147.66146470682932,0.9975851940899929,0.1771132624745837,151.67,7138300.0,148.22,6264400.0,145.41,7659700.0,91.402714932127,2.6379705842666246,4.621415308438204,0.00303290037581605,0.005158370851971121
JNJ,2023-06-20,152.16,153.13,151.74,152.04,152.04,7995800,Healthcare,150.88,149.256,146.80599999999998,148.3902,149.17919607000866,147.9858006544716,1.1933954155370543,0.3803696930870778,152.13,13426600.0,148.12,6510600.0,146.66,6430500.0,90.64748201438874,2.6465028355387332,3.668348561298229,-0.000591599290080902,0.005173812678997795
JNJ,2023-06-21,151.53,152.77,150.7,151.81,151.81,7177500,Healthcare,151.46200000000002,149.784,147.131,148.405,149.58393513616116,148.2690746800663,1.3148604560948627,0.5672678456886349,152.04,7995800.0,148.9,6066800.0,146.53,5073600.0,88.14192343604144,1.9543317662860993,3.603357674196417,-0.0015127598000524989,0.00523784067440016
JNJ,2023-06-22,151.82,153.51,151.72,153.42,153.42,5485900,Healthcare,152.214,150.442,147.53900000000002,148.4528,150.17409896136712,148.6506247037651,1.5234742576020324,0.7585091280713143,151.81,7177500.0,149.66,6699100.0,146.84,6504300.0,93.4065934065936,2.512361352398762,4.48106782892943,0.01060536196561479,0.005649813451574323
JNJ,2023-06-23,153.87,154.02,152.87,153.29,153.29,9450700,Healthcare,152.53799999999998,150.926,147.9475,148.5044,150.65346835192602,148.9942821331158,1.6591862188102198,0.9386445462190955,153.42,5485900.0,151.67,7138300.0,148.45,5818400.0,90.6185567010312,1.0681083932221336,3.260357022566529,-0.0008473471516099451,0.005353638214085131
JNJ,2023-06-26,152.83,152.83,149.44,151.57,151.57,6978800,Healthcare,152.426,151.261,148.3745,148.4814,150.79447322086048,149.1850760491813,1.609397171679177,1.0727950713111118,153.29,9450700.0,152.13,13426600.0,148.22,6264400.0,74.13962635201588,-0.368106224939202,2.260153825394684,-0.011220562332833195,0.006948260761753929
JNJ,2023-06-27,151.62,151.81,150.47,151.26,151.26,4927500,Healthcare,152.27,151.575,148.7885,148.4572,150.8660927253435,149.3387741196123,1.5273186057311818,1.163699778195126,151.57,6978800.0,152.04,7995800.0,148.12,6510600.0,72.85024154589381,-0.5130228887134991,2.119902781528471,-0.0020452596160189795,0.0070256500098477
JNJ,2023-06-28,151.18,151.18,149.98,150.95,150.95,6780400,Healthcare,152.09799999999998,151.78,149.18599999999998,148.4298,150.87900153682912,149.4581241848262,1.4208773520029183,1.2151352929566843,151.26,4927500.0,151.81,7177500.0,148.9,6066800.0,69.85507246376817,-0.5664975956788165,1.3767629281396854,-0.0020494512759486883,0.007042761208527216
JNJ,2023-06-29,150.66,152.21,150.28,152.01,152.01,4547500,Healthcare,151.81599999999997,152.015,149.6045,148.5094,151.05300130039387,149.64715202298723,1.4058492774066451,1.2532780898466767,150.95,6780400.0,153.42,5485900.0,149.66,6699100.0,68.16326530612255,-0.919045756746184,1.570225845249218,0.0070221927790659056,0.00717992036047269
JNJ,2023-06-30,152.71,153.71,152.24,153.33,153.33,7580000,Healthcare,151.824,152.18099999999998,150.1135,148.5874,151.40330879264098,149.91995557684004,1.4833532158009461,1.2992931150375306,152.01,4547500.0,153.29,9450700.0,151.67,7138300.0,73.46189164370992,0.026094331006598637,1.0944814399683755,0.008683639234261076,0.006427022008556863
JNJ,2023-07-03,152.23,152.28,150.95,151.32,151.32,4033700,Healthcare,151.77399999999997,152.1,150.409,148.606,151.3904920553116,150.02366257114818,1.3668294841634179,1.312800388862708,153.33,7580000.0,151.57,6978800.0,152.13,13426600.0,62.49999999999994,-0.1649402916144349,-0.5324393610727673,-0.013108980630013867,0.007775398935079902
JNJ,2023-07-05,150.98,151.84,150.74,150.81,150.81,7224600,Healthcare,151.684,151.977,150.6165,148.6306,151.30118558526365,150.08190978810018,1.2192757971634762,1.2940954705228616,151.32,4033700.0,151.26,4927500.0,152.04,7995800.0,57.6217079010375,-0.29750099166996335,-0.8089976322020465,-0.0033703409992069666,0.007828252183295838
JNJ,2023-07-06,150.3,150.41,149.14,149.69,149.69,6332500,Healthcare,151.43200000000002,151.76500000000001,150.77450000000002,148.6146,151.05331087983848,150.05287943342609,1.0004314464123922,1.2353626657007677,150.81,7224600.0,150.95,6780400.0,151.81,7177500.0,50.11636927851048,-0.8347134812851875,-1.3964824451617175,-0.007426563225250371,0.008107780142472288
JNJ,2023-07-07,148.65,149.18,147.47,147.52,147.52,7022200,Healthcare,150.53400000000002,151.175,150.8085,148.5278,150.50972459063257,149.86525873465376,0.6444658559788081,1.1171833037563759,149.69,6332500.0,152.01,4547500.0,153.42,5485900.0,34.09961685823765,-2.9537530425629788,-3.8456524573067252,-0.014496626361146236,0.007868539380868693
JNJ,2023-07-10,147.68,148.49,147.29,147.76,147.76,5739200,Healthcare,149.42000000000002,150.622,150.774,148.49280000000002,150.08669003822757,149.70931364319793,0.3773763950296427,0.9692219220110293,147.52,7022200.0,153.33,7580000.0,153.29,9450700.0,32.96960249415429,-3.6326876671232133,-3.607541261660907,0.0016268980477223138,0.008012291294648045
JNJ,2023-07-11,147.41,148.49,145.99,146.94,146.94,6606700,Healthcare,148.54399999999998,150.159,150.70999999999998,148.43439999999998,149.60258387850027,149.50417929925734,0.09840457924292423,0.7950584534574083,147.76,5739200.0,151.32,4033700.0,151.57,6978800.0,31.194690265486713,-2.894528152260112,-3.0546942006993483,-0.0055495397942608715,0.007606427998030076
JNJ,2023-07-12,147.23,147.23,146.25,146.43,146.43,6940400,Healthcare,147.668,149.676,150.62550000000002,148.35299999999998,149.1144940510387,149.27646231412717,-0.16196826308848244,0.6036531101482303,146.94,6606700.0,150.81,7224600.0,151.26,4927500.0,30.563583815028892,-2.9043166898746753,-3.193177310591022,-0.0034708044099631685,0.007598413978689919
JNJ,2023-07-13,146.36,147.41,145.81,147.11,147.11,6401700,Healthcare,147.15200000000002,149.292,150.536,148.28699999999998,148.8061103508789,149.1159836241918,-0.3098732733129168,0.42094783345600095,146.43,6940400.0,149.69,6332500.0,150.95,6780400.0,25.561580170410636,-1.723562028191583,-2.543888704869146,0.004643857133101115,0.007996750697271267
JNJ,2023-07-14,147.45,148.43,147.27,148.09,148.09,5362200,Healthcare,147.266,148.9,150.4575,148.2142,148.69593952766675,149.03998483721463,-0.34404530954788015,0.2679492048552248,147.11,6401700.0,147.52,7022200.0,152.01,4547500.0,31.104651162790717,0.38638828633406064,-2.578777711992619,0.006661681734756231,0.007949502280505947
JNJ,2023-07-17,147.98,148.09,146.5,147.35,147.35,5486800,Healthcare,147.184,148.302,150.2415,148.1664,148.48887190802571,148.91480077519873,-0.42592886717301326,0.12917359044957719,148.09,5362200.0,147.76,5739200.0,153.33,7580000.0,33.489827856025045,-0.2774769897130436,-3.9000847844518516,-0.004996961307313197,0.006904016381117152
JNJ,2023-07-18,147.35,149.04,146.54,147.34,147.34,6332500,Healthcare,147.264,147.904,150.002,148.13199999999998,148.31212238371407,148.79814886592476,-0.4860264822106899,0.0061335759175237675,147.35,5486800.0,146.94,6606700.0,151.32,4033700.0,34.29487179487184,0.27221995372261887,-2.630187681734064,-6.786562606031499e-05,0.0061746168258317614
JNJ,2023-07-19,146.28,148.59,145.74,147.04,147.04,7522600,Healthcare,147.386,147.527,149.752,148.0814,148.11641124775807,148.66791561659699,-0.5515043688389198,-0.10539401303376496,147.34,6332500.0,146.43,6940400.0,150.81,7224600.0,34.3223736968725,0.4165813016458353,-2.4998342284994424,-0.002036106963485884,0.006171607506305876
JNJ,2023-07-20,150.01,156.68,149.42,155.97,155.97,21892900,Healthcare,149.158,148.155,149.95999999999998,148.2162,149.3246556711799,149.20881075610833,0.11584491507156258,-0.061146227412699455,147.04,7522600.0,147.11,6401700.0,149.69,6332500.0,59.7345132743363,6.022704098973541,4.195337029861723,0.06073177366702942,0.020692876139170892
JNJ,2023-07-21,155.79,158.23,155.79,157.65,157.65,12080000,Healthcare,151.07,149.16799999999998,150.17149999999998,148.4078,150.60547787561376,149.83408403343364,0.7713938421801174,0.10536178650586395,155.97,21892900.0,148.09,5362200.0,147.52,7022200.0,60.434782608695635,6.455533797015334,6.866865509761388,0.010771302173494979,0.019658868121222292
JNJ,2023-07-24,158.86,161.01,158.39,158.48,158.48,15155400,Healthcare,153.296,150.23999999999998,150.43099999999998,148.605,151.81694281782703,150.4745222531793,1.342420564647739,0.352773542134239,157.65,12080000.0,147.35,5486800.0,147.76,5739200.0,68.34016393442626,7.553444180522573,7.255008121277751,0.005264827148747209,0.01958537875459774
JNJ,2023-07-25,157.89,159.96,157.24,159.69,159.69,13790100,Healthcare,155.766,151.51500000000001,150.837,148.8386,153.0281823843152,151.15715023442527,1.8710321498899134,0.6564252636853739,158.48,15155400.0,147.34,6332500.0,146.94,6606700.0,71.95845697329379,8.38197366634994,8.677011024908122,0.007635032811711406,0.01906907001705283
JNJ,2023-07-26,159.33,161.04,158.77,159.99,159.99,14288200,Healthcare,158.356,152.871,151.2735,149.082,154.0992312482667,151.81143540224565,2.287795846021055,0.9826993801525101,159.69,13790100.0,147.04,7522600.0,146.43,6940400.0,76.54639175257738,8.807127312295982,9.260397459536973,0.0018786398647379077,0.018768173964163706
JNJ,2023-07-27,159.49,161.45,159.36,160.89,160.89,12446400,Healthcare,159.34,154.24899999999997,151.77050000000003,149.36599999999999,155.1439649023795,152.48392166874598,2.6600432336335302,1.3181681508487144,159.99,14288200.0,155.97,21892900.0,147.11,6401700.0,86.87258687258688,3.1544527793806454,9.367140235198136,0.00562535158447397,0.018745131773753126
JNJ,2023-07-28,161.18,162.44,160.47,161.63,161.63,14138800,Healthcare,160.13600000000002,155.603,152.2515,149.6686,156.14181645585958,153.1614089525426,2.9804075033169966,1.6506160213423708,160.89,12446400.0,157.65,12080000.0,148.09,5362200.0,87.2249060654858,2.52457976530287,9.143088662299936,0.0045994157498912,0.018786807278732186
JNJ,2023-07-31,157.19,157.68,154.43,155.19,155.19,22632700,Healthcare,159.478,156.387,152.34449999999998,149.849,155.9953831549581,153.31167495605797,2.6837081989001206,1.857234456853921,161.63,14138800.0,158.48,15155400.0,147.35,5486800.0,67.01030927835052,-2.075971731448756,5.320665083135401,-0.039844088349935025,0.02413101049418856
JNJ,2023-08-01,154.11,156.63,153.83,156.45,156.45,15810300,Healthcare,158.83,157.298,152.601,150.064,156.06532420804146,153.54414347783145,2.5211807302100055,1.9900237115251382,155.19,22632700.0,159.69,13790100.0,147.34,6332500.0,70.03999999999996,-2.0289310539169714,6.182978145785256,0.008119079837618282,0.024061564822428147
JNJ,2023-08-02,156.41,158.62,156.41,157.39,157.39,14595600,Healthcare,158.31,158.333,152.93,150.28979999999999,156.2691204837274,153.82902173873282,2.4400987449945717,2.080038718219025,156.45,15810300.0,159.99,14288200.0,147.04,7522600.0,70.34837688044334,-1.6251015688480641,7.038900979325358,0.006008309364013975,0.023886684238581604
JNJ,2023-08-03,157.43,158.7,157.17,158.07,158.07,17424800,Healthcare,157.74599999999998,158.54299999999998,153.349,150.545,156.54617887084626,154.14316827660446,2.403010594241806,2.1446330934235815,157.39,14595600.0,160.89,12446400.0,155.97,21892900.0,69.99198717948715,-1.7527503263098931,1.3464127716868557,0.004320477794014899,0.01470421341526521
JNJ,2023-08-04,157.79,159.96,155.52,156.59,156.59,23415100,Healthcare,156.738,158.437,153.80249999999998,150.7716,156.55292058302376,154.32441507093006,2.2285055120937045,2.1614075771576062,158.07,17424800.0,161.63,14138800.0,157.65,12080000.0,67.97665369649809,-3.1182330012992643,-0.6723755153821731,-0.009362940469412218,0.014662610764561823
JNJ,2023-08-07,157.0,160.57,156.88,160.35,160.35,17736400,Healthcare,157.76999999999998,158.624,154.43200000000002,151.0762,157.13708664717396,154.7707546953056,2.3663319518683466,2.2023924520997546,156.59,23415100.0,155.19,22632700.0,158.48,15155400.0,72.08828522920203,3.3249565049294327,1.179959616355375,0.024011750431061962,0.016567074084988424
JNJ,2023-08-08,160.24,160.76,158.76,160.42,160.42,27378700,Healthcare,158.564,158.697,155.106,151.424,157.64215023991642,155.18921731046814,2.4529329294482807,2.25250054756946,160.35,17736400.0,156.45,15810300.0,159.69,13790100.0,72.89527720739221,2.537551933525095,0.4571357004195642,0.00043654505768619956,0.016416893970265568
JNJ,2023-08-09,160.25,161.41,159.37,160.32,160.32,42974400,Healthcare,159.15,158.73,155.8005,151.77079999999998,158.05412712608313,155.5692752874705,2.4848518386126273,2.2989708057780938,160.42,27378700.0,157.39,14595600.0,159.99,14288200.0,60.66699362432566,1.8616176377152405,0.20626289143070853,-0.0006233636703653067,0.016413955960900825
JNJ,2023-08-10,161.18,163.01,158.99,159.49,159.49,48213800,Healthcare,159.434,158.58999999999997,156.4195,152.1006,158.27503064514727,155.85969934025047,2.415331304896796,2.3222429056018346,160.32,42974400.0,158.07,17424800.0,160.89,12446400.0,54.7082906857728,0.8983361801733425,-0.870159736465892,-0.005177145708582742,0.016382102765442864
JNJ,2023-08-11,159.77,161.13,158.98,161.04,161.04,45905600,Healthcare,160.32399999999998,158.531,157.067,152.4486,158.70041054589385,156.24342531504672,2.456985230847124,2.3491913706508925,159.49,48213800.0,156.59,23415100.0,161.63,14138800.0,56.317867719644646,2.8418162079315357,-0.36503124419972055,0.009718477647501222,0.016645734054228364
JNJ,2023-08-14,160.74,162.66,159.1,160.66,160.66,64036900,Healthcare,160.38600000000002,159.078,157.73250000000002,152.7988,159.00188584652557,156.57057899541363,2.431306851111941,2.3656144667431023,161.04,45905600.0,160.35,17736400.0,155.19,22632700.0,52.496139989706656,0.19332709697537087,3.5247116437914894,-0.0023596621957276964,0.009364067556589042
JNJ,2023-08-15,160.07,161.7,159.46,160.2,160.2,88958100,Healthcare,160.34199999999998,159.45299999999997,158.3755,153.09459999999999,159.18621110090626,156.83942499575338,2.346786105152887,2.3618487944250592,160.66,64036900.0,160.42,27378700.0,156.45,15810300.0,50.535987748851404,-0.13714000748036304,2.396931927133261,-0.0028631893439562406,0.00940724392571998
JNJ,2023-08-16,159.82,161.86,159.45,159.69,159.69,85832700,Healthcare,160.216,159.683,159.00799999999998,153.3552,159.2637170853822,157.05057869977165,2.213138385610563,2.33210671266216,160.2,88958100.0,160.32,42974400.0,157.39,14595600.0,46.875000000000014,-0.39296407185628324,1.4613380773873974,-0.0031835205992508664,0.009465574082302697
JNJ,2023-08-17,160.12,162.47,160.03,161.19,161.19,70904200,Healthcare,160.55599999999998,159.995,159.269,153.6484,159.56006830301573,157.35720249978857,2.202865803227155,2.306258530775159,159.69,85832700.0,159.49,48213800.0,158.07,17424800.0,48.897795591182366,1.0658975484356237,1.973809071930166,0.009393199323689538,0.009765198163597716
JNJ,2023-08-18,160.41,161.17,158.69,159.78,159.78,49631700,Healthcare,160.304,160.314,159.37550000000002,153.9072,159.59390394870562,157.53666898128571,2.0572349674199017,2.2564538181041076,161.19,70904200.0,161.04,45905600.0,156.59,23415100.0,65.37173476222381,-0.7824143070044642,2.0371671243374356,-0.008747440908244863,0.00968725540215237
JNJ,2023-08-21,157.19,157.34,153.73,155.02,155.02,151319500,Healthcare,159.176,159.781,159.20250000000001,154.0386,158.8902264181355,157.35024905674604,1.5399773613894752,2.113158526761181,159.78,49631700.0,160.66,64036900.0,160.35,17736400.0,46.120455778621846,-3.510519108676702,-3.323978796382898,-0.029790962573538526,0.010993828216453873
JNJ,2023-08-22,154.57,155.47,153.22,153.79,153.79,56834800,Healthcare,157.894,159.118,158.9075,154.15,158.1055761999608,157.08652690439447,1.019049295566333,1.8943366805222117,155.02,151319500.0,160.2,88958100.0,160.42,27378700.0,40.38461538461537,-4.001248439450689,-4.132901134521882,-0.00793446006966858,0.010994733512678349
JNJ,2023-08-23,153.68,154.23,151.43,152.41,152.41,119011400,Healthcare,156.438,158.327,158.52849999999998,154.2358,157.22933370765915,156.74011750406893,0.48921620359021745,1.6133125851358128,153.79,56834800.0,159.69,85832700.0,160.32,42974400.0,35.42739443872293,-4.5588327384307075,-4.933882235528941,-0.00897327524546454,0.011013620509643744
JNJ,2023-08-24,151.95,154.39,151.79,152.93,152.93,70755100,Healthcare,154.786,157.671,158.13049999999998,154.3164,156.56789775263468,156.4578865778416,0.11001117479307254,1.3126523030672648,152.41,119011400.0,161.19,70904200.0,159.49,48213800.0,40.08667388949077,-5.124387368943473,-4.113110539845755,0.0034118496161670286,0.011327981017656535
JNJ,2023-08-25,153.3,156.55,153.08,155.12,155.12,18185500,Healthcare,153.854,157.079,157.805,154.4256,156.34514425222935,156.35878386837186,-0.013639616142512523,1.0473939192253094,152.93,70755100.0,159.78,49631700.0,161.04,45905600.0,34.517465956187095,-2.9165102015271005,-3.6761053154495738,0.0143202772510298,0.012025204100774642
JNJ,2023-08-28,153.95,155.08,152.25,153.29,153.29,18458000,Healthcare,153.50799999999998,156.34199999999998,157.71,154.458,155.87512205957867,156.13146654478874,-0.2563444852100645,0.7866462383382348,155.12,18185500.0,155.02,151319500.0,160.66,64036900.0,30.88471849865951,-1.1159850341891486,-4.587327274990671,-0.011797318205260532,0.012278381507014113
JNJ,2023-08-29,153.83,154.59,151.87,153.31,153.31,12208600,Healthcare,153.41199999999998,155.65300000000002,157.553,154.4816,155.48048789656656,155.92246902295255,-0.44198112638599696,0.5409207653933885,153.29,18458000.0,153.79,56834800.0,160.2,88958100.0,31.12547119009156,-0.3121139215813695,-4.300873907615477,0.00013047165503299318,0.012362089078936584
JNJ,2023-08-30,154.06,154.73,152.72,152.77,152.77,9939100,Healthcare,153.484,154.961,157.322,154.49620000000002,155.06348975863324,155.68895279903015,-0.6254630403969088,0.30764400423532906,153.31,12208600.0,152.41,119011400.0,159.69,85832700.0,31.619256017505478,0.23620497342695668,-4.333395954662144,-0.0035222751288238596,0.012359101343797781
JNJ,2023-08-31,152.43,152.62,150.48,150.86,150.86,15333000,Healthcare,153.07,153.928,156.9615,154.47719999999998,154.4167990265358,155.33125259169458,-0.914453565158766,0.06322449035651007,152.77,9939100.0,152.93,70755100.0,161.19,70904200.0,22.69313304721038,-1.3535604524945954,-6.40858614057943,-0.01250245467041955,0.011567809712119338
JNJ,2023-09-01,150.61,151.6,149.3,149.74,149.74,8610100,Healthcare,151.994,152.924,156.619,154.4036,153.69729148399185,154.91708573305056,-1.2197942490587081,-0.1933792575265336,150.86,15333000.0,155.12,18185500.0,159.78,49631700.0,21.82662538699698,-3.4682826199071703,-6.283640005006874,-0.0074241018162535255,0.011547309407066579
JNJ,2023-09-05,149.81,151.13,149.55,149.92,149.92,9019800,Healthcare,151.32,152.41400000000002,156.0975,154.3362,153.11616971722387,154.54693123430607,-1.4307615170822032,-0.44085570943766755,149.74,8610100.0,153.29,18458000.0,155.02,151319500.0,23.089005235602087,-2.1984473873051136,-3.289898077667408,0.001202083611593352,0.00826754481486272
JNJ,2023-09-06,149.14,149.29,146.82,147.43,147.43,9753800,Healthcare,150.144,151.77800000000002,155.448,154.2534,152.2413743761125,154.019751142876,-1.7783767667635004,-0.7083599209028342,149.92,9019800.0,153.31,12208600.0,153.79,56834800.0,20.920303605313094,-3.8353662513860742,-4.1355094609532355,-0.01660885805763057,0.009208322826775243
JNJ,2023-09-07,148.49,150.28,148.34,149.32,149.32,9931800,Healthcare,149.454,151.469,154.898,154.2146,151.79193216440288,153.67162142858888,-1.8796892641859984,-0.9426257895594671,147.43,9753800.0,152.77,9939100.0,152.41,119011400.0,22.35677689799715,-2.25829678601821,-2.02742602191458,0.012819643220511434,0.010442964074369317
JNJ,2023-09-08,148.91,149.92,148.53,149.81,149.81,6957000,Healthcare,149.244,151.15699999999998,154.41400000000002,154.1918,151.4870195237255,153.38557539684155,-1.8985558731160381,-1.1338118062707814,149.32,9931800.0,150.86,15333000.0,152.93,70755100.0,25.74209245742091,-0.696009545273768,-2.040149087817955,0.003281542994910236,0.01043554361112318
JNJ,2023-09-11,150.28,151.8,149.71,151.77,151.77,6309300,Healthcare,149.65,150.822,153.95049999999998,154.187,151.53055498161388,153.26590314522363,-1.735348163609757,-1.2541190777385764,149.81,6957000.0,149.74,8610100.0,155.12,18185500.0,40.845070422535215,1.3556831841859296,-2.159618359979365,0.013083238769107552,0.010225674465339877
JNJ,2023-09-12,151.36,152.95,150.72,152.63,152.63,6045800,Healthcare,150.192,150.75600000000003,153.549,154.173,151.6997003690579,153.2187992085404,-1.5190988394824956,-1.3071150300873604,151.77,6309300.0,149.92,9019800.0,153.29,18458000.0,46.662830840046034,1.8076307363927402,-0.43055646160871097,0.005666468999143248,0.009877258318079757
JNJ,2023-09-13,152.8,153.91,152.09,153.01,153.01,7397500,Healthcare,151.308,150.726,153.1895,154.20680000000002,151.90128492766436,153.20333260050035,-1.3020476728359824,-1.306101558637085,152.63,6045800.0,147.43,9753800.0,153.31,12208600.0,51.83150183150182,3.7848470460557504,-0.19568195160133417,0.0024896809277337173,0.009919089436001885
JNJ,2023-09-14,153.65,154.21,152.5,152.78,152.78,7758400,Healthcare,152.0,150.727,152.844,154.2462,152.03647186186984,153.1719746300929,-1.1355027682230627,-1.2719818005542805,153.01,7397500.0,149.32,9931800.0,152.77,9939100.0,49.53387197016779,2.3171711759978564,0.006545787785561252,-0.0015031697274687783,0.009863243984920287
JNJ,2023-09-15,153.0,153.79,150.42,150.64,150.64,13392100,Healthcare,152.166,150.70499999999998,152.3165,154.2652,151.82163003696678,152.98442095378974,-1.1627909168229564,-1.2501436238080157,152.78,7758400.0,149.81,6957000.0,150.86,15333000.0,36.034912718204396,0.5540351111407604,-0.14583057139071487,-0.014007068988087568,0.010084995163599153
JNJ,2023-09-18,151.27,152.23,149.99,151.59,151.59,5789000,Healthcare,152.13,150.89000000000001,151.907,154.3466,151.7859946466642,152.88113051276827,-1.0951358661040729,-1.2191420722672273,150.64,13392100.0,151.77,6309300.0,149.74,8610100.0,44.39313984168868,-0.11860051393556281,1.2354748230265722,0.006306425916091429,0.009910223209452078
JNJ,2023-09-19,151.39,151.95,150.58,151.34,151.34,5550800,Healthcare,151.87199999999999,151.03199999999998,151.723,154.41819999999998,151.71738008563892,152.76697269700765,-1.0495926113687233,-1.1852321800875265,151.59,5789000.0,152.63,6045800.0,149.92,9019800.0,43.59974009096815,-0.8451811570464485,0.9471718249733252,-0.0016491853024606096,0.009953413004161192
JNJ,2023-09-20,151.33,152.59,150.84,152.0,152.0,3837400,Healthcare,151.67,151.48899999999998,151.6335,154.51940000000002,151.76086007246371,152.71015990463673,-0.9492998321730113,-1.1380457105046236,151.34,5550800.0,153.01,7397500.0,147.43,9753800.0,47.51773049645386,-0.660087575975421,3.0997761649596445,0.004361041363816653,0.007813048727600035
JNJ,2023-09-21,151.69,152.55,150.77,150.84,150.84,4526700,Healthcare,151.28199999999998,151.641,151.555,154.6076,151.61918929208468,152.5716295413303,-0.9524402492456261,-1.100924618252824,152.0,3837400.0,152.78,7758400.0,149.32,9931800.0,49.932249322493185,-1.2697997120041826,1.0179480310742006,-0.007631578947368434,0.007656837602635719
JNJ,2023-09-22,150.5,150.59,149.52,149.75,149.75,4976700,Healthcare,151.10399999999998,151.635,151.39600000000002,154.6604,151.33162170868704,152.36261994567622,-1.030998236989177,-1.0869393420000948,150.84,4526700.0,150.64,13392100.0,149.81,6957000.0,50.03394433129664,-0.5908125331917091,-0.04005073092584466,-0.007226199946963718,0.008027060252178869
JNJ,2023-09-25,149.35,149.62,148.1,149.53,149.53,6722500,Healthcare,150.692,151.411,151.1165,154.6892,151.0544491381198,152.1527962459965,-1.0983471078767195,-1.0892208951754199,149.75,4976700.0,151.59,5789000.0,151.77,6309300.0,48.6797562626947,-1.3589286892275232,-1.4759175067536434,-0.0014691151919866696,0.0065776740846118665
JNJ,2023-09-26,149.11,149.36,148.22,148.37,148.37,4904800,Healthcare,150.098,150.98499999999999,150.8705,154.7096,150.64145696302444,151.87258911666342,-1.2311321536389812,-1.1176031468681322,149.53,6722500.0,151.34,5550800.0,152.63,6045800.0,53.497023809523796,-1.9624686137174607,-2.7910633558278164,-0.007757640607235938,0.006325230531379794
JNJ,2023-09-27,147.96,148.13,144.87,146.59,146.59,10211600,Healthcare,149.01600000000002,150.343,150.5345,154.6946,150.0181558917899,151.48128621913278,-1.4631303273428955,-1.186708582963085,148.37,4904800.0,152.0,3837400.0,153.01,7397500.0,39.759939984996294,-3.5592105263157925,-4.195804195804187,-0.011997034440924703,0.006628587729898732
JNJ,2023-09-28,146.96,147.38,145.76,146.38,146.38,7861900,Healthcare,148.124,149.703,150.21499999999997,154.68140000000002,149.4584396007453,151.10341316586369,-1.6449735651183914,-1.2783615793941463,146.59,10211600.0,150.84,4526700.0,152.78,7758400.0,36.858237547892706,-2.9567753911429406,-4.1890299777457844,-0.0014325670236715604,0.006631884007643911
JNJ,2023-09-29,146.83,147.05,144.95,145.32,145.32,7680700,Healthcare,147.238,149.171,149.938,154.4684,148.82175658524602,150.67501219061452,-1.8532556053685028,-1.3933403845890178,146.38,7861900.0,149.75,4976700.0,150.64,13392100.0,23.456790123456727,-2.9582637729549277,-3.531598513011147,-0.007241426424374975,0.005821528719854177
JNJ,2023-10-02,145.01,145.01,143.06,144.76,144.76,7259700,Healthcare,146.28400000000002,148.488,149.68900000000002,154.2106,148.19687095674664,150.23686313945788,-2.039992182711245,-1.5226707442134633,145.32,7680700.0,149.53,6722500.0,151.59,5789000.0,16.793248945147724,-3.189995318665162,-4.505574246322331,-0.003853564547206201,0.004680338247051646
JNJ,2023-10-03,144.32,145.09,143.59,144.94,144.94,5740800,Healthcare,145.59799999999998,147.848,149.44,153.9398,147.69581388647794,149.84450290690546,-2.1486890204275255,-1.647874399456276,144.76,7259700.0,148.37,4904800.0,151.34,5550800.0,15.364806866952918,-2.3117880973242633,-4.228888595216073,0.0012434374136502946,0.004963112716871499
JNJ,2023-10-04,145.15,145.49,144.22,145.11,145.11,4955200,Healthcare,145.302,147.159,149.324,153.6482,147.29799636548134,149.49379898787544,-2.1958026223940976,-1.7574600440438404,144.94,5740800.0,146.59,10211600.0,152.0,3837400.0,16.91113028472843,-1.0096186643017924,-4.532894736842097,0.0011728991306749759,0.004417289125201813
JNJ,2023-10-05,145.81,147.46,145.62,146.62,146.62,5993300,Healthcare,145.35,146.73700000000002,149.189,153.3808,147.19368923233037,149.28092498877356,-2.0872357564431923,-1.8234151865237107,145.11,4955200.0,146.38,7861900.0,150.84,4526700.0,31.660583941605978,0.1639568247028267,-2.7976664014850217,0.010405898973192773,0.006322437576970672
JNJ,2023-10-06,146.56,147.7,146.11,147.09,147.09,5802200,Healthcare,145.704,146.471,149.053,153.1048,147.1777370427411,149.1186342488644,-1.94089720612331,-1.8469115904436306,146.62,5993300.0,145.32,7680700.0,149.75,4976700.0,28.53053435114508,1.2180016515276781,-1.7762938230383996,0.0032055654071749817,0.0063742222735747745
JNJ,2023-10-09,146.66,148.24,146.57,147.93,147.93,4414100,Healthcare,146.33800000000002,146.31099999999998,148.86100000000002,152.8308,147.2934698053963,149.03058726746704,-1.737117462070728,-1.82495276476905,147.09,5802200.0,144.76,7259700.0,149.53,6722500.0,34.59801264679318,2.189831445150614,-1.070019394101518,0.005710789312665776,0.0068021791771957826
JNJ,2023-10-10,147.78,148.61,147.33,147.76,147.76,5273500,Healthcare,146.902,146.25,148.6175,152.6822,147.36524368148918,148.9364696920991,-1.5712260106099336,-1.7742074139372268,147.93,4414100.0,144.94,5740800.0,148.37,4904800.0,29.962192816635195,1.9456326755898923,-0.4111343263463074,-0.001149192185493253,0.006386919739194235
JNJ,2023-10-11,147.85,148.4,145.59,145.72,145.72,6922900,Healthcare,147.024,146.163,148.253,152.4676,147.11212926895237,148.69821267786955,-1.586083408917176,-1.7365826129332167,147.76,5273500.0,145.11,4955200.0,146.59,10211600.0,27.66143106457247,0.42037075322167716,-0.5934920526638909,-0.013806172171088149,0.006766462137921023
JNJ,2023-10-12,145.48,146.08,144.69,145.86,145.86,5792400,Healthcare,146.872,146.111,147.90699999999998,152.237,146.91949399680587,148.48797470173108,-1.5684807049252072,-1.7029622313316148,145.72,6922900.0,146.62,5993300.0,146.38,7861900.0,31.49381541389168,-0.5183467466921221,-0.3552397868561208,0.0009607466373868778,0.006775057828993318
JNJ,2023-10-13,146.24,146.82,145.6,146.35,146.35,5359800,Healthcare,146.724,146.214,147.6925,152.0026,146.83187953575882,148.32960620530653,-1.497726669547717,-1.6619151189748353,145.86,5792400.0,147.09,5802200.0,145.32,7680700.0,35.25046382189241,-0.5030933442110364,0.7087806220754223,0.0033593857123268567,0.006392937723273471
JNJ,2023-10-16,147.25,147.66,146.34,146.98,146.98,6408100,Healthcare,146.53400000000002,146.436,147.462,151.8104,146.85466729948823,148.22963537528383,-1.374968075795607,-1.6045257103389898,146.35,5359800.0,147.93,4414100.0,144.76,7259700.0,43.219512195121894,-0.6421956330697087,1.5335728101685486,0.004304748889648158,0.006262966569257829
JNJ,2023-10-17,145.54,148.31,144.26,145.64,145.64,12244400,Healthcare,146.11,146.506,147.177,151.5162,146.66779540725926,148.03781053267022,-1.3700151254109585,-1.5576235933533835,146.98,6408100.0,147.76,5273500.0,144.94,5740800.0,45.15800203873591,-1.4347590687601497,0.48295846557195876,-0.009116886651245104,0.007116391118506661
JNJ,2023-10-18,145.01,145.51,141.87,142.5,142.5,9097300,Healthcare,145.466,146.245,146.702,151.1578,146.02659611383476,147.62760234506501,-1.601006231230258,-1.5663001209287586,145.64,12244400.0,145.72,6922900.0,145.11,4955200.0,34.77237048665623,-2.2097172659895636,-1.798635517882996,-0.021560010985992806,0.009947178403775538
JNJ,2023-10-19,141.52,142.86,140.1,142.12,142.12,7733800,Healthcare,144.71800000000002,145.79500000000002,146.26600000000002,150.7938,145.42558132709095,147.21963180098612,-1.7940504738951688,-1.6118501915220407,142.5,9097300.0,145.86,5792400.0,146.62,5993300.0,36.733001658374846,-2.564102564102566,-3.0691583685718227,-0.002666666666666595,0.008981576249479175
JNJ,2023-10-20,142.51,143.57,142.13,142.76,142.76,7207000,Healthcare,144.0,145.36200000000002,145.91649999999998,150.4592,145.01549189215388,146.88928870461677,-1.8737968124628992,-1.6642395157102123,142.12,7733800.0,146.35,5359800.0,147.09,5802200.0,41.76276771004941,-2.4530235736248795,-2.943775919505076,0.0045032367013790875,0.009091120077892539
JNJ,2023-10-23,142.63,143.22,141.09,141.25,141.25,5874000,Healthcare,142.85399999999998,144.69400000000002,145.5025,150.0634,144.43618544720712,146.4715636153859,-2.0353781681787666,-1.7384672462039232,142.76,7207000.0,146.98,6408100.0,147.93,4414100.0,36.30289532293984,-3.898489590420462,-4.515649293584811,-0.010577192490893728,0.008822958506118531
JNJ,2023-10-24,140.66,141.79,140.08,141.11,141.11,6155300,Healthcare,141.948,144.029,145.1395,149.6724,143.92446460917526,146.07441075498693,-2.1499461458116684,-1.8207630261254724,141.25,5874000.0,145.64,12244400.0,147.76,5273500.0,35.11904761904755,-3.110409228233979,-4.500541418516502,-0.0009911504424777728,0.008829915243337736
JNJ,2023-10-25,141.11,141.98,140.17,141.42,141.42,5880800,Healthcare,141.732,143.599,144.881,149.2968,143.53916236160984,145.72963958795086,-2.1904772263410166,-1.8947058661685814,141.11,6155300.0,142.5,9097300.0,145.72,6922900.0,28.75816993464032,-0.757894736842113,-2.950864671973652,0.0021968676918713292,0.008407855666224016
JNJ,2023-10-26,141.8,141.8,138.91,139.02,139.02,7612500,Healthcare,141.112,142.91500000000002,144.513,148.8834,142.84390661366987,145.23262924810265,-2.3887226344327814,-1.9935092198214215,141.42,5880800.0,142.12,7733800.0,145.86,5792400.0,21.524347212420423,-2.1812552772305094,-4.689428218839986,-0.01697072549851486,0.009339579104345241
JNJ,2023-10-27,138.55,138.71,135.25,135.85,135.85,11385800,Healthcare,139.73,141.86499999999998,144.0395,148.3766,141.76792098079758,144.53761967416912,-2.769698693371538,-2.148747114531445,139.02,7612500.0,142.76,7207000.0,146.35,5359800.0,13.393939393939164,-4.840291398150742,-7.174581482746845,-0.022802474464105993,0.010417073605810834
JNJ,2023-10-30,136.31,137.38,136.23,137.19,137.19,8205300,Healthcare,138.91799999999998,140.886,143.661,147.9248,141.06362544529026,143.9933515501566,-2.929726104866347,-2.3049429125984258,135.85,11385800.0,141.25,5874000.0,146.98,6408100.0,20.09054895302758,-2.874336283185841,-6.660770172812624,0.009863820390136224,0.011226116992733482
JNJ,2023-10-31,137.66,138.6,136.82,138.41,138.41,7576900,Healthcare,138.378,140.163,143.3345,147.5926,140.65537537678406,143.5797699538487,-2.9243945770646462,-2.4288332454916697,137.19,8205300.0,141.11,6155300.0,145.64,12244400.0,28.308605341246164,-1.913400892920425,-4.964295523207907,0.008892776441431494,0.012216238226796215
JNJ,2023-11-01,139.2,139.73,138.52,138.74,138.74,5733000,Healthcare,137.842,139.787,143.01600000000002,147.2916,140.36070224189422,143.22126847578585,-2.860566233891632,-2.515179843171662,138.41,7576900.0,141.42,5880800.0,142.5,9097300.0,29.10798122065715,-1.8950643473341633,-2.6385964912280624,0.0023842207932953663,0.010886395515861829
JNJ,2023-11-02,137.82,140.33,137.66,140.18,140.18,5349100,Healthcare,138.074,139.593,142.69400000000002,147.047,140.3329018969874,142.99598932943135,-2.6630874324439446,-2.5447613610261186,138.74,5733000.0,139.02,7612500.0,142.12,7733800.0,32.851584213451886,0.8344123147748572,-1.3650436251055442,0.010379126423526008,0.011635639466869524
JNJ,2023-11-03,141.09,142.08,140.1,141.21,141.21,4926800,Healthcare,139.14600000000002,139.438,142.4,146.8126,140.46784006668165,142.86369382354755,-2.395853756865904,-2.514979840194076,140.18,5349100.0,135.85,11385800.0,142.76,7207000.0,34.312126155519294,3.9455281560544897,-1.0857383020453804,0.007347695819660549,0.011826796605064234
JNJ,2023-11-06,141.62,142.22,141.24,141.54,141.54,4851400,Healthcare,140.016,139.46699999999998,142.08049999999997,146.541,140.63278774873064,142.7656424292107,-2.132854680480051,-2.438554808251271,141.21,4926800.0,137.19,8205300.0,141.25,5874000.0,38.204833141541954,3.1707850426415884,0.2053097345132704,0.0023369449755681337,0.01136421619251861
JNJ,2023-11-07,141.76,142.06,140.59,140.8,140.8,4840400,Healthcare,140.494,139.436,141.73250000000002,146.2912,140.65851271046438,142.6200392863062,-1.9615265758418161,-2.34314916176938,141.54,4851400.0,138.41,7576900.0,141.11,6155300.0,44.32576769025367,1.726753847265372,-0.21968676918715513,-0.0052282040412602315,0.011494442481403473
JNJ,2023-11-08,141.22,141.67,140.27,140.28,140.28,5460000,Healthcare,140.802,139.322,141.4605,146.03060000000002,140.60027998577755,142.44670304287612,-1.8464230570985762,-2.2438039408352193,140.8,4840400.0,138.74,5733000.0,141.42,5880800.0,43.91534391534386,1.1099899091826293,-0.8061094611794606,-0.003693181818181901,0.011511150193112796
JNJ,2023-11-09,140.42,140.42,137.4,137.55,137.55,6973600,Healthcare,140.276,139.175,141.04500000000002,145.72619999999998,140.13100614181178,142.0839842989594,-1.9529781571476121,-2.185638784097698,140.28,5460000.0,140.18,5349100.0,139.02,7612500.0,34.863451481696686,-1.876159223855045,-1.0574018126888185,-0.01946107784431128,0.011920740571933387
JNJ,2023-11-10,138.32,138.56,135.89,137.39,137.39,6930700,Healthcare,139.512,139.329,140.597,145.45680000000002,139.70931288922534,141.73628175829572,-2.026968869070373,-2.153904801092233,137.55,6973600.0,141.21,4926800.0,135.85,11385800.0,37.83102143757874,-2.705190850506356,1.1336032388663986,-0.0011632133769540198,0.00916942054360539
JNJ,2023-11-13,137.39,138.0,136.83,137.75,137.75,5889300,Healthcare,138.754,139.385,140.1355,145.21699999999998,139.40788013703684,141.4410016280516,-2.0331214910147537,-2.129748139076737,137.39,6930700.0,141.54,4851400.0,137.19,8205300.0,39.55223880597009,-2.677688285996882,0.4081930169837378,0.0026202780406143766,0.008678958143564635
JNJ,2023-11-14,137.76,138.6,137.13,137.77,137.77,6713600,Healthcare,138.148,139.321,139.742,144.97400000000002,139.1558985774927,141.16907558152926,-2.0131770040365495,-2.1064339120686997,137.75,5889300.0,140.8,4840400.0,138.41,7576900.0,38.44205193160237,-2.151988636363633,-0.4623943356693805,0.00014519056261352858,0.008157690096121172
JNJ,2023-11-15,137.49,139.42,137.41,138.84,138.84,6729100,Healthcare,137.85999999999999,139.331,139.559,144.8022,139.10729879634,140.99655146437894,-1.8892526680389494,-2.06299766326275,137.77,6713600.0,140.28,5460000.0,138.74,5733000.0,49.377593360995824,-1.0265183917878562,0.07207726683002846,0.007766567467518248,0.008533156037781755
JNJ,2023-11-16,139.49,140.12,138.69,140.05,140.05,6875600,Healthcare,138.36,139.318,139.4555,144.6168,139.25232975074923,140.92643654109162,-1.6741067903423925,-1.9852194886786785,138.84,6729100.0,137.55,6973600.0,140.18,5349100.0,66.80000000000004,1.817520901490366,-0.09273790840347296,0.008715067703831902,0.008324204951329617
JNJ,2023-11-17,140.47,140.69,139.09,139.76,139.76,7023300,Healthcare,138.834,139.173,139.3055,144.4158,139.33043286601858,140.8400338343441,-1.5096009683255147,-1.890095784608046,140.05,6875600.0,137.39,6930700.0,141.21,4926800.0,61.222707423580715,1.7250163767377646,-1.0268394589618368,-0.0020706890396288147,0.007915551247859554
JNJ,2023-11-20,139.11,141.45,138.76,140.99,140.99,8851700,Healthcare,139.48200000000003,139.118,139.29250000000002,144.2002,139.5857508866311,140.8511424392075,-1.2653915525764035,-1.7651549382017175,139.76,7023300.0,137.75,5889300.0,141.54,4851400.0,61.25654450261779,2.3520871143375643,-0.388582732796372,0.008800801373783695,0.008463567049616254
JNJ,2023-11-21,141.17,142.29,140.71,142.13,142.13,5916300,Healthcare,140.35399999999998,139.251,139.3435,143.99020000000002,139.9771738271494,140.94587262889584,-0.9686988017464557,-1.6058637109106653,140.99,8851700.0,137.77,6713600.0,140.8,4840400.0,63.81418092909526,3.164694781156996,0.9446022727272574,0.008085679835449167,0.008657096449003409
JNJ,2023-11-22,142.61,143.0,141.45,141.85,141.85,4633500,Healthcare,140.95600000000002,139.408,139.365,143.767,140.26530093066486,141.01284502675543,-0.7475440960905644,-1.4341997879466453,142.13,5916300.0,138.84,6729100.0,140.28,5460000.0,57.51575157515743,2.167963123019301,1.1191901910464708,-0.0019700274396678985,0.0085705813804228
JNJ,2023-11-24,141.89,143.6,141.89,143.43,143.43,3351400,Healthcare,141.632,139.996,139.5855,143.58,140.75217771056256,141.19189354329205,-0.43971583272949033,-1.2353029969032143,141.85,4633500.0,140.05,6875600.0,137.55,6973600.0,59.51972555746136,2.413423777222423,4.274809160305337,0.01113852661261916,0.0051919451077975
JNJ,2023-11-27,143.23,143.26,141.99,142.28,142.28,6449700,Healthcare,142.13600000000002,140.485,139.907,143.4128,140.98722729355293,141.27249402156673,-0.28526672801379505,-1.0452957431253305,143.43,3351400.0,139.76,7023300.0,137.39,6930700.0,52.964743589743605,1.8030910131654254,3.559211005167784,-0.008017848427804508,0.006311482292181498
JNJ,2023-11-28,142.4,142.78,141.87,142.61,142.61,5909000,Healthcare,142.45999999999998,140.971,140.178,143.2332,141.23688463300633,141.3715685384877,-0.13468390548138132,-0.8631733755965407,142.28,6449700.0,140.99,8851700.0,137.75,5889300.0,57.49792874896431,1.149017660827023,3.5281306715063687,0.0023193702558337304,0.006316970541595102
JNJ,2023-11-29,142.33,143.15,142.08,143.06,143.06,5190000,Healthcare,142.64600000000002,141.5,140.4105,143.0676,141.51736392023614,141.49663753563678,0.020726384599356606,-0.6863934235573613,142.61,5909000.0,142.13,5916300.0,137.77,6713600.0,61.58333333333325,0.6543305424611345,3.839732888146896,0.0031554589439730663,0.0062106310118165056
JNJ,2023-11-30,143.2,145.91,142.88,145.46,145.46,12481900,Healthcare,143.368,142.162,140.7465,142.9368,142.1239233171229,141.79021994040443,0.33370337671846073,-0.48237406350219697,143.06,5190000.0,141.85,4633500.0,138.84,6729100.0,83.89031705227046,2.544941839971804,4.768078363583994,0.016776177827485084,0.007392312664742748
JNJ,2023-12-01,147.14,149.04,146.22,148.96,148.96,10342900,Healthcare,144.47400000000002,143.05300000000003,141.1855,142.8992,143.1756274221809,142.32131475963374,0.8543126625471587,-0.21503671829232585,145.46,12481900.0,143.43,3351400.0,140.05,6875600.0,88.54097268487662,3.855539287457299,6.362013566583369,0.024061597690086645,0.009587160400930815
JNJ,2023-12-04,148.6,150.5,148.6,149.43,149.43,8920300,Healthcare,145.90400000000002,144.02,141.59650000000002,142.8928,144.13783858799923,142.8478840366979,1.2899545513013209,0.08596153562640346,148.96,10342900.0,142.28,6449700.0,139.76,7023300.0,88.62433862433849,5.025302220972727,6.919004006868934,0.0031552094522018237,0.009219945750886666
JNJ,2023-12-05,149.35,150.14,148.81,149.12,149.12,7268200,Healthcare,147.20600000000002,144.83300000000003,141.9755,142.88459999999998,144.90432495907626,143.31248521916473,1.591839739911535,0.38713717648342977,149.43,8920300.0,142.61,5909000.0,140.99,8851700.0,86.82673588578831,4.564897272281043,5.766366408965173,-0.002074549956501359,0.009585387745099637
JNJ,2023-12-06,149.09,149.22,146.88,147.3,147.3,6642900,Healthcare,148.054,145.35,142.3005,142.8632,145.27289034998762,143.6078566844118,1.6650336655758338,0.6427164743019106,149.12,7268200.0,143.06,5190000.0,142.13,5916300.0,76.17574257425736,2.96379141618901,3.6375149511011173,-0.012204935622317503,0.011051083998568278
JNJ,2023-12-07,147.27,147.27,145.51,146.16,146.16,6532400,Healthcare,148.19400000000002,145.781,142.5945,142.8546,145.40936875768182,143.7969043374183,1.6124644202635068,0.8366660634942299,147.3,6642900.0,145.46,12481900.0,141.85,4633500.0,68.98694841516458,0.48123195380171957,3.038420867113145,-0.007739307535641671,0.011516922243495311
JNJ,2023-12-08,146.18,146.58,144.69,145.24,145.24,6254700,Healthcare,147.45,145.96200000000002,142.97899999999998,142.83180000000002,145.38331202573076,143.90380031242435,1.4795117133064082,0.9652351934566656,146.16,6532400.0,148.96,10342900.0,143.43,3351400.0,66.38755980861247,-2.497314715359822,1.2619396221153156,-0.006294471811713054,0.011477042022533596
JNJ,2023-12-11,145.31,146.23,145.17,145.84,145.84,6090400,Healthcare,146.73200000000003,146.318,143.4015,142.84220000000002,145.45357171407989,144.04722251150403,1.4063492025758535,1.0534579952805032,145.24,6254700.0,149.43,8920300.0,142.28,6449700.0,65.07147296457426,-2.402462691561269,2.502108518414392,0.004131093362709892,0.01101314063529279
JNJ,2023-12-12,145.78,146.08,144.51,145.85,145.85,5324400,Healthcare,146.078,146.642,143.8065,142.864,145.51456068114453,144.18076158472593,1.333799096418602,1.1095262155081231,145.84,6090400.0,149.12,7268200.0,142.61,5909000.0,62.433155080213886,-2.1928648068669565,2.2719304396606077,6.856829402068776e-05,0.011040856483239948
JNJ,2023-12-13,144.52,146.67,142.74,146.52,146.52,10764600,Healthcare,145.92199999999997,146.988,144.244,142.8956,145.66924365327614,144.35403850437586,1.3152051489002758,1.1506620021865537,145.85,5324400.0,147.3,6642900.0,143.06,5190000.0,65.21172638436485,-0.5295315682281032,2.4185656367957664,0.004593760713061501,0.011062535582795309
JNJ,2023-12-14,147.16,147.81,145.83,147.54,147.54,9240700,Healthcare,146.198,147.196,144.679,142.9442,145.95705232200288,144.59003565219987,1.3670166698030073,1.1939329357098445,146.52,10764600.0,146.16,6532400.0,145.46,12481900.0,63.894523326571964,0.9441707717569692,1.42994637701086,0.006961506961506769,0.010037961665094713
JNJ,2023-12-15,146.24,147.37,144.61,145.93,145.93,21727800,Healthcare,146.33599999999998,146.89299999999997,144.973,142.9304,145.95289042631012,144.68929227055543,1.2635981557546927,1.207865979718814,147.54,9240700.0,145.24,6254700.0,148.96,10342900.0,61.96721311475414,0.4750757367116387,-2.034103114930186,-0.010912294970855219,0.006889438075369856
JNJ,2023-12-18,145.98,147.14,145.56,146.19,146.19,7231400,Healthcare,146.406,146.56900000000002,145.29450000000003,142.9124,145.9893688222624,144.80045580606983,1.188913016192572,1.2040753870135656,145.93,21727800.0,145.84,6090400.0,149.43,8920300.0,61.791831357048736,0.23998902907296227,-2.1682393093756303,0.0017816761460973662,0.00678747862916071
JNJ,2023-12-19,146.06,147.19,145.72,147.15,147.15,6651500,Healthcare,146.666,146.372,145.6025,142.8968,146.16792746499127,144.97449611673133,1.193431348259935,1.2019465792628394,146.19,7231400.0,145.85,5324400.0,149.12,7268200.0,63.03377947737415,0.8913267055193685,-1.3210836909871237,0.006566796634516869,0.007329278599984075
JNJ,2023-12-20,147.23,147.34,144.0,144.15,144.15,7008300,Healthcare,146.19199999999998,146.057,145.70350000000002,142.8246,145.85747708576184,144.9134223303068,0.9440547554550562,1.1503682145012828,147.15,6651500.0,146.52,10764600.0,147.3,6642900.0,45.97912829957028,-1.6175266175266212,-2.138492871690434,-0.020387359836901098,0.008957315394503252
JNJ,2023-12-21,144.55,145.9,144.18,145.63,145.63,4598600,Healthcare,145.81,146.004,145.89249999999998,142.8228,145.82248061102925,144.96650215769148,0.8559784533377695,1.09149026226858,144.15,7008300.0,147.54,9240700.0,146.16,6532400.0,38.33216538192003,-1.29456418598346,-0.36261631089217206,0.010267082899757085,0.009496489651811447
JNJ,2023-12-22,146.02,147.22,145.8,146.21,146.21,3798900,Healthcare,145.866,146.101,146.0315,142.8298,145.88209897856322,145.0586131089736,0.8234858695896321,1.0378893837327905,145.63,4598600.0,145.93,21727800.0,145.24,6254700.0,38.80389429763558,0.19187281573356252,0.6678600936381063,0.00398269587310307,0.00933306723371545
JNJ,2023-12-26,145.78,147.05,145.64,146.85,146.85,4170000,Healthcare,145.998,146.202,146.26000000000002,142.8398,146.03100682801502,145.1913084342348,0.8396983937802247,0.9982511857422774,146.21,3798900.0,146.19,7231400.0,145.84,6090400.0,42.284160435078114,0.4514672686230181,0.6925397696105229,0.004377265576909872,0.00934342597741254
JNJ,2023-12-27,146.25,147.21,146.18,147.05,147.05,5288100,Healthcare,145.978,146.322,146.48200000000003,142.84120000000001,146.18777500832041,145.32898929095813,0.8587857173622808,0.9703580920662782,146.85,4170000.0,147.15,6651500.0,145.85,5324400.0,49.04507257448434,-0.06795786612300292,0.8227631127871282,0.0013619339462036528,0.009342204879780243
JNJ,2023-12-28,146.72,147.89,146.71,147.27,147.27,4377500,Healthcare,146.602,146.397,146.69250000000002,142.8738,146.35427116088653,145.47276786199828,0.8815032988882479,0.9525871334306721,147.05,5288100.0,144.15,7008300.0,146.52,10764600.0,54.5603944124898,2.164412070759636,0.5118755118755036,0.001496089765385955,0.00925557439009429
JNJ,2023-12-29,147.2,147.57,146.7,147.42,147.42,4313700,Healthcare,146.96,146.385,146.7905,142.9722,146.51822944382707,145.617007279628,0.901222164199055,0.9423141395843488,147.27,4377500.0,145.63,4598600.0,147.54,9240700.0,59.56140350877188,1.2291423470438767,-0.08133387555917526,0.0010185373803217601,0.00898496062424371
JNJ,2024-01-02,147.6,152.03,147.46,150.46,150.46,9622100,Healthcare,147.81,146.83800000000002,146.86550000000003,143.139,147.1246556832383,145.97574748113706,1.1489082021012393,0.9836329520877269,147.42,4313700.0,146.21,3798900.0,145.93,21727800.0,66.69075144508676,2.9067779221667367,3.1042280545467094,0.020621353954687338,0.010198656541662413
JNJ,2024-01-03,151.09,151.84,150.3,151.4,151.4,8232000,Healthcare,148.72,147.359,146.964,143.3118,147.7824009627401,146.3775439640158,1.4048569987242843,1.0678777614150383,150.46,9622100.0,146.85,4170000.0,146.19,7231400.0,68.7880839539608,3.0983997276132103,3.5638552568575177,0.006247507643227346,0.010231818247582163
JNJ,2024-01-04,151.98,152.35,150.88,151.08,151.08,6766600,Healthcare,149.526,147.752,147.06199999999998,143.5084,148.28972389154933,146.72587404075537,1.5638498507939573,1.1670721792908223,151.4,8232000.0,147.05,5288100.0,147.15,6651500.0,65.81137309292654,2.740564433866033,2.6707441386340625,-0.0021136063408190298,0.010315799567098261
JNJ,2024-01-05,150.95,151.74,149.99,151.55,151.55,5602500,Healthcare,150.382,148.49200000000002,147.2745,143.71720000000002,148.79130483131098,147.08321670440313,1.7080881269078532,1.2752753688142284,151.08,6766600.0,147.27,4377500.0,144.15,7008300.0,64.45565969718828,2.9062266585183627,5.133541449878609,0.003110934604183102,0.006414143117101003
JNJ,2024-01-08,151.52,152.04,150.12,151.92,151.92,6569800,Healthcare,151.28199999999998,149.121,147.5625,143.9272,149.27264254957083,147.4414969485214,1.8311456010494283,1.3864494152612685,151.55,5602500.0,147.42,4313700.0,145.63,4598600.0,73.71338083927157,3.052503052503064,4.319165007210057,0.002441438469152013,0.006178186253166125
JNJ,2024-01-09,152.02,153.57,151.05,152.02,152.02,6357000,Healthcare,151.594,149.702,147.9015,144.18720000000002,149.69531292655995,147.780645322705,1.9146676038549515,1.4920930529800052,151.92,6569800.0,150.46,9622100.0,146.21,3798900.0,73.3761026463513,1.0368204173866857,3.9737364065385528,0.000658241179568364,0.006282986762778235
JNJ,2024-01-10,152.2,152.95,151.61,152.24,152.24,4945100,Healthcare,151.762,150.241,148.22150000000002,144.515,150.08680324555073,148.11096789139353,1.9758353541571978,1.5888415132154439,152.02,6357000.0,151.4,8232000.0,146.85,4170000.0,71.69650468883208,0.5548216644649884,3.67041198501874,0.0014471780028944004,0.006327559313207096
JNJ,2024-01-11,152.43,152.55,151.22,151.57,151.57,4946000,Healthcare,151.86,150.693,148.5075,144.8026,150.31498736161984,148.36719249203105,1.9477948695887903,1.6606321844901133,152.24,4945100.0,151.08,6766600.0,147.05,5288100.0,89.46808510638289,0.32433148001058676,3.0737844270656067,-0.004400945874934448,0.006801641750550648
JNJ,2024-01-12,152.21,152.81,152.07,152.73,152.73,4496900,Healthcare,152.096,151.23899999999998,148.818,145.089,150.68652776752447,148.69036341854726,1.996164348977203,1.7277386173875313,151.57,4946000.0,151.55,5602500.0,147.27,4377500.0,89.09691629955938,0.7786209171890324,3.70747606437154,0.007653229530909744,0.006922684996460111
JNJ,2024-01-16,151.96,152.6,150.65,150.97,150.97,6923200,Healthcare,151.906,151.594,148.9895,145.33360000000002,150.73013888021302,148.85922538754377,1.8709134926692457,1.7563735924438744,152.73,4496900.0,151.92,6569800.0,147.42,4313700.0,73.19688109161791,-0.6253291205897793,2.408085741419086,-0.01152360374517114,0.00842849962788918
JNJ,2024-01-17,150.72,151.71,150.36,150.89,150.89,5072100,Healthcare,151.68,151.637,149.2375,145.5478,150.75473289864178,149.0096531366146,1.7450797620271885,1.7541148263605373,150.97,6923200.0,152.02,6357000.0,150.46,9622100.0,70.82474226804116,-0.7433232469412077,0.2857902432540138,-0.0005299066039611278,0.005495301295685762
JNJ,2024-01-18,150.48,151.77,150.19,151.62,151.62,5368500,Healthcare,151.55599999999998,151.659,149.509,145.75599999999997,150.88785091423534,149.20301216353204,1.6848387507033067,1.7402596112290913,150.89,5072100.0,152.24,4945100.0,151.4,8232000.0,72.3362658846529,-0.40725170782974773,0.14531043593131177,0.004837961428855619,0.005341700771653195
JNJ,2024-01-19,151.57,152.29,150.75,152.06,152.06,7071300,Healthcare,151.654,151.757,149.7545,145.9664,151.06818154281453,149.4146408921593,1.6535406506552306,1.7229158191143192,151.62,5368500.0,151.57,4946000.0,151.08,6766600.0,72.91866028708127,0.3232829715642982,0.6486629600211735,0.002901991821659289,0.005340169097812582
JNJ,2024-01-22,152.36,153.85,151.74,152.81,152.81,6824200,Healthcare,151.67,151.88299999999998,150.1875,146.2066,151.33615361315077,149.66614897422158,1.6700046389291856,1.7123335830772926,152.06,7071300.0,152.73,4496900.0,151.55,5602500.0,74.38914027149319,0.05238001702352335,0.8314087759815125,0.00493226358016563,0.005462715581883125
JNJ,2024-01-23,150.16,150.96,147.58,150.3,150.3,9149800,Healthcare,151.536,151.721,150.421,146.40699999999998,151.17674536497373,149.71310090205702,1.4636444629167045,1.662595759045175,152.81,6824200.0,150.97,6923200.0,151.92,6569800.0,49.23954372623576,-0.4437967808173737,-1.0663507109004544,-0.016425626595118037,0.007663617821124772
JNJ,2024-01-24,150.25,151.05,148.75,149.51,149.51,7247900,Healthcare,151.26,151.47,150.58599999999998,146.6462,150.9203230011316,149.69805639079354,1.2222666103380675,1.5745299293037536,150.3,9149800.0,150.89,5072100.0,152.02,6357000.0,40.887174541947886,-0.9145735303863756,-1.6510985396658406,-0.005256154357950904,0.007745357404396326
JNJ,2024-01-25,149.54,150.13,149.04,150.07,150.07,5478900,Healthcare,150.95,151.253,150.747,146.8998,150.7895040778806,149.7256077692533,1.0638963086273066,1.4724032051684643,149.51,7247900.0,151.62,5368500.0,152.24,4945100.0,45.2403393025447,-1.0222925735391186,-1.4253809774041115,0.003745568858270376,0.007879958751682868
JNJ,2024-01-26,150.89,151.18,149.88,150.01,150.01,5591900,Healthcare,150.54000000000002,151.097,150.89499999999998,147.145,150.66958037359126,149.7466738604197,0.9229065131715686,1.3625038667690852,150.07,5478900.0,152.06,7071300.0,151.57,4946000.0,42.45098039215679,-1.34815204524531,-1.0292274196740836,-0.0003998134204038495,0.007812310318763014
JNJ,2024-01-29,149.55,150.55,149.51,149.88,149.88,6483200,Healthcare,149.954,150.81199999999998,151.0255,147.3872,150.54810646996182,149.756549870759,0.7915565992028348,1.2483144132558353,150.01,5591900.0,152.81,6824200.0,152.73,4496900.0,39.759036144578424,-1.917413781820565,-1.8660381064623865,-0.0008666088927404836,0.0072038660408039025
JNJ,2024-01-30,149.87,150.26,148.72,149.33,149.33,7200500,Healthcare,149.76,150.648,151.12099999999998,147.597,150.36070547458309,149.7249535840361,0.6357518905469988,1.125801908714068,149.88,6483200.0,150.3,9149800.0,150.97,6923200.0,37.07973102785787,-0.6453759148369875,-1.086308538120151,-0.003669602348545409,0.006418348843651961
JNJ,2024-01-31,150.86,151.07,149.23,149.45,149.45,8256800,Healthcare,149.748,150.50400000000002,151.0705,147.785,150.22059694003184,149.70458665188528,0.5160102881465605,1.0038435846005664,149.33,7200500.0,149.51,7247900.0,150.89,5072100.0,36.4694471387002,-0.040131094910045295,-0.9543375969249146,0.0008035893658338011,0.006444684402029132
JNJ,2024-02-01,148.75,149.06,147.71,148.94,148.94,8012000,Healthcare,149.522,150.236,150.94750000000002,147.9686,150.0235820261808,149.64795060359748,0.37563142258332505,0.8782011521971183,149.45,8256800.0,150.07,5478900.0,151.62,5368500.0,37.04433497536945,-0.752981941760511,-1.7675768368289213,-0.0034125125460019445,0.006143948705171796
JNJ,2024-02-02,148.57,148.89,146.67,147.3,147.3,8295900,Healthcare,148.98,149.76000000000002,150.75849999999997,148.09480000000002,149.60456940676838,149.47402833666433,0.13054107010404437,0.7286691357785036,148.94,8012000.0,150.01,5591900.0,152.06,7071300.0,24.459078080903126,-1.8065462302513047,-3.1303432855451785,-0.011011145427688884,0.006532775644114366
JNJ,2024-02-05,147.3,147.56,146.1,146.53,146.53,9121600,Healthcare,148.31,149.132,150.5075,148.18280000000001,149.131558728804,149.2559521635781,-0.1243934347740776,0.5580566216679873,147.3,8295900.0,149.88,6483200.0,152.81,6824200.0,26.97095435684645,-2.2351214304777156,-4.109678685949869,-0.005227427019687814,0.005893906500138004
JNJ,2024-02-06,146.56,149.29,146.35,148.66,148.66,9229900,Healthcare,148.176,148.968,150.34449999999998,148.319,149.05901123206493,149.2118075588686,-0.15279632680366717,0.4158860319736564,146.53,9121600.0,149.33,7200500.0,150.3,9149800.0,40.461933276304556,-0.44867072925736107,-1.0911510312707984,0.014536272435678566,0.006803803845785048
JNJ,2024-02-07,148.41,149.89,148.31,148.58,148.58,8690300,Healthcare,148.002,148.875,150.17249999999999,148.422,148.98531719636264,149.1650069989524,-0.1796898025897633,0.2967708650609725,148.66,9229900.0,149.45,8256800.0,149.51,7247900.0,36.231884057970966,-0.5821344931415062,-0.6220319711055966,-0.0005381407237992075,0.006643403690654159
JNJ,2024-02-08,147.98,147.98,146.07,147.1,147.1,9755000,Healthcare,147.63400000000001,148.578,149.9155,148.5184,148.69526839692224,149.01204351754853,-0.3167751206262892,0.17406166792352018,148.58,8690300.0,148.94,8012000.0,150.07,5478900.0,29.470198675496576,-1.2353968040821783,-1.9790764309988718,-0.00996096379055067,0.007047938437568083
JNJ,2024-02-09,146.98,147.85,146.41,147.44,147.44,6529200,Healthcare,147.66199999999998,148.321,149.709,148.615,148.50215018201112,148.89559584958198,-0.39344566757085886,0.06056020082464436,147.1,9755000.0,147.3,8295900.0,150.01,5591900.0,26.992287917737684,0.09504412763068348,-1.7132191187254175,0.0023113528212099776,0.007166399325391424
JNJ,2024-02-12,147.27,148.99,147.05,148.46,148.46,6701500,Healthcare,148.048,148.179,149.4955,148.72299999999998,148.4956655386248,148.8633294903537,-0.36766395172890043,-0.02508462968606459,147.44,6529200.0,146.53,9121600.0,149.88,6483200.0,40.96267190569741,1.3171364225755822,-0.9474246063517433,0.006918068366793317,0.007672365546989834
JNJ,2024-02-13,148.26,149.03,146.49,147.16,147.16,8621000,Healthcare,147.748,147.962,149.305,148.75699999999998,148.29017853268252,148.73715693551267,-0.44697840283015466,-0.10946338431488262,148.46,6701500.0,148.66,9229900.0,149.33,7200500.0,39.008419083255376,-1.0090138571236418,-1.4531574365499345,-0.008756567425569295,0.008034641006862133
JNJ,2024-02-14,147.05,147.15,145.63,146.48,146.48,9098800,Healthcare,147.328,147.665,149.0845,148.7074,148.01168952765443,148.5699601254747,-0.5582705978202682,-0.19922482701595973,147.16,8621000.0,148.58,8690300.0,149.45,8256800.0,33.39500462534686,-1.413379997307862,-1.9872867179658749,-0.004620820875237852,0.00804990299410022
JNJ,2024-02-15,146.7,149.05,146.62,148.53,148.53,7462500,Healthcare,147.61399999999998,147.624,148.93,148.6894,148.09142960032295,148.56700011618028,-0.4755705158573278,-0.25449396478423336,146.48,9098800.0,147.1,9755000.0,148.94,8012000.0,44.218750000000036,0.9721278042148285,-0.2752786356922221,0.0139950846531951,0.009462936685568857
JNJ,2024-02-16,148.4,149.03,147.52,148.36,148.36,8541000,Healthcare,147.798,147.73,148.745,148.6742,148.1327481233502,148.551666774241,-0.41891865089078806,-0.28737890200554433,148.53,7462500.0,147.44,6529200.0,147.3,8295900.0,44.080996884735264,0.623982637004894,0.7196198234894702,-0.0011445499225745115,0.008698020184203143
JNJ,2024-02-20,148.37,150.31,148.25,149.6,149.6,9501700,Healthcare,148.026,148.03699999999998,148.5845,148.7202,148.35847918129633,148.6293210872602,-0.27084190596386293,-0.28407150279720805,148.36,8541000.0,148.46,6701500.0,146.53,9121600.0,50.99778270509971,0.7678836050114324,2.0951341022316106,0.008358047991372297,0.008721383682537364
JNJ,2024-02-21,149.75,150.38,148.91,150.38,150.38,7472500,Healthcare,148.67000000000002,148.209,148.5885,148.80460000000002,148.66948238417382,148.7590010067224,-0.08951862254858156,-0.24516092674748277,149.6,9501700.0,147.16,8621000.0,148.66,9229900.0,53.27695560253703,2.188094590921441,1.1570025561684405,0.005213903743315429,0.007681796545452591
JNJ,2024-02-22,150.66,152.33,149.51,152.05,152.05,8065000,Healthcare,149.78400000000002,148.55599999999998,148.71550000000002,148.9408,149.18956201737785,149.00277870992815,0.1867833074497014,-0.15877207990804593,150.38,7472500.0,146.48,9098800.0,148.58,8690300.0,60.130293159609145,3.802566903331517,2.3354421860277252,0.011105200159595707,0.008253942399067533
JNJ,2024-02-23,152.46,153.76,151.78,153.37,153.37,6726000,Healthcare,150.752,149.183,148.8805,149.09140000000002,149.83270632239663,149.3262765832668,0.5064297391298282,-0.025731716100471078,152.05,8065000.0,148.53,7462500.0,147.1,9755000.0,70.19294743845636,3.2586009560358287,4.2624065261726685,0.008681354817494213,0.007205118724854846
JNJ,2024-02-26,153.33,153.53,152.17,152.37,152.37,5465400,Healthcare,151.554,149.676,148.9985,149.2218,150.22305919587407,149.5517375770989,0.6713216187751812,0.11367895087465939,153.37,6726000.0,148.36,8541000.0,147.44,6529200.0,69.13499344692003,2.7028848746292633,3.343733043950081,-0.006520179956966854,0.007964415104175922
JNJ,2024-02-27,151.95,152.61,151.28,152.55,152.55,5078600,Healthcare,152.144,150.08499999999998,149.132,149.3424,150.5810500888165,149.7738310899064,0.8072189989101162,0.2523869604817508,152.37,5465400.0,149.6,9501700.0,148.46,6701500.0,64.6130728775357,1.9719251336898447,2.7549508285059865,0.0011813349084466296,0.007882877698534086
JNJ,2024-02-28,152.57,153.15,151.9,153.1,153.1,6071100,Healthcare,152.68800000000002,150.67900000000003,149.3205,149.4536,150.9685808443832,150.02021397213554,0.948366872247675,0.39158294283493567,152.55,5078600.0,150.38,7472500.0,147.16,8621000.0,66.40058055152384,1.8087511637185694,4.036422941016582,0.003605375286791057,0.00676859117688638
JNJ,2024-02-29,153.52,153.7,152.52,152.93,152.93,9849100,Healthcare,152.864,151.324,149.4945,149.5936,151.27033763755503,150.2357536779033,1.0345839596517408,0.5201831461982968,153.1,6071100.0,152.05,8065000.0,146.48,9098800.0,73.3761026463513,0.5787569878329402,4.4033315128345185,-0.0011103853690397347,0.00635077936229729
JNJ,2024-03-01,153.36,154.06,152.66,153.64,153.64,5670100,Healthcare,152.918,151.835,149.72949999999997,149.7426,151.63490107793118,150.48792007213268,1.1469810057984944,0.6455427181183363,152.93,9849100.0,153.37,6726000.0,148.53,7462500.0,74.14330218068537,0.17604485883808696,3.44038241432707,0.004642646962662589,0.0053856867348669206
JNJ,2024-03-04,152.88,153.15,149.99,151.47,151.47,8532900,Healthcare,152.738,152.14600000000002,149.93800000000002,149.829,151.6095316813264,150.56066673345617,1.0488649478702143,0.726207164068712,153.64,5670100.0,152.37,5465400.0,148.36,8541000.0,60.75768406004289,-0.5906674542232815,2.0962523591264492,-0.01412392606092161,0.007678775353607948
JNJ,2024-03-05,152.21,152.8,150.87,151.6,151.6,8298200,Healthcare,152.548,152.346,150.1915,149.97799999999998,151.6080652688146,150.6376543828298,0.9704108859848191,0.7750479084519335,151.47,8532900.0,152.55,5078600.0,149.6,9501700.0,67.31669266770679,-0.6227466404457704,1.3368983957219305,0.0008582557602165863,0.0073596229633319755
JNJ,2024-03-06,151.11,152.51,150.89,151.0,151.0,5773700,Healthcare,152.128,152.408,150.3085,150.08540000000002,151.51451676592006,150.66449479891648,0.8500219670035847,0.7900427201622637,151.6,8298200.0,153.1,6071100.0,150.38,7472500.0,67.7394034536893,-1.3716525146962755,0.4122888682005721,-0.00395778364116095,0.007396462210419885
JNJ,2024-03-07,151.63,151.97,149.96,150.56,150.56,5188700,Healthcare,151.654,152.259,150.4075,150.1724,151.36766803270157,150.65675444344117,0.7109135892604002,0.7742168939818911,151.0,5773700.0,152.93,9849100.0,152.05,8065000.0,59.119496855345986,-1.549728634015568,-0.979940808944435,-0.002913907284768147,0.006412753748502436
JNJ,2024-03-08,150.56,152.0,150.14,151.17,151.17,5284000,Healthcare,151.16,152.039,150.611,150.2588,151.33725756613208,150.6947726328159,0.6424849333161831,0.7478705018487495,150.56,5188700.0,153.64,5670100.0,153.37,6726000.0,62.14347450302505,-1.607654256703983,-1.43443959053271,0.004051540913921237,0.005774214897265831
JNJ,2024-03-11,151.14,152.88,150.56,152.79,152.79,4620800,Healthcare,151.424,152.081,150.8785,150.3736,151.56075640211174,150.8499746600147,0.7107817420970264,0.7404527498984049,151.17,5284000.0,151.47,8532900.0,152.37,5465400.0,63.3472803347281,0.8714596949890963,0.27564481197084323,0.010716411986505303,0.006599197629095142
JNJ,2024-03-12,153.12,154.57,152.7,154.22,154.22,8018700,Healthcare,151.948,152.248,151.16649999999998,150.5126,151.96987080178684,151.09960616668027,0.8702646351065653,0.766415126940037,152.79,4620800.0,151.6,8298200.0,152.55,5078600.0,65.23809523809533,1.728232189973622,1.0947230416256781,0.009359251259899226,0.0072005603784350185
JNJ,2024-03-13,154.02,154.17,151.45,152.67,152.67,6260000,Healthcare,152.28199999999998,152.20499999999998,151.44199999999998,150.6176,152.0775829861273,151.21593163581508,0.8616513503122292,0.7854623716144755,154.22,8018700.0,151.0,5773700.0,153.1,6071100.0,52.483974358974265,1.1059602649006628,-0.28086218158066556,-0.01005057709765278,0.007932988509705604
JNJ,2024-03-14,152.52,153.09,150.38,150.88,150.88,6988300,Healthcare,152.346,152.0,151.66199999999998,150.626,151.89333944980004,151.1910478109399,0.7022916388601459,0.7688282250636096,152.67,6260000.0,150.56,5188700.0,152.93,9849100.0,40.3861003861003,0.2125398512220933,-1.3404825737265536,-0.011724634833300551,0.008730477075347912
JNJ,2024-03-15,149.79,150.86,148.88,149.9,149.9,13165500,Healthcare,152.09199999999998,151.626,151.7305,150.59599999999998,151.58667184213851,151.09541463975916,0.49125720237935866,0.7133140205267595,150.88,6988300.0,151.17,5284000.0,153.64,5670100.0,40.44856921887079,-0.8401137791889779,-2.434261910960678,-0.00649522799575819,0.008595497922230817
JNJ,2024-03-18,150.27,150.38,148.31,148.56,148.56,6602300,Healthcare,151.246,151.33499999999998,151.7405,150.5456,151.12103002027106,150.90760614792512,0.21342387234594185,0.613335990890596,149.9,13165500.0,152.79,4620800.0,151.47,8532900.0,35.84102200141933,-2.7685057922638867,-1.921172509407798,-0.008939292861907977,0.007943257699932215
JNJ,2024-03-19,148.47,148.65,147.51,148.03,148.03,7840600,Healthcare,150.00799999999998,150.978,151.662,150.47519999999997,150.64548694022938,150.6944501369677,-0.0489631967383275,0.4808761533648113,148.56,6602300.0,154.22,8018700.0,151.6,8298200.0,31.98294243070356,-4.013746595772272,-2.3548812664907603,-0.003567582121701718,0.007895056070077299
JNJ,2024-03-20,147.55,148.25,147.09,147.61,147.61,5982300,Healthcare,148.996,150.639,151.52349999999998,150.389,150.17848894942486,150.46597234904416,-0.2874833996193047,0.32720424276798815,148.03,7840600.0,152.67,6260000.0,151.0,5773700.0,31.424581005586532,-3.3143381148883044,-2.2450331125827727,-0.0028372627170167863,0.007877668711816938
JNJ,2024-03-21,147.45,148.74,146.98,147.6,147.6,5915800,Healthcare,148.34,150.34300000000002,151.30100000000002,150.3006,149.78179834182103,150.25367810096682,-0.47187975914579283,0.16738744238523195,147.61,5982300.0,150.88,6988300.0,150.56,5188700.0,27.826725403817903,-2.1739130434782594,-1.965993623804474,-6.774608766357826e-05,0.00790199820522679
JNJ,2024-03-22,147.54,148.18,146.99,147.11,147.11,7248600,Healthcare,147.782,149.93699999999998,150.988,150.198,149.37075244307934,150.02081305645078,-0.6500606133714371,0.003897831233898169,147.6,5915800.0,149.9,13165500.0,151.17,5284000.0,31.7420435510888,-1.8612408272181358,-2.6857180657537727,-0.0033197831978318826,0.007618085868143908
JNJ,2024-03-25,147.27,147.82,146.79,147.1,147.1,7498100,Healthcare,147.49,149.368,150.72449999999998,150.1086,149.02140591337482,149.8044565337507,-0.7830506203758887,-0.1534918590880592,147.11,7248600.0,148.56,6602300.0,152.79,4620800.0,30.96446700507613,-0.9827679052234806,-3.72406571110675,-6.797634423238996e-05,0.006126199451072329
JNJ,2024-03-26,147.47,148.05,146.66,147.62,147.62,6864100,Healthcare,147.408,148.708,150.478,150.00639999999999,148.80580500362484,149.64264493865807,-0.8368399350332254,-0.2901614742770925,147.1,7498100.0,148.03,7840600.0,154.22,8018700.0,35.604770017035804,-0.2769708842802143,-4.279600570613407,0.003535010197144972,0.004891648401277103
JNJ,2024-03-27,147.83,149.94,147.3,149.69,149.69,8461600,Healthcare,147.824,148.41,150.3075,149.9808,148.94183500306718,149.6461527209797,-0.7043177179125166,-0.3729927230041773,147.62,6864100.0,147.61,5982300.0,152.67,6260000.0,46.746447270007465,1.4091186233994968,-1.9519224471081342,0.014022490177482583,0.0071695609600104
JNJ,2024-03-28,149.92,150.81,149.84,149.91,149.91,6181500,Healthcare,148.286,148.31300000000002,150.1565,149.96120000000002,149.09078346413378,149.6656969638701,-0.5749134997363115,-0.41337687835060416,149.69,8461600.0,147.6,5915800.0,150.88,6988300.0,45.146379044684174,1.5650406504065018,-0.6428950159066749,0.0014697040550470941,0.006335657550309614
JNJ,2024-04-01,149.47,149.87,148.57,149.52,149.52,4364700,Healthcare,148.76799999999997,148.275,149.9505,149.9192,149.15681677734398,149.654904596176,-0.49808781883203324,-0.43031906644689,149.91,6181500.0,147.11,7248600.0,149.9,13165500.0,36.0851063829788,1.6382298959962016,-0.25350233488992124,-0.002601560936561831,0.006048047611995392
JNJ,2024-04-02,148.38,149.57,147.79,149.47,149.47,6102300,Healthcare,149.24200000000002,148.366,149.85049999999998,149.8674,149.20499881159876,149.64120795942222,-0.43620914782346176,-0.4314970827222044,149.52,4364700.0,147.1,7498100.0,148.56,6602300.0,27.097396335583426,1.6111488783140837,0.6125471190091547,-0.0003344034242911409,0.005229106329356045
JNJ,2024-04-03,149.53,149.78,146.18,146.19,146.19,8098200,Healthcare,148.956,148.18200000000002,149.57999999999998,149.735,148.74115284058357,149.38556292539093,-0.6444100848073617,-0.4740796831392359,149.47,6102300.0,147.62,6864100.0,148.03,7840600.0,23.223140495867796,-0.9687034277198303,-1.2429912855502323,-0.02194420285007026,0.00884460220587302
JNJ,2024-04-04,147.18,147.36,144.43,144.52,144.52,6947400,Healthcare,147.922,147.873,149.256,149.6194,148.091744711263,149.02515085684345,-0.9334061455804488,-0.5659449756274785,146.19,8098200.0,149.69,8461600.0,147.61,5982300.0,23.455759599332268,-3.453804529360671,-2.093354108800216,-0.01142348997879461,0.00941782839906008
JNJ,2024-04-05,144.07,145.0,143.68,144.41,144.41,6783000,Healthcare,146.822,147.554,148.94850000000002,149.5174,147.52532244799175,148.6832878304106,-1.157965382418837,-0.6843490569857502,144.52,6947400.0,149.91,6181500.0,147.6,5915800.0,25.29252925292529,-3.6688679874591457,-2.161246612466128,-0.000761140326598464,0.009403964927345769
JNJ,2024-04-08,144.04,145.03,143.63,143.66,143.66,5935400,Healthcare,145.65,147.209,148.573,149.3892,146.930657455993,148.31119243556537,-1.38053497957236,-0.8235862415030721,144.41,6783000.0,149.52,4364700.0,147.11,7248600.0,26.711026615969587,-3.9192081326912875,-2.3451838760111587,-0.005193546153313466,0.00944858991939856
JNJ,2024-04-09,143.62,144.55,143.04,144.32,144.32,6135300,Healthcare,144.62,146.93099999999998,148.14950000000002,149.27540000000002,146.5290178473787,148.01554855144943,-1.4865307040707307,-0.9561751340166038,143.66,5935400.0,149.47,6102300.0,147.1,7498100.0,32.58215962441312,-3.4455074596909108,-1.8898708361658745,0.004594180704440953,0.00968467170958204
JNJ,2024-04-10,143.6,143.87,141.92,142.34,142.34,6809500,Healthcare,143.85,146.40300000000002,147.5555,149.12460000000002,145.88455356316658,147.59513754763836,-1.710583984471782,-1.1070569041076395,144.32,6135300.0,146.19,8098200.0,147.62,6864100.0,28.419328419328394,-2.633559066967639,-3.576751117734722,-0.013719512195121908,0.010142201683538323
JNJ,2024-04-11,142.91,142.97,140.62,141.0,141.0,8374400,Healthcare,143.14600000000002,145.53400000000002,146.972,148.958,145.1330837842179,147.1066088404059,-1.9735250561880093,-1.2803505345237134,142.34,6809500.0,144.52,6947400.0,149.69,8461600.0,25.627769571639604,-2.435649045114874,-5.805331017436033,-0.009414078965856443,0.008128215840164347
JNJ,2024-04-12,140.31,141.27,139.45,139.8,139.8,7100200,Healthcare,142.224,144.523,146.418,148.765,144.31260935587667,146.56537855593137,-2.2527692000547006,-1.4748342676299109,141.0,8374400.0,144.41,6783000.0,149.91,6181500.0,24.350877192982438,-3.1922997022366784,-6.744046427856709,-0.008510638297872242,0.007720811668688035
JNJ,2024-04-15,140.6,141.67,139.66,139.87,139.87,8502300,Healthcare,141.466,143.558,145.91649999999998,148.58360000000002,143.6291309934341,146.06942458882534,-2.440293595391239,-1.6679261331821764,139.8,7100200.0,143.66,5935400.0,149.52,4364700.0,24.737945492662476,-2.6381734651259814,-6.453986088817554,0.0005007153075822224,0.007972322511181563
JNJ,2024-04-16,137.42,138.6,135.89,136.89,136.89,12774900,Healthcare,139.98,142.3,145.333,148.37539999999998,142.59234160982885,145.3894672118753,-2.7971256020464637,-1.893766026955034,139.87,8502300.0,144.32,6135300.0,149.47,6102300.0,18.008348240906287,-5.148281596452331,-8.416404629691588,-0.021305497962393782,0.00884541393341818
JNJ,2024-04-17,137.41,137.8,136.03,137.19,137.19,9378100,Healthcare,138.95,141.4,144.791,148.1886,141.76121213139365,144.78209927025492,-3.0208871388612692,-2.119190249336281,136.89,12774900.0,142.34,6809500.0,146.19,8098200.0,8.333333333333329,-3.618097512997054,-6.156371844859432,0.002191540653079249,0.008096576015600564
JNJ,2024-04-18,137.39,138.17,135.64,138.11,138.11,9887700,Healthcare,138.37199999999999,140.759,144.316,147.9776,141.19948718810232,144.28786969468047,-3.0883825065781423,-2.3130287007846535,137.19,9378100.0,141.0,8374400.0,144.52,6947400.0,12.420382165605176,-2.049645390070909,-4.435372266814275,0.0067060281361617236,0.008820304355544328
JNJ,2024-04-19,138.5,140.38,136.98,140.17,140.17,9750800,Healthcare,138.446,140.335,143.9445,147.8094,141.04110454377889,143.98284230988932,-2.9417377661104354,-2.43877051384981,138.11,9887700.0,139.8,7100200.0,144.41,6783000.0,23.08578008059868,0.26466380543632706,-2.9360847586732297,0.014915646948084671,0.010740970151214646
JNJ,2024-04-22,140.74,142.41,139.59,141.32,141.32,10118700,Healthcare,138.736,140.101,143.655,147.69379999999998,141.08401153704366,143.785594731379,-2.701583194335342,-2.491333049946917,140.17,9750800.0,139.87,8502300.0,143.66,5935400.0,27.93719545208444,1.0366769142775345,-1.6288458861200117,0.008204323321680862,0.011249896016406524
JNJ,2024-04-23,142.02,142.61,140.44,141.73,141.73,10110400,Healthcare,139.704,139.842,143.3865,147.5796,141.18339437749847,143.63332845498056,-2.4499340774820837,-2.4830532554539504,141.32,10118700.0,136.89,12774900.0,144.32,6135300.0,35.705128205128176,3.5356855869676407,-1.7946230598669621,0.0029012170959523687,0.011158967511046267
JNJ,2024-04-24,140.39,141.19,139.17,140.76,140.76,9756300,Healthcare,140.41799999999998,139.684,143.0435,147.4256,141.11825678096025,143.4204893101672,-2.3022325292069468,-2.44688911020455,141.73,10110400.0,137.19,9378100.0,142.34,6809500.0,37.38255033557041,2.6022304832713727,-1.1100182661233804,-0.00684399915331968,0.010534055594895047
JNJ,2024-04-25,141.55,141.75,138.67,139.14,139.14,7642700,Healthcare,140.624,139.498,142.516,147.2652,140.81390958388945,143.1034160279326,-2.2895064440431554,-2.415412576972271,140.76,9756300.0,138.11,9887700.0,141.0,8374400.0,33.942717854966446,0.7457823474042335,-1.3191489361702224,-0.011508951406649648,0.010737396284212114
JNJ,2024-04-26,139.02,139.48,138.31,138.49,138.49,6183000,Healthcare,140.28799999999998,139.367,141.945,147.1054,140.45638503252184,142.761681507345,-2.305296474823166,-2.39338935654245,139.14,7642700.0,140.17,9750800.0,139.8,7100200.0,34.150827713059485,-1.1985446243846565,-0.9370529327610844,-0.004671553830673969,0.01051629991296818
JNJ,2024-04-29,138.49,139.52,138.35,139.14,139.14,6149600,Healthcare,139.852,139.294,141.426,146.9176,140.2538642582877,142.49340880309722,-2.239544544809519,-2.362620394195864,138.49,6183000.0,141.32,10118700.0,139.87,8502300.0,34.110429447852695,-1.5425983583357006,-0.5219132051190511,0.004693479673622436,0.010660545818526011
JNJ,2024-04-30,139.19,139.19,136.97,137.02,137.02,8817700,Healthcare,138.91,139.307,140.8035,146.6908,139.7563466800896,142.0879711139789,-2.331624433889317,-2.356421202134555,139.14,6149600.0,141.73,10110400.0,136.89,12774900.0,33.81995133819949,-3.3232202074366612,0.09496676163345263,-0.015236452493890829,0.009446301522774363
JNJ,2024-05-01,140.96,143.9,139.89,143.27,143.27,14470900,Healthcare,139.41199999999998,139.91500000000002,140.6575,146.5642,140.29690872930658,142.17552880923972,-1.8786200799331425,-2.2608609776942727,137.02,8817700.0,140.76,9756300.0,137.19,9378100.0,55.31615925058552,1.7831770389315382,4.431809898680661,0.04561377901036345,0.01725180604919026
JNJ,2024-05-02,144.08,144.36,141.33,142.07,142.07,8459800,Healthcare,139.998,140.31099999999998,140.53500000000003,146.398,140.56969200172094,142.16771186040717,-1.5980198586862286,-2.128292753892664,143.27,14470900.0,139.14,7642700.0,138.11,9887700.0,55.31615925058545,2.1057927267500443,2.867279704583292,-0.008375793955468835,0.017689022105255813
JNJ,2024-05-03,142.05,142.05,140.08,141.46,141.46,6532700,Healthcare,140.592,140.44,140.3875,146.18619999999999,140.70666246299464,142.11528875963626,-1.4086262966416143,-1.984359462442454,142.07,8459800.0,138.49,6183000.0,140.17,9750800.0,53.63179534033807,2.14455917394758,0.9203110508668289,-0.004293658055887883,0.017285974176202652
JNJ,2024-05-06,142.03,142.2,140.17,140.8,140.8,5042800,Healthcare,140.924,140.38799999999998,140.2445,145.9348,140.7210220840724,142.01785996262618,-1.296837878553788,-1.846855145664721,141.46,6532700.0,139.14,6149600.0,141.32,10118700.0,59.989780275932645,1.1930429782952556,-0.3679592414378541,-0.004665629860031051,0.017172715162765636
JNJ,2024-05-07,141.56,141.89,140.68,140.94,140.94,7333500,Healthcare,141.70800000000003,140.309,140.07549999999998,145.7062,140.7547109942151,141.9380184839131,-1.1833074896980236,-1.7141456144713816,140.8,5042800.0,137.02,8817700.0,141.73,10110400.0,59.65996908809896,2.8608962195299847,-0.5573978691878922,0.0009943181818181657,0.01714453825555609
JNJ,2024-05-08,141.32,141.89,140.92,141.15,141.15,7735100,Healthcare,141.284,140.348,140.01600000000002,145.4782,140.81552468741276,141.87964674436398,-1.06412205695122,-1.5841409029673494,140.94,7333500.0,143.27,14470900.0,140.76,9756300.0,58.12834224598932,-1.4797235987994761,0.2770673486786057,0.0014899957428693433,0.01700002924334419
JNJ,2024-05-09,141.18,142.24,141.1,142.01,142.01,6546200,Healthcare,141.272,140.63500000000002,140.0665,145.2564,140.99929012011847,141.88930254107777,-0.8900124209592946,-1.4453152065657386,141.15,7735100.0,142.07,8459800.0,139.14,7642700.0,55.25714285714289,-0.042232702189060056,2.0626706913899673,0.006092809068366956,0.016534383476969127
JNJ,2024-05-10,142.15,142.23,141.38,142.06,142.06,5710600,Healthcare,141.392,140.99200000000002,140.17950000000002,145.039,141.16247625548485,141.90194679729424,-0.7394705418093963,-1.3041462736144702,142.01,6546200.0,141.46,6532700.0,138.49,6183000.0,52.256097560975654,0.4241481690937299,2.57780345151275,0.00035208788113516576,0.01637920688903296
JNJ,2024-05-13,142.19,144.04,141.87,143.31,143.31,5628500,Healthcare,141.894,141.409,140.35150000000002,144.8324,141.4928645238718,142.0062470345317,-0.513382510659909,-1.145993521023558,142.06,5710600.0,140.8,5042800.0,139.14,6149600.0,54.582366589327194,1.7826704545454541,2.9969814575248055,0.008799098972265273,0.01648676348068748
JNJ,2024-05-14,143.9,144.24,142.81,143.46,143.46,8254200,Healthcare,142.398,142.053,140.68,144.6722,141.79550075096844,142.1139324393812,-0.31843168841274405,-0.9804811545013952,143.31,5628500.0,140.94,7333500.0,137.02,8817700.0,58.22168087697938,1.7879948914431676,4.700043789227859,0.0010466820180030645,0.015233530730850462
JNJ,2024-05-15,143.87,144.95,143.38,144.68,144.68,5548000,Healthcare,143.10399999999998,142.19400000000002,141.05450000000002,144.53379999999999,142.23926986620407,142.30401151794555,-0.06474165174148538,-0.7973332539494133,143.46,8254200.0,141.15,7735100.0,143.27,14470900.0,67.29088639201012,2.500885582713419,0.9841557897675601,0.008504112644639683,0.005693698556568106
JNJ,2024-05-16,144.99,146.3,144.36,146.21,146.21,7591000,Healthcare,143.94400000000002,142.608,141.4595,144.438,142.8501514252496,142.59334399809774,0.25680742715186966,-0.5865051177291568,144.68,5548000.0,142.01,6546200.0,142.07,8459800.0,72.8402366863906,2.957538201535126,2.914056451045277,0.010575062206248376,0.005373172062279175
JNJ,2024-05-17,146.76,146.76,145.67,146.55,146.55,6521800,Healthcare,144.842,143.11700000000002,141.77849999999998,144.3578,143.41935889828812,142.88642962786827,0.5329292704198565,-0.36261824009935417,146.21,7591000.0,142.06,5710600.0,141.46,6532700.0,72.33273056057877,3.1606363508376756,3.59819030114521,0.0023254223377333627,0.004763030827488631
JNJ,2024-05-20,146.26,146.54,144.5,144.51,144.51,7742300,Healthcare,145.08200000000002,143.488,141.93800000000002,144.22459999999998,143.58714983701302,143.00669409987802,0.5804557371349972,-0.1740034446524839,146.55,6521800.0,143.31,5628500.0,140.8,5042800.0,72.68322228952141,0.8373456144023406,2.6349431818181612,-0.013920163766632632,0.0069390153751621
JNJ,2024-05-21,145.0,145.77,144.05,144.48,144.48,5492400,Healthcare,145.286,143.842,142.0755,144.05839999999998,143.7245114005495,143.11582787025742,0.608683530292069,-0.01746604966357332,144.51,7742300.0,143.46,8254200.0,140.94,7333500.0,55.87949465500475,0.7109995817649484,2.5117071094082455,-0.00020759809009762709,0.00698070120281671
JNJ,2024-05-22,144.1,147.2,143.6,146.64,146.64,6609800,Healthcare,145.678,144.391,142.3695,143.9068,144.17304810815725,143.37687765764576,0.7961704505114824,0.14526125037143783,144.48,5492400.0,144.68,5548000.0,141.15,7735100.0,70.31111111111107,1.3547138512579382,3.8894792773644937,0.014950166112956742,0.007988086937725843
JNJ,2024-05-23,145.93,146.01,142.71,143.01,143.01,8000400,Healthcare,145.03799999999998,144.49099999999999,142.56300000000002,143.7136,143.9941176299792,143.3497015348572,0.6444160951220113,0.2450922193215525,146.64,6609800.0,146.21,7591000.0,142.01,6546200.0,55.43097407147856,-2.1886327884549694,0.7041757622702649,-0.024754500818330527,0.01198344455413064
JNJ,2024-05-24,142.85,143.12,140.2,140.4,140.4,9520600,Healthcare,143.808,144.325,142.6585,143.504,143.44117645613625,143.13120512486776,0.30997133126848553,0.2580680417109391,143.01,8000400.0,146.55,6521800.0,142.06,5710600.0,48.76695437731194,-4.196519959058342,-1.1685203435168212,-0.018250471994965323,0.0134135687138777
JNJ,2024-05-28,140.23,140.23,137.71,137.93,137.93,10499800,Healthcare,142.492,143.787,142.598,143.2646,142.59330315519222,142.74593067117385,-0.15262751598163504,0.17592893017242428,140.4,9520600.0,144.51,7742300.0,143.31,5628500.0,41.886792452830214,-4.553318109473381,-3.7540995045705072,-0.017592592592592604,0.013840494790847088
JNJ,2024-05-29,137.39,138.92,137.29,137.99,137.99,8263800,Healthcare,141.19400000000002,143.24,142.6465,143.0532,141.88510266977804,142.39363951034616,-0.5085368405681265,0.039035776024314114,137.93,10499800.0,144.48,5492400.0,143.46,8254200.0,41.41304347826088,-4.4919712070874755,-3.812909521817931,0.000435003262524436,0.013818360928969688
JNJ,2024-05-30,138.16,139.1,137.59,138.79,138.79,8490300,Healthcare,139.624,142.651,142.42249999999999,142.8684,141.40893302827374,142.12670325032053,-0.717770222046795,-0.11232542358990771,137.99,8263800.0,146.64,6609800.0,144.68,5548000.0,41.221374045801525,-5.353246044735405,-4.071053359137422,0.00579752155953317,0.013575089275830007
JNJ,2024-05-31,139.07,140.89,138.7,140.12,140.12,14621200,Healthcare,139.046,142.04199999999997,142.325,142.71859999999998,141.21063563930855,141.9780585651116,-0.7674229258030607,-0.24334492403253832,138.79,8490300.0,143.01,8000400.0,146.21,7591000.0,45.05606523955149,-2.0208377036570746,-4.16524177552835,0.009582822969954607,0.013459330483714562
JNJ,2024-06-03,140.67,142.25,140.21,141.14,141.14,7329200,Healthcare,139.194,141.501,142.309,142.5894,141.19976861787646,141.91598015288113,-0.7162115350046747,-0.33791824622696565,140.12,14621200.0,140.4,9520600.0,146.55,6521800.0,44.404332129963855,0.5270655270655178,-3.6915728420334526,0.007279474735940594,0.013811279144358809
JNJ,2024-06-04,140.89,141.68,139.66,141.2,141.2,8876400,Healthcare,139.848,141.17000000000002,142.329,142.47119999999998,141.19980421512622,141.86294458600105,-0.663140370874828,-0.40296267115653817,141.14,7329200.0,137.93,10499800.0,144.51,7742300.0,44.1450777202072,2.3707677807583316,-2.2904989274098675,0.00042510982003696185,0.013365926224829254
JNJ,2024-06-05,141.36,141.38,139.33,139.45,139.45,5891300,Healthcare,140.14,140.66699999999997,142.2545,142.3182,140.93060356664526,141.68420795000097,-0.7536043833557073,-0.473091013596372,141.2,8876400.0,137.99,8263800.0,144.48,5492400.0,36.81290973272813,1.0580476846148157,-3.4814507198228095,-0.012393767705382475,0.01371174753604386
JNJ,2024-06-06,139.0,140.43,138.2,139.88,139.88,5016300,Healthcare,140.358,139.991,142.19099999999997,142.1634,140.76897224869984,141.55056291666756,-0.7815906679677198,-0.5347909444706416,139.45,5891300.0,138.79,8490300.0,146.64,6609800.0,33.101975440469786,0.7853591757331246,-4.609929078014174,0.0030835424883470797,0.012392189191166723
JNJ,2024-06-07,140.13,141.67,139.8,140.51,140.51,5111600,Healthcare,140.43599999999998,139.741,142.116,141.97979999999998,140.7291303642845,141.47348418209958,-0.7443538178150959,-0.5767035191395324,139.88,5016300.0,140.12,14621200.0,143.01,8000400.0,34.12197686645629,0.27833285755065607,-1.7481295014334708,0.004503860451815722,0.010410667592648318
JNJ,2024-06-10,139.98,140.97,139.1,140.56,140.56,5749900,Healthcare,140.32,139.757,142.041,141.7928,140.70311030824072,141.40581868712925,-0.7027083788885307,-0.6019044910893321,140.51,5111600.0,141.14,7329200.0,140.4,9520600.0,38.40281855549033,-0.41093949270226693,0.11396011396012096,0.0003558465589639237,0.008638471848082193
JNJ,2024-06-11,140.25,140.59,138.94,140.2,140.2,5661200,Healthcare,140.11999999999998,139.98399999999998,141.88549999999998,141.6064,140.62570872235753,141.31649878437892,-0.6907900620213923,-0.6196816052757441,140.56,5749900.0,141.2,8876400.0,137.93,10499800.0,37.67281105990782,-0.7082152974504208,1.6457623432175605,-0.00256118383608428,0.006161124038414999
JNJ,2024-06-12,140.49,140.63,138.31,138.91,138.91,6180500,Healthcare,140.012,140.07599999999996,141.658,141.39520000000002,140.36175353430252,141.13823961516565,-0.7764860808631227,-0.6510425003932199,140.2,5661200.0,139.45,5891300.0,137.99,8263800.0,26.561552456033965,-0.38723556830404515,0.6667149793463167,-0.00920114122681881,0.00706034644431563
JNJ,2024-06-13,138.59,139.48,137.45,138.95,138.95,6840400,Healthcare,139.826,140.09199999999998,141.3715,141.25039999999998,140.14456068287137,140.97614779182004,-0.8315871089486677,-0.6871514221043095,138.91,6180500.0,139.88,5016300.0,138.79,8490300.0,34.26356589147284,-0.6648555905061526,0.11528208084155,0.0002879562306528083,0.006828412861957873
JNJ,2024-06-14,138.66,139.45,138.03,139.04,139.04,4075300,Healthcare,139.53199999999998,139.98399999999998,141.01299999999998,141.1408,139.97462827012194,140.8327294368704,-0.8581011667484688,-0.7213413710331413,138.95,6840400.0,140.51,5111600.0,140.12,14621200.0,43.44894026974946,-1.0461888833534938,-0.7707679132172518,0.00064771500539762,0.0059878142615081035
JNJ,2024-06-17,138.54,139.89,138.27,139.43,139.43,6666600,Healthcare,139.30599999999998,139.813,140.657,141.0412,139.8908393054878,140.7288235526578,-0.8379842471699988,-0.7446699462605129,139.04,4075300.0,140.56,5749900.0,141.14,7329200.0,59.03614457831324,-0.8039271485486554,-1.211562987104986,0.002804948216340808,0.005464871364582378
JNJ,2024-06-18,139.44,139.85,138.77,139.14,139.14,6156600,Healthcare,139.094,139.607,140.3885,140.9508,139.77532556618198,140.61113291912758,-0.8358073529456078,-0.7628974275975319,139.43,6666600.0,140.2,5661200.0,141.2,8876400.0,56.74091441969504,-0.7560627674750409,-1.4589235127478783,-0.002079896722369745,0.005439214584294202
JNJ,2024-06-20,138.78,141.46,138.53,141.18,141.18,8749700,Healthcare,139.54799999999997,139.78,140.2235,140.888,139.9914293252309,140.65327122141443,-0.6618418961835175,-0.7426863213147291,139.14,6156600.0,138.91,6180500.0,139.45,5891300.0,62.23132036847491,1.6341516089554364,1.240588024381517,0.014661492022423506,0.006084250527167407
JNJ,2024-06-21,141.28,142.42,140.79,142.1,142.1,15172300,Healthcare,140.178,140.002,139.9965,140.8832,140.31582481365692,140.76043631612447,-0.4446115024675521,-0.6830713575452938,141.18,8749700.0,138.95,6840400.0,139.88,5016300.0,60.576923076922974,2.267002518891692,1.587074635401775,0.0065165037540726445,0.006292468570382823
JNJ,2024-06-24,142.34,143.03,141.55,142.46,142.46,6914700,Healthcare,140.86200000000002,140.197,139.969,140.9124,140.64569791924816,140.88632992233747,-0.24063200308930277,-0.5945834866540957,142.1,15172300.0,139.04,4075300.0,140.51,5111600.0,57.586206896551786,2.459723820483317,1.387801579958725,0.002533427163969204,0.006221663625658545
JNJ,2024-06-25,142.52,142.53,140.38,140.61,140.61,5912500,Healthcare,141.098,140.202,139.97949999999997,140.92860000000002,140.64020593167152,140.86586103920135,-0.22565510752983187,-0.5207978108292429,142.46,6914700.0,139.43,6666600.0,140.56,5749900.0,47.18779790276467,0.8463028042745568,0.0355719977233937,-0.012986101361785685,0.007719809796257576
JNJ,2024-06-26,139.67,140.61,139.27,140.26,140.26,5267800,Healthcare,141.322,140.208,140.096,140.9364,140.58171271141435,140.82098244370496,-0.23926973229060877,-0.4644921951215161,140.61,5912500.0,139.14,6156600.0,140.2,5661200.0,54.45544554455443,0.8049446600546295,0.042796005706136064,-0.002489154398691573,0.007717123042937971
JNJ,2024-06-27,140.24,140.78,138.37,139.29,139.29,5739200,Healthcare,140.94400000000002,140.246,140.161,140.9844,140.38298767888907,140.70757633676385,-0.3245886578747843,-0.43651148767216974,140.26,5267800.0,141.18,8749700.0,138.91,6180500.0,46.93665628245068,-1.3387165320867034,0.27355841912029,-0.006915727933837101,0.007440966629767238
JNJ,2024-06-28,139.52,140.5,139.14,139.63,139.63,10495700,Healthcare,140.45,140.31400000000002,140.203,141.0332,140.26714342059844,140.62775586737393,-0.360612446775491,-0.421331679492834,139.29,5739200.0,142.1,15172300.0,138.95,6840400.0,45.28907922912212,-1.7382125263898707,0.4893846707448857,0.0024409505348552685,0.007471724156164517
JNJ,2024-07-01,139.54,142.06,139.11,139.9,139.9,5144400,Healthcare,139.938,140.4,140.19199999999998,141.069,140.21065981742944,140.57384802534625,-0.3631882079168065,-0.4097029851776285,139.63,10495700.0,142.46,6914700.0,139.04,4075300.0,46.54811715481177,-1.7969956479011673,0.6185270425776768,0.001933681873522941,0.0074853464671466655
JNJ,2024-07-02,139.89,140.58,139.23,139.51,139.51,5492000,Healthcare,139.718,140.408,140.1105,141.0558,140.10286599936336,140.4950444679132,-0.39217846854984373,-0.4061980818520715,139.9,5144400.0,140.61,5912500.0,139.43,6666600.0,46.402502606882216,-0.782305668160177,0.05737646130674623,-0.0027877055039314813,0.0075146567943959255
JNJ,2024-07-03,139.67,140.1,138.27,139.18,139.18,3246200,Healthcare,139.502,140.41199999999998,140.0095,141.013,139.96088661484592,140.3976337665863,-0.43674715174037715,-0.4123078958297327,139.51,5492000.0,140.26,5267800.0,139.14,6156600.0,51.564310544611864,-0.7699985740767024,0.02874802357339945,-0.002365421833560255,0.007524323158295775
JNJ,2024-07-05,139.26,140.0,138.04,139.94,139.94,4888500,Healthcare,139.632,140.288,140.034,140.97719999999998,139.957673289485,140.36373496906137,-0.40606167957636785,-0.4110586525790597,139.18,3246200.0,139.29,5739200.0,141.18,8749700.0,55.294117647058826,0.46665230813411895,-0.8783113755489458,0.0054605546773960345,0.005934164869763688
JNJ,2024-07-08,139.86,140.64,138.76,138.98,138.98,5260200,Healthcare,139.502,139.976,139.989,140.9416,139.80726201417963,140.26123608246422,-0.4539740682845945,-0.4196417357201667,139.94,4888500.0,139.63,10495700.0,142.1,15172300.0,49.706457925635995,-0.46551600658885084,-2.1956368754398325,-0.006860082892668373,0.005582371750997476
JNJ,2024-07-09,139.16,140.56,138.69,140.48,140.48,5890400,Healthcare,139.618,139.778,139.9875,140.9684,139.9107601658443,140.2774408170965,-0.36668065125221005,-0.4090495188265754,138.98,5260200.0,139.9,5144400.0,142.46,6914700.0,54.633715798764236,0.4145818441743998,-1.3898638214235648,0.010792919844581972,0.006832222305993503
JNJ,2024-07-10,140.68,142.79,140.13,142.75,142.75,6093200,Healthcare,140.26600000000002,139.99200000000002,140.097,141.05360000000002,140.34756629417595,140.46059334916345,-0.11302705498749788,-0.34984502605875994,140.48,5890400.0,139.51,5492000.0,140.61,5912500.0,63.56123215627347,2.322414163859232,1.5219401180570191,0.016158883826879356,0.007512521449880011
JNJ,2024-07-11,142.9,143.85,142.0,143.01,143.01,6350400,Healthcare,141.03199999999998,140.267,140.2375,141.131,140.75717147968734,140.64943828626244,0.10773319342490595,-0.2583293821620268,142.75,6093200.0,139.18,3246200.0,140.26,5267800.0,57.93581960104068,2.751832159793066,1.960644517324961,0.0018213660245183227,0.007378313890848964
JNJ,2024-07-12,143.3,144.14,142.57,143.18,143.18,5336400,Healthcare,141.68,140.656,140.451,141.2542,141.1299143289662,140.83688730209485,0.29302702687135707,-0.14805810035535003,143.01,6350400.0,139.94,4888500.0,139.29,5739200.0,55.0092764378479,2.3152779762755538,2.792734582525669,0.0011887280609748085,0.006708825093857466
JNJ,2024-07-15,143.38,143.54,142.22,142.57,142.57,6711400,Healthcare,142.398,140.95,140.632,141.24020000000002,141.35146597066372,140.9652660204582,0.3861999502055369,-0.04120649024317265,143.18,5336400.0,138.98,5260200.0,139.63,10495700.0,50.4986400725294,2.583105482803294,2.105564706724916,-0.004260371560273923,0.007071181736546033
JNJ,2024-07-16,143.0,144.33,142.5,144.26,144.26,6469600,Healthcare,143.154,141.38600000000002,140.893,141.284,141.79893274440775,141.20932038931312,0.58961235509463,0.08495727882438789,142.57,6711400.0,140.48,5890400.0,139.9,5144400.0,66.78932842686274,2.6907744874715256,3.1165117941386544,0.011853826190643124,0.007710881568672528
JNJ,2024-07-17,144.78,150.45,144.66,149.58,149.58,13801400,Healthcare,144.51999999999998,142.393,141.4005,141.44639999999998,142.99602001449887,141.82937073084548,1.1666492836533848,0.3012956797901873,144.26,6469600.0,142.75,6093200.0,139.51,5492000.0,79.41919191919187,4.784588441331006,7.218120564834085,0.03687785942049082,0.01284108364955423
JNJ,2024-07-18,148.65,150.05,147.71,148.48,148.48,10166200,Healthcare,145.61399999999998,143.323,141.8675,141.6,143.8397092430375,142.32200993596805,1.5176993070694493,0.5445764052460398,149.58,13801400.0,143.01,6350400.0,139.18,3246200.0,78.7726988102691,3.8249073491364305,6.681994539445313,-0.007353924321433447,0.013335596017763246
JNJ,2024-07-19,149.52,149.52,147.23,147.78,147.78,7398000,Healthcare,146.53400000000002,144.107,142.1975,141.7368,144.44590782103174,142.72630549626672,1.7196023247650203,0.7795815891498359,148.48,10166200.0,143.18,5336400.0,139.94,4888500.0,74.95407225964473,3.2127392093867835,5.602401029012438,-0.0047144396551723755,0.013809242311345504
JNJ,2024-07-22,147.86,148.18,146.73,147.35,147.35,6840600,Healthcare,147.48999999999998,144.944,142.46,141.8608,144.8926912331807,143.06880138543212,1.8238898477485748,0.9884432408695837,147.78,7398000.0,142.57,6711400.0,138.98,5260200.0,72.58944815039405,3.352739005400851,6.022449273276731,-0.00290973068074174,0.013467034449647568
JNJ,2024-07-23,146.46,146.64,144.8,145.54,145.54,6261900,Healthcare,147.746,145.45,142.614,141.9314,144.99227719730675,143.25185313465937,1.740424062647378,1.1388394052251425,147.35,6840600.0,144.26,6469600.0,140.48,5890400.0,66.83417085427132,0.887286843199786,3.601936218678814,-0.012283678316932445,0.014482948660748424
JNJ,2024-07-24,145.94,149.42,145.52,149.3,149.3,7168200,Healthcare,147.69,146.105,143.0485,142.0762,145.65500378233648,143.6998640135735,1.9551397687629901,1.3020994779327122,145.54,6261900.0,149.58,13801400.0,142.75,6093200.0,73.71134020618548,-0.18719080090920936,4.58844133099825,0.025834822042050343,0.01568569441011994
JNJ,2024-07-25,149.49,153.41,149.03,152.51,152.51,10019600,Healthcare,148.496,147.055,143.661,142.2602,146.70961858505393,144.3524666792347,2.3571519058192223,1.5131099635100143,149.3,7168200.0,148.48,10166200.0,143.01,6350400.0,76.41866330390911,2.714170258620685,6.6428921054471735,0.021500334896181972,0.016510364021400045
JNJ,2024-07-26,152.61,154.36,152.35,153.46,153.46,8356900,Healthcare,149.632,148.08300000000003,144.3695,142.4602,147.74813880273794,145.02709877706917,2.7210400256687706,1.7546959759417655,152.51,10019600.0,147.78,7398000.0,143.18,5336400.0,80.44575273338933,3.8435512247936066,7.179773711412207,0.006229099731165366,0.016404311681714003
JNJ,2024-07-29,152.82,152.85,150.99,151.48,151.48,5625000,Healthcare,150.458,148.974,144.96200000000002,142.5962,148.32227129462441,145.50509146024925,2.8171798343751675,1.967192747628446,153.46,8356900.0,147.35,6840600.0,142.57,6711400.0,72.67106347897764,2.8028503562945284,6.249561618853905,-0.012902384986315796,0.017272621015551482
JNJ,2024-07-30,151.46,154.33,151.29,154.12,154.12,6545700,Healthcare,152.17400000000004,149.95999999999998,145.673,142.7544,149.2142295569899,146.14323283356413,3.0709967234257647,2.18795354278791,151.48,5625000.0,145.54,6261900.0,144.26,6469600.0,73.08160779537141,5.8952865191699955,6.83488146402329,0.017428043306047192,0.017562396786831528
JNJ,2024-07-31,152.71,153.19,150.69,150.8,150.8,8293200,Healthcare,152.474,150.082,146.2375,142.8394,149.4581942405299,146.4881785495964,2.970015690933508,2.34436597241703,154.12,6545700.0,149.3,7168200.0,149.58,13801400.0,64.06644998194292,1.0046885465505584,0.8156170611044233,-0.021541655852582386,0.016089309183528716
JNJ,2024-08-01,151.4,153.63,150.66,153.58,153.58,7213400,Healthcare,152.68800000000002,150.592,146.9575,143.0208,150.0923182035253,147.0134986570337,3.0788195464916157,2.491256687231947,150.8,8293200.0,152.51,10019600.0,148.48,10166200.0,67.16171617161712,0.7015933381417705,3.4348060344827847,0.018435013262599442,0.016670525181760605
JNJ,2024-08-02,154.67,157.49,153.81,156.81,156.81,11280400,Healthcare,153.358,151.495,147.801,143.2674,151.12580771067528,147.73916542317934,3.386642287495931,2.670333807284744,153.58,7213400.0,153.46,8356900.0,147.78,7398000.0,71.62818955042525,2.18297927798774,6.110434429557454,0.02103138429482998,0.01723806186121845
JNJ,2024-08-05,156.47,158.37,153.41,154.05,154.05,12032200,Healthcare,153.872,152.16500000000002,148.55450000000002,143.41559999999998,151.57568344749447,148.20663465109197,3.3690487964024953,2.8100768051082943,156.81,11280400.0,151.48,5625000.0,147.35,6840600.0,64.40129449838187,1.6965936097174783,4.546996946046833,-0.0176009183087813,0.018657161139900832
JNJ,2024-08-06,153.85,154.27,151.84,151.87,151.87,7607100,Healthcare,153.422,152.79800000000003,149.124,143.59279999999998,151.6209629171107,148.4779950473074,3.1429678698033,2.8766550180472956,154.05,12032200.0,154.12,6545700.0,145.54,6261900.0,53.711507293354934,-1.45990137555152,4.349319774632421,-0.014151249594287596,0.018853403822008757
JNJ,2024-08-07,151.77,153.44,151.12,151.8,151.8,5993000,Healthcare,153.622,153.048,149.57649999999998,143.8208,151.64850708370903,148.72406948824758,2.9244375954614554,2.8862115335301275,151.87,7607100.0,150.8,8293200.0,149.3,7168200.0,55.56673373574786,0.6631299734747964,1.6744809109176195,-0.00046092052413249096,0.01730596664375524
JNJ,2024-08-08,151.49,153.52,150.97,153.06,153.06,5094800,Healthcare,153.518,153.103,150.079,144.1234,151.86565984006148,149.04524952615517,2.820410313906308,2.8730512896053635,151.8,5993000.0,153.58,7213400.0,152.51,10019600.0,58.6899275839368,-0.3385857533533043,0.36063208969905336,0.008300395256916948,0.016097303592472443
JNJ,2024-08-09,152.97,153.74,152.22,153.44,153.44,4579200,Healthcare,152.844,153.101,150.59199999999998,144.4324,152.10786601851356,149.37078659829183,2.7370794202217326,2.8458569157286373,153.06,5094800.0,156.81,11280400.0,153.46,8356900.0,60.03956478733927,-2.1490976340794665,-0.013032712107396982,0.0024826865281588617,0.015991799355736316
JNJ,2024-08-12,153.78,154.48,151.62,152.74,152.74,7605400,Healthcare,152.582,153.22700000000003,151.1005,144.7114,152.2051174002807,149.62035796138133,2.5847594388993684,2.7936374203627836,153.44,4579200.0,154.05,12032200.0,151.48,5625000.0,62.32032854209449,-0.8503732554365429,0.8317929759704468,-0.0045620437956204185,0.015446399472785486
JNJ,2024-08-13,153.11,153.21,149.45,151.31,151.31,9711400,Healthcare,152.47,152.946,151.453,144.9352,152.06740703100672,149.74551663090864,2.3218904000980842,2.6992880163098443,152.74,7605400.0,151.87,7607100.0,154.12,6545700.0,53.737448865749336,-0.36873641930598167,-1.8232546067998956,-0.009362315045174818,0.014566402424200674
JNJ,2024-08-14,150.78,152.42,150.37,151.4,151.4,5141200,Healthcare,152.39000000000001,153.00600000000003,151.544,145.1404,151.96472902623645,149.86807095454503,2.0966580716914223,2.57876202738616,151.31,9711400.0,151.8,5993000.0,150.8,8293200.0,47.665124106016016,-0.26350461133070047,0.3978779840848823,0.0005948053664661668,0.012797982998381063
JNJ,2024-08-15,151.29,152.37,150.79,151.98,151.98,7237800,Healthcare,152.174,152.846,151.719,145.356,151.96707840681546,150.02451014309727,1.9425682637181865,2.4515232746525655,151.4,5141200.0,153.06,5094800.0,153.58,7213400.0,46.83760683760679,-0.7056056448451642,-1.0418023180101765,0.0038309114927344012,0.011261247888541322
JNJ,2024-08-16,152.03,152.79,151.11,152.27,152.27,5012800,Healthcare,151.94,152.392,151.94350000000003,145.6124,152.01368172884386,150.19084272509005,1.8228390037538134,2.325786420472815,151.98,7237800.0,153.44,4579200.0,156.81,11280400.0,51.819438046983,-0.7625130344108388,-2.89522351890823,0.0019081458086591674,0.008354904460458909
JNJ,2024-08-19,152.34,153.13,152.02,152.5,152.5,4408400,Healthcare,151.892,152.23700000000002,152.201,145.8648,152.08849992440634,150.36189141212043,1.7266085122859067,2.2059508388354336,152.27,5012800.0,152.74,7605400.0,154.05,12032200.0,45.80310880829014,-0.1571297629959445,-1.006166828951649,0.0015104748144743052,0.006625950486272455
JNJ,2024-08-20,152.85,153.74,152.54,153.0,153.0,7275100,Healthcare,152.23,152.35,152.574,146.1146,152.2287307052669,150.55730686307447,1.6714238421924392,2.0990454395068348,152.5,4408400.0,151.31,9711400.0,151.87,7607100.0,56.674757281553376,1.1169122992531921,0.7440574175281434,0.003278688524590123,0.00482797025957124
JNJ,2024-08-21,153.23,154.27,153.15,154.22,154.22,5019400,Healthcare,152.794,152.592,152.82,146.3878,152.53507982753354,150.82861746580969,1.706462361723851,2.020528823950238,153.0,7275100.0,151.4,5141200.0,151.8,5993000.0,52.14477211796242,1.8626155878467499,1.5942028985507228,0.007973856209150254,0.005305675776206376
JNJ,2024-08-22,154.76,155.23,153.61,155.1,155.1,6552100,Healthcare,153.41799999999998,152.796,152.9495,146.6858,152.9296829309899,151.14501617204598,1.7846667589439278,1.973356410948976,154.22,5019400.0,151.98,7237800.0,153.06,5094800.0,43.198090692124055,2.0529016975918024,1.3328106624852953,0.005706134094151105,0.004995784290785315
JNJ,2024-08-23,155.24,156.88,154.48,156.8,156.8,7093400,Healthcare,154.324,153.132,153.1165,147.0436,153.52511632622222,151.56390386300555,1.9612124632166683,1.9709276214025147,155.1,6552100.0,152.27,5012800.0,153.44,4579200.0,61.94613379669853,2.9749786563341374,2.1897810218978186,0.010960670535138828,0.005857096729384985
JNJ,2024-08-26,156.84,158.31,156.23,157.26,157.26,6870600,Healthcare,155.276,153.584,153.40550000000002,147.4098,154.09971381449571,151.9858369101903,2.113876904305414,1.9995174779830946,156.8,7093400.0,152.5,4408400.0,152.74,7605400.0,77.52808988764048,3.121311475409838,2.959277203090216,0.0029336734693876654,0.005356051323093267
JNJ,2024-08-27,157.38,157.9,156.09,156.85,156.85,4388700,Healthcare,156.046,154.138,153.542,147.766,154.52283476611177,152.34614528721326,2.17668947889851,2.034951878166178,157.26,6870600.0,153.0,7275100.0,151.31,9711400.0,74.92596248766041,2.516339869281037,3.661357478025251,-0.002607147399211529,0.0038461234134659805
JNJ,2024-08-28,156.9,158.82,156.62,157.79,157.79,5187000,Healthcare,156.76,154.777,153.8915,148.1332,155.02547557132533,152.74939378445671,2.276081786868616,2.0831778599066655,156.85,4388700.0,154.22,5019400.0,151.4,5141200.0,74.1080530071356,2.3148748541045316,4.220607661822973,0.005992986930188016,0.0037537795162290075
JNJ,2024-08-29,158.47,158.56,157.25,158.08,158.08,7390100,Healthcare,157.35600000000002,155.387,154.1165,148.512,155.49540240650603,153.1442535041266,2.3511489023794354,2.1367720684012195,157.79,5187000.0,155.1,6552100.0,151.98,7237800.0,73.86831275720172,1.9213410702772604,4.013686011317286,0.001837885797579153,0.003824772460266964
JNJ,2024-08-30,157.98,159.77,157.68,159.65,159.65,7971000,Healthcare,157.926,156.125,154.2585,148.88139999999999,156.13457126704358,153.6261606519691,2.508410615074496,2.2110997777358747,158.08,7390100.0,156.8,7093400.0,152.27,5012800.0,82.62511803588288,1.817602040816313,4.846653969921855,0.009931680161943346,0.00417453935939936
JNJ,2024-09-03,159.06,161.53,158.6,160.9,160.9,6956500,Healthcare,158.654,156.96499999999997,154.601,149.2574,156.86771414903689,154.16496356663805,2.702750582398835,2.309429938668467,159.65,7971000.0,157.26,6870600.0,152.5,4408400.0,96.06147934678197,2.3146381788121673,5.508196721311487,0.007829627309740017,0.00410708779659432
JNJ,2024-09-04,161.53,162.53,159.83,161.1,161.1,6939100,Healthcare,159.504,157.775,155.0625,149.63019999999997,157.51883504918507,154.6786699691093,2.8401650800757636,2.4155769669499265,160.9,6956500.0,156.85,4388700.0,153.0,7275100.0,96.1026615969582,2.7095951546063146,5.294117647058827,0.0012430080795524656,0.0042702305179460305
JNJ,2024-09-05,160.94,161.11,158.66,158.82,158.82,4600400,Healthcare,159.70999999999998,158.23499999999999,155.41350000000003,149.9944,157.71901427238737,154.9854351565827,2.733579115804673,2.479177396720876,161.1,6939100.0,157.79,5187000.0,154.22,5019400.0,77.98690671031099,0.6527663350022195,2.9827519128517554,-0.014152700186219724,0.007311433536388545
JNJ,2024-09-06,159.0,159.73,157.98,158.23,158.23,6016900,Healthcare,159.73999999999998,158.548,155.67199999999997,150.35379999999998,157.79762746125084,155.22577329313214,2.571854168118705,2.497712751000442,158.82,4600400.0,158.08,7390100.0,155.1,6552100.0,73.80191693290729,0.0948886639676072,2.0180528691166932,-0.00371489736808972,0.007523251516974298
JNJ,2024-09-09,158.67,161.14,158.31,160.37,160.37,7538200,Healthcare,159.884,158.905,156.01850000000002,150.7754,158.19337708259687,155.6068271232705,2.586549959326362,2.5154801926656263,158.23,6016900.0,159.65,7971000.0,156.8,7093400.0,77.26957726957727,0.4509865330410312,2.2767857142857117,0.013524616065221595,0.00789605348445989
JNJ,2024-09-10,161.23,162.16,160.51,161.12,161.12,6559600,Healthcare,159.928,159.291,156.4375,151.2052,158.64362676219736,156.01521029932454,2.6284164628728206,2.538067446707065,160.37,7538200.0,160.9,6956500.0,157.26,6870600.0,77.65667574931881,0.136730888750769,2.4545338929161886,0.004676685165554639,0.007931200113385694
JNJ,2024-09-11,160.55,160.55,157.95,158.65,158.65,5920200,Healthcare,159.43800000000002,159.471,156.80450000000002,151.5802,158.64460726032084,156.21037990678198,2.4342273535388586,2.5172994280734238,161.12,6559600.0,161.1,6939100.0,156.85,4388700.0,63.90458254865036,-1.5207945375543042,1.147593241950906,-0.015330188679245293,0.009664743053235688
JNJ,2024-09-12,158.05,158.92,156.62,158.48,158.48,4540900,Healthcare,159.37,159.54,157.1585,151.9596,158.61928306642534,156.37849991368702,2.2407831527383166,2.4619961730064026,158.65,5920200.0,158.82,4600400.0,157.79,5187000.0,61.103810775295635,-0.2140788313814368,0.4372900690791548,-0.0010715411282699039,0.009531432486690387
JNJ,2024-09-13,158.57,159.55,157.69,159.33,159.33,3693400,Healthcare,159.59,159.66500000000002,157.526,152.3626,158.72862413312913,156.5971295497102,2.1314945834189416,2.3958958550889107,158.48,4540900.0,158.23,6016900.0,158.08,7390100.0,58.80306193458593,0.695190545408586,0.7907388663967563,0.0053634528016155425,0.009651789424139629
JNJ,2024-09-16,160.13,160.99,159.58,160.74,160.74,5187800,Healthcare,159.66400000000002,159.774,157.9495,152.7786,159.0380665741862,156.90400884232426,2.1340577318619296,2.3435282304435145,159.33,3693400.0,160.37,7538200.0,159.65,7971000.0,61.35770234986948,0.23071646816736902,0.682743501409333,0.008849557522123908,0.009543868992659679
JNJ,2024-09-17,160.02,161.44,159.72,160.82,160.82,5066500,Healthcare,159.60399999999998,159.76600000000002,158.3655,153.21540000000002,159.31221017815753,157.19408226141135,2.1181279167461753,2.2984481677040467,160.74,5187800.0,161.12,6559600.0,160.9,6956500.0,63.24216144096061,-0.18619662363456024,-0.04972032318211195,0.0004976981460742547,0.009213044220931861
JNJ,2024-09-18,160.39,162.05,159.54,159.93,159.93,4722800,Healthcare,159.85999999999999,159.649,158.712,153.6044,159.4072547661333,157.39674283464015,2.0105119314931414,2.240860920461866,160.82,5066500.0,158.65,5920200.0,161.1,6939100.0,57.161981258366836,0.8068074377560741,-0.7262569832402144,-0.0055341375450813635,0.009358628548716361
JNJ,2024-09-19,160.01,160.14,158.27,158.65,158.65,4956100,Healthcare,159.894,159.632,158.9335,153.9224,159.29075403288203,157.48957669874088,1.8011773341411583,2.1529242031977245,159.93,4722800.0,158.48,4540900.0,158.82,4600400.0,51.789077212806006,0.10726905603231085,-0.10703941569071285,-0.008003501531920199,0.008542095696758564
JNJ,2024-09-20,158.15,158.7,157.43,158.02,158.02,11839000,Healthcare,159.632,159.61100000000002,159.0795,154.2226,159.09525341243864,157.52886731364896,1.5663860987896783,2.0356165823161154,158.65,4956100.0,159.33,3693400.0,158.23,6016900.0,44.56304202801869,-0.8221929329065514,-0.1327181950325329,-0.003971005357705559,0.008554598714088873
JNJ,2024-09-23,158.25,158.34,156.63,157.11,157.11,4671600,Healthcare,158.906,159.28500000000003,159.095,154.5012,158.789829810525,157.49784010523052,1.291989705294469,1.8868912069117862,158.02,11839000.0,160.74,5187800.0,160.37,7538200.0,37.06484641638229,-2.258305337812616,-2.0327991519610844,-0.005758764713327369,0.007209895342098805
JNJ,2024-09-24,156.7,157.37,155.5,156.69,156.69,6041600,Healthcare,158.08,158.842,159.0665,154.78359999999998,158.46677907044423,157.43800009743566,1.0287789730085706,1.7152687601311432,157.11,4671600.0,160.82,5066500.0,161.12,6559600.0,35.17148621385344,-2.5680885462007197,-2.749503475670312,-0.002673286232576011,0.006814218265940459
JNJ,2024-09-25,156.9,157.21,154.36,154.59,154.59,5420000,Healthcare,157.012,158.43599999999998,158.95350000000002,154.99020000000002,157.87035152114512,157.22703712725524,0.6433143938898809,1.500877886882891,156.69,6041600.0,159.93,4722800.0,158.65,5920200.0,35.6024506466985,-3.338960795347967,-2.5590923416325295,-0.01340225923798577,0.006435929629522681
JNJ,2024-09-26,154.24,155.49,154.03,155.35,155.35,6122000,Healthcare,156.352,158.123,158.8315,155.1056,157.48260513327665,157.08799734005115,0.39460779322550366,1.2796238681514134,154.59,5420000.0,158.65,4956100.0,158.48,4540900.0,40.30955585464336,-2.0800504254648633,-1.9750126198889384,0.0049162300278153825,0.00685572078982626
JNJ,2024-09-27,155.94,157.31,155.3,155.36,155.36,7553800,Healthcare,155.82000000000002,157.726,158.69549999999998,155.2432,157.15605049738792,156.95999753708438,0.1960529603035468,1.0629096865818402,155.35,6122000.0,158.02,11839000.0,159.33,3693400.0,30.322073841319778,-1.683331223895712,-2.491683926441979,6.437077566801008e-05,0.006416491783005142
JNJ,2024-09-30,155.52,156.11,154.67,155.99,155.99,6010000,Healthcare,155.596,157.251,158.5125,155.40740000000002,156.97665811317438,156.88814586767072,0.0885122455036651,0.8680301983662052,155.36,7553800.0,157.11,4671600.0,160.74,5187800.0,29.65900079302145,-0.7128763286869066,-2.9550827423167836,0.004055097837281085,0.0056014481367904845
JNJ,2024-10-01,156.35,156.66,155.15,155.93,155.93,4408000,Healthcare,155.44400000000002,156.762,158.26399999999998,155.579,156.81563378807064,156.81717209969509,-0.0015383116244436223,0.6941164963680755,155.99,6010000.0,156.69,6041600.0,160.82,5066500.0,36.66666666666669,-0.48503414385091537,-3.0406665837582336,-0.00038464004102833904,0.005547251183826457
JNJ,2024-10-02,155.47,156.05,154.64,155.14,155.14,4684400,Healthcare,155.554,156.283,157.966,155.77100000000002,156.5578439745213,156.6929371293473,-0.13509315482602346,0.5282745661292557,155.93,4408000.0,154.59,5420000.0,159.93,4722800.0,34.56561922365991,0.3557798046445404,-2.995060338898281,-0.0050663759379210305,0.0055260882897423215
JNJ,2024-10-03,154.76,155.4,154.22,154.49,154.49,4791200,Healthcare,155.382,155.86700000000002,157.74949999999998,155.8748,156.23971413228725,156.52975660124753,-0.2900424689602801,0.36461115911134856,155.14,4684400.0,155.35,6122000.0,158.65,4956100.0,27.212806026365286,-0.5535886707434767,-2.6221241727072186,-0.004189764084052916,0.005269786794103238
JNJ,2024-10-04,153.66,154.49,152.84,154.29,154.29,5331100,Healthcare,155.16799999999998,155.494,157.5525,155.9104,155.93975811193536,156.3638487048588,-0.42409059292344864,0.20687080870438912,154.49,4791200.0,155.36,7553800.0,158.02,11839000.0,15.727948990435607,-0.6887229660144323,-2.3604607011770806,-0.0012945821736035645,0.005262695663209299
JNJ,2024-10-07,154.25,154.84,153.26,153.56,153.56,4266000,Healthcare,154.682,155.139,157.212,155.91240000000002,155.57364147932992,156.1561562082026,-0.5825147288726669,0.04899370118897792,154.29,5331100.0,155.99,6010000.0,157.11,4671600.0,13.916500994035829,-1.5577921661645067,-2.2595633632486845,-0.004731350055090955,0.0051989033195719405
JNJ,2024-10-08,153.52,154.25,153.0,153.71,153.71,4766300,Healthcare,154.238,154.84099999999998,156.8415,155.957,155.28692740558688,155.97495945203943,-0.6880320464525482,-0.09841144833932733,153.56,4266000.0,155.93,4408000.0,156.69,6041600.0,16.63090128755374,-1.4237157698967495,-1.9018444061522644,0.0009768168793957699,0.0052947458717781115
JNJ,2024-10-09,153.93,155.19,153.54,154.64,154.64,6047200,Healthcare,154.138,154.846,156.641,155.9674,155.18740011241965,155.87607356670318,-0.6886734542835313,-0.21646384952816816,153.71,4766300.0,155.14,4684400.0,154.59,5420000.0,27.647714604236228,-0.3222895449271679,0.03234361860404711,0.0060503545637888845,0.004022083480961884
JNJ,2024-10-10,155.32,155.35,154.01,154.5,154.5,4793900,Healthcare,154.14000000000001,154.76100000000002,156.442,156.04139999999998,155.0816462489705,155.77414219139186,-0.6924959424213739,-0.3116702681068093,154.64,6047200.0,154.49,4791200.0,155.35,6122000.0,29.245283018867852,0.006472910868016157,-0.5471515931766979,-0.0009053285049145376,0.0036410758261507456
JNJ,2024-10-11,156.11,156.57,155.17,155.42,155.42,5253500,Healthcare,154.366,154.767,156.2465,156.0782,155.1337006722058,155.74790943647395,-0.6142087642681417,-0.3721779673390758,154.5,4793900.0,154.29,5331100.0,155.36,7553800.0,40.047114252061064,0.732387063322304,0.03861997940266537,0.005954692556634278,0.004185862456669251
JNJ,2024-10-14,155.36,156.07,154.88,155.55,155.55,5964000,Healthcare,154.76399999999998,154.723,155.98700000000002,156.053,155.19774672263569,155.7332494782166,-0.5355027555809215,-0.404842924987445,155.42,5253500.0,153.56,4266000.0,155.99,6010000.0,43.04878048780495,1.2959103933316118,-0.28206936342073385,0.000836443186205349,0.003961090332033831
JNJ,2024-10-15,154.01,160.51,153.05,157.96,157.96,10548000,Healthcare,155.61399999999998,154.926,155.844,156.1312,155.62270876530712,155.89819396131168,-0.2754851960045528,-0.3789713791908666,155.55,5964000.0,153.71,4766300.0,155.93,4408000.0,69.80023501762636,2.7649469780755886,1.3018662220227073,0.015493410478945702,0.006365213493152841
JNJ,2024-10-16,157.86,158.82,156.55,158.13,158.13,5982100,Healthcare,156.312,155.225,155.75400000000002,156.2564,156.0084458783368,156.06351292714044,-0.055067048803636,-0.3141905131134205,157.96,10548000.0,154.64,6047200.0,155.14,4684400.0,67.55050505050508,2.256854630108651,1.927291478664439,0.0010762218283109082,0.0059650551168373474
JNJ,2024-10-17,158.11,158.82,157.51,158.31,158.31,4798000,Healthcare,157.07399999999998,155.60700000000003,155.73700000000002,156.3866,156.36253112782344,156.22991937698188,0.13261175084156207,-0.224830060322424,158.13,5982100.0,154.5,4793900.0,154.49,4791200.0,68.23238566131025,2.466019417475729,2.472651951582616,0.0011383039271486428,0.005583792403495109
JNJ,2024-10-18,158.72,159.1,157.79,158.94,158.94,5908000,Healthcare,157.778,156.072,155.78300000000002,156.5042,156.759064800466,156.43066608979805,0.3283987106679547,-0.11418430612434828,158.31,4798000.0,155.42,5253500.0,154.29,5331100.0,68.23238566131025,2.2648307811092616,3.0138051720785652,0.003979533826037551,0.005436955813061754
JNJ,2024-10-21,158.92,159.07,156.24,156.74,156.74,6082700,Healthcare,158.01600000000002,156.39,155.7645,156.5702,156.75613175424047,156.45357971277596,0.30255204146450865,-0.030837036606576898,158.94,5908000.0,155.55,5964000.0,153.56,4266000.0,53.95894428152495,0.7650273224043769,2.070851784318828,-0.01384170127091977,0.007313421173336461
JNJ,2024-10-22,156.25,157.6,155.84,157.33,157.33,5680300,Healthcare,157.89000000000001,156.752,155.79649999999998,156.662,156.844419176665,156.51849973405183,0.3259194426131842,0.04051425923737531,156.74,6082700.0,157.96,10548000.0,153.71,4766300.0,60.91724825523449,-0.3988351481387653,2.355084249560857,0.003764195482965471,0.007319993276334846
JNJ,2024-10-23,156.73,159.79,156.34,159.65,159.65,7441600,Healthcare,158.19400000000002,157.253,156.0495,156.8288,157.27604699563963,156.75046271671465,0.5255842789249812,0.1375282631748965,157.33,5680300.0,158.13,5982100.0,154.64,6047200.0,72.05128205128212,0.9612344273698836,3.239782721158835,0.01474607512871029,0.008263500692701065
JNJ,2024-10-24,158.82,159.32,157.23,157.54,157.54,5386300,Healthcare,158.04000000000002,157.557,156.159,156.9516,157.31665515015663,156.80894695992097,0.507708190235661,0.21156424858704942,159.65,7441600.0,158.31,4798000.0,154.5,4793900.0,61.93975018368851,-0.4863874676268143,1.96763754045306,-0.013216410898841291,0.009733407658163452
JNJ,2024-10-25,157.55,157.79,154.6,154.86,154.86,6400400,Healthcare,157.224,157.501,156.134,157.0092,156.93870820397868,156.66458051844535,0.27412768553332967,0.22407693597630549,157.54,5386300.0,158.94,5908000.0,155.42,5253500.0,54.177377892030904,-2.567006417516038,-0.3603139879037265,-0.017011552621556292,0.011281202175902094
JNJ,2024-10-28,155.1,155.91,154.97,155.55,155.55,4842500,Healthcare,156.98600000000002,157.501,156.11200000000002,157.0748,156.72506078798196,156.5820189985605,0.14304178942145995,0.2078699066653364,154.86,6400400.0,156.74,6082700.0,155.55,5964000.0,55.714285714285744,-0.7592190889370909,0.0,0.0044556373498643165,0.011379465483091565
JNJ,2024-10-29,155.42,156.1,154.07,154.1,154.1,5216900,Healthcare,156.34,157.115,156.02050000000003,157.1068,156.32120528213858,156.39816573940786,-0.07696045726927991,0.15090383387841314,155.55,4842500.0,157.33,5680300.0,157.96,10548000.0,48.37545126353793,-2.053009597660982,-2.443656621929613,-0.009321761491481895,0.01029345689698454
JNJ,2024-10-30,153.48,155.24,153.08,154.6,154.6,5820500,Healthcare,155.32999999999998,156.762,155.99349999999998,157.1388,156.05640446950187,156.26496827722949,-0.2085638077276144,0.07901030555720762,154.1,5216900.0,159.65,7441600.0,158.13,5982100.0,50.29446407538279,-3.1631694331349935,-2.232340479352435,0.0032446463335495945,0.010397678061947267
JNJ,2024-10-31,154.0,154.85,153.49,153.88,153.88,8613900,Healthcare,154.598,156.319,155.96300000000002,157.132,155.72157301265543,156.0883039603977,-0.3667309477422691,-0.010137945102687729,154.6,5820500.0,157.54,5386300.0,158.31,4798000.0,45.411203814064386,-2.32321949980957,-2.7983071189438435,-0.004657179818887469,0.010351956419011633
JNJ,2024-11-01,154.57,155.03,153.9,154.14,154.14,5256400,Healthcare,154.454,155.839,155.9555,157.1128,155.4782540876315,155.9439851485164,-0.4657310608848775,-0.10125656825912568,153.88,8613900.0,154.86,6400400.0,158.94,5908000.0,45.83086930810163,-0.46493607129021175,-3.020007550018877,0.0016896282817779884,0.01021002844632114
JNJ,2024-11-04,153.72,154.28,152.15,152.32,152.32,4644000,Healthcare,153.808,155.397,155.89350000000002,157.0232,154.99236884338052,155.67554180418185,-0.683172960801329,-0.21763984676756637,154.14,5256400.0,155.55,4842500.0,156.74,6082700.0,32.72058823529403,-2.0765027322404483,-2.819956616052066,-0.01180744777475018,0.009988200512023385
JNJ,2024-11-05,151.77,152.65,150.5,152.42,152.42,6547100,Healthcare,153.472,154.906,155.829,156.9264,154.59661979055275,155.43439055942764,-0.8377707688748899,-0.34166603118903105,152.32,4644000.0,154.1,5216900.0,157.33,5680300.0,32.43076923076917,-1.0902011680726797,-3.1208288311193155,0.000656512605041959,0.009807590213310825
JNJ,2024-11-06,153.92,154.83,151.46,151.97,151.97,8926600,Healthcare,152.946,154.138,155.69549999999998,156.8288,154.19252443816,155.17776903650707,-0.9852445983470659,-0.47038174462063803,152.42,6547100.0,154.6,5820500.0,159.65,7441600.0,30.811138014527785,-1.7011642949547157,-4.810523019104296,-0.002952368455583221,0.007565492191835875
JNJ,2024-11-07,152.54,152.81,150.65,150.86,150.86,7522800,Healthcare,152.342,153.47,155.5135,156.6902,153.67982837075078,154.8579342930621,-1.1781059223113175,-0.611926580158774,151.97,8926600.0,153.88,8613900.0,157.54,5386300.0,26.23529411764703,-1.9625682349882934,-4.240192966865541,-0.0073040731723365004,0.007056573814301151
JNJ,2024-11-08,151.12,151.2,149.59,149.65,149.65,8926100,Healthcare,151.44400000000002,152.949,155.225,156.5216,153.05985477525067,154.47216138246492,-1.4123066072142478,-0.7720025855698688,150.86,7522800.0,154.14,5256400.0,154.86,6400400.0,27.85758900687064,-2.912936291682877,-3.3643290714193474,-0.008020681426488152,0.0056993931544153074
JNJ,2024-11-11,149.8,151.68,149.11,149.24,149.24,7146800,Healthcare,150.828,152.318,154.9095,156.3134,152.4721848098275,154.0845938726527,-1.6124090628252077,-0.9400838810209367,149.65,8926100.0,152.32,4644000.0,155.55,4842500.0,24.44725205306372,-2.0220588235294046,-4.056573449051748,-0.002739726027397249,0.005009665644604038
JNJ,2024-11-12,148.75,149.24,146.67,146.93,146.93,7181400,Healthcare,149.73000000000002,151.60099999999997,154.358,156.034,151.61954099293095,153.5546239561599,-1.9350829632289503,-1.1390836974625393,149.24,7146800.0,152.42,6547100.0,154.1,5216900.0,9.797724399494228,-3.6018895158115627,-4.652822842310178,-0.015478424015009429,0.006000189272282669
JNJ,2024-11-13,146.79,147.76,145.75,147.5,147.5,7161900,Healthcare,148.836,150.891,153.82649999999998,155.762,150.98576545555693,153.10613329274065,-2.1203678371837213,-1.3353405254067758,146.93,7181400.0,151.97,8926600.0,154.6,5820500.0,14.84593837535003,-2.9413700072382754,-4.592496765847343,0.003879398352957253,0.006096589944423191
JNJ,2024-11-14,147.45,147.84,145.12,146.19,146.19,7716400,Healthcare,147.902,150.122,153.2205,155.5094,150.24795538547124,152.593827122908,-2.3458717374367666,-1.5374467678127741,147.5,7161900.0,150.86,7522800.0,153.88,8613900.0,16.421378776142376,-3.0955853108842746,-4.997400571874189,-0.008881355932203405,0.006239993223261775
JNJ,2024-11-15,145.25,148.65,145.25,148.24,148.24,11328500,Healthcare,147.62,149.53199999999998,152.6855,155.30960000000002,149.93903917232183,152.2713214101,-2.3322822377781733,-1.6964138618058542,146.19,7716400.0,149.65,8926100.0,154.14,5256400.0,24.38682550805882,-0.9421984630805236,-3.8276891137926428,0.014022846979957704,0.00852909244779569
JNJ,2024-11-18,146.88,149.52,146.63,148.98,148.98,7510600,Healthcare,147.568,149.198,152.2975,155.08180000000002,149.79149468427232,152.02751982416666,-2.2360251398943376,-1.804336117423551,148.24,11328500.0,149.24,7146800.0,152.32,4644000.0,31.120943952802264,-0.17421602787457413,-2.192752100840334,0.004991905018888243,0.008444368938080399
JNJ,2024-11-19,148.19,148.23,146.36,147.27,147.27,8233700,Healthcare,147.63600000000002,148.683,151.79450000000003,154.8048,149.4035724251535,151.67511094830246,-2.271538523148962,-1.8977765985686332,148.98,7510600.0,146.93,7181400.0,152.42,6547100.0,25.1861882193635,0.2314027087728876,-3.378821676945265,-0.01147805074506636,0.008853037549035513
JNJ,2024-11-20,147.3,147.51,146.13,147.38,147.38,9061300,Healthcare,147.61200000000002,148.224,151.18099999999998,154.5794,149.0922535905145,151.35695458176153,-2.2647009912470253,-1.9711614771043118,147.27,8233700.0,147.5,7161900.0,151.97,8926600.0,27.04802259886992,-0.08135593220339743,-3.0203329604527207,0.0007469274122360314,0.00895039053091921
JNJ,2024-11-21,147.87,150.22,147.09,149.68,149.68,10141100,Healthcare,148.31,148.106,150.788,154.4034,149.18267611505073,151.23273572385327,-2.050059608802542,-1.9869411034439577,147.38,9061300.0,146.19,7716400.0,150.86,7522800.0,36.23456790123458,2.3873041931732786,-0.782182155640998,0.015605916677975396,0.010526953308218796
JNJ,2024-11-22,150.07,151.24,148.34,149.36,149.36,8266000,Healthcare,148.53400000000002,148.077,150.513,154.204,149.20995671273522,151.0940145591234,-1.884057846388174,-1.966364452032801,149.68,10141100.0,148.24,11328500.0,149.65,8926100.0,39.93197278911567,0.7555315704263377,-0.19378549949882196,-0.002137894174238375,0.01023489899261056
JNJ,2024-11-25,149.36,151.16,149.33,149.95,149.95,12256200,Healthcare,148.728,148.148,150.233,153.9882,149.32380952616057,151.00927273992906,-1.685463213768486,-1.910184204379938,149.36,8266000.0,148.98,7510600.0,149.24,7146800.0,41.8696510862409,0.6510941065914988,0.475743768426673,0.003950187466523758,0.01026518156946576
JNJ,2024-11-26,150.55,150.64,148.61,149.93,149.93,5683500,Healthcare,149.26,148.448,150.0245,153.7704,149.41706959905895,150.92932661104544,-1.5122570119864918,-1.8305987659012488,149.95,12256200.0,147.27,8233700.0,146.93,7181400.0,43.089430894308926,1.8062062877707508,2.0417886068195834,-0.0001333777925973667,0.008623160088748126
JNJ,2024-11-27,150.04,151.98,150.01,150.78,150.78,4140400,Healthcare,149.94,148.776,149.83350000000002,153.5874,149.62675119920374,150.91826538059763,-1.291514181393893,-1.722781848999778,149.93,5683500.0,147.38,9061300.0,147.5,7161900.0,49.724137931034434,2.3069615958746237,2.2237288135593225,0.005669312345761401,0.008683563954282998
JNJ,2024-11-29,150.29,151.05,149.59,150.41,150.41,5687800,Healthcare,150.08599999999998,149.198,149.66,153.4226,149.74725101471086,150.88061609314596,-1.133365078435105,-1.6048984948868434,150.78,4140400.0,149.68,10141100.0,146.19,7716400.0,52.7818448023426,0.4877071084981255,2.8866543539229683,-0.002453906353627855,0.007978523672869052
JNJ,2024-12-02,150.15,150.4,149.36,150.2,150.2,6946500,Healthcare,150.254,149.394,149.46300000000002,153.2662,149.81690470475533,150.83020008624624,-1.0132953814909058,-1.4865778722076561,150.41,5687800.0,149.36,8266000.0,148.24,11328500.0,53.56612184249623,0.5623995715050789,1.3221802482460632,-0.0013961837643774455,0.007017516704602391
JNJ,2024-12-03,150.2,150.2,147.79,147.83,147.83,8674400,Healthcare,149.82999999999998,149.279,149.2385,153.0806,149.51122705786992,150.6079630428206,-1.0967359849506693,-1.4086094947562589,150.2,6946500.0,149.95,12256200.0,148.98,7510600.0,53.328402366863955,-1.4138046015338301,-0.7719156933816418,-0.015778961384820045,0.008689989955479684
JNJ,2024-12-04,146.8,147.06,145.3,146.0,146.0,10333100,Healthcare,149.044,149.152,148.91750000000002,152.8668,148.9710382797361,150.26663244705608,-1.2955941673199902,-1.386006429269005,147.83,8674400.0,149.93,5683500.0,147.27,8233700.0,44.92557510148847,-2.621223237510839,-0.8623616486725161,-0.012379084083068426,0.008817429711883578
JNJ,2024-12-05,145.54,145.91,144.53,145.08,145.08,7898100,Healthcare,147.904,148.922,148.573,152.6766,148.37241700593054,149.88243745097785,-1.510020445047303,-1.4108092324246648,146.0,10333100.0,150.78,4140400.0,147.38,9061300.0,46.143154968728304,-3.7803422204536363,-1.5605916677975173,-0.006301369863013662,0.008957895225511225
JNJ,2024-12-06,144.95,145.59,143.97,144.88,144.88,8389600,Healthcare,146.798,148.44199999999998,148.274,152.4672,147.83512208194122,149.5118865286832,-1.67676444674197,-1.464000275288126,145.08,7898100.0,150.41,5687800.0,149.68,10141100.0,36.602870813396976,-3.6766172461937363,-3.2068412613575736,-0.0013785497656466639,0.0066628573569071
JNJ,2024-12-09,144.86,146.41,144.03,145.16,145.16,8410300,Healthcare,145.79,148.022,148.04950000000002,152.26319999999998,147.42356483856565,149.18952456359557,-1.7659597250299157,-1.5243921652364842,144.88,8389600.0,150.2,6946500.0,149.36,8266000.0,34.18874172185423,-3.355525965379491,-2.81199785752545,0.001932633903920511,0.006858722029641468
JNJ,2024-12-10,145.48,146.35,143.92,144.8,144.8,9398700,Healthcare,145.18400000000003,147.507,147.82750000000001,152.0394,147.0199394787863,148.86437459592184,-1.8444351171355322,-1.588400755616294,145.16,8410300.0,147.83,8674400.0,149.95,12256200.0,38.49021435228326,-2.049651626868698,-3.434478159386445,-0.002480022044640262,0.006441487719546023
JNJ,2024-12-11,144.09,144.09,142.02,142.28,142.28,13446700,Healthcare,144.44,146.742,147.595,151.7664,146.2907180205115,148.37664314437208,-2.0859251238605907,-1.6879056292651535,144.8,9398700.0,146.0,10333100.0,149.93,5683500.0,30.593607305936033,-2.5479452054794516,-5.1023811111852275,-0.0174033149171271,0.007649369741338017
JNJ,2024-12-12,142.83,143.38,141.67,141.9,141.9,6176300,Healthcare,143.804,145.85399999999998,147.315,151.5016,145.6152229404328,147.89689180034452,-2.2816688599117185,-1.8066582753944667,142.28,13446700.0,145.08,7898100.0,150.78,4140400.0,15.32976827094457,-2.1918941273780024,-5.889375248706719,-0.0026707899915658917,0.006732721948104076
JNJ,2024-12-13,141.33,142.57,140.73,142.27,142.27,8324900,Healthcare,143.282,145.04000000000002,147.119,151.2572,145.10057325728928,147.480085000319,-2.379511743029724,-1.9212289689215183,141.9,6176300.0,144.88,8389600.0,150.41,5687800.0,18.5448092280389,-1.801490889011581,-5.411874210491319,0.002607470049330596,0.0072051776053531635
JNJ,2024-12-16,142.37,142.88,139.26,139.58,139.58,8732400,Healthcare,142.166,143.978,146.68599999999998,150.96300000000002,144.2512542946294,146.8948935188139,-2.643639224184483,-2.0657110199741116,142.27,8324900.0,145.16,8410300.0,150.2,6946500.0,11.219147344801812,-3.8440341691926005,-7.0705725699067745,-0.018907710690939772,0.008155585175701247
JNJ,2024-12-17,139.57,142.3,139.44,142.06,142.06,10343000,Healthcare,141.618,143.401,146.33999999999997,150.733,143.9141382493018,146.536753258161,-2.6226150088592135,-2.177091817751132,139.58,8732400.0,144.8,9398700.0,147.83,8674400.0,25.142135186354977,-1.8922651933701684,-3.9031319759182947,0.017767588479724816,0.010754657781342573
JNJ,2024-12-18,141.35,142.38,140.37,140.45,140.45,9336100,Healthcare,141.252,142.846,145.999,150.46779999999998,143.38119390325537,146.08588264644538,-2.704688743190019,-2.2826112028389094,142.06,10343000.0,142.28,13446700.0,146.0,10333100.0,18.866787221217578,-1.2861962327804455,-3.801369863013704,-0.011333239476277734,0.010668007015809484
JNJ,2024-12-19,139.86,140.91,139.11,139.32,139.32,9516700,Healthcare,140.73600000000002,142.27,145.596,150.16140000000001,142.75639484121606,145.58470615411608,-2.828311312900013,-2.3917512248511303,140.45,9336100.0,141.9,6176300.0,145.08,7898100.0,18.04034582132563,-1.81818181818183,-3.97022332506205,-0.008045567817728694,0.010727238295768509
JNJ,2024-12-20,138.8,141.15,138.51,140.18,140.18,17702800,Healthcare,140.318,141.8,145.121,149.875,142.3600264041059,145.18435755010748,-2.824331146001583,-2.478267209081221,139.32,9516700.0,142.27,8324900.0,144.88,8389600.0,22.166666666666714,-1.4690377451324954,-3.2440640530093767,0.006172839506172867,0.011187500124003385
JNJ,2024-12-23,140.33,141.01,139.19,140.96,140.96,8720800,Healthcare,140.594,141.38,144.70100000000002,149.5858,142.14463772655114,144.87144217602543,-2.7268044494742867,-2.527974657159834,140.18,17702800.0,139.58,8732400.0,145.16,8410300.0,29.067641681901293,0.9886803266943689,-2.8933590520804575,0.0055642745042088215,0.011430236154201487
JNJ,2024-12-24,140.69,141.52,140.04,141.52,141.52,3164100,Healthcare,140.486,141.052,144.2795,149.3052,142.04853961477406,144.62318720002355,-2.574647585249494,-2.5373092427777664,140.96,8720800.0,142.06,10343000.0,144.8,9398700.0,35.20475561426689,-0.38012107560185804,-2.265193370165741,0.0039727582292850006,0.011635180618120005
JNJ,2024-12-26,141.19,142.02,140.78,141.26,141.26,4656300,Healthcare,140.648,140.95,143.846,148.9712,141.92722582788574,144.37406222224405,-2.4468363943583142,-2.519214673093876,141.52,3164100.0,140.45,9336100.0,142.28,13446700.0,36.80939226519334,0.5767176931292362,-0.7168962608940177,-0.0018371961560205152,0.010349533431509796
JNJ,2024-12-27,140.57,142.25,140.38,140.74,140.74,5588300,Healthcare,140.932,140.834,143.344,148.6234,141.7445757005187,144.10487242800377,-2.360296727485064,-2.487431083972114,141.26,4656300.0,139.32,9516700.0,141.9,6176300.0,36.013513513513566,1.0192362905541374,-0.8174770965468592,-0.0036811553164376454,0.010376123541150046
JNJ,2024-12-30,140.54,140.58,138.7,139.08,139.08,6268700,Healthcare,140.71200000000002,140.51500000000001,142.7775,148.2388,141.334640977362,143.73265965555905,-2.3980186781970474,-2.4695486028171008,140.74,5588300.0,140.18,17702800.0,142.27,8324900.0,31.211372064276944,-0.784705378798678,-2.24221550572854,-0.011794798919994243,0.010843914716175136
JNJ,2024-12-31,139.49,140.37,139.05,140.32,140.32,5811400,Healthcare,140.584,140.589,142.2835,147.8664,141.17854236546015,143.47987005144356,-2.3013276859834093,-2.4359044194503627,139.08,6268700.0,140.96,8720800.0,139.58,8732400.0,36.869871043376264,-0.4540295119182858,0.5301619143143643,0.008915731952832795,0.009580025105265818
