Ticker,Date,Open,High,Low,Close,Adj Close,Volume,Sector
JPM,2019-01-02,78.5,81.63,78.49,81.25,81.25,15670900,Financials
JPM,2019-01-03,81.36,81.56,79.75,80.1,80.1,16286400,Financials
JPM,2019-01-04,81.75,83.25,81.06,83.05,83.05,16935200,Financials
JPM,2019-01-07,82.83,83.69,82.24,83.11,83.11,15430700,Financials
JPM,2019-01-08,83.82,83.98,82.11,82.95,82.95,13578800,Financials
JPM,2019-01-09,83.15,83.71,82.42,82.81,82.81,14230300,Financials
JPM,2019-01-10,82.5,83.08,81.88,82.8,82.8,14376100,Financials
JPM,2019-01-11,82.39,82.62,81.61,82.4,82.4,15439900,Financials
JPM,2019-01-14,81.55,83.6,81.37,83.25,83.25,21258500,Financials
JPM,2019-01-15,81.56,84.52,81.32,83.86,83.86,26504900,Financials
JPM,2019-01-16,84.33,85.32,83.96,84.54,84.54,18533000,Financials
JPM,2019-01-17,84.22,85.37,84.06,84.89,84.89,14247600,Financials
JPM,2019-01-18,85.59,86.52,84.81,86.26,86.26,16428700,Financials
JPM,2019-01-22,85.02,85.44,84.24,84.9,84.9,17083700,Financials
JPM,2019-01-23,85.32,85.53,84.1,84.69,84.69,12146700,Financials
JPM,2019-01-24,84.24,85.03,84.08,84.74,84.74,11296800,Financials
JPM,2019-01-25,85.37,86.03,84.74,85.28,85.28,14369400,Financials
JPM,2019-01-28,84.86,85.98,84.62,85.68,85.68,12283100,Financials
JPM,2019-01-29,85.68,86.69,85.56,85.92,85.92,9743300,Financials
JPM,2019-01-30,85.89,86.8,85.6,86.12,86.12,12526300,Financials
JPM,2019-01-31,85.29,85.61,84.73,85.37,85.37,17520600,Financials
JPM,2019-02-01,85.78,86.48,85.38,85.68,85.68,13000800,Financials
JPM,2019-02-04,85.61,85.98,84.96,85.98,85.98,9871500,Financials
JPM,2019-02-05,86.21,86.23,85.19,85.61,85.61,12763000,Financials
JPM,2019-02-06,85.54,86.29,85.34,85.56,85.56,8745000,Financials
JPM,2019-02-07,85.16,85.37,83.67,84.44,84.44,13177500,Financials
JPM,2019-02-08,84.19,84.41,82.53,83.6,83.6,12892600,Financials
JPM,2019-02-11,83.93,84.14,83.11,83.2,83.2,10978500,Financials
JPM,2019-02-12,84.09,84.89,84.04,84.62,84.62,12852300,Financials
JPM,2019-02-13,84.87,85.65,84.87,85.03,85.03,10754100,Financials
JPM,2019-02-14,84.52,85.04,83.59,84.48,84.48,11518500,Financials
JPM,2019-02-15,85.7,87.18,85.5,87.06,87.06,14716900,Financials
JPM,2019-02-19,86.53,86.91,85.62,86.75,86.75,12764900,Financials
JPM,2019-02-20,86.78,87.26,86.5,87.17,87.17,10030300,Financials
JPM,2019-02-21,86.97,87.42,86.57,86.99,86.99,8400100,Financials
JPM,2019-02-22,87.18,87.5,86.42,86.6,86.6,10647300,Financials
JPM,2019-02-25,87.22,88.48,87.17,87.51,87.51,11230700,Financials
JPM,2019-02-26,86.19,86.99,85.73,86.84,86.84,15465400,Financials
JPM,2019-02-27,86.75,86.92,86.2,86.74,86.74,9968800,Financials
JPM,2019-02-28,86.61,86.78,85.93,86.08,86.08,15156900,Financials
JPM,2019-03-01,86.69,87.35,85.94,86.13,86.13,13813300,Financials
JPM,2019-03-04,86.54,87.36,85.18,85.94,85.94,12466300,Financials
JPM,2019-03-05,85.89,86.23,85.17,85.87,85.87,10856600,Financials
JPM,2019-03-06,85.66,86.25,85.41,85.55,85.55,9070800,Financials
JPM,2019-03-07,85.16,85.34,84.26,84.93,84.93,12705700,Financials
JPM,2019-03-08,84.12,85.14,84.12,84.96,84.96,10582400,Financials
JPM,2019-03-11,85.76,86.23,85.5,86.07,86.07,9763200,Financials
JPM,2019-03-12,86.26,86.43,85.57,85.81,85.81,10219100,Financials
JPM,2019-03-13,85.94,86.59,85.74,86.1,86.1,13022200,Financials
JPM,2019-03-14,86.19,87.32,86.16,86.88,86.88,10926500,Financials
JPM,2019-03-15,86.94,88.09,86.79,87.88,87.88,24811700,Financials
JPM,2019-03-18,87.88,88.9,87.84,88.41,88.41,12935500,Financials
JPM,2019-03-19,89.24,89.41,87.88,88.09,88.09,12889300,Financials
JPM,2019-03-20,87.78,87.96,86.12,86.21,86.21,14920700,Financials
JPM,2019-03-21,85.36,85.36,84.36,84.85,84.85,19751000,Financials
JPM,2019-03-22,83.98,84.39,82.08,82.28,82.28,31115200,Financials
JPM,2019-03-25,82.14,82.95,80.9,81.6,81.6,21032300,Financials
JPM,2019-03-26,82.33,82.81,81.51,82.41,82.41,15987100,Financials
JPM,2019-03-27,82.38,82.85,81.72,82.13,82.13,12753200,Financials
JPM,2019-03-28,82.48,83.14,82.26,83.06,83.06,12454100,Financials
JPM,2019-03-29,83.75,84.12,82.97,83.49,83.49,14523400,Financials
JPM,2019-04-01,84.25,86.34,84.23,86.31,86.31,17499300,Financials
JPM,2019-04-02,86.27,86.97,86.05,86.72,86.72,10295400,Financials
JPM,2019-04-03,87.27,87.72,86.43,86.89,86.89,11499200,Financials
JPM,2019-04-04,86.89,87.87,86.81,87.73,87.73,11952100,Financials
JPM,2019-04-05,87.93,88.19,87.26,87.52,87.52,9933700,Financials
JPM,2019-04-08,87.36,87.81,87.19,87.81,87.81,8056300,Financials
JPM,2019-04-09,87.33,87.43,86.64,87.16,87.16,9092200,Financials
JPM,2019-04-10,87.37,87.86,86.83,87.55,87.55,10882300,Financials
JPM,2019-04-11,87.86,88.7,87.73,88.29,88.29,11183800,Financials
JPM,2019-04-12,90.96,92.96,90.49,92.43,92.43,25834100,Financials
JPM,2019-04-15,92.19,92.25,90.69,91.37,91.37,15163800,Financials
JPM,2019-04-16,91.34,92.58,91.3,92.34,92.34,11583200,Financials
JPM,2019-04-17,92.83,95.29,92.26,95.0,95.0,17791900,Financials
JPM,2019-04-18,95.19,95.54,94.19,94.3,94.3,12501900,Financials
JPM,2019-04-22,93.77,94.69,93.63,94.41,94.41,7975900,Financials
JPM,2019-04-23,93.91,95.05,93.79,94.53,94.53,9193100,Financials
JPM,2019-04-24,94.13,94.87,93.76,94.37,94.37,9245700,Financials
JPM,2019-04-25,93.92,94.87,93.5,94.42,94.42,9311800,Financials
JPM,2019-04-26,94.7,95.23,94.41,95.14,95.14,7889300,Financials
JPM,2019-04-29,95.24,97.37,95.12,96.51,96.51,14242200,Financials
JPM,2019-04-30,96.77,97.01,95.79,96.45,96.45,11389100,Financials
JPM,2019-05-01,96.18,97.24,95.67,95.71,95.71,10412900,Financials
JPM,2019-05-02,95.72,96.23,95.23,95.92,95.92,8613300,Financials
JPM,2019-05-03,96.41,96.97,96.13,96.51,96.51,8185400,Financials
JPM,2019-05-06,94.9,95.97,94.51,95.65,95.65,9387000,Financials
JPM,2019-05-07,94.77,94.77,93.32,94.09,94.09,15017700,Financials
JPM,2019-05-08,93.63,94.47,93.47,93.59,93.59,9575800,Financials
JPM,2019-05-09,92.37,93.7,91.9,93.52,93.52,12205900,Financials
JPM,2019-05-10,92.88,93.78,91.87,93.51,93.51,13189000,Financials
JPM,2019-05-13,91.49,91.8,90.57,90.96,90.96,13783700,Financials
JPM,2019-05-14,91.05,92.85,91.01,91.69,91.69,10503600,Financials
JPM,2019-05-15,90.76,92.17,90.27,91.34,91.34,10142000,Financials
JPM,2019-05-16,91.94,93.22,91.91,92.51,92.51,9672700,Financials
JPM,2019-05-17,91.42,92.88,91.28,92.06,92.06,9570100,Financials
JPM,2019-05-20,91.9,92.93,91.73,92.54,92.54,8518200,Financials
JPM,2019-05-21,92.62,93.02,92.44,92.86,92.86,7967900,Financials
JPM,2019-05-22,92.58,92.91,92.04,92.1,92.1,7918900,Financials
JPM,2019-05-23,91.12,91.25,89.34,90.29,90.29,14558000,Financials
JPM,2019-05-24,91.02,91.39,90.75,91.18,91.18,8537300,Financials
JPM,2019-05-28,90.76,91.28,90.12,90.19,90.19,11665500,Financials
JPM,2019-05-29,89.3,90.09,88.98,89.94,89.94,9966400,Financials
JPM,2019-05-30,90.3,90.74,88.55,88.98,88.98,10367800,Financials
JPM,2019-05-31,87.73,88.59,87.13,88.06,88.06,10952800,Financials
JPM,2019-06-03,87.93,88.81,87.52,88.48,88.48,11680700,Financials
JPM,2019-06-04,89.63,91.34,89.04,91.21,91.21,12858600,Financials
JPM,2019-06-05,91.3,91.74,90.29,91.53,91.53,8340500,Financials
JPM,2019-06-06,91.55,92.14,90.53,91.73,91.73,8726700,Financials
JPM,2019-06-07,91.17,91.44,90.56,90.72,90.72,10618900,Financials
JPM,2019-06-10,92.04,92.43,91.6,91.7,91.7,11380600,Financials
JPM,2019-06-11,92.1,92.73,91.73,91.99,91.99,9847700,Financials
JPM,2019-06-12,92.0,92.17,90.5,90.81,90.81,9670500,Financials
JPM,2019-06-13,90.97,91.55,90.63,91.04,91.04,8406900,Financials
JPM,2019-06-14,91.06,91.67,90.28,91.27,91.27,9077400,Financials
JPM,2019-06-17,91.17,91.73,90.64,90.77,90.77,8128600,Financials
JPM,2019-06-18,90.6,92.59,90.57,92.01,92.01,11057300,Financials
JPM,2019-06-19,92.1,92.74,91.17,91.35,91.35,13126500,Financials
JPM,2019-06-20,92.15,92.33,90.62,91.58,91.58,13638000,Financials
JPM,2019-06-21,91.58,92.81,90.66,90.96,90.96,27089500,Financials
JPM,2019-06-24,90.82,91.23,90.21,90.31,90.31,13039600,Financials
JPM,2019-06-25,90.32,90.57,89.48,89.56,89.56,18660100,Financials
JPM,2019-06-26,90.01,90.85,89.89,90.16,90.16,10324600,Financials
JPM,2019-06-27,90.46,91.05,90.12,90.46,90.46,10906600,Financials
JPM,2019-06-28,92.29,93.44,92.17,92.92,92.92,21634700,Financials
JPM,2019-07-01,94.11,95.18,93.98,94.48,94.48,12724500,Financials
JPM,2019-07-02,94.34,94.91,94.1,94.58,94.58,10174900,Financials
JPM,2019-07-03,94.86,95.31,93.96,94.43,94.43,6849400,Financials
JPM,2019-07-05,95.01,95.64,94.51,94.99,94.99,7929400,Financials
JPM,2019-07-08,94.55,94.98,94.16,94.47,94.47,6917200,Financials
JPM,2019-07-09,93.98,94.99,93.87,94.87,94.87,8947300,Financials
JPM,2019-07-10,94.89,95.27,94.36,94.6,94.6,9242300,Financials
JPM,2019-07-11,94.89,95.72,94.68,95.5,95.5,11595200,Financials
JPM,2019-07-12,95.53,96.55,95.36,96.5,96.5,10783400,Financials
JPM,2019-07-15,96.71,96.73,95.02,95.33,95.33,12946600,Financials
JPM,2019-07-16,94.98,96.67,94.51,96.35,96.35,16945000,Financials
JPM,2019-07-17,95.78,96.2,95.19,95.41,95.41,13120900,Financials
JPM,2019-07-18,95.36,96.31,95.04,95.98,95.98,9397200,Financials
JPM,2019-07-19,96.16,96.35,94.91,95.03,95.03,10402800,Financials
JPM,2019-07-22,94.5,95.79,94.39,95.64,95.64,9061100,Financials
JPM,2019-07-23,96.15,97.47,96.1,97.39,97.39,12752200,Financials
JPM,2019-07-24,96.74,97.83,96.69,97.79,97.79,10011000,Financials
JPM,2019-07-25,97.84,98.13,96.52,96.85,96.85,10138400,Financials
JPM,2019-07-26,96.9,97.52,96.7,97.27,97.27,12800400,Financials
JPM,2019-07-29,97.48,98.08,96.91,96.96,96.96,8500400,Financials
JPM,2019-07-30,96.41,97.16,96.05,96.75,96.75,7121100,Financials
JPM,2019-07-31,97.17,97.24,96.14,97.09,97.09,13648000,Financials
JPM,2019-08-01,96.53,97.76,94.24,94.53,94.53,15664500,Financials
JPM,2019-08-02,94.08,94.94,93.24,94.52,94.52,11025500,Financials
JPM,2019-08-05,92.73,92.89,90.62,91.71,91.71,15855300,Financials
JPM,2019-08-06,92.11,92.49,90.68,92.43,92.43,10203500,Financials
JPM,2019-08-07,90.39,90.63,88.67,90.42,90.42,17320900,Financials
JPM,2019-08-08,91.27,92.14,91.0,91.95,91.95,10903300,Financials
JPM,2019-08-09,91.52,92.45,90.64,91.85,91.85,9980800,Financials
JPM,2019-08-12,90.76,90.82,89.73,90.13,90.13,9393700,Financials
JPM,2019-08-13,90.35,92.34,89.58,91.52,91.52,12124700,Financials
JPM,2019-08-14,88.97,89.48,87.42,87.72,87.72,19491800,Financials
JPM,2019-08-15,87.73,89.04,87.33,88.05,88.05,13365600,Financials
JPM,2019-08-16,89.03,90.38,88.61,90.16,90.16,11830600,Financials
JPM,2019-08-19,91.76,91.86,90.75,90.97,90.97,8265400,Financials
JPM,2019-08-20,90.27,90.76,89.76,89.82,89.82,8374000,Financials
JPM,2019-08-21,90.57,90.75,89.93,90.07,90.07,8189300,Financials
JPM,2019-08-22,90.7,91.46,90.34,91.0,91.0,9343400,Financials
JPM,2019-08-23,90.39,91.05,87.98,88.74,88.74,14762300,Financials
JPM,2019-08-26,89.24,89.55,88.73,89.45,89.45,8209500,Financials
JPM,2019-08-27,89.85,90.03,87.75,88.5,88.5,14331800,Financials
JPM,2019-08-28,87.95,89.73,87.92,89.39,89.39,10585500,Financials
JPM,2019-08-29,90.51,91.98,90.41,91.42,91.42,10002200,Financials
JPM,2019-08-30,91.93,92.54,91.62,91.95,91.95,10170300,Financials
JPM,2019-09-03,91.21,91.22,89.83,90.86,90.86,9868800,Financials
JPM,2019-09-04,91.61,92.25,90.86,91.96,91.96,6929200,Financials
JPM,2019-09-05,93.11,95.18,93.07,94.05,94.05,13224700,Financials
JPM,2019-09-06,94.29,94.56,93.71,94.25,94.25,7836600,Financials
JPM,2019-09-09,95.17,97.14,95.08,96.59,96.59,13985100,Financials
JPM,2019-09-10,97.34,98.15,96.86,97.82,97.82,14333100,Financials
JPM,2019-09-11,97.84,98.09,96.57,98.09,98.09,9919200,Financials
JPM,2019-09-12,97.55,99.16,97.02,98.69,98.69,12283500,Financials
JPM,2019-09-13,99.6,100.77,99.39,100.63,100.63,16257200,Financials
JPM,2019-09-16,99.52,100.33,99.08,99.74,99.74,11993900,Financials
JPM,2019-09-17,99.12,99.27,98.13,99.24,99.24,10735400,Financials
JPM,2019-09-18,99.03,100.51,98.56,100.24,100.24,10665600,Financials
JPM,2019-09-19,100.19,100.72,99.68,99.92,99.92,9382600,Financials
JPM,2019-09-20,100.22,100.72,99.49,99.52,99.52,21862800,Financials
JPM,2019-09-23,98.58,99.7,98.5,99.5,99.5,9135100,Financials
JPM,2019-09-24,99.39,99.82,97.96,98.2,98.2,11696500,Financials
JPM,2019-09-25,98.15,99.07,98.03,98.76,98.76,9389400,Financials
JPM,2019-09-26,98.66,98.81,97.89,97.95,97.95,9899200,Financials
JPM,2019-09-27,98.73,99.3,98.16,98.53,98.53,10207800,Financials
JPM,2019-09-30,99.07,99.41,98.11,98.5,98.5,9755000,Financials
JPM,2019-10-01,99.1,99.6,96.6,96.71,96.71,11250300,Financials
JPM,2019-10-02,96.09,96.17,94.52,94.79,94.79,12548700,Financials
JPM,2019-10-03,94.72,95.26,93.24,94.65,94.65,12735200,Financials
JPM,2019-10-04,94.78,96.97,94.72,96.7,96.7,9453100,Financials
JPM,2019-10-07,96.34,97.45,96.24,96.49,96.49,6771600,Financials
JPM,2019-10-08,95.39,95.39,94.21,94.34,94.34,10806300,Financials
JPM,2019-10-09,95.06,95.47,94.55,95.02,95.02,7273700,Financials
JPM,2019-10-10,95.46,97.36,95.34,96.36,96.36,10994100,Financials
JPM,2019-10-11,97.89,99.55,97.76,97.99,97.99,15076500,Financials
JPM,2019-10-14,97.74,98.6,97.58,98.25,98.25,8779000,Financials
JPM,2019-10-15,100.27,102.58,99.45,101.21,101.21,23379000,Financials
JPM,2019-10-16,101.21,101.77,100.72,100.97,100.97,11087700,Financials
JPM,2019-10-17,101.88,102.57,101.14,101.54,101.54,10818500,Financials
JPM,2019-10-18,101.24,102.1,101.12,101.72,101.72,10417400,Financials
JPM,2019-10-21,102.97,104.42,102.92,104.24,104.24,12714600,Financials
JPM,2019-10-22,104.15,105.55,103.88,105.28,105.28,12549100,Financials
JPM,2019-10-23,104.79,105.59,104.76,105.56,105.56,8828300,Financials
JPM,2019-10-24,105.71,106.02,104.68,105.49,105.49,8020500,Financials
JPM,2019-10-25,105.46,106.85,105.25,106.33,106.33,9055700,Financials
JPM,2019-10-28,106.79,107.33,106.64,106.74,106.74,9522200,Financials
JPM,2019-10-29,106.36,107.5,106.25,106.67,106.67,9797300,Financials
JPM,2019-10-30,106.35,106.52,105.39,106.08,106.08,8513700,Financials
JPM,2019-10-31,105.87,106.08,104.5,105.39,105.39,11589100,Financials
JPM,2019-11-01,106.47,107.98,106.32,107.82,107.82,11682600,Financials
JPM,2019-11-04,108.9,109.19,108.46,108.68,108.68,9159900,Financials
JPM,2019-11-05,109.17,109.93,108.7,108.92,108.92,13747600,Financials
JPM,2019-11-06,108.57,109.54,108.48,109.09,109.09,11231100,Financials
JPM,2019-11-07,110.04,110.77,109.61,109.68,109.68,13528900,Financials
JPM,2019-11-08,109.58,110.02,109.05,110.0,110.0,9293400,Financials
JPM,2019-11-11,109.34,109.76,109.13,109.61,109.61,8679000,Financials
JPM,2019-11-12,109.37,110.2,108.84,108.97,108.97,9099000,Financials
JPM,2019-11-13,108.1,108.68,107.5,108.4,108.4,8023300,Financials
JPM,2019-11-14,107.76,108.7,107.65,108.5,108.5,8483400,Financials
JPM,2019-11-15,109.03,109.28,108.33,109.28,109.28,10163600,Financials
JPM,2019-11-18,109.31,110.23,108.83,110.2,110.2,8749300,Financials
JPM,2019-11-19,110.52,110.73,109.83,110.17,110.17,8824500,Financials
JPM,2019-11-20,109.93,110.2,108.79,109.37,109.37,11782800,Financials
JPM,2019-11-21,109.68,110.29,109.17,109.62,109.62,7705500,Financials
JPM,2019-11-22,109.81,110.71,109.76,110.35,110.35,8167900,Financials
JPM,2019-11-25,110.73,111.43,110.41,110.94,110.94,10068500,Financials
JPM,2019-11-26,111.22,111.22,109.98,111.09,111.09,10490700,Financials
JPM,2019-11-27,111.61,111.73,111.07,111.42,111.42,6607900,Financials
JPM,2019-11-29,111.26,111.71,110.9,111.16,111.16,5712000,Financials
JPM,2019-12-02,111.63,111.99,110.82,110.92,110.92,8615600,Financials
JPM,2019-12-03,109.49,109.65,108.49,109.49,109.49,10361300,Financials
JPM,2019-12-04,110.0,111.76,109.67,111.65,111.65,10318200,Financials
JPM,2019-12-05,111.94,112.47,111.52,112.26,112.26,9587400,Financials
JPM,2019-12-06,113.64,114.56,113.6,113.93,113.93,10170600,Financials
JPM,2019-12-09,113.59,114.29,113.4,113.4,113.4,8498200,Financials
JPM,2019-12-10,112.42,113.7,112.11,113.48,113.48,7532900,Financials
JPM,2019-12-11,113.3,113.92,113.06,113.21,113.21,9011900,Financials
JPM,2019-12-12,113.47,116.83,113.23,116.45,116.45,13717400,Financials
JPM,2019-12-13,116.39,117.13,114.93,115.43,115.43,10592100,Financials
JPM,2019-12-16,116.75,117.14,115.86,115.87,115.87,11372000,Financials
JPM,2019-12-17,116.2,116.99,115.78,116.58,116.58,11546800,Financials
JPM,2019-12-18,116.56,117.29,116.19,116.46,116.46,10381500,Financials
JPM,2019-12-19,116.23,116.62,115.67,115.88,115.88,9350400,Financials
JPM,2019-12-20,116.45,117.17,115.5,115.79,115.79,29992600,Financials
JPM,2019-12-23,116.09,116.35,115.48,115.75,115.75,9738400,Financials
JPM,2019-12-24,115.86,116.12,115.64,116.08,116.08,3324300,Financials
JPM,2019-12-26,116.34,117.36,116.24,117.31,117.31,6770900,Financials
JPM,2019-12-27,117.53,117.92,116.99,117.39,117.39,7868200,Financials
JPM,2019-12-30,118.03,118.18,116.83,116.96,116.96,6963000,Financials
JPM,2019-12-31,116.86,117.68,116.67,117.61,117.61,7201600,Financials
JPM,2020-01-02,117.94,119.04,117.49,119.04,119.04,10803700,Financials
JPM,2020-01-03,116.75,118.22,116.4,117.47,117.47,10386800,Financials
JPM,2020-01-06,115.95,117.41,115.9,117.37,117.37,10259000,Financials
JPM,2020-01-07,116.57,117.06,115.33,115.38,115.38,10531300,Financials
JPM,2020-01-08,115.22,116.82,115.14,116.28,116.28,9695300,Financials
JPM,2020-01-09,117.22,117.37,116.36,116.7,116.7,9469000,Financials
JPM,2020-01-10,116.51,116.54,115.32,115.54,115.54,10190900,Financials
JPM,2020-01-13,115.64,116.5,115.27,116.5,116.5,12355200,Financials
JPM,2020-01-14,117.13,119.52,116.91,117.86,117.86,24906000,Financials
JPM,2020-01-15,117.05,117.69,115.61,116.09,116.09,16293400,Financials
JPM,2020-01-16,116.71,117.09,116.19,116.54,116.54,10783800,Financials
JPM,2020-01-17,116.79,117.42,116.6,117.35,117.35,14697700,Financials
JPM,2020-01-21,116.49,117.24,116.06,116.19,116.19,8474200,Financials
JPM,2020-01-22,116.53,116.67,115.8,116.06,116.06,7549100,Financials
JPM,2020-01-23,115.23,116.11,114.39,115.94,115.94,9345700,Financials
JPM,2020-01-24,115.79,115.84,112.35,113.06,113.06,15166400,Financials
JPM,2020-01-27,110.61,112.88,110.14,112.11,112.11,12860500,Financials
JPM,2020-01-28,112.8,114.6,112.49,114.15,114.15,13062800,Financials
JPM,2020-01-29,114.47,115.09,113.52,113.98,113.98,9326000,Financials
JPM,2020-01-30,112.67,115.59,112.67,115.39,115.39,9048900,Financials
JPM,2020-01-31,114.2,114.49,111.63,112.39,112.39,12785200,Financials
JPM,2020-02-03,112.64,113.98,112.64,113.25,113.25,10021100,Financials
JPM,2020-02-04,115.1,115.99,114.7,114.88,114.88,9157100,Financials
JPM,2020-02-05,115.96,116.95,115.49,116.83,116.83,10150700,Financials
JPM,2020-02-06,117.38,117.42,116.42,116.85,116.85,8992300,Financials
JPM,2020-02-07,116.1,116.9,115.73,116.47,116.47,6379800,Financials
JPM,2020-02-10,116.29,117.05,116.12,116.96,116.96,5960700,Financials
JPM,2020-02-11,117.4,117.87,116.99,117.18,117.18,6578600,Financials
JPM,2020-02-12,117.69,118.27,117.01,117.18,117.18,7958000,Financials
JPM,2020-02-13,116.96,117.47,115.82,117.07,117.07,7447500,Financials
JPM,2020-02-14,117.04,117.34,116.28,116.72,116.72,6627600,Financials
JPM,2020-02-18,116.62,116.93,114.67,115.17,115.17,8996400,Financials
JPM,2020-02-19,116.25,117.51,115.77,116.74,116.74,7071200,Financials
JPM,2020-02-20,116.47,117.48,115.93,116.74,116.74,7422800,Financials
JPM,2020-02-21,115.95,116.26,114.56,115.32,115.32,9772800,Financials
JPM,2020-02-24,111.61,113.1,111.06,112.22,112.22,13618400,Financials
JPM,2020-02-25,111.23,112.28,106.64,107.21,107.21,20797200,Financials
JPM,2020-02-26,107.78,109.49,107.28,107.53,107.53,24825600,Financials
JPM,2020-02-27,104.36,106.66,103.0,103.06,103.06,23005500,Financials
JPM,2020-02-28,99.79,100.61,95.66,98.59,98.59,45931400,Financials
JPM,2020-03-02,99.03,103.23,97.19,103.18,103.18,27355400,Financials
JPM,2020-03-03,102.72,104.4,98.7,99.31,99.31,32547700,Financials
JPM,2020-03-04,100.47,102.05,97.39,101.77,101.77,25795900,Financials
JPM,2020-03-05,98.22,98.86,95.59,96.77,96.77,25025600,Financials
JPM,2020-03-06,90.23,93.67,89.17,91.77,91.77,38159400,Financials
JPM,2020-03-09,82.0,84.26,78.97,79.34,79.34,40352000,Financials
JPM,2020-03-10,84.06,86.0,80.31,85.51,85.51,31102700,Financials
JPM,2020-03-11,82.96,84.95,80.28,81.48,81.48,38127000,Financials
JPM,2020-03-12,76.07,82.33,73.29,74.76,74.76,49725200,Financials
JPM,2020-03-13,81.51,88.3,78.12,88.23,88.23,38543300,Financials
JPM,2020-03-16,72.34,79.8,71.79,75.03,75.03,38589700,Financials
JPM,2020-03-17,77.18,82.74,74.3,79.61,79.61,35239800,Financials
JPM,2020-03-18,74.44,77.09,68.23,71.23,71.23,41525600,Financials
JPM,2020-03-19,69.25,74.81,65.3,72.43,72.43,32175100,Financials
JPM,2020-03-20,73.28,75.96,70.03,70.9,70.9,30150800,Financials
JPM,2020-03-23,70.2,71.11,66.31,67.1,67.1,32536600,Financials
JPM,2020-03-24,72.09,76.5,70.39,75.09,75.09,34363200,Financials
JPM,2020-03-25,75.77,80.79,71.78,77.89,77.89,38111700,Financials
JPM,2020-03-26,79.88,83.7,79.43,83.31,83.31,29826300,Financials
JPM,2020-03-27,79.13,80.53,76.89,77.38,77.38,30041500,Financials
JPM,2020-03-30,76.97,79.89,75.83,79.39,79.39,21656900,Financials
JPM,2020-03-31,78.16,79.96,75.86,76.45,76.45,23379300,Financials
JPM,2020-04-01,72.26,73.5,70.69,71.63,71.63,28029600,Financials
JPM,2020-04-02,70.91,74.65,70.44,74.31,74.31,24018000,Financials
JPM,2020-04-03,73.78,75.05,71.01,72.11,72.11,21199400,Financials
JPM,2020-04-06,76.35,78.06,75.24,76.75,76.75,26820800,Financials
JPM,2020-04-07,81.03,81.07,77.54,77.76,77.76,22563800,Financials
JPM,2020-04-08,79.02,81.38,77.69,80.9,80.9,22903300,Financials
JPM,2020-04-09,83.15,89.56,83.12,88.16,88.16,42055900,Financials
JPM,2020-04-13,88.46,88.46,83.48,84.24,84.24,26911900,Financials
JPM,2020-04-14,86.67,87.51,80.34,81.93,81.93,46151300,Financials
JPM,2020-04-15,78.2,78.96,77.33,77.89,77.89,30118600,Financials
JPM,2020-04-16,77.41,77.7,74.68,74.92,74.92,32449600,Financials
JPM,2020-04-17,78.93,82.1,78.04,81.66,81.66,30191900,Financials
JPM,2020-04-20,79.33,81.25,77.61,78.68,78.68,23679400,Financials
JPM,2020-04-21,76.03,78.4,75.78,76.4,76.4,23035000,Financials
JPM,2020-04-22,77.81,78.82,76.51,76.65,76.65,16662400,Financials
JPM,2020-04-23,76.99,78.31,76.58,76.69,76.69,16638800,Financials
JPM,2020-04-24,77.76,78.16,75.92,77.82,77.82,15809200,Financials
JPM,2020-04-27,78.88,82.04,78.54,81.18,81.18,22870200,Financials
JPM,2020-04-28,83.91,84.39,81.53,81.75,81.75,20238900,Financials
JPM,2020-04-29,85.0,85.32,83.45,83.96,83.96,20462600,Financials
JPM,2020-04-30,82.02,83.08,81.12,82.16,82.16,19127600,Financials
JPM,2020-05-01,80.22,80.42,78.79,80.0,80.0,18547700,Financials
JPM,2020-05-04,78.95,79.5,77.9,79.05,79.05,15725900,Financials
JPM,2020-05-05,80.35,80.83,78.84,78.93,78.93,18064100,Financials
JPM,2020-05-06,79.07,79.58,77.15,77.45,77.45,20978000,Financials
JPM,2020-05-07,78.36,79.71,77.71,78.25,78.25,16771900,Financials
JPM,2020-05-08,79.62,80.71,79.02,79.53,79.53,20487800,Financials
JPM,2020-05-11,78.17,78.17,76.64,77.19,77.19,31907600,Financials
JPM,2020-05-12,77.34,77.89,74.55,74.67,74.67,27962900,Financials
JPM,2020-05-13,74.11,74.52,71.55,72.09,72.09,35451600,Financials
JPM,2020-05-14,70.97,75.59,70.69,75.09,75.09,35152500,Financials
JPM,2020-05-15,74.51,74.88,73.18,73.7,73.7,26099000,Financials
JPM,2020-05-18,76.09,78.2,75.4,77.6,77.6,30504400,Financials
JPM,2020-05-19,77.26,78.24,76.0,76.07,76.07,19597300,Financials
JPM,2020-05-20,77.82,79.26,77.53,78.35,78.35,20552400,Financials
JPM,2020-05-21,77.45,78.72,76.93,77.36,77.36,14621400,Financials
JPM,2020-05-22,77.22,77.52,76.12,76.76,76.76,13557900,Financials
JPM,2020-05-26,79.69,83.65,79.45,82.21,82.21,41233900,Financials
JPM,2020-05-27,87.57,88.01,84.76,86.97,86.97,39402000,Financials
JPM,2020-05-28,88.32,88.32,85.28,85.67,85.67,24713900,Financials
JPM,2020-05-29,84.64,85.09,83.03,83.49,83.49,26526400,Financials
JPM,2020-06-01,83.86,85.37,83.55,84.59,84.59,15176800,Financials
JPM,2020-06-02,86.03,86.15,84.02,84.88,84.88,21195000,Financials
JPM,2020-06-03,87.15,90.01,86.7,89.46,89.46,25941100,Financials
JPM,2020-06-04,89.07,91.46,88.19,91.32,91.32,26784700,Financials
JPM,2020-06-05,98.6,99.32,93.97,95.43,95.43,42231000,Financials
JPM,2020-06-08,97.3,97.97,96.04,97.33,97.33,24881800,Financials
JPM,2020-06-09,94.93,95.77,93.52,94.84,94.84,17031100,Financials
JPM,2020-06-10,94.77,94.81,90.81,90.99,90.99,24913300,Financials
JPM,2020-06-11,85.82,87.15,82.82,83.4,83.4,36259200,Financials
JPM,2020-06-12,86.4,86.76,83.5,85.68,85.68,24856800,Financials
JPM,2020-06-15,82.72,87.02,82.25,86.87,86.87,22153600,Financials
JPM,2020-06-16,90.4,90.67,85.2,87.56,87.56,22193600,Financials
JPM,2020-06-17,87.96,87.97,85.12,85.35,85.35,15639800,Financials
JPM,2020-06-18,84.65,86.24,84.19,84.88,84.88,16591900,Financials
JPM,2020-06-19,86.25,86.31,82.99,83.91,83.91,40371200,Financials
JPM,2020-06-22,83.43,84.03,82.82,83.0,83.0,16216900,Financials
JPM,2020-06-23,84.91,85.77,83.95,84.02,84.02,15381400,Financials
JPM,2020-06-24,83.0,83.08,80.91,81.21,81.21,22919800,Financials
JPM,2020-06-25,80.95,84.26,80.87,84.04,84.04,25743600,Financials
JPM,2020-06-26,81.6,81.82,78.93,79.44,79.44,41896300,Financials
JPM,2020-06-29,80.13,81.07,79.08,79.79,79.79,18499700,Financials
JPM,2020-06-30,79.64,81.21,79.42,80.7,80.7,19137000,Financials
JPM,2020-07-01,81.41,82.11,79.81,80.01,80.01,18755700,Financials
JPM,2020-07-02,82.07,82.26,79.64,80.27,80.27,27845600,Financials
JPM,2020-07-06,81.8,82.47,80.98,82.3,82.3,18625300,Financials
JPM,2020-07-07,81.28,81.52,79.7,79.98,79.98,25757200,Financials
JPM,2020-07-08,79.95,80.86,79.53,80.82,80.82,18762200,Financials
JPM,2020-07-09,81.02,81.54,78.64,79.08,79.08,25600800,Financials
JPM,2020-07-10,79.7,83.89,79.59,83.4,83.4,28954200,Financials
JPM,2020-07-13,85.53,86.0,83.36,84.59,84.59,32079200,Financials
JPM,2020-07-14,85.22,86.59,83.72,85.08,85.08,42731700,Financials
JPM,2020-07-15,87.4,87.75,85.46,86.4,86.4,22508400,Financials
JPM,2020-07-16,85.57,87.69,85.37,86.64,86.64,16886900,Financials
JPM,2020-07-17,86.63,86.7,85.02,85.04,85.04,16137700,Financials
JPM,2020-07-20,84.4,85.23,84.26,84.29,84.29,14458100,Financials
JPM,2020-07-21,84.65,86.67,84.58,86.12,86.12,17798100,Financials
JPM,2020-07-22,86.33,86.74,84.49,85.49,85.49,14271200,Financials
JPM,2020-07-23,85.33,86.07,84.87,85.75,85.75,12870200,Financials
JPM,2020-07-24,86.28,86.46,84.84,85.14,85.14,12744200,Financials
JPM,2020-07-27,84.47,84.58,83.31,83.94,83.94,11959100,Financials
JPM,2020-07-28,83.6,84.8,83.6,84.31,84.31,11754300,Financials
JPM,2020-07-29,84.09,86.38,84.03,86.35,86.35,12743500,Financials
JPM,2020-07-30,84.5,84.67,83.21,84.05,84.05,14834800,Financials
JPM,2020-07-31,83.58,83.97,82.51,83.72,83.72,14535000,Financials
JPM,2020-08-03,84.05,84.52,83.03,83.25,83.25,12962800,Financials
JPM,2020-08-04,83.09,83.12,82.32,82.77,82.77,13366200,Financials
JPM,2020-08-05,83.05,85.3,82.92,84.21,84.21,15260900,Financials
JPM,2020-08-06,84.53,84.98,83.63,84.24,84.24,10482100,Financials
JPM,2020-08-07,83.97,86.19,83.65,86.09,86.09,14743700,Financials
JPM,2020-08-10,86.72,88.4,86.66,87.18,87.18,14989900,Financials
JPM,2020-08-11,89.97,91.97,89.67,89.94,89.94,31518600,Financials
JPM,2020-08-12,91.97,92.2,88.11,89.18,89.18,19240800,Financials
JPM,2020-08-13,88.36,89.54,88.05,88.68,88.68,13598600,Financials
JPM,2020-08-14,87.93,89.5,87.86,88.72,88.72,12134400,Financials
JPM,2020-08-17,87.93,88.36,86.22,86.38,86.38,14988000,Financials
JPM,2020-08-18,86.55,86.55,85.0,85.17,85.17,13246500,Financials
JPM,2020-08-19,85.69,87.14,85.19,85.37,85.37,13533000,Financials
JPM,2020-08-20,84.26,84.92,83.86,84.35,84.35,13672600,Financials
JPM,2020-08-21,84.26,85.39,83.98,84.31,84.31,12228300,Financials
JPM,2020-08-24,85.29,86.81,84.39,86.68,86.68,17898300,Financials
JPM,2020-08-25,87.73,88.34,86.46,87.06,87.06,13648900,Financials
JPM,2020-08-26,86.58,86.86,85.81,85.84,85.84,12052400,Financials
JPM,2020-08-27,85.76,88.92,85.76,88.66,88.66,22163900,Financials
JPM,2020-08-28,89.35,89.44,88.2,89.03,89.03,13756700,Financials
JPM,2020-08-31,88.47,88.52,86.65,86.79,86.79,14219400,Financials
JPM,2020-09-01,86.24,87.38,85.8,86.75,86.75,11595600,Financials
JPM,2020-09-02,86.59,88.31,86.25,88.06,88.06,14475700,Financials
JPM,2020-09-03,89.51,90.95,87.18,87.78,87.78,23281200,Financials
JPM,2020-09-04,90.14,91.14,87.82,89.68,89.68,26325500,Financials
JPM,2020-09-08,89.21,89.72,86.18,86.56,86.56,22108600,Financials
JPM,2020-09-09,87.32,88.09,86.25,87.38,87.38,13434000,Financials
JPM,2020-09-10,87.84,88.73,86.32,86.48,86.48,15922800,Financials
JPM,2020-09-11,86.6,87.81,86.27,87.56,87.56,13784300,Financials
JPM,2020-09-14,87.94,89.63,87.82,88.77,88.77,19017400,Financials
JPM,2020-09-15,88.99,89.1,85.88,86.01,86.01,23683000,Financials
JPM,2020-09-16,86.14,87.61,85.55,86.37,86.37,19270600,Financials
JPM,2020-09-17,85.5,86.06,84.65,85.38,85.38,18290100,Financials
JPM,2020-09-18,84.8,86.19,84.41,85.2,85.2,20121600,Financials
JPM,2020-09-21,82.47,83.21,81.28,82.57,82.57,28378800,Financials
JPM,2020-09-22,82.26,82.87,81.15,81.67,81.67,19257000,Financials
JPM,2020-09-23,82.11,82.6,80.27,80.34,80.34,19952700,Financials
JPM,2020-09-24,79.98,81.69,79.16,80.27,80.27,18366500,Financials
JPM,2020-09-25,79.74,81.19,79.59,80.97,80.97,13293100,Financials
JPM,2020-09-28,82.35,83.97,81.73,83.3,83.3,20894100,Financials
JPM,2020-09-29,83.19,83.19,81.72,82.6,82.6,12848200,Financials
JPM,2020-09-30,82.6,84.2,82.52,83.4,83.4,16400600,Financials
JPM,2020-10-01,84.13,84.7,83.19,84.0,84.0,15778700,Financials
JPM,2020-10-02,82.51,85.41,82.38,84.8,84.8,15149600,Financials
JPM,2020-10-05,85.96,86.78,85.27,86.59,86.59,13871900,Financials
JPM,2020-10-06,87.49,88.18,85.26,85.7,85.7,19220400,Financials
JPM,2020-10-07,86.52,87.74,86.27,87.2,87.2,16358500,Financials
JPM,2020-10-08,87.88,89.11,87.35,88.99,88.99,15659000,Financials
JPM,2020-10-09,89.18,89.28,87.53,88.48,88.48,13689100,Financials
JPM,2020-10-12,88.39,90.06,88.18,89.57,89.57,16058000,Financials
JPM,2020-10-13,90.06,90.25,87.66,88.11,88.11,21697300,Financials
JPM,2020-10-14,88.33,89.12,87.52,87.63,87.63,15204100,Financials
JPM,2020-10-15,86.65,88.99,86.59,88.94,88.94,17171200,Financials
JPM,2020-10-16,88.67,89.47,88.06,88.75,88.75,13275000,Financials
JPM,2020-10-19,88.83,89.07,87.05,87.26,87.26,11725700,Financials
JPM,2020-10-20,87.7,88.98,87.54,87.76,87.76,11257100,Financials
JPM,2020-10-21,87.75,88.3,86.85,86.88,86.88,10730500,Financials
JPM,2020-10-22,86.84,90.27,86.83,89.95,89.95,14837200,Financials
JPM,2020-10-23,90.49,91.32,89.99,90.76,90.76,15087600,Financials
JPM,2020-10-26,89.75,89.79,87.65,88.52,88.52,12410700,Financials
JPM,2020-10-27,87.88,88.24,86.7,86.85,86.85,10391700,Financials
JPM,2020-10-28,85.25,85.95,84.0,84.41,84.41,16389500,Financials
JPM,2020-10-29,84.04,85.67,83.27,84.96,84.96,14208800,Financials
JPM,2020-10-30,85.61,86.05,84.14,85.72,85.72,15194500,Financials
JPM,2020-11-02,86.9,88.2,85.56,87.65,87.65,15011600,Financials
JPM,2020-11-03,90.07,91.58,89.78,90.41,90.41,17482600,Financials
JPM,2020-11-04,88.31,89.24,86.5,87.65,87.65,18886500,Financials
JPM,2020-11-05,88.36,91.89,88.31,91.24,91.24,17837400,Financials
JPM,2020-11-06,91.83,91.89,89.52,90.02,90.02,12552800,Financials
JPM,2020-11-09,98.94,103.96,96.48,102.21,102.21,47792400,Financials
JPM,2020-11-10,102.6,102.69,100.28,101.88,101.88,20539300,Financials
JPM,2020-11-11,102.2,102.26,99.64,100.36,100.36,14443400,Financials
JPM,2020-11-12,98.39,99.64,97.98,99.12,99.12,22063000,Financials
JPM,2020-11-13,100.29,100.43,99.3,99.74,99.74,11847900,Financials
JPM,2020-11-16,102.99,103.7,101.19,102.56,102.56,19858600,Financials
JPM,2020-11-17,100.89,101.81,100.18,101.52,101.52,14553200,Financials
JPM,2020-11-18,102.59,103.7,100.72,100.77,100.77,12571200,Financials
JPM,2020-11-19,99.83,101.26,99.29,101.04,101.04,10202500,Financials
JPM,2020-11-20,100.05,101.12,99.75,100.17,100.17,12718900,Financials
JPM,2020-11-23,101.47,103.32,101.05,103.06,103.06,13209200,Financials
JPM,2020-11-24,104.98,107.98,104.67,107.82,107.82,20121600,Financials
JPM,2020-11-25,106.12,107.0,105.33,106.69,106.69,11715600,Financials
JPM,2020-11-27,106.67,106.97,105.86,105.99,105.99,5983600,Financials
JPM,2020-11-30,104.92,105.55,102.97,103.07,103.07,14411800,Financials
JPM,2020-12-01,105.22,106.3,104.6,104.69,104.69,12668900,Financials
JPM,2020-12-02,104.66,106.94,104.28,106.7,106.7,10811300,Financials
JPM,2020-12-03,106.54,106.57,105.23,106.0,106.0,12904400,Financials
JPM,2020-12-04,107.09,107.8,106.4,106.97,106.97,13583700,Financials
JPM,2020-12-07,105.93,106.82,105.1,106.56,106.56,9724300,Financials
JPM,2020-12-08,105.83,106.96,105.58,106.67,106.67,9592100,Financials
JPM,2020-12-09,107.69,107.8,105.3,105.84,105.84,13073900,Financials
JPM,2020-12-10,104.91,105.6,104.53,105.16,105.16,13668400,Financials
JPM,2020-12-11,103.99,104.94,103.49,104.53,104.53,9981600,Financials
JPM,2020-12-14,106.09,106.16,103.27,103.43,103.43,12112400,Financials
JPM,2020-12-15,104.3,105.71,103.71,105.2,105.2,12590200,Financials
JPM,2020-12-16,105.18,105.86,104.8,105.51,105.51,11169400,Financials
JPM,2020-12-17,106.02,106.19,104.55,104.63,104.63,11618000,Financials
JPM,2020-12-18,104.17,104.81,103.41,104.12,104.12,28954800,Financials
JPM,2020-12-21,107.69,109.29,105.87,108.02,108.02,28323600,Financials
JPM,2020-12-22,107.88,108.0,106.33,106.38,106.38,11788200,Financials
JPM,2020-12-23,107.35,110.62,106.97,109.35,109.35,14973200,Financials
JPM,2020-12-24,109.37,109.77,108.04,108.87,108.87,4164900,Financials
JPM,2020-12-28,110.01,110.73,109.11,109.59,109.59,8072600,Financials
JPM,2020-12-29,110.34,110.41,109.2,109.3,109.3,8389200,Financials
JPM,2020-12-30,109.72,110.03,109.2,109.61,109.61,7398000,Financials
JPM,2020-12-31,109.37,111.33,109.13,111.1,111.1,8580200,Financials
JPM,2021-01-04,111.48,111.79,109.1,110.05,110.05,16819900,Financials
JPM,2021-01-05,110.07,111.22,109.0,110.65,110.65,13731200,Financials
JPM,2021-01-06,114.38,116.92,112.61,115.85,115.85,24909100,Financials
JPM,2021-01-07,119.49,121.69,118.81,119.65,119.65,21940400,Financials
JPM,2021-01-08,119.74,120.07,118.11,119.78,119.78,12035100,Financials
JPM,2021-01-11,118.51,121.7,118.1,121.57,121.57,15937900,Financials
JPM,2021-01-12,122.79,124.75,122.26,123.48,123.48,18033500,Financials
JPM,2021-01-13,122.05,123.98,121.61,123.6,123.6,14816800,Financials
JPM,2021-01-14,123.72,125.71,123.29,124.32,124.32,18565600,Financials
JPM,2021-01-15,121.02,124.74,120.65,122.09,122.09,27881000,Financials
JPM,2021-01-19,123.16,123.9,121.37,121.56,121.56,19843800,Financials
JPM,2021-01-20,121.37,121.68,119.27,119.74,119.74,16028800,Financials
JPM,2021-01-21,119.49,119.91,118.29,118.73,118.73,13411700,Financials
JPM,2021-01-22,116.85,118.36,116.42,117.82,117.82,12933200,Financials
JPM,2021-01-25,116.37,117.27,114.53,116.35,116.35,14212800,Financials
JPM,2021-01-26,116.9,117.27,115.66,115.87,115.87,11307800,Financials
JPM,2021-01-27,114.12,114.35,112.15,112.6,112.6,17603900,Financials
JPM,2021-01-28,114.39,116.39,113.59,114.58,114.58,13761800,Financials
JPM,2021-01-29,115.53,116.0,112.89,113.31,113.31,14808100,Financials
JPM,2021-02-01,113.95,114.54,113.14,114.15,114.15,11080700,Financials
JPM,2021-02-02,116.19,118.35,115.56,117.66,117.66,12253600,Financials
JPM,2021-02-03,117.7,119.55,117.57,119.01,119.01,10600800,Financials
JPM,2021-02-04,119.3,122.11,119.3,121.75,121.75,12419500,Financials
JPM,2021-02-05,122.75,122.84,120.98,121.51,121.51,10051300,Financials
JPM,2021-02-08,121.7,123.55,121.68,123.41,123.41,10136400,Financials
JPM,2021-02-09,122.79,123.27,122.0,122.92,122.92,8614800,Financials
JPM,2021-02-10,123.29,124.05,122.44,122.99,122.99,10323200,Financials
JPM,2021-02-11,122.99,123.77,121.72,122.64,122.64,9201000,Financials
JPM,2021-02-12,122.45,124.71,122.41,124.39,124.39,8324600,Financials
JPM,2021-02-16,126.41,127.97,125.4,127.38,127.38,12130600,Financials
JPM,2021-02-17,126.77,128.03,126.04,127.78,127.78,10810100,Financials
JPM,2021-02-18,126.81,128.39,126.28,128.21,128.21,10587800,Financials
JPM,2021-02-19,128.45,131.07,128.45,130.35,130.35,11969800,Financials
JPM,2021-02-22,129.34,132.26,129.27,131.57,131.57,11488400,Financials
JPM,2021-02-23,133.42,134.13,131.73,132.63,132.63,16234400,Financials
JPM,2021-02-24,132.19,135.41,132.19,134.96,134.96,15061400,Financials
JPM,2021-02-25,135.85,136.41,132.61,133.13,133.13,18127700,Financials
JPM,2021-02-26,132.36,132.86,129.02,129.6,129.6,19829200,Financials
JPM,2021-03-01,131.67,133.31,130.76,132.53,132.53,14845500,Financials
JPM,2021-03-02,132.16,133.66,131.95,132.1,132.1,14221700,Financials
JPM,2021-03-03,133.18,136.48,132.82,134.66,134.66,14324100,Financials
JPM,2021-03-04,134.39,135.95,130.88,132.59,132.59,20093900,Financials
JPM,2021-03-05,134.93,135.17,130.31,132.9,132.9,18465100,Financials
JPM,2021-03-08,134.27,136.9,132.75,134.66,134.66,17133300,Financials
JPM,2021-03-09,133.41,135.84,131.94,133.71,133.71,16238800,Financials
JPM,2021-03-10,133.78,137.52,133.42,136.61,136.61,14342200,Financials
JPM,2021-03-11,135.71,137.51,135.05,135.9,135.9,11771500,Financials
JPM,2021-03-12,138.14,138.81,136.56,137.51,137.51,12849500,Financials
JPM,2021-03-15,137.69,138.19,135.58,136.82,136.82,12101100,Financials
JPM,2021-03-16,135.7,136.14,134.02,135.18,135.18,12805600,Financials
JPM,2021-03-17,136.8,138.15,134.78,136.58,136.58,13952400,Financials
JPM,2021-03-18,138.79,142.39,138.36,138.83,138.83,21898500,Financials
JPM,2021-03-19,136.95,137.32,133.14,136.62,136.62,54418800,Financials
JPM,2021-03-22,134.56,135.59,132.63,132.95,132.95,19944800,Financials
JPM,2021-03-23,132.38,133.96,131.18,131.62,131.62,17076300,Financials
JPM,2021-03-24,132.09,134.89,131.97,132.64,132.64,13079800,Financials
JPM,2021-03-25,132.09,134.71,131.5,134.34,134.34,15608300,Financials
JPM,2021-03-26,135.88,136.89,134.34,136.58,136.58,16754400,Financials
JPM,2021-03-29,133.96,135.38,133.01,134.45,134.45,17570300,Financials
JPM,2021-03-30,136.02,137.26,135.51,136.04,136.04,13184300,Financials
JPM,2021-03-31,134.98,136.05,133.96,134.06,134.06,16736700,Financials
JPM,2021-04-01,133.77,135.43,133.46,135.36,135.36,16561500,Financials
JPM,2021-04-05,136.77,137.25,135.18,136.08,136.08,13508000,Financials
JPM,2021-04-06,135.34,136.66,134.52,135.12,135.12,13071600,Financials
JPM,2021-04-07,135.62,137.5,135.22,137.24,137.24,16903500,Financials
JPM,2021-04-08,136.42,137.75,134.92,137.41,137.41,12335500,Financials
JPM,2021-04-09,138.02,139.11,137.27,138.43,138.43,12122400,Financials
JPM,2021-04-12,137.81,139.29,137.81,138.14,138.14,12273400,Financials
JPM,2021-04-13,137.08,137.48,135.02,136.49,136.49,16113600,Financials
JPM,2021-04-14,134.17,136.26,133.7,133.94,133.94,19939600,Financials
JPM,2021-04-15,133.98,134.82,132.27,134.79,134.79,17694100,Financials
JPM,2021-04-16,136.3,136.87,135.25,135.8,135.8,13773400,Financials
JPM,2021-04-19,135.9,136.31,134.84,135.22,135.22,11900200,Financials
JPM,2021-04-20,134.41,134.42,131.68,132.23,132.23,13716700,Financials
JPM,2021-04-21,130.91,133.41,130.03,133.35,133.35,12236700,Financials
JPM,2021-04-22,133.08,133.14,130.44,130.54,130.54,15256100,Financials
JPM,2021-04-23,130.37,133.87,129.94,133.04,133.04,14041900,Financials
JPM,2021-04-26,133.56,135.05,133.21,133.37,133.37,10799100,Financials
JPM,2021-04-27,133.31,134.26,132.97,133.98,133.98,12821200,Financials
JPM,2021-04-28,135.02,135.43,134.11,134.85,134.85,8943700,Financials
JPM,2021-04-29,136.01,137.55,135.71,137.47,137.47,12976900,Financials
JPM,2021-04-30,136.5,136.85,135.54,136.25,136.25,11705100,Financials
JPM,2021-05-03,137.17,137.73,135.64,135.85,135.85,11801100,Financials
JPM,2021-05-04,135.41,137.87,134.77,137.73,137.73,12977700,Financials
JPM,2021-05-05,138.19,140.21,136.97,139.53,139.53,10506700,Financials
JPM,2021-05-06,140.02,142.46,139.21,142.34,142.34,13542400,Financials
JPM,2021-05-07,139.27,143.06,139.09,142.83,142.83,14257800,Financials
JPM,2021-05-10,143.06,145.03,142.72,142.81,142.81,14014300,Financials
JPM,2021-05-11,142.69,143.85,139.99,140.44,140.44,15451700,Financials
JPM,2021-05-12,141.38,142.42,139.1,139.47,139.47,14381700,Financials
JPM,2021-05-13,140.12,143.9,139.68,143.06,143.06,15395000,Financials
JPM,2021-05-14,143.85,145.67,143.49,145.28,145.28,10584000,Financials
JPM,2021-05-17,144.72,146.03,144.41,145.87,145.87,9886800,Financials
JPM,2021-05-18,145.88,146.6,143.71,143.81,143.81,11098100,Financials
JPM,2021-05-19,142.62,142.78,140.53,142.71,142.71,13278900,Financials
JPM,2021-05-20,142.47,143.38,141.3,142.47,142.47,10426000,Financials
JPM,2021-05-21,142.92,144.58,142.56,144.09,144.09,10249000,Financials
JPM,2021-05-24,144.71,145.48,143.61,144.87,144.87,9440300,Financials
JPM,2021-05-25,145.14,146.78,143.11,143.37,143.37,12609100,Financials
JPM,2021-05-26,144.89,145.04,142.89,143.35,143.35,13058300,Financials
JPM,2021-05-27,145.23,145.94,144.01,145.58,145.58,15707500,Financials
JPM,2021-05-28,145.88,146.11,144.62,145.49,145.49,10291300,Financials
JPM,2021-06-01,146.93,147.85,146.58,147.09,147.09,9445400,Financials
JPM,2021-06-02,148.16,148.32,146.63,147.1,147.1,10498600,Financials
JPM,2021-06-03,146.52,148.15,145.86,147.2,147.2,13354400,Financials
JPM,2021-06-04,147.23,147.64,146.19,147.43,147.43,8510800,Financials
JPM,2021-06-07,147.93,148.02,146.28,146.74,146.74,7267200,Financials
JPM,2021-06-08,145.71,146.83,144.53,146.16,146.16,10370700,Financials
JPM,2021-06-09,145.4,145.47,143.75,144.33,144.33,12377400,Financials
JPM,2021-06-10,145.59,146.37,142.0,142.08,142.08,12119400,Financials
JPM,2021-06-11,142.11,142.79,140.9,141.99,141.99,13683800,Financials
JPM,2021-06-14,141.86,142.02,138.77,139.58,139.58,19917900,Financials
JPM,2021-06-15,138.81,139.0,136.53,137.46,137.46,24485500,Financials
JPM,2021-06-16,137.06,139.62,135.63,138.43,138.43,25321200,Financials
JPM,2021-06-17,139.16,139.48,133.98,134.43,134.43,29722400,Financials
JPM,2021-06-18,132.25,132.61,130.71,131.03,131.03,43595700,Financials
JPM,2021-06-21,132.06,133.93,132.0,133.25,133.25,18664800,Financials
JPM,2021-06-22,133.4,133.73,131.69,133.06,133.06,14251200,Financials
JPM,2021-06-23,133.05,134.68,132.95,133.86,133.86,12733300,Financials
JPM,2021-06-24,134.57,135.64,133.95,135.1,135.1,13733200,Financials
JPM,2021-06-25,135.17,136.86,134.35,136.46,136.46,15484900,Financials
JPM,2021-06-28,136.15,136.84,134.75,136.71,136.71,14125800,Financials
JPM,2021-06-29,137.3,138.46,136.07,136.54,136.54,14528700,Financials
JPM,2021-06-30,136.19,138.26,136.16,137.78,137.78,12531000,Financials
JPM,2021-07-01,138.42,139.2,137.67,139.14,139.14,10479400,Financials
JPM,2021-07-02,138.94,139.27,138.2,139.01,139.01,11424000,Financials
JPM,2021-07-06,138.79,138.79,135.73,136.68,136.68,15083400,Financials
JPM,2021-07-07,135.43,137.45,135.02,136.84,136.84,12271800,Financials
JPM,2021-07-08,135.07,135.89,133.67,134.48,134.48,17834600,Financials
JPM,2021-07-09,136.35,139.12,135.94,138.78,138.78,13694500,Financials
JPM,2021-07-12,137.51,141.8,137.15,140.77,140.77,19940400,Financials
JPM,2021-07-13,139.03,140.22,136.76,138.67,138.67,22671700,Financials
JPM,2021-07-14,138.94,140.12,136.27,138.2,138.2,14622800,Financials
JPM,2021-07-15,137.11,139.46,136.93,138.5,138.5,11539300,Financials
JPM,2021-07-16,138.95,139.23,134.55,135.34,135.34,14002700,Financials
JPM,2021-07-19,132.35,133.48,129.82,130.94,130.94,22172900,Financials
JPM,2021-07-20,130.54,134.64,130.37,133.38,133.38,15385200,Financials
JPM,2021-07-21,135.46,136.89,134.85,136.19,136.19,12356700,Financials
JPM,2021-07-22,136.2,136.7,133.61,134.47,134.47,9913300,Financials
JPM,2021-07-23,134.96,136.17,133.86,134.21,134.21,9666100,Financials
JPM,2021-07-26,133.81,135.38,133.79,135.11,135.11,8208000,Financials
JPM,2021-07-27,133.99,135.86,133.46,134.93,134.93,11218700,Financials
JPM,2021-07-28,135.68,136.11,134.42,135.15,135.15,9217300,Financials
JPM,2021-07-29,136.44,137.09,135.34,136.31,136.31,9063500,Financials
JPM,2021-07-30,135.94,136.91,134.71,135.22,135.22,9805200,Financials
JPM,2021-08-02,135.45,137.6,134.59,134.68,134.68,10203200,Financials
JPM,2021-08-03,135.37,136.6,133.21,136.21,136.21,10394800,Financials
JPM,2021-08-04,134.75,136.64,134.45,134.74,134.74,10155000,Financials
JPM,2021-08-05,135.67,136.93,135.43,136.44,136.44,9151500,Financials
JPM,2021-08-06,138.26,140.6,138.19,140.32,140.32,13328800,Financials
JPM,2021-08-09,140.34,141.26,138.89,140.17,140.17,9516900,Financials
JPM,2021-08-10,139.64,142.53,139.26,141.89,141.89,8667000,Financials
JPM,2021-08-11,142.55,143.88,141.73,143.58,143.58,9156500,Financials
JPM,2021-08-12,144.22,144.66,143.04,144.14,144.14,8844200,Financials
JPM,2021-08-13,144.14,144.47,142.16,142.53,142.53,8980900,Financials
JPM,2021-08-16,141.6,141.68,139.68,141.59,141.59,8755800,Financials
JPM,2021-08-17,140.38,141.53,138.33,139.88,139.88,9347200,Financials
JPM,2021-08-18,139.26,140.77,138.4,138.61,138.61,8065500,Financials
JPM,2021-08-19,136.45,138.59,136.32,137.45,137.45,9517700,Financials
JPM,2021-08-20,137.51,138.0,136.45,137.84,137.84,6974100,Financials
JPM,2021-08-23,138.39,139.95,138.31,139.61,139.61,7934600,Financials
JPM,2021-08-24,139.87,141.26,139.76,140.47,140.47,7670900,Financials
JPM,2021-08-25,141.22,144.13,140.59,143.37,143.37,11335000,Financials
JPM,2021-08-26,144.56,145.96,143.57,144.11,144.11,11027500,Financials
JPM,2021-08-27,144.11,145.36,143.67,145.26,145.26,8780200,Financials
JPM,2021-08-30,145.41,145.66,142.44,142.94,142.94,7937600,Financials
JPM,2021-08-31,142.94,143.77,141.97,142.5,142.5,12340800,Financials
JPM,2021-09-01,142.74,143.22,141.63,142.3,142.3,8729900,Financials
JPM,2021-09-02,142.56,143.98,142.04,142.96,142.96,8813300,Financials
JPM,2021-09-03,142.89,143.34,141.79,142.09,142.09,7959700,Financials
JPM,2021-09-07,142.54,143.78,141.62,141.84,141.84,9285600,Financials
JPM,2021-09-08,141.56,142.17,140.8,141.21,141.21,7852700,Financials
JPM,2021-09-09,141.01,143.29,140.84,141.83,141.83,7904300,Financials
JPM,2021-09-10,143.05,143.19,140.07,140.19,140.19,8311600,Financials
JPM,2021-09-13,141.24,142.59,140.83,142.42,142.42,10052800,Financials
JPM,2021-09-14,142.95,143.74,139.21,139.94,139.94,11685600,Financials
JPM,2021-09-15,139.62,141.38,139.4,140.91,140.91,11691500,Financials
JPM,2021-09-16,142.02,143.3,140.07,140.85,140.85,10880900,Financials
JPM,2021-09-17,140.21,141.66,139.87,140.48,140.48,25581600,Financials
JPM,2021-09-20,137.1,137.7,134.07,136.27,136.27,15819900,Financials
JPM,2021-09-21,136.78,137.69,135.94,136.29,136.29,8999900,Financials
JPM,2021-09-22,138.27,140.1,138.18,138.9,138.9,11236200,Financials
JPM,2021-09-23,140.77,144.07,140.47,143.6,143.6,12336100,Financials
JPM,2021-09-24,143.83,145.75,143.28,145.26,145.26,10102400,Financials
JPM,2021-09-27,147.0,149.14,146.65,148.77,148.77,13220900,Financials
JPM,2021-09-28,149.41,150.83,147.59,147.96,147.96,13387900,Financials
JPM,2021-09-29,148.08,148.69,147.04,147.85,147.85,7777100,Financials
JPM,2021-09-30,148.71,148.77,145.03,145.83,145.83,13161200,Financials
JPM,2021-10-01,146.11,149.94,145.75,148.9,148.9,11285000,Financials
JPM,2021-10-04,148.76,151.85,147.65,148.74,148.74,14120000,Financials
JPM,2021-10-05,149.87,152.49,149.38,151.17,151.17,12292900,Financials
JPM,2021-10-06,150.57,151.56,148.78,151.49,151.49,8692600,Financials
JPM,2021-10-07,153.44,153.72,151.96,152.45,152.45,10195400,Financials
JPM,2021-10-08,152.39,153.57,151.74,152.57,152.57,8190100,Financials
JPM,2021-10-11,153.09,153.52,149.2,149.36,149.36,12154700,Financials
JPM,2021-10-12,148.56,149.4,147.68,148.21,148.21,13032600,Financials
JPM,2021-10-13,147.05,148.25,143.94,144.3,144.3,22753500,Financials
JPM,2021-10-14,144.97,147.0,143.46,146.52,146.52,15176800,Financials
JPM,2021-10-15,148.2,149.83,147.12,149.33,149.33,14267400,Financials
JPM,2021-10-18,149.21,151.12,148.7,149.28,149.28,12672900,Financials
JPM,2021-10-19,150.04,151.16,149.3,151.09,151.09,8053900,Financials
JPM,2021-10-20,150.84,153.15,150.09,153.12,153.12,8185600,Financials
JPM,2021-10-21,153.05,153.56,151.19,151.92,151.92,8415200,Financials
JPM,2021-10-22,152.4,154.24,152.1,153.96,153.96,8817900,Financials
JPM,2021-10-25,154.8,155.02,152.8,153.21,153.21,10159200,Financials
JPM,2021-10-26,153.26,154.6,152.85,153.62,153.62,8015100,Financials
JPM,2021-10-27,152.66,153.0,149.98,150.42,150.42,9847000,Financials
JPM,2021-10-28,150.84,152.83,150.54,152.69,152.69,7212900,Financials
JPM,2021-10-29,153.43,154.38,151.82,152.27,152.27,8140100,Financials
JPM,2021-11-01,154.2,154.46,151.48,152.19,152.19,7435500,Financials
JPM,2021-11-02,152.19,153.88,151.4,152.79,152.79,7173800,Financials
JPM,2021-11-03,152.49,153.38,151.61,152.84,152.84,8402700,Financials
JPM,2021-11-04,152.37,152.55,149.22,150.84,150.84,9574200,Financials
JPM,2021-11-05,151.38,152.45,150.05,150.62,150.62,7975600,Financials
JPM,2021-11-08,151.52,153.19,151.24,151.53,151.53,6413700,Financials
JPM,2021-11-09,149.99,151.0,149.32,150.38,150.38,7990300,Financials
JPM,2021-11-10,150.08,151.43,149.76,150.24,150.24,6999200,Financials
JPM,2021-11-11,150.15,151.19,149.59,150.23,150.23,5815300,Financials
JPM,2021-11-12,150.26,150.34,148.53,149.55,149.55,8113400,Financials
JPM,2021-11-15,149.87,150.39,148.78,149.29,149.29,6492500,Financials
JPM,2021-11-16,149.73,149.74,147.99,148.21,148.21,9706100,Financials
JPM,2021-11-17,148.08,148.39,146.44,147.41,147.41,9909600,Financials
JPM,2021-11-18,147.34,147.75,145.7,146.14,146.14,8122500,Financials
JPM,2021-11-19,144.57,145.3,142.91,144.23,144.23,12193600,Financials
JPM,2021-11-22,147.13,148.77,146.09,147.3,147.3,14549900,Financials
JPM,2021-11-23,148.34,151.08,148.22,150.83,150.83,12354400,Financials
JPM,2021-11-24,150.99,151.87,149.18,149.64,149.64,9629800,Financials
JPM,2021-11-26,145.32,145.78,142.35,145.14,145.14,13619300,Financials
JPM,2021-11-29,146.37,147.69,143.24,144.51,144.51,12104400,Financials
JPM,2021-11-30,142.65,143.97,141.87,142.36,142.36,18922600,Financials
JPM,2021-12-01,144.3,146.34,141.43,141.51,141.51,12253400,Financials
JPM,2021-12-02,143.25,146.32,142.33,144.49,144.49,12969900,Financials
JPM,2021-12-03,144.75,145.05,140.89,141.87,141.87,12681800,Financials
JPM,2021-12-06,144.31,145.75,142.92,143.55,143.55,11186500,Financials
JPM,2021-12-07,145.09,146.44,144.45,145.71,145.71,9851600,Financials
JPM,2021-12-08,145.79,146.34,143.56,144.04,144.04,11705700,Financials
JPM,2021-12-09,143.09,144.24,142.2,143.82,143.82,11189600,Financials
JPM,2021-12-10,144.59,144.93,142.63,143.24,143.24,10405400,Financials
JPM,2021-12-13,142.96,143.22,140.97,141.54,141.54,12069000,Financials
JPM,2021-12-14,141.12,144.2,140.99,142.63,142.63,12563600,Financials
JPM,2021-12-15,143.27,143.27,141.03,141.56,141.56,14014200,Financials
JPM,2021-12-16,143.76,145.04,142.24,143.77,143.77,19542800,Financials
JPM,2021-12-17,142.8,142.85,139.09,140.5,140.5,28082000,Financials
JPM,2021-12-20,138.49,138.66,136.09,137.97,137.97,15148000,Financials
JPM,2021-12-21,139.29,140.88,139.01,139.9,139.9,11291300,Financials
JPM,2021-12-22,139.6,140.77,139.14,140.45,140.45,7273000,Financials
JPM,2021-12-23,141.26,142.62,140.91,140.95,140.95,8055200,Financials
JPM,2021-12-27,141.25,141.79,140.13,141.76,141.76,6188100,Financials
JPM,2021-12-28,141.79,143.54,141.68,142.19,142.19,6342300,Financials
JPM,2021-12-29,142.38,143.07,141.75,142.12,142.12,6398900,Financials
JPM,2021-12-30,142.61,143.62,141.94,142.04,142.04,6948200,Financials
JPM,2021-12-31,142.02,142.77,141.58,141.93,141.93,5805900,Financials
JPM,2022-01-03,143.28,145.77,142.97,144.93,144.93,13120900,Financials
JPM,2022-01-04,147.27,151.1,147.2,150.42,150.42,20195800,Financials
JPM,2022-01-05,151.32,151.8,147.63,147.67,147.67,17539400,Financials
JPM,2022-01-06,150.5,150.91,147.75,149.24,149.24,14047500,Financials
JPM,2022-01-07,149.38,151.05,148.83,150.72,150.72,13913300,Financials
JPM,2022-01-10,152.44,152.66,149.25,150.87,150.87,12922500,Financials
JPM,2022-01-11,151.71,151.95,149.95,151.02,151.02,11854100,Financials
JPM,2022-01-12,151.89,152.91,150.74,151.88,151.88,12568000,Financials
JPM,2022-01-13,151.79,153.11,151.38,151.69,151.69,13623400,Financials
JPM,2022-01-14,144.95,145.19,141.47,142.36,142.36,40158400,Financials
JPM,2022-01-18,140.46,140.46,135.74,136.39,136.39,32324800,Financials
JPM,2022-01-19,136.66,137.26,133.94,134.28,134.28,22380000,Financials
JPM,2022-01-20,134.34,135.8,132.87,133.14,133.14,14860800,Financials
JPM,2022-01-21,132.99,133.0,130.08,130.81,130.81,20705400,Financials
JPM,2022-01-24,128.29,131.17,125.84,130.7,130.7,28471400,Financials
JPM,2022-01-25,129.52,132.41,126.94,132.12,132.12,18915900,Financials
JPM,2022-01-26,134.09,135.76,131.61,133.37,133.37,20709100,Financials
JPM,2022-01-27,134.73,135.59,129.96,131.02,131.02,17536800,Financials
JPM,2022-01-28,130.01,132.33,128.19,132.19,132.19,14117000,Financials
JPM,2022-01-31,131.32,134.16,130.44,133.99,133.99,13985700,Financials
JPM,2022-02-01,134.07,136.57,133.72,136.29,136.29,14584900,Financials
JPM,2022-02-02,135.7,136.1,133.51,135.19,135.19,12441100,Financials
JPM,2022-02-03,135.25,136.74,133.71,134.08,134.08,12474900,Financials
JPM,2022-02-04,134.44,138.4,134.14,137.56,137.56,16654400,Financials
JPM,2022-02-07,138.2,138.51,136.02,138.02,138.02,12572300,Financials
JPM,2022-02-08,139.76,142.89,139.58,140.61,140.61,20411400,Financials
JPM,2022-02-09,141.19,141.95,140.5,141.2,141.2,9131100,Financials
JPM,2022-02-10,141.25,143.39,139.96,140.61,140.61,16455600,Financials
JPM,2022-02-11,140.31,142.63,137.93,138.78,138.78,16830000,Financials
JPM,2022-02-14,137.71,138.57,135.54,137.49,137.49,17026500,Financials
JPM,2022-02-15,139.32,140.6,138.72,139.5,139.5,9500000,Financials
JPM,2022-02-16,138.62,140.75,138.62,139.76,139.76,9076500,Financials
JPM,2022-02-17,137.95,138.61,135.85,136.54,136.54,11367500,Financials
JPM,2022-02-18,137.17,138.98,136.27,137.18,137.18,11733300,Financials
JPM,2022-02-22,135.79,138.17,135.62,136.93,136.93,11333500,Financials
JPM,2022-02-23,138.06,138.22,133.42,134.07,134.07,11799000,Financials
JPM,2022-02-24,128.88,130.73,126.03,130.33,130.33,25655100,Financials
JPM,2022-02-25,130.97,135.37,130.66,133.42,133.42,18367700,Financials
JPM,2022-02-28,129.43,130.79,127.03,127.86,127.86,31315300,Financials
JPM,2022-03-01,126.27,126.67,120.44,123.03,123.03,36840400,Financials
JPM,2022-03-02,123.79,126.27,123.18,125.58,125.58,19405600,Financials
JPM,2022-03-03,126.09,127.12,123.58,124.69,124.69,16640800,Financials
JPM,2022-03-04,121.67,122.1,119.38,121.18,121.18,21016000,Financials
JPM,2022-03-07,119.17,119.64,116.27,116.5,116.5,27560100,Financials
JPM,2022-03-08,116.89,118.83,114.75,115.68,115.68,19207800,Financials
JPM,2022-03-09,119.83,121.94,119.42,120.32,120.32,17536200,Financials
JPM,2022-03-10,118.89,120.33,117.5,118.89,118.89,15604200,Financials
JPM,2022-03-11,119.46,120.89,115.79,116.21,116.21,20061800,Financials
JPM,2022-03-14,116.73,119.85,116.52,117.37,117.37,15786900,Financials
JPM,2022-03-15,118.84,120.42,118.23,119.45,119.45,15096600,Financials
JPM,2022-03-16,121.61,124.87,121.21,124.79,124.79,20354900,Financials
JPM,2022-03-17,123.4,126.4,122.55,126.37,126.37,17050500,Financials
JPM,2022-03-18,126.4,127.0,124.84,126.32,126.32,23656500,Financials
JPM,2022-03-21,126.55,126.92,125.09,125.92,125.92,12676100,Financials
JPM,2022-03-22,128.28,129.78,127.78,128.59,128.59,13548600,Financials
JPM,2022-03-23,127.12,127.67,125.51,126.03,126.03,12093200,Financials
JPM,2022-03-24,126.5,126.87,125.43,126.85,126.85,10017600,Financials
JPM,2022-03-25,127.22,129.1,126.95,127.96,127.96,8383500,Financials
JPM,2022-03-28,126.23,127.11,124.34,127.02,127.02,10818100,Financials
JPM,2022-03-29,129.25,129.48,126.45,127.3,127.3,11316500,Financials
JPM,2022-03-30,127.95,128.14,126.15,126.72,126.72,8771000,Financials
JPM,2022-03-31,126.08,126.55,122.86,122.91,122.91,17353900,Financials
JPM,2022-04-01,123.89,123.9,120.64,122.0,122.0,15721300,Financials
JPM,2022-04-04,120.93,123.47,119.82,122.54,122.54,17416400,Financials
JPM,2022-04-05,121.78,122.99,120.82,121.12,121.12,12110300,Financials
JPM,2022-04-06,119.52,120.41,118.96,119.44,119.44,12914700,Financials
JPM,2022-04-07,118.95,119.83,116.93,119.07,119.07,12994200,Financials
JPM,2022-04-08,119.6,121.63,119.44,121.25,121.25,13126900,Financials
JPM,2022-04-11,120.81,122.54,120.42,120.81,120.81,10466400,Financials
JPM,2022-04-12,120.03,122.24,118.72,119.48,119.48,12989900,Financials
JPM,2022-04-13,115.3,117.4,114.46,115.63,115.63,30838000,Financials
JPM,2022-04-14,114.91,116.54,113.56,114.56,114.56,18835200,Financials
JPM,2022-04-18,114.15,117.39,114.03,116.69,116.69,11834400,Financials
JPM,2022-04-19,116.68,119.28,116.48,119.1,119.1,15015400,Financials
JPM,2022-04-20,120.37,121.27,119.3,119.52,119.52,13430200,Financials
JPM,2022-04-21,120.1,120.64,118.05,118.59,118.59,12174200,Financials
JPM,2022-04-22,118.34,118.56,115.08,115.19,115.19,14318800,Financials
JPM,2022-04-25,114.46,115.47,111.83,115.15,115.15,17149000,Financials
JPM,2022-04-26,113.22,114.82,111.61,111.74,111.74,17209500,Financials
JPM,2022-04-27,111.12,112.23,110.11,110.29,110.29,17215200,Financials
JPM,2022-04-28,111.55,112.32,110.04,112.03,112.03,13015600,Financials
JPM,2022-04-29,111.77,112.28,108.0,108.42,108.42,14874800,Financials
JPM,2022-05-02,108.89,109.65,107.38,109.41,109.41,18545000,Financials
JPM,2022-05-03,110.39,112.79,109.71,111.75,111.75,15720900,Financials
JPM,2022-05-04,111.54,115.72,111.49,115.45,115.45,17128500,Financials
JPM,2022-05-05,113.77,114.54,110.96,112.56,112.56,15055400,Financials
JPM,2022-05-06,112.45,112.9,110.07,112.38,112.38,14417900,Financials
JPM,2022-05-09,110.92,112.03,109.46,110.69,110.69,14312300,Financials
JPM,2022-05-10,111.83,112.43,106.78,107.99,107.99,16382400,Financials
JPM,2022-05-11,108.37,111.63,107.13,107.31,107.31,14630300,Financials
JPM,2022-05-12,106.28,107.48,104.8,107.22,107.22,16318800,Financials
JPM,2022-05-13,108.47,109.23,107.15,108.17,108.17,10443200,Financials
JPM,2022-05-16,107.67,108.51,106.48,107.42,107.42,10269000,Financials
JPM,2022-05-17,109.95,111.7,109.74,110.98,110.98,11160200,Financials
JPM,2022-05-18,110.18,110.79,108.57,109.08,109.08,12664900,Financials
JPM,2022-05-19,107.36,108.68,106.85,107.47,107.47,12765800,Financials
JPM,2022-05-20,108.51,108.7,104.48,106.58,106.58,13150100,Financials
JPM,2022-05-23,109.42,114.97,109.41,113.18,113.18,24376700,Financials
JPM,2022-05-24,112.96,115.8,111.83,114.78,114.78,19324900,Financials
JPM,2022-05-25,114.71,116.14,113.7,115.58,115.58,12780400,Financials
JPM,2022-05-26,116.6,118.26,116.46,117.58,117.58,15990900,Financials
JPM,2022-05-27,118.23,119.24,117.3,119.24,119.24,11177800,Financials
JPM,2022-05-31,118.25,120.95,117.82,120.11,120.11,17015000,Financials
JPM,2022-06-01,120.69,120.69,116.88,118.0,118.0,10768000,Financials
JPM,2022-06-02,117.99,119.91,116.88,119.9,119.9,8374800,Financials
JPM,2022-06-03,119.18,119.69,118.08,118.23,118.23,8596000,Financials
JPM,2022-06-06,119.07,120.26,117.59,117.84,117.84,11323500,Financials
JPM,2022-06-07,117.02,118.38,116.83,118.15,118.15,6722200,Financials
JPM,2022-06-08,117.18,117.58,115.27,116.27,116.27,8422100,Financials
JPM,2022-06-09,115.7,116.36,113.79,113.82,113.82,13560100,Financials
JPM,2022-06-10,111.35,112.09,108.38,108.59,108.59,12945200,Financials
JPM,2022-06-13,106.15,107.14,104.51,105.36,105.36,16805600,Financials
JPM,2022-06-14,104.96,106.57,102.84,103.61,103.61,13357900,Financials
JPM,2022-06-15,105.02,106.23,102.8,104.83,104.83,14083500,Financials
JPM,2022-06-16,103.42,103.79,101.62,103.03,103.03,16724900,Financials
JPM,2022-06-17,103.13,104.12,101.88,102.67,102.67,30919900,Financials
JPM,2022-06-21,105.25,106.3,104.5,105.21,105.21,11680500,Financials
JPM,2022-06-22,104.35,105.55,103.91,104.62,104.62,9842700,Financials
JPM,2022-06-23,104.47,104.62,101.26,103.48,103.48,11851500,Financials
JPM,2022-06-24,102.85,107.02,102.49,106.57,106.57,14841100,Financials
JPM,2022-06-27,107.24,107.64,105.04,105.71,105.71,11280500,Financials
JPM,2022-06-28,106.88,108.36,105.0,105.2,105.2,11590900,Financials
JPM,2022-06-29,105.37,106.11,104.21,104.73,104.73,9338400,Financials
JPM,2022-06-30,102.8,103.62,100.76,102.29,102.29,15172600,Financials
JPM,2022-07-01,102.32,103.93,100.97,103.6,103.6,10573600,Financials
JPM,2022-07-05,101.51,103.28,100.16,103.2,103.2,12514200,Financials
JPM,2022-07-06,102.39,103.54,101.53,102.53,102.53,10656200,Financials
JPM,2022-07-07,104.01,105.29,103.92,105.13,105.13,10347400,Financials
JPM,2022-07-08,105.53,105.98,104.11,104.8,104.8,8807800,Financials
JPM,2022-07-11,104.05,104.68,102.84,103.42,103.42,7939500,Financials
JPM,2022-07-12,103.17,105.55,102.87,103.52,103.52,11250900,Financials
JPM,2022-07-13,102.41,103.07,101.15,102.55,102.55,12979900,Financials
JPM,2022-07-14,98.96,99.18,97.19,98.97,98.97,26204800,Financials
JPM,2022-07-15,100.03,104.36,98.67,103.5,103.5,18863900,Financials
JPM,2022-07-18,105.17,106.15,101.98,102.44,102.44,13977900,Financials
JPM,2022-07-19,103.67,105.33,103.25,104.98,104.98,11862300,Financials
JPM,2022-07-20,104.56,105.15,103.99,104.96,104.96,11667500,Financials
JPM,2022-07-21,104.87,105.87,103.89,105.68,105.68,11595900,Financials
JPM,2022-07-22,105.6,106.53,104.16,105.16,105.16,7645500,Financials
JPM,2022-07-25,106.15,106.72,105.17,105.58,105.58,9394000,Financials
JPM,2022-07-26,105.0,105.91,103.58,103.94,103.94,10675100,Financials
JPM,2022-07-27,104.48,106.06,103.83,105.6,105.6,9337400,Financials
JPM,2022-07-28,105.61,106.28,104.04,105.21,105.21,10384800,Financials
JPM,2022-07-29,105.92,106.76,105.19,105.71,105.71,12944500,Financials
JPM,2022-08-01,104.93,105.48,103.61,104.66,104.66,14740400,Financials
JPM,2022-08-02,104.39,104.83,102.88,103.03,103.03,14942900,Financials
JPM,2022-08-03,103.96,104.56,102.37,104.11,104.11,14394500,Financials
JPM,2022-08-04,103.41,103.84,101.74,102.96,102.96,18033900,Financials
JPM,2022-08-05,103.12,106.47,102.68,106.08,106.08,14174600,Financials
JPM,2022-08-08,106.53,106.94,104.63,104.79,104.79,10332500,Financials
JPM,2022-08-09,105.15,106.29,104.81,105.73,105.73,10233800,Financials
JPM,2022-08-10,108.1,109.39,107.67,108.49,108.49,12847300,Financials
JPM,2022-08-11,109.87,111.06,109.33,110.09,110.09,11684900,Financials
JPM,2022-08-12,110.58,112.03,109.45,111.92,111.92,9906700,Financials
JPM,2022-08-15,111.01,112.46,110.52,112.22,112.22,8456200,Financials
JPM,2022-08-16,112.06,113.85,111.68,113.29,113.29,9555000,Financials
JPM,2022-08-17,112.07,112.86,111.51,112.34,112.34,8149300,Financials
JPM,2022-08-18,112.02,112.23,110.47,111.47,111.47,9531800,Financials
JPM,2022-08-19,110.53,110.87,108.23,108.71,108.71,13464500,Financials
JPM,2022-08-22,106.99,107.36,105.84,106.91,106.91,8967600,Financials
JPM,2022-08-23,106.93,107.48,105.73,105.86,105.86,7607000,Financials
JPM,2022-08-24,105.65,106.68,104.88,106.12,106.12,9771300,Financials
JPM,2022-08-25,106.45,108.81,106.01,108.64,108.64,10758900,Financials
JPM,2022-08-26,109.47,109.96,105.02,105.08,105.08,11276200,Financials
JPM,2022-08-29,104.47,105.26,103.97,104.82,104.82,8117300,Financials
JPM,2022-08-30,105.38,105.91,103.88,104.84,104.84,10745400,Financials
JPM,2022-08-31,104.91,105.41,103.86,104.22,104.22,10738300,Financials
JPM,2022-09-01,103.82,105.04,102.55,104.93,104.93,9979800,Financials
JPM,2022-09-02,106.18,107.63,103.72,104.2,104.2,10666600,Financials
JPM,2022-09-06,104.77,105.15,102.7,104.23,104.23,9751900,Financials
JPM,2022-09-07,103.67,106.4,103.33,106.21,106.21,10647900,Financials
JPM,2022-09-08,105.64,108.86,105.04,108.68,108.68,11435000,Financials
JPM,2022-09-09,109.18,110.01,108.75,109.2,109.2,9299700,Financials
JPM,2022-09-12,110.53,111.39,109.77,110.5,110.5,8614600,Financials
JPM,2022-09-13,108.2,108.98,106.1,106.66,106.66,12904600,Financials
JPM,2022-09-14,106.94,107.99,105.27,106.41,106.41,9345700,Financials
JPM,2022-09-15,106.41,109.4,106.08,108.01,108.01,10821400,Financials
JPM,2022-09-16,107.57,107.58,105.72,107.29,107.29,14844100,Financials
JPM,2022-09-19,106.3,108.8,105.85,108.28,108.28,8201300,Financials
JPM,2022-09-20,107.59,107.85,105.05,106.14,106.14,9619000,Financials
JPM,2022-09-21,106.79,106.85,103.02,103.08,103.08,12606300,Financials
JPM,2022-09-22,103.9,104.1,101.78,101.91,101.91,11684500,Financials
JPM,2022-09-23,100.85,101.11,98.2,100.01,100.01,18138600,Financials
JPM,2022-09-26,98.97,100.44,97.19,97.86,97.86,15753600,Financials
JPM,2022-09-27,98.74,99.12,95.9,97.0,97.0,12793600,Financials
JPM,2022-09-28,97.09,99.64,96.81,98.96,98.96,12762600,Financials
JPM,2022-09-29,98.01,98.31,95.67,97.28,97.28,12713900,Financials
JPM,2022-09-30,97.19,98.62,95.67,95.76,95.76,15973400,Financials
JPM,2022-10-03,96.79,99.3,95.72,98.72,98.72,12248100,Financials
JPM,2022-10-04,101.36,103.54,100.67,103.34,103.34,16013600,Financials
JPM,2022-10-05,101.47,102.58,100.62,102.06,102.06,10943500,Financials
JPM,2022-10-06,101.2,101.88,99.8,99.98,99.98,11521400,Financials
JPM,2022-10-07,99.41,99.59,97.33,97.99,97.99,11681100,Financials
JPM,2022-10-10,98.68,99.22,96.64,97.07,97.07,8931700,Financials
JPM,2022-10-11,96.5,96.66,94.17,94.27,94.27,12739700,Financials
JPM,2022-10-12,94.12,96.83,93.64,95.8,95.8,13181000,Financials
JPM,2022-10-13,94.29,101.61,94.08,101.12,101.12,22398700,Financials
JPM,2022-10-14,103.52,106.55,102.37,102.8,102.8,33387100,Financials
JPM,2022-10-17,106.71,108.18,105.7,107.12,107.12,22276300,Financials
JPM,2022-10-18,110.63,111.08,108.14,109.88,109.88,21539700,Financials
JPM,2022-10-19,109.09,109.87,106.95,107.72,107.72,17072000,Financials
JPM,2022-10-20,108.32,109.76,106.93,107.37,107.37,12207400,Financials
JPM,2022-10-21,107.68,113.16,107.56,113.01,113.01,20593300,Financials
JPM,2022-10-24,112.86,113.82,112.18,113.15,113.15,12624200,Financials
JPM,2022-10-25,112.66,113.97,111.77,113.45,113.45,11289100,Financials
JPM,2022-10-26,113.72,115.76,113.61,114.75,114.75,11667000,Financials
JPM,2022-10-27,115.76,116.68,114.84,115.2,115.2,10727600,Financials
JPM,2022-10-28,115.84,116.76,114.69,116.57,116.57,11859500,Financials
JPM,2022-10-31,116.22,117.82,116.12,116.39,116.39,13295200,Financials
JPM,2022-11-01,117.3,118.6,116.8,118.48,118.48,13386900,Financials
JPM,2022-11-02,118.02,120.53,117.09,117.39,117.39,16546100,Financials
JPM,2022-11-03,116.78,118.51,116.41,117.61,117.61,12474400,Financials
JPM,2022-11-04,119.72,120.96,118.77,120.82,120.82,14953200,Financials
JPM,2022-11-07,121.12,122.31,120.64,121.46,121.46,12011200,Financials
JPM,2022-11-08,121.34,122.1,120.32,121.54,121.54,9884100,Financials
JPM,2022-11-09,121.42,121.52,119.47,119.95,119.95,9494000,Financials
JPM,2022-11-10,122.63,125.05,122.53,124.89,124.89,16351600,Financials
JPM,2022-11-11,124.99,125.9,123.69,125.1,125.1,10704700,Financials
JPM,2022-11-14,124.63,125.49,123.81,123.81,123.81,11085600,Financials
JPM,2022-11-15,124.52,125.47,121.67,122.91,122.91,14038300,Financials
JPM,2022-11-16,122.97,123.49,122.07,123.08,123.08,7893400,Financials
JPM,2022-11-17,122.04,122.87,121.38,122.54,122.54,8820200,Financials
JPM,2022-11-18,124.42,124.51,122.3,123.75,123.75,9468500,Financials
JPM,2022-11-21,123.65,124.41,122.74,123.01,123.01,7800500,Financials
JPM,2022-11-22,123.89,125.07,123.61,124.85,124.85,9185700,Financials
JPM,2022-11-23,124.76,126.2,124.69,126.19,126.19,7316200,Financials
JPM,2022-11-25,126.19,126.8,125.8,126.43,126.43,3220500,Financials
JPM,2022-11-28,125.81,126.4,124.07,124.22,124.22,9906900,Financials
JPM,2022-11-29,124.5,126.33,124.27,126.26,126.26,7925300,Financials
JPM,2022-11-30,125.83,127.76,123.14,127.76,127.76,14761200,Financials
JPM,2022-12-01,127.76,128.2,125.22,125.96,125.96,8858500,Financials
JPM,2022-12-02,124.35,125.14,123.28,124.97,124.97,8931900,Financials
JPM,2022-12-05,124.12,124.42,120.75,121.46,121.46,10154500,Financials
JPM,2022-12-06,123.33,124.92,120.07,121.66,121.66,13966700,Financials
JPM,2022-12-07,121.41,123.04,120.5,121.58,121.58,11739400,Financials
JPM,2022-12-08,122.35,122.95,121.52,122.86,122.86,8907300,Financials
JPM,2022-12-09,122.23,123.67,122.04,122.19,122.19,7957800,Financials
JPM,2022-12-12,122.41,124.49,121.67,124.09,124.09,8841600,Financials
JPM,2022-12-13,126.57,126.75,123.04,123.97,123.97,10025400,Financials
JPM,2022-12-14,123.69,125.47,122.75,123.35,123.35,9966100,Financials
JPM,2022-12-15,121.26,122.12,119.32,120.29,120.29,12087800,Financials
JPM,2022-12-16,119.41,120.1,118.74,119.54,119.54,21133700,Financials
JPM,2022-12-19,119.87,121.42,119.35,120.25,120.25,9017200,Financials
JPM,2022-12-20,121.09,122.09,120.38,120.83,120.83,8549900,Financials
JPM,2022-12-21,122.21,122.95,121.83,122.19,122.19,8051700,Financials
JPM,2022-12-22,121.21,121.4,118.72,120.81,120.81,8648200,Financials
JPM,2022-12-23,120.73,121.53,119.86,121.38,121.38,5091900,Financials
JPM,2022-12-27,121.65,122.25,120.7,121.8,121.8,5411000,Financials
JPM,2022-12-28,121.91,123.35,121.13,122.47,122.47,8827700,Financials
JPM,2022-12-29,122.9,123.22,122.33,123.17,123.17,6585200,Financials
JPM,2022-12-30,122.79,124.2,122.45,123.99,123.99,9292500,Financials
JPM,2023-01-03,125.04,126.43,123.79,124.93,124.93,11054800,Financials
JPM,2023-01-04,125.73,127.3,125.34,126.09,126.09,11687600,Financials
JPM,2023-01-05,126.35,126.4,124.53,126.07,126.07,8381300,Financials
JPM,2023-01-06,126.79,128.89,125.26,128.48,128.48,10029100,Financials
JPM,2023-01-09,129.09,129.35,127.49,127.95,127.95,8482300,Financials
JPM,2023-01-10,128.34,129.2,127.89,129.09,129.09,9048700,Financials
JPM,2023-01-11,129.37,130.16,128.63,130.05,130.05,8703700,Financials
JPM,2023-01-12,130.4,131.2,129.67,129.92,129.92,11001700,Financials
JPM,2023-01-13,126.3,133.65,125.55,133.2,133.2,20200000,Financials
JPM,2023-01-17,131.49,131.83,129.68,131.14,131.14,14292900,Financials
JPM,2023-01-18,129.39,131.08,127.05,127.2,127.2,13392600,Financials
JPM,2023-01-19,126.04,126.58,124.43,125.51,125.51,13303400,Financials
JPM,2023-01-20,125.89,126.2,124.39,125.81,125.81,13092500,Financials
JPM,2023-01-23,125.85,128.5,125.57,127.85,127.85,10487100,Financials
JPM,2023-01-24,127.06,130.67,125.74,128.95,128.95,6945000,Financials
JPM,2023-01-25,128.58,129.58,127.84,129.58,129.58,8967000,Financials
JPM,2023-01-26,129.86,130.45,128.87,130.38,130.38,7487600,Financials
JPM,2023-01-27,130.96,131.57,130.16,130.69,130.69,7489900,Financials
JPM,2023-01-30,129.68,130.48,129.38,129.59,129.59,6729300,Financials
JPM,2023-01-31,130.29,130.46,128.77,130.36,130.36,9188700,Financials
JPM,2023-02-01,128.73,131.22,128.65,130.01,130.01,8841800,Financials
JPM,2023-02-02,130.4,130.83,128.53,129.41,129.41,11822100,Financials
JPM,2023-02-03,128.7,132.57,128.66,131.41,131.41,11501200,Financials
JPM,2023-02-06,130.61,132.48,130.42,132.19,132.19,8406200,Financials
JPM,2023-02-07,131.68,134.44,131.5,133.8,133.8,10447900,Financials
JPM,2023-02-08,132.87,134.16,132.52,132.86,132.86,6958000,Financials
JPM,2023-02-09,133.3,133.51,130.28,130.79,130.79,6443100,Financials
JPM,2023-02-10,130.19,131.59,129.08,131.37,131.37,6582900,Financials
JPM,2023-02-13,131.61,132.94,131.09,132.79,132.79,7134600,Financials
JPM,2023-02-14,132.73,133.95,131.89,133.38,133.38,9249400,Financials
JPM,2023-02-15,131.9,134.02,131.61,133.94,133.94,6728300,Financials
JPM,2023-02-16,133.11,133.55,131.96,132.09,132.09,8165300,Financials
JPM,2023-02-17,131.31,133.03,130.46,132.48,132.48,7948800,Financials
JPM,2023-02-21,131.04,131.64,129.23,130.05,130.05,9996300,Financials
JPM,2023-02-22,129.39,129.87,128.01,129.06,129.06,11107500,Financials
JPM,2023-02-23,129.21,130.56,128.48,130.09,130.09,8068000,Financials
JPM,2023-02-24,129.57,131.66,129.4,131.26,131.26,9126900,Financials
JPM,2023-02-27,132.36,133.48,132.0,132.41,132.41,10014700,Financials
JPM,2023-02-28,133.14,133.9,132.17,133.52,133.52,11019800,Financials
JPM,2023-03-01,132.35,133.62,132.07,132.77,132.77,7139200,Financials
JPM,2023-03-02,132.48,132.66,129.97,131.39,131.39,11106800,Financials
JPM,2023-03-03,131.8,133.88,131.4,133.81,133.81,9513100,Financials
JPM,2023-03-06,133.6,134.16,132.87,133.02,133.02,9261300,Financials
JPM,2023-03-07,132.27,132.55,128.36,129.11,129.11,11747600,Financials
JPM,2023-03-08,128.53,129.08,127.5,128.35,128.35,10002500,Financials
JPM,2023-03-09,127.38,127.93,120.36,121.4,121.4,25888100,Financials
JPM,2023-03-10,120.11,125.98,119.05,124.48,124.48,37599700,Financials
JPM,2023-03-13,122.21,124.7,120.53,122.25,122.25,42901100,Financials
JPM,2023-03-14,126.0,126.23,122.28,125.39,125.39,29648100,Financials
JPM,2023-03-15,122.0,122.0,118.04,119.46,119.46,34280600,Financials
JPM,2023-03-16,119.23,122.9,117.38,121.78,121.78,24558500,Financials
JPM,2023-03-17,119.57,119.67,116.84,117.18,117.18,38396000,Financials
JPM,2023-03-20,118.28,120.59,117.37,118.42,118.42,22875500,Financials
JPM,2023-03-21,121.63,122.69,121.26,121.59,121.59,17807800,Financials
JPM,2023-03-22,121.6,121.7,118.36,118.46,118.46,17250200,Financials
JPM,2023-03-23,119.13,120.64,117.38,118.14,118.14,16677600,Financials
JPM,2023-03-24,117.01,117.06,114.67,116.34,116.34,22311100,Financials
JPM,2023-03-27,118.09,120.51,117.63,119.68,119.68,18853900,Financials
JPM,2023-03-28,119.88,120.47,118.98,120.04,120.04,10820500,Financials
JPM,2023-03-29,121.18,121.29,119.01,120.28,120.28,14595300,Financials
JPM,2023-03-30,121.04,121.19,118.89,119.92,119.92,12134700,Financials
JPM,2023-03-31,120.77,121.4,120.01,121.37,121.37,13105200,Financials
JPM,2023-04-03,121.0,122.42,120.53,121.23,121.23,11775400,Financials
JPM,2023-04-04,121.55,121.63,118.67,119.61,119.61,11579900,Financials
JPM,2023-04-05,119.03,120.3,118.71,119.79,119.79,9614700,Financials
JPM,2023-04-06,119.22,120.23,119.09,119.66,119.66,8760200,Financials
JPM,2023-04-10,118.79,120.37,118.48,120.05,120.05,9477300,Financials
JPM,2023-04-11,120.44,121.04,119.72,120.64,120.64,10516300,Financials
JPM,2023-04-12,121.26,122.44,120.21,120.62,120.62,11821000,Financials
JPM,2023-04-13,120.59,121.13,119.06,121.08,121.08,12450200,Financials
JPM,2023-04-14,126.87,130.59,126.63,130.23,130.23,43931300,Financials
JPM,2023-04-17,131.37,131.48,129.22,131.26,131.26,16050500,Financials
JPM,2023-04-18,131.67,133.09,130.51,132.73,132.73,13760100,Financials
JPM,2023-04-19,132.57,132.83,131.8,132.57,132.57,9158100,Financials
JPM,2023-04-20,131.34,132.76,131.27,132.18,132.18,10586200,Financials
JPM,2023-04-21,131.18,132.46,130.27,131.93,131.93,11842500,Financials
JPM,2023-04-24,131.85,132.45,131.46,132.11,132.11,7567500,Financials
JPM,2023-04-25,131.04,131.38,129.2,129.23,129.23,10629300,Financials
JPM,2023-04-26,129.19,129.36,125.79,126.94,126.94,14416100,Financials
JPM,2023-04-27,127.67,129.46,127.35,128.65,128.65,9041100,Financials
JPM,2023-04-28,128.19,129.84,127.36,129.77,129.77,9887300,Financials
JPM,2023-05-01,133.54,134.58,132.2,132.55,132.55,20415800,Financials
JPM,2023-05-02,132.73,133.68,129.95,130.41,130.41,14113400,Financials
JPM,2023-05-03,129.96,130.17,127.44,127.65,127.65,12930900,Financials
JPM,2023-05-04,126.69,127.4,123.73,125.9,125.9,17089200,Financials
JPM,2023-05-05,128.08,129.43,127.58,128.36,128.36,11261400,Financials
JPM,2023-05-08,129.06,129.51,128.12,128.67,128.67,7484900,Financials
JPM,2023-05-09,127.6,128.56,126.92,128.05,128.05,7343600,Financials
JPM,2023-05-10,129.5,129.6,126.6,128.12,128.12,8133400,Financials
JPM,2023-05-11,126.73,128.43,126.63,127.71,127.71,7057300,Financials
JPM,2023-05-12,128.44,128.59,124.97,125.88,125.88,9988600,Financials
JPM,2023-05-15,126.04,127.36,125.75,126.94,126.94,7639500,Financials
JPM,2023-05-16,127.16,127.61,125.75,126.09,126.09,6477200,Financials
JPM,2023-05-17,127.57,130.1,127.16,129.97,129.97,12711500,Financials
JPM,2023-05-18,129.8,131.17,129.32,130.95,130.95,10999600,Financials
JPM,2023-05-19,131.22,131.88,129.66,130.65,130.65,13492200,Financials
JPM,2023-05-22,132.36,132.96,129.22,129.57,129.57,11402500,Financials
JPM,2023-05-23,129.11,130.51,128.1,128.22,128.22,9514900,Financials
JPM,2023-05-24,127.1,127.99,126.8,127.05,127.05,8578000,Financials
JPM,2023-05-25,126.56,127.92,126.33,127.36,127.36,8472500,Financials
JPM,2023-05-26,127.77,129.17,127.32,128.55,128.55,8579900,Financials
JPM,2023-05-30,128.42,129.28,127.68,129.04,129.04,7399900,Financials
JPM,2023-05-31,128.35,128.45,126.16,127.39,127.39,14219900,Financials
JPM,2023-06-01,128.15,129.76,127.15,129.15,129.15,12248100,Financials
JPM,2023-06-02,131.01,132.81,130.8,131.86,131.86,12922500,Financials
JPM,2023-06-05,131.52,131.52,129.66,130.57,130.57,8511900,Financials
JPM,2023-06-06,130.18,131.51,129.74,130.8,130.8,9329500,Financials
JPM,2023-06-07,131.0,132.61,130.32,132.07,132.07,9281400,Financials
JPM,2023-06-08,132.05,132.26,130.93,132.11,132.11,7368100,Financials
JPM,2023-06-09,131.75,133.11,131.62,132.37,132.37,7249100,Financials
JPM,2023-06-12,132.42,132.66,131.19,132.36,132.36,7596600,Financials
JPM,2023-06-13,131.87,134.11,131.55,133.32,133.32,7701600,Financials
JPM,2023-06-14,134.24,134.81,132.08,132.82,132.82,9068700,Financials
JPM,2023-06-15,131.97,134.61,131.45,134.32,134.32,9343100,Financials
JPM,2023-06-16,134.28,135.15,133.77,134.48,134.48,13813500,Financials
JPM,2023-06-20,133.87,134.24,132.4,133.8,133.8,8428600,Financials
JPM,2023-06-21,134.14,135.19,133.01,133.6,133.6,9926500,Financials
JPM,2023-06-22,133.59,133.86,130.43,131.03,131.03,10075200,Financials
JPM,2023-06-23,130.05,130.65,129.19,130.34,130.34,9919500,Financials
JPM,2023-06-26,130.36,131.43,129.25,130.66,130.66,8429700,Financials
JPM,2023-06-27,130.48,131.27,130.05,130.67,130.67,8154000,Financials
JPM,2023-06-28,130.63,130.68,129.51,130.1,130.1,7558600,Financials
JPM,2023-06-29,131.49,134.76,131.28,134.64,134.64,15423200,Financials
JPM,2023-06-30,135.74,137.05,134.86,136.53,136.53,14212800,Financials
JPM,2023-07-03,137.23,138.44,137.05,137.62,137.62,8021600,Financials
JPM,2023-07-05,136.99,137.45,136.44,136.71,136.71,8934900,Financials
JPM,2023-07-06,135.18,135.53,133.68,135.36,135.36,9709500,Financials
JPM,2023-07-07,136.02,137.84,135.16,136.42,136.42,8981500,Financials
JPM,2023-07-10,136.58,137.98,136.58,137.19,137.19,9100100,Financials
JPM,2023-07-11,138.31,139.71,137.72,139.34,139.34,11260900,Financials
JPM,2023-07-12,139.36,141.65,138.94,140.03,140.03,11323200,Financials
JPM,2023-07-13,140.55,141.18,139.65,140.71,140.71,11234900,Financials
JPM,2023-07-14,143.24,144.51,140.27,141.56,141.56,27028400,Financials
JPM,2023-07-17,142.11,145.32,142.11,144.97,144.97,17262400,Financials
JPM,2023-07-18,144.97,145.93,144.44,145.23,145.23,13491700,Financials
JPM,2023-07-19,144.37,146.7,143.87,145.79,145.79,12510000,Financials
JPM,2023-07-20,146.06,148.0,145.94,147.59,147.59,9935900,Financials
JPM,2023-07-21,147.26,147.58,146.21,146.45,146.45,10636400,Financials
JPM,2023-07-24,146.47,150.08,146.24,149.34,149.34,14381400,Financials
JPM,2023-07-25,148.67,149.07,147.41,148.22,148.22,9944700,Financials
JPM,2023-07-26,148.12,149.57,147.71,149.11,149.11,8728600,Financials
JPM,2023-07-27,149.12,150.07,147.02,147.46,147.46,10778400,Financials
JPM,2023-07-28,148.66,148.96,147.86,148.31,148.31,9103800,Financials
JPM,2023-07-31,148.56,150.64,148.53,149.3,149.3,8892700,Financials
JPM,2023-08-01,148.8,149.34,147.59,148.56,148.56,6853900,Financials
JPM,2023-08-02,147.03,147.15,145.5,146.88,146.88,8299400,Financials
JPM,2023-08-03,146.5,148.31,145.89,147.78,147.78,6084000,Financials
JPM,2023-08-04,147.82,149.15,147.16,147.46,147.46,6209400,Financials
JPM,2023-08-07,148.01,149.05,148.01,148.16,148.16,7251800,Financials
JPM,2023-08-08,145.86,147.43,144.22,147.33,147.33,8623400,Financials
JPM,2023-08-09,146.8,146.99,145.05,145.36,145.36,6277800,Financials
JPM,2023-08-10,145.91,146.92,144.69,145.14,145.14,5995100,Financials
JPM,2023-08-11,144.64,146.05,144.26,145.98,145.98,5180700,Financials
JPM,2023-08-14,145.19,146.42,144.53,146.28,146.28,5044300,Financials
JPM,2023-08-15,144.47,144.86,141.99,142.56,142.56,10300300,Financials
JPM,2023-08-16,142.34,142.68,141.47,141.95,141.95,6978200,Financials
JPM,2023-08-17,142.61,142.97,140.26,140.48,140.48,9953900,Financials
JPM,2023-08-18,139.55,141.3,139.35,140.8,140.8,8517500,Financials
JPM,2023-08-21,141.44,141.87,139.9,141.28,141.28,8327000,Financials
JPM,2023-08-22,141.07,141.43,137.85,138.35,138.35,9673300,Financials
JPM,2023-08-23,138.32,139.5,137.48,139.29,139.29,7858000,Financials
JPM,2023-08-24,139.41,141.22,138.93,139.16,139.16,6534000,Financials
JPM,2023-08-25,139.2,140.47,137.85,138.99,138.99,6695500,Financials
JPM,2023-08-28,139.48,140.46,139.06,139.47,139.47,5094100,Financials
JPM,2023-08-29,139.61,140.69,139.11,140.6,140.6,6337000,Financials
JPM,2023-08-30,140.47,140.97,139.12,140.04,140.04,6277300,Financials
JPM,2023-08-31,140.13,140.21,137.96,138.31,138.31,10933900,Financials
JPM,2023-09-01,138.08,139.96,137.71,138.77,138.77,7903500,Financials
JPM,2023-09-05,139.09,140.08,137.06,137.24,137.24,7854700,Financials
JPM,2023-09-06,136.76,137.56,136.21,137.01,137.01,8629200,Financials
JPM,2023-09-07,136.23,137.3,135.53,135.84,135.84,8373700,Financials
JPM,2023-09-08,135.51,136.22,134.83,135.94,135.94,7107900,Financials
JPM,2023-09-11,136.81,137.1,135.81,136.54,136.54,6854200,Financials
JPM,2023-09-12,136.58,139.24,136.15,138.31,138.31,8363200,Financials
JPM,2023-09-13,139.26,139.6,137.82,138.38,138.38,8325900,Financials
JPM,2023-09-14,139.73,141.68,139.43,141.07,141.07,10034900,Financials
JPM,2023-09-15,140.75,141.52,140.18,140.65,140.65,19863400,Financials
JPM,2023-09-18,140.04,140.96,139.65,140.94,140.94,6512400,Financials
JPM,2023-09-19,141.3,141.51,139.14,140.76,140.76,7943400,Financials
JPM,2023-09-20,141.44,142.01,140.02,140.17,140.17,7332000,Financials
JPM,2023-09-21,139.49,140.69,138.59,139.07,139.07,8052400,Financials
JPM,2023-09-22,139.21,139.42,137.23,137.74,137.74,7071700,Financials
JPM,2023-09-25,137.38,138.49,135.82,138.42,138.42,7044700,Financials
JPM,2023-09-26,136.67,137.84,136.32,136.98,136.98,7468400,Financials
JPM,2023-09-27,137.23,138.08,136.59,137.79,137.79,6717800,Financials
JPM,2023-09-28,138.26,140.71,138.0,139.5,139.5,8868100,Financials
JPM,2023-09-29,140.45,140.6,136.92,137.07,137.07,11917800,Financials
JPM,2023-10-02,136.89,137.63,134.81,135.89,135.89,9170600,Financials
JPM,2023-10-03,135.35,135.72,134.54,134.88,134.88,9431100,Financials
JPM,2023-10-04,135.34,135.6,134.15,135.49,135.49,8128700,Financials
JPM,2023-10-05,135.24,136.25,134.09,136.06,136.06,8576200,Financials
JPM,2023-10-06,136.07,138.9,135.34,138.15,138.15,10270600,Financials
JPM,2023-10-09,136.78,138.44,136.63,137.84,137.84,6964900,Financials
JPM,2023-10-10,138.46,139.74,138.33,138.68,138.68,11288800,Financials
JPM,2023-10-11,139.5,140.18,138.08,139.15,139.15,8698200,Financials
JPM,2023-10-12,139.3,139.93,138.18,138.83,138.83,10484400,Financials
JPM,2023-10-13,141.39,145.78,140.76,140.92,140.92,29427000,Financials
JPM,2023-10-16,142.3,142.36,139.7,140.77,140.77,12663500,Financials
JPM,2023-10-17,140.51,142.16,139.76,140.47,140.47,11482700,Financials
JPM,2023-10-18,139.57,140.42,138.41,138.93,138.93,9620300,Financials
JPM,2023-10-19,138.52,139.98,137.95,138.34,138.34,11143600,Financials
JPM,2023-10-20,137.65,138.19,135.32,136.11,136.11,13332900,Financials
JPM,2023-10-23,136.1,136.8,133.99,134.25,134.25,10133400,Financials
JPM,2023-10-24,134.43,134.95,133.64,134.41,134.41,8881400,Financials
JPM,2023-10-25,133.84,134.42,132.83,133.68,133.68,8242600,Financials
JPM,2023-10-26,133.07,134.89,132.76,134.02,134.02,9109400,Financials
JPM,2023-10-27,132.3,132.44,128.72,129.2,129.2,17434700,Financials
JPM,2023-10-30,129.91,131.43,129.53,130.84,130.84,9855500,Financials
JPM,2023-10-31,131.12,132.58,130.89,132.4,132.4,9672500,Financials
JPM,2023-11-01,132.58,133.8,131.84,132.29,132.29,9432000,Financials
JPM,2023-11-02,133.38,134.71,132.57,134.65,134.65,10186200,Financials
JPM,2023-11-03,135.38,136.89,135.06,136.16,136.16,9538700,Financials
JPM,2023-11-06,136.32,137.29,135.96,137.18,137.18,7625100,Financials
JPM,2023-11-07,136.64,137.36,135.98,137.12,137.12,6297900,Financials
JPM,2023-11-08,137.21,137.91,136.75,137.79,137.79,7618200,Financials
JPM,2023-11-09,138.48,138.68,136.82,137.38,137.38,7992500,Financials
JPM,2023-11-10,138.0,139.47,137.18,139.42,139.42,7983300,Financials
JPM,2023-11-13,138.73,139.25,138.21,138.8,138.8,6676300,Financials
JPM,2023-11-14,139.66,142.11,139.51,141.34,141.34,9927700,Financials
JPM,2023-11-15,141.35,142.97,141.35,142.57,142.57,8365300,Financials
JPM,2023-11-16,142.91,144.28,142.91,144.2,144.2,8126200,Financials
JPM,2023-11-17,144.92,145.54,144.29,145.51,145.51,7812400,Financials
JPM,2023-11-20,144.8,146.39,144.65,145.95,145.95,7019000,Financials
JPM,2023-11-21,145.87,146.28,145.27,145.65,145.65,7083500,Financials
JPM,2023-11-22,146.07,146.51,145.58,145.99,145.99,5174500,Financials
JPM,2023-11-24,146.24,147.05,145.94,146.19,146.19,3496900,Financials
JPM,2023-11-27,146.09,146.18,145.4,145.86,145.86,6259100,Financials
JPM,2023-11-28,145.89,146.51,145.41,146.19,146.19,6582700,Financials
JPM,2023-11-29,146.79,148.18,146.63,146.93,146.93,9126100,Financials
JPM,2023-11-30,147.5,148.66,146.99,148.61,148.61,9869800,Financials
JPM,2023-12-01,148.36,150.3,148.36,149.33,149.33,8916000,Financials
JPM,2023-12-04,148.55,150.49,148.42,150.43,150.43,9607500,Financials
JPM,2023-12-05,149.73,150.91,149.46,150.41,150.41,9135600,Financials
JPM,2023-12-06,151.24,151.6,148.53,148.83,148.83,9366000,Financials
JPM,2023-12-07,149.19,149.78,148.68,149.29,149.29,8130900,Financials
JPM,2023-12-08,149.73,151.18,149.47,150.93,150.93,7369400,Financials
JPM,2023-12-11,150.93,151.68,150.58,151.48,151.48,8093900,Financials
JPM,2023-12-12,151.61,152.96,151.28,152.84,152.84,10223000,Financials
JPM,2023-12-13,152.84,154.27,152.12,153.35,153.35,12379100,Financials
JPM,2023-12-14,154.08,156.95,153.97,156.14,156.14,13643000,Financials
JPM,2023-12-15,155.27,157.37,154.62,157.32,157.32,20309300,Financials
JPM,2023-12-18,157.98,159.13,157.7,158.27,158.27,8469600,Financials
JPM,2023-12-19,158.05,160.41,157.63,160.39,160.39,10345700,Financials
JPM,2023-12-20,159.95,161.3,158.48,158.58,158.58,10734700,Financials
JPM,2023-12-21,158.85,160.04,157.75,159.48,159.48,7601700,Financials
JPM,2023-12-22,159.48,160.18,159.23,159.39,159.39,6576300,Financials
JPM,2023-12-26,159.44,160.69,159.18,160.33,160.33,4683600,Financials
JPM,2023-12-27,159.81,161.36,159.56,161.29,161.29,6428600,Financials
JPM,2023-12-28,161.24,162.49,160.91,162.15,162.15,6320100,Financials
JPM,2023-12-29,161.86,162.52,161.51,161.96,161.96,6435100,Financials
JPM,2024-01-02,161.0,163.93,160.83,163.84,163.84,9977400,Financials
JPM,2024-01-03,163.63,163.81,162.22,163.13,163.13,9852300,Financials
JPM,2024-01-04,163.47,166.07,163.38,164.21,164.21,11972500,Financials
JPM,2024-01-05,164.27,166.1,164.27,165.04,165.04,10066000,Financials
JPM,2024-01-08,164.8,165.12,162.37,164.8,164.8,11229900,Financials
JPM,2024-01-09,164.41,164.58,162.96,163.49,163.49,9923600,Financials
JPM,2024-01-10,162.86,163.9,161.86,163.84,163.84,9670200,Financials
JPM,2024-01-11,163.18,163.21,161.56,163.15,163.15,11919500,Financials
JPM,2024-01-12,166.5,168.91,161.81,161.95,161.95,19436500,Financials
JPM,2024-01-16,157.95,161.03,157.4,160.94,160.94,17206400,Financials
JPM,2024-01-17,160.31,161.97,159.5,160.07,160.07,11107500,Financials
JPM,2024-01-18,160.1,160.49,158.3,160.39,160.39,9382300,Financials
JPM,2024-01-19,160.51,163.41,160.06,163.16,163.16,13115700,Financials
JPM,2024-01-22,163.3,164.76,162.58,162.97,162.97,12837500,Financials
JPM,2024-01-23,162.55,162.62,161.37,161.89,161.89,8360800,Financials
JPM,2024-01-24,162.25,163.83,161.77,163.34,163.34,9967100,Financials
JPM,2024-01-25,165.07,165.73,163.73,165.68,165.68,8873500,Financials
JPM,2024-01-26,165.36,165.79,164.57,165.05,165.05,7443000,Financials
JPM,2024-01-29,165.01,165.58,164.11,165.48,165.48,6971200,Financials
JPM,2024-01-30,165.57,169.34,165.57,168.87,168.87,10822100,Financials
JPM,2024-01-31,168.8,170.81,167.02,167.04,167.04,11521800,Financials
JPM,2024-02-01,166.35,167.5,164.23,166.43,166.43,9354800,Financials
JPM,2024-02-02,166.02,168.44,165.98,167.39,167.39,8607600,Financials
JPM,2024-02-05,166.56,167.74,165.66,167.17,167.17,7820200,Financials
JPM,2024-02-06,167.28,168.48,166.46,167.75,167.75,6764800,Financials
JPM,2024-02-07,168.31,168.48,166.65,168.06,168.06,7225500,Financials
JPM,2024-02-08,167.65,167.95,166.28,167.46,167.46,6060300,Financials
JPM,2024-02-09,167.65,167.75,166.38,167.66,167.66,6296700,Financials
JPM,2024-02-12,167.44,169.39,166.41,168.41,168.41,8539300,Financials
JPM,2024-02-13,167.96,168.83,165.37,166.94,166.94,8397600,Financials
JPM,2024-02-14,167.72,168.71,167.1,168.64,168.64,7056700,Financials
JPM,2024-02-15,168.75,172.64,168.75,172.32,172.32,8723400,Financials
JPM,2024-02-16,172.07,172.42,170.68,171.51,171.51,8152600,Financials
JPM,2024-02-20,171.67,172.88,170.92,172.18,172.18,9668000,Financials
JPM,2024-02-21,172.39,173.39,171.02,173.3,173.3,7024000,Financials
JPM,2024-02-22,174.18,175.72,173.63,175.38,175.38,9296500,Financials
JPM,2024-02-23,176.09,177.42,175.5,176.26,176.26,7105800,Financials
JPM,2024-02-26,176.03,176.71,174.82,175.66,175.66,7145400,Financials
JPM,2024-02-27,175.61,175.83,174.59,175.75,175.75,5717100,Financials
JPM,2024-02-28,175.73,177.42,175.28,176.64,176.64,6131600,Financials
JPM,2024-02-29,177.86,178.6,176.13,178.25,178.25,9643000,Financials
JPM,2024-03-01,177.9,178.61,177.33,177.51,177.51,6311800,Financials
JPM,2024-03-04,176.95,179.71,176.53,178.84,178.84,7063600,Financials
JPM,2024-03-05,178.53,181.35,178.53,180.63,180.63,6617800,Financials
JPM,2024-03-06,181.3,182.09,179.75,181.57,181.57,7572900,Financials
JPM,2024-03-07,181.94,182.5,178.79,179.98,179.98,7618300,Financials
JPM,2024-03-08,180.53,182.46,180.03,180.32,180.32,6172200,Financials
JPM,2024-03-11,179.42,180.53,178.4,180.38,180.38,5762600,Financials
JPM,2024-03-12,181.02,182.17,180.02,181.87,181.87,5708400,Financials
JPM,2024-03-13,182.37,183.68,181.87,183.34,183.34,7795500,Financials
JPM,2024-03-14,183.01,183.58,179.24,180.08,180.08,10310900,Financials
JPM,2024-03-15,178.65,182.92,178.65,182.31,182.31,17214200,Financials
JPM,2024-03-18,182.62,184.61,181.92,184.57,184.57,9013800,Financials
JPM,2024-03-19,184.62,185.79,184.3,185.65,185.65,8478700,Financials
JPM,2024-03-20,186.04,188.31,185.48,188.09,188.09,9367000,Financials
JPM,2024-03-21,188.27,191.06,188.09,190.7,190.7,11203800,Financials
JPM,2024-03-22,190.65,192.06,188.29,188.36,188.36,8108800,Financials
JPM,2024-03-25,188.34,188.67,186.2,186.64,186.64,8620000,Financials
JPM,2024-03-26,186.42,188.4,185.91,187.51,187.51,5961500,Financials
JPM,2024-03-27,188.25,191.22,188.13,191.14,191.14,8725800,Financials
JPM,2024-03-28,191.11,192.29,190.2,191.89,191.89,8628300,Financials
JPM,2024-04-01,191.59,192.5,190.23,190.59,190.59,7309000,Financials
JPM,2024-04-02,190.06,191.39,189.76,190.51,190.51,7014700,Financials
JPM,2024-04-03,190.68,191.18,189.4,189.97,189.97,9353400,Financials
JPM,2024-04-04,191.9,192.41,188.43,188.53,188.53,9243800,Financials
JPM,2024-04-05,189.02,190.91,188.01,190.26,190.26,6532300,Financials
JPM,2024-04-08,190.43,191.74,190.43,191.25,191.25,8001000,Financials
JPM,2024-04-09,190.86,191.64,187.81,189.97,189.97,7351500,Financials
JPM,2024-04-10,188.43,189.9,187.11,188.35,188.35,7681400,Financials
JPM,2024-04-11,188.86,189.41,186.21,188.32,188.32,10137700,Financials
JPM,2024-04-12,181.46,182.05,175.89,176.14,176.14,31532300,Financials
JPM,2024-04-15,177.78,180.64,175.57,176.23,176.23,14766600,Financials
JPM,2024-04-16,176.24,176.49,173.11,174.22,174.22,16451800,Financials
JPM,2024-04-17,174.77,175.78,172.68,173.52,173.52,9017100,Financials
JPM,2024-04-18,174.51,176.68,173.42,174.65,174.65,9557700,Financials
JPM,2024-04-19,175.76,179.11,174.81,179.04,179.04,13402300,Financials
JPM,2024-04-22,179.22,183.21,179.21,182.51,182.51,11529700,Financials
JPM,2024-04-23,184.17,185.23,183.58,185.15,185.15,9144400,Financials
JPM,2024-04-24,183.59,186.2,183.25,186.05,186.05,6964900,Financials
JPM,2024-04-25,185.25,186.88,184.22,186.33,186.33,9802300,Financials
JPM,2024-04-26,186.52,187.78,186.03,186.45,186.45,6413700,Financials
JPM,2024-04-29,186.44,187.19,185.42,186.24,186.24,5387800,Financials
JPM,2024-04-30,185.79,187.89,184.66,184.76,184.76,8153700,Financials
JPM,2024-05-01,185.27,187.38,183.84,184.88,184.88,7445300,Financials
JPM,2024-05-02,186.04,186.46,182.62,184.68,184.68,6501700,Financials
JPM,2024-05-03,185.01,185.52,181.6,183.57,183.57,8922800,Financials
JPM,2024-05-06,184.75,185.2,182.91,185.01,185.01,7911100,Financials
JPM,2024-05-07,184.72,185.91,184.67,184.77,184.77,7688800,Financials
JPM,2024-05-08,184.05,189.49,184.05,188.53,188.53,9227600,Financials
JPM,2024-05-09,188.06,190.4,188.0,190.31,190.31,7977300,Financials
JPM,2024-05-10,191.31,192.08,191.05,191.53,191.53,7529800,Financials
JPM,2024-05-13,191.56,192.57,190.83,191.5,191.5,7049200,Financials
JPM,2024-05-14,191.76,194.24,190.95,194.17,194.17,8596200,Financials
JPM,2024-05-15,194.66,195.31,192.5,194.75,194.75,8370000,Financials
JPM,2024-05-16,194.86,197.04,194.64,195.1,195.1,8497900,Financials
JPM,2024-05-17,196.39,197.59,195.43,197.33,197.33,9260500,Financials
JPM,2024-05-20,196.95,198.39,188.29,188.46,188.46,17373300,Financials
JPM,2024-05-21,189.83,192.62,189.44,192.26,192.26,14420800,Financials
JPM,2024-05-22,191.76,193.62,190.49,191.09,191.09,9425300,Financials
JPM,2024-05-23,190.61,191.08,188.93,189.75,189.75,8069400,Financials
JPM,2024-05-24,190.55,193.45,190.37,193.4,193.4,7356200,Financials
JPM,2024-05-28,192.58,193.11,191.43,192.24,192.24,6910200,Financials
JPM,2024-05-29,190.79,191.75,189.72,190.9,190.9,6120000,Financials
JPM,2024-05-30,191.33,192.57,191.18,192.07,192.07,6829100,Financials
JPM,2024-05-31,192.04,195.9,191.13,195.25,195.25,14417900,Financials
JPM,2024-06-03,194.94,195.05,191.94,194.47,194.47,6444300,Financials
JPM,2024-06-04,192.87,194.63,191.06,191.91,191.91,6848300,Financials
JPM,2024-06-05,192.49,192.55,189.75,190.08,190.08,8351600,Financials
JPM,2024-06-06,190.08,190.81,188.22,189.74,189.74,7640300,Financials
JPM,2024-06-07,190.24,193.61,189.84,192.67,192.67,6964500,Financials
JPM,2024-06-10,191.99,193.53,191.22,192.34,192.34,6070800,Financials
JPM,2024-06-11,190.71,190.73,186.55,187.28,187.28,9235300,Financials
JPM,2024-06-12,188.86,189.56,184.35,184.56,184.56,12751300,Financials
JPM,2024-06-13,185.32,187.5,183.93,186.61,186.61,8587800,Financials
JPM,2024-06-14,184.48,187.77,184.45,186.73,186.73,6874000,Financials
JPM,2024-06-17,186.44,188.46,185.63,187.88,187.88,8725400,Financials
JPM,2024-06-18,187.52,190.75,187.06,189.83,189.83,9023000,Financials
JPM,2024-06-20,189.24,192.19,188.97,191.44,191.44,8731100,Financials
JPM,2024-06-21,189.55,189.99,187.15,189.15,189.15,20972100,Financials
JPM,2024-06-24,190.61,191.98,189.92,191.64,191.64,9785900,Financials
JPM,2024-06-25,190.88,192.79,190.54,190.86,190.86,6862500,Financials
JPM,2024-06-26,190.26,190.73,189.13,190.24,190.24,7758600,Financials
JPM,2024-06-27,190.25,192.58,189.73,191.92,191.92,7913500,Financials
JPM,2024-06-28,192.73,195.22,192.04,194.9,194.9,15307600,Financials
JPM,2024-07-01,195.46,199.55,195.28,197.97,197.97,10205800,Financials
JPM,2024-07-02,197.82,201.26,197.32,201.23,201.23,7802900,Financials
JPM,2024-07-03,201.92,202.72,200.09,201.09,201.09,5560900,Financials
JPM,2024-07-05,200.56,200.93,198.17,198.43,198.43,8093100,Financials
JPM,2024-07-08,198.67,200.47,197.63,198.8,198.8,8707000,Financials
JPM,2024-07-09,199.24,203.24,199.07,201.18,201.18,9058900,Financials
JPM,2024-07-10,199.74,201.51,199.19,201.34,201.34,8328500,Financials
JPM,2024-07-11,199.8,201.64,199.0,201.01,201.01,10658100,Financials
JPM,2024-07-12,197.66,201.01,195.82,198.57,198.57,15443400,Financials
JPM,2024-07-15,200.75,205.04,200.3,203.52,203.52,10719700,Financials
JPM,2024-07-16,203.48,207.1,201.62,206.98,206.98,11557000,Financials
JPM,2024-07-17,207.16,210.8,206.64,210.13,210.13,11572500,Financials
JPM,2024-07-18,208.93,209.91,202.74,203.46,203.46,12415100,Financials
JPM,2024-07-19,204.64,205.75,202.43,203.26,203.26,8095900,Financials
JPM,2024-07-22,203.92,205.58,203.2,203.75,203.75,7663200,Financials
JPM,2024-07-23,204.46,204.91,202.85,203.8,203.8,5557300,Financials
JPM,2024-07-24,203.04,205.44,201.61,202.11,202.11,7119000,Financials
JPM,2024-07-25,202.17,203.66,201.59,202.19,202.19,6403800,Financials
JPM,2024-07-26,202.74,206.54,202.14,205.65,205.65,8027800,Financials
JPM,2024-07-29,206.04,206.97,204.01,204.3,204.3,6533600,Financials
JPM,2024-07-30,206.61,209.09,206.34,208.51,208.51,8850700,Financials
JPM,2024-07-31,208.11,209.67,206.06,206.19,206.19,9071600,Financials
JPM,2024-08-01,206.58,207.19,199.97,201.5,201.5,10918600,Financials
JPM,2024-08-02,197.55,198.31,190.77,192.95,192.95,18041700,Financials
JPM,2024-08-05,188.02,190.08,184.97,188.85,188.85,13927000,Financials
JPM,2024-08-06,189.33,196.31,187.97,194.12,194.12,10605800,Financials
JPM,2024-08-07,197.19,199.36,193.98,194.17,194.17,9204400,Financials
JPM,2024-08-08,196.18,198.54,195.52,197.72,197.72,7761200,Financials
JPM,2024-08-09,197.15,200.06,196.6,199.41,199.41,5540200,Financials
JPM,2024-08-12,200.0,200.71,197.33,199.78,199.78,6936000,Financials
JPM,2024-08-13,201.28,201.63,199.02,201.48,201.48,6387800,Financials
JPM,2024-08-14,201.29,204.21,200.69,203.71,203.71,6999800,Financials
JPM,2024-08-15,206.38,207.25,204.54,204.98,204.98,7001000,Financials
JPM,2024-08-16,205.11,207.44,205.02,207.32,207.32,7931200,Financials
JPM,2024-08-19,207.35,208.83,207.18,208.76,208.76,6090800,Financials
JPM,2024-08-20,208.32,209.29,207.04,207.86,207.86,5640000,Financials
JPM,2024-08-21,207.77,208.32,206.23,207.93,207.93,5202300,Financials
JPM,2024-08-22,207.91,210.07,207.68,209.9,209.9,5247100,Financials
JPM,2024-08-23,210.84,212.38,209.77,211.53,211.53,7214000,Financials
JPM,2024-08-26,212.21,212.86,211.28,212.36,212.36,5105200,Financials
JPM,2024-08-27,212.69,213.57,212.38,213.34,213.34,5185200,Financials
JPM,2024-08-28,212.44,215.31,212.38,214.42,214.42,6506400,Financials
JPM,2024-08-29,215.25,216.05,212.14,215.31,215.31,6416100,Financials
JPM,2024-08-30,215.59,218.48,215.04,217.82,217.82,8574100,Financials
JPM,2024-09-03,215.39,217.14,212.43,213.46,213.46,8956100,Financials
JPM,2024-09-04,214.17,215.17,210.46,212.52,212.52,7389500,Financials
JPM,2024-09-05,213.31,213.94,209.32,210.87,210.87,8067900,Financials
JPM,2024-09-06,210.84,211.94,204.53,205.86,205.86,7777000,Financials
JPM,2024-09-09,208.51,211.37,207.53,210.07,210.07,8935100,Financials
JPM,2024-09-10,211.81,211.85,194.38,199.17,199.17,28406900,Financials
JPM,2024-09-11,198.87,201.25,195.56,200.79,200.79,13658700,Financials
JPM,2024-09-12,201.2,202.29,198.53,200.18,200.18,9054400,Financials
JPM,2024-09-13,200.43,201.39,196.71,197.97,197.97,10226700,Financials
JPM,2024-09-16,199.44,201.74,199.2,201.4,201.4,8634900,Financials
JPM,2024-09-17,201.28,203.41,201.21,202.75,202.75,7573300,Financials
JPM,2024-09-18,202.52,204.77,200.28,201.08,201.08,8259900,Financials
JPM,2024-09-19,203.26,205.33,200.9,203.94,203.94,11635200,Financials
JPM,2024-09-20,203.41,204.85,202.99,204.53,204.53,20885000,Financials
JPM,2024-09-23,204.45,205.22,203.47,204.87,204.87,7223500,Financials
JPM,2024-09-24,204.59,206.33,203.83,205.02,205.02,7323200,Financials
JPM,2024-09-25,205.1,205.65,202.13,203.66,203.66,8976500,Financials
JPM,2024-09-26,204.57,205.12,202.52,203.26,203.26,7807500,Financials
JPM,2024-09-27,204.11,205.84,202.83,203.96,203.96,7032500,Financials
JPM,2024-09-30,199.9,204.41,198.88,204.31,204.31,8663800,Financials
JPM,2024-10-01,202.41,202.59,199.78,200.61,200.61,8540100,Financials
JPM,2024-10-02,200.65,202.46,199.3,200.85,200.85,5810900,Financials
JPM,2024-10-03,199.77,200.08,197.99,198.85,198.85,7251300,Financials
JPM,2024-10-04,204.04,206.35,201.71,205.91,205.91,10211700,Financials
JPM,2024-10-07,205.73,207.97,204.42,205.63,205.63,6718900,Financials
JPM,2024-10-08,205.29,206.02,203.14,205.45,205.45,6021800,Financials
JPM,2024-10-09,204.43,208.86,204.12,208.06,208.06,7024000,Financials
JPM,2024-10-10,209.41,209.41,206.16,207.49,207.49,7927100,Financials
JPM,2024-10-11,210.25,218.99,209.75,216.7,216.7,18320700,Financials
JPM,2024-10-14,217.59,218.08,213.38,215.91,215.91,9048900,Financials
JPM,2024-10-15,218.04,219.78,216.25,216.8,216.8,9235800,Financials
JPM,2024-10-16,216.74,218.06,215.49,218.02,218.02,6382500,Financials
JPM,2024-10-17,218.63,220.17,217.7,218.78,218.78,6470200,Financials
JPM,2024-10-18,219.35,220.24,217.49,219.71,219.71,7000500,Financials
JPM,2024-10-21,219.56,220.03,217.3,217.4,217.4,5870000,Financials
JPM,2024-10-22,217.42,219.62,215.54,218.49,218.49,9586800,Financials
JPM,2024-10-23,218.04,219.15,216.94,217.8,217.8,6180500,Financials
JPM,2024-10-24,216.26,219.4,216.09,219.33,219.33,6002200,Financials
JPM,2024-10-25,219.35,219.95,215.33,216.72,216.72,6369700,Financials
JPM,2024-10-28,217.74,219.97,217.35,219.83,219.83,6843000,Financials
JPM,2024-10-29,219.55,221.05,217.21,217.3,217.3,6580000,Financials
JPM,2024-10-30,216.95,220.62,216.01,218.77,218.77,7110900,Financials
JPM,2024-10-31,219.05,220.02,216.25,216.34,216.34,7829900,Financials
JPM,2024-11-01,217.94,220.47,217.1,217.34,217.34,6923500,Financials
JPM,2024-11-04,217.06,218.14,213.66,214.26,214.26,8229600,Financials
JPM,2024-11-05,214.5,216.38,214.47,215.92,215.92,5600700,Financials
JPM,2024-11-06,229.1,241.77,228.87,240.85,240.85,23987800,Financials
JPM,2024-11-07,238.36,238.42,229.31,230.44,230.44,16451100,Financials
JPM,2024-11-08,233.33,233.33,229.86,231.03,231.03,9502100,Financials
JPM,2024-11-11,233.97,236.02,232.99,233.28,233.28,9017100,Financials
JPM,2024-11-12,234.51,235.39,232.76,233.54,233.54,6861000,Financials
JPM,2024-11-13,234.53,237.96,234.27,235.1,235.1,11472600,Financials
JPM,2024-11-14,236.33,238.15,234.99,235.79,235.79,10172200,Financials
JPM,2024-11-15,235.39,240.23,235.39,239.15,239.15,11518800,Financials
JPM,2024-11-18,241.53,241.7,236.58,238.87,238.87,9051400,Financials
JPM,2024-11-19,236.16,238.99,235.48,236.98,236.98,6792700,Financials
JPM,2024-11-20,238.26,238.46,232.64,234.73,234.73,9015300,Financials
JPM,2024-11-21,237.12,239.32,236.03,238.61,238.61,8783500,Financials
JPM,2024-11-22,237.49,242.89,236.92,242.3,242.3,7997300,Financials
JPM,2024-11-25,243.32,247.92,242.8,244.0,244.0,10295400,Financials
JPM,2024-11-26,244.2,244.69,242.1,243.69,243.69,6212100,Financials
JPM,2024-11-27,243.08,244.88,242.52,243.51,243.51,5472300,Financials
JPM,2024-11-29,243.58,245.44,243.18,243.45,243.45,5494800,Financials
JPM,2024-12-02,243.28,243.96,238.87,240.06,240.06,8899700,Financials
JPM,2024-12-03,241.99,242.78,238.48,238.67,238.67,6657700,Financials
JPM,2024-12-04,238.55,239.18,236.14,237.28,237.28,7346300,Financials
JPM,2024-12-05,239.22,240.97,238.47,239.31,239.31,6572500,Financials
JPM,2024-12-06,239.53,241.51,238.69,241.14,241.14,5519700,Financials
JPM,2024-12-09,240.92,241.64,237.63,237.68,237.68,7076500,Financials
JPM,2024-12-10,237.76,241.73,236.13,236.76,236.76,9108300,Financials
JPM,2024-12-11,237.87,238.13,236.09,237.41,237.41,7884400,Financials
JPM,2024-12-12,236.89,237.97,234.98,235.46,235.46,6113800,Financials
JPM,2024-12-13,235.99,236.62,233.13,233.91,233.91,10392700,Financials
JPM,2024-12-16,234.56,234.62,231.55,233.56,233.56,9032000,Financials
JPM,2024-12-17,232.65,233.01,230.68,232.37,232.37,8083600,Financials
JPM,2024-12-18,232.99,233.06,223.76,224.58,224.58,11322400,Financials
JPM,2024-12-19,226.43,230.42,226.43,227.11,227.11,11790800,Financials
JPM,2024-12-20,226.09,233.2,225.77,231.63,231.63,32348400,Financials
JPM,2024-12-23,230.14,232.62,228.98,232.4,232.4,8611500,Financials
JPM,2024-12-24,233.41,236.4,233.06,236.22,236.22,3729100,Financials
JPM,2024-12-26,235.36,237.15,234.74,237.03,237.03,4451800,Financials
JPM,2024-12-27,236.62,237.27,234.01,235.11,235.11,5730200,Financials
JPM,2024-12-30,232.77,234.79,231.15,233.31,233.31,5723800,Financials
JPM,2024-12-31,234.02,235.37,233.02,233.69,233.69,4871000,Financials
