Ticker,Date,Open,High,Low,Close,Adj Close,Volume,Sector,SMA_5,SMA_10,SMA_20,SMA_50,EMA_12,EMA_26,MACD,MACD_signal,Close_lag_1,Volume_lag_1,Close_lag_5,Volume_lag_5,Close_lag_10,Volume_lag_10,RSI_14,ROC_5,ROC_10,Daily_Return,Volatility_10
JPM,2019-03-14,86.19,87.32,86.16,86.88,86.88,10926500,Financials,85.964,85.82399999999998,86.223,85.04299999999999,86.00904137228554,85.73894094856597,0.270100423719569,0.3267553985588198,86.1,13022200.0,84.93,12705700.0,86.08,15156900.0,52.310231023102325,2.2960084775697442,0.9293680297397744,0.009059233449477455,0.006117664705889864
JPM,2019-03-15,86.94,88.09,86.79,87.88,87.88,24811700,Financials,86.548,85.999,86.393,85.17559999999999,86.29688116116468,85.89753791533886,0.39934324582581837,0.3412729680122195,86.88,10926500.0,84.96,10582400.0,86.13,13813300.0,53.008130081300756,3.4369114877589535,2.031812376639963,0.011510128913443829,0.0069636862921494645
JPM,2019-03-18,87.88,88.9,87.84,88.41,88.41,12935500,Financials,87.01599999999999,86.24600000000001,86.4605,85.34179999999998,86.62197636713935,86.08364621790635,0.5383301492330048,0.38068440425637656,87.88,24811700.0,86.07,9763200.0,85.94,12466300.0,63.06156405990019,2.71871732310911,2.874098208052134,0.006030951297223419,0.006893072986151503
JPM,2019-03-19,89.24,89.41,87.88,88.09,88.09,12889300,Financials,87.47200000000001,86.46799999999999,86.5275,85.4426,86.84782615681023,86.23226501657994,0.6155611402302839,0.42765975145115803,88.41,12935500.0,85.81,10219100.0,85.87,10856600.0,60.83467094703066,2.657032979839191,2.5853033655525826,-0.0036195000565546476,0.0071127345106657925
JPM,2019-03-20,87.78,87.96,86.12,86.21,86.21,14920700,Financials,87.494,86.53399999999999,86.4795,85.5046,86.7496990557625,86.23061575609253,0.5190832996699726,0.445944461094921,88.09,12889300.0,86.1,13022200.0,85.55,9070800.0,50.87248322147648,0.12775842044134844,0.7714786674459351,-0.021341809512998133,0.01031025958321548
JPM,2019-03-21,85.36,85.36,84.36,84.85,84.85,19751000,Financials,87.088,86.526,86.37249999999999,85.54260000000001,86.45743766256827,86.1283479223079,0.32908974026037185,0.42257351692801115,86.21,14920700.0,86.88,10926500.0,84.93,12705700.0,42.6940639269406,-2.3365561694290937,-0.09419521959261878,-0.015775432084444985,0.011351529504217743
JPM,2019-03-22,83.98,84.39,82.08,82.28,82.28,31115200,Financials,85.96799999999999,86.258,86.15650000000001,85.53199999999998,85.81475494525007,85.84328511324804,-0.028530167997971034,0.33235277994281476,84.85,19751000.0,87.88,24811700.0,84.96,10582400.0,33.57271095152599,-6.372325898953113,-3.1544256120527248,-0.03028874484384203,0.01483577617227288
JPM,2019-03-25,82.14,82.95,80.9,81.6,81.6,21032300,Financials,84.606,85.811,85.861,85.50800000000001,85.16633110751928,85.52896769745189,-0.36263658993260606,0.19335490596773058,82.28,31115200.0,88.41,12935500.0,86.07,9763200.0,31.829787234042456,-7.702748557855454,-5.193447194144296,-0.008264462809917439,0.013746785649476961
JPM,2019-03-26,82.33,82.81,81.51,82.41,82.41,15987100,Financials,83.47,85.47099999999999,85.6395,85.5082,84.74228016790093,85.29793305319619,-0.5556528852952596,0.04355334771513254,81.6,21032300.0,88.09,12889300.0,85.81,10219100.0,37.17320261437905,-6.44795095924623,-3.9622421629180837,0.00992647058823537,0.014563736680711661
JPM,2019-03-27,82.38,82.85,81.72,82.13,82.13,12753200,Financials,82.654,85.074,85.409,85.4858,84.34039091130077,85.06327134555202,-0.7228804342512518,-0.10973340867814432,82.41,15987100.0,86.21,14920700.0,86.1,13022200.0,38.235294117646994,-4.732629625333484,-4.610917537746806,-0.00339764591675773,0.014341351253995611
JPM,2019-03-28,82.48,83.14,82.26,83.06,83.06,12454100,Financials,82.29599999999999,84.69200000000001,85.258,85.46979999999999,84.14340769417758,84.91488087551114,-0.7714731813335618,-0.24208136320922782,82.13,12753200.0,84.85,19751000.0,86.88,10926500.0,42.578125000000036,-2.109605185621677,-4.39686924493553,0.011323511506148964,0.014596852366233629
JPM,2019-03-29,83.75,84.12,82.97,83.49,83.49,14523400,Financials,82.538,84.253,85.126,85.4488,84.04288343353487,84.80933414399179,-0.7664507104569225,-0.34695523265876677,83.06,12454100.0,82.28,31115200.0,87.88,24811700.0,39.356435643564346,1.4705882352941124,-4.995448338643604,0.005176980496026884,0.013953571514057406
JPM,2019-04-01,84.25,86.34,84.23,86.31,86.31,17499300,Financials,83.48,84.04299999999999,85.1445,85.4772,84.39167059760643,84.92049457777017,-0.528823980163736,-0.38332898215976063,83.49,14523400.0,81.6,21032300.0,88.41,12935500.0,51.70299727520436,5.772058823529425,-2.375296912114011,0.03377650017966238,0.018434712065123378
JPM,2019-04-02,86.27,86.97,86.05,86.72,86.72,10295400,Financials,84.342,83.906,85.18699999999998,85.48639999999999,84.7498751210516,85.05379127571312,-0.3039161546615219,-0.3674464166601129,86.31,17499300.0,82.41,15987100.0,88.09,12889300.0,52.094594594594604,5.2299478218662765,-1.5552276081280514,0.004750318618931715,0.018555156403771568
JPM,2019-04-03,87.27,87.72,86.43,86.89,86.89,11499200,Financials,85.29400000000001,83.974,85.25399999999999,85.52619999999999,85.07912510242828,85.1898067367714,-0.11068163434312339,-0.31609346019671497,86.72,10295400.0,82.13,12753200.0,86.21,14920700.0,50.035236081747726,5.79568976013638,0.7887716042222603,0.0019603321033210275,0.017186862872199848
JPM,2019-04-04,86.89,87.87,86.81,87.73,87.73,11952100,Financials,86.228,84.262,85.394,85.587,85.48695200974701,85.37796920071426,0.10898280903275293,-0.23107820635082138,86.89,11499200.0,83.06,12454100.0,84.85,19751000.0,49.46543121881685,5.622441608475803,3.394225103123172,0.009667395557601655,0.016301335889531515
JPM,2019-04-05,87.93,88.19,87.26,87.52,87.52,9933700,Financials,87.03399999999999,84.786,85.522,85.64259999999999,85.79972862363209,85.5366381488095,0.2630904748225902,-0.1322444701161391,87.73,11952100.0,83.49,14523400.0,82.28,31115200.0,46.75419401896426,4.826925380285063,6.368497812348073,-0.002393707967628056,0.011589773984505159
JPM,2019-04-08,87.36,87.81,87.19,87.81,87.81,8056300,Financials,87.33399999999999,85.407,85.609,85.69319999999999,86.1090011430733,85.70503532297177,0.4039658201015328,-0.02500241207260473,87.52,9933700.0,86.31,17499300.0,81.6,21032300.0,48.9766081871345,1.737921445950641,7.610294117647065,0.0033135283363803225,0.010506053827338541
JPM,2019-04-09,87.33,87.43,86.64,87.16,87.16,9092200,Financials,87.422,85.88199999999999,85.6765,85.72279999999999,86.27069327490818,85.81281048423313,0.45788279067505755,0.07157462847692773,87.81,8056300.0,86.72,10295400.0,82.41,15987100.0,53.815261044176715,0.5073800738007339,5.763863608785336,-0.007402345974262703,0.011433146014239913
JPM,2019-04-10,87.37,87.86,86.83,87.55,87.55,10882300,Financials,87.554,86.424,85.749,85.7554,86.46750969415308,85.94149118910475,0.5260185050483273,0.16246340379120766,87.16,9092200.0,86.89,11499200.0,82.13,12753200.0,61.75958188153308,0.7595810795258284,6.59929380250821,0.004474529600734245,0.011001734253061378
JPM,2019-04-11,87.86,88.7,87.73,88.29,88.29,11183800,Financials,87.66600000000001,86.947,85.81949999999999,85.79879999999999,86.74789281812953,86.11545480472662,0.6324380134029042,0.256458325713547,87.55,10882300.0,87.73,11952100.0,83.06,12454100.0,81.13989637305687,0.6383221247007853,6.296653021911869,0.008452312964020603,0.010897816353599002
JPM,2019-04-12,90.96,92.96,90.49,92.43,92.43,25834100,Financials,88.648,87.84100000000001,86.047,85.94,87.6220631538019,86.58319889326539,1.0388642605365135,0.41293951267814033,88.29,11183800.0,87.52,9933700.0,83.49,14523400.0,91.30434782608687,5.6101462522851975,10.707869205892928,0.04689092762487257,0.016837231832620397
JPM,2019-04-15,92.19,92.25,90.69,91.37,91.37,15163800,Financials,89.35999999999999,88.34700000000001,86.195,86.05380000000001,88.19866882244777,86.9377767530235,1.2608920694242727,0.5825300240273669,92.43,25834100.0,87.81,8056300.0,86.31,17499300.0,83.53293413173645,4.054207948980748,5.862588344340169,-0.011468138050416576,0.015895007987916602
JPM,2019-04-16,91.34,92.58,91.3,92.34,92.34,11583200,Financials,90.396,88.90899999999999,86.4075,86.181,88.83579669591735,87.33794143798472,1.4978552579326276,0.765595070808419,91.37,15163800.0,87.16,9092200.0,86.72,10295400.0,86.33451957295367,5.943093162000923,6.480627306273079,0.010616175987742116,0.01595906846352686
JPM,2019-04-17,92.83,95.29,92.26,95.0,95.0,17791900,Financials,91.886,89.72,86.84700000000001,86.36880000000001,89.78413566577622,87.90550133146733,1.8786343343088845,0.9882029235085122,92.34,11583200.0,87.55,10882300.0,86.89,11499200.0,87.83269961977179,8.509423186750432,9.333640234779605,0.028806584362139898,0.017326610876691313
JPM,2019-04-18,95.19,95.54,94.19,94.3,94.3,12501900,Financials,93.088,90.377,87.3195,86.54359999999998,90.47888402488758,88.3791678995068,2.0997161253807803,1.210505563882966,95.0,17791900.0,88.29,11183800.0,87.73,11952100.0,83.67601246105912,6.807112923320857,7.488886355864577,-0.00736842105263158,0.01808505348469298
JPM,2019-04-22,93.77,94.69,93.63,94.41,94.41,7975900,Financials,93.484,91.066,87.92600000000002,86.74300000000001,91.08367109798179,88.82589620324703,2.257774894734766,1.419959430053326,94.3,12501900.0,92.43,25834100.0,87.52,9933700.0,80.35982008995492,2.142161635832518,7.872486288848268,0.0011664899257688432,0.017905153822795238
JPM,2019-04-23,93.91,95.05,93.79,94.53,94.53,9193100,Financials,94.116,91.738,88.5725,86.9616,91.61387554444613,89.24842241041391,2.3654531340322222,1.6090581708491054,94.41,7975900.0,91.37,15163800.0,87.81,8056300.0,79.9233716475095,3.45846557951186,7.652886914929957,0.0012710517953606892,0.017972882722724834
JPM,2019-04-24,94.13,94.87,93.76,94.37,94.37,9245700,Financials,94.522,92.459,89.17049999999999,87.185,92.03789469145441,89.62779852816102,2.410096163293389,1.7692657693379623,94.53,9193100.0,92.34,11583200.0,87.16,9092200.0,78.68098159509196,2.1983972276369945,8.272143184947222,-0.0016925843647519478,0.017530553221610283
JPM,2019-04-25,93.92,94.87,93.5,94.42,94.42,9311800,Financials,94.40599999999999,93.146,89.785,87.381,92.40437243123066,89.98277641496391,2.421596016266747,1.8997318187237193,94.37,9245700.0,95.0,17791900.0,87.55,10882300.0,77.30612244897952,-0.6105263157894725,7.84694460308395,0.0005298293949347332,0.01766543248390869
JPM,2019-04-26,94.7,95.23,94.41,95.14,95.14,7889300,Financials,94.574,93.831,90.389,87.58320000000002,92.82523821104132,90.36479297681844,2.460445234222888,2.011874501823553,94.42,9311800.0,94.3,12501900.0,88.29,11183800.0,79.85893416927897,0.8907741251325652,7.75852304904292,0.007625503071383211,0.0176635611382798
JPM,2019-04-29,95.24,97.37,95.12,96.51,96.51,14242200,Financials,94.994,94.239,91.04,87.82379999999999,93.39212464011189,90.81999349705411,2.5721311430577742,2.123925830070397,95.14,7889300.0,94.41,7975900.0,92.43,25834100.0,81.43063583815027,2.224340641881173,4.414151249594278,0.014399831826781728,0.011582355674791451
JPM,2019-04-30,96.77,97.01,95.79,96.45,96.45,11389100,Financials,95.378,94.747,91.547,88.0116,93.8625670031716,91.23703101579085,2.6255359873807578,2.2242478615324695,96.51,14242200.0,94.53,9193100.0,91.37,15163800.0,85.0566037735849,2.031101237702315,5.559811754405164,-0.0006216972334472937,0.010377648927005347
JPM,2019-05-01,96.18,97.24,95.67,95.71,95.71,10412900,Financials,95.646,95.084,91.9965,88.1908,94.14678746422213,91.56836205165818,2.578425412563945,2.2950833717387646,96.45,11389100.0,94.37,9245700.0,92.34,11583200.0,79.99999999999994,1.4199427784253427,3.649555988737263,-0.00767236910316238,0.010965460245657477
JPM,2019-05-02,95.72,96.23,95.23,95.92,95.92,8613300,Financials,95.946,95.176,92.44800000000001,88.3658,94.41958939280333,91.8907056033872,2.5288837894161276,2.3418434552742373,95.71,10412900.0,94.42,9311800.0,95.0,17791900.0,79.18898240244829,1.5886464732048244,0.968421052631574,0.0021941280952879616,0.006500585555465183
JPM,2019-05-03,96.41,96.97,96.13,96.51,96.51,8185400,Financials,96.22,95.397,92.887,88.55619999999999,94.74119102467975,92.23287555869186,2.5083154659878915,2.375137857416968,95.92,8613300.0,95.14,7889300.0,94.3,12501900.0,71.42857142857136,1.4399831826781728,2.343584305408286,0.006150959132610545,0.0059535045871516
JPM,2019-05-06,94.9,95.97,94.51,95.65,95.65,9387000,Financials,96.048,95.521,93.2935,88.73720000000002,94.88100779011364,92.48599588767765,2.3950119024359964,2.379112666420774,96.51,8185400.0,96.51,14242200.0,94.41,7975900.0,72.9613733905579,-0.8910993679411505,1.3134201885393493,-0.008910993679411505,0.006943835356093441
JPM,2019-05-07,94.77,94.77,93.32,94.09,94.09,15017700,Financials,95.576,95.477,93.6075,88.8688,94.7593142839423,92.60481100710894,2.154503276833367,2.3341907885032924,95.65,9387000.0,96.45,11389100.0,94.53,9193100.0,58.8294651866801,-2.446863659927423,-0.46546070030677456,-0.016309461578672302,0.00890754182346452
JPM,2019-05-08,93.63,94.47,93.47,93.59,93.59,9575800,Financials,95.152,95.399,93.929,89.0038,94.57941977872042,92.67778796954532,1.9016318091751003,2.2476789926376544,94.09,15017700.0,95.71,10412900.0,94.37,9245700.0,40.90322580645167,-2.2150245533381963,-0.8265338560983326,-0.005314061005420312,0.009037220385801051
JPM,2019-05-09,92.37,93.7,91.9,93.52,93.52,12205900,Financials,94.672,95.309,94.22749999999999,89.13940000000001,94.41643212045574,92.74017404587529,1.6762580745804456,2.1333948090262127,93.59,9575800.0,95.92,8613300.0,94.42,9311800.0,44.52247191011237,-2.5020850708924125,-0.9531878839229013,-0.0007479431563202077,0.00902546692824678
JPM,2019-05-10,92.88,93.78,91.87,93.51,93.51,13189000,Financials,94.072,95.146,94.4885,89.28800000000001,94.276981025001,92.79719819062527,1.4797828343757402,2.0026724140961183,93.52,12205900.0,96.51,8185400.0,95.14,7889300.0,43.58974358974368,-3.108486167236557,-1.7132646626024761,-0.00010692899914443998,0.00852954636941055
JPM,2019-05-13,91.49,91.8,90.57,90.96,90.96,13783700,Financials,93.134,94.591,94.41499999999999,89.3846,93.76667625192393,92.66110943576413,1.1055668161597936,1.8232512945088533,93.51,13189000.0,95.65,9387000.0,96.51,14242200.0,31.11111111111113,-4.903293256664931,-5.7506994093876385,-0.027269810715431664,0.009867260200045538
JPM,2019-05-14,91.05,92.85,91.01,91.69,91.69,10503600,Financials,92.65400000000001,94.115,94.43100000000001,89.49959999999999,93.44718759778178,92.5891754034853,0.858012194296478,1.6302034744663783,90.96,13783700.0,94.09,15017700.0,96.45,11389100.0,36.626746506986045,-2.550749282601772,-4.93519958527735,0.008025505716798609,0.010719502474644137
JPM,2019-05-15,90.76,92.17,90.27,91.34,91.34,10142000,Financials,92.204,93.67800000000001,94.381,89.609,93.12300489043074,92.49664389211603,0.6263609983147091,1.4294349792360446,91.69,10503600.0,93.59,9575800.0,95.71,10412900.0,35.077519379845015,-2.404103002457525,-4.565876084003751,-0.0038172101646852807,0.010681815911852278
JPM,2019-05-16,91.94,93.22,91.91,92.51,92.51,9672700,Financials,92.002,93.337,94.25649999999999,89.74820000000001,93.02869644574909,92.49763323344077,0.5310632123083252,1.2497606258505007,91.34,10142000.0,93.52,12205900.0,95.92,8613300.0,37.790157845868215,-1.0799828913601317,-3.5550458715596256,0.012809283993869158,0.01189206183001868
JPM,2019-05-17,91.42,92.88,91.28,92.06,92.06,9570100,Financials,91.71200000000002,92.892,94.14450000000001,89.8908,92.87966622332615,92.4652159568896,0.41445026643656036,1.0826985539677128,92.51,9672700.0,93.51,13189000.0,96.51,8185400.0,27.411167512690426,-1.550636295583363,-4.610921148067559,-0.004864338990379413,0.01139344834303579
JPM,2019-05-20,91.9,92.93,91.73,92.54,92.54,8518200,Financials,92.02799999999999,92.581,94.051,90.0424,92.82740988127597,92.47075551563852,0.35665436563745345,0.9374897163016609,92.06,9570100.0,90.96,13783700.0,95.65,9387000.0,30.96397273612473,1.737027264731772,-3.2514375326711975,0.005213990875515995,0.011678582244928843
JPM,2019-05-21,92.62,93.02,92.44,92.86,92.86,7967900,Financials,92.262,92.458,93.9675,90.17820000000002,92.83242374569505,92.49958844040603,0.3328353052890236,0.8165588340991335,92.54,8518200.0,91.69,10503600.0,94.09,15017700.0,35.53299492385793,1.27603882648053,-1.3072590073334056,0.0034579641236220926,0.010864852179316343
JPM,2019-05-22,92.58,92.91,92.04,92.1,92.1,7918900,Financials,92.41400000000002,92.309,93.85400000000001,90.304,92.71974316943427,92.46998929667225,0.24975387276201388,0.7031978418317097,92.86,7967900.0,91.34,10142000.0,93.59,9575800.0,31.634615384615387,0.8320560543025879,-1.5920504327385454,-0.008184363558044416,0.011020611370029944
JPM,2019-05-23,91.12,91.25,89.34,90.29,90.29,14558000,Financials,91.97,91.986,93.64750000000001,90.38779999999998,92.34593652798284,92.30850860802985,0.03742791995298944,0.5700438574559656,92.1,7918900.0,92.51,9672700.0,93.52,12205900.0,23.235800344234093,-2.399740568587183,-3.4538066723695304,-0.01965255157437551,0.012402806983732174
JPM,2019-05-24,91.02,91.39,90.75,91.18,91.18,8537300,Financials,91.794,91.753,93.44950000000001,90.47380000000001,92.16656167752394,92.22491537780542,-0.05835370028147224,0.4443643459084781,90.29,14558000.0,92.06,9570100.0,93.51,13189000.0,30.815450643776842,-0.9558983271779176,-2.4917121163511857,0.009857127035109103,0.013081877095413003
JPM,2019-05-28,90.76,91.28,90.12,90.19,90.19,11665500,Financials,91.324,91.67600000000002,93.1335,90.52,91.86247526559718,92.07418090537539,-0.21170563977820223,0.31315034877114206,91.18,8537300.0,92.54,8518200.0,90.96,13783700.0,32.40072202166064,-2.539442403285075,-0.8465259454705332,-0.010857644220223839,0.010369297577568711
JPM,2019-05-29,89.3,90.09,88.98,89.94,89.94,9966400,Financials,90.74,91.501,92.808,90.55060000000002,91.5667098401207,91.91609343090315,-0.34938359078245185,0.18064356086042327,90.19,11665500.0,92.86,7967900.0,91.69,10503600.0,33.14866112650046,-3.1445186301959915,-1.9086050823426737,-0.002771925934138997,0.0098995794122466
JPM,2019-05-30,90.3,90.74,88.55,88.98,88.98,10367800,Financials,90.11600000000001,91.265,92.4715,90.5684,91.16875448010214,91.69860502861403,-0.5298505485118881,0.03854473898596099,89.94,9966400.0,92.1,7918900.0,91.34,10142000.0,30.631399317406178,-3.3876221498371217,-2.5837530107291395,-0.010673782521681052,0.01027877188830627
JPM,2019-05-31,87.73,88.59,87.13,88.06,88.06,10952800,Financials,89.67,90.82000000000001,92.07849999999999,90.6054,90.69048456008642,91.42907873019817,-0.7385941701117531,-0.11688304283358182,88.98,10367800.0,90.29,14558000.0,92.51,9672700.0,28.424386381631038,-2.4698194705947585,-4.810290779375204,-0.01033940211283435,0.00895227920281889
JPM,2019-06-03,87.93,88.81,87.52,88.48,88.48,11680700,Financials,89.13000000000001,90.462,91.67699999999999,90.678,90.35041001238082,91.2106284538872,-0.860218441506376,-0.2655501225681407,88.06,10952800.0,91.18,8537300.0,92.06,9570100.0,38.19047619047624,-2.961175696424656,-3.8887681946556563,0.004769475357710773,0.009458385922924008
JPM,2019-06-04,89.63,91.34,89.04,91.21,91.21,12858600,Financials,89.334,90.329,91.455,90.8566,90.4826546258607,91.2105819017474,-0.7279272758866995,-0.3580255532318525,88.48,11680700.0,90.19,11665500.0,92.54,8518200.0,48.079999999999984,1.1309457811287338,-1.4372163388804982,0.030854430379746667,0.014395758352598797
JPM,2019-06-05,91.3,91.74,90.29,91.53,91.53,8340500,Financials,89.652,90.196,91.327,91.0552,90.64378468342059,91.23424250161797,-0.590457818197379,-0.4045120062249578,91.21,12858600.0,89.94,9966400.0,92.86,7967900.0,50.76182838813151,1.7678452301534309,-1.432263622657759,0.0035083872382415393,0.014397639815776544
JPM,2019-06-06,91.55,92.14,90.53,91.73,91.73,8726700,Financials,90.202,90.159,91.23400000000001,91.2416,90.81089473212512,91.2709652792759,-0.460070547150778,-0.41562371441012186,91.53,8340500.0,88.98,10367800.0,92.1,7918900.0,46.608695652173914,3.0905821532928757,-0.40173724212810846,0.0021850759313886137,0.01422300085095158
JPM,2019-06-07,91.17,91.44,90.56,90.72,90.72,10618900,Financials,90.73400000000001,90.202,91.09400000000001,91.4134,90.7969109271828,91.23015303636657,-0.43324210918378014,-0.4191473933648535,91.73,8726700.0,88.06,10952800.0,90.29,14558000.0,44.44444444444443,3.0206677265500748,0.47624321630301836,-0.011010574512155258,0.01313849037590708
JPM,2019-06-10,92.04,92.43,91.6,91.7,91.7,11380600,Financials,91.378,90.25399999999999,91.0035,91.5862,90.9358477076162,91.26495651515424,-0.3291088075380344,-0.4011396761994897,90.72,10618900.0,88.48,11680700.0,91.18,8537300.0,46.656050955414,3.639240506329111,0.5703005044966014,0.010802469135802406,0.013216052969530864
JPM,2019-06-11,92.1,92.73,91.73,91.99,91.99,9847700,Financials,91.534,90.434,91.055,91.75619999999999,91.09802498336755,91.31866343995763,-0.22063845659008052,-0.36503943227760793,91.7,11380600.0,91.21,12858600.0,90.19,11665500.0,46.52833200319232,0.855169389321353,1.9957866725801132,0.003162486368593065,0.01258879890698221
JPM,2019-06-12,92.0,92.17,90.5,90.81,90.81,9670500,Financials,91.39,90.521,91.011,91.84620000000001,91.05371344746486,91.28098466662743,-0.2272712191625743,-0.3374857896546012,91.99,9847700.0,91.53,8340500.0,89.94,9966400.0,45.01930501930505,-0.7866273352999054,0.9673115410273603,-0.012827481247961625,0.013392580494837152
JPM,2019-06-13,90.97,91.55,90.63,91.04,91.04,8406900,Financials,91.252,90.727,90.99600000000001,91.93260000000001,91.05160368631643,91.26313395058095,-0.2115302642645247,-0.31229468457658593,90.81,9670500.0,91.73,8726700.0,88.98,10367800.0,53.29815303430079,-0.752207565681895,2.3151269948302966,0.0025327607091729654,0.01274424996037444
JPM,2019-06-14,91.06,91.67,90.28,91.27,91.27,9077400,Financials,91.362,91.048,90.934,92.0202,91.08520311919082,91.26364254683422,-0.17843942764339715,-0.28552363318994817,91.04,8406900.0,90.72,10618900.0,88.06,10952800.0,50.42016806722685,0.6062610229276899,3.6452418805359876,0.002526362038664187,0.011943600873354065
JPM,2019-06-17,91.17,91.73,90.64,90.77,90.77,8128600,Financials,91.176,91.277,90.86949999999999,92.081,91.036710331623,91.22707643225391,-0.19036610063091075,-0.2664921266781407,91.27,9077400.0,91.7,11380600.0,88.48,11680700.0,52.83757338551858,-1.0141766630316296,2.5881555153707048,-0.005478251342171614,0.012272025661198711
JPM,2019-06-18,90.6,92.59,90.57,92.01,92.01,11057300,Financials,91.17999999999999,91.357,90.84299999999999,92.17080000000001,91.186447203681,91.28507077060547,-0.0986235669244735,-0.2329184147274073,90.77,8128600.0,91.99,9847700.0,91.21,12858600.0,59.23282783229263,0.02174149364062572,0.8770968095603626,0.013660901178803586,0.008503408691170727
JPM,2019-06-19,92.1,92.74,91.17,91.35,91.35,13126500,Financials,91.288,91.339,90.76750000000001,92.2416,91.21160917234546,91.28988034315321,-0.07827117080775281,-0.2019889659434764,92.01,11057300.0,90.81,9670500.0,91.53,8340500.0,60.861594867094354,0.5946481665014769,-0.1966568338249819,-0.007173133355070194,0.008805722158589026
JPM,2019-06-20,92.15,92.33,90.62,91.58,91.58,13638000,Financials,91.39599999999999,91.324,90.7415,92.33,91.26828468429231,91.31137068810483,-0.043086003812518925,-0.1702083735172849,91.35,13126500.0,91.04,8406900.0,91.73,8726700.0,67.22113502935417,0.5931458699472758,-0.16352338384389986,0.0025177887246852215,0.008816197694471235
JPM,2019-06-21,91.58,92.81,90.66,90.96,90.96,27089500,Financials,91.33399999999999,91.348,90.775,92.3982,91.22085627132425,91.28534322972669,-0.06448695840244056,-0.14906409049431604,91.58,13638000.0,91.27,9077400.0,90.72,10618900.0,61.90019193857958,-0.3396515832146396,0.2645502645502562,-0.006770037126010098,0.00832280500498656
JPM,2019-06-24,90.82,91.23,90.21,90.31,90.31,13039600,Financials,91.24199999999999,91.20899999999999,90.7315,92.43860000000001,91.08072453727436,91.21309558308027,-0.13237104580591108,-0.14572548155663506,90.96,27089500.0,90.77,8128600.0,91.7,11380600.0,44.60431654676265,-0.5067753663104524,-1.5158124318429667,-0.007145998240984941,0.007718537727753911
JPM,2019-06-25,90.32,90.57,89.48,89.56,89.56,18660100,Financials,90.752,90.96600000000001,90.7,92.38119999999999,90.84676691615523,91.09064405840766,-0.24387714225242973,-0.165355813695794,90.31,13039600.0,92.01,11057300.0,91.99,9847700.0,38.768529076396824,-2.662754048472993,-2.6415914773344817,-0.008304728158564978,0.007800360721721546
JPM,2019-06-26,90.01,90.85,89.89,90.16,90.16,10324600,Financials,90.514,90.901,90.711,92.35699999999999,90.74111046751597,91.02170746148857,-0.2805969939726083,-0.18840404975115685,89.56,18660100.0,91.35,13126500.0,90.81,9670500.0,41.439476553980334,-1.3026819923371624,-0.7157802004184588,0.006699419383653371,0.007402417473722007
JPM,2019-06-27,90.46,91.05,90.12,90.46,90.46,10906600,Financials,90.28999999999999,90.843,90.785,92.31939999999999,90.69786270328274,90.9800995013783,-0.28223679809556756,-0.20717059942003901,90.16,10324600.0,91.58,13638000.0,91.04,8406900.0,48.46335697399524,-1.2229744485695582,-0.637082601054495,0.0033274179236912893,0.007445042508300733
JPM,2019-06-28,92.29,93.44,92.17,92.92,92.92,21634700,Financials,90.682,91.00800000000001,91.02799999999999,92.27779999999998,91.03972997970078,91.12379583460954,-0.08406585490875784,-0.18254965051778277,90.46,10906600.0,90.96,27089500.0,91.27,9077400.0,56.13682092555331,2.1547933157431975,1.807822942916637,0.027194340039796705,0.011553980494433938
JPM,2019-07-01,94.11,95.18,93.98,94.48,94.48,12724500,Financials,91.516,91.37899999999999,91.328,92.28140000000002,91.56900229051604,91.37240355056439,0.19659873995165356,-0.1067199724238955,92.92,21634700.0,90.31,13039600.0,90.77,8128600.0,61.10615521855489,4.61742885616212,4.087253497851728,0.01678863538527775,0.012116127356581833
JPM,2019-07-02,94.34,94.91,94.1,94.58,94.58,10174900,Financials,92.52000000000001,91.636,91.4965,92.28479999999999,92.03223270735973,91.6100032875596,0.42222941980011797,-0.0009300939790927998,94.48,12724500.0,89.56,18660100.0,92.01,11057300.0,68.60809476801576,5.6051808843233575,2.7931746549288095,0.0010584250635055081,0.011655448369255028
JPM,2019-07-03,94.86,95.31,93.96,94.43,94.43,6849400,Financials,93.374,91.944,91.6415,92.28280000000001,92.40111998315054,91.81889193292557,0.5822280502249697,0.1157015348617197,94.58,10174900.0,90.16,10324600.0,91.35,13126500.0,66.86567164179105,4.73602484472051,3.371647509578568,-0.0015859589765276905,0.011250097250478932
JPM,2019-07-05,95.01,95.64,94.51,94.99,94.99,7929400,Financials,94.28,92.285,91.80449999999999,92.29520000000001,92.79940921651199,92.05378882678293,0.745620389729055,0.24168530583518677,94.43,6849400.0,90.46,10906600.0,91.58,13638000.0,67.91907514450867,5.007738226840597,3.723520419305526,0.005930318754632902,0.011272841009283153
JPM,2019-07-08,94.55,94.98,94.16,94.47,94.47,6917200,Financials,94.59,92.636,91.99199999999999,92.29620000000001,93.05642318320245,92.23276743220643,0.823655750996025,0.3580793948673544,94.99,7929400.0,92.92,21634700.0,90.96,27089500.0,67.78846153846158,1.6681015927679788,3.8588390501319347,-0.005474260448468216,0.011145603311542894
JPM,2019-07-09,93.98,94.99,93.87,94.87,94.87,8947300,Financials,94.668,93.09200000000001,92.1505,92.2908,93.3354350011713,92.42811799278374,0.9073170083875652,0.4679269175713966,94.47,6917200.0,94.48,12724500.0,90.31,13039600.0,64.95815899581592,0.41278577476715483,5.049274720407482,0.004234148406901728,0.01045802868541939
JPM,2019-07-10,94.89,95.27,94.36,94.6,94.6,9242300,Financials,94.672,93.59599999999999,92.28099999999999,92.2526,93.52998346252956,92.58899814146642,0.9409853210631383,0.562538598269745,94.87,8947300.0,94.58,10174900.0,89.56,18660100.0,67.72082878953111,0.021146119687043274,5.627512282268854,-0.002845999789185316,0.009809529385913809
JPM,2019-07-11,94.89,95.72,94.68,95.5,95.5,11595200,Financials,94.886,94.13,92.5155,92.23359999999998,93.8330629298327,92.80462790876521,1.0284350210674944,0.6557178828292949,94.6,9242300.0,94.43,6849400.0,90.16,10324600.0,69.9186991869919,1.1331144763316647,5.922803904170371,0.009513742071881603,0.009886789789373733
JPM,2019-07-12,95.53,96.55,95.36,96.5,96.5,10783400,Financials,95.18799999999999,94.734,92.7885,92.24939999999998,94.24336094062767,93.0783591747826,1.1650017658450622,0.7575746594324484,95.5,11595200.0,94.99,7929400.0,90.46,10906600.0,77.10371819960868,1.589641014843668,6.676984302454136,0.010471204188481575,0.009945068282053137
JPM,2019-07-15,96.71,96.73,95.02,95.33,95.33,12946600,Financials,95.36,94.975,92.9915,92.2376,94.4105361805311,93.24514738405797,1.165388796473124,0.8391374868405835,96.5,10783400.0,94.47,6917200.0,92.92,21634700.0,73.3705772811918,0.910341907483847,2.593628928110192,-0.012124352331606247,0.008540051129072222
JPM,2019-07-16,94.98,96.67,94.51,96.35,96.35,16945000,Financials,95.65599999999999,95.162,93.2705,92.23440000000001,94.70891522968016,93.47513646672034,1.2337787629598154,0.91806574206443,95.33,12946600.0,94.87,8947300.0,94.48,12724500.0,80.83560399636693,1.5600295140718812,1.9792548687552758,0.010699674813804627,0.007578702246086865
JPM,2019-07-17,95.78,96.2,95.19,95.41,95.41,13120900,Financials,95.818,95.245,93.4405,92.22959999999999,94.81677442511398,93.61845969140772,1.1983147337062547,0.974115540392795,96.35,16945000.0,94.6,9242300.0,94.58,10174900.0,73.12775330396477,0.8562367864693554,0.8775639670120405,-0.009756097560975618,0.008447802231730169
JPM,2019-07-18,95.36,96.31,95.04,95.98,95.98,9397200,Financials,95.91400000000002,95.4,93.672,92.26740000000001,94.99573220586566,93.7933886031553,1.2023436027103713,1.0197611528563104,95.41,13120900.0,95.5,11595200.0,94.43,6849400.0,73.75215146299487,0.5026178010471227,1.6414275124430722,0.0059742165391469815,0.008537797914594952
JPM,2019-07-19,96.16,96.35,94.91,95.03,95.03,10402800,Financials,95.62,95.404,93.8445,92.29620000000001,95.00100417419402,93.88498944736601,1.1160147268280127,1.039011867650651,95.98,9397200.0,96.5,10783400.0,94.99,7929400.0,60.43521266073195,-1.523316062176161,0.04210969575746404,-0.009897895394873957,0.009106856714862268
JPM,2019-07-22,94.5,95.79,94.39,95.64,95.64,9061100,Financials,95.68199999999999,95.52099999999999,94.07849999999999,92.3386,95.09931122431803,94.0149902290426,1.0843209952754336,1.0480736931756076,95.03,10402800.0,95.33,12946600.0,94.47,6917200.0,56.33187772925763,0.32518619532151405,1.2384884090187454,0.006419025570872261,0.009077538400580079
JPM,2019-07-23,96.15,97.47,96.1,97.39,97.39,12752200,Financials,95.89000000000001,95.773,94.4325,92.41619999999999,95.45172488211526,94.26499095281721,1.1867339292980432,1.075805740400095,95.64,9061100.0,96.35,16945000.0,94.87,8947300.0,62.997224791859395,1.0793980280228377,2.6562664699061767,0.018297783354245034,0.010556886477247885
JPM,2019-07-24,96.74,97.83,96.69,97.79,97.79,10011000,Financials,96.366,96.09200000000001,94.84400000000001,92.55279999999999,95.81145951563599,94.52610273409002,1.2853567815459712,1.1177159486292703,97.39,12752200.0,95.41,13120900.0,94.6,9242300.0,65.18987341772149,2.494497432135012,3.372093023255829,0.004107197864257062,0.010380344220725233
JPM,2019-07-25,97.84,98.13,96.52,96.85,96.85,10138400,Financials,96.54,96.227,95.1785,92.656,95.97123497476892,94.69824327230558,1.2729917024633437,1.1487710993960851,97.79,10011000.0,95.98,9397200.0,95.5,11595200.0,58.1293706293706,0.9064388414252944,1.4136125654450105,-0.009612434809285308,0.010872994620536865
JPM,2019-07-26,96.9,97.52,96.7,97.27,97.27,12800400,Financials,96.988,96.304,95.51899999999999,92.77459999999999,96.17104497865063,94.8887437706533,1.282301207997321,1.1754771211163324,96.85,10138400.0,95.03,10402800.0,96.5,10783400.0,62.34567901234561,2.3571503735662303,0.7979274611398912,0.004336602994321037,0.010473677174249449
JPM,2019-07-29,97.48,98.08,96.91,96.96,96.96,8500400,Financials,97.252,96.467,95.721,92.86359999999999,96.29242267424283,95.04217015801233,1.2502525162305034,1.1904322001391665,97.27,12800400.0,95.64,9061100.0,95.33,12946600.0,59.2888888888888,1.3801756587201952,1.7098499947550527,-0.0031870052431376417,0.009587942627673696
JPM,2019-07-30,96.41,97.16,96.05,96.75,96.75,7121100,Financials,97.124,96.50699999999999,95.8345,92.95739999999999,96.36281918589778,95.16867607223364,1.1941431136641398,1.1911743828441612,96.96,8500400.0,97.39,12752200.0,96.35,16945000.0,59.60679177837356,-0.657151658281141,0.4151530877011034,-0.0021658415841583345,0.009102727035319832
JPM,2019-07-31,97.17,97.24,96.14,97.09,97.09,13648000,Financials,96.98400000000001,96.675,95.96,93.0484,96.47469315729812,95.3109963631793,1.1636967941188203,1.185678865099093,96.75,7121100.0,97.79,10011000.0,95.41,13120900.0,57.4788334901223,-0.7158196134574135,1.7608217168011864,0.003514211886304963,0.008388552622064088
JPM,2019-08-01,96.53,97.76,94.24,94.53,94.53,15664500,Financials,96.52,96.53,95.965,93.08179999999999,96.17550959463686,95.25314478072157,0.9223648139152942,1.1330160548623334,97.09,13648000.0,96.85,10138400.0,95.98,9397200.0,41.91960623461857,-2.3954568921011776,-1.510731402375498,-0.02636728808322175,0.012033748670669654
JPM,2019-08-02,94.08,94.94,93.24,94.52,94.52,11025500,Financials,95.97,96.479,95.9415,93.1302,95.92081581084658,95.19883775992737,0.7219780509192049,1.0508084540737077,94.53,15664500.0,97.27,12800400.0,95.03,10402800.0,46.32819582955575,-2.827182070525347,-0.536672629695889,-0.0001057865227970245,0.01166314409014116
JPM,2019-08-05,92.73,92.89,90.62,91.71,91.71,15855300,Financials,94.92,96.086,95.8035,93.1586,95.27299799379327,94.94040533326609,0.33259266052718317,0.9071652953644029,94.52,11025500.0,96.96,8500400.0,95.64,9061100.0,31.90327613104529,-5.414603960396036,-4.109159347553337,-0.02972915785019048,0.01453643532282367
JPM,2019-08-06,92.11,92.49,90.68,92.43,92.43,10203500,Financials,94.05600000000001,95.59,95.6815,93.18360000000001,94.83561368705584,94.75444938265377,0.08116430440206557,0.7419650971719355,91.71,15855300.0,96.75,7121100.0,97.39,12752200.0,38.174603174603256,-4.4651162790697585,-5.0929253516788116,0.00785083415112875,0.013047792003663187
JPM,2019-08-07,90.39,90.63,88.67,90.42,90.42,17320900,Financials,92.72200000000001,94.853,95.4725,93.1882,94.15628850443187,94.43337905801275,-0.27709055358087653,0.5381539670213731,92.43,10203500.0,97.09,13648000.0,97.79,10011000.0,30.199430199430253,-6.869914512308172,-7.536557930258725,-0.021746186303148396,0.01356397439301459
JPM,2019-08-08,91.27,92.14,91.0,91.95,91.95,10903300,Financials,92.206,94.363,95.295,93.22840000000001,93.81685950375005,94.24942505371551,-0.43256554996546015,0.34401006362400643,90.42,17320900.0,94.53,15664500.0,96.85,10138400.0,39.46648426812589,-2.729292288162488,-5.059370160041288,0.016921035169210397,0.01559591601350976
JPM,2019-08-09,91.52,92.45,90.64,91.85,91.85,9980800,Financials,91.672,93.821,95.0625,93.2858,93.51426573394235,94.0716898645514,-0.5574241306090499,0.16372322477739515,91.95,10903300.0,94.52,11025500.0,97.27,12800400.0,36.56980864635013,-2.8247989843419363,-5.5721188444535885,-0.0010875475802066825,0.01532445470735332
JPM,2019-08-12,90.76,90.82,89.73,90.13,90.13,9393700,Financials,91.356,93.138,94.80250000000001,93.32719999999999,92.993609467182,93.77971283754759,-0.7861033703655949,-0.026242094251202858,91.85,9980800.0,91.71,15855300.0,96.96,8500400.0,24.218750000000085,-1.7228219387198762,-7.044141914191416,-0.018726183995645074,0.015830906795118203
JPM,2019-08-13,90.35,92.34,89.58,91.52,91.52,12124700,Financials,91.174,92.615,94.561,93.388,92.76690031838477,93.61232670143296,-0.8454263830481921,-0.1900789520106007,90.13,9393700.0,92.43,10203500.0,96.75,7121100.0,29.197080291970835,-0.9845288326301049,-5.405684754521967,0.015422167979584955,0.01735186445037905
JPM,2019-08-14,88.97,89.48,87.42,87.72,87.72,19491800,Financials,90.634,91.678,94.1765,93.31819999999999,91.99045411555633,93.17585805688236,-1.1854039413260296,-0.3891439498736865,91.52,12124700.0,90.42,17320900.0,97.09,13648000.0,24.539877300613554,-2.9860650298606517,-9.650839427335466,-0.041520979020978954,0.020362668509108565
JPM,2019-08-15,87.73,89.04,87.33,88.05,88.05,13365600,Financials,89.854,91.03,93.78,93.24859999999998,91.38423040547073,92.79616486748367,-1.4119344620129368,-0.5937020523015366,87.72,19491800.0,91.95,10903300.0,94.53,15664500.0,24.159192825112157,-4.241435562805885,-6.854966677245322,0.003761969904240825,0.019880146156899564
JPM,2019-08-16,89.03,90.38,88.61,90.16,90.16,11830600,Financials,89.51599999999999,90.59400000000001,93.5365,93.21719999999999,91.19588726616753,92.6008933958182,-1.4050061296506726,-0.7559628677713639,88.05,13365600.0,91.85,9980800.0,94.52,11025500.0,32.688391038696565,-1.839956450734892,-4.612780363944136,0.023963657013060802,0.022124041028528354
JPM,2019-08-19,91.76,91.86,90.75,90.97,90.97,8265400,Financials,89.684,90.52,93.303,93.22219999999999,91.16113537906483,92.48008647760945,-1.3189510985446162,-0.8685605139260144,90.16,11830600.0,90.13,9393700.0,91.71,15855300.0,35.72134387351781,0.9319871297015503,-0.806891287754874,0.008984028393966392,0.02054763461252248
JPM,2019-08-20,90.27,90.76,89.76,89.82,89.82,8374000,Financials,89.344,90.259,92.9245,93.18459999999999,90.9548068592087,92.28304303482356,-1.3282361756148617,-0.9604956462637839,90.97,8265400.0,91.52,12124700.0,92.43,10203500.0,32.73159144893113,-1.85751748251749,-2.8237585199610615,-0.012641530174782978,0.020630908522279903
JPM,2019-08-21,90.57,90.75,89.93,90.07,90.07,8189300,Financials,89.814,90.22399999999999,92.5385,93.14620000000001,90.81868272702275,92.11911392113294,-1.300431194110189,-1.028482755833065,89.82,8374000.0,87.72,19491800.0,90.42,17320900.0,38.10032017075774,2.678978568171453,-0.3870825038708392,0.002783344466711135,0.019539784141287358
JPM,2019-08-22,90.7,91.46,90.34,91.0,91.0,9343400,Financials,90.404,90.12899999999999,92.24600000000001,93.15,90.84657769209618,92.0362165936416,-1.1896389015454218,-1.0607139849755365,90.07,8189300.0,88.05,13365600.0,91.95,10903300.0,41.0478128179044,3.3503691084611154,-1.0331702011963095,0.010325302542466996,0.019001010287798683
JPM,2019-08-23,90.39,91.05,87.98,88.74,88.74,14762300,Financials,90.12,89.818,91.8195,93.104,90.52248881638907,91.79205240152,-1.2695635851309248,-1.1024839050066142,91.0,9343400.0,90.16,11830600.0,91.85,9980800.0,42.229199372056534,-1.5749778172138407,-3.385955362003268,-0.024835164835164902,0.020458800065328638
JPM,2019-08-26,89.24,89.55,88.73,89.45,89.45,8209500,Financials,89.816,89.75,91.44399999999999,93.0676,90.3574905369446,91.61856703844444,-1.2610765014998435,-1.1342024243052602,88.74,14762300.0,90.97,8265400.0,90.13,9393700.0,42.19895287958116,-1.670880510058259,-0.7544657716631487,0.008000901510029301,0.01995163737431575
JPM,2019-08-27,89.85,90.03,87.75,88.5,88.5,14331800,Financials,89.55199999999999,89.44800000000001,91.0315,93.0222,90.07172276203003,91.38756207263374,-1.3158393106037067,-1.1705298015649495,89.45,8209500.0,89.82,8374000.0,91.52,12124700.0,44.67849223946785,-1.4696058784235078,-3.299825174825166,-0.01062045835662384,0.019321138946035193
JPM,2019-08-28,87.95,89.73,87.92,89.39,89.39,10585500,Financials,89.416,89.615,90.6465,92.96979999999999,89.96684233710234,91.23959451169792,-1.2727521745955812,-1.190974276171076,88.5,14331800.0,90.07,8189300.0,87.72,19491800.0,42.64367816091955,-0.7549683579438082,1.903784769721839,0.010056497175141343,0.014137802827831772
JPM,2019-08-29,90.51,91.98,90.41,91.42,91.42,10002200,Financials,89.5,89.952,90.491,92.97120000000001,90.1904050544712,91.25295788120177,-1.0625528267305668,-1.1652899862829742,89.39,10585500.0,91.0,9343400.0,88.05,13365600.0,48.88773926539061,0.4615384615384688,3.8273708120386107,0.022709475332811202,0.015597768528330511
JPM,2019-08-30,91.93,92.54,91.62,91.95,91.95,10170300,Financials,90.142,90.131,90.3625,92.9786,90.46111196916794,91.30459063074238,-0.8434786615744372,-1.1009277213412667,91.42,10002200.0,88.74,14762300.0,90.16,11830600.0,55.01653803748623,3.6173089925625623,1.9853593611357745,0.005797418507985208,0.01397086958489177
JPM,2019-09-03,91.21,91.22,89.83,90.86,90.86,9868800,Financials,90.424,90.12,90.32000000000001,92.9766,90.52247935852672,91.27165799142813,-0.7491786329014047,-1.0305779036532943,91.95,10170300.0,89.45,8209500.0,90.97,8265400.0,48.15022421524666,1.5762996087199443,-0.12091898428052694,-0.011854268624252318,0.014371037746846624
JPM,2019-09-04,91.61,92.25,90.86,91.96,91.96,6929200,Financials,91.116,90.33399999999999,90.29650000000001,93.00959999999999,90.74363638029185,91.32264628835938,-0.5790099080675333,-0.9402643045361421,90.86,9868800.0,88.5,14331800.0,89.82,8374000.0,64.00264200792597,3.9096045197740015,2.3825428635047885,0.012106537530266248,0.014085580468154116
JPM,2019-09-05,93.11,95.18,93.07,94.05,94.05,13224700,Financials,92.048,90.732,90.478,93.0994,91.25230770640079,91.52467248922164,-0.2723647828208584,-0.8066844001930854,91.96,6929200.0,89.39,10585500.0,90.07,8189300.0,67.75147928994079,5.213111086251265,4.418785389141777,0.022727272727272707,0.015481293928555608
JPM,2019-09-06,94.29,94.56,93.71,94.25,94.25,7836600,Financials,92.614,91.057,90.59299999999999,93.1812,91.71349113618528,91.72654860113116,-0.013057464945873676,-0.6479590131436431,94.05,13224700.0,91.42,10002200.0,91.0,9343400.0,63.642428285523664,3.0956027127543084,3.571428571428581,0.0021265284423179764,0.015351618405892907
JPM,2019-09-09,95.17,97.14,95.08,96.59,96.59,13985100,Financials,93.542,91.84200000000001,90.83,93.30380000000001,92.46372326907985,92.08680426030662,0.37691900877322837,-0.44298340876026887,94.25,7836600.0,91.95,10170300.0,88.74,14762300.0,67.00968523002419,5.0462207721587715,8.846067162497185,0.024827586206896513,0.012971463174615276
JPM,2019-09-10,97.34,98.15,96.86,97.82,97.82,14333100,Financials,94.934,92.679,91.2145,93.40180000000001,93.28776584306758,92.51148542620984,0.7762804168577304,-0.19913064363666902,96.59,13985100.0,90.86,9868800.0,89.45,8209500.0,74.09638554216863,7.660136473695789,9.35718278367803,0.012734237498705836,0.013033879960920229
JPM,2019-09-11,97.84,98.09,96.57,98.09,98.09,9919200,Financials,96.16,93.638,91.54299999999999,93.47399999999999,94.02657109798025,92.92470872797207,1.1018623700081775,0.061067959092300284,97.82,14333100.0,91.96,6929200.0,88.5,14331800.0,74.12755716004813,6.665941713788626,10.836158192090405,0.002760171744019768,0.01136941578358817
JPM,2019-09-12,97.55,99.16,97.02,98.69,98.69,12283500,Financials,97.088,94.568,92.0915,93.55619999999999,94.74402169829098,93.35176734071487,1.3922543575761068,0.3273052387890616,98.09,9919200.0,94.05,13224700.0,89.39,10585500.0,73.60343769183544,4.933545986177568,10.403848305179553,0.006116831481292717,0.011450576149782102
JPM,2019-09-13,99.6,100.77,99.39,100.63,100.63,16257200,Financials,98.364,95.489,92.72049999999999,93.68019999999999,95.64955682163082,93.8908956858471,1.7586611357837256,0.6135764181879944,98.69,12283500.0,94.25,7836600.0,91.42,10002200.0,87.22604884157793,6.769230769230772,10.074381973309986,0.01965751342587896,0.011109946571447763
JPM,2019-09-16,99.52,100.33,99.08,99.74,99.74,11993900,Financials,98.994,96.268,93.1995,93.7752,96.27885577214916,94.32416267208065,1.9546931000685106,0.8817997545640976,100.63,16257200.0,96.59,13985100.0,91.95,10170300.0,81.85758513931884,3.261207164302715,8.47199564980967,-0.008844281029514067,0.012552556156364914
JPM,2019-09-17,99.12,99.27,98.13,99.24,99.24,10735400,Financials,99.27799999999999,97.106,93.613,93.8706,96.73441642258774,94.68829877044504,2.046117652142698,1.1146633340798178,99.74,11993900.0,97.82,14333100.0,90.86,9868800.0,84.20382165605093,1.4516458801881127,9.222980409421089,-0.005013033888109031,0.011476257182496332
JPM,2019-09-18,99.03,100.51,98.56,100.24,100.24,10665600,Financials,99.708,97.934,94.134,93.978,97.27373697295886,95.09953589856023,2.174201074398624,1.326570882143579,99.24,10735400.0,98.09,9919200.0,91.96,6929200.0,84.31372549019605,2.191864614129879,9.003914745541541,0.01007658202337769,0.011431494705050128
JPM,2019-09-19,100.19,100.72,99.68,99.92,99.92,9382600,Financials,99.954,98.52099999999999,94.6265,94.0844,97.68085436173442,95.4566073134817,2.224247048252721,1.5061061153654076,100.24,10665600.0,98.69,12283500.0,94.05,13224700.0,80.14184397163122,1.2463268821562457,6.241360978203092,-0.0031923383878690315,0.010824204102265427
JPM,2019-09-20,100.22,100.72,99.49,99.52,99.52,21862800,Financials,99.732,99.048,95.0525,94.1648,97.9637998445445,95.75759936433491,2.2062004802095885,1.6461249883342437,99.92,9382600.0,100.63,16257200.0,94.25,7836600.0,77.0937723693629,-1.1030507800854572,5.5915119363395105,-0.004003202562049668,0.011241320868988247
JPM,2019-09-23,98.58,99.7,98.5,99.5,99.5,9135100,Financials,99.684,99.33899999999998,95.59049999999999,94.2248,98.20013832999919,96.03481422623602,2.1653241037631688,1.7499648114200288,99.52,21862800.0,99.74,11993900.0,96.59,13985100.0,83.48837209302329,-0.2406256266292317,3.0127342374987043,-0.000200964630225009,0.009032098596477495
JPM,2019-09-24,99.39,99.82,97.96,98.2,98.2,11696500,Financials,99.476,99.377,96.028,94.28220000000002,98.20011704846085,96.19519835762596,2.0049186908348986,1.8009555873030028,99.5,9135100.0,99.24,10735400.0,97.82,14333100.0,73.81679389312981,-1.0479645304312668,0.3884686158249995,-0.013065326633165841,0.009611677201461924
JPM,2019-09-25,98.15,99.07,98.03,98.76,98.76,9389400,Financials,99.17999999999999,99.44399999999999,96.54100000000001,94.3304,98.28625288715918,96.38518366446849,1.901069222690694,1.8209783143805411,98.2,11696500.0,100.24,10665600.0,98.09,9919200.0,70.35436473638725,-1.4764565043894562,0.6830461820776845,0.005702647657841231,0.009735211466176065
JPM,2019-09-26,98.66,98.81,97.89,97.95,97.95,9899200,Financials,98.786,99.37,96.969,94.3812,98.23452167375008,96.50109598561897,1.7334256881311063,1.8034677891306543,98.76,9389400.0,99.92,9382600.0,98.69,12283500.0,65.18883415435141,-1.971577261809443,-0.7498226770696115,-0.00820170109356022,0.009905310548782286
JPM,2019-09-27,98.73,99.3,98.16,98.53,98.53,10207800,Financials,98.588,99.16,97.3245,94.4322,98.27997987778853,96.65138517186942,1.628594705919113,1.7684931724883461,97.95,9899200.0,99.52,21862800.0,100.63,16257200.0,59.30902111324376,-0.9947749196141387,-2.086852827188701,0.005921388463501875,0.007403841775512419
JPM,2019-09-30,99.07,99.41,98.11,98.5,98.5,9755000,Financials,98.388,99.036,97.652,94.5016,98.31382912735954,96.78831960358279,1.5255095237767478,1.7198964427460266,98.53,10207800.0,99.5,9135100.0,99.74,11993900.0,53.68763557483735,-1.005025125628145,-1.243232404251049,-0.00030447579417436366,0.007019738603340908
JPM,2019-10-01,99.1,99.6,96.6,96.71,96.71,11250300,Financials,98.09,98.783,97.94449999999999,94.523,98.06708618468883,96.78251815146555,1.2845680332232803,1.6328307608414774,98.5,9755000.0,98.2,11696500.0,99.24,10735400.0,43.57541899441336,-1.5173116089613137,-2.549375251914554,-0.018172588832487402,0.0088126466759418
JPM,2019-10-02,96.09,96.17,94.52,94.79,94.79,12548700,Financials,97.296,98.238,98.086,94.471,97.5629190793521,96.63492421431997,0.927994865032133,1.4918635816796086,96.71,11250300.0,98.76,9389400.0,100.24,10665600.0,33.8308457711443,-4.019846091535029,-5.436951316839577,-0.019853169268948312,0.00912696884591251
JPM,2019-10-03,94.72,95.26,93.24,94.65,94.65,12735200,Financials,96.636,97.711,98.116,94.4082,97.1147776825287,96.487892791037,0.6268848914916987,1.3188678436420267,94.79,12548700.0,97.95,9899200.0,99.92,9382600.0,20.85769980506825,-3.369065849923425,-5.274219375500399,-0.0014769490452579692,0.009191821668008493
JPM,2019-10-04,94.78,96.97,94.72,96.7,96.7,9453100,Financials,96.27000000000001,97.429,98.2385,94.40520000000001,97.05096573137044,96.50360443614537,0.5473612952250733,1.164566533958636,94.65,12735200.0,98.53,10207800.0,99.52,21862800.0,36.690017513134876,-1.8573023444636183,-2.833601286173626,0.02165874273639723,0.01257423816667532
JPM,2019-10-07,96.34,97.45,96.24,96.49,96.49,6771600,Financials,95.86800000000001,97.128,98.2335,94.38960000000002,96.9646633111596,96.5025967001346,0.46206661102499424,1.0240665493719077,96.7,9453100.0,98.5,9755000.0,99.5,9135100.0,37.646001796945185,-2.0406091370558377,-3.0251256281407124,-0.0021716649431231527,0.012544399548253864
JPM,2019-10-08,95.39,95.39,94.21,94.34,94.34,10806300,Financials,95.39399999999999,96.742,98.05949999999999,94.33720000000001,96.56086895559659,96.34240435197648,0.2184646036201059,0.8629461602215474,96.49,6771600.0,96.71,11250300.0,98.2,11696500.0,25.977198697068417,-2.4506255816358125,-3.9307535641547875,-0.022282101772204244,0.013655765653081782
JPM,2019-10-09,95.06,95.47,94.55,95.02,95.02,7273700,Financials,95.44000000000001,96.36800000000001,97.90599999999999,94.3026,96.32381219319711,96.24444847405229,0.07936371914482265,0.7062296720062025,94.34,10806300.0,94.79,12548700.0,98.76,9389400.0,30.617088607594894,0.24264162886380447,-3.786958282705555,0.007207971168115224,0.013781320509090667
JPM,2019-10-10,95.46,97.36,95.34,96.36,96.36,10994100,Financials,95.782,96.209,97.7895,94.288,96.32937954808986,96.2530078463447,0.07637170174515973,0.580258077953994,95.02,7273700.0,94.65,12735200.0,97.95,9899200.0,38.365243004418254,1.806656101426296,-1.6232771822358383,0.014102294253841352,0.014754440863237824
JPM,2019-10-11,97.89,99.55,97.76,97.99,97.99,15076500,Financials,96.03999999999999,96.155,97.6575,94.3572,96.5848596176145,96.38167393180065,0.20318568581384966,0.5048435995259651,96.36,10994100.0,96.7,9453100.0,98.53,10207800.0,45.02962475312704,1.3340227507755875,-0.5480564295138546,0.016915732669157357,0.015748125697176592
JPM,2019-10-14,97.74,98.6,97.58,98.25,98.25,8779000,Financials,96.392,96.13,97.583,94.43180000000001,96.84103506105842,96.52006845537096,0.3209666056874596,0.46806820075826405,97.99,15076500.0,96.49,6771600.0,98.5,9755000.0,50.176678445229676,1.8240232148409197,-0.25380710659898,0.0026533319726502747,0.015778651421139718
JPM,2019-10-15,100.27,102.58,99.45,101.21,101.21,23379000,Financials,97.76599999999999,96.58,97.6815,94.62180000000001,97.51318351320327,96.86747079201014,0.645712721193135,0.5035971048452382,98.25,8779000.0,94.34,10806300.0,96.71,11250300.0,57.40181268882173,7.282170871316507,4.65308654740979,0.030127226463104284,0.016991873356973348
JPM,2019-10-16,101.21,101.77,100.72,100.97,100.97,11087700,Financials,98.95599999999999,97.19800000000001,97.71799999999999,94.79259999999998,98.04500143424893,97.17136184445383,0.8736395897951041,0.5776056018352115,101.21,23379000.0,95.02,7273700.0,94.79,12548700.0,59.44931163954944,6.261839612713116,6.519675071210029,-0.0023713071830846477,0.014964818651854518
JPM,2019-10-17,101.88,102.57,101.14,101.54,101.54,10818500,Financials,99.992,97.887,97.799,95.015,98.58269352128755,97.49496467079058,1.0877288504969727,0.6796302515675637,100.97,11087700.0,96.36,10994100.0,94.65,12735200.0,59.423919849718246,5.37567455375676,7.279450607501325,0.005645241160740833,0.014713733140043555
JPM,2019-10-18,101.24,102.1,101.12,101.72,101.72,10417400,Financials,100.738,98.389,97.90899999999999,95.21039999999999,99.06535605647409,97.80793025073201,1.2574258057420735,0.7951893624024657,101.54,10818500.0,97.99,15076500.0,96.7,9453100.0,59.9875930521092,3.806510868455959,5.19131334022751,0.0017727004136300906,0.01385341494487769
JPM,2019-10-21,102.97,104.42,102.92,104.24,104.24,12714600,Financials,101.936,99.164,98.14599999999999,95.45819999999999,99.86145512470884,98.28437986178889,1.5770752629199478,0.9515665425059623,101.72,10417400.0,98.25,8779000.0,96.49,6771600.0,72.34421364985168,6.09669211195929,8.031920406259708,0.024773889107353453,0.014853365127576809
JPM,2019-10-22,104.15,105.55,103.88,105.28,105.28,12549100,Financials,102.75,100.258,98.5,95.7612,100.69507741321516,98.80257394610082,1.892503467114338,1.1397539274276376,104.24,12714600.0,101.21,23379000.0,94.34,10806300.0,82.8428303068253,4.021341764647768,11.596353614585531,0.009976976208749155,0.010423411514928333
JPM,2019-10-23,104.79,105.59,104.76,105.56,105.56,8828300,Financials,103.668,101.312,98.84,96.04199999999999,101.44352704195128,99.30312402416742,2.1404030177838678,1.3398837454988837,105.28,12549100.0,100.97,11087700.0,95.02,7273700.0,83.86095592799505,4.545904724175509,11.092401599663226,0.0026595744680850686,0.010706557834481427
JPM,2019-10-24,105.71,106.02,104.68,105.49,105.49,8020500,Financials,104.458,102.225,99.21700000000001,96.3974,102.06606134318955,99.76141113348835,2.304650209701194,1.5328370383393457,105.56,8828300.0,101.54,10818500.0,96.36,10994100.0,81.10403397027599,3.890092574354931,9.474885844748847,-0.0006631299734748408,0.011181426398579332
JPM,2019-10-25,105.46,106.85,105.25,106.33,106.33,9055700,Financials,105.38,103.059,99.607,96.763,102.72205190577577,100.24797327174846,2.4740786340273075,1.7210853574769382,105.49,8020500.0,101.72,10417400.0,97.99,15076500.0,83.33333333333337,4.532048761305552,8.511072558424338,0.00796284007962833,0.010843782132979334
JPM,2019-10-28,106.79,107.33,106.64,106.74,106.74,9522200,Financials,105.88,103.90799999999999,100.01899999999999,97.09460000000001,103.34019776642565,100.72886414050784,2.6113336259178084,1.8991350111651122,106.33,9055700.0,104.24,12714600.0,98.25,8779000.0,97.6190476190476,2.3983115886415884,8.641221374045793,0.0038559202482835175,0.010781260176522825
JPM,2019-10-29,106.36,107.5,106.25,106.67,106.67,9797300,Financials,106.15799999999999,104.454,100.51700000000001,97.4086,103.8524750331294,101.168948278248,2.683526754881399,2.05601335990837,106.74,9522200.0,105.28,12549100.0,101.21,23379000.0,96.93795326349722,1.3202887537993924,5.394723841517646,-0.0006557991380925499,0.007885955578670924
JPM,2019-10-30,106.35,106.52,105.39,106.08,106.08,8513700,Financials,106.26199999999999,104.965,101.08149999999999,97.73380000000002,104.19517118187872,101.53272988726667,2.6624412946120515,2.177298946849106,106.67,9797300.0,105.56,8828300.0,100.97,11087700.0,91.68096054888508,0.49261083743841194,5.060909180944839,-0.005531077153838937,0.008280715806938501
JPM,2019-10-31,105.87,106.08,104.5,105.39,105.39,11589100,Financials,106.242,105.35,101.61850000000001,98.04019999999998,104.37899100005123,101.81845359932099,2.56053740073024,2.253946637625333,106.08,8513700.0,105.49,8020500.0,101.54,10818500.0,84.51492537313436,-0.09479571523366426,3.7916092180421357,-0.006504524886877805,0.009029675841720371
JPM,2019-11-01,106.47,107.98,106.32,107.82,107.82,11682600,Financials,106.54,105.96,102.1745,98.3766,104.90837700004334,102.26301259196387,2.645364408079473,2.332230191716161,105.39,11589100.0,106.33,9055700.0,101.72,10417400.0,87.12179984484098,1.4012978463274761,5.996854109319694,0.02305721605465405,0.01083586582005255
JPM,2019-11-04,108.9,109.19,108.46,108.68,108.68,9159900,Financials,106.928,106.404,102.78399999999999,98.77539999999999,105.48862669234437,102.73834499255915,2.7502816997852193,2.415840493329973,107.82,11682600.0,106.74,9522200.0,104.24,12714600.0,84.61538461538466,1.8175004684279683,4.259401381427486,0.007976256724170128,0.008669141730645877
JPM,2019-11-05,109.17,109.93,108.7,108.92,108.92,13747600,Financials,107.378,106.768,103.513,99.1648,106.01653027813754,103.1962453634807,2.8202849146568383,2.4967293775953463,108.68,9159900.0,106.67,9797300.0,105.28,12549100.0,86.83966635773864,2.1093090840911266,3.4574468085106336,0.0022083179977916423,0.008440332377059224
JPM,2019-11-06,108.57,109.54,108.48,109.09,109.09,11231100,Financials,107.97999999999999,107.12100000000001,104.2165,99.5766,106.48937177380868,103.63281978100065,2.8565519928080363,2.5686939006378844,108.92,13747600.0,106.08,8513700.0,105.56,8828300.0,86.33301251203079,2.837481146304688,3.344069723380061,0.0015607785530664664,0.008458703661938937
JPM,2019-11-07,110.04,110.77,109.61,109.68,109.68,13528900,Financials,108.83800000000001,107.53999999999999,104.88250000000001,99.9824,106.9802376547612,104.0807590564821,2.899478598279103,2.6348508401661284,109.09,11231100.0,105.39,11589100.0,105.49,8020500.0,86.85185185185185,4.07059493310562,3.9719404682908355,0.0054083784031533355,0.00835780123796526
JPM,2019-11-08,109.58,110.02,109.05,110.0,110.0,9293400,Financials,109.274,107.907,105.48299999999999,100.354,107.44481647710562,104.51922134859454,2.925595128511077,2.692999697835118,109.68,13528900.0,107.82,11682600.0,106.33,9055700.0,83.48837209302326,2.0218883324058634,3.4515188563904786,0.0029175784099197966,0.008238999125333726
JPM,2019-11-11,109.34,109.76,109.13,109.61,109.61,8679000,Financials,109.46000000000001,108.194,106.051,100.7072,107.77792163447398,104.89631606351347,2.8816055709605166,2.730720872460198,110.0,9293400.0,108.68,9159900.0,106.74,9522200.0,77.23270440251571,0.8557232241442669,2.68877646617951,-0.0035454545454545183,0.00852393484685679
JPM,2019-11-12,109.37,110.2,108.84,108.97,108.97,9099000,Financials,109.47,108.424,106.439,101.0694,107.96131830609336,105.19807042917913,2.7632478769142352,2.7372262733510055,109.61,8679000.0,108.92,13747600.0,106.67,9797300.0,70.517448856799,0.045905251560784954,2.1561826192931344,-0.005838883313566301,0.008899248379146527
JPM,2019-11-13,108.1,108.68,107.5,108.4,108.4,8023300,Financials,109.332,108.65599999999999,106.8105,101.3982,108.02880779746361,105.43525039738807,2.5935574000755395,2.7084924986959122,108.97,9099000.0,109.09,11231100.0,106.08,8513700.0,66.51532349602732,-0.6325052708772594,2.1870286576169073,-0.005230797467192794,0.008870834088309422
JPM,2019-11-14,107.76,108.7,107.65,108.5,108.5,8483400,Financials,109.096,108.96700000000001,107.1585,101.68719999999999,108.10129890554613,105.66226888647044,2.4390300190756875,2.6546000027718675,108.4,8023300.0,109.68,13528900.0,105.39,11589100.0,63.44485749690216,-1.0758570386579236,2.9509441123446223,0.0009225092250921829,0.008357027999714208
JPM,2019-11-15,109.03,109.28,108.33,109.28,109.28,10163600,Financials,108.952,109.11299999999999,107.5365,101.98780000000001,108.28263753546211,105.9302489689541,2.3523885665080115,2.5941577155190965,108.5,8483400.0,110.0,9293400.0,107.82,11682600.0,65.04739336492898,-0.6545454545454521,1.354108699684664,0.007188940092165863,0.004908542204504575
JPM,2019-11-18,109.31,110.23,108.83,110.2,110.2,8749300,Financials,109.07000000000001,109.26500000000001,107.8345,102.26,108.57761637616025,106.24652682310565,2.3310895530545963,2.5415440830261966,109.28,10163600.0,109.61,8679000.0,108.68,9159900.0,68.99892357373523,0.5382720554693909,1.3986013986013957,0.008418740849194695,0.004976370101039729
JPM,2019-11-19,110.52,110.73,109.83,110.17,110.17,8824500,Financials,109.30999999999999,109.38999999999999,108.079,102.507,108.8225984721356,106.53715446583857,2.285444006297027,2.490324067680363,110.2,8749300.0,108.97,9099000.0,108.92,13747600.0,73.42497136311573,1.1012205194090186,1.1476312890194684,-0.00027223230490014405,0.004993451479911372
JPM,2019-11-20,109.93,110.2,108.79,109.37,109.37,11782800,Financials,109.50399999999999,109.418,108.2695,102.7326,108.90681409180704,106.74699487577645,2.1598192160305842,2.4242230973504073,110.17,8824500.0,108.4,8023300.0,109.09,11231100.0,72.51131221719461,0.8948339483394907,0.256668805573379,-0.007261504946900255,0.005649627132377389
JPM,2019-11-21,109.68,110.29,109.17,109.62,109.62,7705500,Financials,109.728,109.41199999999999,108.476,102.95120000000001,109.0165350007598,106.95981007016339,2.056724930596417,2.3507234639996093,109.37,11782800.0,108.5,8483400.0,109.68,13528900.0,63.5135135135136,1.0322580645161228,-0.0547045951859948,0.0022858187802869967,0.005415560691661994
JPM,2019-11-22,109.81,110.71,109.76,110.35,110.35,8167900,Financials,109.94200000000001,109.447,108.67699999999999,103.14560000000002,109.22168346218136,107.21093525015128,2.01074821203008,2.2827284136057036,109.62,7705500.0,109.28,10163600.0,110.0,9293400.0,62.787136294027526,0.9791361639824192,0.31818181818181746,0.006659368728334059,0.005760982642772994
JPM,2019-11-25,110.73,111.43,110.41,110.94,110.94,10068500,Financials,110.09,109.58,108.88700000000001,103.36959999999999,109.486039852615,107.48716226865858,1.9988775839564141,2.2259582476758455,110.35,8167900.0,110.2,8749300.0,109.61,8679000.0,64.68023255813955,0.6715063520871034,1.2133929386004993,0.005346624376982412,0.005782095136036286
JPM,2019-11-26,111.22,111.22,109.98,111.09,111.09,10490700,Financials,110.274,109.792,109.10799999999999,103.6066,109.7328029522127,107.75403913764683,1.9787638145658661,2.17651936105385,110.94,10068500.0,110.17,8824500.0,108.97,9099000.0,64.57725947521868,0.8350730688935215,1.9454895842892617,0.0013520822065982152,0.005226912235030677
JPM,2019-11-27,111.61,111.73,111.07,111.42,111.42,6607900,Financials,110.684,110.09400000000001,109.375,103.8302,109.99237172879535,108.02559179411743,1.9667799346779162,2.1345714757786634,111.09,10490700.0,109.37,11782800.0,108.4,8023300.0,63.18181818181819,1.8743713998354172,2.785977859778588,0.0029705644072373083,0.004579972498592243
JPM,2019-11-29,111.26,111.71,110.9,111.16,111.16,5712000,Financials,110.992,110.35999999999999,109.6635,104.055,110.17200684744222,108.25777017973836,1.914236667703861,2.090504514163703,111.42,6607900.0,109.62,7705500.0,108.5,8483400.0,58.868501529051976,1.404853128991057,2.451612903225797,-0.0023335128343205946,0.004833905380310195
JPM,2019-12-02,111.63,111.99,110.82,110.92,110.92,8615600,Financials,111.106,110.524,109.8185,104.28300000000002,110.28708271706648,108.45497238864662,1.8321103284198585,2.038825677014934,111.16,5712000.0,110.35,8167900.0,109.28,10163600.0,60.25039123630677,0.516538287267787,1.5007320644216726,-0.0021590500179919925,0.0047149380745068825
JPM,2019-12-03,109.49,109.65,108.49,109.49,109.49,10361300,Financials,110.816,110.453,109.85900000000001,104.48280000000001,110.16445460674856,108.53164110059873,1.6328135061498301,1.9576232428419134,110.92,8615600.0,110.94,10068500.0,110.2,8749300.0,53.62116991643451,-1.30701279971156,-0.6442831215971001,-0.01289217454020919,0.005906261995592809
JPM,2019-12-04,110.0,111.76,109.67,111.65,111.65,10318200,Financials,110.928,110.601,109.99549999999999,104.7518,110.39300005186416,108.76263064870254,1.6303694031616232,1.8921724749058555,109.49,10361300.0,111.09,10490700.0,110.17,8824500.0,68.52907639680728,0.504095778197855,1.3433784151765549,0.01972782902548187,0.008745058293810164
JPM,2019-12-05,111.94,112.47,111.52,112.26,112.26,9587400,Financials,111.096,110.89000000000001,110.154,105.0218,110.68023081311583,109.02169504509496,1.6585357680208688,1.8454451335288582,111.65,10318200.0,111.42,6607900.0,109.37,11782800.0,70.25862068965517,0.7539041464728058,2.6424065100118854,0.005463502015226052,0.008262067046645123
JPM,2019-12-06,113.64,114.56,113.6,113.93,113.93,10170600,Financials,111.65,111.321,110.3665,105.3414,111.1801953034057,109.38527318990273,1.7949221135029632,1.8353405295236793,112.26,9587400.0,111.16,5712000.0,109.62,7705500.0,72.86135693215338,2.4919035624325403,3.9317642765918537,0.014876180295742003,0.009116832415946038
JPM,2019-12-09,113.59,114.29,113.4,113.4,113.4,8498200,Financials,112.146,111.626,110.5365,105.63879999999999,111.52170371826637,109.68266036102105,1.8390433572453162,1.8360810950680069,113.93,10170600.0,110.92,8615600.0,110.35,8167900.0,66.359918200409,2.235845654525792,2.76393294064341,-0.0046519792855261866,0.009432821511551732
JPM,2019-12-10,112.42,113.7,112.11,113.48,113.48,7532900,Financials,112.944,111.88,110.72999999999999,105.9384,111.8229800693023,109.9639447787232,1.8590352905791008,1.8406719341702258,113.4,8498200.0,109.49,10361300.0,110.94,10068500.0,66.83621566632755,3.64416841720705,2.289525869839548,0.000705467372134061,0.009406099817044865
JPM,2019-12-11,113.3,113.92,113.06,113.21,113.21,9011900,Financials,113.256,112.09200000000001,110.94200000000001,106.2684,112.0363677509481,110.20439331363261,1.8319744373154947,1.8389324347992797,113.48,7532900.0,111.65,10318200.0,111.09,10490700.0,70.64516129032246,1.3972234661889793,1.9083625888918876,-0.002379273880860122,0.009521444450546413
JPM,2019-12-12,113.47,116.83,113.23,116.45,116.45,13717400,Financials,114.09400000000001,112.595,111.34450000000001,106.7016,112.71538809695608,110.66703084595612,2.048357250999956,1.880817398039415,113.21,9011900.0,112.26,9587400.0,111.42,6607900.0,77.78681855166793,3.7324069125244996,4.514449829474065,0.028619379913435328,0.012742029551949325
JPM,2019-12-13,116.39,117.13,114.93,115.43,115.43,10592100,Financials,114.394,113.022,111.691,107.11720000000001,113.13302069742437,111.0198433758853,2.1131773215390695,1.9272893827393458,116.45,13717400.0,113.93,10170600.0,111.16,5712000.0,70.19077901430842,1.3165979109979853,3.8413098236775856,-0.008759124087591164,0.013275633945575831
JPM,2019-12-16,116.75,117.14,115.86,115.87,115.87,11372000,Financials,114.888,113.51700000000001,112.0205,107.50059999999999,113.55409443628216,111.37911423693083,2.1749801993513245,1.9768275460617417,115.43,10592100.0,113.4,8498200.0,110.92,8615600.0,69.83105390185034,2.1781305114638494,4.462675802380089,0.003811834011955284,0.013108305790271025
JPM,2019-12-17,116.2,116.99,115.78,116.58,116.58,11546800,Financials,115.508,114.226,112.3395,107.9024,114.01961836916183,111.76436503419521,2.255253334966625,2.0325127038427184,115.87,11372000.0,113.48,7532900.0,109.49,10361300.0,71.13163972286368,2.731758900246728,6.4754772125308335,0.006127556744627505,0.011605817347172604
JPM,2019-12-18,116.56,117.29,116.19,116.46,116.46,10381500,Financials,116.15799999999999,114.70700000000002,112.654,108.34479999999999,114.39506169698308,112.11218984647704,2.282871850506041,2.0825845331753827,116.58,11546800.0,113.21,9011900.0,111.65,10318200.0,69.71830985915486,2.870771133292105,4.3081056874160195,-0.0010293360782295258,0.01077460502742887
JPM,2019-12-19,116.23,116.62,115.67,115.88,115.88,9350400,Financials,116.04400000000001,115.06899999999999,112.9795,108.762,114.62351374360108,112.39128689488615,2.23222684871493,2.1125129962832925,116.46,10381500.0,116.45,13717400.0,112.26,9587400.0,68.01526717557249,-0.4894804637183392,3.224657046142876,-0.0049802507298642995,0.011146700574609368
JPM,2019-12-20,116.45,117.17,115.5,115.79,115.79,29992600,Financials,116.11600000000001,115.25500000000002,113.28800000000001,109.15060000000001,114.80297316766246,112.64304342119087,2.1599297464715903,2.121996346320952,115.88,9350400.0,115.43,10592100.0,113.93,10170600.0,68.8030888030888,0.3118773282508869,1.6325814096374902,-0.000776665516051045,0.010404516877481383
JPM,2019-12-23,116.09,116.35,115.48,115.75,115.75,9738400,Financials,116.09200000000001,115.49000000000001,113.55799999999999,109.5058,114.9486696034067,112.87318835295451,2.075481250452185,2.112693327147199,115.79,29992600.0,115.87,11372000.0,113.4,8498200.0,77.07612456747403,-0.10356433934581855,2.072310405643729,-0.00034545297521382246,0.01020096088993486
JPM,2019-12-24,115.86,116.12,115.64,116.08,116.08,3324300,Financials,115.992,115.75,113.81499999999998,109.8624,115.12272043365182,113.11072995643937,2.01199047721245,2.092552757160249,115.75,9738400.0,116.58,11546800.0,113.48,7532900.0,72.76464542651588,-0.4288900325956413,2.291152626013382,0.0028509719222462593,0.01019094294555414
JPM,2019-12-26,116.34,117.36,116.24,117.31,117.31,6770900,Financials,116.16199999999999,116.16,114.126,110.18439999999998,115.45922498232076,113.42178699670313,2.037437985617629,2.0815298028517253,116.08,3324300.0,116.46,10381500.0,113.21,9011900.0,74.39613526570045,0.7298643311008046,3.621588198922354,0.010596140592694647,0.010351756126158494
JPM,2019-12-27,117.53,117.92,116.99,117.39,117.39,7868200,Financials,116.46399999999998,116.25400000000002,114.42450000000001,110.51280000000001,115.75626729273296,113.71572870065106,2.0405385920819015,2.0733315606977607,117.31,6770900.0,115.88,9350400.0,116.45,13717400.0,69.74885844748854,1.3030721435968395,0.8072133963074268,0.0006819537976301415,0.0054728440711503575
JPM,2019-12-30,118.03,118.18,116.83,116.96,116.96,6963000,Financials,116.69800000000001,116.40700000000001,114.7145,110.8212,115.9414569400048,113.95604509319543,1.9854118468093702,2.055747617920083,117.39,7868200.0,115.79,29992600.0,115.43,10592100.0,70.55427251732092,1.0104499525002142,1.3254786450662692,-0.003663003663003761,0.004658703463746467
JPM,2019-12-31,116.86,117.68,116.67,117.61,117.61,7201600,Financials,117.07000000000001,116.58099999999999,115.049,111.139,116.19815587231176,114.2267084196254,1.9714474526863626,2.038887584873339,116.96,6963000.0,115.75,9738400.0,115.87,11372000.0,72.37269772481034,1.606911447084225,1.5016829205143578,0.0055574555403556936,0.0047929112896355555
JPM,2020-01-02,117.94,119.04,117.49,119.04,119.04,10803700,Financials,117.66199999999999,116.827,115.52649999999998,111.435,116.63536266118687,114.58324853669018,2.052114124496697,2.0415328927980108,117.61,7201600.0,116.08,3324300.0,116.58,11546800.0,78.05582290664103,2.549965541006216,2.110138960370578,0.0121588300314599,0.005727937125556345
JPM,2020-01-03,116.75,118.22,116.4,117.47,117.47,10386800,Financials,117.694,116.928,115.81750000000002,111.6788,116.76376840561966,114.79708197841683,1.9666864272028306,2.026563599678975,119.04,10803700.0,117.31,6770900.0,116.46,10381500.0,55.848623853210974,0.1363907595260283,0.8672505581315493,-0.013188844086021612,0.0074875984707242675
JPM,2020-01-06,115.95,117.41,115.9,117.37,117.37,10259000,Financials,117.69000000000001,117.077,116.07300000000001,111.915,116.8570348047551,114.9876684985341,1.8693663062209964,1.9951241409873792,117.47,10386800.0,117.39,7868200.0,115.88,9350400.0,62.4358974358974,-0.01703722633954463,1.2858129099068139,-0.0008512811781731244,0.007237647530771013
JPM,2020-01-07,116.57,117.06,115.33,115.38,115.38,10531300,Financials,117.374,117.03599999999999,116.14550000000001,112.11280000000001,116.62979868094664,115.01673009123529,1.6130685897113466,1.9187130307321727,117.37,10259000.0,116.96,6963000.0,115.79,29992600.0,47.37967914438498,-1.3508891928864508,-0.35408929959410695,-0.016954928857459417,0.009275254980243843
JPM,2020-01-08,115.22,116.82,115.14,116.28,116.28,9695300,Financials,117.10799999999999,117.08899999999998,116.2895,112.31179999999999,116.57598349926255,115.11030564003268,1.4656778592298707,1.8281059964317126,115.38,10531300.0,117.61,7201600.0,115.75,9738400.0,48.42767295597486,-1.1308562197092087,0.4578833693304585,0.007800312012480548,0.009623515755955039
JPM,2020-01-09,117.22,117.37,116.36,116.7,116.7,9469000,Financials,116.64000000000001,117.151,116.4505,112.51100000000001,116.59506296091446,115.22806077780804,1.3670021831064219,1.7358852337666544,116.28,9695300.0,119.04,10803700.0,116.08,3324300.0,51.219512195121986,-1.9657258064516125,0.5341144038594203,0.003611971104231282,0.009647162905300247
JPM,2020-01-10,116.51,116.54,115.32,115.54,115.54,10190900,Financials,116.25399999999999,116.974,116.56700000000001,112.6884,116.43274558231224,115.2511673868593,1.1815781954529427,1.625023826103912,116.7,9469000.0,117.47,10386800.0,117.31,6770900.0,48.36852207293672,-1.6429726738741768,-1.5088227772568352,-0.009940017137960555,0.009460872580805548
JPM,2020-01-13,115.64,116.5,115.27,116.5,116.5,12355200,Financials,116.08,116.88499999999999,116.56950000000002,112.8968,116.44309241580265,115.34367350635121,1.099418909451444,1.5199028427734185,115.54,10190900.0,117.37,10259000.0,117.39,7868200.0,53.14437555358721,-0.7412456334668138,-0.758156572110058,0.008308810801453959,0.009949225992578569
JPM,2020-01-14,117.13,119.52,116.91,117.86,117.86,24906000,Financials,116.576,116.975,116.691,113.14620000000001,116.66107819798685,115.5300680614363,1.1310101365505574,1.4421243015288463,116.5,12355200.0,115.38,10531300.0,116.96,6963000.0,58.366375892149065,2.149419310105749,0.7694938440492516,0.011673819742489266,0.010604962157471427
JPM,2020-01-15,117.05,117.69,115.61,116.09,116.09,16293400,Financials,116.53800000000001,116.82300000000001,116.702,113.3116,116.57322001368118,115.5715445013299,1.0016755123512837,1.3540345436933339,117.86,24906000.0,116.28,9695300.0,117.61,7201600.0,50.03558718861211,-0.16339869281045694,-1.2924071082390909,-0.015017817749872653,0.011538089412129669
JPM,2020-01-16,116.71,117.09,116.19,116.54,116.54,10783800,Financials,116.506,116.57300000000001,116.7,113.46880000000002,116.56810924234561,115.64328194567582,0.9248272966697897,1.2681930942886253,116.09,16293400.0,116.7,9469000.0,119.04,10803700.0,47.09871891484554,-0.13710368466152145,-2.10013440860215,0.0038763028684640766,0.010739009185293847
JPM,2020-01-17,116.79,117.42,116.6,117.35,117.35,14697700,Financials,116.86800000000001,116.561,116.74450000000002,113.63740000000001,116.6884001281386,115.76970550525539,0.9186946228832085,1.1982934000075418,116.54,10783800.0,115.54,10190900.0,117.47,10386800.0,49.85714285714284,1.56655703652413,-0.10215374138078381,0.006950403295005847,0.010301257190448778
JPM,2020-01-21,116.49,117.24,116.06,116.19,116.19,8474200,Financials,116.806,116.44300000000001,116.75999999999999,113.77940000000001,116.61172318534804,115.80083843079203,0.8108847545560138,1.1208116709172362,117.35,14697700.0,116.5,12355200.0,117.37,10259000.0,47.38628649015616,-0.26609442060085975,-1.0053676407940748,-0.009884959522795,0.010764602945863455
JPM,2020-01-22,116.53,116.67,115.8,116.06,116.06,7549100,Financials,116.446,116.51100000000001,116.77350000000001,113.90700000000001,116.5268426952945,115.8200355840667,0.7068071112278034,1.0380107589793497,116.19,8474200.0,117.86,24906000.0,115.38,10531300.0,44.5460942997889,-1.5272357033768835,0.5893569076096394,-0.001118857044495991,0.009200988914738074
JPM,2020-01-23,115.23,116.11,114.39,115.94,115.94,9345700,Financials,116.41599999999998,116.477,116.78299999999999,114.0258,116.43655920371074,115.8289218370988,0.6076373666119395,0.9519360805058676,116.06,7549100.0,116.09,16293400.0,116.28,9695300.0,37.98449612403097,-0.12921009561547292,-0.29239766081872176,-0.0010339479579528632,0.00885314744184281
JPM,2020-01-24,115.79,115.84,112.35,113.06,113.06,15166400,Financials,115.72,116.11300000000001,116.63200000000002,114.09479999999999,115.91708855698602,115.62381651583222,0.29327204115379857,0.8202032726354539,115.94,9345700.0,116.54,10783800.0,116.7,9469000.0,34.48275862068965,-2.9860991934099967,-3.119108826049699,-0.02484043470760733,0.01161322015030774
JPM,2020-01-27,110.61,112.88,110.14,112.11,112.11,12860500,Financials,114.672,115.77000000000001,116.372,114.1576,115.33138262514201,115.36353381095576,-0.03215118581374554,0.649732380945614,113.06,15166400.0,117.35,14697700.0,115.54,10190900.0,32.536520584329324,-4.465274818917764,-2.9686688592695187,-0.008402618078896196,0.011522469419489294
JPM,2020-01-28,112.8,114.6,112.49,114.15,114.15,13062800,Financials,114.26400000000001,115.53500000000001,116.21,114.2726,115.14963145204324,115.27364241755163,-0.12401096550838986,0.49498371165481325,112.11,12860500.0,116.19,8474200.0,116.5,12355200.0,45.92984778292525,-1.7557449005938475,-2.0171673819742386,0.018196414236018255,0.012933668789429961
JPM,2020-01-29,114.47,115.09,113.52,113.98,113.98,9326000,Financials,113.848,115.14699999999998,116.06099999999999,114.38220000000001,114.96968815172889,115.17781705328855,-0.20812890155966102,0.35436118901191843,114.15,13062800.0,116.06,7549100.0,117.86,24906000.0,42.00278164116829,-1.792176460451489,-3.2920414050568447,-0.0014892685063513378,0.012030181910790746
JPM,2020-01-30,112.67,115.59,112.67,115.39,115.39,9048900,Financials,113.73800000000001,115.077,115.95,114.50439999999999,115.03435151300137,115.1935343086005,-0.15918279559913628,0.2516523920897075,113.98,9326000.0,115.94,9345700.0,116.09,16293400.0,45.738451528952496,-0.4743833017077814,-0.6029804462055366,0.01237059133181262,0.012176875775950778
JPM,2020-01-31,114.2,114.49,111.63,112.39,112.39,12785200,Financials,113.604,114.662,115.61750000000002,114.5482,114.62752820330884,114.98586510055603,-0.35833689724718454,0.12965453422232912,115.39,9048900.0,113.06,15166400.0,116.54,10783800.0,40.848343986054594,-0.5926056960905757,-3.561009095589507,-0.02599878672328626,0.01442999149458983
JPM,2020-02-03,112.64,113.98,112.64,113.25,113.25,10021100,Financials,113.832,114.252,115.40650000000001,114.60979999999999,114.41560078741517,114.85728250051484,-0.4416817130996691,0.01538728475792947,112.39,12785200.0,112.11,12860500.0,117.35,14697700.0,40.50263004091174,1.0168584426010208,-3.493821900298244,0.007651926327965075,0.014488165632901215
JPM,2020-02-04,115.1,115.99,114.7,114.88,114.88,9157100,Financials,113.978,114.12100000000001,115.282,114.72,114.48704682012053,114.85896527825449,-0.37191845813396185,-0.06207386382044879,113.25,10021100.0,114.15,13062800.0,116.19,8474200.0,41.42692750287685,0.6395094174332039,-1.1274636371460534,0.014392935982339816,0.01530223302806371
JPM,2020-02-05,115.96,116.95,115.49,116.83,116.83,10150700,Financials,114.548,114.19800000000001,115.35449999999999,114.8642,114.8475011554866,115.00496785023564,-0.15746669474904706,-0.08115243000616845,114.88,9157100.0,113.98,9326000.0,116.06,7549100.0,52.107061503416844,2.5004386734514883,0.6634499396863669,0.016974233983287013,0.016325618634864838
JPM,2020-02-06,117.38,117.42,116.42,116.85,116.85,8992300,Financials,114.84,114.28900000000002,115.38300000000001,114.9942,115.15557790079635,115.14163689836633,0.01394100243001617,-0.062133743518931535,116.83,10150700.0,115.39,9048900.0,115.94,9345700.0,50.904845300642116,1.2652742871999356,0.7848887355528689,0.00017118890695888567,0.016315167959536615
JPM,2020-02-07,116.1,116.9,115.73,116.47,116.47,6379800,Financials,115.65599999999999,114.63,115.3715,115.1048,115.35779668528922,115.240034165154,0.11776252013521571,-0.02615449078810209,116.85,8992300.0,112.39,12785200.0,113.06,15166400.0,47.36526946107785,3.6302162114067116,3.0160976472669354,-0.003252032520325132,0.013758281487433587
JPM,2020-02-10,116.29,117.05,116.12,116.96,116.96,5960700,Financials,116.398,115.11500000000001,115.4425,115.22219999999999,115.60428950293702,115.36743904180926,0.23685046112775865,0.02644649959507006,116.47,6379800.0,113.25,10021100.0,112.11,12860500.0,52.40174672489082,3.275938189845462,4.3261082865043265,0.004207091955009901,0.013155479344415822
JPM,2020-02-11,117.4,117.87,116.99,117.18,117.18,6578600,Financials,116.85799999999999,115.41799999999998,115.47649999999999,115.3374,115.84670650248516,115.50170281649005,0.3450036859951098,0.090157936875078,116.96,5960700.0,114.88,9157100.0,114.15,13062800.0,53.47394540942929,2.0020891364902704,2.6544021024967224,0.0018809849521204125,0.012222263868761858
JPM,2020-02-12,117.69,118.27,117.01,117.18,117.18,7958000,Financials,116.928,115.73799999999999,115.4425,115.4578,116.05182857902591,115.62602112637967,0.4258074526462394,0.1572878400293103,117.18,6578600.0,116.83,10150700.0,113.98,9326000.0,53.87500000000002,0.2995805871779611,2.8075100894893845,0.0,0.01217465029707106
JPM,2020-02-13,116.96,117.47,115.82,117.07,117.07,7447500,Financials,116.97200000000001,115.90599999999999,115.4915,115.5808,116.20847033609884,115.73298252442562,0.47548781167321863,0.22092783435809196,117.18,7958000.0,116.85,8992300.0,115.39,9048900.0,65.15495086923653,0.18827556696618952,1.455932056504028,-0.0009387267451784753,0.01173658492871713
JPM,2020-02-14,117.04,117.34,116.28,116.72,116.72,6627600,Financials,117.022,116.33899999999998,115.50050000000002,115.72540000000001,116.28716720746824,115.80609493002372,0.4810722774445253,0.27295672297537865,117.07,7447500.0,116.47,6379800.0,112.39,12785200.0,68.25019794140933,0.21464754872499991,3.8526559302429098,-0.0029896643034081904,0.007073816813209785
JPM,2020-02-18,116.62,116.93,114.67,115.17,115.17,8996400,Financials,116.66400000000002,116.53099999999999,115.3915,115.79580000000001,116.1152953293962,115.758976787059,0.35631854233720617,0.28962908684774413,116.72,6627600.0,116.96,5960700.0,113.25,10021100.0,54.20098846787478,-1.5304377564979377,1.6953642384105905,-0.013279643591501022,0.008716674869870829
JPM,2020-02-19,116.25,117.51,115.77,116.74,116.74,7071200,Financials,116.576,116.71700000000001,115.41900000000001,115.8854,116.21140374025833,115.83164517320279,0.37975856705554634,0.3076549828893046,115.17,8996400.0,117.18,6578600.0,114.88,9157100.0,60.192023633677955,-0.3754906980713568,1.619080779944282,0.013632022228010632,0.008596211937962315
JPM,2020-02-20,116.47,117.48,115.93,116.74,116.74,7422800,Financials,116.48799999999999,116.70800000000001,115.453,115.9416,116.29272624175704,115.89893071592851,0.39379552582852284,0.3248830914771483,116.74,7071200.0,117.18,7958000.0,116.83,10150700.0,55.56471558120361,-0.3754906980713568,-0.07703500813147635,0.0,0.006698346908720122
JPM,2020-02-21,115.95,116.26,114.56,115.32,115.32,9772800,Financials,116.13799999999999,116.55499999999999,115.422,115.98,116.1430760507175,115.85604695919307,0.2870290915244311,0.31731229148660484,116.74,7422800.0,117.07,7447500.0,116.85,8992300.0,63.886255924170584,-1.4948321517041063,-1.309370988446723,-0.012163782765119091,0.007710891574214846
JPM,2020-02-24,111.61,113.1,111.06,112.22,112.22,13618400,Financials,115.23799999999999,116.13,115.38000000000002,115.95479999999999,115.53952588906864,115.58671014740099,-0.04718425833235074,0.24441298152281374,115.32,9772800.0,116.72,6627600.0,116.47,6379800.0,45.97341673182173,-3.8553803975325596,-3.6490083283248875,-0.026881720430107503,0.011206908988620486
JPM,2020-02-25,111.23,112.28,106.64,107.21,107.21,20797200,Financials,113.646,115.15500000000002,115.13500000000002,115.8348,114.25806036767347,114.96621309944535,-0.7081527317718894,0.05389983886387312,112.22,13618400.0,115.17,8996400.0,116.96,5960700.0,26.283240568954852,-6.911522097768518,-8.336183310533517,-0.04464444840491899,0.016700599396399226
JPM,2020-02-26,107.78,109.49,107.28,107.53,107.53,24825600,Financials,111.804,114.19000000000001,114.804,115.65639999999999,113.22297415726216,114.41538249948644,-1.192408342224283,-0.19536179735375814,107.21,20797200.0,116.74,7071200.0,117.18,6578600.0,18.019257221458076,-7.889326708925815,-8.235193719064693,0.0029847961943849644,0.016780574171604765
JPM,2020-02-27,104.36,106.66,103.0,103.06,103.06,23005500,Financials,109.06799999999998,112.77799999999999,114.258,115.40899999999999,111.65943967152953,113.57424305508005,-1.9148033835505203,-0.5392501145931106,107.53,24825600.0,116.74,7422800.0,117.18,7958000.0,13.691416535018462,-11.718348466678085,-12.04983785628947,-0.04156979447596021,0.019404529518126233
JPM,2020-02-28,99.79,100.61,95.66,98.59,98.59,45931400,Financials,105.72200000000001,110.92999999999999,113.418,115.0634,109.64875664514037,112.46429912507412,-2.815542479933754,-0.9945085876612393,103.06,23005500.0,115.32,9772800.0,117.07,7447500.0,11.265164644714076,-14.507457509538668,-15.785427521995377,-0.04337279254803028,0.021137121691914767
JPM,2020-03-02,99.03,103.23,97.19,103.18,103.18,27355400,Financials,103.91400000000002,109.576,112.95749999999998,114.79539999999999,108.65356331511877,111.77657326395753,-3.1230099488387566,-1.4202088598967428,98.59,45931400.0,112.22,13618400.0,116.72,6627600.0,24.650478292862445,-8.055605061486359,-11.600411240575726,0.046556445887006914,0.029062495471630177
JPM,2020-03-03,102.72,104.4,98.7,99.31,99.31,32547700,Financials,102.33399999999999,107.98999999999998,112.26049999999998,114.4524,107.21609203586974,110.85312339255327,-3.6370313566835364,-1.8635733592541017,103.18,27355400.0,107.21,20797200.0,115.17,8996400.0,21.01848848524166,-7.3687156048875995,-13.770947295302594,-0.037507268850552444,0.030181035042534467
JPM,2020-03-04,100.47,102.05,97.39,101.77,101.77,25795900,Financials,101.182,106.49299999999998,111.60499999999999,114.17019999999998,106.37823172265901,110.18029943754932,-3.8020677148903133,-2.2512722303813444,99.31,32547700.0,107.53,24825600.0,116.74,7071200.0,26.854911384800232,-5.356644657304943,-12.823368168579751,0.024770919343469977,0.031502928825751494
JPM,2020-03-05,98.22,98.86,95.59,96.77,96.77,25025600,Financials,99.924,104.49600000000001,110.602,113.7898,104.90004222686531,109.18694392365678,-4.286901696791475,-2.6583981236633707,101.77,25795900.0,103.06,23005500.0,116.74,7422800.0,23.41540073336826,-6.1032408305841335,-17.106390268973794,-0.049130392060528605,0.03301342793479562
JPM,2020-03-06,90.23,93.67,89.17,91.77,91.77,38159400,Financials,98.55999999999999,102.14099999999999,109.348,113.31020000000001,102.88003573042448,107.89679992931184,-5.016764198887358,-3.1300713387081682,96.77,25025600.0,98.59,45931400.0,115.32,9772800.0,20.873219705813682,-6.917537275585762,-20.42143600416233,-0.05166890565257831,0.03455249892264037
JPM,2020-03-09,82.0,84.26,78.97,79.34,79.34,40352000,Financials,93.792,98.853,107.4915,112.57539999999999,99.25849177189764,105.7814814160295,-6.5229896441318544,-3.808654999792906,91.77,38159400.0,103.18,27355400.0,112.22,13618400.0,16.644945075404962,-23.105252955999223,-29.29959009089288,-0.13544731393701637,0.0498916971519128
JPM,2020-03-10,84.06,86.0,80.31,85.51,85.51,31102700,Financials,91.032,96.683,105.91900000000001,111.9394,97.14333919160569,104.2798902000273,-7.1365510084216055,-4.474234201518646,79.34,40352000.0,99.31,32547700.0,107.21,20797200.0,23.22071685817184,-13.895881582922165,-20.240649193172267,0.07776657423745914,0.06056589589918055
JPM,2020-03-11,82.96,84.95,80.28,81.48,81.48,38127000,Financials,86.974,94.078,104.13399999999999,111.22120000000001,94.73359470058944,102.59100944446972,-7.857414743880284,-5.1508703099909745,85.51,31102700.0,101.77,25795900.0,107.53,24825600.0,21.71960218158486,-19.937113098162516,-24.225797451873888,-0.04712899076131449,0.06046510831603024
JPM,2020-03-12,76.07,82.33,73.29,74.76,74.76,49725200,Financials,82.572,91.248,102.013,110.37719999999999,91.66073397742183,100.52945318932382,-8.86871921190199,-5.894440090373178,81.48,38127000.0,96.77,25025600.0,103.06,23005500.0,20.01774098166767,-22.744652268264954,-27.45973219483796,-0.08247422680412364,0.06299083312600959
JPM,2020-03-13,81.51,88.3,78.12,88.23,88.23,38543300,Financials,81.864,90.212,100.571,109.78960000000001,91.13292875012615,99.61838258270724,-8.485453832581086,-6.41264283881476,74.76,49725200.0,91.77,38159400.0,98.59,45931400.0,34.623766183822596,-3.8574697613599107,-10.508165128309155,0.1801765650080256,0.09104506489300745
JPM,2020-03-16,72.34,79.8,71.79,75.03,75.03,38589700,Financials,81.002,87.397,98.4865,108.9094,88.6555550962606,97.79702090991411,-9.141465813653511,-6.958407433782511,88.23,38543300.0,79.34,40352000.0,103.18,27355400.0,31.334106728538288,-5.432316612049415,-27.28241907346385,-0.1496089765385923,0.09891828552371686
JPM,2020-03-17,77.18,82.74,74.3,79.61,79.61,35239800,Financials,79.822,85.42699999999999,96.7085,108.15220000000001,87.26393123529742,96.4498341758464,-9.185902940548985,-7.403906535135806,75.03,38589700.0,85.51,31102700.0,99.31,32547700.0,34.567764757904044,-6.89977780376565,-19.836874433591788,0.06104224976675998,0.1025985956116228
JPM,2020-03-18,74.44,77.09,68.23,71.23,71.23,41525600,Financials,77.772,82.373,94.433,107.2294,84.79717258371319,94.58169831096889,-9.784525727255698,-7.880030373559785,79.61,35239800.0,81.48,38127000.0,101.77,25795900.0,33.13553035922432,-12.579774177712322,-30.008843470570888,-0.10526315789473684,0.10490665643115937
JPM,2020-03-19,69.25,74.81,65.3,72.43,72.43,32175100,Financials,77.30600000000001,79.939,92.2175,106.3704,82.8945306477573,92.94083176941564,-10.046301121658331,-8.313284523179494,71.23,41525600.0,74.76,49725200.0,96.77,25025600.0,35.64215148188805,-3.116639914392716,-25.152423271675094,0.016846834199073513,0.10565401001130816
JPM,2020-03-20,73.28,75.96,70.03,70.9,70.9,30150800,Financials,73.84,77.852,89.9965,105.4628,81.04921824041004,91.30817756427373,-10.258959323863692,-8.702419483316334,72.43,32175100.0,88.23,38543300.0,91.77,38159400.0,31.667423898228066,-19.641845177377306,-22.741636700446755,-0.021123843711169377,0.10519211321514632
JPM,2020-03-23,70.2,71.11,66.31,67.1,67.1,32536600,Financials,72.254,76.628,87.74050000000001,104.4708,78.90318466496234,89.51497922617939,-10.611794561217053,-9.084294498896478,70.9,30150800.0,75.03,38589700.0,79.34,40352000.0,31.692622484938042,-10.569105691056924,-15.427275018905984,-0.053596614950634835,0.09820866746673246
JPM,2020-03-24,72.09,76.5,70.39,75.09,75.09,34363200,Financials,71.35,75.586,86.1345,103.6618,78.31654087035275,88.4464622464624,-10.12992137610965,-9.293419874339111,67.1,32536600.0,79.61,35239800.0,85.51,31102700.0,35.73262032085562,-5.677678683582455,-12.185709273769152,0.11907600596125212,0.10316357315826602
JPM,2020-03-25,75.77,80.79,71.78,77.89,77.89,38111700,Financials,72.68199999999999,75.227,84.6525,102.88959999999999,78.25091919799078,87.66450208005779,-9.413582882067004,-9.31745247588469,75.09,34363200.0,71.23,41525600.0,81.48,38127000.0,39.660460021905806,9.349992980485755,-4.405989199803639,0.03728858702889859,0.10307846647862007
JPM,2020-03-26,79.88,83.7,79.43,83.31,83.31,29826300,Financials,74.85799999999999,76.08200000000001,83.665,102.1986,79.0292393213768,87.34194637042388,-8.312707049047077,-9.116503390517167,77.89,38111700.0,72.43,32175100.0,74.76,49725200.0,45.38813781072831,15.021399972387117,11.436597110754398,0.06958531262036205,0.10071001460886843
JPM,2020-03-27,79.13,80.53,76.89,77.38,77.38,30041500,Financials,76.154,74.997,82.6045,101.4244,78.77551019501114,86.60402441705915,-7.828514222048014,-8.858905556823338,83.31,29826300.0,70.9,30150800.0,88.23,38543300.0,48.85003520300399,9.139633286318748,-12.297404510937337,-0.07117993038050663,0.08519949491089139
JPM,2020-03-30,76.97,79.89,75.83,79.39,79.39,21656900,Financials,78.612,75.433,81.41499999999999,100.6814,78.87004708808634,86.06965223801772,-7.1996051499313864,-8.527045475444947,77.38,30041500.0,67.1,32536600.0,75.03,38589700.0,46.225018504811246,18.315946348733235,5.81100892976143,0.02597570431636087,0.06987567328963755
JPM,2020-03-31,78.16,79.96,75.86,76.45,76.45,23379300,Financials,78.884,75.117,80.272,99.86339999999998,78.49773215145767,85.35708540557196,-6.859353254114296,-8.193507031178818,79.39,21656900.0,75.09,34363200.0,79.61,35239800.0,46.85507065149431,1.8111599414036395,-3.969350584097475,-0.03703237183524366,0.0684507941040603
JPM,2020-04-01,72.26,73.5,70.69,71.63,71.63,28029600,Financials,77.63199999999999,75.157,78.765,98.97219999999999,77.44115797431033,84.34026426441848,-6.899106290108151,-7.934626882964685,76.45,23379300.0,77.89,38111700.0,71.23,41525600.0,47.99538875368259,-8.03697522146618,0.5615611399691023,-0.06304774362328325,0.0624055431769124
JPM,2020-04-02,70.91,74.65,70.44,74.31,74.31,24018000,Financials,75.83200000000001,75.345,77.64200000000001,98.13719999999999,76.95944136287797,83.59728172631341,-6.637840363435444,-7.675269579058837,71.63,28029600.0,83.31,29826300.0,72.43,32175100.0,39.65517241379311,-10.803024846957143,2.5956095540521806,0.037414491134999395,0.06327193206663428
JPM,2020-04-03,73.78,75.05,71.01,72.11,72.11,21199400,Financials,74.77799999999999,75.466,76.659,97.2606,76.21337346089675,82.74637196880872,-6.5329985079119695,-7.446815364829464,74.31,24018000.0,77.38,30041500.0,70.9,30150800.0,47.405828002842924,-6.810545360558285,1.7066290550070473,-0.02960570582694122,0.06370651227549545
JPM,2020-04-06,76.35,78.06,75.24,76.75,76.75,26820800,Financials,74.25,76.43100000000001,76.52950000000001,96.53439999999999,76.29593138998955,82.30219626741548,-6.006264877425934,-7.158705267348759,72.11,21199400.0,79.39,21656900.0,67.1,32536600.0,47.461838835640755,-3.325355838266786,14.381520119225044,0.06434613784495902,0.06287619332387935
JPM,2020-04-07,81.03,81.07,77.54,77.76,77.76,22563800,Financials,74.512,76.69800000000001,76.142,95.8474,76.52117271460654,81.96573728464396,-5.4445645700374286,-6.815877127886493,76.75,26820800.0,76.45,23379300.0,75.09,34363200.0,56.66734735552378,1.7135382603008509,3.5557331202556997,0.013159609120521276,0.05130543837435689
JPM,2020-04-08,79.02,81.38,77.69,80.9,80.9,22903300,Financials,76.36600000000001,76.999,76.11300000000001,95.1824,77.19483845082091,81.88679378207775,-4.691955331256835,-6.391092768560562,77.76,22563800.0,71.63,28029600.0,77.89,38111700.0,58.31860145354547,12.94150495602402,3.8644241879573826,0.04038065843621408,0.051532544910175795
JPM,2020-04-09,83.15,89.56,83.12,88.16,88.16,42055900,Financials,79.136,77.484,76.78299999999999,94.666,78.88178638146384,82.35147572414606,-3.4696893426822157,-5.806812083384893,80.9,22903300.0,74.31,24018000.0,83.31,29826300.0,65.23658192090393,18.63813753196071,5.821630056415783,0.08974042027194051,0.0546397266152069
JPM,2020-04-13,88.46,88.46,83.48,84.24,84.24,26911900,Financials,81.562,78.16999999999999,76.5835,94.043,79.7061269381617,82.49136641124635,-2.785239473084644,-5.202497561324843,88.16,42055900.0,72.11,21199400.0,77.38,30041500.0,65.09866102889359,16.821522673692968,8.865339881106227,-0.04446460980036304,0.05091804197932571
JPM,2020-04-14,86.67,87.51,80.34,81.93,81.93,46151300,Financials,82.598,78.424,76.9285,93.43379999999999,80.04826125536759,82.44978371411699,-2.4015224587493975,-4.642302540809753,84.24,26911900.0,76.75,26820800.0,79.39,21656900.0,56.6953797963978,6.749185667752444,3.1993953898475924,-0.027421652421652287,0.051812041714987926
JPM,2020-04-15,78.2,78.96,77.33,77.89,77.89,30118600,Financials,82.624,78.568,76.8425,92.7266,79.71622106223411,82.11202195751574,-2.3958008952816243,-4.193002211704128,81.93,46151300.0,77.76,22563800.0,76.45,23379300.0,50.0,0.16718106995883275,1.8835840418574223,-0.04931038691565981,0.053032668033831123
JPM,2020-04-16,77.41,77.7,74.68,74.92,74.92,32449600,Financials,81.42800000000001,78.89699999999999,77.027,91.92739999999999,78.97834089881349,81.57927959029236,-2.6009386914788735,-3.8745895076590773,77.89,30118600.0,80.9,22903300.0,71.63,28029600.0,41.58812913575296,-7.391841779975284,4.593047605751788,-0.03813069713698802,0.05008169156467172
JPM,2020-04-17,78.93,82.1,78.04,81.66,81.66,30191900,Financials,80.128,79.632,77.4885,91.22399999999999,79.39090383745756,81.58525887990032,-2.1943550424427656,-3.538542614615815,74.92,32449600.0,88.16,42055900.0,74.31,24018000.0,54.2225730071034,-7.372958257713247,9.890997174000793,0.08996262680192202,0.05617552348234761
JPM,2020-04-20,79.33,81.25,77.61,78.68,78.68,23679400,Financials,79.01599999999999,80.289,77.87750000000001,90.4606,79.28153401631025,81.37005451842622,-2.088520502115969,-3.2485381921158463,81.66,30191900.0,84.24,26911900.0,72.11,21199400.0,49.31268151016457,-6.600189933523248,9.1110802939953,-0.036492774920401594,0.056765943825713365
JPM,2020-04-21,76.03,78.4,75.78,76.4,76.4,23035000,Financials,77.91,80.25399999999999,78.3425,89.6592,78.83822109072405,81.00190233187612,-2.1636812411520765,-3.031566801923092,78.68,23679400.0,81.93,46151300.0,76.75,26820800.0,49.95097077858404,-6.749664347613815,-0.4560260586319198,-0.028978139298423966,0.05449691764213499
JPM,2020-04-22,77.81,78.82,76.51,76.65,76.65,16662400,Financials,77.662,80.143,78.4205,88.85300000000001,78.50157169215112,80.6795391961816,-2.1779675040304767,-2.860846942344569,76.4,23035000.0,77.89,30118600.0,77.76,22563800.0,55.40715208961656,-1.5919887020156565,-1.4274691358024727,0.00327225130890052,0.05433812093305256
JPM,2020-04-23,76.99,78.31,76.58,76.69,76.69,16638800,Financials,78.01599999999999,79.72200000000001,78.3605,88.0432,78.2228683548971,80.38401777424222,-2.161149419345122,-2.72090743774468,76.65,16662400.0,74.92,32449600.0,80.9,22903300.0,52.71813613522156,2.362520021356107,-5.203955500618052,0.0005218525766470528,0.05246478934834859
JPM,2020-04-24,77.76,78.16,75.92,77.82,77.82,15809200,Financials,77.248,78.688,78.086,87.25599999999999,78.16088860798986,80.19409053170577,-2.0332019237159074,-2.5833663349389258,76.69,16638800.0,81.66,30191900.0,88.16,42055900.0,56.684617185670795,-4.702424687729612,-11.728675136116163,0.014734645977311223,0.04183911367245786
JPM,2020-04-27,78.88,82.04,78.54,81.18,81.18,22870200,Financials,77.748,78.382,78.27600000000001,86.5382,78.62536728368373,80.26712086269053,-1.641753579006803,-2.3950437837525014,77.82,15809200.0,78.68,23679400.0,84.24,26911900.0,55.34636736664254,3.177427554651757,-3.6324786324786196,0.04317656129529701,0.04334906590125833
JPM,2020-04-28,83.91,84.39,81.53,81.75,81.75,20238900,Financials,78.818,78.364,78.394,85.83879999999999,79.10608000927085,80.37696376175049,-1.2708837524796337,-2.170211777497928,81.18,22870200.0,76.4,23035000.0,81.93,46151300.0,54.8670407416443,7.002617801047117,-0.21969974368364342,0.007021433850701975,0.04254208588959449
JPM,2020-04-29,85.0,85.32,83.45,83.96,83.96,20462600,Financials,80.28,78.971,78.7695,85.21459999999999,79.85283693092148,80.64237385347268,-0.7895369225511928,-1.894076806508581,81.75,20238900.0,76.65,16662400.0,77.89,30118600.0,53.81927109335995,9.536855838225677,7.79304146873796,0.027033639143730914,0.03932303595634565
JPM,2020-04-30,82.02,83.08,81.12,82.16,82.16,19127600,Financials,81.374,79.69500000000001,79.296,84.523,80.2077850953951,80.75479060506729,-0.5470055096721893,-1.6246625471413028,83.96,20462600.0,76.69,16638800.0,74.92,32449600.0,41.329479768786115,7.132611813795808,9.663641217298435,-0.021438780371605515,0.03744680216165004
JPM,2020-05-01,80.22,80.42,78.79,80.0,80.0,18547700,Financials,81.81,79.529,79.5805,83.7882,80.175818157642,80.69888018987712,-0.5230620322351172,-1.4043424441600658,82.16,19127600.0,77.82,15809200.0,81.66,30191900.0,43.54445797807551,2.8013364173734345,-2.032819005633113,-0.026290165530671872,0.02617093198487629
JPM,2020-05-04,78.95,79.5,77.9,79.05,79.05,15725900,Financials,81.384,79.566,79.9275,83.06280000000001,80.0026153641586,80.57674091655288,-0.5741255523942783,-1.2382990658069082,80.0,18547700.0,81.18,22870200.0,78.68,23679400.0,45.425667090215995,-2.6237989652623916,0.47025927808843626,-0.01187500000000008,0.02356742777376217
JPM,2020-05-05,80.35,80.83,78.84,78.93,78.93,18064100,Financials,80.82000000000001,79.819,80.0365,82.397,79.8375976158265,80.45476010791933,-0.6171624920928309,-1.1140717510640927,79.05,15725900.0,81.75,20238900.0,76.4,23035000.0,51.8867924528302,-3.4495412844036566,3.311518324607321,-0.0015180265654647362,0.021204180812800514
JPM,2020-05-06,79.07,79.58,77.15,77.45,77.45,20978000,Financials,79.518,79.899,80.021,81.8018,79.47027490569934,80.23218528511049,-0.7619103794111481,-1.043639476733504,78.93,18064100.0,83.96,20462600.0,76.65,16662400.0,54.852320675105496,-7.753692234397325,1.0437051532941943,-0.018750791840871694,0.022339569590964354
JPM,2020-05-07,78.36,79.71,77.71,78.25,78.25,16771900,Financials,78.736,80.05499999999999,79.8885,81.2162,79.28254030482252,80.08535674547267,-0.8028164406501475,-0.9954748695168327,77.45,20978000.0,82.16,19127600.0,76.69,16638800.0,41.530054644808736,-4.759006815968836,2.0341635154518256,0.010329244673983107,0.022518054543703484
JPM,2020-05-08,79.62,80.71,79.02,79.53,79.53,20487800,Financials,78.64200000000001,80.226,79.45700000000001,80.7456,79.32061102715751,80.044219208771,-0.7236081816134856,-0.9411015319361633,78.25,16771900.0,80.0,18547700.0,77.82,15809200.0,52.306022788931074,-0.5874999999999964,2.1973785659213707,0.01635782747603831,0.022623711842269537
JPM,2020-05-11,78.17,78.17,76.64,77.19,77.19,31907600,Financials,78.27000000000001,79.827,79.1045,80.3176,78.99282471528713,79.83279556367685,-0.8399708483897257,-0.9208753952268758,79.53,20487800.0,79.05,15725900.0,81.18,22870200.0,52.136289886425075,-2.352941176470591,-4.9150036954915155,-0.029422859298378068,0.01952222934651171
JPM,2020-05-12,77.34,77.89,74.55,74.67,74.67,27962900,Financials,77.41799999999999,79.119,78.7415,79.7474,78.32777475908911,79.45036626266376,-1.1225915035746539,-0.9612186168964314,77.19,31907600.0,78.93,18064100.0,81.75,20238900.0,45.231213872832356,-5.397187381223878,-8.6605504587156,-0.03264671589584134,0.020827340290213898
JPM,2020-05-13,74.11,74.52,71.55,72.09,72.09,35451600,Financials,76.346,77.93199999999999,78.45150000000001,79.203,77.36811710384463,78.9051539469109,-1.537036843066275,-1.0763822621304002,74.67,27962900.0,77.45,20978000.0,83.96,20462600.0,40.128755364806864,-6.920593931568753,-14.137684611719859,-0.03455202892728004,0.01795398735109171
JPM,2020-05-14,70.97,75.59,70.69,75.09,75.09,35152500,Financials,75.714,77.225,78.46000000000001,78.66940000000001,77.01763754940698,78.62254995084342,-1.6049124014364367,-1.1820882899916076,72.09,35451600.0,78.25,16771900.0,82.16,19127600.0,44.576877234803355,-4.038338658146956,-8.60516066212268,0.04161464835622142,0.025088438812785642
JPM,2020-05-15,74.51,74.88,73.18,73.7,73.7,26099000,Financials,74.548,76.595,78.062,78.208,76.50723177257514,78.25791662115131,-1.7506848485761708,-1.2958076017085203,75.09,35152500.0,79.53,20487800.0,80.0,18547700.0,33.87931034482757,-7.330567081604422,-7.874999999999998,-0.01851111998934607,0.024597375019292614
JPM,2020-05-18,76.09,78.2,75.4,77.6,77.6,30504400,Financials,74.63000000000001,76.45,78.008,77.9246,76.67534996140974,78.20918205662159,-1.5338320952118494,-1.3434125004091864,73.7,26099000.0,77.19,31907600.0,79.05,15725900.0,42.17866566151524,0.5311568856069426,-1.834282099936757,0.052917232021709504,0.031105703667195846
JPM,2020-05-19,77.26,78.24,76.0,76.07,76.07,19597300,Financials,74.91,76.164,77.9915,77.8592,76.58221919811592,78.05072412650146,-1.468504928385542,-1.3684309860044577,77.6,30504400.0,74.67,27962900.0,78.93,18064100.0,34.73887814313345,1.8749162983795253,-3.623463828708995,-0.019716494845360866,0.031639954105939644
JPM,2020-05-20,77.82,79.26,77.53,78.35,78.35,20552400,Financials,76.16199999999999,76.254,78.0765,77.71600000000001,76.85418547532885,78.07289270972358,-1.2187072343947278,-1.3384862356825118,76.07,19597300.0,72.09,35451600.0,77.45,20978000.0,42.76490695024686,8.683589956998183,1.1620400258230967,0.02997239384777184,0.032718800645879474
JPM,2020-05-21,77.45,78.72,76.93,77.36,77.36,14621400,Financials,76.616,76.16499999999999,78.10999999999999,77.6336,76.93200309450903,78.02008584233664,-1.0880827478276132,-1.2884055381115322,78.35,20552400.0,75.09,35152500.0,78.25,16771900.0,44.75357710651828,3.0230390198428436,-1.1373801916932935,-0.012635609444798912,0.03284638494198913
JPM,2020-05-22,77.22,77.52,76.12,76.76,76.76,13557900,Financials,77.228,75.888,78.05699999999999,77.6736,76.90554107996917,77.92674615031171,-1.0212050703425462,-1.234965444557735,77.36,14621400.0,73.7,26099000.0,79.53,20487800.0,45.384925433293034,4.151967435549531,-3.4829624041242235,-0.007755946225439403,0.03233926753299716
JPM,2020-05-26,79.69,83.65,79.45,82.21,82.21,41233900,Financials,78.15,76.39,78.10849999999999,77.5532,77.72161168305084,78.24402421325159,-0.5224125302007536,-1.0924548616863388,76.76,13557900.0,77.6,30504400.0,77.19,31907600.0,55.44127405441273,5.940721649484537,6.50343308718746,0.07100052110474198,0.038292254061844375
JPM,2020-05-27,87.57,88.01,84.76,86.97,86.97,39402000,Financials,80.33,77.61999999999999,78.36949999999999,77.792,79.14444065488917,78.89039279004777,0.25404786484139663,-0.8231543163807917,82.21,41233900.0,76.07,19597300.0,74.67,27962900.0,64.2429682824656,14.328907585118976,16.472478907191636,0.057900498722783134,0.0385882247444305
JPM,2020-05-28,88.32,88.32,85.28,85.67,85.67,24713900,Financials,81.794,78.978,78.45500000000001,77.9132,80.1483728618293,79.3925859167109,0.7557869451184018,-0.5073660640809531,86.97,39402000.0,78.35,20552400.0,72.09,35451600.0,60.93750000000001,9.34269304403319,18.83756415591622,-0.014947683109118093,0.03615454538754624
JPM,2020-05-29,84.64,85.09,83.03,83.49,83.49,26526400,Financials,83.02000000000001,79.818,78.5215,78.1584,80.66246934462478,79.6960980710286,0.9663712735961809,-0.21261859654552628,85.67,24713900.0,77.36,14621400.0,75.09,35152500.0,55.686387133831126,7.923991726990698,11.186576108669577,-0.025446480681685646,0.03747950411767623
JPM,2020-06-01,83.86,85.37,83.55,84.59,84.59,15176800,Financials,84.586,80.907,78.751,78.4016,81.26670483006713,80.05860932502648,1.208095505040646,0.07152422377170817,83.49,26526400.0,76.76,13557900.0,73.7,26099000.0,61.01846337105421,10.20062532569046,14.776119402985067,0.013175230566534912,0.035991112223045275
JPM,2020-06-02,86.03,86.15,84.02,84.88,84.88,21195000,Financials,85.11999999999999,81.635,79.0425,78.6812,81.82259639467219,80.41574937502452,1.406847019647671,0.33858878294690076,84.59,15176800.0,82.21,41233900.0,77.6,30504400.0,66.28389154704945,3.2477800754166175,9.381443298969083,0.00342830121763793,0.03342440266683556
JPM,2020-06-03,87.15,90.01,86.7,89.46,89.46,25941100,Financials,85.61800000000001,82.974,79.56899999999999,79.1284,82.99758156472262,81.08569386576345,1.9118876989591769,0.6532485661493561,84.88,21195000.0,86.97,39402000.0,76.07,19597300.0,76.04197901049474,2.86305622628491,17.602208492178264,0.053958529688972634,0.03437577465202174
JPM,2020-06-04,89.07,91.46,88.19,91.32,91.32,26784700,Financials,86.748,84.27099999999999,80.2625,79.453,84.27795363168838,81.84379061644762,2.434163015240756,1.0094314559676363,89.46,25941100.0,85.67,24713900.0,78.35,20552400.0,75.19403911828624,6.595074121629496,16.553924696873,0.020791415157612292,0.03410837046707299
JPM,2020-06-05,98.6,99.32,93.97,95.43,95.43,42231000,Financials,89.136,86.078,81.1215,79.8038,85.99365307296709,82.85017649671076,3.143476576256333,1.4362404800253756,91.32,26784700.0,83.49,26526400.0,77.36,14621400.0,81.10506727741198,14.301113905857,23.358324715615318,0.045006570302233984,0.033608321551297206
JPM,2020-06-08,97.3,97.97,96.04,97.33,97.33,24881800,Financials,91.684,88.13499999999999,82.0115,80.0842,87.73770644635677,83.92275601547293,3.8149504308838402,1.9119824701970685,95.43,42231000.0,84.59,15176800.0,76.76,13557900.0,79.95748557546311,15.060881900933909,26.79781136008337,0.019909881588598966,0.032014009968639554
JPM,2020-06-09,94.93,95.77,93.52,94.84,94.84,17031100,Financials,93.676,89.398,82.89399999999999,80.4334,88.83036699307112,84.73144075506752,4.0989262380036,2.349371223758375,97.33,24881800.0,84.88,21195000.0,82.21,41233900.0,77.69253467099442,11.73421300659756,15.363094514049402,-0.025583067913284685,0.030971198054871536
JPM,2020-06-10,94.77,94.81,90.81,90.99,90.99,24913300,Financials,93.982,89.8,83.71000000000001,80.6654,89.16261822490634,85.19503773617363,3.9675804887327075,2.6730130767532416,94.84,17031100.0,89.46,25941100.0,86.97,39402000.0,67.82289904117316,1.7102615694164935,4.622283546050365,-0.04059468578658798,0.03140688146949955
JPM,2020-06-11,85.82,87.15,82.82,83.4,83.4,36259200,Financials,92.398,89.573,84.2755,80.8044,88.27606157492075,85.06207197793854,3.213989596982202,2.781208380799034,90.99,24913300.0,91.32,26784700.0,85.67,24713900.0,57.180218735140286,-8.672798948751625,-2.6497023462122016,-0.08341575997362338,0.041931217894841964
JPM,2020-06-12,86.4,86.76,83.5,85.68,85.68,24856800,Financials,90.44800000000001,89.792,84.80499999999999,81.08539999999999,87.8766674864714,85.10784442401717,2.7688230624542314,2.7787313171300734,83.4,36259200.0,95.43,42231000.0,83.49,26526400.0,60.196616369455874,-10.21691292046526,2.6230686309737905,0.027338129496402797,0.041956890398260074
JPM,2020-06-15,82.72,87.02,82.25,86.87,86.87,22153600,Financials,88.356,90.02000000000001,85.4635,81.3366,87.72179556547582,85.23837446668257,2.4834210987932437,2.7196692734627077,85.68,24856800.0,97.33,24881800.0,84.59,15176800.0,55.9017223910841,-10.746943388472197,2.6953540607636883,0.01388888888888884,0.041975964707014056
JPM,2020-06-16,90.4,90.67,85.2,87.56,87.56,22193600,Financials,86.9,90.288,85.9615,81.6456,87.696903940018,85.41034672840979,2.286557211608212,2.6330468610918087,86.87,22153600.0,94.84,17031100.0,84.88,21195000.0,50.8330979949167,-7.676086039645725,3.15739868049012,0.007942903188672634,0.04199970372124128
JPM,2020-06-17,87.96,87.97,85.12,85.35,85.35,15639800,Financials,85.772,89.877,86.42549999999999,81.8176,87.33584179539984,85.40587660037944,1.9299651950204009,2.492430527877527,87.56,22193600.0,90.99,24913300.0,89.46,25941100.0,49.55947136563876,-6.1984833498186624,-4.594232059020786,-0.025239835541343125,0.03886680599655693
JPM,2020-06-18,84.65,86.24,84.19,84.88,84.88,16591900,Financials,86.06800000000001,89.233,86.752,81.96,86.95801998072295,85.36692277812911,1.5910972025938435,2.3121638628207903,85.35,15639800.0,83.4,36259200.0,91.32,26784700.0,52.00809014735626,1.7745803357314127,-7.0521243977222925,-0.005506736965436465,0.03788049618424775
JPM,2020-06-19,86.25,86.31,82.99,83.91,83.91,40371200,Financials,85.71399999999998,88.08099999999999,87.07950000000001,82.0202,86.4890938298425,85.25900257234177,1.2300912575007317,2.095749341756779,84.88,16591900.0,85.68,24856800.0,95.43,42231000.0,49.013921113689086,-2.0658263305322278,-12.071675573718965,-0.011427898209236509,0.03325509129136781
JPM,2020-06-22,83.43,84.03,82.82,83.0,83.0,16216900,Financials,84.93999999999998,86.648,87.39150000000001,81.917,85.9523101637129,85.09166904846461,0.8606411152482849,1.8487276964550803,83.91,40371200.0,86.87,22153600.0,97.33,24881800.0,47.321937321937334,-4.454932657994714,-14.723106955717657,-0.010844952925753715,0.03131397019358716
JPM,2020-06-23,84.91,85.77,83.95,84.02,84.02,15381400,Financials,84.232,85.566,87.482,81.9126,85.65503167698783,85.01228615598575,0.6427455210020838,1.607531261364481,83.0,16216900.0,87.56,22193600.0,94.84,17031100.0,41.37603043753964,-4.04294198264048,-11.40868831716576,0.012289156626505982,0.03221529605703727
JPM,2020-06-24,83.0,83.08,80.91,81.21,81.21,22919800,Financials,83.404,84.588,87.194,81.8982,84.97118064975894,84.73063532961643,0.24054532014250185,1.3341340731200853,84.02,15381400.0,85.35,15639800.0,90.99,24913300.0,34.44136657433056,-4.850615114235501,-10.748433893834486,-0.03344441799571529,0.03157211862382873
JPM,2020-06-25,80.95,84.26,80.87,84.04,84.04,25743600,Financials,83.236,84.652,87.1125,82.02120000000001,84.82792208825757,84.67947715705225,0.14844493120531865,1.096996244737132,81.21,22919800.0,84.88,16591900.0,83.4,36259200.0,31.75264338353091,-0.9896324222431585,0.767386091127098,0.034847925132373,0.022093712403899284
JPM,2020-06-26,81.6,81.82,78.93,79.44,79.44,41896300,Financials,82.342,84.02799999999999,86.91,82.1116,83.9990109977564,84.29136773801133,-0.29235674025493097,0.8191256477387194,84.04,25743600.0,83.91,40371200.0,85.68,24856800.0,23.621350634031273,-5.327136217375761,-7.282913165266114,-0.054735840076154285,0.026097653868825028
JPM,2020-06-29,80.13,81.07,79.08,79.79,79.79,18499700,Financials,81.7,83.32,86.67,82.0742,83.3514708442554,83.95793309075124,-0.6064622464958376,0.5340080688918081,79.44,41896300.0,83.0,16216900.0,86.87,22153600.0,26.314132829713586,-3.8674698795180595,-8.150109358812019,0.004405840886203549,0.02540846659600575
JPM,2020-06-30,79.64,81.21,79.42,80.7,80.7,19137000,Financials,81.036,82.634,86.46099999999998,82.1146,82.9435522528315,83.71660471365855,-0.7730524608270599,0.27259596294803445,79.79,18499700.0,84.02,15381400.0,87.56,22193600.0,32.15400624349638,-3.951440133301587,-7.834627683873919,0.011404937962150585,0.025674620294342306
JPM,2020-07-01,81.41,82.11,79.81,80.01,80.01,18755700,Financials,80.796,82.1,85.9885,82.1868,82.49223652162665,83.44204140153569,-0.9498048799090384,0.028115794376619874,80.7,19137000.0,81.21,22919800.0,85.35,15639800.0,42.27086183310534,-1.4776505356483005,-6.256590509666071,-0.008550185873605898,0.024949006172746174
JPM,2020-07-02,82.07,82.26,79.64,80.27,80.27,27845600,Financials,80.042,81.639,85.436,82.2592,82.15035397983793,83.2070753717923,-1.056721391954369,-0.1888516428895779,80.01,18755700.0,84.04,25743600.0,84.88,16591900.0,36.41386238071319,-4.485959067110912,-5.431196983977382,0.0032495938007748304,0.025127356281429338
JPM,2020-07-06,81.8,82.47,80.98,82.3,82.3,18625300,Financials,80.614,81.478,84.77950000000001,82.3714,82.17337644447824,83.13988460351139,-0.9665081590331539,-0.3443829461182931,80.27,27845600.0,79.44,41896300.0,83.91,40371200.0,38.98795180722891,3.600201409869075,-1.9187224407102854,0.025289647439890484,0.026758982023975492
JPM,2020-07-07,81.28,81.52,79.7,79.98,79.98,25757200,Financials,80.652,81.176,83.912,82.4146,81.83593391455851,82.90581907732536,-1.0698851627668517,-0.48948338944800485,82.3,18625300.0,79.79,18499700.0,83.0,16216900.0,33.06523681858805,0.2381250783306088,-3.6385542168674623,-0.02818955042527327,0.02795936200449091
JPM,2020-07-08,79.95,80.86,79.53,80.82,80.82,18762200,Financials,80.676,80.85600000000001,83.211,82.4074,81.67963638924181,82.75131396048644,-1.071677571244635,-0.6059222258073309,79.98,25757200.0,80.7,19137000.0,84.02,15381400.0,39.219419324131366,0.14869888475834703,-3.808616995953351,0.010502625656414022,0.02785388490657477
JPM,2020-07-09,81.02,81.54,78.64,79.08,79.08,25600800,Financials,80.49,80.643,82.6155,82.354,81.27969232935845,82.47936477822819,-1.199672448869734,-0.7246722704198115,80.82,18762200.0,80.01,18755700.0,81.21,22919800.0,36.98384201077199,-1.1623547056618055,-2.622829700775764,-0.021529324424647278,0.026660967004248776
JPM,2020-07-10,79.7,83.89,79.59,83.4,83.4,28954200,Financials,81.11600000000001,80.57900000000001,82.6155,82.34280000000001,81.60589350945716,82.54755997984091,-0.9416664703837512,-0.7680711104125995,79.08,25600800.0,80.27,27845600.0,84.04,25743600.0,49.00507218103786,3.8993397284166065,-0.7615421227986641,0.054628224582701224,0.030221766971056666
JPM,2020-07-13,85.53,86.0,83.36,84.59,84.59,32079200,Financials,81.574,81.09400000000001,82.561,82.39140000000002,82.06498681569452,82.69885183318603,-0.6338650174915017,-0.74122989182838,83.4,28954200.0,82.3,18625300.0,79.44,41896300.0,53.06831339251255,2.7825030376670723,6.482880161127902,0.01426858513189444,0.023570817154766853
JPM,2020-07-14,85.22,86.59,83.72,85.08,85.08,42731700,Financials,82.594,81.623,82.4715,82.49300000000001,82.52883499789536,82.87523317887596,-0.34639818098060005,-0.662263549658824,84.59,32079200.0,79.98,25757200.0,79.79,18499700.0,52.088258471237204,6.376594148537129,6.6299034966787795,0.005792646884974495,0.023560890551406508
JPM,2020-07-15,87.4,87.75,85.46,86.4,86.4,22508400,Financials,83.71000000000001,82.193,82.4135,82.64,83.12439884437299,83.13632701747774,-0.011928173104749362,-0.5321964743480091,85.08,42731700.0,80.82,18762200.0,80.7,19137000.0,60.862285475094204,6.9042316258352,7.0631970260223165,0.0155148095909734,0.023687841588697835
JPM,2020-07-16,85.57,87.69,85.37,86.64,86.64,16886900,Financials,85.22200000000001,82.856,82.47800000000001,82.7942,83.66526056062331,83.39585834951642,0.2694022111068932,-0.37187673725702863,86.4,22508400.0,79.08,25600800.0,80.01,18755700.0,56.10328638497651,9.559939301972697,8.286464191976005,0.002777777777777768,0.023120451523555123
JPM,2020-07-17,86.63,86.7,85.02,85.04,85.04,16137700,Financials,85.55000000000001,83.333,82.486,82.946,83.87675893591204,83.5176466199226,0.35911231598943516,-0.22567892660773586,86.64,16886900.0,83.4,28954200.0,80.27,27845600.0,65.30054644808749,1.9664268585131817,5.9424442506540665,-0.0184672206832871,0.02461208945098522
JPM,2020-07-20,84.4,85.23,84.26,84.29,84.29,14458100,Financials,85.49000000000001,83.532,82.505,83.0668,83.94033448423326,83.57485798140982,0.3654765028234408,-0.10744784072150054,85.04,16137700.0,84.59,32079200.0,82.3,18625300.0,62.03208556149736,-0.3546518501004847,2.4179829890644156,-0.00881937911571029,0.024006916102609622
JPM,2020-07-21,84.65,86.67,84.58,86.12,86.12,17798100,Financials,85.69800000000001,84.146,82.661,83.1986,84.27566764050508,83.76338701982391,0.5122806206811674,0.01649785155903305,84.29,14458100.0,85.08,42731700.0,79.98,25757200.0,63.812436289500546,1.222378937470614,7.676919229807444,0.021710760469806578,0.021985920845361263
JPM,2020-07-22,86.33,86.74,84.49,85.49,85.49,14271200,Financials,85.51599999999999,84.613,82.7345,83.36460000000001,84.46248800350429,83.89128427761473,0.5712037258895606,0.12743902642513855,86.12,17798100.0,86.4,22508400.0,80.82,18762200.0,64.00817995910019,-1.0532407407407574,5.778272704776044,-0.007315373896888189,0.022445177353395976
JPM,2020-07-23,85.33,86.07,84.87,85.75,85.75,12870200,Financials,85.338,85.28,82.9615,83.5862,84.66056677219593,84.02896692371733,0.6315998484786007,0.228271190835831,85.49,14271200.0,86.64,16886900.0,79.08,25600800.0,64.00817995910022,-1.0272391505078526,8.434496712190187,0.0030412913791086904,0.020362442415928873
JPM,2020-07-24,86.28,86.46,84.84,85.14,85.14,12744200,Financials,85.35799999999999,85.454,83.0165,83.84719999999999,84.73432573031964,84.11126567010865,0.6230600602109888,0.3072289647108626,85.75,12870200.0,85.04,16137700.0,83.4,28954200.0,57.82800441014334,0.11759172154279796,2.08633093525179,-0.007113702623906648,0.012663878303761622
JPM,2020-07-27,84.47,84.58,83.31,83.94,83.94,11959100,Financials,85.28800000000001,85.38900000000001,83.2415,84.02420000000001,84.61212177180892,84.09857932417468,0.5135424476342365,0.3484916612955374,85.14,12744200.0,84.29,14458100.0,84.59,32079200.0,61.6333725029377,-0.41523312373947796,-0.7684123418843947,-0.014094432699083947,0.012820629437582227
JPM,2020-07-28,83.6,84.8,83.6,84.31,84.31,11754300,Financials,84.926,85.312,83.4675,84.23639999999999,84.56564149922293,84.11424011497655,0.4514013842463811,0.36907360588570615,83.94,11959100.0,86.12,17798100.0,85.08,42731700.0,60.5438066465257,-2.1017185322805387,-0.9050305594734298,0.004407910412199234,0.012750027951595518
JPM,2020-07-29,84.09,86.38,84.03,86.35,86.35,12743500,Financials,85.098,85.307,83.75,84.4114,84.84015819165016,84.27985195831162,0.5603062333385367,0.40732013137627227,84.31,11754300.0,85.49,14271200.0,86.4,22508400.0,71.57270029673589,1.005965610012871,-0.05787037037038312,0.024196417981259488,0.01420015892124068
JPM,2020-07-30,84.5,84.67,83.21,84.05,84.05,14834800,Financials,84.75800000000001,85.048,83.952,84.571,84.71859539293474,84.26282588732558,0.45576950560916885,0.41701000622285156,86.35,12743500.0,85.75,12870200.0,86.64,16886900.0,52.191503708698555,-1.9825072886297423,-2.989381348107112,-0.02663578459756799,0.016438234949123436
JPM,2020-07-31,83.58,83.97,82.51,83.72,83.72,14535000,Financials,84.47399999999999,84.916,84.1245,84.6784,84.56496533248324,84.2226165623385,0.3423487701447385,0.402077759007229,84.05,14834800.0,85.14,12744200.0,85.04,16137700.0,46.88618468146025,-1.667841202724929,-1.5522107243650107,-0.003926234384295069,0.015526934324610947
JPM,2020-08-03,84.05,84.52,83.03,83.25,83.25,12962800,Financials,84.33599999999998,84.812,84.172,84.79619999999998,84.36266297363966,84.15057089105417,0.2120920825854853,0.36408062372288025,83.72,14535000.0,83.94,11959100.0,84.29,14458100.0,43.44086021505377,-0.8220157255182214,-1.233835567683006,-0.005613951266125183,0.01539049338794831
JPM,2020-08-04,83.09,83.12,82.32,82.77,82.77,13366200,Financials,84.02799999999999,84.477,84.3115,84.9164,84.11763790077202,84.04830638060571,0.06933152016631539,0.30513080301156725,83.25,12962800.0,84.31,11754300.0,86.12,17798100.0,36.15560640732261,-1.8265923378009807,-3.889921040408739,-0.005765765765765818,0.013148142129504605
JPM,2020-08-05,83.05,85.3,82.92,84.21,84.21,15260900,Financials,83.6,84.349,84.481,84.95639999999999,84.13184745449941,84.06028368574603,0.07156376875337855,0.25841739615992954,82.77,13366200.0,86.35,12743500.0,85.49,14271200.0,41.50943396226413,-2.4782860451650235,-1.497251140484268,0.017397607828923523,0.01466599024342841
JPM,2020-08-06,84.53,84.98,83.63,84.24,84.24,10482100,Financials,83.63799999999999,84.19800000000001,84.739,84.90180000000001,84.14848630765334,84.0735960053204,0.07489030233294613,0.22171197739453286,84.21,15260900.0,84.05,14834800.0,85.75,12870200.0,46.860282574568245,0.22605591909576894,-1.7609329446064192,0.00035625222657653666,0.014599857568202798
JPM,2020-08-07,83.97,86.19,83.65,86.09,86.09,14743700,Financials,84.112,84.293,84.8735,84.9102,84.44718072186052,84.22295926418556,0.2242214576749575,0.2222138734506178,84.24,10482100.0,83.72,14535000.0,85.14,12744200.0,56.50289017341038,2.8308647873865223,1.1158092553441357,0.021961063627730315,0.016204233903089046
JPM,2020-08-10,86.72,88.4,86.66,87.18,87.18,14989900,Financials,84.898,84.61699999999999,85.003,84.98400000000001,84.8676144569589,84.44199931869034,0.42561513826856867,0.26289412641420795,86.09,14743700.0,83.25,12962800.0,83.94,11959100.0,54.045801526717554,4.720720720720739,3.8598999285203828,0.012661168544546353,0.015590354736833208
JPM,2020-08-11,89.97,91.97,89.67,89.94,89.94,31518600,Financials,86.33200000000001,85.17999999999999,85.246,85.09100000000001,85.6479814635806,84.84925862841698,0.7987228351636304,0.3700598681640925,87.18,14989900.0,82.77,13366200.0,84.31,11754300.0,64.60932370321734,8.662558898151506,6.677736923259392,0.031658637302133474,0.017898930355780145
JPM,2020-08-12,91.97,92.2,88.11,89.18,89.18,19240800,Financials,87.326,85.463,85.385,85.177,86.19136893072205,85.17005428557128,1.0213146451507669,0.5003108235614274,89.94,31518600.0,84.21,15260900.0,86.35,12743500.0,60.90273363000638,5.901911886949307,3.2773595830920765,-0.008450077829664115,0.017306153604399743
JPM,2020-08-13,88.36,89.54,88.05,88.68,88.68,13598600,Financials,88.214,85.926,85.487,85.1614,86.5742352490725,85.43005026441786,1.1441849846546432,0.6290856557800706,89.18,19240800.0,84.24,10482100.0,84.05,14834800.0,61.33162612035854,5.270655270655289,5.508625817965518,-0.005606638259699537,0.014266421670980817
JPM,2020-08-14,87.93,89.5,87.86,88.72,88.72,12134400,Financials,88.74000000000001,86.426,85.671,85.10940000000001,86.90435290306135,85.67375024483134,1.230602658230012,0.7493890562700589,88.68,13598600.0,86.09,14743700.0,83.72,14535000.0,66.52835408022133,3.0549425020327536,5.972288580984242,0.0004510599909786084,0.014011051240604368
JPM,2020-08-17,87.93,88.36,86.22,86.38,86.38,14988000,Financials,88.58,86.739,85.7755,84.9284,86.8236832256673,85.7260650415105,1.0976181841568007,0.8190348818474072,88.72,12134400.0,87.18,14989900.0,83.25,12962800.0,56.299452221545934,-0.9176416609314231,3.759759759759751,-0.026375112714156934,0.017104256115961104
JPM,2020-08-18,86.55,86.55,85.0,85.17,85.17,13246500,Financials,87.626,86.97900000000001,85.728,84.68520000000001,86.56927042171849,85.68487503843565,0.8843953832828362,0.8321069821344931,86.38,14988000.0,89.94,31518600.0,82.77,13366200.0,46.217948717948744,-5.303535690460304,2.899601304820587,-0.014007872192637105,0.017802304681400438
JPM,2020-08-19,85.69,87.14,85.19,85.37,85.37,13533000,Financials,86.864,87.095,85.722,84.4958,86.38476727991564,85.6615509615145,0.7232163184011426,0.810328849387823,85.17,13246500.0,89.18,19240800.0,84.21,15260900.0,54.88888888888892,-4.2722583538910115,1.3775086094288236,0.002348244687096379,0.017071491925327628
JPM,2020-08-20,84.26,84.92,83.86,84.35,84.35,13672600,Financials,85.998,87.106,85.652,84.36300000000001,86.0717261599286,85.56439903843935,0.5073271214892543,0.7497285038081093,85.37,13533000.0,88.68,13598600.0,84.24,10482100.0,52.21987315010569,-4.882724402345529,0.13057929724595851,-0.011947991097575383,0.017598343785345544
JPM,2020-08-21,84.26,85.39,83.98,84.31,84.31,12228300,Financials,85.116,86.92800000000001,85.6105,84.38119999999999,85.80069136609343,85.47148059114754,0.3292107749458921,0.6656249580356659,84.35,13672600.0,88.72,12134400.0,86.09,14743700.0,53.85174418604652,-4.970694319206492,-2.0676036705773004,-0.0004742145820982868,0.015871004468915144
JPM,2020-08-24,85.29,86.81,84.39,86.68,86.68,17898300,Financials,85.17600000000002,86.878,85.7475,84.4012,85.93596961746367,85.56100054735883,0.3749690701048394,0.6074937804495005,84.31,12228300.0,86.38,14988000.0,87.18,14989900.0,62.49201277955276,0.3473026163463899,-0.5735260380821283,0.028110544419404526,0.018055565527105168
JPM,2020-08-25,87.73,88.34,86.46,87.06,87.06,13648900,Financials,85.554,86.59,85.885,84.405,86.1088973686231,85.67203754385076,0.4368598247723412,0.5733669893140687,86.68,17898300.0,85.17,13246500.0,89.94,31518600.0,59.766963673749174,2.2190912293061027,-3.2021347565043268,0.00438394093216421,0.014349484650866417
JPM,2020-08-26,86.58,86.86,85.81,85.84,85.84,12052400,Financials,85.648,86.256,85.8595,84.3706,86.06752854268109,85.68447920726923,0.3830493354118545,0.5353034585336259,87.06,13648900.0,85.37,13533000.0,89.18,19240800.0,55.06970849176175,0.5505446878294462,-3.7452343574792546,-0.014013324144268258,0.01468150617946921
JPM,2020-08-27,85.76,88.92,85.76,88.66,88.66,22163900,Financials,86.51,86.254,86.09,84.43679999999999,86.46637030534554,85.90488815487892,0.5614821504666168,0.5405391969202241,85.84,12052400.0,84.35,13672600.0,88.68,13598600.0,57.67164179104476,5.109662122110259,-0.022552999548952624,0.03285181733457598,0.018635166328853075
JPM,2020-08-28,89.35,89.44,88.2,89.03,89.03,13756700,Financials,87.454,86.285,86.35549999999999,84.51979999999999,86.86077487375391,86.13637792118418,0.7243969525697338,0.577310748050126,88.66,22163900.0,84.31,12228300.0,88.72,12134400.0,55.77043044291951,5.5983869054679225,0.3494138863841423,0.004173246108730044,0.018679352655925147
JPM,2020-08-31,88.47,88.52,86.65,86.79,86.79,14219400,Financials,87.476,86.326,86.5325,84.5774,86.84988643163793,86.18479437146684,0.6650920601710908,0.594867010474319,89.03,13756700.0,86.68,17898300.0,86.38,14988000.0,39.845261121856886,0.12690355329949554,0.47464690900673734,-0.02516005840727842,0.018488047922606676
JPM,2020-09-01,86.24,87.38,85.8,86.75,86.75,11595600,Financials,87.414,86.484,86.7315,84.6524,86.83451928830902,86.22666145506189,0.607857833247138,0.5974651750288829,86.79,14219400.0,87.06,13648900.0,85.17,13246500.0,41.78498985801214,-0.35607626923960245,1.855113302806144,-0.0004608825901601943,0.01777932166436354
JPM,2020-09-02,86.59,88.31,86.25,88.06,88.06,14475700,Financials,87.858,86.753,86.924,84.7332,87.02305478241533,86.36246431024249,0.6605904721728422,0.6100902344576747,86.75,11595600.0,85.84,12052400.0,85.37,13533000.0,48.0128205128205,2.5862068965517127,3.150989809066407,0.015100864553314164,0.018259451683438725
JPM,2020-09-03,89.51,90.95,87.18,87.78,87.78,23281200,Financials,87.68199999999999,87.096,87.10100000000001,84.86460000000001,87.13950789281297,86.46746695392822,0.6720409388847486,0.6224803753430895,88.06,14475700.0,88.66,22163900.0,84.35,13672600.0,47.03282828282829,-0.992555831265507,4.066390041493784,-0.0031796502384737746,0.017648509967603483
JPM,2020-09-04,90.14,91.14,87.82,89.68,89.68,26325500,Financials,87.81200000000001,87.63300000000001,87.28049999999999,84.9774,87.5303528323802,86.70543236474836,0.8249204676318413,0.6629683938008399,87.78,23281200.0,89.03,13756700.0,84.31,12228300.0,60.71428571428575,0.7300909805683542,6.3693512038904165,0.02164502164502169,0.018377938011836133
JPM,2020-09-08,89.21,89.72,86.18,86.56,86.56,22108600,Financials,87.766,87.62100000000001,87.2495,85.1198,87.38106778124478,86.69465959698923,0.6864081842555549,0.6676563518917831,89.68,26325500.0,86.79,14219400.0,86.68,17898300.0,54.01502021952628,-0.26500748934209506,-0.13844023996308907,-0.03479036574487071,0.020716293931354154
JPM,2020-09-09,87.32,88.09,86.25,87.38,87.38,13434000,Financials,87.89200000000001,87.65299999999999,87.1215,85.27159999999999,87.38090350720711,86.7454255527678,0.6354779544393097,0.6612206724012885,86.56,22108600.0,86.75,11595600.0,87.06,13648900.0,55.60513106525374,0.726224783861662,0.3675626005053889,0.009473197781885379,0.020896186665036384
JPM,2020-09-10,87.84,88.73,86.32,86.48,86.48,15922800,Financials,87.576,87.717,86.9865,85.38719999999999,87.24230296763679,86.72576440071093,0.5165385669258598,0.6322842513062028,87.38,13434000.0,88.06,14475700.0,85.84,12052400.0,55.979786636720966,-1.794231205995911,0.7455731593662529,-0.010299839780269937,0.020639770919573495
JPM,2020-09-11,86.6,87.81,86.27,87.56,87.56,13784300,Financials,87.53200000000001,87.607,86.9305,85.5382,87.29117943415422,86.7875596302879,0.5036198038663144,0.6065513618182252,86.48,15922800.0,87.78,23281200.0,88.66,22163900.0,58.62068965517242,-0.25062656641603454,-1.2406947890818754,0.012488436632747346,0.01797327299870195
JPM,2020-09-14,87.94,89.63,87.82,88.77,88.77,19017400,Financials,87.35,87.581,86.93299999999999,85.70819999999999,87.51869029043819,86.93440706508139,0.5842832253567991,0.6020977345259401,87.56,13784300.0,89.68,26325500.0,89.03,13756700.0,55.907292255511564,-1.0147190008920726,-0.2920363922273461,0.013819095477386911,0.01853775209481224
JPM,2020-09-15,88.99,89.1,85.88,86.01,86.01,23683000,Financials,87.24,87.503,86.9145,85.7824,87.28658409190925,86.86593246766795,0.42065162424130165,0.5658085124690124,88.77,19017400.0,86.56,22108600.0,86.79,14219400.0,47.384155455904335,-0.6353974121996231,-0.8987210508123122,-0.031091584994930588,0.019497452133969962
JPM,2020-09-16,86.14,87.61,85.55,86.37,86.37,19270600,Financials,87.03800000000001,87.465,86.9745,85.9102,87.14557115469245,86.82919672932218,0.3163744253702703,0.515921695049264,86.01,23683000.0,87.38,13434000.0,86.75,11595600.0,51.379489849036965,-1.1558709086747387,-0.43804034582132223,0.004185559818625784,0.019559831655992996
JPM,2020-09-17,85.5,86.06,84.65,85.38,85.38,18290100,Financials,86.81800000000001,87.197,86.975,86.00139999999999,86.8739448232013,86.72184882344645,0.15209599975484878,0.44315655599038095,86.37,19270600.0,86.48,15922800.0,88.06,14475700.0,40.56386651323359,-1.2719703977798424,-3.043379513967759,-0.011462313303230443,0.019037964483979816
JPM,2020-09-18,84.8,86.19,84.41,85.2,85.2,20121600,Financials,86.346,86.93900000000001,87.0175,86.12379999999999,86.6164148504011,86.60911928096894,0.007295569432159255,0.3559843586787366,85.38,18290100.0,87.56,13784300.0,87.78,23281200.0,38.859802210587546,-2.6952946550936496,-2.93916609706083,-0.0021082220660575413,0.019039363495626915
JPM,2020-09-21,82.47,83.21,81.28,82.57,82.57,28378800,Financials,85.10600000000001,86.228,86.93050000000001,86.1072,85.99388948880093,86.30992526015643,-0.31603577135550154,0.22158033267188904,85.2,20121600.0,88.77,19017400.0,89.68,26325500.0,37.997724687144434,-6.984341556832263,-7.928189116859963,-0.03086854460093913,0.01878389343873155
JPM,2020-09-22,82.26,82.87,81.15,81.67,81.67,19257000,Financials,84.238,85.739,86.67999999999999,86.04880000000001,85.3286757212931,85.96622709273744,-0.6375513714443457,0.04975399184864207,82.57,28378800.0,86.01,23683000.0,86.56,22108600.0,36.22559652928416,-5.045924892454368,-5.649260628465802,-0.010899842557829609,0.016371551240621368
JPM,2020-09-23,82.11,82.6,80.27,80.34,80.34,19952700,Financials,83.032,85.035,86.34400000000001,85.954,84.56118714878646,85.54946953031245,-0.9882823815259911,-0.15785328282628458,81.67,19257000.0,86.37,19270600.0,87.38,13434000.0,29.089924160346683,-6.981590830149353,-8.056763561455703,-0.016285049589812695,0.015737193438624023
JPM,2020-09-24,79.98,81.69,79.16,80.27,80.27,18366500,Financials,82.00999999999999,84.414,86.06550000000001,85.83139999999999,83.90100451051163,85.15839771325226,-1.25739320274063,-0.3777612668091537,80.34,19952700.0,85.38,18290100.0,86.48,15922800.0,29.42465753424655,-5.985008198641372,-7.180851063829796,-0.0008712969878019727,0.015882656682623057
JPM,2020-09-25,79.74,81.19,79.59,80.97,80.97,13293100,Financials,81.164,83.755,85.681,85.71800000000002,83.45008073966368,84.84814603078914,-1.3980652911254623,-0.5818220716724154,80.27,18366500.0,85.2,20121600.0,87.56,13784300.0,24.457478005865042,-4.964788732394377,-7.526267702147105,0.008720568082720925,0.0153981062578731
JPM,2020-09-28,82.35,83.97,81.73,83.3,83.3,20894100,Financials,81.31,83.208,85.39450000000001,85.6832,83.42699139510003,84.73346854702697,-1.3064771519269414,-0.7267530877233206,80.97,13293100.0,82.57,28378800.0,88.77,19017400.0,39.97539975399751,0.8840983408017422,-6.161991663850397,0.02877608990984304,0.018192072956083053
JPM,2020-09-29,83.19,83.19,81.72,82.6,82.6,12848200,Financials,81.496,82.86699999999999,85.185,85.6494,83.29976194970003,84.57543383983979,-1.275671890139762,-0.8365368482066089,83.3,20894100.0,81.67,19257000.0,86.01,23683000.0,35.19206939281287,1.1387290314680998,-3.9646552726427253,-0.008403361344537896,0.016027473592172124
JPM,2020-09-30,82.6,84.2,82.52,83.4,83.4,16400600,Financials,82.108,82.57,85.01750000000001,85.595,83.31518318820771,84.48836466651832,-1.1731814783106103,-0.9038657742274092,82.6,12848200.0,80.34,19952700.0,86.37,19270600.0,40.3990024937656,3.808812546676621,-3.4386939909690883,0.009685230024213176,0.01642597802720416
JPM,2020-10-01,84.13,84.7,83.19,84.0,84.0,15778700,Financials,82.854,82.43199999999999,84.8145,85.56519999999999,83.42053962079113,84.4521895060355,-1.031649885244363,-0.9294225964307999,83.4,16400600.0,80.27,18366500.0,85.38,18290100.0,38.560411311053976,4.646816992649816,-1.6163035839775075,0.007194244604316502,0.016464400224436886
JPM,2020-10-02,82.51,85.41,82.38,84.8,84.8,15149600,Financials,83.62,82.392,84.6655,85.54619999999998,83.63276429451557,84.47795324632916,-0.8451889518135971,-0.9125758675073594,84.0,15778700.0,80.97,13293100.0,85.2,20121600.0,36.8976897689769,4.730146968012838,-0.46948356807512415,0.00952380952380949,0.01682409750876544
JPM,2020-10-05,85.96,86.78,85.27,86.59,86.59,13871900,Financials,84.27799999999999,82.79400000000001,84.511,85.57520000000001,84.08772363382087,84.63440115400849,-0.5466775201876146,-0.8393961980434105,84.8,15149600.0,83.3,20894100.0,82.57,28378800.0,52.04513399153737,3.9495798319327813,4.868596342497278,0.02110849056603792,0.014164232997723106
JPM,2020-10-06,87.49,88.18,85.26,85.7,85.7,19220400,Financials,84.898,83.197,84.46799999999999,85.61039999999998,84.33576615169459,84.7133344018597,-0.37756825016511186,-0.7470306084677508,86.59,13871900.0,82.6,12848200.0,81.67,19257000.0,47.72263766145479,3.7530266343825724,4.9344924696951065,-0.010278323132001388,0.014088582386784888
JPM,2020-10-07,86.52,87.74,86.27,87.2,87.2,16358500,Financials,85.65799999999999,83.88300000000001,84.459,85.6682,84.77641751297233,84.8975318535738,-0.12111434060146564,-0.6218473548944938,85.7,19220400.0,83.4,16400600.0,80.34,19952700.0,55.97897503285153,4.55635491606714,8.538710480458045,0.0175029171528589,0.012387746646940893
JPM,2020-10-08,87.88,89.11,87.35,88.99,88.99,15659000,Financials,86.65599999999999,84.75500000000001,84.5845,85.721,85.42466097251506,85.20067764219796,0.22398333031709683,-0.45268121785217574,87.2,16358500.0,84.0,15778700.0,80.27,18366500.0,61.2596553773024,5.940476190476174,10.863336240189359,0.02052752293577975,0.01247616953154269
JPM,2020-10-09,89.18,89.28,87.53,88.48,88.48,13689100,Financials,87.39200000000001,85.506,84.63050000000001,85.80959999999999,85.89471313058966,85.44359040944256,0.45112272114710095,-0.27192043005232047,88.99,15659000.0,84.8,15149600.0,80.97,13293100.0,70.08837525492866,4.339622641509444,9.275040138322833,-0.005730981009102076,0.013492503968958038
JPM,2020-10-12,88.39,90.06,88.18,89.57,89.57,16058000,Financials,87.988,86.13300000000001,84.6705,85.9266,86.46014187972972,85.74925037911349,0.7108915006162277,-0.07535804391861084,88.48,13689100.0,86.59,13871900.0,83.3,20894100.0,76.51006711409394,3.4415059475690013,7.527010804321721,0.01231916817359835,0.01169500610684803
JPM,2020-10-13,90.06,90.25,87.66,88.11,88.11,21697300,Financials,88.47,86.684,84.7755,86.02380000000001,86.71396620592515,85.92412072140138,0.7898454845237666,0.09768266176986465,89.57,16058000.0,85.7,19220400.0,82.6,12848200.0,75.84830339321358,2.812135355892642,6.670702179176757,-0.016300100480071356,0.013063096994580891
JPM,2020-10-14,88.33,89.12,87.52,87.63,87.63,15204100,Financials,88.556,87.107,84.8385,86.12100000000001,86.85489448193667,86.05048214944573,0.8044123324909407,0.23902859591407988,88.11,21697300.0,87.2,16358500.0,83.4,16400600.0,73.83419689119174,0.4931192660550421,5.071942446043143,-0.0054477357848145,0.013528460437969965
JPM,2020-10-15,86.65,88.99,86.59,88.94,88.94,17171200,Financials,88.546,87.601,85.01650000000001,86.2156,87.1756799462541,86.26452050874605,0.9111594375080614,0.3734547642328762,87.63,15204100.0,88.99,15659000.0,84.0,15778700.0,74.8286604361371,-0.05618608832452798,5.880952380952387,0.01494921830423368,0.01388316952247047
JPM,2020-10-16,88.67,89.47,88.06,88.75,88.75,13275000,Financials,88.6,87.996,85.194,86.3058,87.41788303144578,86.44863010069079,0.9692529307549904,0.4926143975372991,88.94,17171200.0,88.48,13689100.0,84.8,15149600.0,69.59022286125094,0.30515370705244127,4.6580188679245405,-0.00213627164380481,0.014026202478132624
JPM,2020-10-19,88.83,89.07,87.05,87.26,87.26,11725700,Financials,88.138,88.06299999999999,85.4285,86.3292,87.39359333430028,86.50873157471369,0.8848617595865846,0.5710638699471562,88.75,13275000.0,89.57,16058000.0,86.59,13871900.0,65.85034013605448,-2.5789885006140323,0.7737614043192176,-0.01678873239436618,0.014204193358050506
JPM,2020-10-20,87.7,88.98,87.54,87.76,87.76,11257100,Financials,88.068,88.269,85.733,86.3408,87.44996359056177,86.6014181247349,0.8485454658268594,0.6265601891230969,87.26,11725700.0,88.11,21697300.0,85.7,19220400.0,65.13888888888893,-0.39723073430938394,2.4037339556592707,0.005730002292000824,0.0137024190964409
JPM,2020-10-21,87.75,88.3,86.85,86.88,86.88,10730500,Financials,87.91799999999999,88.237,86.05999999999999,86.27960000000002,87.3622768843215,86.62205381919898,0.740223065122521,0.6492927643229818,87.76,11257100.0,87.63,15204100.0,87.2,16358500.0,59.809264305177116,-0.8558712769599408,-0.3669724770642313,-0.010027347310847867,0.013097061735676478
JPM,2020-10-22,86.84,90.27,86.83,89.95,89.95,14837200,Financials,88.12,88.333,86.544,86.295,87.76038813288743,86.86856835111017,0.891819781777258,0.697798167813837,86.88,10730500.0,88.94,17171200.0,88.99,15659000.0,65.19174041297939,1.135597031706781,1.0787728958310039,0.035336095764272546,0.016185497142550628
JPM,2020-10-23,90.49,91.32,89.99,90.76,90.76,15087600,Financials,88.522,88.56099999999999,87.03349999999999,86.33660000000002,88.22186688167398,87.15682254732424,1.0650443343497358,0.7712474011210168,89.95,14837200.0,88.75,13275000.0,88.48,13689100.0,63.05572949279902,2.264788732394374,2.5768535262206127,0.009005002779321813,0.01615612183804702
JPM,2020-10-26,89.75,89.79,87.65,88.52,88.52,12410700,Financials,88.774,88.45599999999999,87.2945,86.3326,88.26773351526259,87.25779865492984,1.0099348603327485,0.8189848929633632,90.76,15087600.0,87.26,11725700.0,89.57,16058000.0,58.14087759815241,1.4439605775842246,-1.1722675002791116,-0.024680475980608296,0.017847433680686392
JPM,2020-10-27,87.88,88.24,86.7,86.85,86.85,10391700,Financials,88.59200000000001,88.33,87.507,86.34200000000001,88.04962066676065,87.22759134715727,0.8220293196033737,0.8195937782913654,88.52,12410700.0,87.76,11257100.0,88.11,21697300.0,48.99942824471124,-1.0369188696444986,-1.430030643513791,-0.018865793041120682,0.01810778930834041
JPM,2020-10-28,85.25,85.95,84.0,84.41,84.41,16389500,Financials,88.098,88.008,87.55749999999999,86.3268,87.48967902572053,87.01888087699747,0.4707981487230626,0.7498346523777049,86.85,10391700.0,86.88,10730500.0,87.63,15204100.0,37.37596471885337,-2.8430018416206293,-3.6745406824146953,-0.02809441565918247,0.020002258465166362
JPM,2020-10-29,84.04,85.67,83.27,84.96,84.96,14208800,Financials,87.1,87.61,87.60549999999999,86.3186,87.10049763714814,86.86637118240508,0.2341264547430626,0.6466930128507764,84.41,16389500.0,89.95,14837200.0,88.94,17171200.0,40.31903190319029,-5.547526403557546,-4.474926917022715,0.006515815661651381,0.019300770802848224
JPM,2020-10-30,85.61,86.05,84.14,85.72,85.72,15194500,Financials,86.092,87.307,87.6515,86.34599999999999,86.88811338527918,86.78145479852321,0.10665858675596951,0.538686127631815,84.96,14208800.0,90.76,15087600.0,88.75,13275000.0,39.215686274509835,-5.553107095636856,-3.4140845070422587,0.00894538606403028,0.019757940441874733
JPM,2020-11-02,86.9,88.2,85.56,87.65,87.65,15011600,Financials,85.91799999999999,87.34599999999999,87.70450000000001,86.4128,87.00532671062085,86.84579148011409,0.1595352305067621,0.4628559482068044,85.72,15194500.0,88.52,12410700.0,87.26,11725700.0,48.74454148471618,-0.9828287392679491,0.4469401787760674,0.02251516565562306,0.02066341195237788
JPM,2020-11-03,90.07,91.58,89.78,90.41,90.41,17482600,Financials,86.63000000000001,87.61099999999999,87.94,86.4874,87.52912260129457,87.10980692603157,0.4193156752630074,0.4541478936180451,87.65,15011600.0,86.85,10391700.0,87.76,11257100.0,56.74757281553398,4.0990213010938525,3.0195989061075457,0.03148887621220764,0.022857744525700375
JPM,2020-11-04,88.31,89.24,86.5,87.65,87.65,18886500,Financials,87.27799999999999,87.688,87.9625,86.4992,87.54771912417233,87.149821227807,0.3978978963653361,0.44289789416750336,90.41,17482600.0,84.41,16389500.0,86.88,10730500.0,47.07482993197281,3.838407771591057,0.8862799263351873,-0.030527596504811294,0.0249964830173209
JPM,2020-11-05,88.36,91.89,88.31,91.24,91.24,17837400,Financials,88.534,87.81700000000001,88.075,86.6072,88.11576233583813,87.45279743315461,0.6629649026835125,0.48691129587070525,87.65,18886500.0,84.96,14208800.0,89.95,14837200.0,54.8919449901768,7.391713747645956,1.4341300722623629,0.0409583571021106,0.02589748463863949
JPM,2020-11-06,91.83,91.89,89.52,90.02,90.02,12552800,Financials,89.39399999999999,87.74300000000001,88.152,86.6344,88.40872197647842,87.64296058625428,0.7657613902241422,0.5426813147413927,91.24,17837400.0,85.72,15194500.0,90.76,15087600.0,55.480540111199346,5.01633224451703,-0.8153371529308173,-0.0133713283647523,0.02616400041735047
JPM,2020-11-09,98.94,103.96,96.48,102.21,102.21,47792400,Financials,92.306,89.112,88.784,86.898,90.53199551855866,88.72200054282803,1.809994975730632,0.7961440469392407,90.02,12552800.0,87.65,15011600.0,88.52,12410700.0,69.59587740710603,16.611523103251557,15.465431540894702,0.13541435236614086,0.048864539628803424
JPM,2020-11-10,102.6,102.69,100.28,101.88,101.88,20539300,Financials,94.6,90.615,89.4725,87.1998,92.27784236185732,89.6966671692852,2.5811751925721182,1.153150276065816,102.21,47792400.0,90.41,17482600.0,86.85,10391700.0,70.64977973568281,12.68664970689084,17.30569948186529,-0.0032286469034340515,0.04788302620659067
JPM,2020-11-11,102.2,102.26,99.64,100.36,100.36,14443400,Financials,97.142,92.21000000000001,90.10900000000001,87.472,93.52125122926388,90.48654367526409,3.0347075539997945,1.5294617316526118,101.88,20539300.0,87.65,18886500.0,84.41,16389500.0,64.969801553063,14.500855675984026,18.89586541878925,-0.014919513152728658,0.04666836416144198
JPM,2020-11-12,98.39,99.64,97.98,99.12,99.12,22063000,Financials,98.71799999999999,93.626,90.618,87.69320000000002,94.38259719399252,91.12605895857786,3.2565382354146664,1.8748770324050228,100.36,14443400.0,91.24,17837400.0,84.96,14208800.0,61.87500000000001,8.636562911003963,16.666666666666675,-0.01235552012754082,0.04757414336415635
JPM,2020-11-13,100.29,100.43,99.3,99.74,99.74,11847900,Financials,100.662,95.02799999999999,91.16749999999999,87.9324,95.20681301030136,91.76412866534987,3.4426843449514877,2.188438494914316,99.12,22063000.0,90.02,12552800.0,85.72,15194500.0,66.7063728409768,10.797600533214835,16.355576294913664,0.00625504439063751,0.047629136605755996
JPM,2020-11-16,102.99,103.7,101.19,102.56,102.56,19858600,Financials,100.732,96.519,91.93249999999999,88.19,96.33807254717807,92.56382283828692,3.7742497088911477,2.5056007377096825,99.74,11847900.0,102.21,47792400.0,87.65,15011600.0,72.61733371724738,0.34243224733392363,17.010838562464347,0.02827351112893539,0.04774832217172785
JPM,2020-11-17,100.89,101.81,100.18,101.52,101.52,14553200,Financials,100.66,97.63000000000001,92.62049999999999,88.4892,97.13529215530451,93.22724336878419,3.9080487865203253,2.7860903474718115,102.56,19858600.0,101.88,20539300.0,90.41,17482600.0,75.66756675667568,-0.35335689045936647,12.288463665523718,-0.010140405616224757,0.04813838768421069
JPM,2020-11-18,102.59,103.7,100.72,100.77,100.77,12571200,Financials,100.742,98.942,93.315,88.75699999999999,97.69447797756536,93.78596608220758,3.908511895357776,3.0105746570490046,101.52,14553200.0,100.36,14443400.0,87.65,18886500.0,73.5759021771548,0.40852929453965015,14.968625213918973,-0.007387706855791931,0.046356175091727646
JPM,2020-11-19,99.83,101.26,99.29,101.04,101.04,10202500,Financials,101.126,99.922,93.8695,89.0482,98.20917367332453,94.32330192797,3.8858717453545353,3.1856340747101113,100.77,12571200.0,99.12,22063000.0,91.24,17837400.0,73.18401937046008,1.937046004842613,10.740903112669887,0.002679368859779707,0.04554319825804776
JPM,2020-11-20,100.05,101.12,99.75,100.17,100.17,12718900,Financials,101.212,100.93699999999998,94.34,89.3004,98.51083926204383,94.75639067404629,3.754448587997544,3.299396977367598,101.04,10202500.0,99.74,11847900.0,90.02,12552800.0,69.57473420888056,0.43112091437738087,11.275272161741846,-0.008610451306413358,0.04528284796351877
JPM,2020-11-23,101.47,103.32,101.05,103.06,103.06,13209200,Financials,101.312,101.022,95.06700000000001,89.5862,99.21071014480633,95.37147284633916,3.839237298467168,3.4073650415875125,100.17,12718900.0,102.56,19858600.0,102.21,47792400.0,69.6979134226098,0.4875195007800315,0.8316211720966749,0.028850953379255362,0.015938866063710953
JPM,2020-11-24,104.98,107.98,104.67,107.82,107.82,20121600,Financials,102.572,101.61600000000001,96.1155,90.0224,100.53521627637458,96.29358596883256,4.2416303075420245,3.5742180947784155,103.06,13209200.0,101.52,14553200.0,101.88,20539300.0,79.56610964526531,6.205673758865249,5.830388692579502,0.04618668736658238,0.021270637675735185
JPM,2020-11-25,106.12,107.0,105.33,106.69,106.69,11715600,Financials,103.756,102.249,97.2295,90.42880000000001,101.48210608000926,97.063690711882,4.418415368127256,3.743057549448184,107.82,20121600.0,100.77,12571200.0,100.36,14443400.0,74.40758293838863,5.874764314776226,6.307293742526898,-0.010480430346874403,0.020830013736970614
JPM,2020-11-27,106.67,106.97,105.86,105.99,105.99,5983600,Financials,104.74600000000001,102.93599999999999,98.28099999999999,90.84100000000001,102.17562822154629,97.72489880729815,4.450729414248144,3.8845919224081764,106.69,11715600.0,101.04,10202500.0,99.12,22063000.0,75.65049791198201,4.899049881235151,6.930992736077468,-0.006561064767082181,0.020327081324421983
JPM,2020-11-30,104.92,105.55,102.97,103.07,103.07,14411800,Financials,105.326,103.269,99.1485,91.1984,102.31322387976994,98.12083222897976,4.192391650790171,3.9461518680845753,105.99,5983600.0,100.17,12718900.0,99.74,11847900.0,51.96706312900275,2.8950783667764712,3.3386805694806565,-0.027549768846117595,0.02307294969279403
JPM,2020-12-01,105.22,106.3,104.6,104.69,104.69,12668900,Financials,105.652,103.482,100.00049999999999,91.6408,102.6788817444207,98.60743724905535,4.0714444953653555,3.9712103935407312,103.07,14411800.0,103.06,13209200.0,102.56,19858600.0,56.06911447084234,1.5816029497380146,2.0768330733229368,0.015717473561657203,0.02188778990056489
JPM,2020-12-02,104.66,106.94,104.28,106.7,106.7,10811300,Financials,105.428,104.0,100.815,92.14139999999999,103.29751532220214,99.20688634171792,4.090628980484226,3.9950941109294305,104.69,12668900.0,107.82,20121600.0,101.52,14553200.0,63.40947546531303,-1.0387683175663076,5.102442868400314,0.01919954150348646,0.022005450741009472
JPM,2020-12-03,106.54,106.57,105.23,106.0,106.0,12904400,Financials,105.29,104.523,101.73249999999999,92.65460000000002,103.71328219570951,99.71007994603511,4.003202249674402,3.996715738678425,106.7,10811300.0,106.69,11715600.0,100.77,12571200.0,64.89177489177487,-0.6467335270409547,5.19003671727698,-0.006560449859418949,0.02195434850086182
JPM,2020-12-04,107.09,107.8,106.4,106.97,106.97,13583700,Financials,105.48599999999999,105.11600000000001,102.519,93.18860000000001,104.21431570406189,100.24785180188437,3.966463902177523,3.990665371378245,106.0,12904400.0,105.99,5983600.0,101.04,10202500.0,65.41577825159914,0.92461552976697,5.868962787015031,0.009150943396226463,0.021964315875090398
JPM,2020-12-07,105.93,106.82,105.1,106.56,106.56,9724300,Financials,106.184,105.755,103.346,93.70039999999999,104.5751902111293,100.71541833507811,3.859771876051184,3.964486672312833,106.97,13583700.0,103.07,14411800.0,100.17,12718900.0,59.50570342205322,3.386048316677992,6.379155435759221,-0.0038328503318687535,0.02166267917129467
JPM,2020-12-08,105.83,106.96,105.58,106.67,106.67,9592100,Financials,106.58,106.11600000000001,103.569,94.1678,104.89746864018633,101.15649845840566,3.7409701817806678,3.9197833742064,106.56,9724300.0,104.69,12668900.0,103.06,13209200.0,62.80457483838886,1.8912981182539035,3.502813894818546,0.0010322822822823596,0.020197628206432224
JPM,2020-12-09,107.69,107.8,105.3,105.84,105.84,13073900,Financials,106.40799999999999,105.918,103.76700000000001,94.6326,105.04247346477304,101.50342449852377,3.5390489662492683,3.8436364926149738,106.67,9592100.0,106.7,10811300.0,107.82,20121600.0,62.55572065378902,-0.8059981255857496,-1.8363939899832982,-0.007781006843536109,0.013741306009820764
JPM,2020-12-10,104.91,105.6,104.53,105.16,105.16,13668400,Financials,106.24000000000001,105.76500000000001,104.00699999999999,95.0678,105.06055447019257,101.77428194307757,3.2862725271150026,3.73216369951498,105.84,13073900.0,106.0,12904400.0,106.69,11715600.0,59.99999999999997,-0.7924528301886835,-1.4340612990908275,-0.006424792139077873,0.013513507518246336
JPM,2020-12-11,103.99,104.94,103.49,104.53,104.53,9981600,Financials,105.752,105.619,104.2775,95.47840000000001,104.97893070554755,101.97840920655331,3.000521498994246,3.5858352594108336,105.16,13668400.0,106.97,13583700.0,105.99,5983600.0,60.70726915520628,-2.281013368234086,-1.3774884423058742,-0.005990871053632496,0.01349031114951539
JPM,2020-12-14,106.09,106.16,103.27,103.43,103.43,12112400,Financials,105.126,105.655,104.46199999999999,95.851,104.74063367392485,102.08593445051233,2.6546992234125213,3.3996080522111716,104.53,9981600.0,106.56,9724300.0,103.07,14411800.0,50.99623047926765,-2.9373123123123124,0.34927719025905635,-0.010523294747919243,0.010567558727675896
JPM,2020-12-15,104.3,105.71,103.71,105.2,105.2,12590200,Financials,104.83200000000002,105.70599999999999,104.59400000000001,96.22319999999999,104.81130541639794,102.3166059726966,2.494699443701336,3.2186263305092044,103.43,12112400.0,106.67,9592100.0,104.69,12668900.0,41.591784338896055,-1.3780819349395346,0.4871525456108472,0.017113023300783015,0.010799015942779131
JPM,2020-12-16,105.18,105.86,104.8,105.51,105.51,11169400,Financials,104.766,105.58699999999999,104.7935,96.6194,104.91879689079826,102.55315367842277,2.3656432123754882,3.048029706882461,105.2,12590200.0,105.84,13073900.0,106.7,10811300.0,46.0027100271003,-0.31179138321995037,-1.1152764761012124,0.002946768060836602,0.008696810942447076
JPM,2020-12-17,106.02,106.19,104.55,104.63,104.63,11618000,Financials,104.66000000000001,105.45,104.9865,96.96800000000002,104.87436659990622,102.70699414668775,2.1673724532184764,2.8718982561496644,105.51,11169400.0,105.16,13668400.0,106.0,12904400.0,45.44846050870147,-0.5039939140357608,-1.292452830188684,-0.00834044166429726,0.008838347774107773
JPM,2020-12-18,104.17,104.81,103.41,104.12,104.12,28954800,Financials,104.578,105.165,105.1405,97.2706,104.75831019992064,102.81166124693311,1.9466489529875304,2.686848395517238,104.63,11618000.0,104.53,9981600.0,106.97,13583700.0,54.18994413407826,-0.39223189514971946,-2.6642984014209503,-0.004874319028959073,0.0080822944920824
JPM,2020-12-21,107.69,109.29,105.87,108.02,108.02,28323600,Financials,105.49600000000001,105.31099999999999,105.53299999999999,97.6614,105.26010863070209,103.19746411753066,2.062644513171435,2.562007619048077,104.12,28954800.0,103.43,12112400.0,106.56,9724300.0,61.24240378122891,4.437784008508161,1.3701201201201219,0.03745678063772573,0.015003821727568404
JPM,2020-12-22,107.88,108.0,106.33,106.38,106.38,11788200,Financials,105.732,105.282,105.699,97.9976,105.43239961059408,103.43320751623209,1.9991920943619874,2.4494445141108594,108.02,28323600.0,105.2,12590200.0,106.67,9592100.0,48.89196675900274,1.1216730038022815,-0.2718665041717472,-0.015182373634512136,0.015904478641524136
JPM,2020-12-23,107.35,110.62,106.97,109.35,109.35,14973200,Financials,106.5,105.633,105.7755,98.4224,106.03510736281038,103.87148844095563,2.1636189218547486,2.3922793956596373,106.38,11788200.0,105.51,11169400.0,105.84,13073900.0,60.02393776181927,3.6394654535115034,3.316326530612246,0.027918781725888353,0.017886886813158115
JPM,2020-12-24,109.37,109.77,108.04,108.87,108.87,4164900,Financials,107.348,106.00399999999999,105.8845,98.84719999999999,106.47124469160877,104.2417485564404,2.2294961351683753,2.359722743561385,109.35,14973200.0,104.63,11618000.0,105.16,13668400.0,55.856966707768215,4.052375035840594,3.527957398250292,-0.0043895747599450585,0.017773772182812942
JPM,2020-12-28,110.01,110.73,109.11,109.59,109.59,8072600,Financials,108.44200000000001,106.51000000000002,106.0645,99.2602,106.95105320059204,104.6379153300374,2.313137870554641,2.3504057689600364,108.87,4164900.0,104.12,28954800.0,104.53,9981600.0,59.16515426497279,5.253553592009208,4.840715584042865,0.006613392119040995,0.017461172089378342
JPM,2020-12-29,110.34,110.41,109.2,109.3,109.3,8389200,Financials,108.69800000000001,107.09700000000001,106.376,99.67120000000001,107.31242963127019,104.9832549352198,2.329174696050387,2.3461595543781066,109.59,8072600.0,108.02,28323600.0,103.43,12112400.0,57.86953919808497,1.184965747083866,5.675335976022411,-0.002646226845515187,0.016856607886162212
JPM,2020-12-30,109.72,110.03,109.2,109.61,109.61,7398000,Financials,109.34400000000001,107.53799999999998,106.622,100.1182,107.66590199569015,105.32597679187018,2.3399252038199734,2.34491268426648,109.3,8389200.0,106.38,11788200.0,105.2,12590200.0,61.64298949969117,3.0362850159804555,4.192015209125466,0.002836230558096897,0.01637671605205281
JPM,2020-12-31,109.37,111.33,109.13,111.1,111.1,8580200,Financials,109.694,108.09700000000001,106.84200000000001,100.585,108.19422476558398,105.7536822146946,2.4405425508893757,2.3640386575910592,109.61,7398000.0,109.35,14973200.0,105.51,11169400.0,67.47058823529414,1.6003657978966634,5.298076011752428,0.013593650214396513,0.016627901674180986
JPM,2021-01-04,111.48,111.79,109.1,110.05,110.05,16819900,Financials,109.92999999999999,108.63899999999998,107.0445,101.04839999999999,108.47972864780183,106.07192797656907,2.4078006712327635,2.3727910603194005,111.1,8580200.0,108.87,4164900.0,104.63,11618000.0,65.84385763490243,1.083861486176163,5.1801586543056555,-0.009450945094509389,0.016732491033259828
JPM,2021-01-05,110.07,111.22,109.0,110.65,110.65,13731200,Financials,110.14199999999998,109.29199999999999,107.22850000000001,101.4624,108.81361654814002,106.41104442274914,2.4025721253908756,2.3787472733336954,110.05,16819900.0,109.59,8072600.0,104.12,28954800.0,71.33569739952719,0.967241536636565,6.271609681137158,0.005452067242162739,0.016356962011765334
JPM,2021-01-06,114.38,116.92,112.61,115.85,115.85,24909100,Financials,111.452,110.075,107.69300000000001,101.96419999999998,109.8961370791954,107.11022631736031,2.7859107618350833,2.4601799710339733,110.65,13731200.0,109.3,8389200.0,108.02,28323600.0,76.16707616707617,5.992680695333941,7.248657655989632,0.04699502937189326,0.018516410719276424
JPM,2021-01-07,119.49,121.69,118.81,119.65,119.65,21940400,Financials,113.46,111.402,108.34200000000001,102.5868,111.39673137470379,108.0390984420003,3.3576329327034955,2.639670563367878,115.85,24909100.0,109.61,7398000.0,106.38,11788200.0,79.6560402684564,9.159748198157104,12.474149276179736,0.032801035822183966,0.01829515315733304
JPM,2021-01-08,119.74,120.07,118.11,119.78,119.78,12035100,Financials,115.196,112.44500000000001,109.03899999999999,103.24539999999999,112.68646500936475,108.90879485370398,3.777670155660772,2.867270481826457,119.65,21940400.0,111.1,8580200.0,109.35,14973200.0,82.80640970116939,7.812781278127812,9.538180155464104,0.0010865022983701511,0.0176529167084215
JPM,2021-01-11,118.51,121.7,118.1,121.57,121.57,15937900,Financials,117.5,113.71499999999999,109.8595,103.98859999999999,114.05316270023171,109.84666190157776,4.206500798653948,3.1351165451919556,119.78,12035100.0,110.05,16819900.0,108.87,4164900.0,85.8022158391465,10.46796910495229,11.665288876641867,0.014944064117548672,0.017036307989866696
JPM,2021-01-12,122.79,124.75,122.26,123.48,123.48,18033500,Financials,120.06599999999999,115.104,110.80699999999999,104.759,115.50344536173452,110.85653879775718,4.646906563977339,3.437474548949033,121.57,15937900.0,110.65,13731200.0,109.59,8072600.0,84.53976764968725,11.595119746949845,12.674514098001644,0.015711112939047478,0.01700571600584416
JPM,2021-01-13,122.05,123.98,121.61,123.6,123.6,14816800,Financials,121.61600000000001,116.53400000000002,111.8155,105.51660000000001,116.7490691522369,111.8004988868122,4.948570265424692,3.739693692244165,123.48,18033500.0,115.85,24909100.0,109.3,8389200.0,91.27516778523493,6.6896849374190825,13.083257090576383,0.0009718172983477213,0.016691954924425025
JPM,2021-01-14,123.72,125.71,123.29,124.32,124.32,18565600,Financials,122.55,118.005,112.77150000000002,106.25,117.91382774420046,112.72786933964093,5.185958404559528,4.028946634707238,123.6,14816800.0,119.65,21940400.0,109.61,7398000.0,90.22031166039767,3.903050564145416,13.42030836602499,0.005825242718446644,0.01652573175011142
JPM,2021-01-15,121.02,124.74,120.65,122.09,122.09,27881000,Financials,123.01199999999999,119.104,113.60049999999998,106.8836,118.55631578355423,113.42136049966753,5.134955283886697,4.25014836454313,124.32,18565600.0,119.78,12035100.0,111.1,8580200.0,82.46561886051083,1.9285356486892669,9.891989198919893,-0.017937580437580314,0.01915492771967818
JPM,2021-01-19,123.16,123.9,121.37,121.56,121.56,19843800,Financials,123.00999999999999,120.25500000000002,114.44699999999997,107.5618,119.01842104762281,114.02422268487734,4.994198362745465,4.398958364183597,122.09,27881000.0,121.57,15937900.0,110.05,16819900.0,79.67278135845316,-0.008225713580645166,10.458882326215369,-0.004341059873863573,0.01865058161583733
JPM,2021-01-20,121.37,121.68,119.27,119.74,119.74,16028800,Financials,122.26199999999999,121.16399999999999,115.228,108.13179999999998,119.12943319414238,114.44761359710866,4.681819597033723,4.455530610753623,121.56,19843800.0,123.48,18033500.0,110.65,13731200.0,74.05529953917052,-3.028830579850994,8.215092634432896,-0.014972030273116221,0.02027029252810242
JPM,2021-01-21,119.49,119.91,118.29,118.73,118.73,13411700,Financials,121.28799999999998,121.452,115.7635,108.706,119.06798193350508,114.76482740473024,4.30315452877484,4.425055394357867,119.74,16028800.0,123.6,14816800.0,115.85,24909100.0,70.35714285714289,-3.940129449838181,2.485973241260253,-0.008434942375146082,0.015464038476901634
JPM,2021-01-22,116.85,118.36,116.42,117.82,117.82,12933200,Financials,119.98800000000001,121.269,116.3355,109.0182,118.87598471296585,114.99113648586133,3.884848227104513,4.317013960907196,118.73,13411700.0,124.32,18565600.0,119.65,21940400.0,65.3987167736022,-5.228442728442728,-1.5294609277058169,-0.007664448749263086,0.011445233237825965
JPM,2021-01-25,116.37,117.27,114.53,116.35,116.35,14212800,Financials,118.84,120.926,116.6855,109.30760000000001,118.48737168020187,115.09179304246419,3.3955786377376853,4.132726896273294,117.82,12933200.0,122.09,27881000.0,119.78,12035100.0,64.16366906474819,-4.7014497501842945,-2.863583235932554,-0.012476659310813099,0.011901695528803758
JPM,2021-01-26,116.9,117.27,115.66,115.87,115.87,11307800,Financials,117.702,120.356,117.0355,109.6178,118.08469911401697,115.14943800228166,2.935261111735315,3.893233739365698,116.35,14212800.0,121.56,19843800.0,121.57,15937900.0,61.7992766726944,-4.680816057913784,-4.688656740972275,-0.004125483455092338,0.01013226579232277
JPM,2021-01-27,114.12,114.35,112.15,112.6,112.6,17603900,Financials,116.274,119.268,117.18599999999999,109.8874,117.24089925032206,114.96059074285338,2.280308507468675,3.5706486929862935,115.87,11307800.0,119.74,16028800.0,123.48,18033500.0,41.95146111936602,-5.962919659261734,-8.811143505021068,-0.02822128247173561,0.009796232145146154
JPM,2021-01-28,114.39,116.39,113.59,114.58,114.58,13761800,Financials,115.44399999999999,118.36599999999999,117.45,110.1842,116.83153013488788,114.93239883597535,1.8991312989125362,3.236345214171542,112.6,17603900.0,118.73,13411700.0,123.6,14816800.0,36.200326619488266,-3.4953255285100737,-7.297734627831709,0.017584369449378467,0.012684034325339133
JPM,2021-01-29,115.53,116.0,112.89,113.31,113.31,14808100,Financials,114.542,117.26499999999999,117.63499999999999,110.39920000000001,116.28975626798206,114.81222114442161,1.4775351235604433,2.8845831960493222,114.58,13761800.0,117.82,12933200.0,124.32,18565600.0,33.41875961045618,-3.8278730266508187,-8.856177606177596,-0.011083958806074379,0.01181078432001861
JPM,2021-02-01,113.95,114.54,113.14,114.15,114.15,11080700,Financials,114.102,116.471,117.7875,110.65180000000001,115.96056299598482,114.76316772631631,1.1973952696685046,2.5471456107731587,113.31,14808100.0,116.35,14212800.0,122.09,27881000.0,30.01077586206901,-1.890846583584005,-6.503399131788024,0.00741329097167065,0.012423917493878233
JPM,2021-02-02,116.19,118.35,115.56,117.66,117.66,12253600,Financials,114.46,116.08100000000002,118.168,110.98960000000001,116.22201484275638,114.97774789473732,1.2442669480190602,2.286569878222339,114.15,11080700.0,115.87,11307800.0,121.56,19843800.0,35.56547619047616,1.5448347285751174,-3.2082922013820347,0.030749014454664936,0.01718578065466287
JPM,2021-02-03,117.7,119.55,117.57,119.01,119.01,10600800,Financials,115.742,116.00800000000001,118.58599999999998,111.34900000000002,116.65093563617847,115.2764332358679,1.3745024003105755,2.104156382639986,117.66,12253600.0,112.6,17603900.0,119.74,16028800.0,39.27068723702667,5.692717584369467,-0.6096542508768898,0.011473737888832325,0.01719463143766601
JPM,2021-02-04,119.3,122.11,119.3,121.75,121.75,12419500,Financials,117.176,116.31000000000002,118.881,111.7806,117.43540707676641,115.75595669987769,1.679450376888724,2.019215181489734,119.01,10600800.0,114.58,13761800.0,118.73,13411700.0,44.510892780862896,6.257636585791593,2.543586288216959,0.02302327535501214,0.018411871917460885
JPM,2021-02-05,122.75,122.84,120.98,121.51,121.51,10051300,Financials,118.816,116.679,118.974,112.14959999999999,118.06226752649465,116.18218212951638,1.8800853969782736,1.991389224587442,121.75,12419500.0,113.31,14808100.0,117.82,12933200.0,48.64612511671336,7.236784043773725,3.1318961127143163,-0.0019712525667350267,0.018142964477646
JPM,2021-02-08,121.7,123.55,121.68,123.41,123.41,10136400,Financials,120.668,117.38499999999999,119.1555,112.4614,118.88499559934164,116.71757604584849,2.167419553493147,2.026595290368583,121.51,10051300.0,114.15,11080700.0,116.35,14212800.0,54.05879771829749,8.112133158125268,6.067898581865072,0.015636573121553754,0.017607849275030958
JPM,2021-02-09,122.79,123.27,122.0,122.92,122.92,8614800,Financials,121.72,118.09,119.223,112.78599999999999,119.50576550713524,117.17701485726712,2.3287506498681125,2.087026362268489,123.41,10136400.0,117.66,12253600.0,115.87,11307800.0,57.40913327120226,4.470508244093163,6.084404936566834,-0.003970504821327214,0.017597965568738595
JPM,2021-02-10,123.29,124.05,122.44,122.99,122.99,10323200,Financials,122.516,119.12899999999999,119.1985,113.126,120.04180158296059,117.6076063493214,2.434195233639187,2.156460136542629,122.92,8614800.0,119.01,10600800.0,112.6,17603900.0,60.38011695906432,3.344256785144095,9.227353463587917,0.0005694760820045275,0.013161613991069453
JPM,2021-02-11,122.99,123.77,121.72,122.64,122.64,9201000,Financials,122.694,119.93500000000002,119.15050000000001,113.5174,120.44152441635127,117.98037624937167,2.461148166979598,2.217397742630023,122.99,10323200.0,121.75,12419500.0,114.58,13761800.0,62.07414829659322,0.7310061601642825,7.034386454878683,-0.002845759817871274,0.013256406793709753
JPM,2021-02-12,122.45,124.71,122.41,124.39,124.39,8324600,Financials,123.27000000000001,121.043,119.154,113.9114,121.04898219845109,118.45516319386266,2.5938190045884255,2.2926819950217032,122.64,9201000.0,121.51,10051300.0,113.31,14808100.0,69.86166007905143,2.3701752942144605,9.778483805489358,0.014269406392694028,0.011776756418408632
JPM,2021-02-16,126.41,127.97,125.4,127.38,127.38,12130600,Financials,124.064,122.36600000000001,119.41850000000002,114.325,122.02298493715092,119.1162622165395,2.906722720611427,2.415490140139648,124.39,8324600.0,123.41,10136400.0,114.15,11080700.0,75.29670329670331,3.216919212381497,11.59001314060446,0.02403730203392551,0.012603972867019359
JPM,2021-02-17,126.77,128.03,126.04,127.78,127.78,10810100,Financials,125.03600000000002,123.378,119.7295,114.7606,122.90867956220463,119.75802057086992,3.1506589913347085,2.56252391037866,127.38,12130600.0,122.92,8614800.0,117.66,12253600.0,88.17907444668016,3.9537910836316303,8.601053884072751,0.00314021039409651,0.010701154730548874
JPM,2021-02-18,126.81,128.39,126.28,128.21,128.21,10587800,Financials,126.08000000000001,124.298,120.15299999999999,115.18539999999999,123.72426732186545,120.38409312117584,3.340174200689617,2.7180539684408513,127.78,10810100.0,122.99,10323200.0,119.01,10600800.0,87.17948717948727,4.244247499796749,7.730442819931094,0.0033651588668024424,0.010744121732627931
JPM,2021-02-19,128.45,131.07,128.45,130.35,130.35,11969800,Financials,127.622,125.15799999999999,120.734,115.66120000000001,124.74361081080923,121.12230844553318,3.621302365276051,2.8987036478078916,128.21,10587800.0,122.64,9201000.0,121.75,12419500.0,94.37500000000007,6.286692759295498,7.0636550308008195,0.01669136572810226,0.009881220684395887
JPM,2021-02-22,129.34,132.26,129.27,131.57,131.57,11488400,Financials,129.05800000000002,126.16399999999999,121.4215,116.1592,125.7938245322232,121.89621152364182,3.8976130085813736,3.098485519962588,130.35,11969800.0,124.39,8324600.0,121.51,10051300.0,94.48416751787545,5.772168180721926,8.279153979096353,0.009359416954353605,0.009389324413975879
JPM,2021-02-23,133.42,134.13,131.73,132.63,132.63,16234400,Financials,130.108,127.08600000000001,122.2355,116.695,126.8455438349581,122.69130696633502,4.154236868623073,3.3096357896946853,131.57,11488400.0,127.38,12130600.0,123.41,10136400.0,93.69527145359028,4.1215261422515415,7.471031520946436,0.008056547845253448,0.009004677783454913
JPM,2021-02-24,132.19,135.41,132.19,134.96,134.96,15061400,Financials,131.544,128.29000000000002,123.19000000000001,117.291,128.093921706503,123.6000990429028,4.493822663600213,3.546473164475791,132.63,16234400.0,127.78,10810100.0,122.92,8614800.0,94.03644395361687,5.61903271247457,9.794988610478361,0.01756766945638244,0.008584091842491488
JPM,2021-02-25,135.85,136.41,132.61,133.13,133.13,18127700,Financials,132.52799999999996,129.304,124.2165,117.86300000000001,128.86870298242565,124.3060176323174,4.562685350108239,3.749715601602281,134.96,15061400.0,128.21,10587800.0,122.99,10323200.0,83.08139534883722,3.837454176741284,8.244572729490196,-0.013559573206876174,0.011020063541959365
JPM,2021-02-26,132.36,132.86,129.02,129.6,129.6,19829200,Financials,132.378,130.0,124.96750000000002,118.3864,128.9812102158986,124.69816447436796,4.283045741530657,3.8563816295879567,133.13,18127700.0,130.35,11969800.0,122.64,9201000.0,69.7413372376769,-0.5753739930955071,5.675146771037176,-0.026515436039960982,0.015315288802152554
JPM,2021-03-01,131.67,133.31,130.76,132.53,132.53,14845500,Financials,132.57,130.81400000000002,125.92850000000001,118.933,129.52717787499114,125.2783004392296,4.248877435761543,3.934880790822674,129.6,19829200.0,131.57,11488400.0,124.39,8324600.0,71.18959107806691,0.7296496161738997,6.543934399871376,0.02260802469135803,0.01604679429656248
JPM,2021-03-02,132.16,133.66,131.95,132.1,132.1,14221700,Financials,132.464,131.286,126.826,119.4648,129.92299666345403,125.78361151780518,4.139385145648845,3.9757816617879085,132.53,14845500.0,132.63,16234400.0,127.38,12130600.0,71.38863000931963,-0.39960793184046217,3.7054482650337617,-0.003244548404135017,0.015015197648826636
JPM,2021-03-03,133.18,136.48,132.82,134.66,134.66,14324100,Financials,132.404,131.974,127.676,120.0654,130.65176640753802,126.44112177574553,4.210644631792491,4.022754255788826,132.1,14221700.0,134.96,15061400.0,127.78,10810100.0,74.36325678496866,-0.2222880853586351,5.384254186883708,0.019379258137774524,0.015799922141585473
JPM,2021-03-04,134.39,135.95,130.88,132.59,132.59,20093900,Financials,132.296,132.41199999999998,128.355,120.6348,130.9499561909937,126.89659423680142,4.053361954192283,4.028875795469517,134.66,14324100.0,133.13,18127700.0,128.21,10587800.0,69.38059992208802,-0.4056185683166791,3.4162701817330943,-0.015372048121194082,0.017120073603748166
JPM,2021-03-05,134.93,135.17,130.31,132.9,132.9,18465100,Financials,132.956,132.667,128.9125,121.13240000000002,131.2499629308408,127.34129096000132,3.9086719708394924,4.0048350305435125,132.59,20093900.0,129.6,19829200.0,130.35,11969800.0,67.56087494841105,2.546296296296302,1.9562715765247596,0.002338034542574974,0.01648071036660449
JPM,2021-03-08,134.27,136.9,132.75,134.66,134.66,17133300,Financials,133.382,132.976,129.57,121.69800000000001,131.77458401840374,127.88341755555678,3.891166462846968,3.982101317004204,132.9,18465100.0,132.53,14845500.0,131.57,11488400.0,65.82608695652172,1.6071832792575291,2.348559702059738,0.01324303987960862,0.016715865700690058
JPM,2021-03-09,133.41,135.84,131.94,133.71,133.71,16238800,Financials,133.704,133.084,130.08499999999998,122.18520000000001,132.0723403232647,128.31501625514517,3.7573240681195443,3.9371458672272723,134.66,17133300.0,132.1,14221700.0,132.63,16234400.0,62.59023354564757,1.2187736563209706,0.8142954082786868,-0.007054804693301553,0.016835336709141138
JPM,2021-03-10,133.78,137.52,133.42,136.61,136.61,14342200,Financials,134.094,133.249,130.7695,122.74,132.77044181199324,128.92945949550477,3.840982316488464,3.9179131570795107,133.71,16238800.0,134.66,14324100.0,134.96,15061400.0,66.141429669485,1.4480914896777275,1.222584469472432,0.02168872933961552,0.01733076160925262
JPM,2021-03-11,135.71,137.51,135.05,135.9,135.9,11771500,Financials,134.75600000000003,133.526,131.41500000000002,123.26619999999998,133.25191230245582,129.4457958291711,3.8061164732847317,3.895553820320555,136.61,14342200.0,132.59,20093900.0,133.13,18127700.0,61.28507523383491,2.496417527717032,2.0806730263652096,-0.0051972769196985125,0.01672243499068242
JPM,2021-03-12,138.14,138.81,136.56,137.51,137.51,12849500,Financials,135.67800000000003,134.31699999999998,132.15849999999998,123.8304,133.9070027174626,130.04314428626952,3.86385843119308,3.88921474249506,135.9,11771500.0,132.9,18465100.0,129.6,19829200.0,61.88951160928741,3.4687735139202314,6.103395061728389,0.011846946284032267,0.013495073884024317
JPM,2021-03-15,137.69,138.19,135.58,136.82,136.82,12101100,Financials,136.10999999999999,134.746,132.78,124.37460000000002,134.35515614554527,130.5451335983977,3.810022547147554,3.873376303425559,137.51,12849500.0,134.66,17133300.0,132.53,14845500.0,58.51279967492888,1.6040398039506965,3.2370029427299496,-0.005017816886044635,0.01251488287001124
JPM,2021-03-16,135.7,136.14,134.02,135.18,135.18,12805600,Financials,136.404,135.054,133.17,124.85619999999999,134.48205520007676,130.88845703555344,3.593598164523314,3.8174206756451103,136.82,12101100.0,133.71,16238800.0,132.1,14221700.0,50.45986622073578,1.099394211352922,2.3315669947009843,-0.01198655167373186,0.013300472831804829
JPM,2021-03-17,136.8,138.15,134.78,136.58,136.58,13952400,Financials,136.398,135.246,133.61,125.38680000000001,134.80481593852647,131.31005281069764,3.4947631278288327,3.752889166081855,135.18,12805600.0,136.61,14342200.0,134.66,14324100.0,57.34355044699877,-0.021960325012815307,1.4258131590672907,0.010356561621541749,0.012287097455915857
JPM,2021-03-18,138.79,142.39,138.36,138.83,138.83,21898500,Financials,136.98399999999998,135.87,134.14100000000002,125.95039999999999,135.424075024907,131.86708593583114,3.55698908907587,3.7137091506806583,136.58,13952400.0,135.9,11771500.0,132.59,20093900.0,70.7789284106259,2.15599705665932,4.7062372727958435,0.016473861473129237,0.01153678951442025
JPM,2021-03-19,136.95,137.32,133.14,136.62,136.62,54418800,Financials,136.80599999999998,136.24200000000002,134.4545,126.36580000000002,135.60806348261363,132.2191536442881,3.3889098383255316,3.648749288209633,138.83,21898500.0,137.51,12849500.0,132.9,18465100.0,59.51605397859471,-0.6472256563158973,2.7990970654627523,-0.015918749549809208,0.013262190474075104
JPM,2021-03-22,134.56,135.59,132.63,132.95,132.95,19944800,Financials,136.032,136.071,134.52349999999998,126.6318,135.1991306391346,132.27329041137787,2.925840227756737,3.504167476119054,136.62,54418800.0,136.82,12101100.0,134.66,17133300.0,51.71856045289121,-2.8285338400818594,-1.2698648447942995,-0.026862831210657467,0.015622029846658114
JPM,2021-03-23,132.38,133.96,131.18,131.62,131.62,17076300,Financials,135.32,135.86200000000002,134.473,126.8686,134.64849515619082,132.22489852905358,2.4235966271372433,3.288053306322692,132.95,19944800.0,135.18,12805600.0,133.71,16238800.0,43.531914893617035,-2.633525669477732,-1.5630842868895378,-0.010003760812335338,0.015772626331345393
JPM,2021-03-24,132.09,134.89,131.97,132.64,132.64,13079800,Financials,134.53199999999998,135.46499999999997,134.357,127.09,134.33949590139224,132.25564678616072,2.0838491152315157,3.047212468104457,131.62,17076300.0,136.58,13952400.0,136.61,14342200.0,50.11135857461021,-2.8847561868502125,-2.9060830100285706,0.007749582130375243,0.014017632506823184
JPM,2021-03-25,132.09,134.71,131.5,134.34,134.34,15608300,Financials,133.63400000000001,135.30900000000003,134.41750000000002,127.3072,134.3395734550242,132.41004332051918,1.929530134505029,2.8236760013845714,132.64,13079800.0,138.83,21898500.0,135.9,11771500.0,53.02013422818792,-3.2341712886263863,-1.147902869757178,0.012816646562123113,0.014817956249268916
JPM,2021-03-26,135.88,136.89,134.34,136.58,136.58,16754400,Financials,133.626,135.216,134.7665,127.56679999999999,134.68425446194357,132.71892900048073,1.9653254614628395,2.652005893400225,134.34,15608300.0,136.62,54418800.0,137.51,12849500.0,53.947368421052666,-0.02927829014784944,-0.676314449858173,0.016674110465981995,0.015353876389652679
JPM,2021-03-29,133.96,135.38,133.01,134.45,134.45,17570300,Financials,133.926,134.97899999999998,134.8625,127.7694,134.64821531395225,132.8471564819266,1.8010588320256602,2.4818164811253123,136.58,16754400.0,132.95,19944800.0,136.82,12101100.0,51.45098039215682,1.1282437006393309,-1.7322028943137058,-0.015595255527895868,0.016043069135219065
JPM,2021-03-30,136.02,137.26,135.51,136.04,136.04,13184300,Financials,134.81,135.065,135.0595,128.04840000000002,134.86233603488267,133.08366340919127,1.7786726256913994,2.34118771003853,134.45,17570300.0,131.62,17076300.0,135.18,12805600.0,48.82182720132282,3.358152256495961,0.6361887853232551,0.011825957605057669,0.016102120181243344
JPM,2021-03-31,134.98,136.05,133.96,134.06,134.06,16736700,Financials,135.094,134.813,135.02949999999998,128.29840000000002,134.7388997218238,133.15598463814007,1.58291508368373,2.18953318476757,136.04,13184300.0,132.64,13079800.0,136.58,13952400.0,46.38648860958366,1.0705669481302804,-1.8450724849904843,-0.014554542781534785,0.016375698415725712
JPM,2021-04-01,133.77,135.43,133.46,135.36,135.36,16561500,Financials,135.298,134.466,135.168,128.6108,134.83445361077398,133.31924503531488,1.5152085754590985,2.054668262905876,134.06,16736700.0,134.34,15608300.0,138.83,21898500.0,45.725646123260496,0.7592675301473895,-2.49945977094288,0.00969715052961373,0.015662941295960003
JPM,2021-04-05,136.77,137.25,135.18,136.08,136.08,13508000,Financials,135.198,134.41199999999998,135.327,128.95780000000002,135.02607613219337,133.52374540306934,1.5023307291240258,1.9442007561495063,135.36,16561500.0,136.58,16754400.0,136.62,54418800.0,48.53057982525819,-0.36608581051398303,-0.39525691699604515,0.005319148936170137,0.015056938917249253
JPM,2021-04-06,135.34,136.66,134.52,135.12,135.12,13071600,Financials,135.332,134.62900000000002,135.35000000000002,129.30380000000002,135.04052595800977,133.64198648432347,1.3985394736862986,1.835068499656865,136.08,13508000.0,134.45,17570300.0,132.95,19944800.0,49.877551020408156,0.4983265154332672,1.6321925535915938,-0.007054673721340499,0.012206308512391857
JPM,2021-04-07,135.62,137.5,135.22,137.24,137.24,16903500,Financials,135.572,135.191,135.5265,129.7216,135.37890657985443,133.90850600400321,1.4704005758512153,1.762134914895735,135.12,13071600.0,136.04,13184300.0,131.62,17076300.0,51.308485329103874,0.8820935019112186,4.269867801246008,0.015689757252812297,0.01217607362641196
JPM,2021-04-08,136.42,137.75,134.92,137.41,137.41,12335500,Financials,136.24200000000002,135.668,135.5665,130.1524,135.69138249064605,134.1678759296326,1.5235065610134484,1.714409244119278,137.24,16903500.0,134.06,16736700.0,132.64,13079800.0,46.9317199654278,2.498881098015815,3.5962002412545324,0.0012387059166423242,0.01214258337976002
JPM,2021-04-09,138.02,139.11,137.27,138.43,138.43,12122400,Financials,136.85600000000002,136.077,135.693,130.66899999999998,136.1127082613159,134.4835888237339,1.6291194375820055,1.6973512828118236,137.41,12335500.0,135.36,16561500.0,134.34,15608300.0,54.12300683371298,2.2680260047281298,3.0445139199047233,0.007423040535623482,0.011803024280325026
JPM,2021-04-12,137.81,139.29,137.81,138.14,138.14,12273400,Financials,137.268,136.233,135.7245,131.1402,136.42459929803653,134.7544340960499,1.6701652019866344,1.6919140666467858,138.43,12122400.0,136.08,13508000.0,136.58,16754400.0,63.974151857835174,1.5138154027042772,1.142187728803612,-0.0020949216210360833,0.010852761985441474
JPM,2021-04-13,137.08,137.48,135.02,136.49,136.49,16113600,Financials,137.542,136.43699999999998,135.708,131.6038,136.43466094449246,134.88299453337953,1.551666411112933,1.6638645355400152,138.14,12273400.0,135.12,13071600.0,134.45,17570300.0,62.890418210693475,1.0139135583185244,1.517292673856474,-0.011944404227595018,0.010271216508755912
JPM,2021-04-14,134.17,136.26,133.7,133.94,133.94,19939600,Financials,136.882,136.227,135.64600000000002,131.9996,136.05086695303208,134.81314308646253,1.237723866569553,1.578636401745923,136.49,16113600.0,137.24,16903500.0,136.04,13184300.0,53.18315377081294,-2.4045467793646247,-1.5436636283446048,-0.018682687376364693,0.011355104087822684
JPM,2021-04-15,133.98,134.82,132.27,134.79,134.79,17694100,Financials,136.358,136.3,135.55649999999997,132.3422,135.8568874217964,134.8114287837616,1.0454586380347735,1.472000849003693,133.94,19939600.0,137.41,12335500.0,134.06,16736700.0,51.149718957588114,-1.9067025689542327,0.5445322989706014,0.006346125130655578,0.010581689731395725
JPM,2021-04-16,136.3,136.87,135.25,135.8,135.8,13773400,Financials,135.832,136.344,135.405,132.678,135.8481355107508,134.88465628126076,0.9634792294900478,1.3702965251009642,134.79,17694100.0,138.43,12122400.0,135.36,16561500.0,47.87350054525627,-1.8998771942497994,0.3250591016548343,0.007493137473106426,0.010392268403206626
JPM,2021-04-19,135.9,136.31,134.84,135.22,135.22,11900200,Financials,135.248,136.25799999999998,135.33499999999998,132.9474,135.7514992783276,134.90949655672293,0.8420027216046719,1.264637764401706,135.8,13773400.0,138.14,12273400.0,136.08,13508000.0,52.29303156640861,-2.113797596641076,-0.6319811875367565,-0.004270986745213645,0.01032744202165199
JPM,2021-04-20,134.41,134.42,131.68,132.23,132.23,13716700,Financials,134.39600000000002,135.969,135.299,133.1618,135.20973015858488,134.711015330299,0.49871482828586977,1.1114531771785388,135.22,11900200.0,136.49,16113600.0,135.12,13071600.0,39.5272127542606,-3.121107773463272,-2.1388395500296142,-0.02211211359266385,0.012287170449602586
JPM,2021-04-21,130.91,133.41,130.03,133.35,133.35,12236700,Financials,134.27799999999996,135.57999999999998,135.3855,133.3606,134.92361782649488,134.61019937990648,0.31341844658840046,0.9518462310605111,132.23,13716700.0,133.94,19939600.0,137.24,16903500.0,47.95152914021926,-0.4404957443631452,-2.834450597493454,0.008470089994706331,0.011298641391452702
JPM,2021-04-22,133.08,133.14,130.44,130.54,130.54,15256100,Financials,133.428,134.893,135.28050000000002,133.513,134.2492150839572,134.30870312954303,-0.0594880455858231,0.7495793757312443,133.35,12236700.0,134.79,17694100.0,137.41,12335500.0,37.208067940552,-3.1530528970991956,-4.9996361254639465,-0.021072365954255767,0.01254381429423241
JPM,2021-04-23,130.37,133.87,129.94,133.04,133.04,14041900,Financials,132.876,134.35399999999998,135.2155,133.714,134.06318199411763,134.21472511994725,-0.15154312582961893,0.5693548754190717,130.54,15256100.0,135.8,13773400.0,138.43,12122400.0,42.628516003879696,-2.032400589101635,-3.8936646680632903,0.019151218017466,0.014268706570384392
JPM,2021-04-26,133.56,135.05,133.21,133.37,133.37,10799100,Financials,132.506,133.877,135.055,133.92860000000002,133.95653861040722,134.15215288884005,-0.19561427843282786,0.4163610446486918,133.04,14041900.0,135.22,11900200.0,138.14,12273400.0,45.62281140570287,-1.3681408075728374,-3.4530186767047777,0.0024804570054119957,0.01440471893982889
JPM,2021-04-27,133.31,134.26,132.97,133.98,133.98,12821200,Financials,132.856,133.62599999999998,135.0315,134.1204,133.96014805495994,134.13940082300005,-0.17925276804010082,0.2972382821109333,133.37,10799100.0,132.23,13716700.0,136.49,16113600.0,41.179653679653654,1.3234515616728393,-1.8389625613598248,0.004573742220889132,0.014264251035257131
JPM,2021-04-28,135.02,135.43,134.11,134.85,134.85,8943700,Financials,133.156,133.717,134.972,134.2698,134.0970483541969,134.19203779907411,-0.09498944487722838,0.21879273671330096,133.98,12821200.0,133.35,12236700.0,133.94,19939600.0,43.326381647549546,1.1248593925759387,0.6794086904584162,0.006493506493506551,0.013122061191168927
JPM,2021-04-29,136.01,137.55,135.71,137.47,137.47,12976900,Financials,134.54199999999997,133.985,135.1425,134.4636,134.61596399201275,134.43484981395753,0.18111417805522478,0.21125702498168575,134.85,8943700.0,130.54,15256100.0,134.79,17694100.0,47.69008662175167,5.308717634441562,1.9882780621707896,0.019428995179829434,0.014337326278452531
JPM,2021-04-30,136.5,136.85,135.54,136.25,136.25,11705100,Financials,135.184,134.03,135.187,134.6244,134.86735414708772,134.569305383294,0.29804876379373013,0.22861537274409463,137.47,12976900.0,133.04,14041900.0,135.8,13773400.0,45.647167204053474,2.4128081779915878,0.3313696612665673,-0.008874663562959184,0.014580826518346251
JPM,2021-05-03,137.17,137.73,135.64,135.85,135.85,11801100,Financials,135.68,134.093,135.1755,134.7344,135.01853043215115,134.66417165119813,0.35435878095302087,0.2537640543858799,136.25,11705100.0,133.37,10799100.0,135.22,11900200.0,48.43597262952099,1.8594886406238187,0.46590741014642667,-0.0029357798165138282,0.014539081488963622
JPM,2021-05-04,135.41,137.87,134.77,137.73,137.73,12977700,Financials,136.43,134.643,135.30599999999998,134.8576,135.4356795964356,134.89127004740567,0.5444095490299219,0.3118931533146883,135.85,11801100.0,133.98,12821200.0,132.23,13716700.0,59.575543203638155,2.7989252127183173,4.159419193828939,0.01383879278616118,0.012629316257744688
JPM,2021-05-05,138.19,140.21,136.97,139.53,139.53,10506700,Financials,137.36599999999999,135.261,135.4205,134.9956,136.0655750431378,135.23487967352375,0.8306953696140624,0.41565359657456313,137.73,12977700.0,134.85,8943700.0,133.35,12236700.0,61.427193828350994,3.470522803114573,4.634420697412822,0.013069048137660744,0.012885039563764787
JPM,2021-05-06,140.02,142.46,139.21,142.34,142.34,13542400,Financials,138.34,136.44099999999997,135.667,135.1432,137.03087119034737,135.76118488289237,1.2696863074550038,0.5864601387506513,139.53,10506700.0,137.47,12976900.0,130.54,15256100.0,64.50754214729365,3.542591110787807,9.039374904243914,0.020139038199670445,0.010030569338290564
JPM,2021-05-07,139.27,143.06,139.09,142.83,142.83,14257800,Financials,139.656,137.42000000000002,135.887,135.3372,137.92304485337087,136.28480081749294,1.638244035877932,0.7968169181761074,142.34,13542400.0,136.25,11705100.0,133.04,14041900.0,66.94877505567928,4.829357798165157,7.358689116055328,0.003442461711395284,0.009430405030229445
JPM,2021-05-10,143.06,145.03,142.72,142.81,142.81,14014300,Financials,141.048,138.36399999999998,136.1205,135.6014,138.6748841066984,136.76814890508604,1.9067352016123778,1.0188005748633615,142.83,14257800.0,135.85,11801100.0,133.37,10799100.0,77.1560574948665,5.123297754876699,7.078053535277795,-0.00014002660505507691,0.009609761024802215
JPM,2021-05-11,142.69,143.85,139.99,140.44,140.44,15451700,Financials,141.59,139.01000000000002,136.318,135.75959999999998,138.94644039797558,137.04013787507967,1.9063025228959134,1.1963009644698719,142.81,14014300.0,137.73,12977700.0,133.98,12821200.0,67.10082006753494,1.9676178029478075,4.82161516644275,-0.016595476507247464,0.012170495250663401
JPM,2021-05-12,141.38,142.42,139.1,139.47,139.47,14381700,Financials,141.578,139.472,136.5945,135.907,139.02698802905627,137.2201276621108,1.8068603669454717,1.318412844964992,140.44,15451700.0,139.53,10506700.0,134.85,8943700.0,73.63684489147694,-0.043001505052675526,3.426028921023372,-0.006906864141270286,0.012688380045733957
JPM,2021-05-13,140.12,143.9,139.68,143.06,143.06,15395000,Financials,141.722,140.031,137.008,136.075,139.64745140920147,137.65271079825072,1.9947406109507426,1.4536783981621422,139.47,14381700.0,142.34,13542400.0,137.47,12976900.0,75.07507507507503,0.505831108613175,4.066341747290325,0.02574030257403037,0.013689186533050799
JPM,2021-05-14,143.85,145.67,143.49,145.28,145.28,10584000,Financials,142.212,140.934,137.482,136.3288,140.51399734624738,138.21769518356547,2.2963021626819113,1.6222031510660961,143.06,15395000.0,142.83,14257800.0,136.25,11705100.0,77.22908093278458,1.715325911923249,6.627522935779817,0.01551796449042353,0.01329227497728507
JPM,2021-05-17,144.72,146.03,144.41,145.87,145.87,9886800,Financials,142.824,141.936,138.0145,136.5882,141.337997754517,138.78453257737544,2.553465177141561,1.808455556281189,145.28,10584000.0,142.81,14014300.0,135.85,11801100.0,77.20823798626999,2.142707093340812,7.3757821126242185,0.00406112334801767,0.01291830114231488
JPM,2021-05-18,145.88,146.6,143.71,143.81,143.81,11098100,Financials,143.498,142.544,138.5935,136.7712,141.71830579228362,139.15678942349578,2.561516368787835,1.9590677187825183,145.87,9886800.0,140.44,15451700.0,137.73,12977700.0,69.44444444444441,2.39960125320422,4.414434037609816,-0.014122163570302382,0.014279948881522472
JPM,2021-05-19,142.62,142.78,140.53,142.71,142.71,13278900,Financials,144.14600000000002,142.86200000000002,139.0615,136.9512,141.87087413193228,139.41999020694055,2.4508839249917287,2.0574309600243605,143.81,11098100.0,139.47,14381700.0,139.53,10506700.0,62.174721189591075,2.323080232308028,2.2790797677918695,-0.007648981294763879,0.014388287941923858
JPM,2021-05-20,142.47,143.38,141.3,142.47,142.47,10426000,Financials,144.028,142.875,139.658,137.0684,141.96304734240422,139.6459168582783,2.3171304841259257,2.109370864844674,142.71,13278900.0,143.06,15395000.0,142.34,13542400.0,65.14118792599801,-0.41241437159234007,0.09133061683292976,-0.0016817321841496868,0.012975792709502859
JPM,2021-05-21,142.92,144.58,142.56,144.09,144.09,10249000,Financials,143.79000000000002,143.001,140.2105,137.2322,142.2902708281882,139.97510820210954,2.31516262607866,2.150529217091471,142.47,10426000.0,145.28,10584000.0,142.83,14257800.0,68.93382352941174,-0.8191079295154169,0.8821676118462518,0.01137081490840175,0.01343237005427837
JPM,2021-05-24,144.71,145.48,143.61,144.87,144.87,9440300,Financials,143.59,143.207,140.7855,137.3794,142.68715223923618,140.33769277973107,2.3494594595051126,2.1903152655741995,144.09,10249000.0,145.87,9886800.0,142.81,14014300.0,67.27976766698934,-0.6855419208884661,1.4424760170856477,0.0054132833645639256,0.01349650338714429
JPM,2021-05-25,145.14,146.78,143.11,143.37,143.37,12609100,Financials,143.502,143.5,141.255,137.5104,142.79220574089214,140.56230812938063,2.229897611511518,2.1982317347616633,144.87,9440300.0,143.81,11098100.0,140.44,15451700.0,59.43025540275048,-0.30595925179055516,2.086300199373392,-0.010354110581901055,0.012685922001340645
JPM,2021-05-26,144.89,145.04,142.89,143.35,143.35,13058300,Financials,143.63000000000002,143.88799999999998,141.68,137.6738,142.87802024229336,140.76880382350058,2.1092164187927835,2.1804286715678876,143.37,12609100.0,142.71,13278900.0,139.47,14381700.0,52.87421741605005,0.448461915773235,2.781960278196016,-0.0001394991978797,0.012325124395811196
JPM,2021-05-27,145.23,145.94,144.01,145.58,145.58,15707500,Financials,144.252,144.14000000000001,142.0855,137.8538,143.2937094357867,141.1251887254635,2.1685207103232074,2.1780470793189517,143.35,13058300.0,142.47,10426000.0,143.06,15395000.0,57.12066286897978,2.1829157015512024,1.7614986718859305,0.015556330659225903,0.010507104285263297
JPM,2021-05-28,145.88,146.11,144.62,145.49,145.49,10291300,Financials,144.53199999999998,144.161,142.54749999999999,137.987,143.6316002918195,141.44850807913286,2.1830922126866312,2.179056105992488,145.58,15707500.0,144.09,10249000.0,145.28,10584000.0,56.91434468524251,0.9716149628704374,0.14454845814979578,-0.0006182167880203204,0.00934007918983011
JPM,2021-06-01,146.93,147.85,146.58,147.09,147.09,9445400,Financials,144.976,144.28300000000002,143.1095,138.19639999999998,144.16366178538573,141.86639636956747,2.2972654158182593,2.202697967957642,145.49,10291300.0,144.87,9440300.0,145.87,9886800.0,67.86673831273507,1.5324083661213406,0.8363611434839324,0.010997319403395434,0.00990074517173612
JPM,2021-06-02,148.16,148.32,146.63,147.1,147.1,10498600,Financials,145.722,144.612,143.578,138.4794,144.61540612609562,142.25407071256248,2.3613354135331406,2.2344254570727418,147.09,9445400.0,143.37,12609100.0,143.81,11098100.0,71.61473087818692,2.6016600404547674,2.287740769070301,6.798558705556346e-05,0.008417955127778518
JPM,2021-06-03,146.52,148.15,145.86,147.2,147.2,13354400,Financials,146.492,145.06099999999998,143.9615,138.791,145.01303595285015,142.62043584496527,2.392600107884874,2.2660603872351683,147.1,10498600.0,143.35,13058300.0,142.71,13278900.0,64.61864406779654,2.6857342169515075,3.146240627846675,0.0006798096532969478,0.007706598464177542
JPM,2021-06-04,147.23,147.64,146.19,147.43,147.43,8510800,Financials,146.86200000000002,145.557,144.216,139.0868,145.3848765754886,142.97669985644933,2.408176719039261,2.2944836535959867,147.2,13354400.0,145.58,15707500.0,142.47,10426000.0,58.83319638455217,1.2707789531529068,3.4814346880045033,0.0015625000000001332,0.007548229556970581
JPM,2021-06-07,147.93,148.02,146.28,146.74,146.74,7267200,Financials,147.11200000000002,145.822,144.4115,139.3348,145.59335710233648,143.25546283004567,2.3378942722908107,2.3031657773349514,147.43,8510800.0,145.49,10291300.0,144.09,10249000.0,53.545232273838636,0.8591655783902752,1.8391283225761779,-0.004680187207488307,0.007382376590988598
JPM,2021-06-08,145.71,146.83,144.53,146.16,146.16,10370700,Financials,146.926,145.95100000000002,144.579,139.52640000000002,145.68053293274625,143.47061373152377,2.209919201222476,2.2845164621124563,146.74,7267200.0,147.09,9445400.0,144.87,9440300.0,60.88971269694154,-0.6322659596165625,0.8904535100434874,-0.0039525691699605625,0.007473423753682552
JPM,2021-06-09,145.4,145.47,143.75,144.33,144.33,12377400,Financials,146.372,146.047,144.7735,139.724,145.47275863540068,143.5342719736331,1.9384866617675698,2.2153105020434793,146.16,10370700.0,147.1,10498600.0,143.37,12609100.0,57.03125,-1.883072739632885,0.6695961498221381,-0.012520525451559794,0.007857808884329642
JPM,2021-06-10,145.59,146.37,142.0,142.08,142.08,12119400,Financials,145.348,145.92000000000002,144.904,139.8448,144.95079576841596,143.42654812373436,1.5242476446815942,2.077097930571102,144.33,12377400.0,147.2,13354400.0,143.35,13058300.0,48.55875831485593,-3.4782608695651973,-0.8859434949424316,-0.01558927457908954,0.009406423369712697
JPM,2021-06-11,142.11,142.79,140.9,141.99,141.99,13683800,Financials,144.26,145.56099999999998,144.85049999999998,140.0034,144.4952887271212,143.3201371516059,1.1751515755152866,1.8967086595599392,142.08,12119400.0,147.43,8510800.0,145.58,15707500.0,41.25000000000005,-3.6898867259038126,-2.465998076658882,-0.0006334459459459429,0.007461052948766687
JPM,2021-06-14,141.86,142.02,138.77,139.58,139.58,19917900,Financials,142.828,144.97,144.56550000000001,140.0878,143.73909046141026,143.04308995519065,0.6960005062196046,1.6565670288918724,141.99,13683800.0,146.74,7267200.0,145.49,10291300.0,30.594277329420464,-4.879378492571895,-4.062134854629185,-0.016973026269455516,0.008700001958526167
JPM,2021-06-15,138.81,139.0,136.53,137.46,137.46,24485500,Financials,141.08800000000002,144.007,144.14500000000004,140.1154,142.77307654427022,142.62952773628763,0.14354880798259728,1.3539633847100174,139.58,19917900.0,146.16,10370700.0,147.09,9445400.0,29.263157894736892,-5.952380952380942,-6.547012033448906,-0.015188422410087443,0.0075088700621563755
JPM,2021-06-16,137.06,139.62,135.63,138.43,138.43,25321200,Financials,139.908,143.14000000000001,143.876,140.1816,142.1049109220748,142.31845160767375,-0.21354068559895723,1.0404625706482225,137.46,24485500.0,144.33,12377400.0,147.1,10498600.0,33.815789473684276,-4.0878542229612735,-5.893949694085643,0.007056598283136983,0.008474274560500308
JPM,2021-06-17,139.16,139.48,133.98,134.43,134.43,29722400,Financials,138.37800000000001,141.863,143.462,140.1254,140.92415539560176,141.73412185895717,-0.8099664633554085,0.6703767638474962,138.43,25321200.0,142.08,12119400.0,147.2,13354400.0,17.147908073070113,-5.384290540540548,-8.67527173913042,-0.028895470634977993,0.010734275146716377
JPM,2021-06-18,132.25,132.61,130.71,131.03,131.03,43595700,Financials,136.186,140.223,142.89000000000001,139.9978,139.40197764243226,140.94122394347886,-1.539246301046603,0.22845215086867637,134.43,29722400.0,141.99,13683800.0,147.43,8510800.0,14.34911242603549,-7.718853440383134,-11.123923217798282,-0.02529197351781598,0.011154309687217335
JPM,2021-06-21,132.06,133.93,132.0,133.25,133.25,18664800,Financials,134.92000000000002,138.874,142.348,139.8942,138.45551954359652,140.37150365136932,-1.9159841077728004,-0.20043510085961896,131.03,43595700.0,139.58,19917900.0,146.74,7267200.0,16.889952153110045,-4.535033672445921,-9.193130707373587,0.016942684881324777,0.01430890908370133
JPM,2021-06-22,133.4,133.73,131.69,133.06,133.06,14251200,Financials,134.04000000000002,137.564,141.7575,139.7926,137.62543961381243,139.82991078830494,-2.204471174492511,-0.6012423155861975,133.25,18664800.0,137.46,24485500.0,146.16,10370700.0,16.6982922201139,-3.200931179979638,-8.962780514504654,-0.0014258911819887699,0.014439551014456958
JPM,2021-06-23,133.05,134.68,132.95,133.86,133.86,12733300,Financials,133.126,136.517,141.282,139.74,137.04614121168743,139.38769517435642,-2.3415539626689963,-0.9493046450027572,133.06,14251200.0,138.43,25321200.0,144.33,12377400.0,19.375573921028575,-3.301307520046226,-7.254209104136356,0.0060123252667969584,0.015145482524738765
JPM,2021-06-24,134.57,135.64,133.95,135.1,135.1,13733200,Financials,133.26,135.81900000000002,140.86950000000002,139.76319999999998,136.74673487142783,139.0700881244041,-2.3233532529762613,-1.224114366597458,133.86,12733300.0,134.43,29722400.0,142.08,12119400.0,22.948661693725285,0.49840065461577154,-4.912725225225234,0.009263409532347167,0.015681695176957826
JPM,2021-06-25,135.17,136.86,134.35,136.46,136.46,15484900,Financials,134.346,135.26600000000002,140.4135,139.7966,136.7026218142851,138.87674826333713,-2.1741264490520393,-1.4141167830883745,135.1,13733200.0,131.03,43595700.0,141.99,13683800.0,28.090366581415182,4.144089139891638,-3.894640467638566,0.010066617320503513,0.016356691335818855
JPM,2021-06-28,136.15,136.84,134.75,136.71,136.71,14125800,Financials,135.038,134.97899999999998,139.9745,139.8148,136.7037569197797,138.71624839197884,-2.0124914721991445,-1.5337917209105287,136.46,15484900.0,133.25,18664800.0,139.58,19917900.0,29.571984435797688,2.596622889305822,-2.0561685055165535,0.0018320386926571341,0.015749177872779945
JPM,2021-06-29,137.3,138.46,136.07,136.54,136.54,14528700,Financials,135.73399999999998,134.887,139.447,139.8412,136.6785635475059,138.55504480738782,-1.8764812598819276,-1.6023296287048088,136.71,14125800.0,133.06,14251200.0,137.46,24485500.0,31.858407079646,2.615361491056656,-0.6692856103593936,-0.0012435081559506456,0.015049857496228785
JPM,2021-06-30,136.19,138.26,136.16,137.78,137.78,12531000,Financials,136.51799999999997,134.822,138.981,139.9522,136.84801530942806,138.49763408091465,-1.6496187714865869,-1.6117874572611646,136.54,14528700.0,133.86,12733300.0,138.43,25321200.0,39.491691104594324,2.928432690871041,-0.4695513978183907,0.009081587813095204,0.015176938526305991
JPM,2021-07-01,138.42,139.2,137.67,139.14,139.14,10479400,Financials,137.32600000000002,135.293,138.57800000000003,140.06799999999998,137.20062833874684,138.54521674158764,-1.3445884028407988,-1.5583476463770913,137.78,12531000.0,135.1,13733200.0,134.43,29722400.0,43.4422457432121,2.9903774981495213,3.503682213791559,0.009870808535346054,0.01161235056326739
JPM,2021-07-02,138.94,139.27,138.2,139.01,139.01,11424000,Financials,137.836,136.091,138.15699999999998,140.2374,137.47899320970885,138.57964513109965,-1.1006519213908064,-1.4668085013798344,139.14,10479400.0,136.46,15484900.0,131.03,43595700.0,48.53470437017989,1.8686794665103257,6.090208349232995,-0.000934310766134816,0.006186449001026591
JPM,2021-07-06,138.79,138.79,135.73,136.68,136.68,15083400,Financials,137.82999999999998,136.43400000000003,137.654,140.3102,137.35607117744595,138.43893067694412,-1.08285949949817,-1.3900187010035017,139.01,11424000.0,136.71,14125800.0,133.25,18664800.0,48.01627670396744,-0.021944261575601587,2.574108818011256,-0.016761384073088137,0.00833726565878922
JPM,2021-07-07,135.43,137.45,135.02,136.84,136.84,12271800,Financials,137.89000000000001,136.812,137.18800000000002,140.3796,137.27667561168505,138.32049136754088,-1.0438157558558316,-1.3207781119739677,136.68,15083400.0,136.54,14528700.0,133.06,14251200.0,45.78249336870026,0.21971583418778362,2.8408236885615556,0.0011706175007315522,0.008238627785017395
JPM,2021-07-08,135.07,135.89,133.67,134.48,134.48,17834600,Financials,137.23000000000002,136.874,136.69549999999998,140.3896,136.84641782527197,138.0360105255008,-1.1895927002288431,-1.2945410296249429,136.84,12271800.0,137.78,12531000.0,133.86,12733300.0,50.14526438117369,-2.3951226593119546,0.4631704766173472,-0.017246419175679706,0.010273937485301478
JPM,2021-07-09,136.35,139.12,135.94,138.78,138.78,13694500,Financials,137.158,137.24200000000002,136.53050000000002,140.4682,137.14389200599936,138.0911208569452,-0.9472288509458338,-1.225078593889121,134.48,17834600.0,139.14,10479400.0,135.1,13733200.0,71.3970182219768,-0.2587322121604063,2.723908216136195,0.03197501487210008,0.01418853163368302
JPM,2021-07-12,137.51,141.8,137.15,140.77,140.77,19940400,Financials,137.51,137.673,136.4695,140.5342,137.70175477430715,138.28955634902334,-0.5878015747161953,-1.0976231900545361,138.78,13694500.0,139.01,11424000.0,136.46,15484900.0,71.02908277404921,1.266095964319125,3.158434706140989,0.014339241965701133,0.014493355438323164
JPM,2021-07-13,139.03,140.22,136.76,138.67,138.67,22671700,Financials,137.908,137.869,136.424,140.5826,137.8507155782599,138.31773736020682,-0.4670217819469258,-0.9715029084330141,140.77,19940400.0,136.68,15083400.0,136.71,14125800.0,64.17382516422428,1.455955516534968,1.4336917562723928,-0.014917951268025975,0.015596043452603242
JPM,2021-07-14,138.94,140.12,136.27,138.2,138.2,14622800,Financials,138.18,138.035,136.461,140.6296,137.90445164314298,138.30901607426557,-0.4045644311225942,-0.8581152129709302,138.67,22671700.0,136.84,12271800.0,136.54,14528700.0,61.15107913669056,0.9938614440222038,1.2157609491723953,-0.00338934160236537,0.015653152747068282
JPM,2021-07-15,137.11,139.46,136.93,138.5,138.5,11539300,Financials,138.984,138.107,136.4645,140.645,137.99607446727484,138.32316303172738,-0.32708856445253787,-0.7519098832672517,138.2,14622800.0,134.48,17834600.0,137.78,12531000.0,59.17926565874728,2.9892920880428386,0.522572216577144,0.0021707670043416005,0.015423213236256365
JPM,2021-07-16,138.95,139.23,134.55,135.34,135.34,14002700,Financials,138.296,137.727,136.51000000000002,140.5612,137.58744762615564,138.10218799234016,-0.514740366184526,-0.7044759798507066,138.5,11539300.0,138.78,13694500.0,139.14,10479400.0,47.24409448818897,-2.478743334774458,-2.731062239471027,-0.022815884476534265,0.016660680416762833
JPM,2021-07-19,132.35,133.48,129.82,130.94,130.94,22172900,Financials,136.32999999999998,136.92,136.50549999999998,140.3332,136.56476337597783,137.5716555484631,-1.0068921724852657,-0.7649592183776185,135.34,14002700.0,140.77,19940400.0,139.01,11424000.0,38.21005312627709,-6.98302195069973,-5.805337745485928,-0.03251071375794301,0.01911307506808538
JPM,2021-07-20,130.54,134.64,130.37,133.38,133.38,15385200,Financials,135.272,136.59,136.512,140.1442,136.07479977967355,137.26116254487323,-1.186362765199675,-0.8492399277420298,130.94,22172900.0,138.67,22671700.0,136.68,15083400.0,44.09124906507107,-3.8148121439388394,-2.414398595259004,0.018634489078967365,0.020108852517084785
JPM,2021-07-21,135.46,136.89,134.85,136.19,136.19,12356700,Financials,134.86999999999998,136.525,136.6685,140.0118,136.092522890493,137.18181717117892,-1.0892942806859196,-0.8972507983308078,133.38,15385200.0,138.2,14622800.0,136.84,12271800.0,47.19180501589544,-1.4544138929088235,-0.4750073078047423,0.021067626330784295,0.021427071105525608
JPM,2021-07-22,136.2,136.7,133.61,134.47,134.47,9913300,Financials,134.064,136.524,136.699,139.8924,135.8429039842633,136.98094182516567,-1.1380378409023706,-0.9454082068451204,136.19,12356700.0,138.5,11539300.0,134.48,17834600.0,41.855598186257446,-2.909747292418774,-0.007436049970244163,-0.012629414788163595,0.021067333144782274
JPM,2021-07-23,134.96,136.17,133.86,134.21,134.21,9666100,Financials,133.83800000000002,136.067,136.6545,139.78719999999998,135.59168798668435,136.7756868751534,-1.1839988884690626,-0.9931263431699089,134.47,9913300.0,135.34,14002700.0,138.78,13694500.0,41.66666666666671,-0.8349342396926196,-3.292981697650954,-0.0019335167695395672,0.017869582052506876
JPM,2021-07-26,133.81,135.38,133.79,135.11,135.11,8208000,Financials,134.672,135.501,136.587,139.62820000000002,135.51758214257907,136.65230266217907,-1.1347205195999948,-1.021445178455926,134.21,9666100.0,130.94,22172900.0,140.77,19940400.0,47.13189623675559,3.1846647319383026,-4.02074305604887,0.006705908650622261,0.01718719246970515
JPM,2021-07-27,133.99,135.86,133.46,134.93,134.93,11218700,Financials,134.98200000000003,135.127,136.498,139.4212,135.4271848898746,136.52472468720285,-1.0975397973282384,-1.0366641022303884,135.11,8208000.0,133.38,15385200.0,138.67,22671700.0,46.513326031398336,1.1620932673564344,-2.697050551669422,-0.0013322477980904912,0.016756479712071004
JPM,2021-07-28,135.68,136.11,134.42,135.15,135.15,9217300,Financials,134.774,134.822,136.42849999999999,139.20680000000002,135.38454106066314,136.42289322889152,-1.0383521682283856,-1.037001715429988,134.93,11218700.0,136.19,12356700.0,138.2,14622800.0,51.32673267326735,-0.763639033702912,-2.206946454413883,0.0016304750611428886,0.01680543222515557
JPM,2021-07-29,136.44,137.09,135.34,136.31,136.31,9063500,Financials,135.142,134.603,136.35500000000002,139.0568,135.52691935902266,136.41453076749215,-0.8876114084694962,-1.0071236540378896,135.15,9217300.0,134.47,9913300.0,138.5,11539300.0,44.41429217548622,1.3683349445973159,-1.5812274368231072,0.008583055863854883,0.01710618959725961
JPM,2021-07-30,135.94,136.91,134.71,135.22,135.22,9805200,Financials,135.344,134.59099999999998,136.159,138.907,135.47970099609608,136.3260470069372,-0.8463460108411027,-0.9749681253985323,136.31,9063500.0,134.21,9666100.0,135.34,14002700.0,36.916548797736915,0.7525519707920258,-0.08866558297621063,-0.00799647861492192,0.015628629123467755
JPM,2021-08-02,135.45,137.6,134.59,134.68,134.68,10203200,Financials,135.25799999999998,134.96499999999997,135.9425,138.7512,135.35667007361977,136.20411759901592,-0.8474475253961486,-0.9494640053980556,135.22,9805200.0,135.11,8208000.0,130.94,22172900.0,39.847328244274856,-0.3182591962105019,2.8562700473499403,-0.003993492086969308,0.0109276134012323
JPM,2021-08-03,135.37,136.6,133.21,136.21,136.21,10394800,Financials,135.51399999999998,135.248,135.919,138.5936,135.4879516007552,136.20455333242214,-0.7166017316669411,-0.9028915506518328,134.68,10203200.0,134.93,11218700.0,133.38,15385200.0,45.19555770159348,0.9486400355739999,2.1217573849152904,0.01136026136026147,0.009961266979446218
JPM,2021-08-04,134.75,136.64,134.45,134.74,134.74,10155000,Financials,135.432,135.103,135.81400000000002,138.391,135.37288212371593,136.09606790039086,-0.7231857766749386,-0.866950395856454,136.21,10394800.0,135.15,9217300.0,136.19,12356700.0,41.4076782449726,-0.3033666296707316,-1.0646890373742446,-0.010792159165993631,0.00817121545438049
JPM,2021-08-05,135.67,136.93,135.43,136.44,136.44,9151500,Financials,135.45800000000003,135.3,135.912,138.2524,135.5370541046827,136.12154435221376,-0.5844902475310505,-0.8104583661913732,134.74,10155000.0,136.31,9063500.0,134.47,9913300.0,52.69343780607247,0.0953708458660385,1.4650107830742831,0.012616891791598528,0.008092282608350071
JPM,2021-08-06,138.26,140.6,138.19,140.32,140.32,13328800,Financials,136.478,135.911,135.98899999999998,138.1918,136.27289193473152,136.4325410668646,-0.15964913213306886,-0.6802965193797125,136.44,9151500.0,135.22,9805200.0,134.21,9666100.0,73.56783919597991,3.7716314154710773,4.552566872811248,0.02843740838463793,0.01160402228392627
JPM,2021-08-09,140.34,141.26,138.89,140.17,140.17,9516900,Financials,137.57600000000002,136.417,135.959,138.08360000000002,136.8724470216959,136.70938987672648,0.1630571449694287,-0.5116257865098843,140.32,13328800.0,134.68,10203200.0,135.11,8208000.0,69.27881885292447,4.076329076329066,3.7450965879653353,-0.0010689851767389236,0.011701491708367987
JPM,2021-08-10,139.64,142.53,139.26,141.89,141.89,8667000,Financials,138.712,137.113,136.11999999999998,138.0116,137.6443782491273,137.09313877474673,0.5512394743805658,-0.29905273433179436,140.17,9516900.0,136.21,10394800.0,134.93,11218700.0,67.25181598062952,4.170031568900945,5.158230193433622,0.012270814011557496,0.011835658188382742
JPM,2021-08-11,142.55,143.88,141.73,143.58,143.58,9156500,Financials,140.48,137.95600000000002,136.389,137.9414,138.55755082618464,137.57364701365438,0.9839038125302579,-0.0424614249593839,141.89,8667000.0,134.74,10155000.0,135.15,9217300.0,77.62280169799881,6.560783731631292,6.237513873473932,0.01191063499894307,0.011946296306653661
JPM,2021-08-12,144.22,144.66,143.04,144.14,144.14,8844200,Financials,142.01999999999998,138.73899999999998,136.671,137.8822,139.41638916061777,138.06004353116145,1.3563456294563139,0.23729998592375567,143.58,9156500.0,136.44,9151500.0,136.31,9063500.0,79.57117331745081,5.643506303136903,5.744259408700736,0.003900264660816166,0.011931347694978263
JPM,2021-08-13,144.14,144.47,142.16,142.53,142.53,8980900,Financials,142.462,139.47,137.0305,137.78879999999998,139.8954062128304,138.3911514177421,1.5042547950883147,0.4906909477566675,144.14,8844200.0,140.32,13328800.0,135.22,9805200.0,71.2,1.5749714937286274,5.406005028841898,-0.011169696128763618,0.012369202406955066
JPM,2021-08-16,141.6,141.68,139.68,141.59,141.59,8755800,Financials,142.74599999999998,140.161,137.56300000000002,137.672,140.15611294931804,138.62810316457603,1.5280097847420109,0.6981547151537362,142.53,8980900.0,140.17,9516900.0,134.68,10203200.0,68.23658269441404,1.0130555753727677,5.130680130680121,-0.006595102785378448,0.012612461708558426
JPM,2021-08-17,140.38,141.53,138.33,139.88,139.88,9347200,Financials,142.344,140.528,137.888,137.5348,140.11363403403834,138.72083626349632,1.3927977705420176,0.8370833262313926,141.59,8755800.0,141.89,8667000.0,136.21,10394800.0,61.97468354430379,-1.4165903164423121,2.694368989060991,-0.012077124090684399,0.013465971571127564
JPM,2021-08-18,139.26,140.77,138.4,138.61,138.61,8065500,Financials,141.35,140.91500000000002,138.00900000000001,137.38379999999998,139.88230572110936,138.712626169904,1.1696795512053484,0.9036025712261837,139.88,9347200.0,143.58,9156500.0,134.74,10155000.0,55.790533736153115,-3.461484886474442,2.8721983078521696,-0.009079210752073075,0.013284331697906451
JPM,2021-08-19,136.45,138.59,136.32,137.45,137.45,9517700,Financials,140.012,141.016,138.158,137.2462,139.5081048409387,138.61909830546668,0.8890065354720207,0.9006833640753511,138.61,8065500.0,144.14,8844200.0,136.44,9151500.0,55.59458103361764,-4.6413209379769675,0.7402521254763927,-0.008368804559555798,0.01323883841912828
JPM,2021-08-20,137.51,138.0,136.45,137.84,137.84,6974100,Financials,139.07399999999998,140.768,138.3395,137.1614,139.25147332694812,138.56138731987653,0.6900860070715851,0.858563892674598,137.45,9517700.0,142.53,8980900.0,140.32,13328800.0,57.987866531850344,-3.2905353258963044,-1.767388825541616,0.002837395416515287,0.00914701148957704
JPM,2021-08-23,138.39,139.95,138.31,139.61,139.61,7934600,Financials,138.67800000000003,140.712,138.5645,137.1138,139.3066312766484,138.63906233321902,0.6675689434293872,0.820364902825556,137.84,6974100.0,141.59,8755800.0,140.17,9516900.0,58.491508491508505,-1.3984038420792322,-0.3995148747948707,0.012840975043528768,0.010251975468535459
JPM,2021-08-24,139.87,141.26,139.76,140.47,140.47,7670900,Financials,138.796,140.57,138.8415,137.1316,139.48561108024094,138.77468734557317,0.710923734667773,0.7984766691939995,139.61,7934600.0,139.88,9347200.0,141.89,8667000.0,64.76043276661512,0.42179010580498666,-1.0007752484318733,0.006160017190745437,0.009575731571855973
JPM,2021-08-25,141.22,144.13,140.59,143.37,143.37,11335000,Financials,139.748,140.549,139.2525,137.24980000000002,140.0832093755885,139.1150808755307,0.9681285000577873,0.8324070353667571,140.47,7670900.0,138.61,8065500.0,143.58,9156500.0,66.8122270742358,3.434095664093495,-0.14625992478061178,0.020644977575283052,0.01114956733050343
JPM,2021-08-26,144.56,145.96,143.57,144.11,144.11,11027500,Financials,141.07999999999998,140.546,139.64249999999998,137.3634,140.70271562549794,139.48507488475067,1.217640740747271,0.90945377644286,143.37,11335000.0,137.45,9517700.0,144.14,8844200.0,60.84716657126506,4.845398326664263,-0.020813098376559758,0.00516147032154568,0.011206713863995058
JPM,2021-08-27,144.11,145.36,143.67,145.26,145.26,8780200,Financials,142.564,140.81900000000002,140.1445,137.58,141.40383629849825,139.91284711550986,1.4909891829883861,1.0257608577519652,144.11,11027500.0,137.84,6974100.0,142.53,8980900.0,63.779101245262595,5.383052814857803,1.9153862344769346,0.007980015266116025,0.010704111734088284
JPM,2021-08-30,145.41,145.66,142.44,142.94,142.94,7937600,Financials,143.23000000000002,140.954,140.5575,137.8182,141.64016917565237,140.13708066250913,1.5030885131432399,1.1212263888302203,145.26,8780200.0,139.61,7934600.0,141.59,8755800.0,52.753015207131654,2.385215958742193,0.9534571650540169,-0.01597136169626867,0.01188171197352477
JPM,2021-08-31,142.94,143.77,141.97,142.5,142.5,12340800,Financials,143.63600000000002,141.216,140.872,138.0032,141.7724508409366,140.31211172454547,1.4603391163911397,1.1890489343424042,142.94,7937600.0,140.47,7670900.0,139.88,9347200.0,46.96969696969693,1.4451484302698159,1.8730340291678527,-0.0030782146355113893,0.011094880382385918
JPM,2021-09-01,142.74,143.22,141.63,142.3,142.3,8729900,Financials,143.422,141.58499999999998,141.25,138.18800000000002,141.85361225002328,140.45936270791248,1.3942495421107992,1.2300890558960833,142.5,12340800.0,143.37,11335000.0,138.61,8065500.0,44.73081328751439,-0.7463207086559231,2.6621455883413914,-0.00140350877192974,0.010499473198324009
JPM,2021-09-02,142.56,143.98,142.04,142.96,142.96,8813300,Financials,143.192,142.13600000000002,141.576,138.37,142.02382575001968,140.64459509991894,1.3792306501007374,1.2599173747370143,142.3,8729900.0,144.11,11027500.0,137.45,9517700.0,51.30224106602061,-0.7980015266116247,4.008730447435438,0.004638088545326768,0.009758089724481538
JPM,2021-09-03,142.89,143.34,141.79,142.09,142.09,7959700,Financials,142.55800000000002,142.56099999999998,141.6645,138.5098,142.0340064038628,140.75166212955457,1.2823442743082296,1.2644027546512575,142.96,8813300.0,145.26,8780200.0,137.84,6974100.0,51.52068126520681,-2.18229381798154,3.0832849680789254,-0.0060856183547846054,0.010268882508304322
JPM,2021-09-07,142.54,143.78,141.62,141.84,141.84,9285600,Financials,142.33800000000002,142.78400000000002,141.748,138.6174,142.004159264807,140.83227974958757,1.1718795152194161,1.2458981067648893,142.09,7959700.0,142.94,7937600.0,139.61,7934600.0,56.542056074766386,-0.7695536588778418,1.5973067831817067,-0.00175944823703289,0.00975323024968655
JPM,2021-09-08,141.56,142.17,140.8,141.21,141.21,7852700,Financials,142.07999999999998,142.858,141.714,138.7074,141.88198091637514,140.8602590273959,1.0217218889792434,1.2010628632077602,141.84,9285600.0,142.5,12340800.0,140.47,7670900.0,59.06555090655507,-0.9052631578947312,0.5268028760589516,-0.004441624365482233,0.009782096963677035
JPM,2021-09-09,141.01,143.29,140.84,141.83,141.83,7904300,Financials,141.98600000000002,142.704,141.6265,138.81320000000002,141.87398385231742,140.93209169203325,0.9418921602841692,1.149228722623042,141.21,7852700.0,142.3,8729900.0,143.37,11335000.0,65.86956521739141,-0.33028812368236515,-1.0741438236730128,0.004390623893492096,0.007042153534130102
JPM,2021-09-10,143.05,143.19,140.07,140.19,140.19,8311600,Financials,141.43200000000002,142.312,141.429,138.8614,141.61490941349936,140.87712193706784,0.7377874764315209,1.0669404733847379,141.83,7904300.0,142.96,8813300.0,144.11,11027500.0,57.807308970099655,-1.9376049244543947,-2.7201443341891673,-0.011563138969188591,0.007379152889752354
JPM,2021-09-13,141.24,142.59,140.83,142.42,142.42,10052800,Financials,141.498,142.028,141.42350000000002,138.92700000000002,141.73876950373023,140.99140920098876,0.7473603027414697,1.0030244392560843,140.19,8311600.0,142.09,7959700.0,145.26,8780200.0,59.05867182462921,0.23224716728833528,-1.9551149662673906,0.01590698337969898,0.008921926181560718
JPM,2021-09-14,142.95,143.74,139.21,139.94,139.94,11685600,Financials,141.118,141.728,141.341,138.94559999999998,141.46203573392557,140.91352703795255,0.5485086959730268,0.9121212905994729,142.42,10052800.0,141.84,9285600.0,142.94,7937600.0,48.45300642148277,-1.3395375070502036,-2.0987827060304998,-0.01741328465103209,0.009181816978480412
JPM,2021-09-15,139.62,141.38,139.4,140.91,140.91,11691500,Financials,141.058,141.56900000000002,141.39249999999998,139.0302,141.37710715947549,140.91326577588197,0.46384138359351823,0.8224653091982821,139.94,11685600.0,141.21,7852700.0,142.5,12340800.0,41.90789473684206,-0.21244954323349496,-1.1157894736842144,0.006931542089466891,0.009597234004369105
JPM,2021-09-16,142.02,143.3,140.07,140.85,140.85,10880900,Financials,140.862,141.424,141.50449999999998,139.1104,141.29601375032541,140.90857942211295,0.38743432821246415,0.7354591130011185,140.91,11691500.0,141.83,7904300.0,142.3,8729900.0,38.77410468319549,-0.6909680603539581,-1.01897399859453,-0.0004258037044923002,0.00959855144619819
JPM,2021-09-17,140.21,141.66,139.87,140.48,140.48,25581600,Financials,140.92,141.176,141.656,139.2304,141.17047317335226,140.8768327982527,0.29364037509955665,0.6470953654208061,140.85,10880900.0,140.19,8311600.0,142.96,8813300.0,32.605531295487594,0.2068621157001127,-1.734750979294919,-0.0026269080582179694,0.009398756282397894
JPM,2021-09-20,137.1,137.7,134.07,136.27,136.27,15819900,Financials,139.69,140.594,141.5775,139.1802,140.41655422360577,140.53558592430807,-0.11903170070229407,0.4938699521961861,140.48,25581600.0,142.42,10052800.0,142.09,7959700.0,28.662827895073576,-4.3182137340260995,-4.0959954958125095,-0.02996867881548959,0.01298486319838329
JPM,2021-09-21,136.78,137.69,135.94,136.29,136.29,8999900,Financials,138.95999999999998,140.039,141.4115,139.0906,139.78169972766642,140.22109807806302,-0.43939835039660124,0.3072162916776287,136.27,15819900.0,139.94,11685600.0,141.84,9285600.0,29.585798816567944,-2.608260683149921,-3.912859560067694,0.0001467674469801672,0.013036879306638806
JPM,2021-09-22,138.27,140.1,138.18,138.9,138.9,11236200,Financials,138.558,139.808,141.333,139.0952,139.64605361571773,140.12323896116948,-0.47718534545174407,0.15033596425175416,136.29,8999900.0,140.91,11691500.0,141.21,7852700.0,40.35187287173663,-1.4264424100489559,-1.6358614828978157,0.019150341184239528,0.014926890377276607
JPM,2021-09-23,140.77,144.07,140.47,143.6,143.6,12336100,Financials,139.108,139.98499999999999,141.34449999999998,139.2032,140.25435305945348,140.38077681589766,-0.1264237564441828,0.09498402011256678,138.9,11236200.0,140.85,10880900.0,141.83,7904300.0,51.47737765466295,1.9524316648917184,1.2479729253331406,0.03383729301655869,0.018664880434066326
JPM,2021-09-24,143.83,145.75,143.28,145.26,145.26,10102400,Financials,140.064,140.492,141.402,139.3384,141.02445258876833,140.7422007554608,0.28225183330752657,0.13243758275155876,143.6,12336100.0,140.48,25581600.0,140.19,8311600.0,57.06013363028951,3.4026195899772294,3.6165204365503856,0.011559888579387056,0.018309766280460785
JPM,2021-09-27,147.0,149.14,146.65,148.77,148.77,13220900,Financials,142.56400000000002,141.127,141.57750000000001,139.607,142.21607526741937,141.3368525513526,0.8792227160667778,0.2817946094146026,145.26,10102400.0,136.27,15819900.0,142.42,10052800.0,63.47724620770131,9.172965436266246,4.458643448953814,0.024163568773234445,0.01909041613435341
JPM,2021-09-28,149.41,150.83,147.59,147.96,147.96,13387900,Financials,144.898,141.929,141.82850000000002,139.9474,143.0997559955087,141.8274560660672,1.2722999294414876,0.47989567341997963,148.77,13220900.0,136.29,8999900.0,139.94,11685600.0,63.035921205098504,8.562623816861127,5.73102758324997,-0.005444646098003658,0.017899490642842436
JPM,2021-09-29,148.08,148.69,147.04,147.85,147.85,7777100,Financials,146.688,142.623,142.096,140.23680000000002,143.83056276543044,142.2735704315437,1.5569923338867397,0.6953150055133317,147.96,13387900.0,138.9,11236200.0,140.91,11691500.0,61.859732072498,6.443484521238285,4.925129515293447,-0.0007434441741012154,0.018006582088032477
JPM,2021-09-30,148.71,148.77,145.03,145.83,145.83,13161200,Financials,147.134,143.121,142.27249999999998,140.4296,144.13816849382576,142.53700965883675,1.6011588349890076,0.8764837714084669,147.85,7777100.0,143.6,12336100.0,140.85,10880900.0,60.947204968944135,1.5529247910863742,3.535676251331221,-0.013662495772742478,0.018910698104935553
JPM,2021-10-01,146.11,149.94,145.75,148.9,148.9,11285000,Financials,147.86200000000002,143.96300000000002,142.5695,140.71820000000002,144.8707579563141,143.0083422767007,1.862415679613406,1.0736701530494548,145.83,13161200.0,145.26,10102400.0,140.48,25581600.0,62.180451127819595,2.505851576483553,5.993735763097963,0.02105190975793736,0.01951155499901091
JPM,2021-10-04,148.76,151.85,147.65,148.74,148.74,14120000,Financials,147.856,145.21,142.90200000000002,141.0088,145.466025963035,143.4329095154636,2.033116447571416,1.2655594119538471,148.9,11285000.0,148.77,13220900.0,136.27,15819900.0,68.12191103789131,-0.0201653559185333,9.150950319219199,-0.0010745466756212352,0.015270160690849638
JPM,2021-10-05,149.87,152.49,149.38,151.17,151.17,12292900,Financials,148.498,146.698,143.36849999999998,141.33,146.3435604302604,144.00602732913296,2.337533101127434,1.4799541497885644,148.74,14120000.0,147.96,13387900.0,136.29,8999900.0,69.93006993006995,2.169505271695038,10.917895663658372,0.016337232755142983,0.015096468504977303
JPM,2021-10-06,150.57,151.56,148.78,151.49,151.49,8692600,Financials,149.22600000000003,147.957,143.8825,141.6612,147.1353203640665,144.56039567512312,2.5749246889433834,1.6989482576195285,151.17,12292900.0,147.85,7777100.0,138.9,11236200.0,70.46153846153851,2.4619546838011708,9.064074874010085,0.0021168221207912286,0.01497465251647039
JPM,2021-10-07,153.44,153.72,151.96,152.45,152.45,10195400,Financials,150.55,148.842,144.4135,142.00719999999998,147.95296338497934,145.1448108102992,2.8081525746801503,1.920789121031653,151.49,8692600.0,145.83,13161200.0,143.6,12336100.0,72.50846182775484,4.539532332167573,6.162952646239561,0.006337051950623618,0.012122130436657724
JPM,2021-10-08,152.39,153.57,151.74,152.57,152.57,8190100,Financials,151.28400000000002,149.573,145.0325,142.3324,148.66327671036714,145.69482482435112,2.9684518860160267,2.1303216740285276,152.45,10195400.0,148.9,11285000.0,145.26,10102400.0,86.22222222222223,2.464741437206164,5.032355775850195,0.0007871433256805282,0.012057973515393113
JPM,2021-10-11,153.09,153.52,149.2,149.36,149.36,12154700,Financials,151.408,149.632,145.3795,142.61520000000002,148.7704649087722,145.9663192818066,2.8041456269656067,2.2650864646159437,152.57,8190100.0,148.74,14120000.0,148.77,13220900.0,75.43791358505263,0.41683474519296215,0.39658533306445864,-0.02103952284197408,0.012533718905815866
JPM,2021-10-12,148.56,149.4,147.68,148.21,148.21,13032600,Financials,150.81599999999997,149.657,145.793,142.8858,148.68423953819186,146.1325178535246,2.551721684667257,2.3224135086262065,149.36,12154700.0,151.17,12292900.0,147.96,13387900.0,69.21172100701614,-1.9580604617318143,0.16896458502297929,-0.007699517943224432,0.012671406876600552
JPM,2021-10-13,147.05,148.25,143.94,144.3,144.3,22753500,Financials,149.378,149.302,145.9625,143.0476,148.00974114770082,145.99677579030057,2.0129653574002475,2.2605238783810147,148.21,13032600.0,151.49,8692600.0,147.85,7777100.0,51.493174061433486,-4.746187867185947,-2.401082177882974,-0.026381485729707776,0.015228412450753029
JPM,2021-10-14,144.97,147.0,143.46,146.52,146.52,15176800,Financials,148.192,149.371,146.246,143.2832,147.7805502019007,146.0355331391672,1.7450170627334955,2.1574225152515107,144.3,22753500.0,152.45,10195400.0,145.83,13161200.0,52.62500000000005,-3.889799934404714,0.4731536720839369,0.01538461538461533,0.015591051107030471
JPM,2021-10-15,148.2,149.83,147.12,149.33,149.33,14267400,Financials,147.54400000000004,149.414,146.6885,143.541,148.01892709391598,146.27956772145112,1.739359372464861,2.073809886694181,146.52,15176800.0,152.57,8190100.0,148.9,11285000.0,51.20171673819744,-2.1236153896571963,0.28878441907320695,0.019178269178269147,0.015326740354030427
JPM,2021-10-18,149.21,151.12,148.7,149.28,149.28,12672900,Financials,147.52800000000002,149.468,147.339,143.7202,148.2129383102366,146.50182196430657,1.7111163459300371,2.0012711785413524,149.33,14267400.0,149.36,12154700.0,148.74,14120000.0,52.928127772848256,-0.053561863952877875,0.3630496167809527,-0.0003348289024309725,0.015320645751357984
JPM,2021-10-19,150.04,151.16,149.3,151.09,151.09,8053900,Financials,148.104,149.46,148.079,143.93859999999998,148.6555631855848,146.84168700398757,1.8138761815972373,1.9637921791525295,149.28,12672900.0,148.21,13032600.0,151.17,12292900.0,56.68316831683172,1.9431887187099317,-0.05292055301976406,0.012124866023579761,0.014887653792314859
JPM,2021-10-20,150.84,153.15,150.09,153.12,153.12,8185600,Financials,149.868,149.623,148.79000000000002,144.1632,149.34239961857176,147.30674722591442,2.03565239265734,1.9781642218534916,151.09,8053900.0,144.3,22753500.0,151.49,8692600.0,65.03092783505156,6.112266112266118,1.0759786124496573,0.013435700575815668,0.015480933908891333
JPM,2021-10-21,153.05,153.56,151.19,151.92,151.92,8415200,Financials,150.948,149.57,149.20600000000002,144.33,149.73895352340688,147.64846965362446,2.0904838697824175,2.000628151439277,153.12,8185600.0,146.52,15176800.0,152.45,10195400.0,56.747095621090224,3.685503685503666,-0.3476549688422481,-0.007836990595611382,0.015604602473181683
JPM,2021-10-22,152.4,154.24,152.1,153.96,153.96,8817900,Financials,151.874,149.709,149.64100000000002,144.5264,150.38834528903658,148.11599042002265,2.272354869013924,2.0549734949542064,151.92,8415200.0,149.33,14267400.0,152.57,8190100.0,60.75845012366034,3.1005156365097486,0.9110572196368905,0.013428120063191384,0.016197631797982497
JPM,2021-10-25,154.8,155.02,152.8,153.21,153.21,10159200,Financials,152.66,150.094,149.863,144.74,150.82244601380017,148.49332446298394,2.3291215508162395,2.109803106126613,153.96,8817900.0,149.28,12672900.0,149.36,12154700.0,54.51727192205496,2.6326366559485503,2.5776647027316413,-0.004871395167575954,0.014464604785333358
JPM,2021-10-26,153.26,154.6,152.85,153.62,153.62,8015100,Financials,153.166,150.635,150.14600000000002,144.98059999999998,151.252838934754,148.87307820646663,2.37976072828738,2.1637946305587663,153.21,10159200.0,151.09,8053900.0,148.21,13032600.0,54.697838553153936,1.674498643192801,3.6502260306322087,0.0026760655309705506,0.014005144928092843
JPM,2021-10-27,152.66,153.0,149.98,150.42,150.42,9847000,Financials,152.626,151.247,150.27450000000002,145.1914,151.12470986786877,148.98766500598762,2.137044861881151,2.158444676823243,153.62,8015100.0,153.12,8185600.0,144.3,22753500.0,45.925331192292255,-1.7633228840125525,4.24116424116423,-0.020830621012889017,0.012733551082313166
JPM,2021-10-28,150.84,152.83,150.54,152.69,152.69,7212900,Financials,152.78,151.864,150.6175,145.473,151.36552373435052,149.26191204258114,2.1036116917693732,2.147478079812469,150.42,9847000.0,151.92,8415200.0,146.52,15176800.0,50.22172949002218,0.5068457082675115,4.211029211029205,0.015091078314054096,0.012705300855151458
JPM,2021-10-29,153.43,154.38,151.82,152.27,152.27,8140100,Financials,152.442,152.15800000000002,150.786,145.76940000000002,151.50467392906583,149.4847333727603,2.019940556305528,2.121970575111081,152.69,7212900.0,153.96,8817900.0,149.33,14267400.0,55.99505562422742,-1.0976877110937866,1.9687939462934345,-0.002750671294780238,0.011685517030303523
JPM,2021-11-01,154.2,154.46,151.48,152.19,152.19,7435500,Financials,152.238,152.449,150.95850000000002,146.05640000000002,151.61010870920956,149.68512349329657,1.924985215912983,2.082573503271462,152.27,8140100.0,153.21,10159200.0,149.28,12672900.0,58.57758620689651,-0.6657528881926833,1.9493569131832755,-0.0005253825441650095,0.011689925763222479
JPM,2021-11-02,152.19,153.88,151.4,152.79,152.79,7173800,Financials,152.07199999999997,152.619,151.03950000000003,146.32,151.79163044625423,149.91511434564495,1.8765161006092796,2.0413620227390257,152.19,7435500.0,153.62,8015100.0,151.09,8053900.0,71.34238310708886,-0.5402942325218096,1.1251571910781522,0.0039424403705894395,0.011177145847159124
JPM,2021-11-03,152.49,153.38,151.61,152.84,152.84,8402700,Financials,152.55599999999998,152.591,151.107,146.56740000000002,151.9529180699074,150.13177254226383,1.82114552764358,1.9973187237199368,152.79,7173800.0,150.42,9847000.0,153.12,8185600.0,67.83295711060937,1.6088286132163399,-0.18286311389760224,0.0003272465475490094,0.010314983331808874
JPM,2021-11-04,152.37,152.55,149.22,150.84,150.84,9574200,Financials,152.186,152.483,151.0265,146.71679999999998,151.78169990530628,150.1842338354295,1.5974660698767877,1.917348192951307,152.84,8402700.0,152.69,7212900.0,151.92,8415200.0,54.46481371969244,-1.211605213177025,-0.71090047393364,-0.013085579691180294,0.010869078982884564
JPM,2021-11-05,151.38,152.45,150.05,150.62,150.62,7975600,Financials,151.85600000000002,152.149,150.929,146.847,151.60297684295148,150.21651281058288,1.3864640323685933,1.8111713608347642,150.84,9574200.0,152.27,8140100.0,153.96,8817900.0,53.92271662763466,-1.0836014973402586,-2.1693946479605097,-0.0014584990718642388,0.009679515060134095
JPM,2021-11-08,151.52,153.19,151.24,151.53,151.53,6413700,Financials,151.724,151.981,151.0375,146.9724,151.59174963634354,150.3138081579471,1.2779414783964285,1.704525384347097,150.62,7975600.0,152.19,7435500.0,153.21,10159200.0,51.35970333745363,-0.4336684407648339,-1.0965341687879437,0.006041694330102265,0.009949837369646134
JPM,2021-11-09,149.99,151.0,149.32,150.38,150.38,7990300,Financials,151.24200000000002,151.657,151.14600000000002,147.12120000000002,151.4053266153676,150.31871125735844,1.086615358009169,1.5809433790795118,151.53,6413700.0,152.79,7173800.0,153.62,8015100.0,41.04575163398694,-1.5773283591858034,-2.1091003775550066,-0.0075892562528872,0.01005090216075495
JPM,2021-11-10,150.08,151.43,149.76,150.24,150.24,6999200,Financials,150.722,151.63899999999998,151.443,147.276,151.22604559761876,150.3128807938504,0.9131648037683533,1.4473876640172803,150.38,7990300.0,152.84,8402700.0,150.42,9847000.0,44.101123595505705,-1.7011253598534393,-0.11966493817310297,-0.0009309748636785464,0.007597295092278826
JPM,2021-11-11,150.15,151.19,149.59,150.23,150.23,5815300,Financials,150.6,151.39299999999997,151.6285,147.4346,151.0728078133697,150.30674147578742,0.7660663375822878,1.311123398730282,150.24,6999200.0,150.84,9574200.0,152.69,7212900.0,34.725634725634706,-0.404402015380545,-1.6111074726570251,-6.656017039419204e-05,0.0054356348620171885
JPM,2021-11-12,150.26,150.34,148.53,149.55,149.55,8113400,Financials,150.386,151.121,151.63950000000003,147.5664,150.8385296882359,150.25068655165504,0.5878431365808581,1.1664673463003972,150.23,5815300.0,150.62,7975600.0,152.27,8140100.0,34.92586490939047,-0.7103970256274073,-1.7863006501608991,-0.0045263928642745865,0.005505609440593961
JPM,2021-11-15,149.87,150.39,148.78,149.29,149.29,6492500,Financials,149.93800000000002,150.831,151.64000000000001,147.7104,150.6002943515842,150.1795245848658,0.42076976671842203,1.017327830384002,149.55,8113400.0,151.53,6413700.0,152.19,7435500.0,31.943286071726448,-1.4782551309971637,-1.9055128457848736,-0.001738548980274257,0.0054880557444530135
JPM,2021-11-16,149.73,149.74,147.99,148.21,148.21,9706100,Financials,149.504,150.373,151.496,147.8378,150.2325567590328,150.03363387487573,0.1989228841570707,0.8536468411386159,149.29,6492500.0,150.38,7990300.0,152.79,7173800.0,38.80445795339423,-1.4430110387019468,-2.9975783755481267,-0.007234242079174669,0.005298933622285596
JPM,2021-11-17,148.08,148.39,146.44,147.41,147.41,9909600,Financials,148.93800000000002,149.82999999999998,151.2105,147.96179999999998,149.79831725764313,149.83929062488494,-0.040973367241804226,0.6747227994625319,148.21,9706100.0,150.24,6999200.0,152.84,8402700.0,18.571428571428584,-1.8836528221512383,-3.552734886155462,-0.005397746440860995,0.005204809395660528
JPM,2021-11-18,147.34,147.75,145.7,146.14,146.14,8122500,Financials,148.11999999999998,149.36,150.92149999999998,148.048,149.2354992180057,149.56526909711567,-0.3297698791099606,0.47382426374803344,147.41,9909600.0,150.23,5815300.0,150.84,9574200.0,16.864864864864842,-2.722492178659386,-3.1158843808008596,-0.008615426361847978,0.004434435933746009
JPM,2021-11-19,144.57,145.3,142.91,144.23,144.23,12193600,Financials,147.05599999999998,148.721,150.435,148.1288,148.4654224152356,149.17006397881082,-0.7046415635752226,0.23813109828338225,146.14,8122500.0,149.55,8113400.0,150.62,7975600.0,14.079422382671481,-3.557338682714828,-4.242464480148733,-0.013069659230874442,0.005364466550039513
JPM,2021-11-22,147.13,148.77,146.09,147.3,147.3,14549900,Financials,146.65800000000002,148.298,150.1395,148.22639999999998,148.2861266590455,149.03154072112113,-0.7454140620756391,0.041422066211577985,144.23,12193600.0,149.29,6492500.0,151.53,6413700.0,29.741697416974304,-1.3329760868108886,-2.7915264304098075,0.02128544685571665,0.009332215992302724
JPM,2021-11-23,148.34,151.08,148.22,150.83,150.83,12354400,Financials,147.18200000000002,148.343,150.0,148.4442,148.6774917884231,149.16475992696402,-0.48726813854091233,-0.06431597473892009,147.3,14549900.0,148.21,9706100.0,150.38,7990300.0,44.09864944216093,1.7677619593819527,0.2992419204681518,0.023964697895451526,0.012368971418172097
JPM,2021-11-24,150.99,151.87,149.18,149.64,149.64,9629800,Financials,147.628,148.28300000000002,149.96099999999998,148.6188,148.82556997481956,149.19996289533705,-0.3743929205174936,-0.12633136389463478,150.83,12354400.0,147.41,9909600.0,150.24,6999200.0,46.30086313193584,1.5127874635370686,-0.39936102236423077,-0.007889677119936489,0.012642826408936663
JPM,2021-11-26,145.32,145.78,142.35,145.14,145.14,13619300,Financials,147.42800000000003,147.774,149.5835,148.7046,148.2585592094627,148.89922490308984,-0.6406656936271418,-0.2291982298411362,149.64,9629800.0,146.14,8122500.0,150.23,5815300.0,36.634146341463406,-0.6842753524018086,-3.388138188111567,-0.030072173215717757,0.015752018158024555
JPM,2021-11-29,146.37,147.69,143.24,144.51,144.51,12104400,Financials,147.484,147.26999999999998,149.19549999999998,148.78519999999997,147.68185779262228,148.5740971324906,-0.8922393398683255,-0.36180645184657406,145.14,13619300.0,144.23,12193600.0,149.55,8113400.0,32.64094955489617,0.19413436871662526,-3.3701103309929925,-0.004340636626705252,0.015750559182918747
JPM,2021-11-30,142.65,143.97,141.87,142.36,142.36,18922600,Financials,146.496,146.577,148.704,148.907,146.86311043991117,148.113793641195,-1.2506832012838345,-0.5395818017340261,144.51,12104400.0,147.3,14549900.0,149.29,6492500.0,31.102733270499584,-3.3536999321113314,-4.641972000803795,-0.01487786312365913,0.01614786515222233
JPM,2021-12-01,144.3,146.34,141.43,141.51,141.51,12253400,Financials,144.632,145.90699999999998,148.14,149.0114,146.03955498761712,147.62462374184722,-1.5850687542300932,-0.7486791922332396,142.36,18922600.0,150.83,12354400.0,148.21,9706100.0,30.095759233926145,-6.179142080487976,-4.520612644221044,-0.00597077830851378,0.016130111917581295
JPM,2021-12-02,143.25,146.32,142.33,144.49,144.49,12969900,Financials,143.602,145.615,147.72250000000003,149.1232,145.8011619125991,147.3924293905993,-1.5912674780001907,-0.9171968493866298,141.51,12253400.0,149.64,9629800.0,147.41,9909600.0,38.473895582329384,-3.4415931569099056,-1.9808696831965178,0.021058582432337047,0.018024614072744582
JPM,2021-12-03,144.75,145.05,140.89,141.87,141.87,12681800,Financials,142.948,145.188,147.274,149.0886,145.19636777219924,146.9833605468512,-1.7869927746519636,-1.0911560344396967,144.49,12969900.0,145.14,13619300.0,146.14,8122500.0,35.692995529061136,-2.2529971062422383,-2.921855754755698,-0.018132742750363362,0.01866138877353717
JPM,2021-12-06,144.31,145.75,142.92,143.55,143.55,11186500,Financials,142.75600000000003,145.11999999999998,146.9205,149.05440000000002,144.94308042263012,146.72903754338074,-1.7859571207506235,-1.2301162517018822,141.87,12681800.0,144.51,12104400.0,144.23,12193600.0,39.8443029016278,-0.6643138883122179,-0.47146918116894865,0.011841827024740903,0.0188010315455572
JPM,2021-12-07,145.09,146.44,144.45,145.71,145.71,9851600,Financials,143.42600000000002,144.96099999999998,146.62949999999998,148.9932,145.0610680499178,146.65355328090808,-1.5924852309902917,-1.3025900475595642,143.55,11186500.0,142.36,18922600.0,147.3,14549900.0,45.73960463531017,2.353189098061259,-1.0794297352342164,0.015047021943573657,0.018094967130517843
JPM,2021-12-08,145.79,146.34,143.56,144.04,144.04,11705700,Financials,143.93200000000002,144.282,146.3125,148.9148,144.90398065762275,146.45995674158158,-1.555976083958825,-1.3532672548394165,145.71,9851600.0,141.51,12253400.0,150.83,12354400.0,44.42237669645813,1.7878595152285959,-4.501756944904878,-0.011461121405531682,0.016027760236449546
JPM,2021-12-09,143.09,144.24,142.2,143.82,143.82,11189600,Financials,143.798,143.7,145.9915,148.8342,144.73721440260388,146.26440439035332,-1.5271899877494377,-1.3880518014214207,144.04,11705700.0,144.49,12969900.0,149.64,9629800.0,46.02194787379975,-0.4636999100283812,-3.889334402566158,-0.00152735351291311,0.016003621421660882
JPM,2021-12-10,144.59,144.93,142.63,143.24,143.24,10405400,Financials,144.07199999999997,143.51000000000002,145.642,148.7824,144.5068737252802,146.04037443551232,-1.5335007102321185,-1.4171415831835603,143.82,11189600.0,141.87,12681800.0,145.14,13619300.0,48.221343873517824,0.9656727990413838,-1.309080887419023,-0.004032818801279259,0.013120518577497464
JPM,2021-12-13,142.96,143.22,140.97,141.54,141.54,12069000,Financials,143.67000000000002,143.21300000000002,145.2415,148.6352,144.05043161369863,145.7070133662151,-1.6565817525164732,-1.465029617050143,143.24,10405400.0,143.55,11186500.0,144.51,12104400.0,39.11564625850339,-1.4002089864158962,-2.055221091965953,-0.011868193242111302,0.013527816613350696
JPM,2021-12-14,141.12,144.2,140.99,142.63,142.63,12563600,Financials,143.054,143.23999999999998,144.90849999999998,148.513,143.8319036731296,145.47908645019916,-1.6471827770695597,-1.5014602490540263,141.54,12069000.0,145.71,9851600.0,142.36,18922600.0,32.93089092422983,-2.1137876604213957,0.18966001685865042,0.0077010032499647,0.01301264452118758
JPM,2021-12-15,143.27,143.27,141.03,141.56,141.56,14014200,Financials,142.558,143.245,144.576,148.3208,143.48238003110967,145.1887837501844,-1.7064037190747285,-1.5424489430581667,142.63,12563600.0,144.04,11705700.0,141.51,12253400.0,33.0962343096235,-1.7217439600111017,0.03533319200057505,-0.00750192806562433,0.013102873803591214
JPM,2021-12-16,143.76,145.04,142.24,143.77,143.77,19542800,Financials,142.548,143.173,144.394,148.16639999999998,143.5266292570928,145.08368865757814,-1.5570594004853433,-1.545371034543602,141.56,14014200.0,143.82,11189600.0,144.49,12969900.0,46.83017121702921,-0.03476567932135799,-0.4983043809260179,0.015611754732975491,0.01221878637491567
JPM,2021-12-17,142.8,142.85,139.09,140.5,140.5,28082000,Financials,142.0,143.036,144.11200000000002,147.9274,143.06099398677082,144.74415616442423,-1.6831621776534007,-1.572929263165562,143.77,19542800.0,143.24,10405400.0,141.87,12681800.0,41.731958762886634,-1.912873499022627,-0.9656727990413838,-0.02274466161229749,0.013021767699564694
JPM,2021-12-20,138.49,138.66,136.09,137.97,137.97,15148000,Financials,141.286,142.478,143.799,147.6354,142.27776414265225,144.2423668189113,-1.9646026762590623,-1.6512639457842622,140.5,28082000.0,141.54,12069000.0,143.55,11186500.0,41.08810393828664,-2.522255192878331,-3.8871473354232022,-0.01800711743772243,0.01319803213810396
JPM,2021-12-21,139.29,140.88,139.01,139.9,139.9,11291300,Financials,140.74,141.897,143.429,147.44619999999998,141.9119542745519,143.9207100175105,-2.0087557429585843,-1.7227623052191268,137.97,15148000.0,142.63,12563600.0,145.71,9851600.0,46.86892259821085,-1.9140433288929337,-3.987372177613069,0.013988548235123632,0.013032595041843377
JPM,2021-12-22,139.6,140.77,139.14,140.45,140.45,7273000,Financials,140.518,141.53799999999998,142.91,147.291,141.68703823231314,143.6636203865838,-1.976582154270659,-1.7735262750294334,139.9,11291300.0,141.56,14014200.0,144.04,11705700.0,41.32302405498279,-0.7841198078553324,-2.492363232435435,0.003931379556826098,0.012960176584555052
JPM,2021-12-23,141.26,142.62,140.91,140.95,140.95,8055200,Financials,139.954,141.251,142.4755,147.224,141.5736477350342,143.46261146905908,-1.888963734024884,-1.7966137668285236,140.45,7273000.0,143.77,19542800.0,143.82,11189600.0,47.826086956521706,-1.9614662307852915,-1.9955499930468634,0.003559985760057005,0.013099298738348556
JPM,2021-12-27,141.25,141.79,140.13,141.76,141.76,6188100,Financials,140.206,141.103,142.3065,147.1288,141.60231731425972,143.33649210098065,-1.7341747867209278,-1.7841259708070045,140.95,8055200.0,140.5,28082000.0,143.24,10405400.0,45.58896007885654,0.8967971530249086,-1.0332309410779228,0.00574671869457255,0.013289060806137877
JPM,2021-12-28,141.79,143.54,141.68,142.19,142.19,6342300,Financials,141.05,141.16799999999998,142.1905,146.986,141.69273003514283,143.25156676016726,-1.5588367250244346,-1.7390681216504906,141.76,6188100.0,137.97,15148000.0,141.54,12069000.0,40.517241379310335,3.058635935348253,0.4592341387593679,0.003033295711061035,0.012754486803053862
JPM,2021-12-29,142.38,143.07,141.75,142.12,142.12,6398900,Financials,141.49399999999997,141.11700000000002,142.17849999999999,146.8428,141.75846387589007,143.16774700015486,-1.409283124264789,-1.6731111221733506,142.19,6342300.0,139.9,11291300.0,142.63,12563600.0,44.33962264150948,1.5868477483917065,-0.35756853396899935,-0.0004922990365003876,0.012503476360182177
JPM,2021-12-30,142.61,143.62,141.94,142.04,142.04,6948200,Financials,141.81199999999998,141.165,142.20499999999998,146.6618,141.80177712575315,143.08421018532857,-1.2824330595754247,-1.5949755096537657,142.12,6398900.0,140.45,7273000.0,141.56,14014200.0,44.70868014268728,1.132075471698113,0.33907883582933174,-0.000562904587672497,0.01224855647546332
JPM,2021-12-31,142.02,142.77,141.58,141.93,141.93,5805900,Financials,142.00799999999998,140.981,142.077,146.43800000000002,141.82150372179112,142.99871313456347,-1.1772094127723562,-1.5114222902774839,142.04,6948200.0,140.95,8055200.0,143.77,19542800.0,45.99388379204893,0.6952820148989236,-1.2798219378173492,-0.0007744297381018228,0.011023144126366962
JPM,2022-01-03,143.28,145.77,142.97,144.93,144.93,13120900,Financials,142.642,141.424,142.23,146.2982,142.29973391843862,143.1417714208921,-0.8420375024534792,-1.3775453327126832,141.93,5805900.0,141.76,6188100.0,140.5,28082000.0,59.603399433427796,2.2361738148984234,3.153024911032043,0.021137180300147884,0.010212325878778057
JPM,2022-01-04,147.27,151.1,147.2,150.42,150.42,20195800,Financials,144.288,142.66899999999998,142.57350000000002,146.2274,143.5490056232942,143.68089946378896,-0.1318938404947687,-1.1284150342691004,144.93,13120900.0,142.19,6342300.0,137.97,15148000.0,67.66439909297051,5.788030100569652,9.023700804522704,0.03788035603394735,0.0124015357310273
JPM,2022-01-05,151.32,151.8,147.63,147.67,147.67,17539400,Financials,145.398,143.446,142.6715,146.1166,144.183004758172,143.97638839239718,0.20661636577480635,-0.861408754260319,150.42,20195800.0,142.12,6398900.0,139.9,11291300.0,62.87399915718497,3.905150576977201,5.553967119370973,-0.01828214333200373,0.014843632088028672
JPM,2022-01-06,150.5,150.91,147.75,149.24,149.24,14047500,Financials,146.83800000000002,144.325,142.9315,146.02900000000002,144.96100402614553,144.36628554851592,0.5947184776296126,-0.5701833078823327,147.67,17539400.0,142.04,6948200.0,140.45,7273000.0,61.84495452576873,5.068994649394543,6.25845496618016,0.01063181418026704,0.014915125448167726
JPM,2022-01-07,149.38,151.05,148.83,150.72,150.72,13913300,Financials,148.596,145.302,143.2765,146.035,145.84700340673854,144.8369310634407,1.0100723432978498,-0.25413217764629625,149.24,14047500.0,141.93,5805900.0,140.95,8055200.0,73.99061032863851,6.193193827943344,6.931536005675776,0.009916912355936613,0.014926148068810388
JPM,2022-01-10,152.44,152.66,149.25,150.87,150.87,12922500,Financials,149.78400000000002,146.213,143.658,145.99859999999998,146.61977211339416,145.28382505874137,1.3359470546527916,0.06388366881352131,150.72,13913300.0,144.93,13120900.0,141.76,6188100.0,84.09090909090912,4.098530324984484,6.426354401805878,0.000995222929936368,0.015039430675458184
JPM,2022-01-11,151.71,151.95,149.95,151.02,151.02,11854100,Financials,149.904,147.096,144.132,145.9736,147.29673024979505,145.70872690624202,1.5880033435530265,0.36870760376142236,150.87,12922500.0,150.42,20195800.0,142.19,6342300.0,82.43873978996503,0.3988831272437432,6.210000703284346,0.0009942334460131264,0.015103058097537791
JPM,2022-01-12,151.89,152.91,150.74,151.88,151.88,12568000,Financials,150.746,148.072,144.5945,145.9674,148.0018486729035,146.1658582465204,1.8359904263830913,0.6621641682857562,151.02,11854100.0,147.67,17539400.0,142.12,6398900.0,82.75071633237826,2.8509514457913054,6.867435969603153,0.005694609985432253,0.014926672989410288
JPM,2022-01-13,151.79,153.11,151.38,151.69,151.69,13623400,Financials,151.236,149.037,145.101,145.94539999999998,148.5692565693799,146.57505393196334,1.9942026374165494,0.9285718621119149,151.88,12568000.0,149.24,14047500.0,142.04,6948200.0,81.33022170361733,1.6416510318949307,6.793860884257952,-0.001250987621806643,0.014965731187298943
JPM,2022-01-14,144.95,145.19,141.47,142.36,142.36,40158400,Financials,149.56400000000002,149.07999999999998,145.0305,145.7358,147.61398632793683,146.26282771478085,1.3511586131559739,1.0130892123207267,151.69,13623400.0,150.72,13913300.0,141.93,5805900.0,51.16913484021829,-5.546709129511662,0.3029662509687947,-0.061507020897883735,0.02633660035370231
JPM,2022-01-18,140.46,140.46,135.74,136.39,136.39,32324800,Financials,146.668,148.226,144.825,145.4468,145.88721920056193,145.5315071433156,0.35571205724633614,0.8816137813058487,142.36,40158400.0,150.87,12922500.0,144.93,13120900.0,40.70512820512818,-9.597666865513366,-5.8924998275029505,-0.04193593706097232,0.02835275476687672
JPM,2022-01-19,136.66,137.26,133.94,134.28,134.28,22380000,Financials,143.32,146.61200000000002,144.6405,145.12,144.10149316970626,144.69806216973666,-0.5965690000303994,0.5859772250385991,136.39,32324800.0,151.02,11854100.0,150.42,20195800.0,38.20697954271961,-11.084624553039335,-10.729956122855999,-0.015470342400469184,0.02391641284793408
JPM,2022-01-20,134.34,135.8,132.87,133.14,133.14,14860800,Financials,139.57199999999997,145.159,144.30249999999998,144.7522,142.41510960513608,143.84190941642282,-1.4267998112867417,0.18342181777353095,134.28,22380000.0,151.88,12568000.0,147.67,17539400.0,37.02623906705538,-12.33868843824072,-9.839507008871129,-0.008489722966934843,0.0237862106847736
JPM,2022-01-21,132.99,133.0,130.08,130.81,130.81,20705400,Financials,135.39600000000002,143.31599999999997,143.82049999999998,144.3608,140.62970812742284,142.8765827929841,-2.2468746655612506,-0.3026374788934254,133.14,14860800.0,151.69,13623400.0,149.24,14047500.0,34.77546549835705,-13.764915287757928,-12.34923612972394,-0.017500375544539426,0.022708604043671827
JPM,2022-01-24,128.29,131.17,125.84,130.7,130.7,28471400,Financials,133.064,141.314,143.308,143.97,139.10206072320395,141.9746136972075,-2.872552974003554,-0.8166205779154512,130.81,20705400.0,142.36,40158400.0,150.72,13913300.0,28.84329467737136,-8.190502950266943,-13.282908704883233,-0.0008409143031878896,0.021744281817424903
JPM,2022-01-25,129.52,132.41,126.94,132.12,132.12,18915900,Financials,132.20999999999998,139.43900000000002,142.826,143.6078,138.02789753501872,141.24464231222916,-3.2167447772104367,-1.2966454177744482,130.7,28471400.0,136.39,32324800.0,150.87,12922500.0,19.0460081190799,-3.130728059241872,-12.427918075164046,0.010864575363427775,0.022700011202438825
JPM,2022-01-26,134.09,135.76,131.61,133.37,133.37,20709100,Financials,132.02800000000002,137.674,142.385,143.2842,137.3112979142466,140.66133547428626,-3.3500375600396524,-1.7073238462274891,132.12,18915900.0,134.28,22380000.0,151.02,11854100.0,24.5188880969352,-0.6776884122728588,-11.687193749172298,0.009461095973357647,0.023424021293725998
JPM,2022-01-27,134.73,135.59,129.96,131.02,131.02,17536800,Financials,131.60399999999998,135.588,141.82999999999998,142.9188,136.34340592743945,139.94716247619098,-3.6037565487515337,-2.086610386732298,133.37,20709100.0,133.14,14860800.0,151.88,12568000.0,18.411927877947292,-1.592308847829338,-13.734527258361851,-0.017620154457524184,0.022602226000837545
JPM,2022-01-28,130.01,132.33,128.19,132.19,132.19,14117000,Financials,131.88,133.63799999999998,141.3375,142.5984,135.70442040014106,139.372557848325,-3.668137448183927,-2.402915799022624,131.02,17536800.0,130.81,20705400.0,151.69,13623400.0,17.525411847178404,1.0549652167265444,-12.855165139429104,0.00892993436116618,0.023474240796521717
JPM,2022-01-31,131.32,134.16,130.44,133.99,133.99,13985700,Financials,132.538,132.801,140.9405,142.33,135.440663415504,138.97384985956018,-3.5331864440561844,-2.6289699280293366,132.19,14117000.0,130.7,28471400.0,142.36,40158400.0,22.034459907223336,2.517214996174455,-5.879460522618718,0.013616763749149108,0.017676906512568886
JPM,2022-02-01,134.07,136.57,133.72,136.29,136.29,14584900,Financials,133.37199999999999,132.791,140.5085,142.13299999999998,135.57133058234953,138.77504616625944,-3.2037155839099114,-2.7439190592054516,133.99,13985700.0,132.12,18915900.0,136.39,32324800.0,27.219300958861695,3.156221616712074,-0.07331915829605906,0.01716546010896325,0.013728356701350792
JPM,2022-02-02,135.7,136.1,133.51,135.19,135.19,12441100,Financials,133.73600000000002,132.882,139.747,141.9522,135.51266433891112,138.50948719098096,-2.9968228520698403,-2.7944998177783296,136.29,14584900.0,133.37,20709100.0,134.28,22380000.0,24.378262204482652,1.364624728199737,0.6776884122728699,-0.008071025020177536,0.012980210677317229
JPM,2022-02-03,135.25,136.74,133.71,134.08,134.08,12474900,Financials,134.348,132.976,139.0675,141.6878,135.2922544406171,138.1813770286861,-2.8891225880689717,-2.813424371836458,135.19,12441100.0,131.02,17536800.0,133.14,14860800.0,23.708569722305157,2.3355212944588644,0.7060237344149289,-0.008210666469413264,0.012958417367913316
JPM,2022-02-04,134.44,138.4,134.14,137.56,137.56,16654400,Financials,135.422,133.651,138.4835,141.4224,135.64113837282986,138.13534910063527,-2.4942107278054095,-2.7495816430302487,134.08,12474900.0,132.19,14117000.0,130.81,20705400.0,41.31693198263383,4.0623345184961135,5.160155951379863,0.02595465393794738,0.013425053092365458
JPM,2022-02-07,138.2,138.51,136.02,138.02,138.02,12572300,Financials,136.228,134.383,137.8485,141.19,136.00711708470217,138.12680472281042,-2.119687638108246,-2.623602842045848,137.56,16654400.0,133.99,13985700.0,130.7,28471400.0,53.68278355173978,3.0076871408314165,5.600612088752888,0.0033439953474847517,0.013282892856169745
JPM,2022-02-08,139.76,142.89,139.58,140.61,140.61,20411400,Financials,137.092,135.232,137.3355,141.09939999999997,136.71525291782493,138.31074511371335,-1.5954921958884256,-2.417980712814364,138.02,12572300.0,136.29,14584900.0,132.12,18915900.0,63.998230871295924,3.1697116442879425,6.425976385104448,0.018765396319374128,0.013857128794405706
JPM,2022-02-09,141.19,141.95,140.5,141.2,141.2,9131100,Financials,138.294,136.01500000000001,136.84449999999998,141.03320000000002,137.40521400739033,138.52476399417904,-1.1195499867887122,-2.1582945676092335,140.61,20411400.0,135.19,12441100.0,133.37,20709100.0,68.26835902085227,4.445595088394105,5.870885506485712,0.004196003129222525,0.013825080107342099
JPM,2022-02-10,141.25,143.39,139.96,140.61,140.61,16455600,Financials,139.6,136.97400000000002,136.281,140.9982,137.89825800625337,138.67922592053614,-0.780967914282769,-1.8828292369439406,141.2,9131100.0,134.08,12474900.0,131.02,17536800.0,74.11417322834656,4.870226730310256,7.319493207143957,-0.004178470254957323,0.011799269054947513
JPM,2022-02-11,140.31,142.63,137.93,138.78,138.78,16830000,Financials,139.844,137.633,135.6355,140.94359999999998,138.03391062067593,138.6866906671631,-0.6527800464871802,-1.6368193988525885,140.61,16455600.0,137.56,16654400.0,132.19,14117000.0,68.33030852994563,0.8868857225937665,4.985248505938422,-0.013014721570300924,0.013368074136016912
JPM,2022-02-14,137.71,138.57,135.54,137.49,137.49,17026500,Financials,139.738,137.983,135.392,140.80360000000002,137.95023206364885,138.5980469140399,-0.6478148503910575,-1.4390184891602824,138.78,16830000.0,138.02,12572300.0,133.99,13985700.0,62.254678229119186,-0.38400231850456157,2.612135233972679,-0.009295287505404204,0.01367876161235364
JPM,2022-02-15,139.32,140.6,138.72,139.5,139.5,9500000,Financials,139.516,138.30400000000003,135.54749999999999,140.7562,138.18865790001055,138.66485825374068,-0.47620035373012115,-1.2464548620742502,137.49,17026500.0,140.61,20411400.0,136.29,14584900.0,63.520070577856245,-0.789417537870718,2.355271846797269,0.014619245036002537,0.013399716835600862
JPM,2022-02-16,138.62,140.75,138.62,139.76,139.76,9076500,Financials,139.228,138.76100000000002,135.82150000000001,140.6804,138.43040283847048,138.7459798645747,-0.3155770261042221,-1.0602792948802446,139.5,9500000.0,141.2,9131100.0,135.19,12441100.0,71.2342079689019,-1.0198300283286055,3.3804275464161426,0.001863799283154055,0.012895003127153215
JPM,2022-02-17,137.95,138.61,135.85,136.54,136.54,11367500,Financials,138.414,139.007,135.99150000000003,140.49699999999999,138.13957163255193,138.58257394868028,-0.44300231612834295,-0.9368238991298644,139.76,9076500.0,140.61,16455600.0,134.08,12474900.0,59.61113566062751,-2.8945309721925994,1.8347255369928206,-0.02303949627933599,0.015051431295538771
JPM,2022-02-18,137.17,138.98,136.27,137.18,137.18,11733300,Financials,138.094,138.969,136.31,140.3598,137.99194522754397,138.47867958211137,-0.4867343545674032,-0.8468059902173721,136.54,11367500.0,138.78,16830000.0,137.56,16654400.0,57.42897065673035,-1.1529038766392774,-0.2762430939226457,0.004687271129339532,0.012577482527308627
JPM,2022-02-22,135.79,138.17,135.62,136.93,136.93,11333500,Financials,137.98200000000003,138.85999999999999,136.6215,140.222,137.82856903869106,138.36396257602905,-0.5353935373379954,-0.7845234996414968,137.18,11733300.0,137.49,17026500.0,138.02,12572300.0,51.647785787847624,-0.40730234926176223,-0.7897406173018373,-0.0018224230937454733,0.012521478264230496
JPM,2022-02-23,138.06,138.22,133.42,134.07,134.07,11799000,Financials,136.89600000000002,138.206,136.719,140.0386,137.2503276481232,138.04589127410097,-0.7955636259777634,-0.7867315249087501,136.93,11333500.0,139.5,9500000.0,140.61,20411400.0,47.355996222851736,-3.8924731182795713,-4.651162790697693,-0.02088658438618285,0.011929054586739854
JPM,2022-02-24,128.88,130.73,126.03,130.33,130.33,25655100,Financials,135.01000000000002,137.119,136.567,139.8144,136.18566185610425,137.4743437723157,-1.288681916211459,-0.8871216031692919,134.07,11799000.0,139.76,9076500.0,141.2,9131100.0,42.12515749685004,-6.7472810532341,-7.698300283286108,-0.027895875289027927,0.013488563495126248
JPM,2022-02-25,130.97,135.37,130.66,133.42,133.42,18367700,Financials,134.386,136.4,136.687,139.6302,135.7601754167036,137.17402201140342,-1.4138465946998338,-0.9924666014754002,130.33,25655100.0,136.54,11367500.0,140.61,16455600.0,41.16140051238253,-2.2850446755529497,-5.113434321883236,0.023709046267167855,0.016815250531813444
JPM,2022-02-28,129.43,130.79,127.03,127.86,127.86,31315300,Financials,132.522,135.308,136.47050000000002,139.3562,134.5447638141338,136.48409445500317,-1.9393306408693718,-1.1818394093541946,133.42,18367700.0,137.18,11733300.0,138.78,16830000.0,32.18793828891998,-6.793993293483025,-7.868568958063127,-0.0416729126068055,0.020377410579859357
JPM,2022-03-01,126.27,126.67,120.44,123.03,123.03,36840400,Financials,129.74200000000002,133.862,135.92249999999999,138.94140000000002,132.77326168888246,135.48749486574368,-2.714233176861228,-1.4883181628556015,127.86,31315300.0,136.93,11333500.0,137.49,17026500.0,21.423927178153335,-10.151172131746156,-10.517128518437712,-0.037775692163303565,0.022465949794747916
JPM,2022-03-02,123.79,126.27,123.18,125.58,125.58,19405600,Financials,128.044,132.46999999999997,135.387,138.643,131.666606044439,134.75360635717007,-3.087000312731078,-1.808054592830697,123.03,36840400.0,134.07,11799000.0,139.5,9500000.0,26.130806845965736,-6.332512866413065,-9.97849462365592,0.0207266520360887,0.02330186631873111
JPM,2022-03-03,126.09,127.12,123.58,124.69,124.69,16640800,Financials,126.91599999999998,130.963,134.862,138.3774,130.59328203760222,134.00815403441672,-3.4148719968144974,-2.1294180736274573,125.58,19405600.0,130.33,25655100.0,139.76,9076500.0,25.893397940641975,-4.3274764060462045,-10.78277046365197,-0.007087115782767994,0.02295586472609646
JPM,2022-03-04,121.67,122.1,119.38,121.18,121.18,21016000,Financials,124.468,129.427,134.217,138.00300000000001,129.14508480104803,133.0579204022377,-3.91283560118967,-2.4861015791399,124.69,16640800.0,133.42,18367700.0,136.54,11367500.0,24.639769452449528,-9.174036876030566,-11.249450710414521,-0.028149811532600766,0.023305269091786786
JPM,2022-03-07,119.17,119.64,116.27,116.5,116.5,27560100,Financials,122.196,127.35900000000001,133.16400000000002,137.524,127.19968713934833,131.8314077798497,-4.631720640501385,-2.9152253914121973,121.18,21016000.0,127.86,31315300.0,137.18,11733300.0,22.446836440010443,-8.884717659940556,-15.075083831462322,-0.03862023436210604,0.023953736983363807
JPM,2022-03-08,116.89,118.83,114.75,115.68,115.68,19207800,Financials,120.726,125.23400000000001,132.047,137.0186,125.42742757944859,130.63500720356456,-5.207579624115965,-3.373696237952951,116.5,27560100.0,123.03,36840400.0,136.93,11333500.0,17.723577235772325,-5.9741526456961624,-15.518878258964431,-0.007038626609441989,0.02366704938655916
JPM,2022-03-09,119.83,121.94,119.42,120.32,120.32,17536200,Financials,119.674,123.859,131.0325,136.5898,124.64166949030265,129.87093259589312,-5.229263105590476,-3.7448096114804565,115.68,19207800.0,125.58,19405600.0,134.07,11799000.0,26.45348837209299,-4.188565058130278,-10.25583650331916,0.04011065006915615,0.029535012390958522
JPM,2022-03-10,118.89,120.33,117.5,118.89,118.89,15604200,Financials,118.51400000000001,122.71499999999999,129.917,136.1238,123.75679726102531,129.05753018138253,-5.30073292035722,-4.055994273255809,120.32,17536200.0,124.69,16640800.0,130.33,25655100.0,27.65257027095464,-4.65153580880584,-8.777718100207178,-0.011884973404255206,0.028906625701305193
JPM,2022-03-11,119.46,120.89,115.79,116.21,116.21,20061800,Financials,117.51999999999998,120.994,128.697,135.60559999999998,122.59575152855987,128.1058612790579,-5.510109750498032,-4.346817368704254,118.89,15604200.0,121.18,21016000.0,133.42,18367700.0,24.75319046472424,-4.101336854266391,-12.89911557487633,-0.022541845403314054,0.026752684085446104
JPM,2022-03-14,116.73,119.85,116.52,117.37,117.37,15786900,Financials,117.694,119.94500000000001,127.6265,135.1122,121.79178975493528,127.310612295424,-5.5188225404887135,-4.581218403061146,116.21,20061800.0,116.5,27560100.0,127.86,31315300.0,26.955702167766233,0.7467811158798243,-8.204285937744405,0.00998192926598418,0.025649793015912206
JPM,2022-03-15,118.84,120.42,118.23,119.45,119.45,15096600,Financials,118.44800000000001,119.58700000000002,126.7245,134.6626,121.43151440802215,126.72834471798518,-5.296830309963028,-4.724340784441523,117.37,15786900.0,115.68,19207800.0,123.03,36840400.0,32.45319251080171,3.2589903181189372,-2.909859383890112,0.017721734685183677,0.024525548514030375
JPM,2022-03-16,121.61,124.87,121.21,124.79,124.79,20354900,Financials,119.34200000000001,119.50800000000001,125.989,134.25979999999998,121.94820449909567,126.58476362776405,-4.636559128668381,-4.706784453286895,119.45,15096600.0,120.32,17536200.0,125.58,19405600.0,43.59685621821542,3.7150930851064023,-0.6290810638636679,0.04470489744663042,0.027994833347284195
JPM,2022-03-17,123.4,126.4,122.55,126.37,126.37,17050500,Financials,120.83800000000001,119.676,125.31949999999999,133.77880000000002,122.62848073000401,126.56885521089264,-3.9403744808886216,-4.553502458807241,124.79,20354900.0,118.89,15604200.0,124.69,16640800.0,41.55688622754492,6.291529985701061,1.3473414066885958,0.012661270935170998,0.02815739383705347
JPM,2022-03-18,126.4,127.0,124.84,126.32,126.32,23656500,Financials,122.85999999999999,120.19000000000001,124.80850000000001,133.3518,123.19640677154186,126.55042149156725,-3.35401472002539,-4.313604911050871,126.37,17050500.0,116.21,20061800.0,121.18,21016000.0,47.87527593818984,8.699767661991231,4.24162403036803,-0.0003956635277361231,0.0261877963059985
JPM,2022-03-21,126.55,126.92,125.09,125.92,125.92,12676100,Financials,124.57000000000001,121.13199999999999,124.24549999999999,132.8854,123.61542111438158,126.503723603303,-2.8883024889214255,-4.028544426624982,126.32,23656500.0,117.37,15786900.0,116.5,27560100.0,54.54259666771456,7.284655363380765,8.085836909871237,-0.0031665611146294292,0.021725726317815438
JPM,2022-03-22,128.28,129.78,127.78,128.59,128.59,13548600,Financials,126.398,122.423,123.8285,132.4428,124.38074094293825,126.65826259565092,-2.2775216527126787,-3.6783398718425215,125.92,12676100.0,119.45,15096600.0,115.68,19207800.0,54.713435640463516,7.651737128505642,11.160096818810516,0.0212039390088945,0.021384368531938557
JPM,2022-03-23,127.12,127.67,125.51,126.03,126.03,12093200,Financials,126.646,122.994,123.4265,131.946,124.63447310556313,126.6117246256027,-1.977251520039573,-3.3381222014819323,128.59,13548600.0,124.79,20354900.0,120.32,17536200.0,51.99404761904763,0.9936693645324013,4.745678191489366,-0.019908235477097747,0.020666725384125135
JPM,2022-03-24,126.5,126.87,125.43,126.85,126.85,10017600,Financials,126.742,123.79,123.25250000000001,131.4626,124.97532339701496,126.62937465333584,-1.6540512563208836,-3.0013080124497225,126.03,12093200.0,126.37,17050500.0,118.89,15604200.0,59.171789065027475,0.3798369866265583,6.695264530238032,0.006506387368086841,0.019813957500832466
JPM,2022-03-25,127.22,129.1,126.95,127.96,127.96,8383500,Financials,127.07000000000001,124.965,122.9795,130.9842,125.43450441285881,126.72793949382948,-1.2934350809706672,-2.6597334261539114,126.85,10017600.0,126.32,23656500.0,116.21,20061800.0,70.95830285296269,1.2982900569981082,10.111005937526896,0.008750492707922719,0.016950867054919407
JPM,2022-03-28,126.23,127.11,124.34,127.02,127.02,10818100,Financials,127.28999999999999,125.92999999999999,122.9375,130.4908,125.67842681088054,126.74957360539767,-1.0711467945171336,-2.3420160998265556,127.96,8383500.0,125.92,12676100.0,117.37,15786900.0,70.64821558630734,0.873570520965683,8.221862486154885,-0.007346045639262222,0.01779551614954296
JPM,2022-03-29,129.25,129.48,126.45,127.3,127.3,11316500,Financials,127.032,126.71499999999999,123.151,130.18959999999998,125.92789960920662,126.79034593092378,-0.8624463217171581,-2.046102144204676,127.02,10818100.0,128.59,13548600.0,119.45,15096600.0,65.10822510822511,-1.003188428338131,6.571787358727499,0.0022043772634230407,0.017535342874176886
JPM,2022-03-30,127.95,128.14,126.15,126.72,126.72,8771000,Financials,127.17,126.90799999999999,123.20800000000001,129.99620000000002,126.04976120779023,126.78513512122572,-0.7353739134354953,-1.78395649805084,127.3,11316500.0,126.03,12093200.0,124.79,20354900.0,67.59550561797752,0.5474886931682965,1.546598285118983,-0.004556166535742312,0.011496233541821848
JPM,2022-03-31,126.08,126.55,122.86,122.91,122.91,17353900,Financials,126.38199999999999,126.56200000000001,123.119,129.7688,125.56672102197635,126.498088075209,-0.9313670532326483,-1.613438609087202,126.72,8771000.0,126.85,10017600.0,126.37,17050500.0,64.32848588537212,-3.106030744974375,-2.7379916119332215,-0.030066287878787845,0.014479538323169554
JPM,2022-04-01,123.89,123.9,120.64,122.0,122.0,15721300,Financials,125.19000000000001,126.13000000000002,123.16,129.546,125.01799471090307,126.16489636593425,-1.1469016550311864,-1.520131218275999,122.91,17353900.0,127.96,8383500.0,126.32,23656500.0,60.00864677907479,-4.657705532979051,-3.4198860037998657,-0.007403791392075476,0.014526354096928545
JPM,2022-04-04,120.93,123.47,119.82,122.54,122.54,17416400,Financials,124.29400000000001,125.792,123.46199999999999,129.3806,124.63676475537952,125.8963855240132,-1.259620768633681,-1.4680291283475355,122.0,15721300.0,127.02,10818100.0,125.92,12676100.0,57.15609078276981,-3.5270036214769207,-2.6842439644218508,0.004426229508196711,0.01473557218153267
JPM,2022-04-05,121.78,122.99,120.82,121.12,121.12,12110300,Financials,123.05799999999999,125.04499999999999,123.734,129.189,124.09572402378268,125.54257918890112,-1.4468551651184356,-1.4637943357017156,122.54,17416400.0,127.3,11316500.0,128.59,13548600.0,39.61516694963214,-4.854673998428904,-5.809160898981258,-0.01158805288069198,0.01229100708542314
JPM,2022-04-06,119.52,120.41,118.96,119.44,119.44,12914700,Financials,121.602,124.386,123.68999999999998,128.93540000000002,123.37945878935457,125.09053628601954,-1.71107749666497,-1.5132509678943664,121.12,12110300.0,126.72,8771000.0,126.03,12093200.0,30.500844119302187,-5.744949494949491,-5.228913750694286,-0.013870541611624931,0.011658332086042934
JPM,2022-04-07,118.95,119.83,116.93,119.07,119.07,12994200,Financials,120.83400000000002,123.60799999999999,123.699,128.6494,122.71646512945387,124.64457063520328,-1.9281055057494143,-1.596221875465376,119.44,12914700.0,122.91,17353900.0,126.85,10017600.0,29.961304588170265,-3.1242372467659263,-6.133228222309817,-0.003097789685197583,0.01095239197712576
JPM,2022-04-08,119.6,121.63,119.44,121.25,121.25,13126900,Financials,120.68400000000001,122.93699999999998,123.951,128.454,122.49085510953788,124.39312095852155,-1.9022658489836743,-1.6574306701690358,119.07,12994200.0,122.0,15721300.0,127.96,8383500.0,38.248616004026175,-0.6147540983606592,-5.243826195686152,0.018308557991097762,0.012687076912657368
JPM,2022-04-11,120.81,122.54,120.42,120.81,120.81,10466400,Financials,120.33800000000001,122.31599999999999,124.123,128.22639999999998,122.23226201576281,124.12770459122366,-1.895442575460848,-1.7050330512273983,121.25,13126900.0,122.54,17416400.0,127.02,10818100.0,27.947845804988674,-1.411783907295583,-4.888993859234758,-0.0036288659793813904,0.012674883874026955
JPM,2022-04-12,120.03,122.24,118.72,119.48,119.48,12989900,Financials,120.00999999999999,121.53399999999999,124.12449999999998,127.93620000000001,121.80883709026085,123.78343017705895,-1.9745930867980945,-1.7589450583415376,120.81,10466400.0,121.12,12110300.0,127.3,11316500.0,30.042656916514346,-1.354029062087192,-6.142969363707773,-0.011009022431917925,0.012536803741168875
JPM,2022-04-13,115.3,117.4,114.46,115.63,115.63,30838000,Financials,119.248,120.425,123.6665,127.52300000000001,120.85824676868226,123.1794723861657,-2.321225617483435,-1.8714011701699174,119.48,12989900.0,119.44,12914700.0,126.72,8771000.0,21.141975308642017,-3.189886135298059,-8.751578282828287,-0.03222296618680953,0.014943607733863178
JPM,2022-04-14,114.91,116.54,113.56,114.56,114.56,18835200,Financials,118.346,119.58999999999999,123.076,127.11039999999998,119.88928572734653,122.54099295015342,-2.651707222806891,-2.027462380697312,115.63,30838000.0,119.07,12994200.0,122.91,17353900.0,15.463917525773255,-3.7876879146720333,-6.7935888048165305,-0.009253653896047709,0.0130102391446089
JPM,2022-04-18,114.15,117.39,114.03,116.69,116.69,11834400,Financials,117.434,119.059,122.5945,126.7626,119.39708792313937,122.10758606495688,-2.71049814181751,-2.164069532921352,114.56,18835200.0,121.25,13126900.0,122.0,15721300.0,24.91500728508987,-3.760824742268043,-4.352459016393439,0.018592877094971927,0.015301468479384886
JPM,2022-04-19,116.68,119.28,116.48,119.1,119.1,15015400,Financials,117.09200000000001,118.71499999999999,122.2535,126.39339999999999,119.35138208881024,121.88480191199712,-2.5334198231868754,-2.237939590974457,116.69,11834400.0,120.81,10466400.0,122.54,17416400.0,31.954225352112672,-1.4154457412465904,-2.8072466133507556,0.02065301225469196,0.017089643476686497
JPM,2022-04-20,120.37,121.27,119.3,119.52,119.52,13430200,Financials,117.1,118.55499999999999,121.8,126.0234,119.37732330591635,121.70963139999733,-2.332308094080986,-2.256813291595763,119.1,15015400.0,119.48,12989900.0,121.12,12110300.0,34.04255319148936,0.03347840642784483,-1.3210039630118908,0.0035264483627204246,0.016884514899365235
JPM,2022-04-21,120.1,120.64,118.05,118.59,118.59,12174200,Financials,117.69200000000001,118.47,121.428,125.58300000000001,119.25619664346767,121.47854759259013,-2.2223509491224576,-2.249920823101102,119.52,13430200.0,115.63,30838000.0,119.44,12914700.0,39.02439024390246,2.5598893020842395,-0.7116543871399816,-0.007781124497991954,0.016481789388432058
JPM,2022-04-22,118.34,118.56,115.08,115.19,115.19,14318800,Financials,117.81799999999998,118.08200000000002,120.84499999999998,125.06279999999998,118.63062792908802,121.01272925239827,-2.382101323310252,-2.276356923142932,118.59,12174200.0,114.56,18835200.0,119.07,12994200.0,34.64140730717186,0.5499301675977675,-3.2585873855715097,-0.028670208280630827,0.018742686255634123
JPM,2022-04-25,114.46,115.47,111.83,115.15,115.15,17149000,Financials,117.50999999999999,117.47200000000001,120.20449999999998,124.5536,118.09514670922833,120.57845301147988,-2.483306302251549,-2.317746798964656,115.19,14318800.0,116.69,11834400.0,121.25,13126900.0,32.94877711121366,-1.319736052789433,-5.030927835051546,-0.0003472523656566917,0.01723766070895308
JPM,2022-04-26,113.22,114.82,111.61,111.74,111.74,17209500,Financials,116.03800000000001,116.56499999999998,119.4405,124.01280000000001,117.11743183088551,119.9237527884073,-2.806320957521791,-2.415461630676083,115.15,17149000.0,119.1,15015400.0,120.81,10466400.0,30.1775147928994,-6.179680940386234,-7.507656650939499,-0.02961354754667833,0.018885406969357012
JPM,2022-04-27,111.12,112.23,110.11,110.29,110.29,17215200,Financials,114.19200000000001,115.646,118.59,123.46879999999999,116.06705770305697,119.2101414707475,-3.143083767690527,-2.560986058078972,111.74,17209500.0,119.52,13430200.0,119.48,12989900.0,30.473751600512173,-7.722556894243637,-7.69166387679946,-0.01297655271165199,0.018934908311107865
JPM,2022-04-28,111.55,112.32,110.04,112.03,112.03,13015600,Financials,112.88,115.28599999999999,117.85549999999998,122.91939999999998,115.44597190258668,118.67827913958102,-3.2323072369943446,-2.695250293862047,110.29,17215200.0,118.59,12174200.0,115.63,30838000.0,35.80645161290323,-5.5316637153217,-3.1133788809132534,0.01577658899265577,0.018125021987803604
JPM,2022-04-29,111.77,112.28,108.0,108.42,108.42,14874800,Financials,111.526,114.672,117.131,122.29260000000001,114.36505314834258,117.91840661072317,-3.553353462380585,-2.8668709275657545,112.03,13015600.0,115.19,14318800.0,114.56,18835200.0,25.543271063667532,-5.877246288740334,-5.3596368715083775,-0.03222351155940373,0.020326126232109835
JPM,2022-05-02,108.89,109.65,107.38,109.41,109.41,18545000,Financials,110.378,113.944,116.50150000000001,121.75,113.6027372793668,117.28815426918811,-3.685416989821306,-3.030580140016865,108.42,14874800.0,115.15,17149000.0,116.69,11834400.0,28.715459297983543,-4.984802431610946,-6.238752249550094,0.009131156613170877,0.0192834967702857
JPM,2022-05-03,110.39,112.79,109.71,111.75,111.75,15720900,Financials,110.38,113.20899999999999,115.96200000000002,121.2414,113.31770077484883,116.87792061961862,-3.56021984476979,-3.13650808096745,109.41,18545000.0,111.74,17209500.0,119.1,15015400.0,36.092119467434316,0.008949346697706417,-6.171284634760699,0.021387441732931167,0.019398410812609335
JPM,2022-05-04,111.54,115.72,111.49,115.45,115.45,17128500,Financials,111.41199999999999,112.80199999999999,115.67850000000001,120.8118,113.64574680948748,116.77214872186909,-3.12640191238161,-3.1344868472502823,111.75,15720900.0,110.29,17215200.0,119.52,13430200.0,49.67438494934878,4.6785746667875605,-3.4052878179384183,0.03310961968680082,0.022969960832162694
JPM,2022-05-05,113.77,114.54,110.96,112.56,112.56,15055400,Financials,111.518,112.199,115.3345,120.38159999999999,113.47870883879709,116.46013770543433,-2.981428866637245,-3.103875251127675,115.45,17128500.0,112.03,13015600.0,118.59,12174200.0,46.60556687033265,0.47308756583057665,-5.0847457627118615,-0.02503248159376359,0.023976298418833836
JPM,2022-05-06,112.45,112.9,110.07,112.38,112.38,14417900,Financials,112.30999999999999,111.918,115.0,120.0226,113.30967670975139,116.15790528280957,-2.8482285730581793,-3.052745915513776,112.56,15055400.0,108.42,14874800.0,115.19,14318800.0,42.166484914576515,3.652462645268395,-2.439447868738609,-0.0015991471215351938,0.022481692105668524
JPM,2022-05-09,110.92,112.03,109.46,110.69,110.69,14312300,Financials,112.56599999999999,111.47200000000001,114.47200000000001,119.568,112.90664952363578,115.75287526186071,-2.8462257382249305,-3.011441880056007,112.38,14417900.0,109.41,18545000.0,115.15,17149000.0,34.303844718178425,1.1699113426560714,-3.873208858011301,-0.01503826303612743,0.022821785314531662
JPM,2022-05-10,111.83,112.43,106.78,107.99,107.99,16382400,Financials,111.814,111.09700000000001,113.83099999999999,119.17060000000001,112.15024190461489,115.17784746468584,-3.0276055600709526,-3.014674616058996,110.69,14312300.0,111.75,15720900.0,111.74,17209500.0,30.168558651530788,-3.3646532438478816,-3.3560050116341555,-0.02439244737555335,0.022214926374017098
JPM,2022-05-11,108.37,111.63,107.13,107.31,107.31,14630300,Financials,110.18599999999999,110.799,113.2225,118.85619999999999,111.4055893039049,114.59504394878319,-3.189454644878282,-3.0496306218228537,107.99,16382400.0,115.45,17128500.0,110.29,17215200.0,30.43025676613462,-7.050671286271115,-2.701967540121497,-0.006296879340679573,0.021987077561796246
JPM,2022-05-12,106.28,107.48,104.8,107.22,107.22,16318800,Financials,109.11800000000001,110.31800000000001,112.80199999999999,118.48899999999999,110.76165248791952,114.04874439702148,-3.28709190910196,-3.0971228792786754,107.31,14630300.0,112.56,15055400.0,112.03,13015600.0,34.37867502940024,-4.744136460554371,-4.293492814424704,-0.0008386916410400014,0.021059208739116684
JPM,2022-05-13,108.47,109.23,107.15,108.17,108.17,10443200,Financials,108.276,110.293,112.4825,118.1586,110.36293672054728,113.61328184909397,-3.250345128546684,-3.127767329132277,107.22,16318800.0,112.38,14417900.0,108.42,14874800.0,36.79031037093111,-3.7462181882897294,-0.2305847629588631,0.008860287259839561,0.018874378014938326
JPM,2022-05-16,107.67,108.51,106.48,107.42,107.42,10269000,Financials,107.622,110.09400000000001,112.01899999999998,117.8834,109.91017722507847,113.15452023064256,-3.2443430055640903,-3.1510824644186397,108.17,10443200.0,110.69,14312300.0,109.41,18545000.0,40.909090909090914,-2.9541964043725666,-1.8188465405355903,-0.006933530553758005,0.018686859444947426
JPM,2022-05-17,109.95,111.7,109.74,110.98,110.98,11160200,Financials,108.22,110.01700000000001,111.61299999999999,117.773,110.07476534429716,112.99344465800237,-2.918679313705212,-3.1046018342759543,107.42,10269000.0,107.99,16382400.0,111.75,15720900.0,51.33359103208349,2.768774886563574,-0.6890380313199107,0.033140942096443915,0.020573186985225558
JPM,2022-05-18,110.18,110.79,108.57,109.08,109.08,12664900,Financials,108.574,109.38,111.09100000000001,117.64099999999999,109.92172452209759,112.70355986852071,-2.7818353464231222,-3.040048536705388,110.98,11160200.0,107.31,14630300.0,115.45,17128500.0,44.333461390703036,1.6494268940452805,-5.517540060632308,-0.01712020183816909,0.017331469189807897
JPM,2022-05-19,107.36,108.68,106.85,107.47,107.47,12765800,Financials,108.624,108.87100000000001,110.535,117.384,109.54453613408258,112.31588876714882,-2.7713526330662432,-2.9863093559775598,109.08,12664900.0,107.22,16318800.0,112.56,15055400.0,48.023304203079476,0.23316545420630774,-4.522032693674483,-0.014759809314264793,0.016321786233532705
JPM,2022-05-20,108.51,108.7,104.48,106.58,106.58,13150100,Financials,108.306,108.29099999999998,110.1045,117.13780000000001,109.08845365191603,111.89100811773038,-2.802554465814353,-2.9495583779449186,107.47,12765800.0,108.17,10443200.0,112.38,14417900.0,44.08692018386963,-1.4699084773966975,-5.161060686954977,-0.008281380850469922,0.016326715563353942
JPM,2022-05-23,109.42,114.97,109.41,113.18,113.18,24376700,Financials,109.458,108.54,110.00600000000001,117.0772,109.71792232085203,111.9864889978985,-2.268566677046479,-2.813360037765231,106.58,13150100.0,107.42,10269000.0,110.69,14312300.0,52.53636041149344,5.362129957177442,2.2495257024121473,0.061925314317883284,0.026268904376431847
JPM,2022-05-24,112.96,115.8,111.83,114.78,114.78,19324900,Financials,110.21799999999999,109.21900000000001,110.15799999999999,117.02539999999999,110.49670350225941,112.19341573879493,-1.696712236535518,-2.590030477519288,113.18,24376700.0,110.98,11160200.0,107.99,16382400.0,48.71598313530088,3.424040367633796,6.287619224002228,0.014136773281498538,0.02465747396454286
JPM,2022-05-25,114.71,116.14,113.7,115.58,115.58,12780400,Financials,111.518,110.046,110.42249999999999,116.948,111.27874911729641,112.44427383221752,-1.165524714921105,-2.3051293249996516,114.78,19324900.0,109.08,12664900.0,107.31,14630300.0,56.29166666666666,5.95892922625596,7.706644301556231,0.006969855375500877,0.024253009305692293
JPM,2022-05-26,116.6,118.26,116.46,117.58,117.58,15990900,Financials,113.54,111.082,110.7,116.8038,112.24817233002004,112.824697992794,-0.5765256627739603,-1.9594085925545135,115.58,12780400.0,107.47,12765800.0,107.22,16318800.0,60.069713400464764,9.407276449241643,9.662376422309272,0.017304031839418643,0.02422103590638105
JPM,2022-05-27,118.23,119.24,117.3,119.24,119.24,11177800,Financials,116.072,112.189,111.24100000000001,116.6612,113.32383812540156,113.29990554888333,0.023932576518234328,-1.562740358739964,117.58,15990900.0,106.58,13150100.0,108.17,10443200.0,66.57619232260565,11.878401200975786,10.23389109734676,0.014118047286953539,0.02426205353585706
JPM,2022-05-31,118.25,120.95,117.82,120.11,120.11,17015000,Financials,117.458,113.458,111.776,116.537,114.36786302918594,113.80435698970679,0.5635060394791509,-1.137491079096141,119.24,11177800.0,113.18,24376700.0,107.42,10269000.0,75.29215358931552,6.122989927549027,11.813442561906529,0.007296209325729608,0.023562492701528843
JPM,2022-06-01,120.69,120.69,116.88,118.0,118.0,10768000,Financials,118.102,114.16,112.0885,116.3786,114.9266533323881,114.11514536083962,0.8115079715484796,-0.7476912689672169,120.11,17015000.0,114.78,19324900.0,110.98,11160200.0,71.05159511618746,2.805366788639141,6.325464047576146,-0.017567230039130743,0.023836062125707085
JPM,2022-06-02,117.99,119.91,116.88,119.9,119.9,8374800,Financials,118.96600000000001,115.242,112.31099999999999,116.20479999999999,115.69178358894378,114.54365311188855,1.1481304770552327,-0.36852691976272706,118.0,10768000.0,115.58,12780400.0,109.08,12664900.0,73.30882352941177,3.737670877314425,9.919325265859925,0.016101694915254372,0.02246931410050633
JPM,2022-06-03,119.18,119.69,118.08,118.23,118.23,8596000,Financials,119.096,116.31800000000001,112.5945,116.04880000000001,116.08227842141397,114.81671584434125,1.2655625770727283,-0.04170902039563601,119.9,8374800.0,117.58,15990900.0,107.47,12765800.0,68.01575931232091,0.5528151046096275,10.012096398995073,-0.013928273561301108,0.02236995525535566
JPM,2022-06-06,119.07,120.26,117.59,117.84,117.84,11323500,Financials,118.816,117.444,112.86749999999999,115.8686,116.35269712581183,115.04066281883449,1.3120343069773384,0.2290396450789589,118.23,8596000.0,119.24,11177800.0,106.58,13150100.0,68.90420899854861,-1.1741026501174034,10.564833927566152,-0.0032986551636640105,0.021974265197214127
JPM,2022-06-07,117.02,118.38,116.83,118.15,118.15,6722200,Financials,118.424,117.941,113.2405,115.6724,116.62920526030231,115.27098409151343,1.3582211687888872,0.4548759498209446,117.84,11323500.0,120.11,17015000.0,113.18,24376700.0,64.74701768819415,-1.631837482307874,4.39123520056548,0.0026306856754922947,0.012421129154433785
JPM,2022-06-08,117.18,117.58,115.27,116.27,116.27,8422100,Financials,118.078,118.09,113.65450000000001,115.45739999999999,116.5739429125635,115.34498526991983,1.228957642643664,0.6096922883854885,118.15,6722200.0,118.0,10768000.0,114.78,19324900.0,64.80032935364346,-1.466101694915256,1.2981355636870529,-0.015911976301312025,0.013394092651695104
JPM,2022-06-09,115.7,116.36,113.79,113.82,113.82,13560100,Financials,116.86200000000001,117.91399999999999,113.98000000000002,115.18780000000001,116.15025938755372,115.23202339807392,0.9182359894797969,0.6714010286043502,116.27,8422100.0,119.9,8374800.0,115.58,12780400.0,62.634301631516095,-5.0708924103419655,-1.522754801868842,-0.021071643588199906,0.014938141271274531
JPM,2022-06-10,111.35,112.09,108.38,108.59,108.59,12945200,Financials,114.93400000000001,117.01500000000001,114.04849999999999,114.82520000000001,114.9871425586993,114.74002166488326,0.24712089381604585,0.5865450016466893,113.82,13560100.0,118.23,8596000.0,117.58,15990900.0,53.41024770953513,-8.153598917364457,-7.645858139139305,-0.04594974521173778,0.018970530825888794
JPM,2022-06-13,106.15,107.14,104.51,105.36,105.36,16805600,Financials,112.43799999999999,115.627,113.90799999999999,114.4742,113.50604370351479,114.04520524526228,-0.5391615417474895,0.3614036929678536,108.59,12945200.0,117.84,11323500.0,119.24,11177800.0,35.0191570881226,-10.59063136456212,-11.640389131164032,-0.029744912054517014,0.01841312489802903
JPM,2022-06-14,104.96,106.57,102.84,103.61,103.61,13357900,Financials,109.53,113.977,113.71750000000002,114.1064,111.98357544143559,113.27222707894656,-1.2886516375109665,0.031392626872089546,105.36,16805600.0,118.15,6722200.0,120.11,17015000.0,28.723809523809535,-12.306390181972072,-13.737407376571475,-0.0166097190584662,0.017114781444468725
JPM,2022-06-15,105.02,106.23,102.8,104.83,104.83,14083500,Financials,107.242,112.66000000000001,113.41000000000001,113.75219999999999,110.88302537352243,112.64687692495052,-1.7638515514280897,-0.3276562087879463,103.61,13357900.0,116.27,8422100.0,118.0,10768000.0,29.846269216347977,-9.839167455061492,-11.161016949152547,0.011774925200270125,0.01895363321565069
JPM,2022-06-16,103.42,103.79,101.62,103.03,103.03,16724900,Financials,105.08399999999999,110.973,113.10749999999999,113.39040000000001,109.67486762374975,111.93451567125048,-2.2596480475007326,-0.7140545765305036,104.83,14083500.0,113.82,13560100.0,119.9,8374800.0,22.51605591235362,-9.479880513090844,-14.070058381984996,-0.01717065725460265,0.016282419238905697
JPM,2022-06-17,103.13,104.12,101.88,102.67,102.67,30919900,Financials,103.9,109.417,112.86749999999999,113.055,108.5971956816344,111.24825525115784,-2.65105956952344,-1.101455575129091,103.03,16724900.0,108.59,12945200.0,118.23,8596000.0,17.08382995629721,-5.451699051478043,-13.160788294003211,-0.0034941279239056877,0.016682996549284818
JPM,2022-06-21,105.25,106.3,104.5,105.21,105.21,11680500,Financials,103.87,108.154,112.799,112.77780000000001,108.07608865369065,110.80097708440542,-2.7248884307147705,-1.4261421462462271,102.67,30919900.0,105.36,16805600.0,117.84,11323500.0,22.24292101341281,-0.14236902050114297,-10.717922606924656,0.024739456511152058,0.02056437677669187
JPM,2022-06-22,104.35,105.55,103.91,104.62,104.62,9842700,Financials,104.072,106.801,112.37099999999998,112.4452,107.544382706969,110.34312693000501,-2.7987442230360102,-1.700662561604184,105.21,11680500.0,103.61,13357900.0,118.15,6722200.0,23.578199052132703,0.9748093813338521,-11.451544646635636,-0.005607831955137255,0.02011412998000588
JPM,2022-06-23,104.47,104.62,101.26,103.48,103.48,11851500,Financials,103.80199999999999,105.522,111.806,112.0986,106.919093059743,109.83474715741204,-2.9156540976690337,-1.943660868817154,104.62,9842700.0,104.83,14083500.0,116.27,8422100.0,16.57166123778501,-1.2877992940951932,-11.000258020125564,-0.01089657809214295,0.020065575489295936
JPM,2022-06-24,102.85,107.02,102.49,106.57,106.57,14841100,Financials,104.50999999999999,104.797,111.3555,111.8404,106.86538643516715,109.59291403464077,-2.7275275994736177,-2.100434214948447,103.48,11851500.0,103.03,16724900.0,113.82,13560100.0,27.559661277906045,3.435892458507217,-6.369706554208399,0.029860842674912957,0.023507598286805972
JPM,2022-06-27,107.24,107.64,105.04,105.71,105.71,11280500,Financials,105.11800000000001,104.50899999999999,110.76200000000001,111.642,106.68763467591067,109.30529077281554,-2.6176560969048666,-2.203878591339731,106.57,14841100.0,102.67,30919900.0,108.59,12945200.0,27.06994328922491,2.9609428265315874,-2.652177916935272,-0.008069813268274384,0.0190372462146838
JPM,2022-06-28,106.88,108.36,105.0,105.2,105.2,11590900,Financials,105.11600000000001,104.49300000000001,110.05999999999999,111.45480000000002,106.45876780269364,109.00119516001439,-2.542427357320747,-2.2715883445359344,105.71,11280500.0,105.21,11680500.0,105.36,16805600.0,25.703564727954927,-0.009504799923953922,-0.15186028853454436,-0.004824519912969394,0.016545744182769873
JPM,2022-06-29,105.37,106.11,104.21,104.73,104.73,9338400,Financials,105.138,104.60499999999999,109.29099999999998,111.2156,106.19280352535615,108.68481033334666,-2.4920068079905064,-2.315672037226849,105.2,11590900.0,104.62,9842700.0,103.61,13357900.0,27.139461172741647,0.10514242018735409,1.0809767396969372,-0.004467680608364999,0.015613075252766772
JPM,2022-06-30,102.8,103.62,100.76,102.29,102.29,15172600,Financials,104.9,104.351,108.50549999999998,110.8794,105.5923722137629,108.21112067902467,-2.618748465261774,-2.376287322833834,104.73,9338400.0,103.48,11851500.0,104.83,14083500.0,27.150217994451026,-1.1499806725937312,-2.422970523705037,-0.02329800439224672,0.016859323300132675
JPM,2022-07-01,102.32,103.93,100.97,103.6,103.6,10573600,Financials,104.306,104.40799999999999,107.69050000000001,110.561,105.28585341164553,107.8695561842821,-2.5837027726365704,-2.4177704127943813,102.29,15172600.0,106.57,14841100.0,103.03,16724900.0,38.29188174565927,-2.786900628694755,0.5532369212850607,0.01280672597516852,0.016588871306757565
JPM,2022-07-05,101.51,103.28,100.16,103.2,103.2,12514200,Financials,103.804,104.46099999999998,106.939,110.25319999999999,104.96495288677698,107.52366313359454,-2.5587102468175544,-2.445958379599016,103.6,10573600.0,105.71,11280500.0,102.67,30919900.0,44.15584415584414,-2.3744205846182864,0.5162170059413773,-0.0038610038610037423,0.016599518039651692
JPM,2022-07-06,102.39,103.54,101.53,102.53,102.53,10656200,Financials,103.27000000000001,104.19300000000001,106.17350000000002,110.0,104.59034475034976,107.15376216073568,-2.5634174103859237,-2.4694501857563975,103.2,12514200.0,105.2,11590900.0,105.21,11680500.0,46.89655172413793,-2.538022813688212,-2.547286379621705,-0.006492248062015538,0.014346212189269927
JPM,2022-07-07,104.01,105.29,103.92,105.13,105.13,10347400,Financials,103.35,104.244,105.5225,109.7996,104.67336863491134,107.00385385253303,-2.3304852176216855,-2.441657192129455,102.53,10656200.0,104.73,9338400.0,104.62,9842700.0,50.79872204472843,0.3819344982335382,0.48747849359587203,0.025358431678533133,0.016739635559721567
JPM,2022-07-08,105.53,105.98,104.11,104.8,104.8,8807800,Financials,103.852,104.376,104.949,109.6608,104.69285038338651,106.84060541901206,-2.1477550356255506,-2.3828767608286743,105.13,10347400.0,102.29,15172600.0,103.48,11851500.0,55.112651646447155,2.453807801349095,1.2756088132972465,-0.0031389707980595816,0.016321590755918207
JPM,2022-07-11,104.05,104.68,102.84,103.42,103.42,7939500,Financials,103.81599999999999,104.06099999999999,104.429,109.5234,104.4970272474809,106.58722723982598,-2.0901999923450774,-2.3243414071319553,104.8,8807800.0,103.6,10573600.0,106.57,14841100.0,52.045826513911635,-0.17374517374516563,-2.9558036971004897,-0.01316793893129764,0.013389549000375036
JPM,2022-07-12,103.17,105.55,102.87,103.52,103.52,11250900,Financials,103.88,103.84200000000001,104.17549999999999,109.3532,104.34671536325307,106.3600252220611,-2.0133098588080287,-2.26213509746717,103.42,7939500.0,103.2,12514200.0,105.71,11280500.0,44.68219005663938,0.31007751937983663,-2.0717056096868802,0.0009669309611293198,0.013307726628886664
JPM,2022-07-13,102.41,103.07,101.15,102.55,102.55,12979900,Financials,103.88399999999999,103.577,104.035,109.2358,104.0702976150603,106.07780113153805,-2.0075035164777546,-2.211208781269287,103.52,11250900.0,102.53,10656200.0,105.2,11590900.0,43.63859864781802,0.0195064859065619,-2.519011406844107,-0.009370170015455925,0.01349085271194697
JPM,2022-07-14,98.96,99.18,97.19,98.97,98.97,26204800,Financials,102.652,103.001,103.803,109.027,103.28563644351256,105.55129734401672,-2.265660900504159,-2.2220992051162614,102.55,12979900.0,105.13,10347400.0,104.73,9338400.0,37.9476215927311,-5.859412156377819,-5.499856774563172,-0.03490980009751343,0.016976864067226843
JPM,2022-07-15,100.03,104.36,98.67,103.5,103.5,18863900,Financials,102.392,103.122,103.7365,108.86200000000001,103.31861545220293,105.39934939260807,-2.080733940405139,-2.193826152174037,98.97,26204800.0,104.8,8807800.0,102.29,15172600.0,42.38213399503722,-1.2404580152671763,1.1829113305308336,0.04577144589269477,0.022186891671598187
JPM,2022-07-18,105.17,106.15,101.98,102.44,102.44,13977900,Financials,102.196,103.006,103.707,108.60179999999998,103.18344384417172,105.18013832648896,-1.9966944823172383,-2.1543998182026773,103.5,18863900.0,103.42,7939500.0,103.6,10573600.0,41.965601965601955,-0.9475923419067889,-1.119691119691113,-0.010241545893719839,0.02206667841748
JPM,2022-07-19,103.67,105.33,103.25,104.98,104.98,11862300,Financials,102.48800000000001,103.184,103.82249999999999,108.45020000000001,103.45983709891453,105.16531326526756,-1.705476166353023,-2.0646150878327467,102.44,13977900.0,103.52,11250900.0,103.2,12514200.0,49.508489722966935,1.410355486862458,1.7248062015503995,0.024795001952362394,0.023457479224265023
JPM,2022-07-20,104.56,105.15,103.99,104.96,104.96,11667500,Financials,102.97,103.42699999999999,103.81000000000002,108.3018,103.69063139138922,105.15010487524773,-1.4594734838585168,-1.9435867670379008,104.98,11862300.0,102.55,12979900.0,102.53,10656200.0,50.52439580483353,2.3500731350560633,2.370038037647504,-0.00019051247856749498,0.02328931414783144
JPM,2022-07-21,104.87,105.87,103.89,105.68,105.68,11595900,Financials,104.31200000000001,103.482,103.86299999999999,108.2016,103.99668810040626,105.18935636597013,-1.1926682655638672,-1.7934030667430942,104.96,11667500.0,98.97,26204800.0,105.13,10347400.0,58.38693715982187,6.779832272405795,0.5231617996765969,0.006859756097561176,0.0219773576717295
JPM,2022-07-22,105.6,106.53,104.16,105.16,105.16,7645500,Financials,104.644,103.518,103.947,108.145,104.17565916188221,105.18718182034272,-1.0115226584605068,-1.6370269850865768,105.68,11595900.0,103.5,18863900.0,104.8,8807800.0,54.01647785787848,1.6038647342995205,0.34351145038167274,-0.004920514761544426,0.022019452715869428
JPM,2022-07-25,106.15,106.72,105.17,105.58,105.58,9394000,Financials,105.272,103.734,103.8975,108.11040000000001,104.39171159851571,105.2162794632803,-0.8245678647645889,-1.4745351610221795,105.16,7645500.0,102.44,13977900.0,103.42,7939500.0,56.121399176954704,3.065208902772354,2.0885708760394417,0.003993914035754997,0.021493188684126974
JPM,2022-07-26,105.0,105.91,103.58,103.94,103.94,10675100,Financials,105.064,103.776,103.809,108.0448,104.32221750643637,105.12174024377806,-0.7995227373416895,-1.3395326762860815,105.58,9394000.0,104.98,11862300.0,103.52,11250900.0,53.45418912297892,-0.9906648885502078,0.405718701700164,-0.015533244932752432,0.022225676517060974
JPM,2022-07-27,104.48,106.06,103.83,105.6,105.6,9337400,Financials,105.19200000000001,104.08099999999999,103.829,107.99340000000001,104.51879942852308,105.1571668923871,-0.6383674638640144,-1.1992996338016682,103.94,10675100.0,104.96,11667500.0,102.55,12979900.0,51.206985105290194,0.6097560975609762,2.9741589468551988,0.01597075235712908,0.022403315187834963
JPM,2022-07-28,105.61,106.28,104.04,105.21,105.21,10384800,Financials,105.098,104.705,103.853,107.9492,104.62513797798107,105.16108045591398,-0.5359424779329061,-1.0666282026279157,105.6,9337400.0,105.68,11595900.0,98.97,26204800.0,51.04966717869942,-0.44473883421651816,6.304940891179145,-0.00369318181818179,0.018310334424910448
JPM,2022-07-29,105.92,106.76,105.19,105.71,105.71,12944500,Financials,105.208,104.926,104.024,107.84380000000002,104.79203982752244,105.20174116288331,-0.4097013353608645,-0.9352428291745055,105.21,10384800.0,105.16,7645500.0,103.5,18863900.0,56.13941018766753,0.5230125523012497,2.13526570048308,0.0047523999619807356,0.011981539290625651
JPM,2022-08-01,104.93,105.48,103.61,104.66,104.66,14740400,Financials,105.024,105.148,104.077,107.75540000000001,104.7717260079036,105.16161218785491,-0.38988617995131847,-0.8261714993298682,105.71,12944500.0,105.58,9394000.0,102.44,13977900.0,52.908163265306115,-0.8713771547641636,2.1671222178836436,-0.009932835114937033,0.011946326440850289
JPM,2022-08-02,104.39,104.83,102.88,103.03,103.03,14942900,Financials,104.84200000000001,104.953,104.0685,107.6666,104.50376816053381,105.00371498875455,-0.4999468282207431,-0.7609265651080432,104.66,14740400.0,103.94,10675100.0,104.98,11862300.0,51.184600197433376,-0.8755050990956303,-1.8574966660316328,-0.015574240397477457,0.010152581254643153
JPM,2022-08-03,103.96,104.56,102.37,104.11,104.11,14394500,Financials,104.54399999999998,104.86800000000001,104.1475,107.6172,104.44318844352861,104.93751387847644,-0.4943254349478252,-0.7076063390759997,103.03,14942900.0,105.6,9337400.0,104.96,11667500.0,64.47072072072069,-1.410984848484842,-0.8098323170731669,0.010482383771716952,0.010878730658708771
JPM,2022-08-04,103.41,103.84,101.74,102.96,102.96,18033900,Financials,104.09400000000001,104.596,104.03899999999999,107.41279999999999,104.21500560606268,104.79103136895966,-0.5760257628969896,-0.6812902238401977,104.11,14394500.0,105.21,10384800.0,105.68,11595900.0,48.12239221140471,-2.1385799828913643,-2.5738077214231714,-0.01104600902891173,0.010958605275709412
JPM,2022-08-05,103.12,106.47,102.68,106.08,106.08,14174600,Financials,104.168,104.68799999999999,104.103,107.2388,104.50192782051457,104.8865105268145,-0.3845827062999376,-0.6219487203321457,102.96,18033900.0,105.71,12944500.0,105.16,7645500.0,61.07055961070557,0.3500141897644582,0.8748573602129994,0.030303030303030276,0.01502019296630176
JPM,2022-08-08,106.53,106.94,104.63,104.79,104.79,10332500,Financials,104.194,104.60900000000001,104.17150000000001,107.023,104.54624661735848,104.87936159890232,-0.33311498154384367,-0.5641819725744853,106.08,14174600.0,104.66,14740400.0,105.58,9394000.0,49.37458854509546,0.12421173323142742,-0.7482477741996507,-0.012160633484162853,0.015519530780962168
JPM,2022-08-09,105.15,106.29,104.81,105.73,105.73,10233800,Financials,104.734,104.78799999999998,104.282,106.786,104.72836252238025,104.94237185083549,-0.21400932845523357,-0.494147443750635,104.79,10332500.0,103.03,14942900.0,103.94,10675100.0,52.38981998758539,2.620595942929249,1.7221473927265807,0.008970321595572095,0.014826269242400141
JPM,2022-08-10,108.1,109.39,107.67,108.49,108.49,12847300,Financials,105.60999999999999,105.077,104.579,106.571,105.3070759804756,105.20515912114398,0.10191685933162375,-0.37493458313418326,105.73,10233800.0,104.11,14394500.0,105.6,9337400.0,57.7410468319559,4.2070886562289855,2.736742424242422,0.026104227749929043,0.01618584762690417
JPM,2022-08-11,109.87,111.06,109.33,110.09,110.09,11684900,Financials,107.03600000000002,105.56500000000001,105.13499999999999,106.3706,106.04291044501782,105.56699918624442,0.475911258773408,-0.20476541475266502,108.49,12847300.0,102.96,18033900.0,105.21,10384800.0,62.81851274050964,6.925019425019441,4.638342362893266,0.014747903032537701,0.01641022984538876
JPM,2022-08-12,110.58,112.03,109.45,111.92,111.92,9906700,Financials,108.204,106.18599999999999,105.556,106.249,106.94707806886123,106.0375918391152,0.9094862297460367,0.018084914147075304,110.09,11684900.0,106.08,14174600.0,105.71,12944500.0,65.35852713178296,5.505279034690802,5.874562482262813,0.016622763193750556,0.01684095172851661
JPM,2022-08-15,111.01,112.46,110.52,112.22,112.22,8456200,Financials,109.69000000000001,106.94200000000001,106.045,106.09540000000001,107.75829682749796,106.49554799918074,1.2627488283172141,0.26701769698110306,111.92,9906700.0,104.79,10332500.0,104.66,14740400.0,71.45077720207256,7.090371218627722,7.223390024842358,0.00268048606147242,0.015977604399039187
JPM,2022-08-16,112.06,113.85,111.68,113.29,113.29,9555000,Financials,111.202,107.968,106.4605,105.9966,108.60932808480597,106.99884073998217,1.6104873448237953,0.5357116265496416,112.22,8456200.0,105.73,10233800.0,103.03,14942900.0,70.55050774986643,7.1502884706327485,9.958264583131138,0.009534842274104394,0.013847026362727052
JPM,2022-08-17,112.07,112.86,111.51,112.34,112.34,8149300,Financials,111.97200000000001,108.79100000000001,106.82950000000001,105.8866,109.18327761022044,107.39448216665016,1.7887954435702795,0.7863283899537692,113.29,9555000.0,108.49,12847300.0,104.11,14394500.0,68.50025947067984,3.5487141672043476,7.905100374603791,-0.008385559184394098,0.014957963842602513
JPM,2022-08-18,112.02,112.23,110.47,111.47,111.47,9531800,Financials,112.248,109.64200000000001,107.119,105.75299999999999,109.5350810548019,107.69637237652793,1.8387086782739743,0.9968044476178104,112.34,8149300.0,110.09,11684900.0,102.96,18033900.0,64.66395112016295,1.2535198473975884,8.265345765345767,-0.007744347516467909,0.014527544070206037
JPM,2022-08-19,110.53,110.87,108.23,108.71,108.71,13464500,Financials,111.606,109.905,107.29650000000001,105.6018,109.4081455079093,107.77145590419252,1.6366896037167749,1.1247814788376034,111.47,9531800.0,111.92,9906700.0,106.08,14174600.0,59.484777517564396,-2.8681200857755607,2.4792609351432793,-0.024760025118866102,0.015561554371896245
JPM,2022-08-22,106.99,107.36,105.84,106.91,106.91,8967600,Financials,110.54400000000001,110.117,107.36299999999999,105.46359999999999,109.0238154297694,107.70764435573382,1.31617107403558,1.1630593978771988,108.71,13464500.0,112.22,8456200.0,104.79,10332500.0,59.01486988847582,-4.731776866868653,2.023093806660925,-0.016557814368503343,0.016077336712316412
JPM,2022-08-23,106.93,107.48,105.73,105.86,105.86,7607000,Financials,109.05799999999999,110.13,107.45899999999999,105.40899999999999,108.53707459442026,107.57078181086464,0.9662927835556161,1.1237060750128824,106.91,8967600.0,113.29,9555000.0,105.73,10233800.0,54.07166123778502,-6.558389972636602,0.12295469592358277,-0.009821345056589603,0.016284727139891028
JPM,2022-08-24,105.65,106.68,104.88,106.12,106.12,9771300,Financials,107.814,109.893,107.48499999999999,105.4242,108.16521696450945,107.46331649154133,0.70190047296812,1.03934495460393,105.86,7607000.0,112.34,8149300.0,108.49,12847300.0,57.66990291262139,-5.536763396831046,-2.184533136694622,0.002456074060079416,0.013609066316964728
JPM,2022-08-25,106.45,108.81,106.01,108.64,108.64,10758900,Financials,107.248,109.748,107.65650000000001,105.52480000000001,108.23826050843107,107.55047823290865,0.687782275522423,0.9690324187876287,106.12,9771300.0,111.47,9531800.0,110.09,11684900.0,56.400000000000006,-2.5387996770431465,-1.3171041874829759,0.0237467018469657,0.015067887421487923
JPM,2022-08-26,109.47,109.96,105.02,105.08,105.08,11276200,Financials,106.522,109.064,107.625,105.52980000000001,107.75237427636475,107.36747984528579,0.38489443107896193,0.8522048212458954,108.64,10758900.0,108.71,13464500.0,111.92,9906700.0,50.651100134710354,-3.3391592309815032,-6.111508220157258,-0.032768777614138433,0.016586812093624007
JPM,2022-08-29,104.47,105.26,103.97,104.82,104.82,8117300,Financials,106.104,108.324,107.633,105.56559999999999,107.30123977230862,107.17877763452387,0.12246213778475123,0.7062562845536666,105.08,11276200.0,106.91,8967600.0,112.22,8456200.0,47.89254284390919,-1.9549153493592764,-6.594189983960086,-0.0024743052912067354,0.0163600244724838
JPM,2022-08-30,105.38,105.91,103.88,104.84,104.84,10745400,Financials,105.9,107.479,107.72349999999999,105.609,106.92258749964576,107.00553484678136,-0.08294734713560104,0.5484155582158131,104.82,8117300.0,105.86,7607000.0,113.29,9555000.0,40.31830238726795,-0.9635367466465095,-7.458734221908381,0.00019080328181653172,0.015579391223166669
JPM,2022-08-31,104.91,105.41,103.86,104.22,104.22,10738300,Financials,105.51999999999998,106.667,107.729,105.58919999999998,106.50680480739257,106.79919893220496,-0.2923941248123896,0.3802536216101726,104.84,10745400.0,106.12,9771300.0,112.34,8149300.0,33.5758254057079,-1.7904259329061478,-7.228057682036681,-0.005913773368943165,0.015585359193580521
JPM,2022-09-01,103.82,105.04,102.55,104.93,104.93,9979800,Financials,104.77799999999999,106.01299999999999,107.82750000000001,105.59539999999998,106.2642194524091,106.66073975204162,-0.39652029963252744,0.2248988373616326,104.22,10738300.0,108.64,10758900.0,111.47,9531800.0,29.134328358209032,-3.4149484536082464,-5.867049430339999,0.006812511993859127,0.016213126461436005
JPM,2022-09-02,106.18,107.63,103.72,104.2,104.2,10666600,Financials,104.602,105.56200000000001,107.7335,105.60979999999999,105.94664722896155,106.47846273337187,-0.5318155044103179,0.07355596900724251,104.93,9979800.0,105.08,11276200.0,108.71,13464500.0,26.658905704307415,-0.8374571754853455,-4.148652377886108,-0.00695701896502432,0.014831765986371575
JPM,2022-09-06,104.77,105.15,102.7,104.23,104.23,9751900,Financials,104.48400000000001,105.29400000000001,107.7055,105.56300000000002,105.68254765527516,106.31190993830728,-0.6293622830321226,-0.0670276814006305,104.2,10666600.0,104.82,8117300.0,106.91,8967600.0,21.933085501858812,-0.5628696813585132,-2.506781404920022,0.0002879078694817405,0.014206716155738644
JPM,2022-09-07,103.67,106.4,103.33,106.21,106.21,10647900,Financials,104.758,105.329,107.7295,105.57300000000001,105.76369416984821,106.30436105398823,-0.5406668841400233,-0.16175552194850906,104.23,9751900.0,104.84,10745400.0,105.86,7607000.0,32.14909726266745,1.306753147653561,0.3306253542414428,0.018996450158303757,0.01541537920706917
JPM,2022-09-08,105.64,108.86,105.04,108.68,108.68,11435000,Financials,105.65,105.58500000000001,107.739,105.6426,106.21235660525618,106.48033430924836,-0.26797770399218734,-0.18299995835724472,106.21,10647900.0,104.22,10738300.0,106.12,9771300.0,42.567927543953154,4.279408942621377,2.412363362231429,0.023255813953488413,0.017036029107362013
JPM,2022-09-09,109.18,110.01,108.75,109.2,109.2,9299700,Financials,106.50399999999999,105.641,107.69449999999999,105.73200000000001,106.67199405060137,106.68179102708181,-0.009796976480444641,-0.1483593619818847,108.68,11435000.0,104.93,9979800.0,108.64,10758900.0,51.482153660012116,4.069379586390931,0.5154639175257714,0.004784688995215225,0.015385949268975125
JPM,2022-09-12,110.53,111.39,109.77,110.5,110.5,8614600,Financials,107.76400000000001,106.18299999999999,107.62349999999999,105.89620000000001,107.26091804281654,106.96462132137205,0.2962967214444916,-0.059428145296609454,109.2,9299700.0,104.2,10666600.0,105.08,11276200.0,61.19775421085463,6.046065259117084,5.157974876284732,0.011904761904761862,0.010238174783952359
JPM,2022-09-13,108.2,108.98,106.1,106.66,106.66,12904600,Financials,108.25,106.367,107.34549999999999,105.95739999999999,107.16846911315247,106.9420567790482,0.22641233410426764,-0.002260049416434033,110.5,8614600.0,104.23,9751900.0,104.82,8117300.0,52.125398512221025,2.331382519428171,1.7553901927113147,-0.03475113122171947,0.016224882076700874
JPM,2022-09-14,106.94,107.99,105.27,106.41,106.41,9345700,Financials,108.29,106.524,107.00150000000001,106.02159999999999,107.05178155728285,106.90264516578537,0.14913639149747837,0.028019238766348452,106.66,12904600.0,106.21,10647900.0,104.84,10745400.0,50.77086656034023,0.18830618585821135,1.4975200305227032,-0.0023438964935308393,0.0162736010735735
JPM,2022-09-15,106.41,109.4,106.08,108.01,108.01,10821400,Financials,108.15599999999999,106.90299999999999,106.78500000000001,106.1312,107.19919977923934,106.98467144980127,0.21452832943806754,0.06532105690069227,106.41,9345700.0,108.68,11435000.0,104.22,10738300.0,48.23923979877028,-0.6164887743835168,3.636538092496644,0.015036180810074296,0.01654399916453786
JPM,2022-09-16,107.57,107.58,105.72,107.29,107.29,14844100,Financials,107.774,107.13899999999998,106.576,106.1744,107.21316904397175,107.00728837944563,0.20588066452611997,0.09343297842577782,108.01,10821400.0,109.2,9299700.0,104.93,9979800.0,57.3421926910299,-1.7490842490842429,2.2491184599256586,-0.006666049439866706,0.016809408995926235
JPM,2022-09-19,106.3,108.8,105.85,108.28,108.28,8201300,Financials,107.33,107.547,106.5545,106.244,107.3772968833607,107.1015633143015,0.27573356905919866,0.129893096552462,107.29,14844100.0,110.5,8614600.0,104.2,10666600.0,60.96324461343473,-2.0090497737556556,3.915547024952004,0.009227327803150276,0.016590945929837887
JPM,2022-09-20,107.59,107.85,105.05,106.14,106.14,9619000,Financials,107.226,107.73800000000001,106.516,106.2984,107.18694351668981,107.03033640213101,0.1566071145587955,0.13523590015372872,108.28,8201300.0,106.66,12904600.0,104.23,9751900.0,53.6312849162011,-0.487530470654407,1.8324858486040485,-0.019763575914296228,0.01821776468805269
JPM,2022-09-21,106.79,106.85,103.02,103.08,103.08,12606300,Financials,106.56000000000002,107.425,106.377,106.28960000000001,106.55510605258368,106.73771889086206,-0.1826128382783736,0.07166615246730826,106.14,9619000.0,106.41,9345700.0,106.21,10647900.0,47.1976401179941,-3.1294051310966964,-2.94699180868091,-0.028829847371396267,0.019484443435593465
JPM,2022-09-22,103.9,104.1,101.78,101.91,101.91,11684500,Financials,105.34,106.748,106.1665,106.27680000000001,105.84047435218619,106.38011008413153,-0.5396357319453386,-0.05059422441522113,103.08,12606300.0,108.01,10821400.0,108.68,11435000.0,42.74038461538459,-5.647625219887054,-6.2292970187707075,-0.011350407450523847,0.017289136546694443
JPM,2022-09-23,100.85,101.11,98.2,100.01,100.01,18138600,Financials,103.88400000000001,105.829,105.73500000000001,106.2976,104.9434782980037,105.90825007789957,-0.9647717798958695,-0.23342973551135082,101.91,11684500.0,107.29,14844100.0,109.2,9299700.0,40.464269458352305,-6.7853481219125715,-8.415750915750909,-0.018643901481699476,0.01721111453309281
JPM,2022-09-26,98.97,100.44,97.19,97.86,97.86,15753600,Financials,101.8,104.56500000000001,105.374,106.1848,103.85371240600313,105.31208340546256,-1.458370999459433,-0.47841798830096727,100.01,18138600.0,108.28,8201300.0,110.5,8614600.0,36.778746367787456,-9.623199113409676,-11.438914027149327,-0.02149785021497852,0.015983087961712255
JPM,2022-09-27,98.74,99.12,95.9,97.0,97.0,12793600,Financials,99.97200000000001,103.599,104.98299999999999,106.07600000000001,102.79929511277187,104.69637352357645,-1.897078410804582,-0.7621500728016903,97.86,15753600.0,106.14,9619000.0,106.66,12904600.0,29.95211144971705,-8.61126813642359,-9.05681605100318,-0.008788064582055943,0.013833380906143125
JPM,2022-09-28,97.09,99.64,96.81,98.96,98.96,12762600,Financials,99.148,102.854,104.68900000000001,105.95559999999999,102.20863432619159,104.2714569662745,-2.0628226400829135,-1.022284586257935,97.0,12793600.0,103.08,12606300.0,106.41,9345700.0,28.361531611754188,-3.996895615056273,-7.0012216896908175,0.02020618556701015,0.016654780517606202
JPM,2022-09-29,98.01,98.31,95.67,97.28,97.28,12713900,Financials,98.22200000000001,101.781,104.34200000000001,105.80199999999999,101.45038289139288,103.75357126506898,-2.3031883736761074,-1.2784653437415696,98.96,12762600.0,101.91,11684500.0,108.01,10821400.0,24.76714648602878,-4.543224413698354,-9.934265345801318,-0.016976556184316816,0.014911001017683157
JPM,2022-09-30,97.19,98.62,95.67,95.76,95.76,15973400,Financials,97.372,100.628,103.8835,105.6036,100.57493936964013,103.16145487506388,-2.5865155054237476,-1.5400753760780053,97.28,12713900.0,100.01,18138600.0,107.29,14844100.0,19.085570469798654,-4.249575042495746,-10.746574704073076,-0.015625,0.014936967785229023
JPM,2022-10-03,96.79,99.3,95.72,98.72,98.72,12248100,Financials,97.54400000000001,99.672,103.6095,105.4748,100.28956408200318,102.83245821765175,-2.5428941356485666,-1.7406391279921176,95.76,15973400.0,97.86,15753600.0,108.28,8201300.0,32.709059233449466,0.8788064582055943,-8.828961950498703,0.03091060985797811,0.01919840596213932
JPM,2022-10-04,101.36,103.54,100.67,103.34,103.34,16013600,Financials,98.812,99.39200000000001,103.56499999999998,105.43,100.75886191554116,102.87005390523309,-2.111191989691932,-1.8147497003320805,98.72,12248100.0,97.0,12793600.0,106.14,9619000.0,44.38346139773144,6.536082474226812,-2.6380252496702394,0.04679902755267418,0.02555299357463248
JPM,2022-10-05,101.47,102.58,100.62,102.06,102.06,10943500,Financials,99.432,99.28999999999999,103.3575,105.3924,100.9590370054579,102.81004991225286,-1.8510129067949634,-1.8220023416246571,103.34,16013600.0,98.96,12762600.0,103.08,12606300.0,38.985560903369105,3.1325788197251514,-0.9895227008148932,-0.01238629765821564,0.02415247413447482
JPM,2022-10-06,101.2,101.88,99.8,99.98,99.98,11521400,Financials,99.97200000000001,99.09700000000001,102.92249999999999,105.28,100.80841592769515,102.60041658541932,-1.7920006577241736,-1.8160020048445604,102.06,10943500.0,97.28,12713900.0,101.91,11684500.0,37.11667254141698,2.7754934210526327,-1.8938278873515735,-0.0203801685283167,0.024754721440368464
JPM,2022-10-07,99.41,99.59,97.33,97.99,97.99,11681100,Financials,100.418,98.89500000000001,102.362,105.1356,100.37481347728051,102.25890424575863,-1.8840907684781172,-1.8296197575712718,99.98,11521400.0,95.76,15973400.0,100.01,18138600.0,32.48212461695606,2.3287385129490357,-2.0197980201979937,-0.019903980796159293,0.024853911347855095
JPM,2022-10-10,98.68,99.22,96.64,97.07,97.07,8931700,Financials,100.088,98.816,101.6905,104.96279999999999,99.86638063462198,101.87454096829504,-2.008160333673061,-1.8653278727916298,97.99,11681100.0,98.72,12248100.0,97.86,15753600.0,33.88987566607459,-1.671393841166946,-0.8072756999795705,-0.009388713133993254,0.024068202959420425
JPM,2022-10-11,96.5,96.66,94.17,94.27,94.27,12739700,Financials,98.274,98.54299999999999,101.071,104.755,99.00539899852627,101.31124163731022,-2.3058426387839432,-1.9534308259900928,97.07,8931700.0,103.34,16013600.0,97.0,12793600.0,34.20580853352455,-8.776853106251215,-2.8144329896907294,-0.028845163284227815,0.025616607398887204
JPM,2022-10-12,94.12,96.83,93.64,95.8,95.8,13181000,Financials,97.022,98.227,100.5405,104.61040000000001,98.51226069106069,100.90300151602798,-2.3907408249672955,-2.0408928257855337,94.27,12739700.0,102.06,10943500.0,98.96,12762600.0,39.1858407079646,-6.133646874387622,-3.1932093775262738,0.01622997772355994,0.025252252075049126
JPM,2022-10-13,94.29,101.61,94.08,101.12,101.12,22398700,Financials,97.25,98.611,100.196,104.55060000000002,98.91345135397444,100.91907547780369,-2.00562412382925,-2.033839085394277,95.8,13181000.0,99.98,11521400.0,97.28,12713900.0,51.75244711083044,1.1402280456091152,3.9473684210526327,0.055532359081419624,0.030619047870537004
JPM,2022-10-14,103.52,106.55,102.37,102.8,102.8,33387100,Financials,98.21199999999999,99.315,99.9715,104.54740000000001,99.51138191490145,101.05840322018861,-1.54702130528716,-1.9364755293728537,101.12,22398700.0,97.99,11681100.0,95.76,15973400.0,57.91666666666667,4.908664149403008,7.351712614870509,0.01661392405063289,0.02997924631366833
JPM,2022-10-17,106.71,108.18,105.7,107.12,107.12,22276300,Financials,100.22200000000001,100.155,99.91350000000001,104.56820000000002,100.68193854337815,101.50741038906352,-0.8254718456853709,-1.7142747926353574,102.8,33387100.0,97.07,8931700.0,98.72,12248100.0,64.598961338719,10.353353250231812,8.50891410048622,0.04202334630350202,0.031126710255616485
JPM,2022-10-18,110.63,111.08,108.14,109.88,109.88,21539700,Financials,103.34400000000001,100.809,100.1005,104.67000000000002,102.09702492131997,102.12760221209585,-0.030577290775880783,-1.377535292263462,107.12,22276300.0,94.27,12739700.0,103.34,16013600.0,65.39763113367175,16.558820409462193,6.328623959744517,0.02576549663928307,0.028891241521494245
JPM,2022-10-19,109.09,109.87,106.95,107.72,107.72,17072000,Financials,105.728,101.375,100.33250000000001,104.7098,102.96209801034766,102.54185390008874,0.4202441102589205,-1.0179794117589855,109.88,21539700.0,95.8,13181000.0,102.06,10943500.0,64.52420701168614,12.44258872651358,5.545757397609252,-0.019657808518383613,0.02950511255812579
JPM,2022-10-20,108.32,109.76,106.93,107.37,107.37,12207400,Financials,106.978,102.114,100.60549999999999,104.6874,103.64023677798647,102.89949435193402,0.7407424260524493,-0.6662350441966987,107.72,17072000.0,101.12,22398700.0,99.98,11521400.0,66.69542709232097,6.180775316455689,7.391478295659137,-0.0032491645005569003,0.028288475848373507
JPM,2022-10-21,107.68,113.16,107.56,113.01,113.01,20593300,Financials,109.02000000000001,103.61599999999999,101.25550000000001,104.7458,105.0817388121424,103.6484206962352,1.4333181159071984,-0.24632441217591927,107.37,12207400.0,102.8,33387100.0,97.99,11681100.0,69.07877169559413,9.931906614786001,15.328094703541195,0.052528639284716405,0.029725316919543884
JPM,2022-10-24,112.86,113.82,112.18,113.15,113.15,12624200,Financials,110.226,105.224,102.02,104.77040000000001,106.32300976412048,104.35224138540298,1.9707683787175085,0.1970941460027663,113.01,20593300.0,107.12,22276300.0,97.07,8931700.0,64.87716105550501,5.629200896191189,16.565365200370884,0.001238828422263527,0.02894596035816211
JPM,2022-10-25,112.66,113.97,111.77,113.45,113.45,11289100,Financials,110.94000000000001,107.14200000000001,102.8425,104.795,107.41946980040964,105.02614943092868,2.3933203694809606,0.6363393906984052,113.15,12624200.0,109.88,21539700.0,94.27,12739700.0,67.80243826195687,3.2489989078995363,20.345815211626196,0.002651347768448886,0.024989274151613016
JPM,2022-10-26,113.72,115.76,113.61,114.75,114.75,11667000,Financials,112.346,109.03699999999999,103.63199999999999,104.8242,108.5472436772697,105.7464346582673,2.8008090190024006,1.0692333163592043,113.45,11289100.0,107.72,17072000.0,95.8,13181000.0,73.66228772829221,6.526178982547348,19.780793319415444,0.011458792419568153,0.025092687073689057
JPM,2022-10-27,115.76,116.68,114.84,115.2,115.2,10727600,Financials,113.91199999999999,110.44500000000001,104.52799999999999,104.8814,109.57074464999744,106.44669875765491,3.1240458923425223,1.4801958315558679,114.75,11667000.0,107.37,12207400.0,101.12,22398700.0,79.00235928547357,7.292539815590948,13.924050632911399,0.0039215686274509665,0.021706582268110168
JPM,2022-10-28,115.84,116.76,114.69,116.57,116.57,11859500,Financials,114.624,111.822,105.5685,104.9834,110.64755316538245,107.19657292375456,3.4509802416278887,1.8743527135702722,115.2,10727600.0,113.01,20593300.0,102.8,33387100.0,82.37051792828689,3.1501637023272133,13.394941634241242,0.011892361111111027,0.021678535229275327
JPM,2022-10-31,116.22,117.82,116.12,116.39,116.39,13295200,Financials,115.272,112.749,106.452,105.137,111.53100652455439,107.87756752199496,3.6534390025594234,2.2301699713681025,116.57,11859500.0,113.15,12624200.0,107.12,22276300.0,90.21818181818188,2.863455589924868,8.653846153846146,-0.0015441365703010579,0.019426683025464662
JPM,2022-11-01,117.3,118.6,116.8,118.48,118.48,13386900,Financials,116.27799999999999,113.60900000000001,107.20899999999999,105.36840000000001,112.60008244385371,108.66293289073607,3.937149553117635,2.571565887718009,116.39,13295200.0,113.45,11289100.0,109.88,21539700.0,90.41339985744837,4.433671220802116,7.826720058245362,0.01795686914683392,0.01880251433128619
JPM,2022-11-02,118.02,120.53,117.09,117.39,117.39,16546100,Financials,116.806,114.576,107.97550000000001,105.59899999999999,113.33699283710699,109.30938230623711,4.027610530869879,2.862774816348383,118.48,13386900.0,114.75,11667000.0,107.72,17072000.0,84.13764162819979,2.3006535947712514,8.97697734868177,-0.009199864956110804,0.017344922831502727
JPM,2022-11-03,116.78,118.51,116.41,117.61,117.61,12474400,Financials,117.28800000000001,115.6,108.857,105.82879999999999,113.99437855447515,109.92424287614547,4.070135678329677,3.104246988744642,117.39,16546100.0,115.2,10727600.0,107.37,12207400.0,83.10236924452396,2.0920138888888884,9.537114650274736,0.0018740948973507976,0.01702328930263435
JPM,2022-11-04,119.72,120.96,118.77,120.82,120.82,14953200,Financials,118.138,116.381,109.9985,106.0724,115.04447416147897,110.73133599643099,4.313138165047988,3.346025224005311,117.61,12474400.0,116.57,11859500.0,113.01,20593300.0,82.22013170272815,3.645878013210946,6.910892841341454,0.027293597483207144,0.010532421158023298
JPM,2022-11-07,121.12,122.31,120.64,121.46,121.46,12011200,Financials,119.152,117.21200000000002,111.218,106.4,116.03147813663605,111.5260518485472,4.505426288088856,3.5779054368220202,120.82,14953200.0,116.39,13295200.0,113.15,12624200.0,80.25078369905961,4.356044333705644,7.34423331860361,0.005297136235722588,0.010373270138545105
JPM,2022-11-08,121.34,122.1,120.32,121.54,121.54,9884100,Financials,119.76399999999998,118.021,112.5815,106.73440000000001,116.87894303869204,112.26782578569185,4.611117253000188,3.784547800057654,121.46,12011200.0,118.48,13386900.0,113.45,11289100.0,90.504103165299,2.5827143821742116,7.130894667254295,0.0006586530545036329,0.01048801320094239
JPM,2022-11-09,121.42,121.52,119.47,119.95,119.95,9494000,Financials,120.276,118.54100000000001,113.78899999999999,107.03659999999999,117.35141334043173,112.83687572749245,4.514537612939279,3.9305457626339786,121.54,9884100.0,117.39,16546100.0,114.75,11667000.0,84.37158469945355,2.1807649714626454,4.531590413943354,-0.013082112884647112,0.012070403955201203
JPM,2022-11-10,122.63,125.05,122.53,124.89,124.89,16351600,Financials,121.732,119.50999999999999,114.9775,107.45000000000002,118.51119590344223,113.7296997476782,4.781496155764032,4.10073584125999,119.95,9494000.0,117.61,12474400.0,115.2,10727600.0,83.75,6.189949834197783,8.411458333333321,0.04118382659441422,0.01672411706274458
JPM,2022-11-11,124.99,125.9,123.69,125.1,125.1,10704700,Financials,122.58800000000001,120.36300000000001,116.0925,107.85340000000001,119.52485807214342,114.57194421081314,4.9529138613302734,4.271171445274047,124.89,16351600.0,120.82,14953200.0,116.57,11859500.0,83.81437464629315,3.5424598576394573,7.31749163592692,0.0016814797021378336,0.016787465477499295
JPM,2022-11-14,124.63,125.49,123.81,123.81,123.81,11085600,Financials,123.05799999999999,121.10499999999999,116.92699999999999,108.24560000000001,120.18411067642904,115.2562446396418,4.927866036787236,4.402510363576685,125.1,10704700.0,121.46,12011200.0,116.39,13295200.0,77.75991425509113,1.9347933476041579,6.375118137297031,-0.010311750599520275,0.017509029335375757
JPM,2022-11-15,124.52,125.47,121.67,122.91,122.91,14038300,Financials,123.332,121.548,117.57849999999999,108.6192,120.60347826467073,115.82318948114981,4.780288783520916,4.478066047565531,123.81,11085600.0,121.54,9884100.0,118.48,13386900.0,72.34392113910187,1.1272009215073098,3.739027683997298,-0.0072692028107584905,0.01746576246382833
JPM,2022-11-16,122.97,123.49,122.07,123.08,123.08,7893400,Financials,123.958,122.117,118.34649999999999,108.9566,120.98448160856755,116.36073100106464,4.623750607502913,4.507202959553008,122.91,14038300.0,119.95,9494000.0,117.39,16546100.0,71.91323692992214,2.609420591913292,4.8470908936025126,0.0013831258644536604,0.016901197065199425
JPM,2022-11-17,122.04,122.87,121.38,122.54,122.54,8820200,Financials,123.48800000000001,122.60999999999999,119.10499999999999,109.23379999999999,121.22379213032639,116.8184546306154,4.405337499710981,4.4868298675846034,123.08,7893400.0,124.89,16351600.0,117.61,12474400.0,67.40524781341112,-1.8816558571542963,4.191820423433379,-0.004387390315242046,0.01713887215345574
JPM,2022-11-18,124.42,124.51,122.3,123.75,123.75,9468500,Financials,123.218,122.90299999999999,119.64199999999998,109.5248,121.61243949489156,117.33190243575501,4.280537059136549,4.445571305894992,122.54,8820200.0,125.1,10704700.0,120.82,14953200.0,70.24202420242025,-1.0791366906474753,2.4250951829167366,0.009874326750448859,0.015325242914113534
JPM,2022-11-21,123.65,124.41,122.74,123.01,123.01,7800500,Financials,123.05799999999999,123.05799999999999,120.13499999999999,109.775,121.82744880336978,117.75250225532872,4.074946548041055,4.371446354324205,123.75,9468500.0,123.81,11085600.0,121.46,12011200.0,63.45811051693407,-0.6461513609563041,1.2761402931006138,-0.005979797979797974,0.015510559374260201
JPM,2022-11-22,123.89,125.07,123.61,124.85,124.85,9185700,Financials,123.446,123.38899999999998,120.705,110.13879999999999,122.29245667977443,118.27824282900808,4.014213850766353,4.299999853612635,123.01,7800500.0,122.91,14038300.0,121.54,9884100.0,71.21729237770195,1.57839069237653,2.7233832483132936,0.014958133485082348,0.01608565477966758
JPM,2022-11-23,124.76,126.2,124.69,126.19,126.19,7316200,Financials,124.06800000000001,124.01299999999999,121.277,110.5344,122.8920787290399,118.86429891574822,4.027779813291673,4.245555845548443,124.85,9185700.0,123.08,7893400.0,119.95,9494000.0,72.94117647058826,2.5268118297042674,5.202167569820748,0.010732879455346511,0.015211352121132173
JPM,2022-11-25,126.19,126.8,125.8,126.43,126.43,3220500,Financials,124.846,124.167,121.8385,110.90279999999998,123.43637430918761,119.42472121828538,4.011653090902229,4.1987752946192005,126.19,7316200.0,122.54,8820200.0,124.89,16351600.0,67.83216783216788,3.1744736412600005,1.2330851149011224,0.0019018939694113168,0.008453442051143435
JPM,2022-11-28,125.81,126.4,124.07,124.22,124.22,9906900,Financials,124.94000000000001,124.07900000000002,122.221,111.2414,123.55693210777414,119.77992705396795,3.7770050538061923,4.114421246456599,126.43,3220500.0,123.75,9468500.0,125.1,10704700.0,57.97687861271678,0.3797979797979689,-0.7034372501998343,-0.01748002847425456,0.010313843712380762
JPM,2022-11-29,124.5,126.33,124.27,126.26,126.26,7925300,Financials,125.59,124.324,122.7145,111.601,123.97278870657811,120.25993245737774,3.712856249200371,4.034108247005354,124.22,9906900.0,123.01,7800500.0,123.81,11085600.0,62.253374870197305,2.6420616210064196,1.9788385429286848,0.016422476251811258,0.010976958305862367
JPM,2022-11-30,125.83,127.76,123.14,127.76,127.76,14761200,Financials,126.172,124.80900000000001,123.17850000000001,112.0334,124.5554365978738,120.8154930160905,3.739943581783294,3.975275313960942,126.26,7925300.0,124.85,9185700.0,122.91,14038300.0,70.3703703703704,2.330796956347636,3.9459767309413474,0.01188024710913993,0.010846783880644485
JPM,2022-12-01,127.76,128.2,125.22,125.96,125.96,8858500,Financials,126.126,125.09700000000001,123.607,112.491,124.77152327512398,121.1965676074912,3.5749556676327785,3.895211384695309,127.76,14761200.0,126.19,7316200.0,123.08,7893400.0,53.337492202121005,-0.18226483873524657,2.3399415014624614,-0.014088916718847933,0.012261724633226853
JPM,2022-12-02,124.35,125.14,123.28,124.97,124.97,8931900,Financials,125.83400000000002,125.34,123.975,112.95219999999999,124.80205815587414,121.47608111804742,3.3259770378267177,3.781364515321591,125.96,8858500.0,126.43,3220500.0,122.54,8820200.0,49.61332540154671,-1.1547892114213476,1.9830259507099601,-0.007859637980311196,0.012521179707780229
JPM,2022-12-05,124.12,124.42,120.75,121.46,121.46,10154500,Financials,125.282,125.11099999999999,124.00699999999999,113.38119999999999,124.28789536266272,121.47488992411797,2.8130054385447494,3.587692699966223,124.97,8931900.0,124.22,9906900.0,123.75,9468500.0,43.82553862322647,-2.221864434068588,-1.850505050505058,-0.028086740817796274,0.015321978835191583
JPM,2022-12-06,123.33,124.92,120.07,121.66,121.66,13966700,Financials,124.362,124.976,124.01699999999998,113.85719999999999,123.88360376840693,121.48860178159072,2.3950019868162116,3.3491545573362207,121.46,10154500.0,126.26,7925300.0,123.01,7800500.0,46.59028914348063,-3.6432757801362348,-1.0974717502642117,0.0016466326362589712,0.015278338878824809
JPM,2022-12-07,121.41,123.04,120.5,121.58,121.58,11739400,Financials,123.126,124.649,124.019,114.34880000000001,123.52920318865202,121.49537201999141,2.033831168660612,3.086089879601099,121.66,13966700.0,127.76,14761200.0,124.85,9185700.0,45.88815789473685,-4.837194740137763,-2.61914297156588,-0.0006575702778234271,0.014228309407959345
JPM,2022-12-08,122.35,122.95,121.52,122.86,122.86,8907300,Financials,122.506,124.316,124.1645,114.8268,123.42624885193632,121.59645557406611,1.829793277870209,2.8348305592549212,121.58,11739400.0,125.96,8858500.0,126.19,7316200.0,50.842992623814524,-2.461098761511582,-2.638877882558044,0.010528047376213268,0.014207180117544366
JPM,2022-12-09,122.23,123.67,122.04,122.19,122.19,7957800,Financials,121.95,123.89199999999998,124.02949999999998,115.325,123.2360567208692,121.64042182783899,1.5956348930302084,2.5869914260099787,122.86,8907300.0,124.97,8931900.0,126.43,3220500.0,45.77006507592191,-2.224533888133151,-3.353634422209928,-0.005453361549731417,0.014139636864530687
JPM,2022-12-12,122.41,124.49,121.67,124.09,124.09,8841600,Financials,122.476,123.87899999999999,123.979,115.8916,123.36743260996624,121.82187206281388,1.5455605471523626,2.3787052502384554,122.19,7957800.0,121.46,10154500.0,124.22,9906900.0,52.75510204081632,2.165321916680396,-0.10465303493800704,0.015549553973320362,0.014319700604282799
JPM,2022-12-13,126.57,126.75,123.04,123.97,123.97,10025400,Financials,122.93799999999999,123.65,123.987,116.39659999999999,123.46013528535605,121.98099265075359,1.4791426346024537,2.198792727111255,124.09,8841600.0,121.66,13966700.0,126.26,7925300.0,47.5391498881432,1.8987341772152,-1.8137177253286896,-0.0009670400515755517,0.013106688417860946
JPM,2022-12-14,123.69,125.47,122.75,123.35,123.35,9966100,Financials,123.292,123.20899999999999,124.00900000000001,116.7968,123.44319139530128,122.08240060254961,1.360790792751672,2.0311923402393384,123.97,10025400.0,121.58,11739400.0,127.76,14761200.0,41.72494172494174,1.4558315512419817,-3.451784596117724,-0.005001209970154075,0.012212590211811284
JPM,2022-12-15,121.26,122.12,119.32,120.29,120.29,12087800,Financials,122.77799999999999,122.64199999999998,123.86950000000002,117.16140000000001,122.9580850267934,121.94963018754594,1.008454839247463,1.8266448400409634,123.35,9966100.0,122.86,8907300.0,125.96,8858500.0,34.634634634634665,-2.091811818329803,-4.501429025087322,-0.024807458451560516,0.013638292872106033
JPM,2022-12-16,119.41,120.1,118.74,119.54,119.54,21133700,Financials,122.248,122.09899999999998,123.71950000000001,117.5526,122.43222579190211,121.77113906254253,0.6610867293595817,1.593533217904687,120.29,12087800.0,122.19,7957800.0,124.97,8931900.0,37.36501079913611,-2.168753580489391,-4.345042810274458,-0.006234932247069613,0.013603600408301482
JPM,2022-12-19,119.87,121.42,119.35,120.25,120.25,9017200,Financials,121.47999999999999,121.978,123.54450000000001,117.99780000000001,122.0964987469941,121.65846209494678,0.438036652047316,1.3624339047332128,119.54,21133700.0,124.09,8841600.0,121.46,10154500.0,32.51890634089587,-3.09452816504151,-0.9962127449365976,0.005939434498912544,0.011015517792058855
JPM,2022-12-20,121.09,122.09,120.38,120.83,120.83,8549900,Financials,120.852,121.89500000000001,123.4355,118.47300000000001,121.90165278591809,121.59709453235813,0.3045582535599607,1.1508587744985626,120.25,9017200.0,123.97,10025400.0,121.66,13966700.0,28.703134603564834,-2.5328708558522206,-0.6822291632418209,0.004823284823284757,0.011143643678527654
JPM,2022-12-21,122.21,122.95,121.83,122.19,122.19,8051700,Financials,120.62,121.95599999999999,123.30250000000001,119.03139999999999,121.94601389577684,121.64101345588716,0.30500043988968173,0.9816871075767865,120.83,8549900.0,123.35,9966100.0,121.58,11739400.0,38.09222994314593,-0.940413457640854,0.5017272577726661,0.011255482909873438,0.011759886340541308
JPM,2022-12-22,121.21,121.4,118.72,120.81,120.81,8648200,Financials,120.724,121.751,123.0335,119.5316,121.7712425271958,121.57945690359922,0.19178562359657292,0.8237068107807438,122.19,8051700.0,120.29,12087800.0,122.86,8907300.0,37.1763255240444,0.4322886357968292,-1.6685658473058695,-0.011293886570095668,0.011729952695331607
JPM,2022-12-23,120.73,121.53,119.86,121.38,121.38,5091900,Financials,121.09200000000001,121.67,122.78100000000002,119.9368,121.71105136916567,121.56468231814743,0.14636905101824027,0.6882392588282431,120.81,8648200.0,119.54,21133700.0,122.19,7957800.0,49.698795180722904,1.5392337292956304,-0.6629020378099648,0.004718152470821968,0.011801306825607382
JPM,2022-12-27,121.65,122.25,120.7,121.8,121.8,5411000,Financials,121.402,121.44099999999999,122.66,120.31679999999999,121.72473577390942,121.58211325754392,0.14262251636549195,0.5791159103356929,121.38,5091900.0,120.25,9017200.0,124.09,8841600.0,50.518518518518526,1.2889812889812946,-1.8454347650898595,0.0034602076124568004,0.01051165771116183
JPM,2022-12-28,121.91,123.35,121.13,122.47,122.47,8827700,Financials,121.72999999999999,121.29099999999998,122.47050000000002,120.62379999999999,121.83939180869258,121.64788264587399,0.19150916281859054,0.5015945608322725,121.8,5411000.0,120.83,8549900.0,123.97,10025400.0,53.158268275372606,1.357278821484731,-1.2099701540695285,0.005500821018062485,0.010765268400442106
JPM,2022-12-29,122.9,123.22,122.33,123.17,123.17,6585200,Financials,121.926,121.273,122.24099999999999,120.88959999999999,122.0441007612014,121.76063207951296,0.2834686816884471,0.4579693850035074,122.47,8827700.0,122.19,8051700.0,123.35,9966100.0,51.14729829755737,0.8020296259923176,-0.14592622618564421,0.0057156854739937035,0.010873719405473678
JPM,2022-12-30,122.79,124.2,122.45,123.99,123.99,9292500,Financials,122.56199999999998,121.643,122.1425,121.215,122.34346987486273,121.92577044399347,0.41769943086926276,0.4499153941766585,123.17,6585200.0,120.81,8648200.0,120.29,12087800.0,56.588579795021964,2.6322324310901424,3.075899908554325,0.006657465291872944,0.00666547828421689
JPM,2023-01-03,125.04,126.43,123.79,124.93,124.93,11054800,Financials,123.272,122.18200000000002,122.1405,121.56620000000001,122.74139758642231,122.14830596666062,0.5930916197616938,0.4785506392936656,123.99,9292500.0,121.38,5091900.0,119.54,21133700.0,53.307086614173244,2.924699291481314,4.50895097875188,0.007581256552947835,0.005915852050905114
JPM,2023-01-04,125.73,127.3,125.34,126.09,126.09,11687600,Financials,124.13,122.766,122.372,121.82780000000001,123.25656718851118,122.44028330246354,0.8162838860476427,0.546097288644461,124.93,11054800.0,121.8,5411000.0,120.25,9017200.0,57.71470160116451,3.522167487684724,4.85654885654887,0.00928519971183861,0.006102022979220143
JPM,2023-01-05,126.35,126.4,124.53,126.07,126.07,8381300,Financials,124.85,123.28999999999999,122.59250000000002,122.08619999999999,123.68940300566331,122.70915120598475,0.9802517996785554,0.6329281908512799,126.09,11687600.0,122.47,8827700.0,120.83,8549900.0,60.35007610350077,2.9394953866253015,4.336671356451216,-0.0001586168609724048,0.0062974625085076
JPM,2023-01-06,126.79,128.89,125.26,128.48,128.48,10029100,Financials,125.91199999999999,123.91900000000001,122.9375,122.38680000000001,124.42641792786895,123.13662148702292,1.2897964408460325,0.7643018408502305,126.07,8381300.0,123.17,6585200.0,122.19,8051700.0,82.7862289831865,4.31111471949337,5.147720762746544,0.01911636392480376,0.0076181529488257745
JPM,2023-01-09,129.09,129.35,127.49,127.95,127.95,8482300,Financials,126.704,124.633,123.19200000000001,122.6508,124.96850747742758,123.49316804353974,1.4753394338878394,0.9065093594577524,128.48,10029100.0,123.99,9292500.0,120.81,8648200.0,84.2705786471068,3.1938059520929096,5.910106779240132,-0.00412515566625149,0.006093070517859334
JPM,2023-01-10,128.34,129.2,127.89,129.09,129.09,9048700,Financials,127.53600000000002,125.404,123.537,122.9286,125.60258325013103,123.90774818846272,1.6948350616683143,1.0641744998998648,127.95,8482300.0,124.93,11054800.0,121.38,5091900.0,84.80314960629926,3.329864724245568,6.351952545724182,0.00890973036342313,0.006156126972986518
JPM,2023-01-11,129.37,130.16,128.63,130.05,130.05,8703700,Financials,128.32800000000003,126.22900000000001,123.835,123.1982,126.28680121164933,124.36272980413216,1.9240714075171752,1.2361538814233268,129.09,9048700.0,126.09,11687600.0,121.8,5411000.0,85.24464831804286,3.140613847251972,6.773399014778336,0.007436672089240037,0.006087949188361289
JPM,2023-01-12,130.4,131.2,129.67,129.92,129.92,11001700,Financials,129.098,126.974,124.13250000000001,123.46879999999999,126.8457548713956,124.77437944827051,2.0713754231250903,1.4031981897636796,130.05,8703700.0,126.07,8381300.0,122.47,8827700.0,82.61603375527416,3.0538589672404193,6.083122397321783,-0.0009996155324877298,0.006547126287213565
JPM,2023-01-13,126.3,133.65,125.55,133.2,133.2,20200000,Financials,130.04199999999997,127.977,124.625,123.76320000000001,127.82333104502705,125.39849948913935,2.4248315558876925,1.6075248629884822,129.92,11001700.0,128.48,10029100.0,123.17,6585200.0,95.0545454545453,3.673723536737228,8.143216692376388,0.025246305418719306,0.00894581345182334
JPM,2023-01-17,131.49,131.83,129.68,131.14,131.14,14292900,Financials,130.68,128.692,125.16749999999999,124.0382,128.33358780733056,125.82379582327718,2.509791984053379,1.7879782872014616,133.2,20200000.0,127.95,8482300.0,123.99,9292500.0,82.02099737532798,2.493161391168419,5.766594080167753,-0.015465465465465456,0.011621263588300658
JPM,2023-01-18,129.39,131.08,127.05,127.2,127.2,13392600,Financials,130.302,128.91899999999998,125.55049999999999,124.23,128.15918968312587,125.92573687340479,2.2334528097210864,1.8770731917053864,131.14,14292900.0,129.09,9048700.0,124.93,11054800.0,64.39232409381663,-1.4640948175691393,1.817017529816689,-0.030044227543083557,0.016147660947528886
JPM,2023-01-19,126.04,126.58,124.43,125.51,125.51,13303400,Financials,129.394,128.86100000000002,125.8135,124.32379999999999,127.75162203956805,125.89494154944887,1.8566804901191745,1.8729946513881441,127.2,13392600.0,130.05,8703700.0,126.09,11687600.0,57.68452982810921,-3.490965013456371,-0.45998889681972965,-0.013286163522012506,0.01657562654789081
JPM,2023-01-20,125.89,126.2,124.39,125.81,125.81,13092500,Financials,128.57199999999997,128.835,126.0625,124.4108,127.45291095655759,125.88864958282302,1.564261373734567,1.8112479958574288,125.51,13303400.0,129.92,11001700.0,126.07,8381300.0,56.811145510835914,-3.1634852216748666,-0.2062346315538921,0.0023902477890207496,0.016598256387812618
JPM,2023-01-23,125.85,128.5,125.57,127.85,127.85,10487100,Financials,127.502,128.772,126.34549999999999,124.53699999999999,127.51400157862565,126.03393479891021,1.4800667797154432,1.7450117526290319,125.81,13092500.0,133.2,20200000.0,128.48,10029100.0,59.36893203883495,-4.016516516516511,-0.4903486924034861,0.01621492727128193,0.016247013758333918
JPM,2023-01-24,127.06,130.67,125.74,128.95,128.95,6945000,Financials,127.06400000000001,128.872,126.75249999999998,124.71699999999998,127.73492441268326,126.24993962862057,1.4849847840626893,1.6930063589157636,127.85,10487100.0,131.14,14292900.0,127.95,8482300.0,59.68208092485545,-1.6699710233338383,0.7815552950371174,0.00860383261634734,0.016418055006277816
JPM,2023-01-25,128.58,129.58,127.84,129.58,129.58,8967000,Financials,127.54,128.921,127.1625,124.8108,128.01878219534737,126.49661076724126,1.5221714281061054,1.6588393727538322,128.95,6945000.0,127.2,13392600.0,129.09,9048700.0,58.625803262481476,1.8710691823899506,0.37958013788830236,0.004885614579294595,0.016248376975013388
JPM,2023-01-26,129.86,130.45,128.87,130.38,130.38,7487600,Financials,128.51399999999998,128.954,127.5915,124.9164,128.38204647298625,126.7842692289271,1.5977772440591451,1.6466269470148949,129.58,8967000.0,125.51,13303400.0,130.05,8703700.0,60.25702046644456,3.880168910843751,0.25374855824682463,0.00617379225189052,0.016193271192009463
JPM,2023-01-27,130.96,131.57,130.16,130.69,130.69,7489900,Financials,129.49,129.031,128.0025,125.054,128.73711624637298,127.07358261937695,1.6635336269960277,1.6500082830111216,130.38,7487600.0,125.81,13092500.0,129.92,11001700.0,55.843469063987335,3.8788649550909993,0.592672413793105,0.0023776652860867387,0.016196705963507942
JPM,2023-01-30,129.68,130.48,129.38,129.59,129.59,6729300,Financials,129.83800000000002,128.67000000000002,128.32350000000002,125.1876,128.86832913154637,127.25998390683051,1.6083452247158618,1.6416756713520697,130.69,7489900.0,127.85,10487100.0,133.2,20200000.0,54.209445585215605,1.36096988658585,-2.7102102102101955,-0.008416864335450303,0.013860113253943873
JPM,2023-01-31,130.29,130.46,128.77,130.36,130.36,9188700,Financials,130.12,128.59199999999998,128.642,125.33319999999999,129.09781695746233,127.48961472854677,1.6082022289155589,1.6349809828647675,129.59,6729300.0,128.95,6945000.0,131.14,14292900.0,53.32286760858192,1.0934470725087353,-0.5947842000914805,0.005941816498186592,0.013303992546468132
JPM,2023-02-01,128.73,131.22,128.65,130.01,130.01,8841800,Financials,130.206,128.873,128.89600000000002,125.4826,129.23815281016044,127.6763099338396,1.5618428763208385,1.6203533615559818,130.36,9188700.0,129.58,8967000.0,127.2,13392600.0,49.89189189189183,0.33184133353911793,2.2091194968553385,-0.002684872660325466,0.008504226459256713
JPM,2023-02-02,130.4,130.83,128.53,129.41,129.41,11822100,Financials,130.012,129.26299999999998,129.06199999999998,125.5958,129.26459083936652,127.80473142022186,1.4598594191446637,1.588254573073718,130.01,8841800.0,130.38,7487600.0,125.51,13303400.0,48.655772272008456,-0.7439791379045824,3.107322125727019,-0.004615029613106669,0.007068352650097167
JPM,2023-02-03,128.7,132.57,128.66,131.41,131.41,11501200,Financials,130.156,129.823,129.329,125.76379999999999,129.5946537871563,128.07178835205727,1.5228654350990212,1.5751767454787788,129.41,11822100.0,130.69,7489900.0,125.81,13092500.0,44.94064443188244,0.5509220292294836,4.451156505842135,0.015454756201220832,0.008062666520093338
JPM,2023-02-06,130.61,132.48,130.42,132.19,132.19,8406200,Financials,130.676,130.257,129.5145,125.91060000000002,129.99393781990148,128.3768410667197,1.6170967531817837,1.58356074701938,131.41,11501200.0,129.59,6729300.0,127.85,10487100.0,53.19926873857408,2.0063276487383153,3.3946030504497404,0.005935621337797681,0.006969187877177595
JPM,2023-02-07,131.68,134.44,131.5,133.8,133.8,10447900,Financials,131.36399999999998,130.74200000000002,129.807,126.06279999999998,130.57948584760894,128.77855654325896,1.800929304349978,1.6270344584854999,132.19,8406200.0,130.36,9188700.0,128.95,6945000.0,73.43749999999999,2.638846271862527,3.761147731678971,0.012179438686738875,0.007349165901624248
JPM,2023-02-08,132.87,134.16,132.52,132.86,132.86,6958000,Financials,131.934,131.07,129.9955,126.19140000000002,130.93033417874602,129.08088568820276,1.849448490543267,1.6715172648970535,133.8,10447900.0,130.01,8841800.0,129.58,8967000.0,77.569392348087,2.1921390662256846,2.5312548232751864,-0.007025411061285514,0.008069738993539684
JPM,2023-02-09,133.3,133.51,130.28,130.79,130.79,6443100,Financials,132.20999999999998,131.111,130.0325,126.3228,130.9087443050928,129.2074867483359,1.7012575567569002,1.6774653232690229,132.86,6958000.0,129.41,11822100.0,130.38,7487600.0,66.49006622516546,1.0663781778842418,0.3144654088050203,-0.015580310100858252,0.009738578420122669
JPM,2023-02-10,130.19,131.59,129.08,131.37,131.37,6582900,Financials,132.202,131.17900000000003,130.105,126.425,130.97970671969392,129.36767291512584,1.6120338045680853,1.6643790195288353,130.79,6443100.0,131.41,11501200.0,130.69,7489900.0,62.90322580645158,-0.030439083783573295,0.5203152498278518,0.004434589800443645,0.009807486117813482
JPM,2023-02-13,131.61,132.94,131.09,132.79,132.79,7134600,Financials,132.322,131.499,130.0845,126.5256,131.25821337820256,129.6211786251165,1.6370347530860556,1.6589101662402794,131.37,6582900.0,132.19,8406200.0,129.59,6729300.0,63.75358166189107,0.4538921249716221,2.469326336908706,0.010809164953946793,0.009735884707158431
JPM,2023-02-14,132.73,133.95,131.89,133.38,133.38,9249400,Financials,132.238,131.801,130.1965,126.67399999999999,131.58464208924832,129.89960983807083,1.6850322511774891,1.6641345832277215,132.79,7134600.0,133.8,10447900.0,130.36,9188700.0,63.649425287356216,-0.3139013452914896,2.316661552623489,0.004443105655546287,0.009688177059296782
JPM,2023-02-15,131.9,134.02,131.61,133.94,133.94,6728300,Financials,132.454,132.19400000000002,130.5335,126.85340000000001,131.9470048447486,130.19889799821374,1.7481068465348528,1.6809290358891478,133.38,9249400.0,132.86,6958000.0,130.01,8841800.0,63.0116959064327,0.8128857443925774,3.0228443965848895,0.004198530514319954,0.009535203914359783
JPM,2023-02-16,133.11,133.55,131.96,132.09,132.09,8165300,Financials,132.714,132.462,130.8625,127.066,131.96900409940264,130.33897962797568,1.6300244714269638,1.6707481229967112,133.94,6728300.0,130.79,6443100.0,129.41,11822100.0,54.599211563731934,0.9939597828580338,2.070937330963618,-0.013812154696132506,0.010723356888668349
JPM,2023-02-17,131.31,133.03,130.46,132.48,132.48,7948800,Financials,132.936,132.569,131.196,127.28240000000001,132.04761885334068,130.4975737296071,1.5500451237335824,1.6466075231440855,132.09,8165300.0,131.37,6582900.0,131.41,11501200.0,59.95864920744306,0.84494176752683,0.8142454912107189,0.0029525323642969337,0.009670996327163658
JPM,2023-02-21,131.04,131.64,129.23,130.05,130.05,9996300,Financials,132.38799999999998,132.35500000000002,131.30599999999998,127.45179999999999,131.74029287590366,130.46442012000657,1.2758727558970975,1.572460569694688,132.48,7948800.0,132.79,7134600.0,132.19,8406200.0,49.041434755720466,-2.0634083891859167,-1.6188819123988063,-0.01834239130434767,0.011182655952108248
JPM,2023-02-22,129.39,129.87,128.01,129.06,129.06,11107500,Financials,131.524,131.881,131.3115,127.5758,131.32794012576463,130.36038900000608,0.967551125758547,1.4514786809074598,130.05,9996300.0,133.38,9249400.0,133.8,10447900.0,47.17430101130283,-3.238866396761131,-3.5426008968609923,-0.007612456747404961,0.01018489414742904
JPM,2023-02-23,129.21,130.56,128.48,130.09,130.09,8068000,Financials,130.754,131.60399999999998,131.337,127.73380000000002,131.13748779872392,130.34036018519083,0.7971276135330925,1.3206084674325864,129.06,11107500.0,133.94,6728300.0,132.86,6958000.0,51.97215777262183,-2.8744213827086695,-2.084901399969896,0.007980784131411678,0.010708537483693003
JPM,2023-02-24,129.57,131.66,129.4,131.26,131.26,9126900,Financials,130.58800000000002,131.651,131.38100000000003,127.87720000000002,131.15633582968945,130.40848165295446,0.7478541767349896,1.2060576092930673,130.09,8068000.0,132.09,8165300.0,130.79,6443100.0,49.542961608775116,-0.6283594518888713,0.35935469072558845,0.008993773541394301,0.010059283438801843
JPM,2023-02-27,132.36,133.48,132.0,132.41,132.41,10014700,Financials,130.574,131.755,131.467,128.046,131.34920724050647,130.55674227125414,0.792464969252336,1.123339081284921,131.26,9126900.0,132.48,7948800.0,131.37,6582900.0,50.65554231227651,-0.052838164251201025,0.7916571515566684,0.00876123723906752,0.01034098470265294
JPM,2023-02-28,133.14,133.9,132.17,133.52,133.52,11019800,Financials,131.268,131.828,131.6635,128.24939999999998,131.68317535735162,130.77624284375383,0.9069325135977806,1.0800577677474932,132.41,10014700.0,130.05,9996300.0,132.79,7134600.0,49.140049140049136,2.6682045367166562,0.5497401912794686,0.008383052639528765,0.010106845575990469
JPM,2023-03-01,132.35,133.62,132.07,132.77,132.77,7139200,Financials,132.01,131.767,131.784,128.499,131.85037914852828,130.92392855903134,0.9264505894969375,1.049336332097382,133.52,11019800.0,129.06,11107500.0,133.38,9249400.0,49.72032318210067,2.8746319541298693,-0.4573399310241255,-0.005617136009586576,0.010181621768571578
JPM,2023-03-02,132.48,132.66,129.97,131.39,131.39,11106800,Financials,132.27,131.512,131.853,128.736,131.77955158721625,130.95845236947346,0.821099217742784,1.0036889092264625,132.77,7139200.0,130.09,8068000.0,133.94,6728300.0,51.94805194805192,0.9993081712660334,-1.9038375391966622,-0.010393914287866401,0.0104885827757997
JPM,2023-03-03,131.8,133.88,131.4,133.81,133.81,9513100,Financials,132.78,131.68400000000003,132.07299999999998,129.00719999999998,132.09192826610604,131.16967811988283,0.922250146223206,0.9874011566258112,131.39,11106800.0,131.26,9126900.0,132.09,8165300.0,57.07656612529001,1.9427091269236696,1.3021424786130664,0.018418448892610018,0.01132971144339156
JPM,2023-03-06,133.6,134.16,132.87,133.02,133.02,9261300,Financials,132.902,131.738,132.15349999999998,129.25099999999998,132.23470853285897,131.3067389998915,0.9279695329674666,0.9755148318941422,133.81,9513100.0,132.41,10014700.0,132.48,7948800.0,50.69235400361233,0.46069028019033453,0.40760869565219515,-0.005903893580449848,0.011535023355121703
JPM,2023-03-07,132.27,132.55,128.36,129.11,129.11,11747600,Financials,132.02,131.644,131.99949999999998,129.3894,131.75398414318838,131.14401759249213,0.6099665506962424,0.9024051756545624,133.02,9261300.0,133.52,11019800.0,130.05,9996300.0,39.287506271951884,-3.3028759736369095,-0.7227989234909638,-0.02939407607878508,0.013837075991987207
JPM,2023-03-08,128.53,129.08,127.5,128.35,128.35,10002500,Financials,131.13600000000002,131.573,131.727,129.5402,131.23029427500555,130.9370533263816,0.29324094862394645,0.7805723302484392,129.11,11747600.0,132.77,7139200.0,129.06,11107500.0,36.11525086934923,-3.3290653008962945,-0.5501317216798474,-0.005886453411819481,0.013750914307557066
JPM,2023-03-09,127.38,127.93,120.36,121.4,121.4,25888100,Financials,129.138,130.704,131.154,129.54059999999998,129.71794130962007,130.23060493183482,-0.5126636222147454,0.5219251397558022,128.35,10002500.0,131.39,11106800.0,130.09,8068000.0,28.814902893380918,-7.603318365172374,-6.679990775616885,-0.05414881184261777,0.021412091359817472
JPM,2023-03-10,120.11,125.98,119.05,124.48,124.48,37599700,Financials,127.272,130.026,130.8385,129.5942,128.91210418506313,129.80463419614335,-0.8925300110802254,0.2390341095885967,121.4,25888100.0,133.81,9513100.0,131.26,9126900.0,35.673352435530134,-6.972573051341458,-5.165320737467615,0.02537067545304783,0.023288092301883775
JPM,2023-03-13,122.21,124.7,120.53,122.25,122.25,42901100,Financials,125.11800000000001,129.01,130.3825,129.5898,127.8871650796688,129.2450316630957,-1.3578665834268833,-0.08034602901449928,124.48,37599700.0,133.02,9261300.0,132.41,10014700.0,35.930735930735935,-8.096526838069472,-7.67313647005513,-0.017914524421593914,0.02305808798306794
JPM,2023-03-14,126.0,126.23,122.28,125.39,125.39,29648100,Financials,124.374,128.197,130.0125,129.6342,127.50298583664284,128.95947376212564,-1.4564879254828043,-0.3555744083081603,122.25,42901100.0,129.11,11747600.0,133.52,11019800.0,43.85671242048879,-2.881264038416864,-6.088975434391863,0.02568507157464217,0.024969628246177496
JPM,2023-03-15,122.0,122.0,118.04,119.46,119.46,34280600,Financials,122.596,126.86600000000001,129.3165,129.5436,126.26560340023624,128.25580903900521,-1.9902056387689697,-0.6825006544003223,125.39,29648100.0,128.35,10002500.0,132.77,7139200.0,34.71383376473973,-6.9263731982859404,-10.024855012427514,-0.047292447563601625,0.028174797155030115
JPM,2023-03-16,119.23,122.9,117.38,121.78,121.78,24558500,Financials,122.672,125.905,128.70850000000002,129.48059999999998,125.57551056943068,127.77611948056038,-2.200608911129706,-0.986122305746199,119.46,34280600.0,121.4,25888100.0,131.39,11106800.0,36.80400890868601,0.3130148270181099,-7.314103051982634,0.019420726603047056,0.029682787541852416
JPM,2023-03-17,119.57,119.67,116.84,117.18,117.18,38396000,Financials,121.21199999999999,124.242,127.963,129.3024,124.28389355874903,126.99122174125961,-2.7073281825105795,-1.330363481099075,121.78,24558500.0,124.48,37599700.0,133.81,9513100.0,30.65786131572267,-5.8643958868894615,-12.428069650997674,-0.03777303333880766,0.02962029045917111
JPM,2023-03-20,118.28,120.59,117.37,118.42,118.42,22875500,Financials,120.446,122.782,127.25999999999999,129.1494,123.38175608817225,126.35631642709222,-2.9745603389199715,-1.6592028526632543,117.18,38396000.0,122.25,42901100.0,133.02,9261300.0,30.886075949367097,-3.1329243353783176,-10.975793113817478,0.01058201058201047,0.030491710865337827
JPM,2023-03-21,121.63,122.69,121.26,121.59,121.59,17807800,Financials,119.686,122.03000000000002,126.83700000000002,129.0116,123.10610130537651,126.00325595101131,-2.8971546456347994,-1.9067932112575634,118.42,22875500.0,125.39,29648100.0,129.11,11747600.0,36.66507633587787,-3.0305447005343322,-5.82449074432655,0.026769126836682977,0.03189498045986264
JPM,2023-03-22,121.6,121.7,118.36,118.46,118.46,17250200,Financials,119.48600000000002,121.04100000000001,126.30700000000002,128.8218,122.39131648916475,125.4444962509364,-3.053179761771645,-2.13607052136038,121.59,17807800.0,119.46,34280600.0,128.35,10002500.0,35.19578658117703,-0.8371002846141007,-7.705492793143753,-0.025742248540176038,0.03253209833838919
JPM,2023-03-23,119.13,120.64,117.38,118.14,118.14,16677600,Financials,118.758,120.715,125.7095,128.6028,121.73726779852402,124.90342245457074,-3.1661546560467286,-2.3420873482976496,118.46,17250200.0,121.78,24558500.0,121.4,25888100.0,31.152273273995675,-2.98899655115783,-2.6853377265238954,-0.0027013337835555262,0.028102422154324916
JPM,2023-03-24,117.01,117.06,114.67,116.34,116.34,22311100,Financials,118.59,119.90100000000002,124.9635,128.3286,120.9069189064434,124.26909486534328,-3.3621759588998827,-2.5461050704180965,118.14,16677600.0,117.18,38396000.0,124.48,37599700.0,30.413339596054485,-0.7168458781362075,-6.5392030848329,-0.01523616048755716,0.02654066374722607
JPM,2023-03-27,118.09,120.51,117.63,119.68,119.68,18853900,Financials,118.84200000000001,119.644,124.327,128.12380000000002,120.71816215160595,123.92916191235489,-3.2109997607489333,-2.679084008484264,116.34,22311100.0,118.42,22875500.0,122.25,42901100.0,38.776481790049985,1.0640094578618475,-2.10224948875255,0.028708956506790395,0.02833182802187543
JPM,2023-03-28,119.88,120.47,118.98,120.04,120.04,10820500,Financials,118.532,119.109,123.65299999999999,127.86059999999999,120.61382951289735,123.64107584477304,-3.0272463318756877,-2.748716473162549,119.68,18853900.0,121.59,17807800.0,125.39,29648100.0,40.01441961067052,-1.2747758861748504,-4.266687933647018,0.0030080213903742603,0.026754860960013845
JPM,2023-03-29,121.18,121.29,119.01,120.28,120.28,14595300,Financials,118.896,119.191,123.02850000000001,127.6434,120.56247112629777,123.39210726367875,-2.8296361373809873,-2.7649004060062365,120.04,10820500.0,118.46,17250200.0,119.46,34280600.0,48.39541547277936,1.5363835893972722,0.6864222333835546,0.0019993335554815417,0.02201948325774496
JPM,2023-03-30,121.04,121.19,118.89,119.92,119.92,12134700,Financials,119.252,119.005,122.45500000000001,127.49780000000001,120.46362941455965,123.13491413303588,-2.6712847184762296,-2.7461772685002352,120.28,14595300.0,118.14,16677600.0,121.78,24558500.0,42.91485394655065,1.5066869815473227,-1.527344391525698,-0.002993016295310902,0.021044339823897362
JPM,2023-03-31,120.77,121.4,120.01,121.37,121.37,13105200,Financials,120.258,119.424,121.83300000000001,127.415,120.60307104308893,123.004179752811,-2.4011087097220667,-2.6771635567446017,119.92,12134700.0,116.34,22311100.0,117.18,38396000.0,48.59872611464969,4.3235344679388055,3.5756955111793776,0.012091394262842003,0.016963858608916086
JPM,2023-04-03,121.0,122.42,120.53,121.23,121.23,11775400,Financials,120.56800000000001,119.70500000000001,121.24350000000001,127.3234,120.69952165184448,122.87275903038056,-2.1732373785360863,-2.5763783211028985,121.37,13105200.0,119.68,18853900.0,118.42,22875500.0,42.676056338028175,1.295120320855614,2.3729099814220556,-0.0011534975694158511,0.01683636418576429
JPM,2023-04-04,121.55,121.63,118.67,119.61,119.61,11579900,Financials,120.482,119.50699999999999,120.76850000000002,127.1586,120.5319029361761,122.6310731762783,-2.099170240102211,-2.480936704902761,121.23,11775400.0,120.04,10820500.0,121.59,17807800.0,50.31133250311334,-0.3582139286904429,-1.6284233900814238,-0.013363028953229383,0.015095078751858941
JPM,2023-04-05,119.03,120.3,118.71,119.79,119.79,9614700,Financials,120.38400000000001,119.63999999999999,120.34050000000002,126.97540000000001,120.41776402291823,122.4206233113688,-2.0028592884505656,-2.3853212216123216,119.61,11579900.0,120.28,14595300.0,118.46,17250200.0,45.46697038724375,-0.4073827735284308,1.12274185379031,0.0015048908954100604,0.012471897784904814
JPM,2023-04-06,119.22,120.23,119.09,119.66,119.66,8760200,Financials,120.332,119.792,120.2535,126.77699999999999,120.30118494246928,122.21613269571185,-1.914947753242572,-2.291246527938372,119.79,9614700.0,119.92,12134700.0,118.14,16677600.0,57.09382151029745,-0.2168112074716566,1.2866091078381547,-0.0010852324901912125,0.012426308413132667
JPM,2023-04-10,118.79,120.37,118.48,120.05,120.05,9477300,Financials,120.06800000000001,120.16299999999998,120.03200000000001,126.5704,120.26254110516632,122.05567842195542,-1.7931373167890996,-2.1916246857085175,119.66,8760200.0,121.37,13105200.0,116.34,22311100.0,54.90078171978351,-1.0875834225920755,3.1889290012033555,0.0032592344977435683,0.010975339013645842
JPM,2023-04-11,120.44,121.04,119.72,120.64,120.64,10516300,Financials,119.95,120.25900000000001,119.95150000000001,126.3694,120.3206117043715,121.95081335366243,-1.6302016492909246,-2.079340078424999,120.05,9477300.0,121.23,11775400.0,119.68,18853900.0,46.619217081850536,-0.48667821496329866,0.8021390374331583,0.004914618908788082,0.006494693693389649
JPM,2023-04-12,121.26,122.44,120.21,120.62,120.62,11821000,Financials,120.152,120.31700000000001,119.71300000000001,126.19,120.36667144216051,121.85223458672446,-1.4855631445639546,-1.9605846916527905,120.64,10516300.0,119.61,11579900.0,120.04,10820500.0,59.872029250457075,0.844411002424561,0.48317227590803924,-0.00016578249336862694,0.006453211708062191
JPM,2023-04-13,120.59,121.13,119.06,121.08,121.08,12450200,Financials,120.41,120.39699999999998,119.79400000000001,126.0044,120.47641429721273,121.79503202474487,-1.3186177275321427,-1.832191298828661,120.62,11821000.0,119.79,9614700.0,120.28,14595300.0,63.2671480144404,1.0768845479589118,0.6651147322913165,0.003813629580500688,0.006525124182543792
JPM,2023-04-14,126.87,130.59,126.63,130.23,130.23,43931300,Financials,122.524,121.428,120.2165,126.0088,121.97696594379538,122.41984446735636,-0.442878523560978,-1.5543287437751245,121.08,12450200.0,119.66,8760200.0,119.92,12134700.0,87.68312533912095,8.833361190038435,8.597398265510336,0.07556987115956382,0.02440541729734797
JPM,2023-04-17,131.37,131.48,129.22,131.26,131.26,16050500,Financials,124.766,122.41699999999999,120.92050000000002,126.0458,123.40512502936532,123.07467080310774,0.33045422625758647,-1.1773721497685825,130.23,43931300.0,120.05,9477300.0,121.37,13105200.0,85.91811414392053,9.337775926697201,8.148636401087561,0.007909083928434368,0.02437358404858521
JPM,2023-04-18,131.67,133.09,130.51,132.73,132.73,13760100,Financials,127.184,123.56699999999998,121.63600000000001,126.07220000000001,124.83972117869374,123.78988037324791,1.0498408054458253,-0.731929558725701,131.26,16050500.0,120.64,10516300.0,121.23,11775400.0,86.82530470110267,10.021551724137922,9.486100800131968,0.011199146731677656,0.024163470231422637
JPM,2023-04-19,132.57,132.83,131.8,132.57,132.57,9158100,Financials,129.57399999999998,124.86300000000001,122.18499999999999,126.07979999999999,126.02899484351008,124.44025960485916,1.5887352386509122,-0.26779659925037835,132.73,13760100.0,120.62,11821000.0,119.61,11579900.0,85.83090379008743,9.907146410213885,10.835214446952591,-0.0012054546824380452,0.02317919974185614
JPM,2023-04-20,131.34,132.76,131.27,132.18,132.18,10586200,Financials,131.794,126.102,122.87100000000001,126.04740000000001,126.9753033291239,125.01357370820293,1.961729620920977,0.1781086447838927,132.57,9158100.0,121.08,12450200.0,119.79,9614700.0,85.68102444703146,9.167492566897927,10.343100425745044,-0.0029418420457115735,0.02341392389935097
JPM,2023-04-21,131.18,132.46,130.27,131.93,131.93,11842500,Financials,132.13400000000001,127.329,123.5605,126.02879999999999,127.73756435541253,125.52590158166937,2.211662773743157,0.5848194705757456,132.18,10586200.0,130.23,43931300.0,119.66,8760200.0,83.04130162703382,1.3053827843046983,10.254053150593357,-0.0018913602663035434,0.023458161085245736
JPM,2023-04-24,131.85,132.45,131.46,132.11,132.11,7567500,Financials,132.304,128.535,124.349,126.0552,128.41024676227215,126.01361257561979,2.3966341866523635,0.9471824137910692,131.93,11842500.0,131.26,16050500.0,120.05,9477300.0,83.9575530586767,0.6475697089745713,10.045814244064989,0.0013643598878192442,0.023526627849300284
JPM,2023-04-25,131.04,131.38,129.2,129.23,129.23,10629300,Financials,131.60399999999998,129.39399999999998,124.82650000000001,126.0124,128.5363626449995,126.25186349594424,2.2844991490552786,1.2146457608439112,132.11,7567500.0,132.73,13760100.0,120.64,10516300.0,77.8356481481481,-2.6369321178331906,7.1203580901856744,-0.02180001513889962,0.025577490854546615
JPM,2023-04-26,129.19,129.36,125.79,126.94,126.94,14416100,Financials,130.478,130.026,125.17150000000001,125.89540000000001,128.29076839192265,126.30283657031873,1.9879318216039223,1.3693029729959134,129.23,10629300.0,132.57,9158100.0,120.62,11821000.0,68.43733883445073,-4.246813004450479,5.239595423644494,-0.01772034357347363,0.0267151724799062
JPM,2023-04-27,127.67,129.46,127.35,128.65,128.65,9041100,Financials,129.772,130.783,125.58999999999999,125.8008,128.34603479316533,126.4767005280729,1.8693342650924336,1.4693092314152176,126.94,14416100.0,132.18,10586200.0,121.08,12450200.0,71.43538388173585,-2.6706006960205753,6.252064750578135,0.013470931148574117,0.026824589024758105
JPM,2023-04-28,128.19,129.84,127.36,129.77,129.77,9887300,Financials,129.34,130.73700000000002,126.08249999999998,125.7174,128.5651063634476,126.72064863710453,1.844457726343066,1.5443389304007873,128.65,9041100.0,131.93,11842500.0,130.23,43931300.0,72.39631336405533,-1.6372318653831597,-0.35322122398830924,0.008705790905557675,0.011781257024904445
JPM,2023-05-01,133.54,134.58,132.2,132.55,132.55,20415800,Financials,129.428,130.866,126.6415,125.7266,129.1781669229172,127.15245244176346,2.0257144811537415,1.6406140405513783,129.77,9887300.0,132.11,7567500.0,131.26,16050500.0,74.92674759313522,0.33305578684430515,0.9827822642084483,0.021422516760422283,0.013479018668320042
JPM,2023-05-02,132.73,133.68,129.95,130.41,130.41,14113400,Financials,129.66400000000002,130.63400000000001,127.10049999999998,125.68519999999998,129.36767970400686,127.39375226089209,1.9739274431147749,1.7072767210640576,132.55,20415800.0,129.23,10629300.0,132.73,13760100.0,68.81968473663972,0.9131006732183033,-1.7479092895351434,-0.01614485099962293,0.013958713231680518
JPM,2023-05-03,129.96,130.17,127.44,127.65,127.65,12930900,Financials,129.80599999999998,130.142,127.50249999999998,125.6372,129.1034212880058,127.41273357490007,1.6906877131057172,1.7039589194723896,130.41,14113400.0,126.94,14416100.0,132.57,9158100.0,61.60367361356411,0.5593193634788163,-3.7112468884362926,-0.021164021164021052,0.015251291233577581
JPM,2023-05-04,126.69,127.4,123.73,125.9,125.9,17089200,Financials,129.256,129.514,127.80799999999999,125.574,128.6105872436972,127.3006792360186,1.3099080076786151,1.6251487371136348,127.65,12930900.0,128.65,9041100.0,132.18,10586200.0,39.64610234337642,-2.1375825884181854,-4.751096988954462,-0.013709361535448439,0.015570927635961485
JPM,2023-05-05,128.08,129.43,127.58,128.36,128.36,11261400,Financials,128.97400000000002,129.157,128.243,125.5394,128.5720353600515,127.37914744075796,1.1928879192935398,1.538696573549616,125.9,17089200.0,129.77,9887300.0,131.93,11842500.0,43.50940017905109,-1.08653772058257,-2.705980444174938,0.019539316918188998,0.017377544828335652
JPM,2023-05-08,129.06,129.51,128.12,128.67,128.67,7484900,Financials,128.198,128.813,128.674,125.4876,128.5871068431205,127.47476614884997,1.1123406942705287,1.4534253976937985,128.36,11261400.0,132.55,20415800.0,132.11,7567500.0,40.415486307837575,-2.92719728404377,-2.6038906971463383,0.002415082580242922,0.017407353419935826
JPM,2023-05-09,127.6,128.56,126.92,128.05,128.05,7343600,Financials,127.726,128.695,129.0445,125.40039999999999,128.50447502110194,127.51737606374998,0.9870989573519608,1.360160109625431,128.67,7484900.0,130.41,14113400.0,129.23,10629300.0,39.55637707948247,-1.8096771719960048,-0.9131006732182811,-0.004818528017408674,0.016093961513362717
JPM,2023-05-10,129.5,129.6,126.6,128.12,128.12,8133400,Financials,127.82000000000001,128.81300000000002,129.4195,125.2924,128.44532501785548,127.56201487384257,0.8833101440129099,1.2647901165029267,128.05,7343600.0,127.65,12930900.0,126.94,14416100.0,40.478424015009374,0.3681942812377548,0.929573026626751,0.0005466614603670816,0.014956604502335099
JPM,2023-05-11,126.73,128.43,126.63,127.71,127.71,7057300,Financials,128.18200000000002,128.719,129.751,125.1912,128.33219809203155,127.57297673503942,0.7592213569921284,1.163676364600767,128.12,8133400.0,125.9,17089200.0,128.65,9041100.0,40.17690875232772,1.437648927720403,-0.7306645938593204,-0.0032001248829223172,0.014331408281948099
JPM,2023-05-12,128.44,128.59,124.97,125.88,125.88,9988600,Financials,127.68599999999999,128.32999999999998,129.5335,125.081,127.95493684710362,127.44757105096242,0.507365796141201,1.0324142509088539,127.71,7057300.0,128.36,11261400.0,129.77,9887300.0,36.5326415910073,-1.932066064194471,-2.997611158202984,-0.014329339910735261,0.014512298343734398
JPM,2023-05-15,126.04,127.36,125.75,126.94,126.94,7639500,Financials,127.33999999999999,127.769,129.3175,124.9436,127.79879271677999,127.40997319533558,0.3888195214444039,0.903695305015964,125.88,9988600.0,128.67,7484900.0,132.55,20415800.0,44.62693571093384,-1.3445247532447246,-4.232365145228223,0.008420718144264372,0.012534305564622131
JPM,2023-05-16,127.16,127.61,125.75,126.09,126.09,6477200,Financials,126.94800000000001,127.33699999999999,128.9855,124.805,127.53590152958307,127.3121974030885,0.2237041264945674,0.7676970693116847,126.94,7639500.0,128.05,7343600.0,130.41,14113400.0,47.86109713135381,-1.5306520890277286,-3.31262939958592,-0.006696076886718139,0.011876410988520917
JPM,2023-05-17,127.57,130.1,127.16,129.97,129.97,12711500,Financials,127.31800000000001,127.569,128.8555,124.8222,127.91037821733951,127.50907166952639,0.40130654781312103,0.694418965011972,126.09,6477200.0,128.12,8133400.0,127.65,12930900.0,52.99455535390199,1.4439587886356575,1.8174696435566018,0.03077167102863032,0.014303927983458673
JPM,2023-05-18,129.8,131.17,129.32,130.95,130.95,10999600,Financials,127.96599999999998,128.074,128.794,124.87420000000002,128.37801233774883,127.76395524956148,0.6140570881873515,0.6783465896470479,129.97,12711500.0,127.71,7057300.0,125.9,17089200.0,52.69406392694059,2.5369978858351017,4.011119936457486,0.007540201584981032,0.013269352447309889
JPM,2023-05-19,131.22,131.88,129.66,130.65,130.65,13492200,Financials,128.92000000000002,128.30300000000003,128.73,125.0592,128.7275489011721,127.97773634218655,0.7498125589855533,0.6926397835147491,130.95,10999600.0,125.88,9988600.0,128.36,11261400.0,45.108135942327465,3.7893231649189785,1.7840448737924453,-0.002290950744558873,0.012183589997047824
JPM,2023-05-22,132.36,132.96,129.22,129.57,129.57,11402500,Financials,129.446,128.393,128.603,125.161,128.85715676253022,128.09568179832087,0.7614749642093557,0.7064068196536704,130.65,13492200.0,126.94,7639500.0,128.67,7484900.0,47.712418300653574,2.0718449661257354,0.6994637444625917,-0.008266360505166603,0.012588664878087883
JPM,2023-05-23,129.11,130.51,128.1,128.22,128.22,9514900,Financials,129.872,128.41000000000003,128.55249999999998,125.28040000000001,128.75913264521787,128.1048905540008,0.6542420912170712,0.6959738739663506,129.57,11402500.0,126.09,6477200.0,128.05,7343600.0,51.681415929203524,1.6892695693552229,0.13276064037484048,-0.010419078490391254,0.012983206159432483
JPM,2023-05-24,127.1,127.99,126.8,127.05,127.05,8578000,Financials,129.28799999999998,128.303,128.558,125.31360000000001,128.4961891613382,128.0267505129637,0.46943864837450633,0.6506668288479818,128.22,9514900.0,129.97,12711500.0,128.12,8133400.0,53.51252290775808,-2.2466723089943796,-0.835154542616301,-0.009124941506785222,0.013311243002138198
JPM,2023-05-25,126.56,127.92,126.33,127.36,127.36,8472500,Financials,128.57,128.26799999999997,128.4935,125.4716,128.32139082882463,127.9773615860775,0.3440292427471263,0.5893393116278107,127.05,8578000.0,130.95,10999600.0,127.71,7057300.0,46.48382559774958,-2.7415043909889136,-0.2740584135932922,0.0024399842581661613,0.013315825460355847
JPM,2023-05-26,127.77,129.17,127.32,128.55,128.55,8579900,Financials,128.15,128.53500000000003,128.4325,125.60700000000001,128.3565614705439,128.01977924636805,0.3367822241758631,0.5388278941374213,127.36,8472500.0,130.65,13492200.0,125.88,9988600.0,49.60264900662259,-1.6073478760045834,2.1210676835081266,0.009343592964824232,0.012609454313345363
JPM,2023-05-30,128.42,129.28,127.68,129.04,129.04,7399900,Financials,128.044,128.745,128.257,125.8442,128.461705859691,128.0953511540445,0.36635470564650063,0.5043332564392372,128.55,8579900.0,129.57,11402500.0,126.94,7639500.0,53.306613226452846,-0.4090453036968422,1.6543248778950748,0.0038117464021780734,0.012438747379424943
JPM,2023-05-31,128.35,128.45,126.16,127.39,127.39,14219900,Financials,127.878,128.875,128.10600000000002,126.0236,128.29682803512316,128.04310292041157,0.2537251147115853,0.45421162809370685,129.04,7399900.0,128.22,9514900.0,126.09,6477200.0,47.79456193353472,-0.6473249103103984,1.031009596320076,-0.012786732796032152,0.013031148046601588
JPM,2023-06-01,128.15,129.76,127.15,129.15,129.15,12248100,Financials,128.298,128.793,128.18099999999998,126.17479999999999,128.42808526048884,128.1250952966774,0.3029899638114557,0.4239672952372567,127.39,14219900.0,127.05,8578000.0,129.97,12711500.0,54.02234636871513,1.6528925619834878,-0.6309148264984188,0.013815841117827077,0.009314843542968899
JPM,2023-06-02,131.01,132.81,130.8,131.86,131.86,12922500,Financials,129.198,128.88400000000001,128.47899999999998,126.44279999999999,128.95607214349056,128.40175490433091,0.5543172391596443,0.4500372840217342,129.15,12248100.0,127.36,8472500.0,130.95,10999600.0,65.92119275825354,3.533291457286447,0.6949217258495732,0.020983352690669754,0.011363846160296393
JPM,2023-06-05,131.52,131.52,129.66,130.57,130.57,8511900,Financials,129.602,128.876,128.5895,126.69140000000002,129.20436873679972,128.56236565215826,0.642003084641459,0.48843044414567927,131.86,12922500.0,128.55,8579900.0,130.65,13492200.0,59.54760652288268,1.571373006612209,-0.06123230003828306,-0.009783103291369777,0.011824307893717507
JPM,2023-06-06,130.18,131.51,129.74,130.8,130.8,9329500,Financials,129.954,128.999,128.696,126.98060000000001,129.44985046959977,128.72811634459097,0.7217341250087941,0.5350911803183023,130.57,8511900.0,129.04,7399900.0,129.57,11402500.0,62.80587275693313,1.3639181649101273,0.9492938180134525,0.0017615072374972396,0.01146499024419086
JPM,2023-06-07,131.0,132.61,130.32,132.07,132.07,9281400,Financials,130.89000000000001,129.384,128.897,127.22840000000001,129.85295039735365,128.97566328202868,0.8772871153249753,0.6035303673196368,130.8,9329500.0,127.39,14219900.0,128.22,9514900.0,56.65399239543724,3.6737577517858444,3.0026516924036795,0.009709480122324088,0.010993877368639125
JPM,2023-06-08,132.05,132.26,130.93,132.11,132.11,7368100,Financials,131.482,129.89000000000001,129.09650000000002,127.46979999999999,130.2001887977608,129.20783637224878,0.9923524255120242,0.6812947789581143,132.07,9281400.0,129.15,12248100.0,127.05,8578000.0,53.90835579514833,2.291908633372053,3.982683982683999,0.0003028696903157879,0.010213488263497848
JPM,2023-06-09,131.75,133.11,131.62,132.37,132.37,7249100,Financials,131.584,130.39100000000002,129.3295,127.7116,130.5340059057976,129.44207071504516,1.0919351907524515,0.7634228613169818,132.11,7368100.0,131.86,12922500.0,127.36,8472500.0,55.81081081081079,0.3867738510541452,3.933731155778908,0.0019680569222617628,0.010222377753687823
JPM,2023-06-12,132.42,132.66,131.19,132.36,132.36,7596600,Financials,131.942,130.772,129.6535,127.9604,130.81492807413645,129.6582136250418,1.1567144490946362,0.8420811788725128,132.37,7249100.0,130.57,8511900.0,128.55,8579900.0,60.16023306627828,1.3709121543999503,2.963827304550759,-7.5545818538858e-05,0.010099569949746937
JPM,2023-06-13,131.87,134.11,131.55,133.32,133.32,7701600,Financials,132.446,131.2,129.9725,128.1994,131.20032375503854,129.9294570602239,1.2708666948146288,0.9278382820609361,132.36,7596600.0,130.8,9329500.0,129.04,7399900.0,69.11544227886054,1.9266055045871422,3.316800991940494,0.0072529465095192425,0.010189632987547548
JPM,2023-06-14,134.24,134.81,132.08,132.82,132.82,9068700,Financials,132.596,131.743,130.309,128.4312,131.44950471580185,130.14357135205918,1.3059333637426676,1.0034572983972825,133.32,7701600.0,132.07,9281400.0,127.39,14219900.0,72.77032359905286,0.5678806693420135,4.262500981238704,-0.0037503750375037503,0.008925295714875521
JPM,2023-06-15,131.97,134.61,131.45,134.32,134.32,9343100,Financials,133.038,132.26,130.5265,128.7254,131.89111937490927,130.45293643709184,1.4381829378174302,1.0904024262813121,132.82,9068700.0,132.11,7368100.0,129.15,12248100.0,75.10822510822508,1.6728483839224761,4.003097173828873,0.011293479897605874,0.008655494728752442
JPM,2023-06-16,134.28,135.15,133.77,134.48,134.48,13813500,Financials,133.45999999999998,132.522,130.703,129.0192,132.2894087018463,130.7512374417517,1.5381712600946003,1.17995619304397,134.32,9343100.0,132.37,7249100.0,131.86,12922500.0,73.10989867498046,1.5940167711717024,1.9869558622781502,0.001191185229303171,0.006264584590995392
JPM,2023-06-20,133.87,134.24,132.4,133.8,133.8,8428600,Financials,133.748,132.845,130.8605,129.30200000000002,132.52180736310072,130.97707170532564,1.5447356577750782,1.2529120859901917,134.48,13813500.0,132.36,7596600.0,130.57,8511900.0,68.27956989247322,1.0879419764279197,2.473768859615544,-0.005056513979773802,0.005395949096631095
JPM,2023-06-21,134.14,135.19,133.01,133.6,133.6,9926500,Financials,133.804,133.125,131.06199999999998,129.57299999999998,132.68768315339292,131.17136269011633,1.5163204632765996,1.3055937614474735,133.8,8428600.0,133.32,7701600.0,130.8,9329500.0,76.8366464995678,0.21002100210021357,2.1406727828745975,-0.001494768310911887,0.0055391181853449364
JPM,2023-06-22,133.59,133.86,130.43,131.03,131.03,10075200,Financials,133.446,133.02100000000002,131.20250000000001,129.7808,132.43265497594786,131.16089137973734,1.2717635962105192,1.2988277284000826,133.6,9926500.0,132.82,9068700.0,132.07,9281400.0,57.59289176090467,-1.347688601114283,-0.7874611948209265,-0.01923652694610778,0.008108058969598689
JPM,2023-06-23,130.05,130.65,129.19,130.34,130.34,9919500,Financials,132.65,132.844,131.36700000000002,129.9752,132.11070805657124,131.1000846108679,1.0106234457033452,1.241186871860735,131.03,10075200.0,134.32,9343100.0,132.11,7368100.0,42.66409266409261,-2.963073257891591,-1.3397925970782043,-0.00526596962527659,0.008217411547944562
JPM,2023-06-26,130.36,131.43,129.25,130.66,130.66,8429700,Financials,131.88600000000002,132.673,131.53199999999998,130.1668,131.88752220171412,131.0674857508036,0.8200364509105214,1.1569567876706923,130.34,9919500.0,134.48,13813500.0,132.37,7249100.0,50.47923322683709,-2.840571088637711,-1.2918334970159484,0.0024551173853000208,0.008240459894223987
JPM,2023-06-27,130.48,131.27,130.05,130.67,130.67,8154000,Financials,131.26,132.504,131.638,130.1756,131.7002110937581,131.0380423618552,0.6621687319029093,1.0579991765171357,130.66,8429700.0,133.8,8428600.0,132.36,7596600.0,49.29116684841862,-2.339312406576999,-1.276820791780009,7.65345170670173e-05,0.008243046488376652
JPM,2023-06-28,130.63,130.68,129.51,130.1,130.1,7558600,Financials,130.56,132.182,131.691,130.1524,131.45402477164146,130.9685577424585,0.48546702918295637,0.9434927470503,130.67,8154000.0,133.6,9926500.0,133.32,7701600.0,38.370720188901934,-2.6197604790419216,-2.4152415241524117,-0.004362133619040254,0.007712497473425452
JPM,2023-06-29,131.49,134.76,131.28,134.64,134.64,15423200,Financials,131.28199999999998,132.364,132.05349999999999,130.1906,131.94417480677353,131.2405164282023,0.7036583785712196,0.895525873354484,130.1,7558600.0,131.03,10075200.0,132.82,9068700.0,59.753276792598264,2.755094253224444,1.3702755609094952,0.03489623366641048,0.01404885215630837
JPM,2023-06-30,135.74,137.05,134.86,136.53,136.53,14212800,Financials,132.51999999999998,132.585,132.4225,130.2698,132.64968637496222,131.63233002611327,1.0173563488489492,0.9198919684533771,134.64,15423200.0,130.34,9919500.0,134.32,9343100.0,64.2465753424658,4.749117692189664,1.6453245979749953,0.014037433155080326,0.014287253511418374
JPM,2023-07-03,137.23,138.44,137.05,137.62,137.62,8021600,Financials,133.91199999999998,132.899,132.7105,130.37859999999998,133.41435000958342,132.07586113529007,1.338488874293347,1.0036113496213712,136.53,14212800.0,130.66,8429700.0,134.48,13813500.0,66.77295918367349,5.326802387876928,2.334919690660331,0.007983593349446982,0.014419950104342041
JPM,2023-07-05,136.99,137.45,136.44,136.71,136.71,8934900,Financials,135.12,133.19,133.01749999999998,130.4742,133.92137308503212,132.41913068082414,1.5022424042079763,1.1033375605386921,137.62,8021600.0,130.67,8154000.0,133.8,8428600.0,60.844529750479914,4.622331062983109,2.1748878923766757,-0.006612410986775119,0.014517448457375985
JPM,2023-07-06,135.18,135.53,133.68,135.36,135.36,9709500,Financials,136.172,133.366,133.24550000000002,130.5392,134.14270030271948,132.63697285261495,1.50572745010453,1.1838155384518598,136.71,8934900.0,130.1,7558600.0,133.6,9926500.0,57.706310679611725,4.043043812451974,1.3173652694610904,-0.009874917709019049,0.014991612692199846
JPM,2023-07-07,136.02,137.84,135.16,136.42,136.42,8981500,Financials,136.528,133.905,133.46300000000002,130.68300000000002,134.4930541023011,132.91719708575457,1.5758570165465358,1.2622238340707952,135.36,9709500.0,134.64,15423200.0,131.03,10075200.0,56.546134663341654,1.322043969102804,4.11356177974509,0.00783096926713922,0.013184323141112736
JPM,2023-07-10,136.58,137.98,136.58,137.19,137.19,9100100,Financials,136.66,134.59,133.717,130.888,134.90796885579326,133.2337010053283,1.6742678504649575,1.3446326373496278,136.42,8981500.0,136.53,14212800.0,130.34,9919500.0,58.13813813813818,0.4834102395077977,5.255485652907765,0.00564433367541417,0.012766443250023284
JPM,2023-07-11,138.31,139.71,137.72,139.34,139.34,11260900,Financials,137.004,135.458,134.0655,131.1018,135.58981980105585,133.68601944937805,1.903800351677802,1.4564661802152628,137.19,9100100.0,137.62,8021600.0,130.66,8429700.0,65.28697571743929,1.2498183403575114,6.643196081432734,0.015671696187768758,0.013128828792936269
JPM,2023-07-12,139.36,141.65,138.94,140.03,140.03,11323200,Financials,137.66799999999998,136.394,134.449,131.30700000000002,136.27292444704727,134.1559439346093,2.1169805124379764,1.5885690466598055,139.34,11260900.0,136.71,8934900.0,130.67,8154000.0,67.27565824825368,2.4284982810328426,7.163082574424129,0.004951916176259452,0.012951919458335698
JPM,2023-07-13,140.55,141.18,139.65,140.71,140.71,11234900,Financials,138.738,137.45499999999998,134.8185,131.4702,136.95555145519384,134.64142956908267,2.3141218861111668,1.733679614550078,140.03,11323200.0,135.36,9709500.0,130.1,7558600.0,78.9473684210527,3.9524231678486954,8.1552651806303,0.004856102263800732,0.012366905786063953
JPM,2023-07-14,143.24,144.51,140.27,141.56,141.56,27028400,Financials,139.76600000000002,138.147,135.2555,131.69320000000002,137.6639281543948,135.15391626766916,2.5100118867256356,1.8889460689851894,140.71,11234900.0,136.42,8981500.0,134.64,15423200.0,83.23459715639817,3.7677759859258364,5.139631610219864,0.006040793120602572,0.007958790922212335
JPM,2023-07-17,142.11,145.32,142.11,144.97,144.97,17262400,Financials,141.32200000000003,138.99099999999999,135.78799999999998,132.03959999999998,138.78793920756482,135.88103358117513,2.906905626389687,2.092537980466089,141.56,27028400.0,137.19,9100100.0,136.53,14212800.0,85.82874311467206,5.670967271667027,6.181791547645199,0.024088725628708563,0.009670218471554509
JPM,2023-07-18,144.97,145.93,144.44,145.23,145.23,13491700,Financials,142.5,139.752,136.32549999999998,132.4262,139.77902548332406,136.5735496121992,3.205475871124861,2.3151255585978436,144.97,17262400.0,139.34,11260900.0,137.62,8021600.0,86.00395647873398,4.227070475096872,5.529719517511977,0.001793474511967874,0.009731196283550113
JPM,2023-07-19,144.37,146.7,143.87,145.79,145.79,12510000,Financials,143.652,140.66,136.925,132.7748,140.7037907935819,137.2562496409252,3.4475411526566972,2.5416086774096143,145.23,13491700.0,140.03,11323200.0,136.71,8934900.0,88.81741712023754,4.113404270513454,6.641796503547637,0.0038559526268677757,0.008810190251131734
JPM,2023-07-20,146.06,148.0,145.94,147.59,147.59,9935900,Financials,145.028,141.88299999999998,137.62449999999998,133.1532,141.7632075945693,138.0217126304863,3.7414949640830173,2.781585934744295,145.79,12510000.0,140.71,11234900.0,135.36,9709500.0,87.06353749284493,4.88948901997015,9.035165484633566,0.012346525824816545,0.0067975991734354245
JPM,2023-07-21,147.26,147.58,146.21,146.45,146.45,10636400,Financials,146.006,142.88600000000002,138.3955,133.52120000000002,142.48425258002018,138.64603021341324,3.838222366606942,2.9929132211168246,147.59,9935900.0,141.56,27028400.0,136.42,8981500.0,79.66507177033489,3.454365640011292,7.3522943849875455,-0.0077241005488177805,0.008569431711442426
JPM,2023-07-24,146.47,150.08,146.24,149.34,149.34,14381400,Financials,146.87999999999997,144.101,139.3455,133.9456,143.53898295232477,139.43817612353078,4.100806828793992,3.2144919426522582,146.45,10636400.0,144.97,17262400.0,137.19,9100100.0,81.64146868250538,3.0144167758846763,8.856330636343767,0.019733697507681836,0.009410846014943658
JPM,2023-07-25,148.67,149.07,147.41,148.22,148.22,9944700,Financials,147.478,144.989,140.2235,134.3558,144.2591394211979,140.08868159586183,4.170457825336058,3.4056851191890183,149.34,14381400.0,145.23,13491700.0,139.34,11260900.0,80.72610784837154,2.05880327755974,6.372900818142679,-0.00749966519351819,0.010278295032214098
JPM,2023-07-26,148.12,149.57,147.71,149.11,149.11,8728600,Financials,148.142,145.897,141.1455,134.8204,145.00542566409052,140.75692740357576,4.248498260514765,3.574247747454168,148.22,9944700.0,145.79,12510000.0,140.03,11323200.0,87.62999452654617,2.277248096577278,6.484324787545526,0.006004587774929293,0.010268974006677447
JPM,2023-07-27,149.12,150.07,147.02,147.46,147.46,10778400,Financials,148.116,146.572,142.0135,135.2308,145.38305248499967,141.25345129960718,4.129601185392488,3.6853184350418324,149.11,8728600.0,147.59,9935900.0,140.71,11234900.0,79.26829268292677,-0.08808184836370803,4.797100419302103,-0.011065656226946552,0.011665605269613442
JPM,2023-07-28,148.66,148.96,147.86,148.31,148.31,9103800,Financials,148.488,147.24699999999999,142.697,135.6752,145.83335210269203,141.7761586107474,4.057193491944645,3.7596934464223954,147.46,10778400.0,146.45,10636400.0,141.56,27028400.0,79.35586061246033,1.2700580402867923,4.768296128849947,0.005764275057642765,0.01166255255337374
JPM,2023-07-31,148.56,150.64,148.53,149.3,149.3,8892700,Financials,148.48000000000002,147.68,143.3355,136.0618,146.36668254843173,142.33348019513647,4.033202353295252,3.8143952277969673,148.31,9103800.0,149.34,14381400.0,144.97,17262400.0,78.00899887514053,-0.026784518548272906,2.9868248603159397,0.006675207335985478,0.009561665924997376
JPM,2023-08-01,148.8,149.34,147.59,148.56,148.56,6853900,Financials,148.548,148.013,143.8825,136.414,146.70411600251916,142.7947038843856,3.9094121181335595,3.8333986058642857,149.3,8892700.0,148.22,9944700.0,145.23,13491700.0,73.92035894559721,0.22938874645797025,2.292914687048131,-0.004956463496316177,0.009888075553101002
JPM,2023-08-02,147.03,147.15,145.5,146.88,146.88,8299400,Financials,148.102,148.122,144.39100000000002,136.73860000000002,146.73117507905465,143.09731841146814,3.633856667586514,3.793490218208732,148.56,6853900.0,149.11,8728600.0,145.79,12510000.0,66.38343069569827,-1.495540205217638,0.7476507305027802,-0.011308562197092087,0.010750449973301258
JPM,2023-08-03,146.5,148.31,145.89,147.78,147.78,6084000,Financials,148.166,148.14100000000002,145.012,137.1028,146.8925327592001,143.44418371432235,3.4483490448777445,3.7244619835425348,146.88,8299400.0,147.46,10778400.0,147.59,9935900.0,66.47245762711856,0.21700800217008265,0.128735009146963,0.006127450980392135,0.01017242378847906
JPM,2023-08-04,147.82,149.15,147.16,147.46,147.46,6209400,Financials,147.996,148.24200000000002,145.564,137.48760000000001,146.97983541163086,143.74165158733553,3.2381838242953336,3.627206351693095,147.78,6084000.0,148.31,9103800.0,146.45,10636400.0,57.884737175427475,-0.573123862180569,0.6896551724138167,-0.0021653809717147032,0.009839233550336765
JPM,2023-08-07,148.01,149.05,148.01,148.16,148.16,7251800,Financials,147.768,148.124,146.1125,137.9098,147.1613991944569,144.0689366549403,3.092462539516589,3.520257589257794,147.46,6209400.0,149.3,8892700.0,149.34,14381400.0,59.026494146641994,-0.7635632953784444,-0.7901432971742395,0.004747050047470447,0.007482270228880203
JPM,2023-08-08,145.86,147.43,144.22,147.33,147.33,8623400,Financials,147.522,148.035,146.512,138.3092,147.18733777992506,144.3104969027225,2.876840877202568,3.391574246846749,148.16,7251800.0,148.56,6853900.0,148.22,9944700.0,54.66666666666671,-0.8279483037156643,-0.6004587774929071,-0.00560205183585305,0.007314755849236343
JPM,2023-08-09,146.8,146.99,145.05,145.36,145.36,6277800,Financials,147.21800000000002,147.66000000000003,146.77849999999998,138.6454,146.9062088907058,144.38823787289118,2.517971017814631,3.2168536010403255,147.33,8623400.0,146.88,8299400.0,149.11,8728600.0,43.31133773245356,-1.0348583877995532,-2.514921869760578,-0.013371343243059775,0.007918677964468053
JPM,2023-08-10,145.91,146.92,144.69,145.14,145.14,5995100,Financials,146.69,147.42800000000003,147.0,138.9674,146.63448444598183,144.4439239563807,2.1905604896011255,3.011594978752486,145.36,6277800.0,147.78,6084000.0,147.46,10778400.0,45.84126984126984,-1.786439301664644,-1.5733080157330992,-0.0015134837644470434,0.007326697892684971
JPM,2023-08-11,144.64,146.05,144.26,145.98,145.98,5180700,Financials,146.39399999999998,147.195,147.221,139.3392,146.5337945312154,144.55770736701916,1.9760871641962297,2.8044934158412347,145.14,5995100.0,147.46,6209400.0,148.31,9103800.0,37.73722627737226,-1.0036620100366322,-1.571033645742037,0.0057875155022737435,0.007329282656795139
JPM,2023-08-14,145.19,146.42,144.53,146.28,146.28,5044300,Financials,146.01799999999997,146.89299999999997,147.2865,139.6818,146.49474921872073,144.6852845990918,1.8094646196289261,2.6054876565987732,145.98,5180700.0,148.16,7251800.0,149.3,8892700.0,42.46894409937892,-1.2688984881209509,-2.022772940388484,0.002055076037813519,0.006884761397512335
JPM,2023-08-15,144.47,144.86,141.99,142.56,142.56,10300300,Financials,145.06400000000002,146.293,147.153,139.8958,145.8894031850714,144.5278561102702,1.3615470748011944,2.3566995402392577,146.28,5044300.0,147.33,8623400.0,148.56,6853900.0,29.15340547422025,-3.2376298106292056,-4.038772213247177,-0.025430680885972112,0.01013309467565744
JPM,2023-08-16,142.34,142.68,141.47,141.95,141.95,6978200,Financials,144.382,145.8,146.961,140.1234,145.28334115659885,144.33690380580575,0.9464373507931043,2.074647102350027,142.56,10300300.0,145.36,6277800.0,146.88,8299400.0,31.220177232447156,-2.345899834892695,-3.356481481481488,-0.00427890011223353,0.009813741690321554
JPM,2023-08-17,142.61,142.97,140.26,140.48,140.48,9953900,Financials,143.45,145.07,146.6055,140.317,144.5443655940452,144.0512072275979,0.4931583664472896,1.7583493551694793,141.95,6978200.0,145.14,5995100.0,147.78,6084000.0,24.395029431000694,-3.2106931238803926,-4.939775341724195,-0.010355759070095116,0.009418642932671056
JPM,2023-08-18,139.55,141.3,139.35,140.8,140.8,8517500,Financials,142.41400000000002,144.404,146.323,140.4916,143.96830934880748,143.81037706259065,0.15793228621683397,1.4382659413789505,140.48,9953900.0,145.98,5180700.0,147.46,6209400.0,20.93023255813965,-3.5484312919577876,-4.51647904516479,0.002277904328018332,0.009669366124393605
JPM,2023-08-21,141.44,141.87,139.9,141.28,141.28,8327000,Financials,141.414,143.716,145.92000000000002,140.675,143.5547232951448,143.62294172462097,-0.06821842947616119,1.1369690672079282,140.8,8517500.0,146.28,5044300.0,148.16,7251800.0,24.651810584958284,-3.418102269619905,-4.643628509719222,0.003409090909090917,0.009534459894345801
JPM,2023-08-22,141.07,141.43,137.85,138.35,138.35,9673300,Financials,140.572,142.81799999999998,145.4265,140.7946,142.7539966343533,143.23235344872313,-0.4783568143698176,0.8139038908923791,141.28,8327000.0,142.56,10300300.0,147.33,8623400.0,22.6777706598335,-2.9531425364758723,-6.09516052399377,-0.020738958097395344,0.01080949530845084
JPM,2023-08-23,138.32,139.5,137.48,139.29,139.29,7858000,Financials,140.04000000000002,142.21099999999998,144.9355,140.9332,142.22107407522202,142.94032726733622,-0.7192531921141949,0.5072724742910644,138.35,9673300.0,141.95,6978200.0,145.36,6277800.0,22.875399361022403,-1.8738992603029248,-4.175839295542117,0.00679436212504525,0.011200247299334507
JPM,2023-08-24,139.41,141.22,138.93,139.16,139.16,6534000,Financials,139.776,141.613,144.5205,141.05,141.75013960211095,142.66030302531132,-0.9101634232003732,0.22378529479277687,139.29,7858000.0,140.48,9953900.0,145.14,5995100.0,23.156532988357085,-0.9396355353075148,-4.120159845666249,-0.0009333046162681713,0.01121719616862299
JPM,2023-08-25,139.2,140.47,137.85,138.99,138.99,6695500,Financials,139.414,140.91400000000002,144.05450000000002,141.17340000000002,141.3255027402477,142.3884287271401,-1.0629259868923953,-0.03355696154425755,139.16,6534000.0,140.8,8517500.0,145.98,5180700.0,19.290020093771048,-1.2855113636363602,-4.78832716810521,-0.00122161540672594,0.010736536176267356
JPM,2023-08-28,139.48,140.46,139.06,139.47,139.47,5094100,Financials,139.052,140.233,143.563,141.2764,141.0400407802096,142.17224882142602,-1.1322080412164155,-0.2532871774786891,138.99,6695500.0,141.28,8327000.0,146.28,5044300.0,23.04526748971196,-1.2811438278595766,-4.65545529122231,0.003453485862292105,0.010844914493030298
JPM,2023-08-29,139.61,140.69,139.11,140.6,140.6,6337000,Financials,139.502,140.03699999999998,143.16500000000002,141.39880000000002,140.9723421986389,142.05578594576482,-1.0834437471259264,-0.4193184914081366,139.47,5094100.0,138.35,9673300.0,142.56,10300300.0,32.67831149927217,1.6263100831225064,-1.3748597081930436,0.008102100810210011,0.008694576314842639
JPM,2023-08-30,140.47,140.97,139.12,140.04,140.04,6277300,Financials,139.652,139.846,142.823,141.52360000000002,140.82890493730983,141.90646846830077,-1.0775635309909433,-0.5509674993246979,140.6,6337000.0,139.29,7858000.0,141.95,6978200.0,31.889204545454575,0.538444970923968,-1.3455442057062283,-0.003982930298719767,0.008683992452919403
JPM,2023-08-31,140.13,140.21,137.96,138.31,138.31,10933900,Financials,139.48200000000003,139.629,142.3495,141.6178,140.4413811008006,141.6400633965748,-1.1986822957741765,-0.6805104586145937,140.04,6277300.0,139.16,6534000.0,140.48,9953900.0,24.38209752839016,-0.6108077033630366,-1.5447038724373474,-0.012353613253356155,0.008934351996394165
JPM,2023-09-01,138.08,139.96,137.71,138.77,138.77,7903500,Financials,139.43800000000002,139.426,141.91500000000002,141.7726,140.18424554683128,141.4274661079396,-1.2432205611083305,-0.7930524791133411,138.31,10933900.0,138.99,6695500.0,140.8,8517500.0,25.18175809649705,-0.15828476868839925,-1.4417613636363624,0.003325862193623186,0.00898981476062461
JPM,2023-09-05,139.09,140.08,137.06,137.24,137.24,7854700,Financials,138.99200000000002,139.022,141.36899999999997,141.9106,139.73128469347262,141.11728343327744,-1.385998739804819,-0.9116417312516367,138.77,7903500.0,139.47,5094100.0,141.28,8327000.0,29.443585780525524,-1.5989101598910094,-2.8595696489241207,-0.011025437774735192,0.009283300168455945
JPM,2023-09-06,136.76,137.56,136.21,137.01,137.01,8629200,Financials,138.274,138.888,140.853,142.0376,139.31262550986145,140.8130402159976,-1.500414706136155,-1.0293963262285404,137.24,7854700.0,140.6,6337000.0,138.35,9673300.0,30.33439490445862,-2.5533428165007144,-0.9685580050596387,-0.0016758962401633992,0.0068389880422950605
JPM,2023-09-07,136.23,137.3,135.53,135.84,135.84,8373700,Financials,137.43400000000003,138.543,140.377,142.141,138.77837543142124,140.44466686666445,-1.6662914352432097,-1.1567753480314744,137.01,8629200.0,140.04,6277300.0,139.29,7858000.0,31.076672104404608,-2.999143101970858,-2.4768468662502596,-0.00853952266257929,0.006624924570875152
JPM,2023-09-08,135.51,136.22,134.83,135.94,135.94,7107900,Financials,136.96,138.221,139.91699999999997,142.2578,138.34170228812567,140.1109878395041,-1.769285551378431,-1.2792773887008657,135.84,8373700.0,138.31,10933900.0,139.16,6534000.0,29.81727574750819,-1.7135420432362158,-2.3138832997987913,0.0007361601884570135,0.006689098296650261
JPM,2023-09-11,136.81,137.1,135.81,136.54,136.54,6854200,Financials,136.51399999999998,137.976,139.445,142.29579999999999,138.06451732072173,139.84647022176304,-1.7819529010413078,-1.3798124911689542,135.94,7107900.0,138.77,7903500.0,138.99,6695500.0,30.509868421052545,-1.6069755710888645,-1.7627167422116785,0.004413711931734454,0.007020890292107079
JPM,2023-09-12,136.58,139.24,136.15,138.31,138.31,8363200,Financials,136.728,137.85999999999999,139.0465,142.3314,138.10228388676455,139.73265761274357,-1.6303737259790125,-1.429924738130966,136.54,6854200.0,137.24,7854700.0,139.47,5094100.0,49.81818181818185,0.7796560769455008,-0.8317200831720051,0.012963234217079345,0.008327219153516084
JPM,2023-09-13,139.26,139.6,137.82,138.38,138.38,8325900,Financials,137.002,137.638,138.8375,142.3466,138.14500944264694,139.63246075254034,-1.4874513098934017,-1.4414300524834534,138.31,8363200.0,137.01,8629200.0,140.6,6337000.0,45.50839091806515,0.9999270126268112,-1.5789473684210464,0.0005061094642468955,0.007751104797940986
JPM,2023-09-14,139.73,141.68,139.43,141.07,141.07,10034900,Financials,138.048,137.741,138.7935,142.43380000000002,138.59500798993201,139.73894514124106,-1.1439371513090464,-1.381931472248572,138.38,8325900.0,135.84,8373700.0,140.04,6277300.0,57.525610717100086,3.850117785630136,0.735504141673804,0.01943922532157827,0.010116571537513589
JPM,2023-09-15,140.75,141.52,140.18,140.65,140.65,19863400,Financials,138.99,137.975,138.802,142.53959999999998,138.91116060686556,139.8064306863343,-0.8952700794687303,-1.2845991936926038,141.07,10034900.0,135.94,7107900.0,138.31,10933900.0,56.414219474497685,3.4647638664116576,1.6918516376256187,-0.002977245339193191,0.009152763457433249
JPM,2023-09-18,140.04,140.96,139.65,140.94,140.94,6512400,Financials,139.87,138.19199999999998,138.80900000000003,142.63,139.22328974427086,139.89039878364287,-0.6671090393720078,-1.1611011628284846,140.65,19863400.0,136.54,6854200.0,138.77,7903500.0,55.764705882352956,3.222498901420834,1.5637385602075282,0.0020618556701030855,0.009136784423898857
JPM,2023-09-19,141.3,141.51,139.14,140.76,140.76,7943400,Financials,140.35999999999999,138.54399999999998,138.783,142.7014,139.45970670669072,139.95481368855823,-0.495106981867508,-1.0279023266362892,140.94,6512400.0,138.31,8363200.0,137.24,7854700.0,50.6779661016949,1.771383124864423,2.564849897988908,-0.0012771392081737387,0.008102753111740475
JPM,2023-09-20,141.44,142.01,140.02,140.17,140.17,7332000,Financials,140.718,138.85999999999999,138.874,142.718,139.56898259796907,139.97075341533167,-0.40177081736260334,-0.9026760247815521,140.76,7943400.0,138.38,8325900.0,137.01,8629200.0,50.549450549450526,1.2935395288336426,2.306400992628266,-0.0041915316851378615,0.008286028384146216
JPM,2023-09-21,139.49,140.69,138.59,139.07,139.07,8052400,Financials,140.318,139.183,138.863,142.6988,139.49221604443537,139.9040309401219,-0.41181489568654683,-0.8045037989625511,140.17,7332000.0,141.07,10034900.0,135.84,8373700.0,53.39285714285711,-1.4177358758063363,2.3777974087161313,-0.007847613612042448,0.008187637511782694
JPM,2023-09-22,139.21,139.42,137.23,137.74,137.74,7071700,Financials,139.73600000000002,139.363,138.792,142.6394,139.22264434529149,139.74373235196475,-0.521088006673267,-0.7478206405046943,139.07,8052400.0,140.65,19863400.0,135.94,7107900.0,45.73322286661141,-2.0689655172413723,1.3241135795203807,-0.009563529157977868,0.00902298995670061
JPM,2023-09-25,137.38,138.49,135.82,138.42,138.42,7044700,Financials,139.232,139.551,138.7635,142.57659999999998,139.09916059986202,139.64567810367106,-0.5465175038090422,-0.7075600131655639,137.74,7071700.0,140.94,6512400.0,136.54,6854200.0,55.25846702317283,-1.7879948914431787,1.3768858942434514,0.004936837519964987,0.009044200126705104
JPM,2023-09-26,136.67,137.84,136.32,136.98,136.98,7468400,Financials,138.476,139.418,138.639,142.4168,138.77313589219094,139.4482204663621,-0.6750845741711657,-0.7010649253666843,138.42,7044700.0,140.76,7943400.0,138.31,8363200.0,49.8793242156074,-2.6854219948849067,-0.9616079820692791,-0.010403120936280819,0.008739560372014265
JPM,2023-09-27,137.23,138.08,136.59,137.79,137.79,6717800,Financials,138.0,139.35899999999998,138.49849999999998,142.268,138.62188421646925,139.32538932070565,-0.7035051042363989,-0.7015529611406273,136.98,7468400.0,140.17,7332000.0,138.38,8325900.0,58.077879038939514,-1.697938217878292,-0.4263621910680748,0.005913272010512394,0.00900173395308377
JPM,2023-09-28,138.26,140.71,138.0,139.5,139.5,8868100,Financials,138.08599999999998,139.202,138.4715,142.1422,138.75697895239705,139.33832344509784,-0.5813444927007936,-0.6775112674526605,137.79,6717800.0,139.07,8052400.0,141.07,10034900.0,63.011695906432806,0.3091968073632101,-1.1129226625079647,0.01241018941868055,0.007416005422209728
JPM,2023-09-29,140.45,140.6,136.92,137.07,137.07,11917800,Financials,137.952,138.844,138.40949999999998,141.9318,138.49744372895134,139.1702994862017,-0.6728557572503746,-0.6765801654122033,139.5,8868100.0,137.74,7071700.0,140.65,19863400.0,51.70857511283044,-0.4864236968201041,-2.5453252755065825,-0.01741935483870971,0.00904981937470489
JPM,2023-10-02,136.89,137.63,134.81,135.89,135.89,9170600,Financials,137.446,138.339,138.2655,141.7206,138.0962985398819,138.92731433907568,-0.8310157991937785,-0.7074672921685183,137.07,11917800.0,138.42,7044700.0,140.94,6512400.0,41.89008042895434,-1.8277705533882416,-3.5830850007095294,-0.008608740059823483,0.009076231719766924
JPM,2023-10-03,135.35,135.72,134.54,134.88,134.88,9431100,Financials,137.02599999999998,137.751,138.14749999999998,141.4314,137.60148337990006,138.62751327692192,-1.026029897021857,-0.7711798131391862,135.89,9170600.0,136.98,7468400.0,140.76,7943400.0,38.96595208070615,-1.5330705212439732,-4.177323103154307,-0.007432482154683839,0.00910947491974765
JPM,2023-10-04,135.34,135.6,134.15,135.49,135.49,8128700,Financials,136.56599999999997,137.283,138.0715,141.17680000000001,137.27663978299236,138.3951048860388,-1.1184651030464465,-0.8406368711206382,134.88,9431100.0,137.79,6717800.0,140.17,7332000.0,29.753265602322216,-1.6692067639160868,-3.338802882214442,0.004522538552787836,0.009520101847528006
JPM,2023-10-05,135.24,136.25,134.09,136.06,136.06,8576200,Financials,135.878,136.982,138.0825,140.9158,137.08946443176276,138.22213415373963,-1.1326697219768675,-0.8990434412918842,135.49,8128700.0,139.5,8868100.0,139.07,8052400.0,33.5247666905958,-2.4659498207885266,-2.164377651542382,0.004206952542622933,0.009649522269373049
JPM,2023-10-06,136.07,138.9,135.34,138.15,138.15,10270600,Financials,136.094,137.023,138.193,140.7296,137.2526237499531,138.21679088309224,-0.9641671331391422,-0.9120681796613358,136.06,8576200.0,137.07,11917800.0,137.74,7071700.0,41.13159567705024,0.7879185817465606,0.29766226223320036,0.015360870204321753,0.010683607610087787
JPM,2023-10-09,136.78,138.44,136.63,137.84,137.84,6964900,Financials,136.48399999999998,136.96499999999997,138.258,140.52020000000002,137.34298932688338,138.18888044730764,-0.8458911204242554,-0.8988327678139197,138.15,10270600.0,135.89,9170600.0,138.42,7044700.0,40.794451450189186,1.4349841783795947,-0.4190145932668532,-0.00224393774882381,0.01058179569482944
JPM,2023-10-10,138.46,139.74,138.33,138.68,138.68,11288800,Financials,137.244,137.135,138.2765,140.30780000000001,137.54868327659364,138.22525967343302,-0.6765763968393799,-0.8543814936190118,137.84,6964900.0,134.88,9431100.0,136.98,7468400.0,45.37554314090633,2.8173190984579044,1.2410570886260963,0.006094022054556003,0.010119583216735983
JPM,2023-10-11,139.5,140.18,138.08,139.15,139.15,8698200,Financials,137.976,137.27100000000002,138.315,140.1196,137.79503969557922,138.2937589568824,-0.49871926130319366,-0.7832490471558483,138.68,11288800.0,135.49,8128700.0,137.79,6717800.0,50.25839793281658,2.701306369473766,0.9870092169243172,0.0033890972021921595,0.01002219368897324
JPM,2023-10-12,139.3,139.93,138.18,138.83,138.83,10484400,Financials,138.53000000000003,137.204,138.203,139.9586,137.9542643577978,138.33348051563186,-0.37921615783406537,-0.7024424692914918,139.15,8698200.0,136.06,8576200.0,139.5,8868100.0,53.766413268832075,2.0358665294722966,-0.48028673835124325,-0.0022996766079769193,0.009212780925238497
JPM,2023-10-13,141.39,145.78,140.76,140.92,140.92,29427000,Financials,139.084,137.589,138.2165,139.82139999999998,138.41053137967506,138.52507455151098,-0.11454317183591911,-0.5848626098003773,138.83,10484400.0,138.15,10270600.0,137.07,11917800.0,57.87153652392947,2.0050669562070134,2.808783833077988,0.015054383058416665,0.008235428214938357
JPM,2023-10-16,142.3,142.36,139.7,140.77,140.77,12663500,Financials,139.67000000000002,138.077,138.208,139.6876,138.77352655203276,138.69136532547313,0.08216122655963431,-0.45145784252837495,140.92,29427000.0,137.84,6964900.0,135.89,9170600.0,62.988348183687556,2.1256529309344296,3.591139892560169,-0.001064433721260083,0.007374267734128445
JPM,2023-10-17,140.51,142.16,139.76,140.47,140.47,11482700,Financials,140.02800000000002,138.63600000000002,138.1935,139.53379999999999,139.03452246710464,138.82311604210474,0.21140642499989326,-0.31888498902272133,140.77,12663500.0,138.68,11288800.0,134.88,9431100.0,59.517045454545496,1.290741274877405,4.144424673784108,-0.0021311358954323456,0.006651447530008346
JPM,2023-10-18,139.57,140.42,138.41,138.93,138.93,9620300,Financials,139.98399999999998,138.98,138.13150000000002,139.3658,139.01844208755008,138.8310333723192,0.1874087152308732,-0.21762624817200243,140.47,11482700.0,139.15,8698200.0,135.49,8128700.0,47.95111430625451,-0.15810276679841806,2.5389327625654934,-0.01096319498825371,0.008168853603869404
JPM,2023-10-19,138.52,139.98,137.95,138.34,138.34,11143600,Financials,139.886,139.20800000000003,138.09499999999997,139.2254,138.91406638177315,138.79466052992518,0.11940585184797214,-0.15021982816800755,138.93,9620300.0,138.83,10484400.0,136.06,8576200.0,55.260977630488874,-0.3529496506518792,1.6757312950169023,-0.004246742964082673,0.008411045359851335
JPM,2023-10-20,137.65,138.19,135.32,136.11,136.11,13332900,Financials,138.924,139.004,138.0135,139.0448,138.48267155380805,138.59579678696775,-0.1131252331597068,-0.1428009091663474,138.34,11143600.0,140.92,29427000.0,138.15,10270600.0,50.838414634146446,-3.41328413284131,-1.47665580890336,-0.01611970507445415,0.008616595644587235
JPM,2023-10-23,136.1,136.8,133.99,134.25,134.25,10133400,Financials,137.62,138.645,137.805,138.81019999999998,137.83149131476065,138.27388591385903,-0.4423945990983782,-0.2027196471527536,136.11,13332900.0,140.77,12663500.0,137.84,6964900.0,47.74516821760918,-4.631668679406131,-2.6044689495066775,-0.013665417676879121,0.00944975602956862
JPM,2023-10-24,134.43,134.95,133.64,134.41,134.41,8881400,Financials,136.408,138.21800000000002,137.67649999999998,138.5728,137.30510803556672,137.98767214246206,-0.6825641068953416,-0.29868853910127124,134.25,10133400.0,140.47,11482700.0,138.68,11288800.0,46.00591715976326,-4.314088417455686,-3.079030862417087,0.0011918063314710903,0.00906835693453707
JPM,2023-10-25,133.84,134.42,132.83,133.68,133.68,8242600,Financials,135.358,137.671,137.471,138.39520000000002,136.747399107018,137.6685853170945,-0.9211862100765131,-0.4231880732963197,134.41,8881400.0,138.93,9620300.0,139.15,8698200.0,41.30116959064326,-3.7788814510904767,-3.9310097017606904,-0.005431143516107406,0.008793418065655107
JPM,2023-10-26,133.07,134.89,132.76,134.02,134.02,9109400,Financials,134.494,137.19,137.197,138.2366,136.32779924439984,137.39831973805047,-1.0705204936506334,-0.5526545573671825,133.68,8242600.0,138.34,11143600.0,138.83,10484400.0,32.69069572506281,-3.1227410727193816,-3.464669019664335,0.002543387193297386,0.00902578131327653
JPM,2023-10-27,132.3,132.44,128.72,129.2,129.2,17434700,Financials,133.112,136.01799999999997,136.80349999999999,138.011,135.2312147452614,136.79103679449116,-1.5598220492297514,-0.7540880557396963,134.02,9109400.0,136.11,13332900.0,140.92,29427000.0,23.72262773722619,-5.0767761369480695,-8.316775475447058,-0.03596478137591419,0.011471201482993966
JPM,2023-10-30,129.91,131.43,129.53,130.84,130.84,9855500,Financials,132.43,135.025,136.551,137.8118,134.5556432459904,136.3502192541585,-1.794576008168093,-0.9621856462253757,129.2,17434700.0,134.25,10133400.0,140.77,12663500.0,27.26218097447793,-2.540037243947857,-7.054059813880798,0.012693498452012397,0.01317230861155787
JPM,2023-10-31,131.12,132.58,130.89,132.4,132.4,9672500,Financials,132.02800000000002,134.218,136.42700000000002,137.6342,134.22400582353035,136.05761042051714,-1.8336045969867882,-1.1364694363776584,130.84,9855500.0,134.41,8881400.0,140.47,11482700.0,31.5875613747954,-1.495424447585736,-5.7449989321563315,0.011922959339651484,0.014461029901041209
JPM,2023-11-01,132.58,133.8,131.84,132.29,132.29,9432000,Financials,131.75,133.55400000000003,136.267,137.513,133.92646646606414,135.7785281671455,-1.852061701081368,-1.2795878893184003,132.4,9672500.0,133.68,8242600.0,138.93,9620300.0,31.953642384105905,-1.0397965290245503,-4.779385301950634,-0.000830815709969901,0.014414267165224195
JPM,2023-11-02,133.38,134.71,132.57,134.65,134.65,10186200,Financials,131.876,133.185,136.19650000000001,137.4202,134.0377793174389,135.6949334880977,-1.6571541706587993,-1.35510114558648,132.29,9432000.0,134.02,9109400.0,138.34,11143600.0,32.95269168026111,0.4700790926727372,-2.6673413329478035,0.01783959482954134,0.016100356812895813
JPM,2023-11-03,135.38,136.89,135.06,136.16,136.16,9538700,Financials,133.268,133.19,136.097,137.3602,134.36427480706368,135.72938285934973,-1.3651080522860468,-1.3571025269263934,134.65,10186200.0,129.2,17434700.0,136.11,13332900.0,38.32911392405064,5.386996904024777,0.036734993755027645,0.011214259190493792,0.015865229376051046
JPM,2023-11-06,136.32,137.29,135.96,137.18,137.18,7625100,Financials,134.536,133.483,136.064,137.32399999999998,134.79746329828464,135.83683598087939,-1.0393726825947454,-1.2935565580600639,136.16,9538700.0,130.84,9855500.0,134.25,10133400.0,41.96384953590625,4.845612962396828,2.1824953445065187,0.007491186839013064,0.01521534357104002
JPM,2023-11-07,136.64,137.36,135.98,137.12,137.12,6297900,Financials,135.48,133.754,135.98600000000002,137.27700000000002,135.1547766370101,135.9318851674809,-0.7771085304708265,-1.1902669525422165,137.18,7625100.0,132.4,9672500.0,134.41,8881400.0,45.23433385992629,3.5649546827794643,2.016219031322075,-0.0004373815424989491,0.015236842472819399
JPM,2023-11-08,137.21,137.91,136.75,137.79,137.79,7618200,Financials,136.57999999999998,134.165,135.918,137.2208,135.5601956159316,136.06952330322306,-0.50932768729146,-1.0540790994920652,137.12,6297900.0,132.29,9432000.0,133.68,8242600.0,48.55794441531198,4.157532693325261,3.0745062836624593,0.004886231038506272,0.015017650137873303
JPM,2023-11-09,138.48,138.68,136.82,137.38,137.38,7992500,Financials,137.126,134.501,135.8455,137.1676,135.8401655211729,136.16659565113247,-0.32643012995956155,-0.9085493055855646,137.79,7618200.0,134.65,10186200.0,134.02,9109400.0,53.68115942028979,2.027478648347558,2.5070884942545835,-0.0029755424921982243,0.01514272905541402
JPM,2023-11-10,138.0,139.47,137.18,139.42,139.42,7983300,Financials,137.778,135.52299999999997,135.7705,137.1898,136.39090928714631,136.4075885658634,-0.01667927871707775,-0.7301753002118673,137.38,7992500.0,136.16,9538700.0,129.2,17434700.0,64.83075157773946,2.3942420681551058,7.910216718266261,0.014849323045567075,0.007226114027259994
JPM,2023-11-13,138.73,139.25,138.21,138.8,138.8,6676300,Financials,138.102,136.31900000000002,135.672,137.19039999999998,136.76153862758534,136.5848042276513,0.17673439993404827,-0.5487933601826842,139.42,7983300.0,137.18,7625100.0,130.84,9855500.0,62.26942425936281,1.1809301647470516,6.0837664322837215,-0.00444699469229648,0.007902157517573373
JPM,2023-11-14,139.66,142.11,139.51,141.34,141.34,9927700,Financials,138.946,137.213,135.71550000000002,137.2724,137.46591730026452,136.93704095152899,0.5288763487355368,-0.33325941839904,138.8,6676300.0,137.12,6297900.0,132.4,9672500.0,69.44162436548221,3.0775962660443357,6.752265861027196,0.018299711815561892,0.00865867152073937
JPM,2023-11-15,141.35,142.97,141.35,142.57,142.57,8365300,Financials,139.902,138.24099999999999,135.89749999999998,137.3836,138.25116079253152,137.35429717734164,0.8968636151898863,-0.08723481168125471,141.34,9927700.0,137.79,7618200.0,132.29,9432000.0,70.76250607090816,3.4690471006604273,7.770806561342503,0.008702419697184105,0.008266927199401372
JPM,2023-11-16,142.91,144.28,142.91,144.2,144.2,8126200,Financials,141.266,139.196,136.19050000000001,137.5508,139.16636682444977,137.86138627531633,1.3049805491334325,0.19120826048168277,142.57,8365300.0,137.38,7992500.0,134.65,10186200.0,93.10344827586212,4.964332508370939,7.092461938358685,0.011432980290383643,0.007601733448881306
JPM,2023-11-17,144.92,145.54,144.29,145.51,145.51,7812400,Financials,142.484,140.131,136.6605,137.7422,140.14231038991903,138.42795025492254,1.7143601349964968,0.49583863538464557,144.2,8126200.0,139.42,7983300.0,136.16,9538700.0,92.97012302284715,4.368096399368815,6.866921269095183,0.00908460471567274,0.007496593171517037
JPM,2023-11-20,144.8,146.39,144.65,145.95,145.95,7019000,Financials,143.914,141.00799999999998,137.2455,137.9304,141.03580109916226,138.98513912492825,2.0506619742340035,0.8068033031545172,145.51,7812400.0,138.8,6676300.0,137.18,7625100.0,92.47648902821322,5.151296829971175,6.393060212859014,0.003023847158270865,0.007576141053128563
JPM,2023-11-21,145.87,146.28,145.27,145.65,145.65,7083500,Financials,144.776,141.861,137.8075,138.0772,141.7456778531373,139.4788325230817,2.266845330055588,1.0988117085347315,145.95,7019000.0,141.34,9927700.0,137.12,6297900.0,91.38785625774496,3.049384462997029,6.220828471411899,-0.0020554984583760483,0.007749935288202627
JPM,2023-11-22,146.07,146.51,145.58,145.99,145.99,5174500,Financials,145.45999999999998,142.68099999999998,138.423,138.2294,142.39865049111617,139.96114122507566,2.4375092660405073,1.3665512200358867,145.65,7083500.0,142.57,8365300.0,137.79,7618200.0,90.15580736543933,2.3988216314792865,5.95108498439656,0.002334363199450795,0.00783515959411962
JPM,2023-11-24,146.24,147.05,145.94,146.19,146.19,3496900,Financials,145.858,143.56199999999998,139.0315,138.33180000000002,142.98193503094444,140.42253817136634,2.5593968595781007,1.6051203479443297,145.99,5174500.0,144.2,8126200.0,137.38,7992500.0,89.14910226385662,1.3800277392510552,6.412869413306166,0.0013699568463592104,0.007401334268235566
JPM,2023-11-27,146.09,146.18,145.4,145.86,145.86,6259100,Financials,145.928,144.20600000000002,139.8645,138.436,143.424714256953,140.8253131216355,2.5994011353174926,1.8039765054189625,146.19,3496900.0,145.51,7812400.0,139.42,7983300.0,85.80858085808616,0.24053329668065615,4.619136422321057,-0.0022573363431149795,0.007168638663109129
JPM,2023-11-28,145.89,146.51,145.41,146.19,146.19,6582700,Financials,145.976,144.945,140.632,138.541,143.8501428328064,141.22269733484768,2.6274454979587176,1.9686703039269138,145.86,6259100.0,145.95,7019000.0,138.8,6676300.0,86.6020984665056,0.16443987667009718,5.324207492795385,0.002262443438914019,0.006517547237568849
JPM,2023-11-29,146.79,148.18,146.63,146.93,146.93,9126100,Financials,146.23200000000003,145.504,141.3585,138.6644,144.32396701237462,141.64546049522934,2.67850651714528,2.110637546570587,146.19,6582700.0,145.65,7083500.0,141.34,9927700.0,86.67736757624435,0.878819086852034,3.9550021225413845,0.005061905739106809,0.0046394604626600455
JPM,2023-11-30,147.5,148.66,146.99,148.61,148.61,9869800,Financials,146.75600000000003,146.108,142.1745,138.8332,144.98335670277854,142.16135231039752,2.822004392381018,2.2529109157326737,146.93,9126100.0,145.99,5174500.0,142.57,8365300.0,90.8958485069195,1.7946434687307278,4.236515395945872,0.011434016198189623,0.005018802068275279
JPM,2023-12-01,148.36,150.3,148.36,149.33,149.33,8916000,Financials,147.38400000000001,146.621,142.9085,139.0384,145.65207105619723,142.69236325036806,2.9597078058291686,2.3942702937519726,148.61,9869800.0,146.19,3496900.0,144.2,8126200.0,89.92747784045163,2.147889732539854,3.557558945908479,0.004844896036605872,0.004346751001270196
JPM,2023-12-04,148.55,150.49,148.42,150.43,150.43,9607500,Financials,148.298,147.113,143.622,139.29219999999998,146.3871370475515,143.26552152811857,3.121615519432936,2.5397393388881655,149.33,8916000.0,145.86,6259100.0,145.51,7812400.0,95.11249030256036,3.133141368435477,3.3812109133392942,0.007366235853478731,0.0041304876726017
JPM,2023-12-05,149.73,150.91,149.46,150.41,150.41,9135600,Financials,149.142,147.559,144.2835,139.53199999999998,147.0060390402359,143.79474215566535,3.211296884570544,2.6740508480246414,150.43,9607500.0,146.19,6582700.0,145.95,7019000.0,93.73191899710723,2.8866543539229683,3.055841041452556,-0.00013295220368281235,0.004275299650991123
JPM,2023-12-06,151.24,151.6,148.53,148.83,148.83,9366000,Financials,149.522,147.877,144.86899999999997,139.769,147.28664841866114,144.16772421820866,3.118924200452483,2.7630255185102097,150.41,9135600.0,146.93,9126100.0,145.65,7083500.0,79.19776119403011,1.293132784319062,2.183316168898042,-0.010504620703410517,0.00591201191688806
JPM,2023-12-07,149.19,149.78,148.68,149.29,149.29,8130900,Financials,149.658,148.20700000000002,145.444,139.999,147.59485635425173,144.54715205389692,3.047704300354809,2.81996127487913,148.83,9366000.0,148.61,9869800.0,145.99,5174500.0,76.64921465968608,0.4575735145683213,2.260428796492908,0.0030907747093997795,0.005919071076918207
JPM,2023-12-08,149.73,151.18,149.47,150.93,150.93,7369400,Financials,149.978,148.681,146.12150000000003,140.2276,148.10795537667454,145.01995560546013,3.087999771214413,2.8735689741461865,149.29,8130900.0,149.33,8916000.0,146.19,3496900.0,77.4291497975711,1.0714524877787346,3.242355838292643,0.01098533056467299,0.00651098799887518
JPM,2023-12-11,150.93,151.68,150.58,151.48,151.48,8093900,Financials,150.18800000000002,149.243,146.7245,140.5158,148.62673147257075,145.4984774124631,3.1282540601076505,2.9245059913384797,150.93,7369400.0,150.43,9607500.0,145.86,6259100.0,77.67767767767789,0.697999069334565,3.853009735362667,0.0036440734115150697,0.0062208505978478485
JPM,2023-12-12,151.61,152.96,151.28,152.84,152.84,10223000,Financials,150.674,149.90800000000002,147.42649999999998,140.85479999999998,149.2749266306368,146.0422939004288,3.232632730207996,2.986131339112383,151.48,8093900.0,150.41,9135600.0,146.19,6582700.0,82.53393665158383,1.6155840702080981,4.548874752035026,0.008978082915236385,0.0063958262391686236
JPM,2023-12-13,152.84,154.27,152.12,153.35,153.35,12379100,Financials,151.578,150.55,148.027,141.2242,149.9018609951542,146.58360546336002,3.3182555317941933,3.052556177648745,152.84,10223000.0,148.83,9366000.0,146.93,9126100.0,82.79857397504466,3.0370221057582247,4.3694276185938685,0.0033368228212509177,0.006401552405775749
JPM,2023-12-14,154.08,156.95,153.97,156.14,156.14,13643000,Financials,152.948,151.303,148.7055,141.6372,150.8615746882074,147.29148654014818,3.5700881480592273,3.1560625717308417,153.35,12379100.0,149.29,8130900.0,148.61,9869800.0,86.02461984069525,4.588385022439545,5.066953771616967,0.01819367460058685,0.007500606602025757
JPM,2023-12-15,155.27,157.37,154.62,157.32,157.32,20309300,Financials,154.22599999999997,152.102,149.36149999999998,142.0624,151.85517858232936,148.0343393890261,3.8208391933032715,3.289017896045328,156.14,13643000.0,150.93,7369400.0,149.33,8916000.0,89.08594815825377,4.233750745378639,5.350565860845102,0.007557320353528851,0.007544087012418527
JPM,2023-12-18,157.98,159.13,157.7,158.27,158.27,8469600,Financials,155.584,152.886,149.9995,142.46480000000003,152.84207418504792,148.79253647132046,4.04953771372746,3.4411218595817545,157.32,20309300.0,151.48,8093900.0,150.43,9607500.0,89.52879581151836,4.482439926062853,5.211726384364823,0.006038647342995196,0.007514359700118159
JPM,2023-12-19,158.05,160.41,157.63,160.39,160.39,10345700,Financials,157.094,153.88400000000001,150.72150000000002,142.9158,154.00329354119438,149.65160784381524,4.351685697379139,3.623234627141232,158.27,8469600.0,152.84,10223000.0,150.41,9135600.0,90.39615846338538,4.939806333420549,6.635197127850545,0.013394831616857061,0.007679730965622425
JPM,2023-12-20,159.95,161.3,158.48,158.58,158.58,10734700,Financials,158.14000000000001,154.85899999999998,151.368,143.3138,154.7074022271645,150.31297022575487,4.394432001409626,3.777474101994911,160.39,10345700.0,153.35,12379100.0,148.83,9366000.0,79.69029184038129,3.4104988588196994,6.551098568836933,-0.011284992829976748,0.007872934402988004
JPM,2023-12-21,158.85,160.04,157.75,159.48,159.48,7601700,Financials,158.808,155.878,152.0425,143.7204,155.44164803836998,150.99200946829154,4.449638570078434,3.9119069956116155,158.58,10734700.0,156.14,13643000.0,149.29,8130900.0,79.90571596935777,2.139105930575136,6.825641369147295,0.00567536889897835,0.007794498022768453
JPM,2023-12-22,159.48,160.18,159.23,159.39,159.39,6576300,Financials,159.222,156.724,152.7025,144.1316,156.04908680169765,151.61408284101068,4.43500396068697,4.016526388626687,159.48,7601700.0,157.32,20309300.0,150.93,7369400.0,78.07017543859656,1.3157894736842035,5.6052474657125595,-0.0005643340857788282,0.007935462615491898
JPM,2023-12-26,159.44,160.69,159.18,160.33,160.33,4683600,Financials,159.634,157.60899999999998,153.426,144.5198,156.70768883220572,152.25970633426914,4.447982497936579,4.102817610488666,159.39,6576300.0,158.27,8469600.0,151.48,8093900.0,79.38388625592432,1.301573260883293,5.842355426458945,0.005897484158353894,0.007908951289452031
JPM,2023-12-27,159.81,161.36,159.56,161.29,161.29,6428600,Financials,159.814,158.454,154.18099999999998,144.93019999999999,157.41265978109715,152.92861697617514,4.484042804922012,4.179062649375336,160.33,4683600.0,160.39,10345700.0,152.84,10223000.0,88.31488314883158,0.5611322401646079,5.528657419523686,0.005987650470903549,0.007828293116117425
JPM,2023-12-28,161.24,162.49,160.91,162.15,162.15,6320100,Financials,160.52800000000002,159.334,154.94199999999998,145.3638,158.14148135323603,153.61168238534736,4.5297989678886665,4.249209913078002,161.29,6428600.0,158.58,10734700.0,153.35,12379100.0,88.59543817527022,2.2512296632614337,5.738506684056088,0.005332010664021336,0.00779456104838742
JPM,2023-12-29,161.86,162.52,161.51,161.96,161.96,6435100,Financials,161.024,159.916,155.6095,145.8244,158.7289457604305,154.23007628272904,4.498869477701447,4.299141826002692,162.15,6320100.0,159.48,7601700.0,156.14,13643000.0,86.25904010519407,1.5550539252570994,3.727424106571031,-0.0011717545482577973,0.006645235752599444
JPM,2024-01-02,161.0,163.93,160.83,163.84,163.84,9977400,Financials,161.91400000000002,160.568,156.33499999999998,146.33440000000002,159.51526179728734,154.9419224840084,4.57333931327895,4.353981323457944,161.96,6435100.0,159.39,6576300.0,157.32,20309300.0,87.36396614268452,2.7918940962419425,4.1444190185609076,0.01160780439614717,0.007020270944534323
JPM,2024-01-03,163.63,163.81,162.22,163.13,163.13,9852300,Financials,162.474,161.054,156.97,146.87480000000002,160.07137536693543,155.5484467444522,4.522928622483221,4.387770783263,163.84,9977400.0,160.33,4683600.0,158.27,8469600.0,82.37885462555072,1.746398054013576,3.070701964996525,-0.00433349609375,0.007453441709474579
JPM,2024-01-04,163.47,166.07,163.38,164.21,164.21,11972500,Financials,163.05800000000002,161.43599999999998,157.66000000000003,147.47400000000002,160.70808684894538,156.1900432819002,4.518043567045197,4.413825340019439,163.13,9852300.0,161.29,6428600.0,160.39,10345700.0,82.989064398542,1.8104036208072438,2.3816946193653044,0.006620486728376118,0.00667651580708108
JPM,2024-01-05,164.27,166.1,164.27,165.04,165.04,10066000,Financials,163.63600000000002,162.082,158.47050000000002,148.0866,161.3745350260307,156.84559563138907,4.52893939464164,4.436848150943879,164.21,11972500.0,162.15,6320100.0,158.58,10734700.0,80.68965517241386,1.7823003391920889,4.073653676377842,0.005054503379818387,0.004654939548800609
JPM,2024-01-08,164.8,165.12,162.37,164.8,164.8,11229900,Financials,164.204,162.61399999999998,159.246,148.709,161.9015296374106,157.4348107698047,4.466718867605891,4.442822294276282,165.04,10066000.0,161.96,6435100.0,159.48,7601700.0,77.58112094395298,1.7535193875030997,3.335841484825708,-0.0014541929229276995,0.004910591809286055
JPM,2024-01-09,164.41,164.58,162.96,163.49,163.49,9923600,Financials,164.13400000000001,163.02400000000003,159.874,149.29840000000002,162.14590969319357,157.88334330537472,4.2625663878188504,4.406771112984796,164.8,11229900.0,163.84,9977400.0,159.39,6576300.0,68.75000000000009,-0.213623046875,2.572306920133016,-0.007949029126213647,0.005992070746444938
JPM,2024-01-10,162.86,163.9,161.86,163.84,163.84,9670200,Financials,164.276,163.375,160.492,149.9912,162.4065389711638,158.32457713460624,4.081961836557554,4.341809257699348,163.49,9923600.0,163.13,9852300.0,160.33,4683600.0,64.19753086419766,0.43523570158769953,2.189234703424181,0.002140803718881923,0.005876161404117652
JPM,2024-01-11,163.18,163.21,161.56,163.15,163.15,11919500,Financials,164.064,163.561,161.0075,150.63739999999999,162.52091759098474,158.68201586537617,3.838901725608565,4.241227751281191,163.84,9670200.0,164.21,11972500.0,161.29,6428600.0,70.71622846781507,-0.6455148894707996,1.1532023064046104,-0.00421142578125,0.006025726510074811
JPM,2024-01-12,166.5,168.91,161.81,161.95,161.95,19436500,Financials,163.446,163.541,161.4375,151.2284,162.43308411544862,158.92408876423718,3.508995351211439,4.094781271267241,163.15,11919500.0,165.04,10066000.0,162.15,6320100.0,60.900264783759916,-1.8722733882695075,-0.12334258402714182,-0.007355194606190718,0.006376008689562547
JPM,2024-01-16,157.95,161.03,157.4,160.94,160.94,17206400,Financials,162.67400000000004,163.43900000000002,161.6775,151.8014,162.20337886691806,159.07341552244185,3.1299633444762094,3.9018176859090348,161.95,19436500.0,164.8,11229900.0,161.96,6435100.0,56.326530612244945,-2.3422330097087496,-0.6297851321313996,-0.006236492744674194,0.006664765960599727
JPM,2024-01-17,160.31,161.97,159.5,160.07,160.07,11107500,Financials,161.99,163.06199999999998,161.815,152.3098,161.87516673354605,159.14723659485355,2.7279301386925,3.667040176465728,160.94,17206400.0,163.49,9923600.0,163.84,9977400.0,48.93267651888333,-2.0918710624503123,-2.301025390625011,-0.0054057412700385665,0.005212112259872909
JPM,2024-01-18,160.1,160.49,158.3,160.39,160.39,9382300,Financials,161.3,162.788,161.921,152.7944,161.64667954376972,159.23929314338292,2.407386400386798,3.4151094212499418,160.07,11107500.0,163.84,9670200.0,163.13,9852300.0,46.10051993067588,-2.105712890625011,-1.6796420033102444,0.0019991253826450173,0.005322870560150485
JPM,2024-01-19,160.51,163.41,160.06,163.16,163.16,13115700,Financials,161.30199999999996,162.683,162.0595,153.31400000000002,161.87949807549745,159.5297158735027,2.349782201994742,3.202043977398902,160.39,9382300.0,163.15,11919500.0,164.21,11972500.0,53.75464684014866,0.006129328838477832,-0.6394251263625916,0.017270403391732803,0.007701862258648798
JPM,2024-01-22,163.3,164.76,162.58,162.97,162.97,12837500,Financials,161.506,162.476,162.279,153.831,162.047267602344,159.78455173472472,2.262715867619278,3.0141783554429775,163.16,13115700.0,161.95,19436500.0,165.04,10066000.0,53.75464684014866,0.6298240197591953,-1.254241396025202,-0.0011645011032115349,0.007439852549649542
JPM,2024-01-23,162.55,162.62,161.37,161.89,161.89,8360800,Financials,161.69599999999997,162.185,162.3995,154.313,162.02307258659874,159.94051086548586,2.0825617211128815,2.8278550285769586,162.97,12837500.0,160.94,17206400.0,164.8,11229900.0,42.29249011857701,0.590282092705352,-1.7657766990291424,-0.006626986561944048,0.007633955879405466
JPM,2024-01-24,162.25,163.83,161.77,163.34,163.34,9967100,Financials,162.35,162.17000000000002,162.597,154.8322,162.22567680404507,160.19232487544988,2.033351928595181,2.6689544085806034,161.89,8360800.0,160.07,11107500.0,163.49,9923600.0,50.784167289021696,2.042856250390468,-0.09174873080922685,0.008956698993143553,0.007973934019642534
JPM,2024-01-25,165.07,165.73,163.73,165.68,165.68,8873500,Financials,163.408,162.35399999999998,162.8645,155.35739999999998,162.75711114188428,160.59881932912026,2.15829181276402,2.5668218894172865,163.34,9967100.0,160.39,9382300.0,163.84,9670200.0,55.017064846416375,3.298210611634156,1.123046875,0.014325945879759994,0.009186934717167822
JPM,2024-01-26,165.36,165.79,164.57,165.05,165.05,7443000,Financials,163.786,162.54399999999998,163.0525,155.8824,163.10986327390208,160.9285364158521,2.181326858049971,2.4897228831438234,165.68,8873500.0,163.16,13115700.0,163.15,11919500.0,50.03460207612463,1.1583721500367794,1.1645724793135193,-0.0038025108643167105,0.009161267760697029
JPM,2024-01-29,165.01,165.58,164.11,165.48,165.48,6971200,Financials,164.288,162.897,163.219,156.36520000000002,163.47449969330177,161.26568186652975,2.2088178267720195,2.433541871869463,165.05,7443000.0,162.97,12837500.0,161.95,19436500.0,52.322404371584625,1.5401607657851146,2.179685087990113,0.0026052711299604514,0.008655762267697112
JPM,2024-01-30,165.57,169.34,165.57,168.87,168.87,10822100,Financials,165.68400000000003,163.69,163.5645,156.8912,164.304576663563,161.82896469123125,2.4756119723317624,2.441955891961923,165.48,6971200.0,161.89,8360800.0,160.94,17206400.0,66.08851674641144,4.311569584285646,4.927302100161546,0.02048585931834679,0.009812185700584137
JPM,2024-01-31,168.8,170.81,167.02,167.04,167.04,11521800,Financials,166.424,164.387,163.72449999999998,157.348,164.72541102301486,162.2149673066956,2.5104437163192586,2.4556534568333905,168.87,10822100.0,163.34,9967100.0,160.07,11107500.0,58.79120879120874,2.2652136647483667,4.354344974073832,-0.010836738319417338,0.010565198587118607
JPM,2024-02-01,166.35,167.5,164.23,166.43,166.43,9354800,Financials,166.574,164.99099999999999,163.8895,157.7664,164.98765548101258,162.5271919506441,2.460463530368486,2.4566154715404096,167.04,11521800.0,165.68,8873500.0,160.39,9382300.0,59.050772626931554,0.4526798647996211,3.7658208117713254,-0.003651819923371602,0.0108504742837867
JPM,2024-02-02,166.02,168.44,165.98,167.39,167.39,8607600,Financials,167.04199999999997,165.41400000000002,164.0485,158.1952,165.35724694547218,162.8873999543001,2.4698469911720906,2.459261775466746,166.43,9354800.0,165.05,7443000.0,163.16,13115700.0,65.2125279642058,1.417752196304134,2.592547192939443,0.005768190830979902,0.00981936060577307
JPM,2024-02-05,166.56,167.74,165.66,167.17,167.17,7820200,Financials,167.38000000000002,165.834,164.155,158.6256,165.63613203078415,163.20462958731488,2.4315024434692702,2.453709909067251,167.39,8607600.0,165.48,6971200.0,162.97,12837500.0,68.22703335283788,1.021271452743533,2.5771614407559706,-0.00131429595555288,0.009825863629679521
JPM,2024-02-06,167.28,168.48,166.46,167.75,167.75,6764800,Financials,167.156,166.42,164.3025,159.0608,165.9613424875866,163.5413236919582,2.42001879562838,2.446971686379477,167.17,7820200.0,168.87,10822100.0,161.89,8360800.0,72.85714285714286,-0.6632320720080576,3.6197417999876524,0.0034695220434288743,0.009276827278100624
JPM,2024-02-07,168.31,168.48,166.65,168.06,168.06,7225500,Financials,167.35999999999999,166.892,164.531,159.4982,166.28421287411174,163.87604045551686,2.408172418594887,2.4392118328225587,167.75,6764800.0,167.04,11521800.0,163.34,9967100.0,72.84097677188805,0.6106321839080442,2.8896779723276644,0.0018479880774961988,0.009091304571042083
JPM,2024-02-08,167.65,167.95,166.28,167.46,167.46,6060300,Financials,167.566,167.07,164.71200000000002,159.9302,166.4651032011715,164.14151894029337,2.3235842608781354,2.416086318433674,168.06,7225500.0,166.43,9354800.0,165.68,8873500.0,64.70588235294122,0.6188788079072305,1.0743602124577478,-0.003570153516601171,0.00831853883350404
JPM,2024-02-09,167.65,167.75,166.38,167.66,167.66,6296700,Financials,167.62,167.331,164.9375,160.3596,166.64893347791434,164.4021471669383,2.2467863109760344,2.3822263169421465,167.46,6060300.0,167.39,8607600.0,165.05,7443000.0,66.02870813397129,0.16129995818150444,1.581338988185399,0.0011943150603128672,0.008139471307952463
JPM,2024-02-12,167.44,169.39,166.41,168.41,168.41,8539300,Financials,167.868,167.624,165.26049999999998,160.7892,166.91986678900443,164.6990251545725,2.2208416344319346,2.349949380440104,167.66,6296700.0,167.17,7820200.0,165.48,6971200.0,72.79720279720286,0.7417598851468643,1.7706067198453024,0.0044733389001549995,0.008186412676690555
JPM,2024-02-13,167.96,168.83,165.37,166.94,166.94,8397600,Financials,167.706,167.43099999999998,165.5605,161.1558,166.92296420608068,164.86502329127083,2.0579409148098478,2.291547687314053,168.41,8539300.0,167.75,6764800.0,168.87,10822100.0,62.56983240223465,-0.4828614008941856,-1.142890981228173,-0.00872869782079444,0.0055649451788526705
JPM,2024-02-14,167.72,168.71,167.1,168.64,168.64,7056700,Financials,167.822,167.59099999999998,165.989,161.542,167.18712355899135,165.14465119562115,2.0424723633701944,2.241732622525281,166.94,8397600.0,168.06,7225500.0,167.04,11521800.0,60.818713450292364,0.3451148399381099,0.9578544061302541,0.010183299389001865,0.00546205675257548
JPM,2024-02-15,168.75,172.64,168.75,172.32,172.32,8723400,Financials,168.79399999999998,168.18,166.5855,161.97979999999998,167.97679685760806,165.67615851446405,2.3006383431440156,2.2535137666490277,168.64,7056700.0,167.46,6060300.0,166.43,9354800.0,71.72743574417214,2.9021855965603693,3.539025416090835,0.021821631878558012,0.008281106200759683
JPM,2024-02-16,172.07,172.42,170.68,171.51,171.51,8152600,Financials,169.564,168.59199999999998,167.003,162.4018,168.5203665718222,166.10829492080006,2.4120716510221314,2.2852253435236487,172.32,8723400.0,167.66,6296700.0,167.39,8607600.0,67.62127410870838,2.2963139687462775,2.461317880399072,-0.004700557103064051,0.00861935382009074
JPM,2024-02-20,171.67,172.88,170.92,172.18,172.18,9668000,Financials,170.318,169.09300000000002,167.4635,162.86880000000002,169.08338709923416,166.55805085259266,2.5253362466415012,2.3332475241472195,171.51,8152600.0,168.41,8539300.0,167.17,7820200.0,61.50104239054901,2.238584407101718,2.9969492133756104,0.003906477756399074,0.008522394803183361
JPM,2024-02-21,172.39,173.39,171.02,173.3,173.3,7024000,Financials,171.58999999999997,169.64799999999997,168.03400000000002,163.34900000000002,169.73209677627506,167.05745449314136,2.674642283133693,2.401526475944514,172.18,9668000.0,166.94,8397600.0,167.75,6764800.0,72.88011695906444,3.8097520067090107,3.3084947839046253,0.006504820536647804,0.008595123670301732
JPM,2024-02-22,174.18,175.72,173.63,175.38,175.38,9296500,Financials,172.938,170.38,168.636,163.838,170.60100496454044,167.67393934550125,2.9270656190391833,2.5066343045634483,173.3,7024000.0,168.64,7056700.0,168.06,7225500.0,79.53795379537954,3.996679316888052,4.355587290253471,0.012002308136179973,0.008995883768579944
JPM,2024-02-23,176.09,177.42,175.5,176.26,176.26,7105800,Financials,173.726,171.26,169.16500000000002,164.33360000000002,171.47161958538038,168.30994383842707,3.161675746953307,2.63764259304142,175.38,9296500.0,172.32,8723400.0,167.46,6060300.0,79.42932979429332,2.2864438254410313,5.254986265376793,0.005017675903751906,0.008559497181626007
JPM,2024-02-26,176.03,176.71,174.82,175.66,175.66,7145400,Financials,174.55599999999998,172.06,169.69549999999998,164.79,172.11598580301415,168.85439244298803,3.2615933600261258,2.7624327464383613,176.26,7105800.0,171.51,8152600.0,167.66,6296700.0,77.47572815533985,2.419683983441212,4.771561493498755,-0.003404062180869083,0.00891288420772357
JPM,2024-02-27,175.61,175.83,174.59,175.75,175.75,5717100,Financials,175.26999999999998,172.794,170.209,165.238,172.67506491024275,169.36517818795187,3.3098867222908837,2.871923541608866,175.66,7145400.0,172.18,9668000.0,168.41,8539300.0,76.73796791443854,2.0734115460564473,4.35841102072323,0.0005123534099966687,0.009011918069764336
JPM,2024-02-28,175.73,177.42,175.28,176.64,176.64,6131600,Financials,175.93800000000002,173.76399999999998,170.5975,165.648,173.28505492405156,169.90405387773322,3.381001046318346,2.973739042550762,175.75,5717100.0,173.3,7024000.0,166.94,8397600.0,77.60617760617762,1.9272937103288923,5.81047082784234,0.005064011379800837,0.007763353712237007
JPM,2024-02-29,177.86,178.6,176.13,178.25,178.25,9643000,Financials,176.512,174.725,171.158,166.0666,174.04889262804363,170.52227210901222,3.526620519031411,3.084315337846892,176.64,6131600.0,175.38,9296500.0,168.64,7056700.0,82.59818731117826,1.6364465731554256,5.698529411764719,0.009114583333333481,0.007701749189225883
JPM,2024-03-01,177.9,178.61,177.33,177.51,177.51,6311800,Financials,176.762,175.244,171.712,166.4514,174.58137068526767,171.0398815824187,3.5414891028489706,3.175750090847308,178.25,9643000.0,176.26,7105800.0,172.32,8723400.0,78.81802223522526,0.7091796210143997,3.011838440111414,-0.004151472650771426,0.005749464283453847
JPM,2024-03-04,176.95,179.71,176.53,178.84,178.84,7063600,Financials,177.39799999999997,175.977,172.2845,166.8204,175.2365444259957,171.61766813186915,3.618876294126551,3.264375331503157,177.51,6311800.0,175.66,7145400.0,171.51,8152600.0,79.51329937747593,1.8103153819879259,4.273803276776866,0.007492535631795416,0.005205239226716594
JPM,2024-03-05,178.53,181.35,178.53,180.63,180.63,6617800,Financials,178.374,176.822,172.95749999999998,167.26139999999998,176.06630682199636,172.2852482702492,3.781058551747151,3.3677119755519564,178.84,7063600.0,175.75,5717100.0,172.18,9668000.0,88.04891606448024,2.776671408250353,4.9076547798815096,0.010008946544397102,0.005514748300944601
JPM,2024-03-06,181.3,182.09,179.75,181.57,181.57,7572900,Financials,179.36,177.649,173.64849999999998,167.7032,176.91302884938153,172.97300765763816,3.9400211917433694,3.4821738187902396,180.63,6617800.0,176.64,6131600.0,173.3,7024000.0,87.52176436448053,2.7909873188405765,4.772071552221568,0.005204008193544718,0.00548575636404267
JPM,2024-03-07,181.94,182.5,178.79,179.98,179.98,7618300,Financials,179.706,178.10899999999998,174.2445,168.115,177.38487056486127,173.49204412744274,3.8928264374185346,3.5643043425158987,181.57,7572900.0,178.25,9643000.0,175.38,9296500.0,75.29722589167764,0.9705469845722181,2.622876040597566,-0.008756953241174203,0.006279909105696808
JPM,2024-03-08,180.53,182.46,180.03,180.32,180.32,6172200,Financials,180.26799999999997,178.515,174.8875,168.5148,177.83642893949798,173.99781863652106,3.8386103029769174,3.6191655346081024,179.98,7618300.0,177.51,6311800.0,176.26,7105800.0,80.02726653033399,1.583009407920688,2.30341540905481,0.0018890987887543176,0.006224328065659692
JPM,2024-03-11,179.42,180.53,178.4,180.38,180.38,5762600,Financials,180.576,178.987,175.52349999999998,168.8966,178.2277475641906,174.4705728115936,3.7571747525969954,3.6467673782058814,180.32,6172200.0,178.84,7063600.0,175.66,7145400.0,79.16073968705543,0.861104898233056,2.687008994648754,0.0003327417923690845,0.005950143694662448
JPM,2024-03-12,181.02,182.17,180.02,181.87,181.87,5708400,Financials,180.824,179.599,176.19650000000001,169.29100000000003,178.78809409277665,175.01867852925332,3.7694155635233244,3.6712970152693702,180.38,5762600.0,180.63,6617800.0,175.75,5717100.0,79.69507969507966,0.6864861872335704,3.482219061166436,0.008260339283734375,0.006139272010870014
JPM,2024-03-13,182.37,183.68,181.87,183.34,183.34,7795500,Financials,181.178,180.269,177.0165,169.7186,179.48838730927255,175.63507271227158,3.853314597000974,3.707700531615691,181.87,5708400.0,181.57,7572900.0,176.64,6131600.0,78.79884225759767,0.974830643828839,3.793025362318847,0.008082696431517045,0.006299797166768331
JPM,2024-03-14,183.01,183.58,179.24,180.08,180.08,10310900,Financials,181.198,180.452,177.58849999999998,170.0434,179.57940464630755,175.96432658543665,3.6150780608709,3.689176037466733,183.34,7795500.0,179.98,7618300.0,178.25,9643000.0,61.790123456790184,0.05556172908101065,1.0266479663394223,-0.017781171593760137,0.008941384128877992
JPM,2024-03-15,178.65,182.92,178.65,182.31,182.31,17214200,Financials,181.596,180.932,178.08800000000002,170.42700000000002,179.99949623918332,176.43437646799688,3.5651197711864313,3.664364784210673,180.08,10310900.0,180.32,6172200.0,177.51,6311800.0,68.64834548513741,1.1035936113575895,2.704073009971286,0.012383385162150207,0.009388634968148069
JPM,2024-03-18,182.62,184.61,181.92,184.57,184.57,9013800,Financials,182.43400000000003,181.50500000000002,178.74099999999999,170.83419999999998,180.70265066392435,177.03701524814525,3.665635415779093,3.664618910524357,182.31,17214200.0,180.38,5762600.0,178.84,7063600.0,72.04999999999998,2.3228739328085224,3.203981212256757,0.012396467555263024,0.00978577779877327
JPM,2024-03-19,184.62,185.79,184.3,185.65,185.65,8478700,Financials,183.19,182.007,179.4145,171.2464,181.4637813310129,177.67501411865302,3.788767212359886,3.6894485708914635,184.57,9013800.0,181.87,5708400.0,180.63,6617800.0,72.31302625061915,2.078407653818659,2.779161822510101,0.005851438478626125,0.009549922472305024
JPM,2024-03-20,186.04,188.31,185.48,188.09,188.09,9367000,Financials,184.14000000000001,182.65900000000002,180.154,171.71219999999997,182.48319958778015,178.44649455430834,4.036705033471804,3.7588998634075317,185.65,8478700.0,183.34,7795500.0,181.57,7572900.0,73.40627973358706,2.590814879458936,3.5909015806576017,0.01314301104228388,0.010088079071544543
JPM,2024-03-21,188.27,191.06,188.09,190.7,190.7,11203800,Financials,186.264,183.731,180.92000000000002,172.25639999999999,183.74732272812165,179.35416162435956,4.393161103762083,3.885752111478442,188.09,9367000.0,180.08,10310900.0,179.98,7618300.0,78.81170816950635,5.897378942692133,5.956217357484173,0.013876335796692896,0.009536519413645457
JPM,2024-03-22,190.65,192.06,188.29,188.36,188.36,8108800,Financials,187.474,184.53500000000003,181.525,172.7468,184.45696538533372,180.02126076329588,4.435704622037832,3.9957426135903202,190.7,11203800.0,182.31,17214200.0,180.32,6172200.0,69.91631799163187,3.318523394218653,4.458740017746243,-0.012270582066072233,0.011110245448745332
JPM,2024-03-25,188.34,188.67,186.2,186.64,186.64,8620000,Financials,187.88799999999998,185.161,182.074,173.2166,184.79281686451316,180.51153774379247,4.281279120720683,4.0528499150163935,188.36,8108800.0,184.57,9013800.0,180.38,5762600.0,62.61015526647082,1.1215257084033148,3.470451269542063,-0.009131450414100795,0.011874615051173725
JPM,2024-03-26,186.42,188.4,185.91,187.51,187.51,5961500,Financials,188.26,185.725,182.662,173.7278,185.21084503920343,181.0299423553634,4.180902683840031,4.078460468781121,186.64,8620000.0,185.65,8478700.0,181.87,5708400.0,62.5,1.001885267977376,3.1011161818881527,0.0046613801971711055,0.01176772726268939
JPM,2024-03-27,188.25,191.22,188.13,191.14,191.14,8725800,Financials,188.87,186.505,183.387,174.33180000000002,186.1230227254798,181.77883551422536,4.34418721125445,4.131605817275787,187.51,5961500.0,188.09,9367000.0,183.34,7795500.0,71.6279069767442,1.6215641448242835,4.254390749427284,0.01935896752173205,0.012791702894132105
JPM,2024-03-28,191.11,192.29,190.2,191.89,191.89,8628300,Financials,189.108,187.68599999999998,184.069,174.9682,187.01024999848292,182.52781066131976,4.482439337163157,4.201772521253261,191.14,8725800.0,190.7,11203800.0,180.08,10310900.0,72.0717283479588,0.6240167802831653,6.558196357174584,0.003923825468243214,0.01022157404920829
JPM,2024-04-01,191.59,192.5,190.23,190.59,190.59,7309000,Financials,189.554,188.514,184.723,175.57219999999998,187.5609807679471,183.12500987159237,4.435970896354718,4.248612196273553,191.89,8628300.0,188.36,8108800.0,182.31,17214200.0,68.59744990892537,1.1839031641537323,4.541714661839724,-0.006774714680285454,0.010760693746839098
JPM,2024-04-02,190.06,191.39,189.76,190.51,190.51,7014700,Financials,190.328,189.108,185.30649999999997,176.11919999999998,188.01467603441677,183.67204617740032,4.342629857016448,4.267415728422132,190.59,7309000.0,186.64,8620000.0,184.57,9013800.0,66.58986175115207,2.0735105015002198,3.2182911632443023,-0.00041974919985310333,0.01047561109766014
JPM,2024-04-03,190.68,191.18,189.4,189.97,189.97,9353400,Financials,190.82,189.54000000000002,185.7735,176.65920000000003,188.31549510604498,184.13856127537065,4.176933830674329,4.249319348872572,190.51,7014700.0,187.51,5961500.0,185.65,8478700.0,63.201911589008375,1.3119300303983783,2.3269593320764947,-0.002834496876804371,0.01059279545355643
JPM,2024-04-04,191.9,192.41,188.43,188.53,188.53,9243800,Financials,190.298,189.584,186.1215,177.192,188.34849585896114,184.46385303275062,3.8846428262105235,4.176384044340162,189.97,9353400.0,191.14,8725800.0,188.09,9367000.0,68.14083297552598,-1.365491262948615,0.23393056515497168,-0.007580144233300001,0.010269558098820774
JPM,2024-04-05,189.02,190.91,188.01,190.26,190.26,6532300,Financials,189.972,189.54000000000002,186.6355,177.7304,188.642573419121,184.89319725254688,3.749376166574109,4.090982468786952,188.53,9243800.0,191.89,8628300.0,190.7,11203800.0,67.44186046511628,-0.8494449945281146,-0.23072889355008064,0.009176258420410477,0.009668144802650323
JPM,2024-04-08,190.43,191.74,190.43,191.25,191.25,8001000,Financials,190.10399999999998,189.829,187.182,178.2418,189.04371597002546,185.364071530136,3.679644439889472,4.008714863007456,190.26,6532300.0,190.59,7309000.0,188.36,8108800.0,65.5204460966543,0.3462930898787908,1.534296028880866,0.0052034058656575954,0.008780275068773076
JPM,2024-04-09,190.86,191.64,187.81,189.97,189.97,7351500,Financials,189.996,190.16199999999998,187.6615,178.74019999999996,189.18622120540618,185.70525141679258,3.4809697886136064,3.9031658481286864,191.25,8001000.0,190.51,7014700.0,186.64,8620000.0,59.94475138121547,-0.2834496876804371,1.7841834547792645,-0.006692810457516352,0.008479087335318068
JPM,2024-04-10,188.43,189.9,187.11,188.35,188.35,7681400,Financials,189.67199999999997,190.246,187.98549999999997,179.1976,189.05757178918984,185.90115871925238,3.1564130699374573,3.753815292490441,189.97,7351500.0,189.97,9353400.0,187.51,5961500.0,50.62200956937797,-0.8527662262462488,0.44797610794091725,-0.008527662262462488,0.008994999546284927
JPM,2024-04-11,188.86,189.41,186.21,188.32,188.32,10137700,Financials,189.63,189.964,188.2345,179.5866,188.94409920623758,186.08033214745592,2.8637670587816615,3.575805645748685,188.35,7681400.0,188.53,9243800.0,191.14,8725800.0,43.50436681222708,-0.11138810799342647,-1.4753583760594324,-0.00015927794000536455,0.006093854580493104
JPM,2024-04-12,181.46,182.05,175.89,176.14,176.14,31532300,Financials,186.80599999999998,188.389,188.03749999999997,179.7686,186.97423778989335,185.34401124764437,1.6302265422489768,3.1866898250487434,188.32,10137700.0,190.26,6532300.0,191.89,8628300.0,28.3025568181818,-7.421423315463049,-8.20782740111522,-0.06467714528462198,0.020628612541831095
JPM,2024-04-15,177.78,180.64,175.57,176.23,176.23,14766600,Financials,183.802,186.95299999999997,187.7335,179.9646,185.32127812990976,184.66889930337442,0.6523788265353403,2.679827625346063,176.14,31532300.0,191.25,8001000.0,190.59,7309000.0,30.38070109310216,-7.853594771241834,-7.534498137362933,0.0005109571931418699,0.020817387229244234
JPM,2024-04-16,176.24,176.49,173.11,174.22,174.22,16451800,Financials,180.652,185.32399999999998,187.216,180.10119999999998,183.61338918684672,183.89490676238373,-0.2815175755370092,2.0875585851694485,176.23,14766600.0,189.97,7351500.0,190.51,7014700.0,25.98482110589086,-8.290782755171866,-8.550732245026504,-0.011405549565908113,0.020685820328132817
JPM,2024-04-17,174.77,175.78,172.68,173.52,173.52,9017100,Financials,177.686,183.679,186.6095,180.2282,182.060560081178,183.1263951503553,-1.0658350691772966,1.4568798543000996,174.22,16451800.0,188.35,7681400.0,189.97,9353400.0,14.389652384801963,-7.873639500929109,-8.659261988735057,-0.004017908391688585,0.02065190191927633
JPM,2024-04-18,174.51,176.68,173.42,174.65,174.65,9557700,Financials,174.952,182.291,185.9375,180.3662,180.92047391484292,182.49851402810677,-1.578040113263853,0.849895860787309,173.52,9017100.0,188.32,10137700.0,188.53,9243800.0,15.684713375796179,-7.258920985556494,-7.3622235188033684,0.006512217611802651,0.021218714911540038
JPM,2024-04-19,175.76,179.11,174.81,179.04,179.04,13402300,Financials,175.53199999999998,181.16899999999998,185.3545,180.5858,180.63117023563632,182.24232780380257,-1.6111575681662487,0.3576851749965976,174.65,9557700.0,176.14,31532300.0,190.26,6532300.0,29.528535980148845,1.6464176223458749,-5.897193314411853,0.02513598625823077,0.02311973412198795
JPM,2024-04-22,179.22,183.21,179.21,182.51,182.51,11529700,Financials,176.788,180.295,185.06199999999998,180.8868,180.92022096861535,182.26215537389126,-1.3419344052759072,0.017761258942096625,179.04,13402300.0,176.23,14766600.0,191.25,8001000.0,37.34177215189872,3.563524939000162,-4.569934640522877,0.019381143878463014,0.024276067740060765
JPM,2024-04-23,184.17,185.23,183.58,185.15,185.15,9144400,Financials,178.974,179.81300000000002,184.9875,181.2366,181.570956204213,182.47606979064005,-0.9051135864270634,-0.1668137101317354,182.51,11529700.0,174.22,16451800.0,189.97,7351500.0,42.84866468842731,6.27367696016532,-2.537242722535138,0.014464960824064566,0.024965661165206505
JPM,2024-04-24,183.59,186.2,183.25,186.05,186.05,6964900,Financials,181.48,179.583,184.9145,181.58939999999998,182.2600398651033,182.74080536170376,-0.4807654966004691,-0.22960406742548217,185.15,9144400.0,173.52,9017100.0,188.35,7681400.0,46.26055488540411,7.221069617335174,-1.2211308733740323,0.004860923575479292,0.024952276146611715
JPM,2024-04-25,185.25,186.88,184.22,186.33,186.33,9802300,Financials,183.81599999999997,179.38400000000001,184.674,181.97719999999998,182.88618757816434,183.00667163120718,-0.12048405304284415,-0.2077800645489546,186.05,6964900.0,174.65,9557700.0,188.32,10137700.0,43.803216650898804,6.687661036358428,-1.0567119796091706,0.0015049717817789965,0.024963604733837887
JPM,2024-04-26,186.52,187.78,186.03,186.45,186.45,6413700,Financials,185.298,180.415,184.402,182.3334,183.43446641229292,183.2617329918585,0.17273342043441176,-0.13167736755228132,186.33,9802300.0,179.04,13402300.0,176.14,31532300.0,42.217898832684796,4.138739946380698,5.853298512546834,0.0006440186765415135,0.0110564685678627
JPM,2024-04-29,186.44,187.19,185.42,186.24,186.24,5387800,Financials,186.044,181.416,184.1845,182.61180000000002,183.86608696424784,183.48234536283195,0.38374160141589186,-0.028593573758646684,186.45,6413700.0,182.51,11529700.0,176.23,14766600.0,43.73530399731274,2.0437236315818508,5.680077171877662,-0.0011263073209974994,0.011154508199948144
JPM,2024-04-30,185.79,187.89,184.66,184.76,184.76,8153700,Financials,185.966,182.47,183.897,182.8768,184.00361204667124,183.57698644706662,0.42662559960461977,0.0624502609140066,186.24,5387800.0,185.15,9144400.0,174.22,16451800.0,43.941950725615925,-0.21064002160411377,6.049822064056931,-0.007946735395189086,0.01060905256872831
JPM,2024-05-01,185.27,187.38,183.84,184.88,184.88,7445300,Financials,185.732,183.606,183.64249999999998,183.1308,184.13844096256796,183.67350596950612,0.4649349930618314,0.14294720734357158,184.76,8153700.0,186.05,6964900.0,173.52,9017100.0,44.212651413189775,-0.6288632088148449,6.546795758414015,0.0006494912318684154,0.010217668034345522
JPM,2024-05-02,186.04,186.46,182.62,184.68,184.68,6501700,Financials,185.402,184.609,183.45,183.3584,184.2217577375575,183.74806108287603,0.4736966546814756,0.2090970968111524,184.88,7445300.0,186.33,9802300.0,174.65,9557700.0,74.06989853438569,-0.8855256802447253,5.742914400229027,-0.00108178277801807,0.01048770062925676
JPM,2024-05-03,185.01,185.52,181.6,183.57,183.57,8922800,Financials,184.826,185.062,183.1155,183.52219999999997,184.12148731639482,183.73487137303334,0.38661594336147687,0.24460086612121731,184.68,6501700.0,186.45,6413700.0,179.04,13402300.0,69.56289978678043,-1.5446500402252594,2.5301608579088475,-0.006010396361273651,0.008492449041637925
JPM,2024-05-06,184.75,185.2,182.91,185.01,185.01,7911100,Financials,184.57999999999998,185.312,182.80349999999999,183.69719999999998,184.25818157541102,183.82932534540126,0.4288562300097567,0.2814519388989252,183.57,8922800.0,186.24,5387800.0,182.51,11529700.0,79.65915338097858,-0.6604381443299112,1.3697879568242755,0.007844419022716043,0.006499235618254159
JPM,2024-05-07,184.72,185.91,184.67,184.77,184.77,7688800,Financials,184.582,185.274,182.5435,183.87939999999998,184.33692287150163,183.8990049494456,0.4379179220560161,0.31274513553034344,185.01,7911100.0,184.76,8153700.0,185.15,9144400.0,81.72588832487317,0.005412426932238645,-0.20523899540912938,-0.001297227176909277,0.004610115617629197
JPM,2024-05-08,184.05,189.49,184.05,188.53,188.53,9227600,Financials,185.31199999999998,185.522,182.5525,184.135,184.98201166050137,184.24204161985705,0.739970040644323,0.3981901165531394,184.77,7688800.0,184.88,7445300.0,186.05,6964900.0,84.0864440078586,1.9742535698831665,1.3329750067186286,0.020349623856686705,0.00791506604069941
JPM,2024-05-09,188.06,190.4,188.0,190.31,190.31,7977300,Financials,186.438,185.92,182.652,184.4084,185.80170217427042,184.69152001838617,1.110182155884246,0.5405885244193608,188.53,9227600.0,184.68,6501700.0,186.33,9802300.0,81.74647887323951,3.04851635260992,2.1359952771963675,0.00944146820134728,0.008319560210315035
JPM,2024-05-10,191.31,192.08,191.05,191.53,191.53,7529800,Financials,188.03,186.428,183.4215,184.674,186.6829787628442,185.1980740910983,1.4849046717458805,0.7294517538846648,190.31,7977300.0,183.57,8922800.0,186.45,6413700.0,79.09677419354847,4.336220515334754,2.7245910431751286,0.006410593242604179,0.008403264105942608
JPM,2024-05-13,191.56,192.57,190.83,191.5,191.5,7049200,Financials,189.328,186.954,184.185,184.9538,187.42405895317583,185.66488341768363,1.7591755354922043,0.9353965102061728,191.53,7529800.0,185.01,7911100.0,186.24,5387800.0,74.63149728471689,3.507918490892381,2.8243127147766334,-0.0001566334255730384,0.008359386697038682
JPM,2024-05-14,191.76,194.24,190.95,194.17,194.17,8596200,Financials,191.208,187.895,185.18249999999998,185.2604,188.4618960373026,186.29489205341076,2.1670039838918456,1.1817180049433074,191.5,7049200.0,184.77,7688800.0,184.76,8153700.0,77.69440654843115,5.087405964171654,5.093093743234456,0.013942558746736333,0.008088238157033805
JPM,2024-05-15,194.66,195.31,192.5,194.75,194.75,8370000,Financials,192.452,188.882,186.244,185.5428,189.42929664694836,186.9211963457507,2.5081003011976577,1.4469944641941774,194.17,8596200.0,188.53,9227600.0,184.88,7445300.0,78.14171122994658,3.299209674852799,5.338598009519702,0.002987073183293054,0.007981310266890002
JPM,2024-05-16,194.86,197.04,194.64,195.1,195.1,8497900,Financials,193.41,189.92399999999998,187.2665,185.8134,190.30171254741785,187.52703365347287,2.77467889394498,1.7125313501443382,194.75,8370000.0,190.31,7977300.0,184.68,6501700.0,78.47267939433846,2.5169460354159012,5.642191899501836,0.0017971758664954152,0.007777131600729764
JPM,2024-05-17,196.39,197.59,195.43,197.33,197.33,9260500,Financials,194.57,191.3,188.18099999999998,186.16039999999998,191.3829875401228,188.25317930877117,3.1298082313516318,1.995986726385797,195.1,8497900.0,191.53,7529800.0,183.57,8922800.0,82.21963974433469,3.0282462277450017,7.49577817726208,0.01143003587903646,0.006794904962204984
JPM,2024-05-20,196.95,198.39,188.29,188.46,188.46,17373300,Financials,193.96200000000002,191.645,188.4785,186.32319999999999,190.9332971493347,188.2684993599733,2.664797789361387,2.1297489389809154,197.33,9260500.0,191.5,7049200.0,185.01,7911100.0,57.52032520325207,-1.5874673629242775,1.8647640668072007,-0.04495008361627728,0.01783858531614406
JPM,2024-05-21,189.83,192.62,189.44,192.26,192.26,14420800,Financials,193.58,192.394,188.834,186.56080000000003,191.13740528020628,188.56416607404935,2.573239206156927,2.218446992416118,188.46,17373300.0,194.17,8596200.0,184.77,7688800.0,63.048090523338054,-0.9836741000154525,4.0536883693240044,0.0201634299055502,0.01866998054381575
JPM,2024-05-22,191.76,193.62,190.49,191.09,191.09,9425300,Financials,192.848,192.65,189.08599999999998,186.7452,191.13011216017455,188.75126488337904,2.3788472767955113,2.2505270492919967,192.26,14420800.0,194.75,8370000.0,188.53,9227600.0,60.95726495726497,-1.8793324775353004,1.3578740783960042,-0.006085509206283146,0.017978757998501464
JPM,2024-05-23,190.61,191.08,188.93,189.75,189.75,8069400,Financials,191.77800000000002,192.594,189.257,186.8734,190.91778721245538,188.825245262388,2.0925419500673854,2.2189300294470744,191.09,9425300.0,195.1,8497900.0,190.31,7977300.0,60.481682496607895,-2.742183495643258,-0.29425673900478344,-0.007012402532837969,0.017923842868182972
JPM,2024-05-24,190.55,193.45,190.37,193.4,193.4,7356200,Financials,190.99200000000002,192.781,189.6045,187.1398,191.29966610284686,189.1641159836926,2.13555011915426,2.2022540473885117,189.75,8069400.0,197.33,9260500.0,191.53,7529800.0,63.23761438939733,-1.9915876957381062,0.9763483527384764,0.019235836627141012,0.018878649250954352
JPM,2024-05-28,192.58,193.11,191.43,192.24,192.24,6910200,Financials,191.748,192.85500000000002,189.90449999999998,187.3384,191.44433285625504,189.39195924415984,2.0523736120952094,2.1722779603298514,193.4,7356200.0,188.46,17373300.0,191.5,7049200.0,61.45354185832567,2.005730659025784,0.3864229765013105,-0.0059979317476731575,0.01901295064586505
JPM,2024-05-29,190.79,191.75,189.72,190.9,190.9,6120000,Financials,191.476,192.528,190.2115,187.465,191.3605893399081,189.50366596681465,1.8569233730934513,2.1092070428825713,192.24,6910200.0,192.26,14420800.0,194.17,8596200.0,53.9251407750911,-0.707375429106416,-1.6840912602358649,-0.006970453599667081,0.018520062413680698
JPM,2024-05-30,191.33,192.57,191.18,192.07,192.07,6829100,Financials,191.67199999999997,192.26,190.571,187.5934,191.46972944146071,189.69376478408765,1.7759646573730663,2.0425585657806704,190.9,6120000.0,191.09,9425300.0,194.75,8370000.0,52.97498309668694,0.5128473494165009,-1.3761232349165597,0.006128863279203811,0.018631711831425774
JPM,2024-05-31,192.04,195.9,191.13,195.25,195.25,14417900,Financials,192.772,192.275,191.0995,187.7366,192.05130952738983,190.1053377630441,1.9459717643457282,2.023241205493682,192.07,6829100.0,189.75,8069400.0,195.1,8497900.0,55.89727330374127,2.898550724637672,0.07688364941056403,0.01655646378924347,0.01946381830596889
JPM,2024-06-03,194.94,195.05,191.94,194.47,194.47,6444300,Financials,192.986,191.98899999999998,191.6445,187.812,192.42341575394525,190.4286460768927,1.9947696770525454,2.017546899805455,195.25,14417900.0,193.4,7356200.0,197.33,9260500.0,54.59894704242799,0.5532574974146831,-1.4493488065676852,-0.003994878361075593,0.01908690533396787
JPM,2024-06-04,192.87,194.63,191.06,191.91,191.91,6848300,Financials,192.92,192.334,191.9895,187.88299999999998,192.34442871487676,190.5383759971229,1.8060527177538575,1.9752480633951355,194.47,6444300.0,192.24,6910200.0,188.46,17373300.0,46.48850217526415,-0.17166042446942198,1.8306271887933656,-0.013163984162081532,0.012528687533950133
JPM,2024-06-05,192.49,192.55,189.75,190.08,190.08,8351600,Financials,192.756,192.11599999999999,192.25500000000002,187.9518,191.99605506643417,190.50442221955825,1.4916328468759161,1.8785250200912917,191.91,6848300.0,190.9,6120000.0,192.26,14420800.0,43.01525575830094,-0.4295442640125713,-1.1338812025382228,-0.009535719868688397,0.011159928469460715
JPM,2024-06-06,190.08,190.81,188.22,189.74,189.74,7640300,Financials,192.29000000000002,191.981,192.3155,187.9964,191.64896967159814,190.44779835144283,1.2011713201553107,1.7430542801040956,190.08,8351600.0,192.07,6829100.0,191.09,9425300.0,41.980849790544596,-1.2130993908470833,-0.7064733895023267,-0.0017887205387205896,0.011027899387758855
JPM,2024-06-07,190.24,193.61,189.84,192.67,192.67,6964500,Financials,191.77400000000003,192.273,192.4335,188.02700000000002,191.80605126058305,190.61240588096558,1.1936453796174646,1.6331725000067696,189.74,7640300.0,195.25,14417900.0,189.75,8069400.0,43.17116060961308,-1.3213828425096108,1.5388669301712676,0.015442184041319695,0.011845211135924771
JPM,2024-06-10,191.99,193.53,191.22,192.34,192.34,6070800,Financials,191.348,192.16699999999997,192.474,188.03600000000003,191.88819722049337,190.74037581570886,1.1478214047845086,1.5361022809623175,192.67,6964500.0,194.47,6444300.0,193.4,7356200.0,57.58405003909306,-1.0952846197356925,-0.5480868665977301,-0.0017127731354128484,0.010102136334002365
JPM,2024-06-11,190.71,190.73,186.55,187.28,187.28,9235300,Financials,190.42199999999997,191.671,192.26299999999998,187.9698,191.17924380195592,190.4840516812119,0.695192120744025,1.367920248918659,192.34,6070800.0,191.91,6848300.0,192.24,6910200.0,40.72280178837556,-2.4125892345370215,-2.5801081980857288,-0.026307580326505153,0.012965270290400642
JPM,2024-06-12,188.86,189.56,184.35,184.56,184.56,12751300,Financials,189.318,191.037,191.7825,187.85080000000002,190.160898601655,190.04523303815918,0.11566556349580992,1.1174693118340893,187.28,9235300.0,190.08,8351600.0,190.9,6120000.0,38.49947164494539,-2.904040404040409,-3.3211105290728127,-0.01452370781717216,0.013462870516072485
JPM,2024-06-13,185.32,187.5,183.93,186.61,186.61,8587800,Financials,188.692,190.491,191.3755,187.78359999999998,189.61460650909268,189.7907713316289,-0.17616482253620802,0.8587424849600299,184.56,12751300.0,189.74,7640300.0,192.07,6829100.0,44.60481099656359,-1.6496258037314249,-2.8427135940021775,0.011107498916341552,0.013933708546835314
JPM,2024-06-14,184.48,187.77,184.45,186.73,186.73,6874000,Financials,187.504,189.63899999999998,190.957,187.74760000000003,189.1708208923092,189.564047529286,-0.3932266369768058,0.6083486605726629,186.61,8587800.0,192.67,6964500.0,195.25,14417900.0,36.95737192021895,-3.0829916437431826,-4.3636363636363695,0.0006430523551790301,0.012290208828116449
JPM,2024-06-17,186.44,188.46,185.63,187.88,187.88,8725400,Financials,186.61200000000002,188.98000000000002,190.4845,187.7,188.97223306272318,189.4393032678574,-0.4670702051342346,0.3932648874312834,186.73,6874000.0,192.34,6070800.0,194.47,6444300.0,41.47104851330199,-2.3188104398461085,-3.3886974854733354,0.006158624752316211,0.01273716499381383
JPM,2024-06-18,187.52,190.75,187.06,189.83,189.83,9023000,Financials,187.12199999999999,188.772,190.553,187.6716,189.1041972069196,189.46824376653464,-0.3640465596150477,0.2418025980220172,187.88,8725400.0,187.28,9235300.0,191.91,6848300.0,47.95567443637754,1.361597607859899,-1.0838413839820649,0.01037896529699811,0.012900104873901952
JPM,2024-06-20,189.24,192.19,188.97,191.44,191.44,8731100,Financials,188.498,188.90800000000002,190.512,187.70100000000002,189.46355148277812,189.61429978382836,-0.15074830105024262,0.16329241820756524,189.83,9023000.0,184.56,12751300.0,190.08,8351600.0,48.81623449830891,3.7277850021673054,0.7154882154882136,0.00848127271769461,0.01283565811266102
JPM,2024-06-21,189.55,189.99,187.15,189.15,189.15,20972100,Financials,189.006,188.849,190.41500000000002,187.717,189.41531279311994,189.57990720724848,-0.16459441412854403,0.09771505174034337,191.44,8731100.0,186.61,8587800.0,189.74,7640300.0,38.141524105754264,1.3611274851294208,-0.31095182881838435,-0.011961972419556988,0.013450970500941982
JPM,2024-06-24,190.61,191.98,189.92,191.64,191.64,9785900,Financials,189.988,188.746,190.5095,187.7834,189.75757236340917,189.73250667337823,0.025065690030942278,0.08318517939846315,189.15,20972100.0,186.73,6874000.0,192.67,6964500.0,44.84141450966092,2.6294650029454303,-0.5345928271137224,0.013164155432196623,0.013172475965694801
JPM,2024-06-25,190.88,192.79,190.54,190.86,190.86,6862500,Financials,190.584,188.598,190.3825,188.0778,189.92717661519237,189.81602469757243,0.11115191761993515,0.08877852704275754,191.64,9785900.0,187.88,8725400.0,192.34,6070800.0,47.95321637426903,1.5861187992335601,-0.7694707289175318,-0.004070131496555884,0.013218455049189963
JPM,2024-06-26,190.26,190.73,189.13,190.24,190.24,7758600,Financials,190.666,188.89399999999998,190.2825,188.358,189.97530328977814,189.84743027553003,0.12787301424810948,0.09659742448382794,190.86,6862500.0,189.83,9023000.0,187.28,9235300.0,50.32733224222585,0.21598272138227959,1.58052114480991,-0.003248454364455644,0.00983078192601258
JPM,2024-06-27,190.25,192.58,189.73,191.92,191.92,7913500,Financials,190.762,189.63,190.33350000000002,188.71200000000002,190.27448739904304,190.0009539588241,0.27353344021892667,0.1319846276308477,190.24,7758600.0,191.44,8731100.0,184.56,12751300.0,54.2280837858805,0.2507312996238964,3.987863025574323,0.008830950378469149,0.00821220755227131
JPM,2024-06-28,192.73,195.22,192.04,194.9,194.9,15307600,Financials,191.912,190.459,190.475,189.1396,190.98610472226719,190.36384625817047,0.622258464096717,0.2300393949240216,191.92,7913500.0,189.15,20972100.0,186.61,8587800.0,54.31668602400315,3.039915411049421,4.442420020363325,0.015527303042934593,0.008742158654334739
JPM,2024-07-01,195.46,199.55,195.28,197.97,197.97,10205800,Financials,193.17800000000003,191.583,190.611,189.60600000000002,192.06055014961072,190.92726505386156,1.1332850957491587,0.410688535089049,194.9,15307600.0,191.64,9785900.0,186.73,6874000.0,59.8529926496325,3.3030682529743283,6.019386279655126,0.015751667521806123,0.009309717202697208
JPM,2024-07-02,197.82,201.26,197.32,201.23,201.23,7802900,Financials,195.252,192.91799999999998,190.949,190.0498,193.4712347419783,191.69043060542737,1.7808041365509268,0.6847116553814246,197.97,10205800.0,190.86,6862500.0,187.88,8725400.0,76.05528576765042,5.433301896678189,7.105599318714062,0.016467141486083747,0.009893786066588724
JPM,2024-07-03,201.92,202.72,200.09,201.09,201.09,5560900,Financials,197.422,194.044,191.408,190.4214,194.64335247398162,192.38669500502533,2.2566574689562913,0.999100818096398,201.23,7802900.0,190.24,7758600.0,189.83,9023000.0,84.16701116163716,5.703322119428078,5.931623031133104,-0.000695721313919373,0.010083103066417382
JPM,2024-07-05,200.56,200.93,198.17,198.43,198.43,8093100,Financials,198.72400000000002,194.743,191.82549999999998,190.687,195.22591363183062,192.8343472268753,2.391566404955313,1.2775939354681811,201.09,5560900.0,191.92,7913500.0,191.44,8731100.0,73.8306451612904,3.392038349312232,3.651274550773098,-0.0132279079019344,0.011661107809960528
JPM,2024-07-08,198.67,200.47,197.63,198.8,198.8,8707000,Financials,199.504,195.70800000000003,192.2785,190.942,195.77577307308746,193.27624743229197,2.499525640795497,1.5219802765336443,198.43,8093100.0,194.9,15307600.0,189.15,20972100.0,74.09181636726558,2.001026167265274,5.1017710811525285,0.0018646374036184188,0.010349808587436332
JPM,2024-07-09,199.24,203.24,199.07,201.18,201.18,9058900,Financials,200.14600000000002,196.66199999999998,192.704,191.239,196.60719260030476,193.8617105854555,2.7454820148492445,1.7666806241967645,198.8,8707000.0,197.97,10205800.0,191.64,9785900.0,75.30441400304424,1.62145779663585,4.978083907326258,0.011971830985915366,0.010252178008181375
JPM,2024-07-10,199.74,201.51,199.19,201.34,201.34,8328500,Financials,200.168,197.71,193.154,191.5368,197.3353168156425,194.41565794949585,2.919658866146648,1.9972762725867415,201.18,9058900.0,201.23,7802900.0,190.86,6862500.0,73.49938750510421,0.054663817522238034,5.490935764434668,0.0007953076846605178,0.009887228968240751
JPM,2024-07-11,199.8,201.64,199.0,201.01,201.01,10658100,Financials,200.152,198.787,193.8405,191.8322,197.90065269015903,194.90412773101468,2.9965249591443524,2.197126009898264,201.34,8328500.0,201.09,5560900.0,190.24,7758600.0,70.61611374407588,-0.03978318165995809,5.661269974768701,-0.001639018575543938,0.009742785537987315
JPM,2024-07-12,197.66,201.01,195.82,198.57,198.57,15443400,Financials,200.18,199.452,194.541,192.1084,198.00362919936535,195.17567382501358,2.827955374351774,2.3232918827889657,201.01,10658100.0,198.43,8093100.0,191.92,7913500.0,70.16267123287675,0.07055384770446871,3.464985410587751,-0.012138699567185718,0.011120865169542788
JPM,2024-07-15,200.75,205.04,200.3,203.52,203.52,10719700,Financials,201.124,200.314,195.3865,192.48120000000003,198.85230163023223,195.79377206019777,3.058529570034466,2.4703394202380657,198.57,15443400.0,198.8,8707000.0,194.9,15307600.0,73.00542215336955,2.374245472837022,4.422780913288871,0.024928236893790645,0.0125580717955823
JPM,2024-07-16,203.48,207.1,201.62,206.98,206.98,11557000,Financials,202.28400000000002,201.215,196.399,192.9272,200.10271676404267,196.62238153722015,3.4803352268225183,2.672338581554956,203.52,10719700.0,201.18,9058900.0,197.97,10205800.0,78.28070175438594,2.8829903568943216,4.551194625448285,0.017000786163521964,0.012688974114404835
JPM,2024-07-17,207.16,210.8,206.64,210.13,210.13,11572500,Financials,204.042,202.10500000000002,197.5115,193.4584,201.6453757234207,197.62294586779643,4.022429855624267,2.9423568363688184,206.98,11557000.0,201.34,8328500.0,201.23,7802900.0,82.04962939091203,4.365749478494085,4.422799781344744,0.015218861725770694,0.01256404841755317
JPM,2024-07-18,208.93,209.91,202.74,203.46,203.46,12415100,Financials,204.532,202.342,198.193,193.8274,201.92454868904827,198.05532024795968,3.8692284410885804,3.127731157312771,210.13,11572500.0,201.01,10658100.0,201.09,5560900.0,66.01887840088843,1.2188448335903823,1.1785767566761196,-0.03174225479465087,0.017013365883245826
JPM,2024-07-19,204.64,205.75,202.43,203.26,203.26,8095900,Financials,205.46999999999997,202.825,198.784,194.1972,202.13000273688698,198.44085208144415,3.6891506554428304,3.240015056938783,203.46,12415100.0,198.57,15443400.0,198.43,8093100.0,62.57521058965101,2.3618874955934954,2.434107745804548,-0.0009829942003343195,0.016275994261266323
JPM,2024-07-22,203.92,205.58,203.2,203.75,203.75,7663200,Financials,205.516,203.32,199.51399999999998,194.5016,202.37923308505822,198.83412229763346,3.545110787424761,3.3010342030359787,203.26,8095900.0,203.52,10719700.0,198.8,8707000.0,59.4259621656882,0.11301100628930971,2.4899396378269545,0.00241070550034439,0.016274438556127646
JPM,2024-07-23,204.46,204.91,202.85,203.8,203.8,5557300,Financials,204.88000000000002,203.58200000000002,200.122,194.7714,202.59781261043386,199.20196509040133,3.3958475200325324,3.31999686643529,203.75,7663200.0,206.98,11557000.0,201.18,9058900.0,54.68123861566489,-1.536380326601594,1.3023163336315813,0.00024539877300622237,0.0159417777072641
JPM,2024-07-24,203.04,205.44,201.61,202.11,202.11,7119000,Financials,203.276,203.659,200.6845,194.983,202.52276451652097,199.4173750837049,3.105389432816054,3.277075379711443,203.8,5557300.0,210.13,11572500.0,201.34,8328500.0,51.758620689655196,-3.8166849093418276,0.38243766762691145,-0.008292443572129549,0.016236983365888965
JPM,2024-07-25,202.17,203.66,201.59,202.19,202.19,6403800,Financials,203.02200000000002,203.777,201.282,195.1968,202.47156997551775,199.62275470713416,2.8488152683835892,3.1914233574458724,202.11,7119000.0,203.46,12415100.0,201.01,10658100.0,57.11582134746402,-0.6242013172122363,0.5870354708721104,0.0003958240562069726,0.01621992794204938
JPM,2024-07-26,202.74,206.54,202.14,205.65,205.65,8027800,Financials,203.50000000000003,204.485,201.9685,195.42640000000003,202.96055921005347,200.0692173214205,2.8913418886329794,3.131407063683294,202.19,6403800.0,203.26,8095900.0,198.57,15443400.0,61.606235174517096,1.1758339073108415,3.565493276930054,0.01711261684554133,0.016283933362559604
JPM,2024-07-29,206.04,206.97,204.01,204.3,204.3,6533600,Financials,203.60999999999999,204.56300000000002,202.4385,195.61739999999998,203.1666270238914,200.3826086309449,2.784018392946507,3.061929329535937,205.65,8027800.0,203.75,7663200.0,203.52,10719700.0,55.47752808988765,0.2699386503067558,0.38325471698112956,-0.006564551422319487,0.014672724647706312
JPM,2024-07-30,206.61,209.09,206.34,208.51,208.51,8850700,Financials,204.552,204.716,202.9655,195.8856,203.9886844048312,200.98463762124527,3.0040467835859204,3.050352820345934,204.3,6533600.0,203.8,5557300.0,206.98,11557000.0,61.02059637257914,2.311089303238467,0.7392018552517143,0.02060695056289763,0.015160092175338017
JPM,2024-07-31,208.11,209.67,206.06,206.19,206.19,9071600,Financials,205.368,204.322,203.2135,196.06280000000004,204.32734834254947,201.37022001967156,2.9571283228779066,3.0317079208523285,208.51,8850700.0,202.11,7119000.0,210.13,11572500.0,57.50289687137892,2.0187026866557822,-1.8750297434921182,-0.011126564673157091,0.014664913379312946
JPM,2024-08-01,206.58,207.19,199.97,201.5,201.5,10918600,Financials,205.22999999999996,204.12600000000003,203.23399999999998,196.3236,203.89237167446493,201.37983335154775,2.5125383229171803,2.927874001265299,206.19,9071600.0,202.19,6403800.0,203.46,12415100.0,53.98422627141693,-0.34126316830703773,-0.9633343163275354,-0.02274601096076434,0.012778140548219418
JPM,2024-08-02,197.55,198.31,190.77,192.95,192.95,18041700,Financials,202.69,203.09499999999997,202.96,196.33739999999997,202.2089298783934,200.7554012514331,1.453528626960292,2.633004926404298,201.5,10918600.0,205.65,8027800.0,203.26,8095900.0,36.908595491701725,-6.175540967663517,-5.0723211650103295,-0.042431761786600575,0.01832756491421425
JPM,2024-08-05,188.02,190.08,184.97,188.85,188.85,13927000,Financials,199.6,201.605,202.4625,196.2926,200.15370989710212,199.8735196772529,0.2801902198492314,2.162441985093285,192.95,18041700.0,204.3,6533600.0,203.75,7663200.0,27.89563521092417,-7.562408223201178,-7.312883435582829,-0.02124902824565944,0.018780563527187506
JPM,2024-08-06,189.33,196.31,187.97,194.12,194.12,10605800,Financials,196.722,200.637,202.1095,196.38,199.22544683600947,199.44733303449343,-0.22188619848395774,1.6855763483778365,188.85,13927000.0,208.51,8850700.0,203.8,5557300.0,31.439833062833316,-6.901347657186696,-4.749754661432782,0.02790574530050316,0.02182301124050163
JPM,2024-08-07,197.19,199.36,193.98,194.17,194.17,9204400,Financials,194.31799999999998,199.84300000000002,201.751,196.3954,198.4476857843157,199.05641947638279,-0.6087336920670907,1.2267143402888512,194.12,10605800.0,206.19,9071600.0,202.11,7119000.0,37.27745823062172,-5.829574664144721,-3.928553757854647,0.0002575726354832053,0.021831454232651173
JPM,2024-08-08,196.18,198.54,195.52,197.72,197.72,7761200,Financials,193.56199999999998,199.39600000000002,201.5865,196.505,198.3357341251902,198.95742544109518,-0.6216913159049682,0.8570332090500874,194.17,9204400.0,201.5,10918600.0,202.19,6403800.0,43.05067737079781,-1.8759305210918065,-2.210791829467329,0.018282947932224403,0.022917710406828006
JPM,2024-08-09,197.15,200.06,196.6,199.41,199.41,5540200,Financials,194.85399999999998,198.772,201.6285,196.67520000000002,198.50100579823786,198.99094948249555,-0.4899436842576961,0.5876378303885308,197.72,7761200.0,192.95,18041700.0,205.65,8027800.0,44.71505114466634,3.3480176211453827,-3.034281546316564,0.008547440825409591,0.022275285996402428
JPM,2024-08-12,200.0,200.71,197.33,199.78,199.78,6936000,Financials,197.04000000000002,198.32,201.4415,196.82940000000002,198.69777413697048,199.04939766897735,-0.3516235320068688,0.39978555790945086,199.41,5540200.0,188.85,13927000.0,204.3,6533600.0,45.14258095698404,5.787662165740004,-2.2124326970141994,0.0018554736472593536,0.022278485559431196
JPM,2024-08-13,201.28,201.63,199.02,201.48,201.48,6387800,Financials,198.512,197.617,201.16649999999998,196.954,199.12580888512886,199.22944228609015,-0.10363340096128582,0.29910176613530354,199.78,6936000.0,194.12,10605800.0,208.51,8850700.0,49.23894660546023,3.791469194312791,-3.371540933288575,0.008509360296325985,0.021217079805330642
JPM,2024-08-14,201.29,204.21,200.69,203.71,203.71,6999800,Financials,200.42000000000002,197.36899999999997,200.8455,197.13879999999997,199.8310690566475,199.56133545008348,0.26973360656401724,0.2932281342210463,201.48,6387800.0,194.17,9204400.0,206.19,9071600.0,51.745521359669276,4.913220373899163,-1.2027741403559777,0.011068096088941992,0.02145753671305315
JPM,2024-08-15,206.38,207.25,204.54,204.98,204.98,7001000,Financials,201.872,197.71699999999998,200.92149999999998,197.4002,200.62321227870171,199.96271800933656,0.6604942693651594,0.36668136124986894,203.71,6999800.0,197.72,7761200.0,201.5,10918600.0,49.18984280532042,3.671859194820959,1.727047146401972,0.006234352756369299,0.020108855448978336
JPM,2024-08-16,205.11,207.44,205.02,207.32,207.32,7931200,Financials,203.454,199.154,201.1245,197.745,201.65348731274761,200.5077018604968,1.1457854522508057,0.5225021794500563,204.98,7001000.0,199.41,5540200.0,192.95,18041700.0,53.5663675011809,3.9667017702221585,7.447525265612853,0.011415747877841831,0.01280102762426348
JPM,2024-08-19,207.35,208.83,207.18,208.76,208.76,6090800,Financials,205.25,201.14499999999998,201.375,198.1254,202.7467969569403,201.11898320416373,1.627813752776575,0.7435644941153601,207.32,7931200.0,199.78,6936000.0,188.85,13927000.0,50.31589588071771,4.494944438882764,10.542758803283036,0.006945784294809965,0.008037080907008663
JPM,2024-08-20,208.32,209.29,207.04,207.86,207.86,5640000,Financials,206.526,202.519,201.578,198.42919999999998,203.5334435789495,201.6183177816331,1.9151257973163922,0.9778767547555665,208.76,6090800.0,201.48,6387800.0,194.12,10605800.0,52.18872870249019,3.166567401230913,7.078096023078517,-0.0043111707223605356,0.006397407889025478
JPM,2024-08-21,207.77,208.32,206.23,207.93,207.93,5202300,Financials,207.36999999999998,203.895,201.86899999999997,198.74099999999999,204.20983687449572,202.0858497978084,2.123987076687314,1.207098819141916,207.86,5640000.0,203.71,6999800.0,194.17,9204400.0,59.58842827318821,2.0715723332187963,7.086573621053716,0.000336765130376282,0.0063883410445898445
JPM,2024-08-22,207.91,210.07,207.68,209.9,209.9,5247100,Financials,208.35399999999998,205.113,202.25449999999998,199.1934,205.08524658611177,202.6646757387115,2.4205708474002563,1.4497932247935843,207.93,5202300.0,204.98,7001000.0,197.72,7761200.0,81.44712430426725,2.400234169187243,6.160226583046735,0.00947434232674449,0.0051250120830390235
JPM,2024-08-23,210.84,212.38,209.77,211.53,211.53,7214000,Financials,209.196,206.325,202.54850000000002,199.7328,206.07674711132535,203.32136642473287,2.755380686592474,1.7109107171533622,209.9,5247100.0,207.32,7931200.0,199.41,5540200.0,96.3235294117648,2.0306772139687457,6.077929893184897,0.007765602667937133,0.005087789572839377
JPM,2024-08-26,212.21,212.86,211.28,212.36,212.36,5105200,Financials,209.91600000000003,207.583,202.95149999999998,200.2478,207.04340140189066,203.99089483771562,3.0525065641750473,1.9792298865576994,211.53,7214000.0,208.76,6090800.0,199.78,6936000.0,95.50898203592826,1.7244682889442586,6.296926619281207,0.003923793315369073,0.004943773476366931
JPM,2024-08-27,212.69,213.57,212.38,213.34,213.34,5185200,Financials,211.012,208.769,203.193,200.78,208.01210887852287,204.68342114603297,3.3286877324898967,2.249121455744139,212.36,5105200.0,207.86,5640000.0,201.48,6387800.0,95.70815450643786,2.6363898778023698,5.886440341473098,0.004614805048031689,0.004889155657978937
JPM,2024-08-28,212.44,215.31,212.38,214.42,214.42,6506400,Financials,212.31,209.84,203.6045,201.31080000000003,208.99793828182703,205.40464920928977,3.59328907253726,2.5179549791027633,213.34,5185200.0,207.93,5202300.0,203.71,6999800.0,95.13513513513524,3.1212427259173614,5.257473859898876,0.005062341801818526,0.004517621210477951
JPM,2024-08-29,215.25,216.05,212.14,215.31,215.31,6416100,Financials,213.392,210.873,204.29500000000002,201.8204,209.9690247000075,206.13837889749053,3.830645802516983,2.7804931437856073,214.42,6506400.0,209.9,5247100.0,204.98,7001000.0,94.91525423728825,2.577417818008576,5.039516050346382,0.0041507322078164766,0.004509902644329227
JPM,2024-08-30,215.59,218.48,215.04,217.82,217.82,8574100,Financials,214.65,211.923,205.53849999999997,202.34799999999998,211.1768670538525,207.00368416434307,4.173182889509434,3.059031092930373,215.31,6416100.0,211.53,7214000.0,207.32,7931200.0,95.46370967741946,2.973573488394088,5.064634381632249,0.011657609957735238,0.004548982159644093
JPM,2024-09-03,215.39,217.14,212.43,213.46,213.46,8956100,Financials,214.86999999999998,212.39300000000003,206.769,202.8342,211.52811827633673,207.48192978179915,4.046188494537574,3.2564625732518135,217.82,8574100.0,212.36,5105200.0,208.76,6090800.0,76.62222222222233,0.5179883217178327,2.2513891550105525,-0.020016527407951457,0.009027964101053962
JPM,2024-09-04,214.17,215.17,210.46,212.52,212.52,7389500,Financials,214.706,212.859,207.689,203.2518,211.68071546459262,207.85512016833255,3.825595296260076,3.370289117853466,213.46,8956100.0,213.34,5185200.0,207.86,5640000.0,70.76850542197084,-0.3843629886566058,2.2418935822188013,-0.004403635341515999,0.009035492956197835
JPM,2024-09-05,213.31,213.94,209.32,210.87,210.87,8067900,Financials,213.996,213.15299999999996,208.52399999999997,203.65200000000002,211.55599000850145,208.07844460030793,3.477545408193521,3.3917403759214775,212.52,7389500.0,214.42,6506400.0,207.93,5202300.0,63.64057433997228,-1.655629139072845,1.413937382773045,-0.00776397515527949,0.00957383518851142
JPM,2024-09-06,210.84,211.94,204.53,205.86,205.86,7777000,Financials,212.106,212.74900000000002,208.93099999999998,203.9644,210.67968385334737,207.9141153706555,2.7655684826918616,3.2665059972755546,210.87,8067900.0,215.31,6416100.0,209.9,5247100.0,46.99093157460844,-4.389020482095574,-1.924726060028581,-0.02375871389955897,0.011950538941733823
JPM,2024-09-09,208.51,211.37,207.53,210.07,210.07,8935100,Financials,210.55599999999998,212.603,209.464,204.3274,210.5858863374478,208.0738105283847,2.5120758090630773,3.1156199596330594,205.86,7777000.0,217.82,8574100.0,211.53,7214000.0,52.42323344432113,-3.5579836562299128,-0.6902094265588854,0.020450791800252555,0.013641409054058806
JPM,2024-09-10,211.81,211.85,194.38,199.17,199.17,28406900,Financials,207.698,211.28400000000002,209.4335,204.41280000000003,208.8295961316866,207.4142690077636,1.4153271239229923,2.775561392491046,210.07,8935100.0,213.46,8956100.0,212.36,5105200.0,38.26627059141231,-6.694462662793976,-6.211150875871175,-0.05188746608273431,0.02100877643919702
JPM,2024-09-11,198.87,201.25,195.56,200.79,200.79,13658700,Financials,205.352,210.029,209.39900000000003,204.46919999999997,207.5927351883502,206.92358241459593,0.6691527737542629,2.3542796687436893,199.17,28406900.0,212.52,7389500.0,213.34,5185200.0,40.74650077760494,-5.519480519480524,-5.8826286678541395,0.008133755083596927,0.021238073351709876
JPM,2024-09-12,201.2,202.29,198.53,200.18,200.18,9054400,Financials,203.214,208.60500000000002,209.2225,204.44819999999999,206.45231439014248,206.42405779129254,0.0282565988499357,1.8890750547649389,200.79,13658700.0,210.87,8067900.0,214.42,6506400.0,36.94250403009133,-5.069474083558589,-6.641171532506284,-0.003037999900393329,0.02092837200273371
JPM,2024-09-13,200.43,201.39,196.71,197.97,197.97,10226700,Financials,201.63600000000002,206.871,208.872,204.3858,205.1473429455052,205.79783128823385,-0.6504883427286643,1.3811623752662183,200.18,9054400.0,205.86,7777000.0,215.31,6416100.0,32.063492063492035,-3.8327018361993703,-8.053504249686505,-0.011040063942451828,0.020606326590517362
JPM,2024-09-16,199.44,201.74,199.2,201.4,201.4,8634900,Financials,199.902,205.22899999999998,208.57599999999996,204.4452,204.5708286461967,205.47206600762394,-0.9012373614272349,0.9246824279275276,197.97,10226700.0,210.07,8935100.0,217.82,8574100.0,36.43564356435641,-4.127195696672537,-7.538334404554215,0.017325857453149407,0.02127920137005306
JPM,2024-09-17,201.28,203.41,201.21,202.75,202.75,7573300,Financials,200.618,204.15800000000002,208.27550000000002,204.5242,204.29070116216644,205.27043148854068,-0.9797303263742378,0.5437998770671746,201.4,8634900.0,199.17,28406900.0,213.46,8956100.0,37.01250919793964,1.7974594567454982,-5.0173334582591655,0.006703078450844169,0.021224312726593343
JPM,2024-09-18,202.52,204.77,200.28,201.08,201.08,8259900,Financials,200.67600000000002,203.014,207.93649999999997,204.5222,203.79674713721778,204.96002915605618,-1.1632820188384017,0.20238349788605933,202.75,7573300.0,200.79,13658700.0,212.52,7389500.0,33.87330754352031,0.14442950346134076,-5.3830227743271175,-0.008236744759556047,0.021248393052106965
JPM,2024-09-19,203.26,205.33,200.9,203.94,203.94,11635200,Financials,201.428,202.321,207.737,204.5742,203.81878603918426,204.88447144079274,-1.0656854016084765,-0.05123028201284785,201.08,8259900.0,200.18,9054400.0,210.87,8067900.0,36.879759981537006,1.87830952143071,-3.2863849765258246,0.01422319474835887,0.02208739834631181
JPM,2024-09-20,203.41,204.85,202.99,204.53,204.53,20885000,Financials,202.74,202.18800000000002,207.4685,204.6446,203.92820357161744,204.85821429703032,-0.9300107254128704,-0.22698637069285238,203.94,11635200.0,197.97,10226700.0,205.86,7777000.0,33.95315141270224,3.313633378794778,-0.6460701447585815,0.0028930077473767746,0.020895090777160615
JPM,2024-09-23,204.45,205.22,203.47,204.87,204.87,7223500,Financials,203.434,201.66799999999998,207.1355,204.7706,204.07309532983015,204.8590873120651,-0.7859919822349468,-0.3387874930012713,204.53,20885000.0,201.4,8634900.0,210.07,8935100.0,38.51297138272263,1.7229394240317664,-2.4753653544056675,0.001662347821835386,0.019612537714716497
JPM,2024-09-24,204.59,206.33,203.83,205.02,205.02,7323200,Financials,203.888,202.25300000000001,206.7685,204.80059999999997,204.21877297139474,204.87100677043065,-0.6522337990359119,-0.40147675420819945,204.87,7223500.0,202.75,7573300.0,199.17,28406900.0,39.754098360655725,1.1196054254007493,2.93718933574334,0.0007321716210280105,0.009055424782371417
JPM,2024-09-25,205.1,205.65,202.13,203.66,203.66,8976500,Financials,204.40400000000002,202.54000000000002,206.28450000000004,204.7342,204.13280789887247,204.78130256521357,-0.6484946663410938,-0.45088033663477833,205.02,7323200.0,201.08,8259900.0,200.79,13658700.0,40.07160561828695,1.2830714143624355,1.4293540514966008,-0.0066334991708126845,0.009313990769513667
JPM,2024-09-26,204.57,205.12,202.52,203.26,203.26,7807500,Financials,204.268,202.848,205.7265,204.5968,203.9985297605844,204.66861348630886,-0.670083725724453,-0.49472101445271327,203.66,8976500.0,203.94,11635200.0,200.18,9054400.0,45.89905362776022,-0.3334314013925699,1.538615246278341,-0.0019640577432976647,0.009262424134019018
JPM,2024-09-27,204.11,205.84,202.83,203.96,203.96,7032500,Financials,204.154,203.447,205.15900000000002,204.6068,203.99260210510988,204.61612359843414,-0.6235214933242617,-0.520481110227023,203.26,7807500.0,204.53,20885000.0,197.97,10226700.0,39.162823696346265,-0.27868772307240164,3.0257109663080373,0.0034438650004919857,0.008136012442469349
JPM,2024-09-30,199.9,204.41,198.88,204.31,204.31,8663800,Financials,204.042,203.738,204.4835,204.62779999999998,204.0414325504776,204.5934477763279,-0.5520152258503117,-0.5267879333516808,203.96,7032500.0,204.87,7223500.0,201.4,8634900.0,64.56916099773245,-0.2733440718504454,1.4448857994041608,0.0017160227495587321,0.006396786186118737
JPM,2024-10-01,202.41,202.59,199.78,200.61,200.61,8540100,Financials,203.16000000000003,203.524,203.84099999999998,204.565,203.51351985040412,204.298377570674,-0.7848577202698834,-0.5784018907353214,204.31,8663800.0,205.02,7323200.0,202.75,7573300.0,49.5436105476674,-2.1510096575943827,-1.0554870530209537,-0.0181097352063041,0.008575716072319082
JPM,2024-10-02,200.65,202.46,199.3,200.85,200.85,5810900,Financials,202.598,203.501,203.2575,204.50600000000003,203.10374756572656,204.04294219506852,-0.9391946293419551,-0.6505604384566481,200.61,8540100.0,203.66,8976500.0,201.08,8259900.0,51.73126614987077,-1.3797505646666042,-0.1143823353889073,0.00119635112905625,0.0082053990499678
JPM,2024-10-03,199.77,200.08,197.99,198.85,198.85,7251300,Financials,201.71599999999998,202.99200000000002,202.6565,204.44079999999997,202.44932486330708,203.65827981024864,-1.2089549469415601,-0.7622393401536305,200.85,5810900.0,203.26,7807500.0,203.94,11635200.0,52.29885057471263,-2.169634950309951,-2.4958321074825984,-0.009957679860592483,0.006994266085092539
JPM,2024-10-04,204.04,206.35,201.71,205.91,205.91,10211700,Financials,202.106,203.13,202.659,204.51519999999996,202.9817364227983,203.82507389837838,-0.8433374755800855,-0.7784589672389215,198.85,7251300.0,203.96,7032500.0,204.53,20885000.0,59.90338164251206,0.9560698176112936,0.6747176453332004,0.03550414885592157,0.013941537766596037
JPM,2024-10-07,205.73,207.97,204.42,205.63,205.63,6718900,Financials,202.37,203.20600000000002,202.437,204.5148,203.38916158852163,203.95877212812812,-0.5696105396064866,-0.7366892817124345,205.91,10211700.0,204.31,8663800.0,204.87,7223500.0,56.63594470046082,0.6460770397924698,0.37096695465417273,-0.0013598173959497029,0.01395253159074834
JPM,2024-10-08,205.29,206.02,203.14,205.45,205.45,6021800,Financials,203.338,203.24899999999997,202.751,204.53779999999998,203.70621365182598,204.0692334519705,-0.36301980014451374,-0.6619553853988505,205.63,6718900.0,200.61,8540100.0,205.02,7323200.0,60.81147946561102,2.412641443597008,0.20973563554773644,-0.0008753586538929881,0.013958265444433342
JPM,2024-10-09,204.43,208.86,204.12,208.06,208.06,7024000,Financials,204.78,203.68900000000002,203.1145,204.52880000000002,204.37602693616043,204.36484578886157,0.011181147298856331,-0.5273280788593091,205.45,6021800.0,200.85,5810900.0,203.66,8976500.0,60.32064128256513,3.589743589743599,2.16046351762742,0.012703820880993089,0.01422845547363135
JPM,2024-10-10,209.41,209.41,206.16,207.49,207.49,7927100,Financials,206.50799999999998,204.11200000000002,203.48,204.5548,204.85509971521267,204.59633869339035,0.2587610218223233,-0.37011025872298264,208.06,7024000.0,198.85,7251300.0,203.26,7807500.0,57.42226680040122,4.344983656022139,2.081078421725868,-0.0027395943477842577,0.014255941178295543
JPM,2024-10-11,210.25,218.99,209.75,216.7,216.7,18320700,Financials,208.666,205.38600000000002,204.41649999999998,204.85879999999997,206.6773920667184,205.49290619758364,1.184485869134761,-0.0591910331514339,207.49,7927100.0,205.91,10211700.0,203.96,7032500.0,70.53106560222142,5.240153465106112,6.246322808393789,0.04438768133404003,0.019560772581248994
JPM,2024-10-14,217.59,218.08,213.38,215.91,215.91,9048900,Financials,210.72199999999998,206.546,205.142,205.31800000000004,208.09779328722325,206.2645427755404,1.8332505116828486,0.3192972758154226,216.7,18320700.0,205.63,6718900.0,204.31,8663800.0,68.48896434634973,4.99927053445508,5.6776467133277775,-0.003645592985694446,0.019771103782959324
JPM,2024-10-15,218.04,219.78,216.25,216.8,216.8,9235800,Financials,212.99200000000002,208.16500000000002,205.8445,205.877,209.43659431995812,207.04494701438927,2.3916473055688527,0.7337672817661087,215.91,9048900.0,205.45,6021800.0,200.61,8540100.0,72.67080745341619,5.524458505719165,8.070385324759478,0.004122087906998306,0.017962202310097423
JPM,2024-10-16,216.74,218.06,215.49,218.02,218.02,6382500,Financials,214.984,209.882,206.6915,206.355,210.7571182707338,207.8579139022123,2.8992043685215094,1.1668546991171889,216.8,9235800.0,208.06,7024000.0,200.85,5810900.0,74.76510067114098,4.787080649812547,8.548668160318652,0.005627306273062738,0.017831717985990977
JPM,2024-10-17,218.63,220.17,217.7,218.78,218.78,6470200,Financials,217.24200000000002,211.875,207.4335,206.8472,211.991407767544,208.66695731686323,3.3244504506807573,1.5983738494299027,218.02,6382500.0,207.49,7927100.0,198.85,7251300.0,74.81580709979909,5.441226083184736,10.022630123208454,0.0034859187230529276,0.01677110184523535
JPM,2024-10-18,219.35,220.24,217.49,219.71,219.71,7000500,Financials,217.844,213.25500000000002,208.19250000000002,207.287,213.17888349561414,209.48496047857708,3.693923017037065,2.017483682951335,218.78,6470200.0,216.7,18320700.0,205.91,10211700.0,75.29566360052567,1.3890170742962615,6.701957165752037,0.004250845598317898,0.014137842817608819
JPM,2024-10-21,219.56,220.03,217.3,217.4,217.4,5870000,Financials,218.142,214.43199999999996,208.81900000000002,207.6468,213.82828603475042,210.0712597023862,3.7570263323642337,2.365392212833915,219.71,7000500.0,215.91,9048900.0,205.63,6718900.0,78.89845094664372,0.6901023574637621,5.723872975733113,-0.010513859178007401,0.014981377515333407
JPM,2024-10-22,217.42,219.62,215.54,218.49,218.49,9586800,Financials,218.48000000000002,215.73600000000002,209.4925,208.021,214.545472798635,210.694870094802,3.850602703832976,2.6624343110337274,217.4,5870000.0,216.8,9235800.0,205.45,6021800.0,79.49832775919734,0.7795202952029401,6.3470430761742636,0.00501379944802216,0.014809809412836163
JPM,2024-10-23,218.04,219.15,216.94,217.8,217.8,6180500,Financials,218.436,216.70999999999998,210.1995,208.34740000000002,215.0461692911527,211.22117601370556,3.8249932774471347,2.894946104316409,218.49,9586800.0,218.02,6382500.0,208.06,7024000.0,83.14095837705494,-0.10090817356205317,4.681341920599835,-0.0031580392695317316,0.014893264844222539
JPM,2024-10-24,216.26,219.4,216.09,219.33,219.33,6002200,Financials,218.546,217.894,211.003,208.65980000000002,215.7052201694369,211.82182964231995,3.883390527116944,3.092634988876516,217.8,6180500.0,218.78,6470200.0,207.49,7927100.0,79.09800520381617,0.25139409452419326,5.706299098751755,0.007024793388429762,0.014670975583689263
JPM,2024-10-25,219.35,219.95,215.33,216.72,216.72,6369700,Financials,217.948,217.89600000000002,211.641,208.8946,215.86134014336966,212.18465707622218,3.6766830671474793,3.209444604530709,219.33,6002200.0,219.71,7000500.0,216.7,18320700.0,71.83930681370617,-1.360884802694462,0.009229349330874825,-0.011899876897825235,0.0069022365627684585
JPM,2024-10-28,217.74,219.97,217.35,219.83,219.83,6843000,Financials,218.43400000000003,218.288,212.417,209.1448,216.47190319823585,212.75097877427982,3.720924423956035,3.3117405684157744,216.72,6369700.0,217.4,5870000.0,215.91,9048900.0,75.38841807909607,1.1177552897884135,1.815571302857677,0.014350313768918488,0.008082335952124231
JPM,2024-10-29,219.55,221.05,217.21,217.3,217.3,6580000,Financials,218.196,218.33800000000002,213.25150000000002,209.3156,216.59930270619958,213.08794330951835,3.511359396681229,3.3516643340688654,219.83,6843000.0,218.49,9586800.0,216.8,9235800.0,66.35977337110482,-0.5446473522815687,0.23062730627305683,-0.01150889323568216,0.00904413452070847
JPM,2024-10-30,216.95,220.62,216.01,218.77,218.77,7110900,Financials,218.39000000000001,218.413,214.14749999999998,209.5338,216.93325613601502,213.50883639770217,3.4244197383128494,3.3662154149176624,217.3,6580000.0,217.8,6180500.0,218.02,6382500.0,69.35483870967741,0.44536271808999217,0.3440051371433883,0.0067648412333178864,0.00912582694338142
JPM,2024-10-31,219.05,220.02,216.25,216.34,216.34,7829900,Financials,217.792,218.169,215.022,209.702,216.84198596124347,213.7185522200946,3.123433741148858,3.3176590801639017,218.77,7110900.0,219.33,6002200.0,218.78,6470200.0,49.19499105545621,-1.3632426024711708,-1.1152756193436364,-0.011107555880605191,0.0097215422067811
JPM,2024-11-01,217.94,220.47,217.1,217.34,217.34,6923500,Financials,217.916,217.93200000000002,215.5935,209.85080000000002,216.91860350566756,213.9868076111987,2.9317958944688485,3.240486443024891,216.34,7829900.0,216.72,6369700.0,219.71,7000500.0,53.16792202038105,0.2860834256183109,-1.0786946429384159,0.004622353702505411,0.00974485249184786
JPM,2024-11-04,217.06,218.14,213.66,214.26,214.26,8229600,Financials,216.802,217.61800000000002,216.025,209.90540000000001,216.5095875817187,214.00704408444324,2.502543497275468,3.092897853875007,217.34,6923500.0,219.83,6843000.0,217.4,5870000.0,44.87075928917606,-2.533776099713425,-1.4443422263109573,-0.014171344437287292,0.01019798979142492
JPM,2024-11-05,214.5,216.38,214.47,215.92,215.92,5600700,Financials,216.52599999999998,217.36100000000002,216.54850000000002,209.9766,216.41888179991582,214.14874452263263,2.2701372772831974,2.9283457385566454,214.26,8229600.0,217.3,6580000.0,218.49,9586800.0,45.8333333333333,-0.6350667280257793,-1.1762552061879372,0.00774759637823208,0.010423389044588944
JPM,2024-11-06,229.1,241.77,228.87,240.85,240.85,23987800,Financials,220.942,219.666,218.18800000000002,210.5268,220.17751536915955,216.1266152987339,4.050900070425655,3.1528566049304474,215.92,5600700.0,218.77,7110900.0,217.8,6180500.0,72.35163054486527,10.092791516204237,10.58310376492193,0.11545942941830312,0.03823995095525591
JPM,2024-11-07,238.36,238.42,229.31,230.44,230.44,16451100,Financials,223.762,220.777,219.3355,210.8472,221.75635915851961,217.18686601734618,4.569493141173439,3.436183912179046,240.85,23987800.0,216.34,7829900.0,219.33,6002200.0,59.1163976210705,6.5175187205325,5.065426526239003,-0.043221922358314235,0.04190607014719737
JPM,2024-11-08,233.33,233.33,229.86,231.03,231.03,9502100,Financials,226.5,222.208,220.052,211.1616,223.18307313413197,218.21228334939462,4.970789784737349,3.7431050866907065,230.44,16451100.0,217.34,6923500.0,216.72,6369700.0,61.92893401015227,6.298886537222792,6.6029900332226,0.002560319388994925,0.04147845435852195
JPM,2024-11-11,233.97,236.02,232.99,233.28,233.28,9017100,Financials,230.304,223.55299999999997,220.9205,211.47080000000003,224.7364464981117,219.32841050869874,5.4080359894129515,4.076091267235156,231.03,9502100.0,214.26,8229600.0,219.83,6843000.0,62.68656716417909,8.87706524782974,6.118364190510839,0.009738994935722722,0.041415089909556335
JPM,2024-11-12,234.51,235.39,232.76,233.54,233.54,6861000,Financials,233.82799999999997,225.177,221.75750000000002,211.87239999999997,226.09083934455603,220.3811208413877,5.709718503168318,4.402816714421788,233.28,9017100.0,215.92,5600700.0,217.3,6580000.0,63.6017974421016,8.160429788810664,7.473538886332243,0.0011145404663923664,0.040988994224335364
JPM,2024-11-13,234.53,237.96,234.27,235.1,235.1,11472600,Financials,232.67800000000003,226.81,222.61149999999998,212.324,227.47686406077818,221.4714081864701,6.0054558743080975,4.72334454639905,233.54,6861000.0,240.85,23987800.0,218.77,7110900.0,63.62065987217133,-2.3873780361220676,7.464460392192707,0.006679797893294426,0.040989276429488665
JPM,2024-11-14,236.33,238.15,234.99,235.79,235.79,10172200,Financials,233.748,228.75499999999997,223.462,212.8224,228.7558080514277,222.53204461710192,6.223763434325775,5.023428323984396,235.1,11472600.0,230.44,16451100.0,216.34,7829900.0,67.03591209576558,2.321645547647977,8.990477951372844,0.0029349213100808846,0.04050177907713844
JPM,2024-11-15,235.39,240.23,235.39,239.15,239.15,11518800,Financials,235.372,230.936,224.43400000000003,213.4882,230.3549145050542,223.76300427509437,6.591910229959836,5.337124705179484,235.79,10172200.0,231.03,9502100.0,217.34,6923500.0,67.18249733191033,3.5146950612474637,10.034968252507603,0.01424996819203539,0.04049143246139931
JPM,2024-11-18,241.53,241.7,236.58,238.87,238.87,9051400,Financials,236.49,233.397,225.50750000000002,214.06419999999997,231.6649276581228,224.88204099545777,6.782886662665021,5.626277096676592,239.15,11518800.0,233.28,9017100.0,214.26,8229600.0,69.98332406892716,2.3962620027434767,11.486044992065715,-0.0011708132970938978,0.03982126234148999
JPM,2024-11-19,236.16,238.99,235.48,236.98,236.98,6792700,Financials,237.17799999999997,235.503,226.43199999999996,214.82039999999998,232.48263109533465,225.77818610690534,6.704444988429316,5.841910675027137,238.87,9051400.0,233.54,6861000.0,215.92,5600700.0,66.74020959735242,1.4729810739059657,9.753612449055215,-0.007912253527023183,0.04029509357012159
JPM,2024-11-20,238.26,238.46,232.64,234.73,234.73,9015300,Financials,237.10399999999998,234.891,227.27850000000004,215.49920000000003,232.82838015759086,226.44128343231975,6.387096725271107,5.950947885075931,236.98,6792700.0,235.1,11472600.0,240.85,23987800.0,66.96181516325399,-0.1573798383666558,-2.541000622794276,-0.009494472107350882,0.016059151423131607
JPM,2024-11-21,237.12,239.32,236.03,238.61,238.61,8783500,Financials,237.66799999999998,235.708,228.2425,216.2678,233.7178601333461,227.34266984474053,6.37519028860558,6.035796365781861,234.73,9015300.0,235.79,10172200.0,230.44,16451100.0,68.62848134524434,1.1959794732601114,3.5453914250998197,0.016529629787415345,0.00857754811735627
JPM,2024-11-22,237.49,242.89,236.92,242.3,242.3,7997300,Financials,238.298,236.83500000000004,229.5215,217.1544,235.03818934360055,228.4506202266116,6.587569116988959,6.146150916023281,238.61,8783500.0,239.15,11518800.0,231.03,9502100.0,74.29809358752166,1.3171649592306212,4.8781543522486315,0.015464565609152991,0.00935229995331355
JPM,2024-11-25,243.32,247.92,242.8,244.0,244.0,10295400,Financials,239.32399999999998,237.907,230.73000000000002,218.00639999999999,236.4169294445851,229.60242613575147,6.814503308833622,6.279821394585349,242.3,7997300.0,238.87,9051400.0,233.28,9017100.0,74.31589885694493,2.147611671620542,4.595336076817569,0.0070160957490712494,0.009231823424519291
JPM,2024-11-26,244.2,244.69,242.1,243.69,243.69,6212100,Financials,240.666,238.92200000000003,232.0495,218.82519999999997,237.53586337618736,230.6459501256958,6.88991325049156,6.401839765766592,244.0,10295400.0,236.98,6792700.0,233.54,6861000.0,54.28743961352657,2.831462570681076,4.346150552367911,-0.0012704918032786505,0.009360104417354033
JPM,2024-11-27,243.08,244.88,242.52,243.51,243.51,5472300,Financials,242.42199999999997,239.763,233.2865,219.67379999999997,238.4549613183124,231.5988427089776,6.8561186093348,6.492695534480234,243.69,6212100.0,234.73,9015300.0,235.1,11472600.0,78.54958497160325,3.7404677714821366,3.5772011909825485,-0.0007386433583651542,0.0094443700824998
JPM,2024-11-29,243.58,245.44,243.18,243.45,243.45,5494800,Financials,243.39000000000001,240.529,234.642,220.46400000000003,239.2234288078028,232.4767062120163,6.746722595786508,6.543500946741489,243.51,5472300.0,238.61,8783500.0,235.79,10172200.0,77.772808586762,2.0284145677046173,3.2486534628271,-0.0002463964518910622,0.00952106670621491
JPM,2024-12-02,243.28,243.96,238.87,240.06,240.06,8899700,Financials,242.942,240.61999999999998,235.77800000000002,221.1746,239.35213206814083,233.0384316777929,6.313700390347947,6.497540835462781,243.45,5494800.0,242.3,7997300.0,239.15,11518800.0,64.42553191489361,-0.9244737928188251,0.3805143215555029,-0.013924830560690049,0.010055621362546037
JPM,2024-12-03,241.99,242.78,238.48,238.67,238.67,6657700,Financials,241.87599999999998,240.6,236.9985,221.8506,239.24718867304222,233.45558488684526,5.7916037861969585,6.356353425609616,240.06,8899700.0,244.0,10295400.0,238.87,9051400.0,60.4141291108404,-2.1844262295082073,-0.0837275505505164,-0.005790219111888706,0.010241475232907636
JPM,2024-12-04,238.55,239.18,236.14,237.28,237.28,7346300,Financials,240.59399999999997,240.63000000000002,238.0665,222.49580000000003,238.94454426180496,233.7388748952271,5.205669366577865,6.126216613803266,238.67,6657700.0,243.69,6212100.0,236.98,6792700.0,54.456255110384305,-2.6303910706225064,0.1265929614313599,-0.005823941006410482,0.01008311047299616
JPM,2024-12-05,239.22,240.97,238.47,239.31,239.31,6572500,Financials,239.754,241.08800000000002,237.98949999999996,223.2088,239.00076822152727,234.15155082891397,4.849217392613298,5.870816769565273,237.28,7346300.0,243.51,5472300.0,234.73,9015300.0,56.821705426356594,-1.7247751632376462,1.9511779491330428,0.008555293324342461,0.009771141698618242
JPM,2024-12-06,239.53,241.51,238.69,241.14,241.14,5519700,Financials,239.292,241.34099999999998,238.5245,223.9664,239.32988080283076,234.6692137304759,4.660667072354869,5.628786830123193,239.31,6572500.0,243.45,5494800.0,238.61,8783500.0,54.0997115780799,-0.9488601355514437,1.0603076149364954,0.007646985082111035,0.008639433734304881
JPM,2024-12-09,240.92,241.64,237.63,237.68,237.68,7076500,Financials,238.81599999999997,240.879,238.85700000000003,224.64079999999998,239.07605298701066,234.89223493562582,4.183818051384833,5.339793074375521,241.14,5519700.0,240.06,8899700.0,242.3,7997300.0,47.83242258652095,-0.9914188119636735,-1.9067271976888178,-0.014348511238284734,0.008263217108084949
JPM,2024-12-10,237.76,241.73,236.13,236.76,236.76,9108300,Financials,238.43400000000003,240.15499999999997,239.03100000000003,225.28979999999999,238.71973714285517,235.03058790335723,3.6891492394979366,5.009664307400005,237.68,7076500.0,238.67,6657700.0,244.0,10295400.0,49.58459214501511,-0.8002681526794286,-2.967213114754097,-0.0038707505890273053,0.007653797962795244
JPM,2024-12-11,237.87,238.13,236.09,237.41,237.41,7884400,Financials,238.45999999999998,239.52699999999996,239.22449999999998,226.02579999999998,238.51823912087747,235.2068406512567,3.3113984696207694,4.670011139844158,236.76,9108300.0,237.28,7346300.0,243.69,6212100.0,55.38585209003217,0.054787592717464584,-2.577044605851697,0.002745396181787596,0.00785620673213037
JPM,2024-12-12,236.89,237.97,234.98,235.46,235.46,6113800,Financials,237.69,238.72199999999998,239.2425,226.718,238.04774079458863,235.22559319560804,2.8221475989805924,4.300438431671445,237.41,7884400.0,239.31,6572500.0,243.51,5472300.0,43.13725490196076,-1.6087919435042397,-3.3058190628721507,-0.008213638852617833,0.00801558306002942
JPM,2024-12-13,235.99,236.62,233.13,233.91,233.91,10392700,Financials,236.244,237.76800000000003,239.1485,227.41920000000002,237.41116528772886,235.1281418477852,2.283023439943662,3.8969554333258882,235.46,6113800.0,241.14,5519700.0,243.45,5494800.0,29.841422393080194,-2.998258273202281,-3.918669131238439,-0.006582859084345638,0.007995420865060074
JPM,2024-12-16,234.56,234.62,231.55,233.56,233.56,9032000,Financials,235.42,237.118,238.86899999999997,227.97220000000002,236.81867832038594,235.0119831923937,1.806695127992242,3.478903372259159,233.91,10392700.0,237.68,7076500.0,240.06,8899700.0,23.175745118191145,-1.7334230898687353,-2.7076564192285213,-0.0014963019964943092,0.0072009529407981825
JPM,2024-12-17,232.65,233.01,230.68,232.37,232.37,8083600,Financials,234.542,236.488,238.544,228.507,236.13426627109578,234.81628073369785,1.3179855373979308,3.046719805286913,233.56,9032000.0,236.76,9108300.0,238.67,6657700.0,22.173058013765967,-1.8541983443149168,-2.639627938157285,-0.005095050522349709,0.007171291688254969
JPM,2024-12-18,232.99,233.06,223.76,224.58,224.58,11322400,Financials,231.97600000000003,235.218,237.92400000000004,228.88960000000003,234.35668684477338,234.0580377163869,0.2986491283864723,2.497105669906825,232.37,8083600.0,237.41,7884400.0,237.28,7346300.0,16.13595706618962,-5.404153152773672,-5.352326365475379,-0.03352412101390023,0.01215340077015306
JPM,2024-12-19,226.43,230.42,226.43,227.11,227.11,11790800,Financials,230.30599999999998,233.998,237.54299999999998,229.27059999999997,233.24181194557747,233.54336825591378,-0.30155631033630925,1.9373732738581981,224.58,11322400.0,235.46,6113800.0,239.31,6572500.0,23.14266929651545,-3.546249893824849,-5.097990054740709,0.011265473327989994,0.012524194939131527
JPM,2024-12-20,226.09,233.2,225.77,231.63,231.63,32348400,Financials,229.85,233.04700000000003,237.19400000000002,229.7534,232.99384087702708,233.40163727399423,-0.407796396967143,1.4683393396931301,227.11,11790800.0,233.91,10392700.0,241.14,5519700.0,36.640253565768596,-0.9747338720020537,-3.9437671062453328,0.01990225001100776,0.014377710879577756
JPM,2024-12-23,230.14,232.62,228.98,232.4,232.4,8611500,Financials,229.618,232.519,236.69899999999998,230.06740000000002,232.90248074209984,233.32744192036503,-0.42496117826519253,1.0896792361014656,231.63,32348400.0,233.56,9032000.0,237.68,7076500.0,39.86420950533464,-0.4966603870525721,-2.2214742510939134,0.0033242671501965138,0.014035763865848554
JPM,2024-12-24,233.41,236.4,233.06,236.22,236.22,3729100,Financials,230.388,232.465,236.31,230.47359999999998,233.41286832023832,233.54170548181946,-0.12883716158114566,0.8459759565649434,232.4,8611500.0,232.37,8083600.0,236.76,9108300.0,48.41127098321343,1.6568403838705503,-0.22807906741003636,0.01643717728055072,0.01518218664704356
JPM,2024-12-26,235.36,237.15,234.74,237.03,237.03,4451800,Financials,232.87800000000001,232.42700000000005,235.977,230.8782,233.96935011712472,233.80009766835136,0.16925244877336354,0.7106312550066275,236.22,3729100.0,224.58,11322400.0,237.41,7884400.0,46.453018046048534,5.543681538872547,-0.16006065456383167,0.003429006858013617,0.015198071730580125
JPM,2024-12-27,236.62,237.27,234.01,235.11,235.11,5730200,Financials,234.47799999999998,232.392,235.55700000000002,231.22,234.14483471449017,233.8971274706957,0.24770724379447984,0.618046452764198,237.03,4451800.0,227.11,11790800.0,235.46,6113800.0,40.64536146447412,3.522522125842098,-0.14864520513038215,-0.008100240475889087,0.01519134902037679
JPM,2024-12-30,232.77,234.79,231.15,233.31,233.31,5723800,Financials,234.81400000000002,232.33199999999997,235.05,231.5106,234.01639860456862,233.85363654694046,0.1627620576281572,0.5269895737369898,235.11,5730200.0,231.63,32348400.0,233.91,10392700.0,42.852469741576705,0.7252946509519465,-0.2565089136847498,-0.007655990812811098,0.01524636293549572
JPM,2024-12-31,234.02,235.37,233.02,233.69,233.69,4871000,Financials,235.07199999999997,232.34499999999997,234.7315,231.7902,233.96618343463498,233.8415153212412,0.12466811339379547,0.446525281668351,233.31,5723800.0,232.4,8611500.0,233.56,9032000.0,44.8884448884449,0.5550774526678071,0.05566021579037628,0.001628734302001611,0.015247759335506239
