Ticker,Date,Open,High,Low,Close,Adj Close,Volume,Sector
KO,2019-01-02,37.85,38.07,37.54,37.84,37.84,11603700,Consumer Goods
KO,2019-01-03,37.75,38.2,37.52,37.61,37.61,14714400,Consumer Goods
KO,2019-01-04,37.7,38.36,37.61,38.36,38.36,13013700,Consumer Goods
KO,2019-01-07,38.36,38.5,37.82,37.86,37.86,13135500,Consumer Goods
KO,2019-01-08,38.1,38.36,37.93,38.28,38.28,15420700,Consumer Goods
KO,2019-01-09,37.96,38.12,37.44,37.55,37.55,18032500,Consumer Goods
KO,2019-01-10,37.62,37.97,37.37,37.95,37.95,15976600,Consumer Goods
KO,2019-01-11,38.13,38.19,37.87,38.17,38.17,11088600,Consumer Goods
KO,2019-01-14,38.1,38.22,37.89,38.02,38.02,11514300,Consumer Goods
KO,2019-01-15,37.81,38.38,37.74,38.36,38.36,11342900,Consumer Goods
KO,2019-01-16,38.22,38.28,37.78,37.83,37.83,16907800,Consumer Goods
KO,2019-01-17,37.83,38.01,37.8,37.95,37.95,12044600,Consumer Goods
KO,2019-01-18,38.1,38.45,37.99,38.39,38.39,12760700,Consumer Goods
KO,2019-01-22,38.46,38.53,38.07,38.48,38.48,11700400,Consumer Goods
KO,2019-01-23,38.56,38.94,38.42,38.92,38.92,12058300,Consumer Goods
KO,2019-01-24,38.79,38.79,38.2,38.45,38.45,10272000,Consumer Goods
KO,2019-01-25,38.61,38.73,38.09,38.2,38.2,12066500,Consumer Goods
KO,2019-01-28,38.07,38.14,37.85,38.03,38.03,9966900,Consumer Goods
KO,2019-01-29,38.06,38.41,38.0,38.22,38.22,11998600,Consumer Goods
KO,2019-01-30,38.1,38.62,38.05,38.59,38.59,12952500,Consumer Goods
KO,2019-01-31,38.58,39.33,38.28,38.81,38.81,32181500,Consumer Goods
KO,2019-02-01,39.09,39.33,39.03,39.27,39.27,19130100,Consumer Goods
KO,2019-02-04,39.27,39.87,39.14,39.71,39.71,15105700,Consumer Goods
KO,2019-02-05,39.78,39.89,39.59,39.72,39.72,12651900,Consumer Goods
KO,2019-02-06,39.68,39.8,39.53,39.72,39.72,8689100,Consumer Goods
KO,2019-02-07,39.65,39.88,39.51,39.85,39.85,10047800,Consumer Goods
KO,2019-02-08,39.81,39.91,39.6,39.91,39.91,9813300,Consumer Goods
KO,2019-02-11,39.97,40.22,39.9,40.0,40.0,9369300,Consumer Goods
KO,2019-02-12,40.07,40.16,39.88,40.04,40.04,10983300,Consumer Goods
KO,2019-02-13,40.0,40.27,39.96,40.15,40.15,12748800,Consumer Goods
KO,2019-02-14,37.66,37.87,36.69,36.76,36.76,58905400,Consumer Goods
KO,2019-02-15,37.01,37.3,36.45,36.48,36.48,35701600,Consumer Goods
KO,2019-02-19,36.54,36.76,36.1,36.15,36.15,25511300,Consumer Goods
KO,2019-02-20,36.21,36.48,36.12,36.37,36.37,27464000,Consumer Goods
KO,2019-02-21,36.28,37.02,36.25,36.98,36.98,23121200,Consumer Goods
KO,2019-02-22,36.9,37.05,36.45,36.51,36.51,24728400,Consumer Goods
KO,2019-02-25,36.64,36.74,36.16,36.24,36.24,23774400,Consumer Goods
KO,2019-02-26,36.37,36.4,36.01,36.03,36.03,20463200,Consumer Goods
KO,2019-02-27,35.96,36.3,35.82,36.24,36.24,17827500,Consumer Goods
KO,2019-02-28,36.38,36.78,36.37,36.56,36.56,22533900,Consumer Goods
KO,2019-03-01,36.66,36.8,36.45,36.59,36.59,16291600,Consumer Goods
KO,2019-03-04,36.71,36.83,36.53,36.81,36.81,15973800,Consumer Goods
KO,2019-03-05,36.81,36.85,36.61,36.77,36.77,13062300,Consumer Goods
KO,2019-03-06,36.83,36.92,36.64,36.65,36.65,14232100,Consumer Goods
KO,2019-03-07,36.68,36.71,36.39,36.51,36.51,12084000,Consumer Goods
KO,2019-03-08,36.41,36.49,35.97,36.16,36.16,15579100,Consumer Goods
KO,2019-03-11,36.4,37.28,36.37,37.24,37.24,22126900,Consumer Goods
KO,2019-03-12,37.05,37.29,37.01,37.13,37.13,19348500,Consumer Goods
KO,2019-03-13,37.2,37.37,37.02,37.27,37.27,16222500,Consumer Goods
KO,2019-03-14,37.28,37.5,37.11,37.17,37.17,18504100,Consumer Goods
KO,2019-03-15,37.19,37.33,36.72,36.85,36.85,47254500,Consumer Goods
KO,2019-03-18,36.95,37.15,36.89,36.94,36.94,24006400,Consumer Goods
KO,2019-03-19,37.05,37.16,36.88,37.06,37.06,14987000,Consumer Goods
KO,2019-03-20,36.93,37.33,36.75,37.03,37.03,13376100,Consumer Goods
KO,2019-03-21,37.03,37.22,36.96,37.02,37.02,20043000,Consumer Goods
KO,2019-03-22,36.98,37.5,36.98,37.36,37.36,19055900,Consumer Goods
KO,2019-03-25,37.3,37.58,37.24,37.44,37.44,11668200,Consumer Goods
KO,2019-03-26,37.55,38.06,37.55,37.94,37.94,11434900,Consumer Goods
KO,2019-03-27,37.94,38.16,37.68,37.91,37.91,11543600,Consumer Goods
KO,2019-03-28,37.97,38.16,37.81,37.89,37.89,11121100,Consumer Goods
KO,2019-03-29,37.96,38.16,37.81,38.11,38.11,16045600,Consumer Goods
KO,2019-04-01,38.22,38.37,37.89,38.0,38.0,11522700,Consumer Goods
KO,2019-04-02,38.03,38.17,37.88,37.88,37.88,8495000,Consumer Goods
KO,2019-04-03,37.76,37.89,37.45,37.56,37.56,12854500,Consumer Goods
KO,2019-04-04,37.69,37.85,37.5,37.81,37.81,7814900,Consumer Goods
KO,2019-04-05,37.81,37.89,37.58,37.8,37.8,7677600,Consumer Goods
KO,2019-04-08,37.85,37.88,37.63,37.86,37.86,9421300,Consumer Goods
KO,2019-04-09,37.78,38.0,37.63,37.96,37.96,8641800,Consumer Goods
KO,2019-04-10,38.1,38.23,37.87,37.94,37.94,8059900,Consumer Goods
KO,2019-04-11,38.0,38.03,37.85,37.99,37.99,7352400,Consumer Goods
KO,2019-04-12,37.96,38.17,37.88,38.02,38.02,10690000,Consumer Goods
KO,2019-04-15,38.13,38.26,37.98,38.23,38.23,10261300,Consumer Goods
KO,2019-04-16,38.27,38.31,37.98,38.19,38.19,10804600,Consumer Goods
KO,2019-04-17,38.39,38.68,38.35,38.46,38.46,11849300,Consumer Goods
KO,2019-04-18,38.5,38.7,38.45,38.62,38.62,12167000,Consumer Goods
KO,2019-04-22,38.55,38.72,38.24,38.55,38.55,9834700,Consumer Goods
KO,2019-04-23,39.11,39.63,38.68,39.21,39.21,25327800,Consumer Goods
KO,2019-04-24,39.07,39.23,38.98,39.03,39.03,15997300,Consumer Goods
KO,2019-04-25,38.83,38.95,38.61,38.91,38.91,11444400,Consumer Goods
KO,2019-04-26,39.03,39.41,39.03,39.25,39.25,10154300,Consumer Goods
KO,2019-04-29,39.18,39.41,39.13,39.38,39.38,9731500,Consumer Goods
KO,2019-04-30,39.47,40.0,39.36,39.9,39.9,17912900,Consumer Goods
KO,2019-05-01,39.81,39.92,39.49,39.52,39.52,10551200,Consumer Goods
KO,2019-05-02,39.47,39.67,39.26,39.36,39.36,8724600,Consumer Goods
KO,2019-05-03,39.53,39.82,39.46,39.63,39.63,7076900,Consumer Goods
KO,2019-05-06,39.31,39.54,39.25,39.42,39.42,8657800,Consumer Goods
KO,2019-05-07,39.23,39.28,38.85,39.04,39.04,12487500,Consumer Goods
KO,2019-05-08,39.08,39.23,38.9,38.92,38.92,9281400,Consumer Goods
KO,2019-05-09,38.88,39.03,38.29,38.55,38.55,11450500,Consumer Goods
KO,2019-05-10,38.56,39.29,38.55,39.2,39.2,9653800,Consumer Goods
KO,2019-05-13,38.97,39.15,38.82,39.08,39.08,11911500,Consumer Goods
KO,2019-05-14,39.47,40.12,39.33,39.6,39.6,16844200,Consumer Goods
KO,2019-05-15,39.59,40.16,39.53,40.0,40.0,11422500,Consumer Goods
KO,2019-05-16,40.07,40.39,40.03,40.33,40.33,17771300,Consumer Goods
KO,2019-05-17,40.07,40.3,39.99,40.02,40.02,11257000,Consumer Goods
KO,2019-05-20,39.89,39.97,39.66,39.73,39.73,13850500,Consumer Goods
KO,2019-05-21,39.86,39.88,39.41,39.53,39.53,10587400,Consumer Goods
KO,2019-05-22,39.68,40.43,39.63,40.38,40.38,16050400,Consumer Goods
KO,2019-05-23,40.26,40.59,40.23,40.55,40.55,12199400,Consumer Goods
KO,2019-05-24,40.52,40.58,40.29,40.35,40.35,6887600,Consumer Goods
KO,2019-05-28,40.34,40.4,39.88,39.94,39.94,18614000,Consumer Goods
KO,2019-05-29,39.64,39.88,39.38,39.54,39.54,12534600,Consumer Goods
KO,2019-05-30,39.63,40.11,39.59,40.06,40.06,9087200,Consumer Goods
KO,2019-05-31,39.86,40.11,39.68,39.96,39.96,11368600,Consumer Goods
KO,2019-06-03,39.99,40.65,39.87,40.65,40.65,14167200,Consumer Goods
KO,2019-06-04,40.67,40.9,40.36,40.67,40.67,12010600,Consumer Goods
KO,2019-06-05,40.68,41.6,40.42,41.3,41.3,15837600,Consumer Goods
KO,2019-06-06,41.41,41.92,41.15,41.81,41.81,15190400,Consumer Goods
KO,2019-06-07,41.86,42.45,41.85,41.88,41.88,15293600,Consumer Goods
KO,2019-06-10,41.92,41.92,41.56,41.79,41.79,9737400,Consumer Goods
KO,2019-06-11,41.85,41.96,41.63,41.75,41.75,9915600,Consumer Goods
KO,2019-06-12,41.89,42.41,41.86,42.0,42.0,11088100,Consumer Goods
KO,2019-06-13,42.18,42.38,41.63,41.91,41.91,10353600,Consumer Goods
KO,2019-06-14,41.85,42.24,41.85,42.06,42.06,8694300,Consumer Goods
KO,2019-06-17,42.01,42.2,41.49,41.7,41.7,12322400,Consumer Goods
KO,2019-06-18,42.01,42.05,41.42,41.51,41.51,9221100,Consumer Goods
KO,2019-06-19,41.43,42.0,41.37,41.9,41.9,9414100,Consumer Goods
KO,2019-06-20,42.22,42.45,42.09,42.35,42.35,10656600,Consumer Goods
KO,2019-06-21,42.24,42.54,42.14,42.26,42.26,21264400,Consumer Goods
KO,2019-06-24,42.41,42.79,42.38,42.56,42.56,10780000,Consumer Goods
KO,2019-06-25,42.63,42.71,42.33,42.43,42.43,11519900,Consumer Goods
KO,2019-06-26,42.23,42.33,41.88,41.9,41.9,12405100,Consumer Goods
KO,2019-06-27,42.04,42.13,41.78,41.87,41.87,12374900,Consumer Goods
KO,2019-06-28,42.03,42.13,41.41,41.74,41.74,16339900,Consumer Goods
KO,2019-07-01,41.86,42.32,41.63,42.3,42.3,14976400,Consumer Goods
KO,2019-07-02,42.45,42.67,42.26,42.61,42.61,8569200,Consumer Goods
KO,2019-07-03,42.63,42.9,42.63,42.71,42.71,7253700,Consumer Goods
KO,2019-07-05,42.54,42.72,42.2,42.72,42.72,8916300,Consumer Goods
KO,2019-07-08,42.79,42.9,42.54,42.63,42.63,9495100,Consumer Goods
KO,2019-07-09,42.4,42.6,42.16,42.29,42.29,10584900,Consumer Goods
KO,2019-07-10,42.46,42.6,42.35,42.48,42.48,7620900,Consumer Goods
KO,2019-07-11,42.62,42.67,42.35,42.66,42.66,10376500,Consumer Goods
KO,2019-07-12,42.83,42.86,42.55,42.72,42.72,7347400,Consumer Goods
KO,2019-07-15,42.85,42.86,42.52,42.73,42.73,5876100,Consumer Goods
KO,2019-07-16,42.59,43.01,42.47,42.74,42.74,7132500,Consumer Goods
KO,2019-07-17,42.81,42.84,42.63,42.77,42.77,8264200,Consumer Goods
KO,2019-07-18,42.66,42.76,42.35,42.65,42.65,11911800,Consumer Goods
KO,2019-07-19,42.74,42.75,42.11,42.13,42.13,10355500,Consumer Goods
KO,2019-07-22,42.23,42.23,41.91,41.99,41.99,12090700,Consumer Goods
KO,2019-07-23,43.65,44.79,43.25,44.54,44.54,33417900,Consumer Goods
KO,2019-07-24,44.36,44.94,43.95,44.08,44.08,15633400,Consumer Goods
KO,2019-07-25,43.96,44.1,43.22,43.5,43.5,19135000,Consumer Goods
KO,2019-07-26,43.72,44.52,43.6,44.4,44.4,11451900,Consumer Goods
KO,2019-07-29,44.4,44.51,44.18,44.26,44.26,12283900,Consumer Goods
KO,2019-07-30,44.23,44.51,43.91,44.04,44.04,8127100,Consumer Goods
KO,2019-07-31,43.86,43.86,42.66,43.14,43.14,16865500,Consumer Goods
KO,2019-08-01,43.26,43.61,42.63,42.65,42.65,19527200,Consumer Goods
KO,2019-08-02,42.55,43.22,42.55,42.9,42.9,13102300,Consumer Goods
KO,2019-08-05,42.95,43.17,42.13,42.34,42.34,19986500,Consumer Goods
KO,2019-08-06,42.52,43.25,42.31,42.85,42.85,19903100,Consumer Goods
KO,2019-08-07,42.85,43.76,42.44,43.59,43.59,17937000,Consumer Goods
KO,2019-08-08,43.62,44.08,43.32,44.01,44.01,10799000,Consumer Goods
KO,2019-08-09,44.09,44.18,43.51,43.79,43.79,9260900,Consumer Goods
KO,2019-08-12,43.67,43.81,43.44,43.61,43.61,6588600,Consumer Goods
KO,2019-08-13,43.36,43.95,43.34,43.85,43.85,8581200,Consumer Goods
KO,2019-08-14,43.72,44.24,43.42,43.44,43.44,17088900,Consumer Goods
KO,2019-08-15,43.8,44.26,43.63,44.16,44.16,12393200,Consumer Goods
KO,2019-08-16,44.25,44.67,44.22,44.6,44.6,14288700,Consumer Goods
KO,2019-08-19,44.63,44.9,44.52,44.83,44.83,10936200,Consumer Goods
KO,2019-08-20,44.77,44.82,44.13,44.17,44.17,8176700,Consumer Goods
KO,2019-08-21,44.47,44.6,44.14,44.35,44.35,10886500,Consumer Goods
KO,2019-08-22,44.36,44.79,44.35,44.67,44.67,7467900,Consumer Goods
KO,2019-08-23,44.61,44.85,43.76,44.05,44.05,14160400,Consumer Goods
KO,2019-08-26,44.26,44.71,44.04,44.71,44.71,9226900,Consumer Goods
KO,2019-08-27,44.84,45.04,44.6,44.86,44.86,13537000,Consumer Goods
KO,2019-08-28,44.81,45.21,44.61,45.17,45.17,10046400,Consumer Goods
KO,2019-08-29,45.3,45.36,44.76,45.13,45.13,9262800,Consumer Goods
KO,2019-08-30,45.22,45.26,44.93,45.12,45.12,8746700,Consumer Goods
KO,2019-09-03,45.07,45.36,44.98,45.33,45.33,12991400,Consumer Goods
KO,2019-09-04,45.37,45.84,45.33,45.72,45.72,10718100,Consumer Goods
KO,2019-09-05,45.7,45.72,45.11,45.18,45.18,13677000,Consumer Goods
KO,2019-09-06,45.45,45.45,44.89,45.27,45.27,9093500,Consumer Goods
KO,2019-09-09,45.11,45.15,44.56,44.69,44.69,10814900,Consumer Goods
KO,2019-09-10,44.45,44.63,44.14,44.59,44.59,12038200,Consumer Goods
KO,2019-09-11,44.5,44.92,44.24,44.9,44.9,9740400,Consumer Goods
KO,2019-09-12,45.17,45.34,45.07,45.17,45.17,12357900,Consumer Goods
KO,2019-09-13,44.98,45.24,44.65,44.8,44.8,11486100,Consumer Goods
KO,2019-09-16,44.67,44.87,44.28,44.56,44.56,11172000,Consumer Goods
KO,2019-09-17,44.67,45.17,44.56,44.79,44.79,11347400,Consumer Goods
KO,2019-09-18,44.75,44.83,44.44,44.78,44.78,9700400,Consumer Goods
KO,2019-09-19,44.78,45.08,44.7,45.02,45.02,7560300,Consumer Goods
KO,2019-09-20,45.16,45.16,44.51,44.51,44.51,19211500,Consumer Goods
KO,2019-09-23,44.51,44.89,44.49,44.7,44.7,6485300,Consumer Goods
KO,2019-09-24,44.79,45.09,44.62,44.84,44.84,10093000,Consumer Goods
KO,2019-09-25,44.95,44.98,44.59,44.73,44.73,10248400,Consumer Goods
KO,2019-09-26,44.98,45.07,44.7,44.91,44.91,10031200,Consumer Goods
KO,2019-09-27,45.05,45.12,44.59,44.84,44.84,7939900,Consumer Goods
KO,2019-09-30,44.71,45.15,44.71,44.95,44.95,9808700,Consumer Goods
KO,2019-10-01,45.03,45.23,44.6,45.13,45.13,14261500,Consumer Goods
KO,2019-10-02,44.76,44.95,43.68,43.83,43.83,14343600,Consumer Goods
KO,2019-10-03,44.18,44.57,43.61,44.46,44.46,13817500,Consumer Goods
KO,2019-10-04,44.59,45.03,44.5,45.03,45.03,9295400,Consumer Goods
KO,2019-10-07,44.86,44.89,44.4,44.48,44.48,5964900,Consumer Goods
KO,2019-10-08,44.49,44.65,44.13,44.24,44.24,13301900,Consumer Goods
KO,2019-10-09,44.64,44.65,44.21,44.45,44.45,7135000,Consumer Goods
KO,2019-10-10,44.22,44.49,44.06,44.31,44.31,8942900,Consumer Goods
KO,2019-10-11,44.3,44.34,43.93,44.01,44.01,8981700,Consumer Goods
KO,2019-10-14,44.17,44.32,43.94,44.01,44.01,7306300,Consumer Goods
KO,2019-10-15,44.12,44.32,43.99,44.18,44.18,9564300,Consumer Goods
KO,2019-10-16,44.14,44.23,43.87,44.17,44.17,10454800,Consumer Goods
KO,2019-10-17,44.33,44.69,44.24,44.42,44.42,13190300,Consumer Goods
KO,2019-10-18,45.41,45.74,44.96,45.23,45.23,18122400,Consumer Goods
KO,2019-10-21,44.96,45.05,44.32,44.78,44.78,12778900,Consumer Goods
KO,2019-10-22,44.78,44.94,44.37,44.46,44.46,9533400,Consumer Goods
KO,2019-10-23,44.64,45.13,44.6,45.12,45.12,8556600,Consumer Goods
KO,2019-10-24,45.06,45.27,44.99,45.09,45.09,11051400,Consumer Goods
KO,2019-10-25,45.04,45.05,44.32,44.38,44.38,9782400,Consumer Goods
KO,2019-10-28,44.37,44.55,44.07,44.23,44.23,8866100,Consumer Goods
KO,2019-10-29,44.08,44.31,43.98,44.1,44.1,7999700,Consumer Goods
KO,2019-10-30,44.19,44.63,43.89,44.54,44.54,8620900,Consumer Goods
KO,2019-10-31,44.56,44.98,44.46,44.94,44.94,13982000,Consumer Goods
KO,2019-11-01,45.11,45.2,44.46,44.51,44.51,9889500,Consumer Goods
KO,2019-11-04,44.56,44.59,43.74,43.88,43.88,17515100,Consumer Goods
KO,2019-11-05,43.67,43.67,43.04,43.28,43.28,19284000,Consumer Goods
KO,2019-11-06,43.37,43.6,43.28,43.6,43.6,13288900,Consumer Goods
KO,2019-11-07,43.66,43.76,42.9,43.18,43.18,11725500,Consumer Goods
KO,2019-11-08,43.32,43.43,43.01,43.11,43.11,7141800,Consumer Goods
KO,2019-11-11,43.21,43.24,42.76,42.8,42.8,8198300,Consumer Goods
KO,2019-11-12,42.86,42.86,42.59,42.7,42.7,12656900,Consumer Goods
KO,2019-11-13,43.09,43.31,42.9,43.28,43.28,12257900,Consumer Goods
KO,2019-11-14,43.37,43.49,43.23,43.46,43.46,8660300,Consumer Goods
KO,2019-11-15,43.47,43.5,43.25,43.49,43.49,8982400,Consumer Goods
KO,2019-11-18,43.5,44.13,43.49,43.79,43.79,13782000,Consumer Goods
KO,2019-11-19,43.89,44.02,43.66,43.83,43.83,12679500,Consumer Goods
KO,2019-11-20,43.85,44.09,43.77,43.94,43.94,11970300,Consumer Goods
KO,2019-11-21,43.85,44.04,43.58,43.73,43.73,7856100,Consumer Goods
KO,2019-11-22,43.73,43.92,43.56,43.79,43.79,9113300,Consumer Goods
KO,2019-11-25,43.99,44.08,43.57,43.94,43.94,10963500,Consumer Goods
KO,2019-11-26,44.02,44.54,43.94,44.51,44.51,13219800,Consumer Goods
KO,2019-11-27,44.53,44.67,44.26,44.55,44.55,9595200,Consumer Goods
KO,2019-11-29,44.67,44.7,44.27,44.42,44.42,7222300,Consumer Goods
KO,2019-12-02,44.36,44.71,43.96,44.71,44.71,13173800,Consumer Goods
KO,2019-12-03,44.68,44.79,44.42,44.76,44.76,14498300,Consumer Goods
KO,2019-12-04,44.76,45.18,44.69,45.16,45.16,13624000,Consumer Goods
KO,2019-12-05,45.1,45.16,44.78,45.08,45.08,14068100,Consumer Goods
KO,2019-12-06,45.18,45.34,45.06,45.27,45.27,7843500,Consumer Goods
KO,2019-12-09,45.17,45.35,44.94,44.98,44.98,13887200,Consumer Goods
KO,2019-12-10,44.95,44.98,44.7,44.73,44.73,8993900,Consumer Goods
KO,2019-12-11,44.87,45.05,44.64,44.88,44.88,8879100,Consumer Goods
KO,2019-12-12,44.93,45.3,44.87,45.04,45.04,11233300,Consumer Goods
KO,2019-12-13,44.87,45.38,44.79,45.27,45.27,13072200,Consumer Goods
KO,2019-12-16,45.5,45.61,45.23,45.27,45.27,9538100,Consumer Goods
KO,2019-12-17,45.25,45.4,45.16,45.27,45.27,9230000,Consumer Goods
KO,2019-12-18,45.36,45.55,44.83,44.85,44.85,15132100,Consumer Goods
KO,2019-12-19,44.95,45.2,44.85,45.19,45.19,13385900,Consumer Goods
KO,2019-12-20,45.7,45.92,45.31,45.73,45.73,23832800,Consumer Goods
KO,2019-12-23,45.75,45.95,45.62,45.68,45.68,9300800,Consumer Goods
KO,2019-12-24,45.59,45.75,45.45,45.51,45.51,3359300,Consumer Goods
KO,2019-12-26,45.69,45.77,45.58,45.77,45.77,6228500,Consumer Goods
KO,2019-12-27,45.76,46.13,45.75,46.04,46.04,6895500,Consumer Goods
KO,2019-12-30,45.9,46.08,45.8,45.98,45.98,6431700,Consumer Goods
KO,2019-12-31,45.92,46.07,45.74,46.04,46.04,7982600,Consumer Goods
KO,2020-01-02,46.02,46.11,45.55,45.75,45.75,11867700,Consumer Goods
KO,2020-01-03,45.19,45.75,45.0,45.5,45.5,11354500,Consumer Goods
KO,2020-01-06,45.46,45.68,45.35,45.48,45.48,14698300,Consumer Goods
KO,2020-01-07,45.3,45.42,45.05,45.13,45.13,9973900,Consumer Goods
KO,2020-01-08,45.15,45.45,45.05,45.21,45.21,10676000,Consumer Goods
KO,2020-01-09,45.75,46.09,45.62,46.04,46.04,15398000,Consumer Goods
KO,2020-01-10,46.15,46.53,46.13,46.19,46.19,13040100,Consumer Goods
KO,2020-01-13,46.19,46.78,46.1,46.69,46.69,14302900,Consumer Goods
KO,2020-01-14,46.78,46.83,46.44,46.59,46.59,16345300,Consumer Goods
KO,2020-01-15,46.59,47.4,46.59,47.17,47.17,17735400,Consumer Goods
KO,2020-01-16,47.29,47.38,47.09,47.27,47.27,10234100,Consumer Goods
KO,2020-01-17,47.31,47.54,47.25,47.37,47.37,14264300,Consumer Goods
KO,2020-01-21,47.29,47.63,47.06,47.56,47.56,11968900,Consumer Goods
KO,2020-01-22,47.63,47.95,47.57,47.92,47.92,12869600,Consumer Goods
KO,2020-01-23,47.73,48.12,47.62,48.11,48.11,12858900,Consumer Goods
KO,2020-01-24,48.12,48.14,47.8,47.98,47.98,8594300,Consumer Goods
KO,2020-01-27,47.59,48.12,47.53,47.82,47.82,14359900,Consumer Goods
KO,2020-01-28,47.79,48.04,47.39,47.43,47.43,15240200,Consumer Goods
KO,2020-01-29,47.42,47.63,47.13,47.43,47.43,13163600,Consumer Goods
KO,2020-01-30,48.19,49.06,48.05,48.96,48.96,20225600,Consumer Goods
KO,2020-01-31,49.06,49.15,48.37,48.58,48.58,17685200,Consumer Goods
KO,2020-02-03,48.87,49.06,48.68,48.73,48.73,12333600,Consumer Goods
KO,2020-02-04,48.87,49.46,48.76,48.95,48.95,15417900,Consumer Goods
KO,2020-02-05,49.0,49.15,48.7,48.96,48.96,11414900,Consumer Goods
KO,2020-02-06,49.06,49.36,48.95,49.07,49.07,9347000,Consumer Goods
KO,2020-02-07,48.98,49.35,48.96,49.24,49.24,8757800,Consumer Goods
KO,2020-02-10,49.35,49.78,49.32,49.7,49.7,7984900,Consumer Goods
KO,2020-02-11,49.68,49.75,49.35,49.57,49.57,7431200,Consumer Goods
KO,2020-02-12,49.48,49.72,49.35,49.42,49.42,9179100,Consumer Goods
KO,2020-02-13,49.4,49.78,49.26,49.59,49.59,8173200,Consumer Goods
KO,2020-02-14,49.61,49.97,49.6,49.87,49.87,9965500,Consumer Goods
KO,2020-02-18,49.75,49.85,49.46,49.52,49.52,10075700,Consumer Goods
KO,2020-02-19,49.51,49.91,49.47,49.72,49.72,6265700,Consumer Goods
KO,2020-02-20,49.65,49.8,49.17,49.68,49.68,7597200,Consumer Goods
KO,2020-02-21,49.51,50.02,49.44,50.02,50.02,10842400,Consumer Goods
KO,2020-02-24,49.17,49.75,48.72,48.79,48.79,14415500,Consumer Goods
KO,2020-02-25,48.83,49.25,47.93,48.1,48.1,15915100,Consumer Goods
KO,2020-02-26,48.23,48.64,47.82,47.92,47.92,15837800,Consumer Goods
KO,2020-02-27,47.54,48.16,45.65,45.7,45.7,23754000,Consumer Goods
KO,2020-02-28,44.78,44.83,42.91,44.5,44.5,40890600,Consumer Goods
KO,2020-03-02,44.86,46.55,44.67,46.52,46.52,25698600,Consumer Goods
KO,2020-03-03,47.22,47.82,46.29,46.64,46.64,27099200,Consumer Goods
KO,2020-03-04,46.93,49.08,46.93,49.01,49.01,20526100,Consumer Goods
KO,2020-03-05,48.08,48.39,46.74,47.2,47.2,17948500,Consumer Goods
KO,2020-03-06,45.7,46.51,44.9,45.97,45.97,22353900,Consumer Goods
KO,2020-03-09,43.3,44.57,42.83,43.14,43.14,27898300,Consumer Goods
KO,2020-03-10,44.27,44.76,42.57,44.64,44.64,27457400,Consumer Goods
KO,2020-03-11,43.55,43.8,42.54,43.43,43.43,22653900,Consumer Goods
KO,2020-03-12,40.38,41.54,38.84,39.23,39.23,31913100,Consumer Goods
KO,2020-03-13,41.55,41.59,39.11,40.67,40.67,33697200,Consumer Goods
KO,2020-03-16,35.45,40.18,34.55,37.98,37.98,28682300,Consumer Goods
KO,2020-03-17,38.5,39.86,38.07,39.59,39.59,32106700,Consumer Goods
KO,2020-03-18,37.54,37.89,34.9,37.64,37.64,35408300,Consumer Goods
KO,2020-03-19,37.23,37.48,34.44,35.1,35.1,41956900,Consumer Goods
KO,2020-03-20,35.2,35.3,31.48,32.14,32.14,51513500,Consumer Goods
KO,2020-03-23,32.53,32.64,30.44,31.52,31.52,44978500,Consumer Goods
KO,2020-03-24,34.59,34.74,32.59,33.11,33.11,49096200,Consumer Goods
KO,2020-03-25,34.1,36.46,33.49,34.92,34.92,42511700,Consumer Goods
KO,2020-03-26,35.95,37.99,35.62,37.17,37.17,37821700,Consumer Goods
KO,2020-03-27,36.64,36.95,35.58,35.93,35.93,23297900,Consumer Goods
KO,2020-03-30,36.12,38.23,36.12,37.76,37.76,23446000,Consumer Goods
KO,2020-03-31,37.82,38.19,36.97,37.13,37.13,25373900,Consumer Goods
KO,2020-04-01,35.65,36.63,35.08,35.35,35.35,21936400,Consumer Goods
KO,2020-04-02,35.43,37.08,35.13,36.88,36.88,17621900,Consumer Goods
KO,2020-04-03,36.57,37.21,36.34,36.78,36.78,14207100,Consumer Goods
KO,2020-04-06,38.09,39.45,37.5,39.16,39.16,22850000,Consumer Goods
KO,2020-04-07,40.7,40.78,39.0,39.03,39.03,21279600,Consumer Goods
KO,2020-04-08,39.14,40.36,38.88,40.13,40.13,18937100,Consumer Goods
KO,2020-04-09,40.65,41.73,40.57,41.12,41.12,19165300,Consumer Goods
KO,2020-04-13,40.57,40.82,39.02,39.38,39.38,19586000,Consumer Goods
KO,2020-04-14,40.23,41.33,39.38,41.05,41.05,21801900,Consumer Goods
KO,2020-04-15,40.04,40.62,39.79,39.95,39.95,12893200,Consumer Goods
KO,2020-04-16,39.78,40.15,39.24,39.53,39.53,17606800,Consumer Goods
KO,2020-04-17,40.53,40.53,39.75,40.33,40.33,19844600,Consumer Goods
KO,2020-04-20,40.1,40.28,38.86,39.05,39.05,18957900,Consumer Goods
KO,2020-04-21,38.5,39.36,37.14,38.08,38.08,26863700,Consumer Goods
KO,2020-04-22,38.64,38.73,38.18,38.33,38.33,15811600,Consumer Goods
KO,2020-04-23,38.56,38.69,37.74,37.82,37.82,17668200,Consumer Goods
KO,2020-04-24,38.18,38.39,37.86,38.12,38.12,15175000,Consumer Goods
KO,2020-04-27,38.6,39.42,38.36,39.26,39.26,19175500,Consumer Goods
KO,2020-04-28,40.2,40.28,39.08,39.22,39.22,17246700,Consumer Goods
KO,2020-04-29,39.67,40.16,39.34,39.54,39.54,15780000,Consumer Goods
KO,2020-04-30,39.44,39.44,38.35,38.51,38.51,20801100,Consumer Goods
KO,2020-05-01,38.28,38.93,37.94,38.27,38.27,14290400,Consumer Goods
KO,2020-05-04,38.03,38.17,37.43,37.88,37.88,22544200,Consumer Goods
KO,2020-05-05,38.07,38.69,37.89,38.1,38.1,13370500,Consumer Goods
KO,2020-05-06,38.1,38.29,37.53,37.55,37.55,11892900,Consumer Goods
KO,2020-05-07,37.89,37.96,37.34,37.43,37.43,16466000,Consumer Goods
KO,2020-05-08,37.83,38.79,37.66,38.69,38.69,13985100,Consumer Goods
KO,2020-05-11,38.34,38.69,38.2,38.22,38.22,10874600,Consumer Goods
KO,2020-05-12,38.27,38.48,37.6,37.61,37.61,13424400,Consumer Goods
KO,2020-05-13,37.52,37.58,36.52,36.87,36.87,15854800,Consumer Goods
KO,2020-05-14,36.4,36.97,36.28,36.67,36.67,18000800,Consumer Goods
KO,2020-05-15,36.89,37.5,36.25,36.3,36.3,31579400,Consumer Goods
KO,2020-05-18,37.61,38.09,37.03,37.74,37.74,26118500,Consumer Goods
KO,2020-05-19,37.77,38.04,37.13,37.38,37.38,17839900,Consumer Goods
KO,2020-05-20,37.93,38.74,37.78,38.51,38.51,22295900,Consumer Goods
KO,2020-05-21,38.67,38.68,37.79,37.91,37.91,13193500,Consumer Goods
KO,2020-05-22,37.95,38.02,37.47,37.79,37.79,13008400,Consumer Goods
KO,2020-05-26,39.37,39.38,38.54,38.68,38.68,22223100,Consumer Goods
KO,2020-05-27,39.44,39.52,38.74,39.21,39.21,18447600,Consumer Goods
KO,2020-05-28,39.69,39.83,39.29,39.52,39.52,16230600,Consumer Goods
KO,2020-05-29,39.17,39.6,38.72,39.17,39.17,51125000,Consumer Goods
KO,2020-06-01,39.16,39.63,39.1,39.43,39.43,17010700,Consumer Goods
KO,2020-06-02,39.58,39.68,39.07,39.36,39.36,15255100,Consumer Goods
KO,2020-06-03,39.67,40.38,39.54,40.2,40.2,15508300,Consumer Goods
KO,2020-06-04,40.23,40.51,39.76,40.21,40.21,13604700,Consumer Goods
KO,2020-06-05,40.73,41.53,40.67,41.2,41.2,20504800,Consumer Goods
KO,2020-06-08,41.57,41.93,41.51,41.83,41.83,19896700,Consumer Goods
KO,2020-06-09,41.61,41.61,40.85,41.12,41.12,16713700,Consumer Goods
KO,2020-06-10,41.25,41.35,40.76,40.8,40.8,15716600,Consumer Goods
KO,2020-06-11,40.12,40.21,38.15,38.22,38.22,26070400,Consumer Goods
KO,2020-06-12,39.13,39.16,38.11,38.61,38.61,21822700,Consumer Goods
KO,2020-06-15,37.74,39.33,37.66,39.21,39.21,15622300,Consumer Goods
KO,2020-06-16,40.27,40.38,39.11,39.6,39.6,18803500,Consumer Goods
KO,2020-06-17,39.61,39.85,39.33,39.44,39.44,12602800,Consumer Goods
KO,2020-06-18,39.21,39.83,39.01,39.79,39.79,9380800,Consumer Goods
KO,2020-06-19,40.45,40.47,38.97,38.97,38.97,30464600,Consumer Goods
KO,2020-06-22,38.98,39.08,38.43,38.73,38.73,20876200,Consumer Goods
KO,2020-06-23,38.95,39.2,38.6,38.65,38.65,14675300,Consumer Goods
KO,2020-06-24,38.42,38.48,37.68,37.81,37.81,17631800,Consumer Goods
KO,2020-06-25,37.66,38.09,37.28,38.05,38.05,13829700,Consumer Goods
KO,2020-06-26,38.04,38.11,36.84,36.9,36.9,21955100,Consumer Goods
KO,2020-06-29,37.26,37.74,36.88,37.56,37.56,17603900,Consumer Goods
KO,2020-06-30,37.47,37.96,37.29,37.84,37.84,23679800,Consumer Goods
KO,2020-07-01,38.05,38.55,37.86,37.95,37.95,14316500,Consumer Goods
KO,2020-07-02,38.35,38.47,37.94,38.0,38.0,15111900,Consumer Goods
KO,2020-07-06,38.22,38.33,37.78,38.3,38.3,15146000,Consumer Goods
KO,2020-07-07,38.11,38.53,37.94,38.28,38.28,13043600,Consumer Goods
KO,2020-07-08,38.22,38.26,37.66,38.17,38.17,13851200,Consumer Goods
KO,2020-07-09,38.15,38.15,37.12,37.18,37.18,16087100,Consumer Goods
KO,2020-07-10,37.16,38.32,37.14,38.23,38.23,15627800,Consumer Goods
KO,2020-07-13,38.55,38.68,38.07,38.32,38.32,16705300,Consumer Goods
KO,2020-07-14,38.03,38.9,37.83,38.84,38.84,17080100,Consumer Goods
KO,2020-07-15,39.21,39.96,39.12,39.29,39.29,23738000,Consumer Goods
KO,2020-07-16,39.17,39.54,38.9,39.08,39.08,13306100,Consumer Goods
KO,2020-07-17,39.35,39.72,39.06,39.65,39.65,13899800,Consumer Goods
KO,2020-07-20,39.56,39.66,38.83,39.05,39.05,16633200,Consumer Goods
KO,2020-07-21,40.24,40.64,39.74,39.97,39.97,25681500,Consumer Goods
KO,2020-07-22,40.59,41.09,39.82,41.05,41.05,29831200,Consumer Goods
KO,2020-07-23,41.04,41.13,40.67,40.88,40.88,15935000,Consumer Goods
KO,2020-07-24,40.99,41.32,40.71,41.06,41.06,16196800,Consumer Goods
KO,2020-07-27,40.8,41.08,40.8,41.05,41.05,17346500,Consumer Goods
KO,2020-07-28,40.93,41.73,40.73,40.8,40.8,13872700,Consumer Goods
KO,2020-07-29,40.76,41.07,40.49,40.66,40.66,13758100,Consumer Goods
KO,2020-07-30,40.37,40.84,39.97,40.38,40.38,17276500,Consumer Goods
KO,2020-07-31,40.17,40.45,39.57,40.0,40.0,14849200,Consumer Goods
KO,2020-08-03,39.92,40.1,39.15,39.21,39.21,14137500,Consumer Goods
KO,2020-08-04,39.2,39.68,39.14,39.54,39.54,11717200,Consumer Goods
KO,2020-08-05,39.71,40.03,39.64,39.99,39.99,10498700,Consumer Goods
KO,2020-08-06,39.51,40.25,39.46,40.21,40.21,10745000,Consumer Goods
KO,2020-08-07,40.2,40.71,39.98,40.48,40.48,11669700,Consumer Goods
KO,2020-08-10,40.7,40.88,40.36,40.41,40.41,11888000,Consumer Goods
KO,2020-08-11,41.04,41.2,40.39,40.59,40.59,16531600,Consumer Goods
KO,2020-08-12,40.9,41.23,40.75,41.01,41.01,9562200,Consumer Goods
KO,2020-08-13,40.87,41.26,40.7,40.97,40.97,9882900,Consumer Goods
KO,2020-08-14,40.93,41.23,40.67,41.03,41.03,10075800,Consumer Goods
KO,2020-08-17,40.92,41.28,40.82,40.82,40.82,9102400,Consumer Goods
KO,2020-08-18,40.82,41.07,40.61,41.0,41.0,9829000,Consumer Goods
KO,2020-08-19,40.75,40.97,39.99,40.11,40.11,17371000,Consumer Goods
KO,2020-08-20,40.03,40.31,39.88,40.1,40.1,11308700,Consumer Goods
KO,2020-08-21,40.09,40.22,39.77,40.04,40.04,14734100,Consumer Goods
KO,2020-08-24,40.16,40.63,39.95,40.62,40.62,9257700,Consumer Goods
KO,2020-08-25,40.65,40.69,40.35,40.57,40.57,7827800,Consumer Goods
KO,2020-08-26,40.44,40.8,40.2,40.78,40.78,10124200,Consumer Goods
KO,2020-08-27,40.86,41.34,40.82,40.84,40.84,10931600,Consumer Goods
KO,2020-08-28,41.28,42.21,41.1,42.2,42.2,16420300,Consumer Goods
KO,2020-08-31,42.17,42.4,41.79,41.94,41.94,18510800,Consumer Goods
KO,2020-09-01,41.76,41.79,41.35,41.59,41.59,12588400,Consumer Goods
KO,2020-09-02,41.8,43.49,41.8,43.35,43.35,26332600,Consumer Goods
KO,2020-09-03,43.53,44.15,42.42,42.75,42.75,22289400,Consumer Goods
KO,2020-09-04,43.14,43.58,42.58,43.22,43.22,21019500,Consumer Goods
KO,2020-09-08,43.13,43.22,41.8,42.18,42.18,17776700,Consumer Goods
KO,2020-09-09,42.0,42.98,41.96,42.5,42.5,15252300,Consumer Goods
KO,2020-09-10,42.64,42.92,42.3,42.34,42.34,15439500,Consumer Goods
KO,2020-09-11,42.68,43.36,42.42,43.24,43.24,18272300,Consumer Goods
KO,2020-09-14,43.51,43.73,43.17,43.29,43.29,10911700,Consumer Goods
KO,2020-09-15,43.54,43.86,43.4,43.58,43.58,12838400,Consumer Goods
KO,2020-09-16,43.49,43.92,43.31,43.36,43.36,15353900,Consumer Goods
KO,2020-09-17,42.87,43.22,42.63,43.15,43.15,13287100,Consumer Goods
KO,2020-09-18,43.32,43.67,42.86,43.07,43.07,23816600,Consumer Goods
KO,2020-09-21,42.47,42.7,41.5,41.91,41.91,17514800,Consumer Goods
KO,2020-09-22,41.92,42.72,41.89,42.39,42.39,13034600,Consumer Goods
KO,2020-09-23,42.45,42.61,41.12,41.15,41.15,17121200,Consumer Goods
KO,2020-09-24,41.15,41.91,40.6,41.57,41.57,16788100,Consumer Goods
KO,2020-09-25,41.15,41.62,40.96,41.59,41.59,12603400,Consumer Goods
KO,2020-09-28,42.09,42.44,41.95,42.07,42.07,11215700,Consumer Goods
KO,2020-09-29,42.16,42.31,41.75,41.76,41.76,12426600,Consumer Goods
KO,2020-09-30,42.06,42.36,41.74,42.14,42.14,15755900,Consumer Goods
KO,2020-10-01,42.2,42.39,41.48,41.98,41.98,17577300,Consumer Goods
KO,2020-10-02,41.62,42.32,41.44,42.14,42.14,13610100,Consumer Goods
KO,2020-10-05,42.2,42.3,41.93,42.15,42.15,10628700,Consumer Goods
KO,2020-10-06,42.3,42.45,41.68,41.78,41.78,10077400,Consumer Goods
KO,2020-10-07,41.85,42.48,41.79,42.31,42.31,10135600,Consumer Goods
KO,2020-10-08,42.44,43.14,42.29,43.08,43.08,12143900,Consumer Goods
KO,2020-10-09,43.25,43.73,43.19,43.37,43.37,11407800,Consumer Goods
KO,2020-10-12,43.4,43.99,43.39,43.61,43.61,11386500,Consumer Goods
KO,2020-10-13,43.53,43.53,42.6,42.87,42.87,14365300,Consumer Goods
KO,2020-10-14,42.73,43.1,42.38,42.79,42.79,10582100,Consumer Goods
KO,2020-10-15,42.17,42.79,42.09,42.67,42.67,9961700,Consumer Goods
KO,2020-10-16,42.67,42.98,42.57,42.71,42.71,13569800,Consumer Goods
KO,2020-10-19,42.71,43.09,42.22,42.36,42.36,9930400,Consumer Goods
KO,2020-10-20,42.59,43.21,42.5,42.9,42.9,10970700,Consumer Goods
KO,2020-10-21,42.65,43.05,42.49,42.67,42.67,12517400,Consumer Goods
KO,2020-10-22,43.68,43.71,43.01,43.26,43.26,20189200,Consumer Goods
KO,2020-10-23,43.54,43.69,43.08,43.13,43.13,13491300,Consumer Goods
KO,2020-10-26,42.97,43.12,42.0,42.51,42.51,14696400,Consumer Goods
KO,2020-10-27,42.52,42.93,42.3,42.6,42.6,13892100,Consumer Goods
KO,2020-10-28,41.83,41.96,40.79,40.94,40.94,19886200,Consumer Goods
KO,2020-10-29,40.74,41.39,40.38,40.99,40.99,15369900,Consumer Goods
KO,2020-10-30,40.81,41.08,40.44,41.03,41.03,15804000,Consumer Goods
KO,2020-11-02,41.62,41.79,41.18,41.5,41.5,15156100,Consumer Goods
KO,2020-11-03,42.02,42.65,41.83,42.13,42.13,15285100,Consumer Goods
KO,2020-11-04,42.2,42.86,41.9,41.97,41.97,12930800,Consumer Goods
KO,2020-11-05,42.48,42.86,42.12,42.2,42.2,12452400,Consumer Goods
KO,2020-11-06,42.38,42.67,42.04,42.21,42.21,9294900,Consumer Goods
KO,2020-11-09,44.82,45.47,44.45,44.88,44.88,33442000,Consumer Goods
KO,2020-11-10,44.88,46.34,44.77,46.08,46.08,29706700,Consumer Goods
KO,2020-11-11,46.04,46.35,45.53,45.74,45.74,17399900,Consumer Goods
KO,2020-11-12,45.29,45.42,44.91,45.25,45.25,15024400,Consumer Goods
KO,2020-11-13,45.46,45.67,45.15,45.63,45.63,12447900,Consumer Goods
KO,2020-11-16,46.52,46.63,45.48,45.97,45.97,14908200,Consumer Goods
KO,2020-11-17,45.81,45.88,45.27,45.82,45.82,14248400,Consumer Goods
KO,2020-11-18,45.88,46.11,44.87,44.91,44.91,15278200,Consumer Goods
KO,2020-11-19,44.81,45.44,44.35,45.35,45.35,17189500,Consumer Goods
KO,2020-11-20,45.41,45.46,44.89,44.96,44.96,15645600,Consumer Goods
KO,2020-11-23,45.2,45.39,44.56,44.97,44.97,13191900,Consumer Goods
KO,2020-11-24,45.36,45.75,45.26,45.43,45.43,13827600,Consumer Goods
KO,2020-11-25,45.3,45.48,45.06,45.18,45.18,10194800,Consumer Goods
KO,2020-11-27,45.34,45.41,44.91,44.99,44.99,8499300,Consumer Goods
KO,2020-11-30,44.82,44.9,43.95,44.39,44.39,43203600,Consumer Goods
KO,2020-12-01,44.86,45.02,44.56,44.77,44.77,18968800,Consumer Goods
KO,2020-12-02,44.65,44.85,44.43,44.83,44.83,14913100,Consumer Goods
KO,2020-12-03,44.65,45.55,44.65,45.41,45.41,17318900,Consumer Goods
KO,2020-12-04,45.41,46.35,45.39,46.33,46.33,18122400,Consumer Goods
KO,2020-12-07,46.25,46.27,45.34,45.59,45.59,16210900,Consumer Goods
KO,2020-12-08,45.55,46.01,45.42,45.75,45.75,12485800,Consumer Goods
KO,2020-12-09,45.92,46.11,45.6,45.88,45.88,11508400,Consumer Goods
KO,2020-12-10,45.94,46.04,45.58,45.64,45.64,12097300,Consumer Goods
KO,2020-12-11,45.43,46.06,45.41,45.9,45.9,10638100,Consumer Goods
KO,2020-12-14,46.16,46.32,45.75,45.83,45.83,22292000,Consumer Goods
KO,2020-12-15,46.28,46.65,46.11,46.32,46.32,16193700,Consumer Goods
KO,2020-12-16,46.11,46.29,45.55,45.65,45.65,15679600,Consumer Goods
KO,2020-12-17,45.86,46.21,45.73,45.83,45.83,12677300,Consumer Goods
KO,2020-12-18,45.67,46.32,45.27,46.24,46.24,35480100,Consumer Goods
KO,2020-12-21,45.32,45.6,44.72,45.43,45.43,14926600,Consumer Goods
KO,2020-12-22,45.43,45.75,45.07,45.39,45.39,9689500,Consumer Goods
KO,2020-12-23,45.56,45.93,45.55,45.67,45.67,7040300,Consumer Goods
KO,2020-12-24,45.62,46.07,45.62,45.98,45.98,3265500,Consumer Goods
KO,2020-12-28,46.33,46.84,46.23,46.6,46.6,9020500,Consumer Goods
KO,2020-12-29,46.85,46.88,46.48,46.57,46.57,8320600,Consumer Goods
KO,2020-12-30,46.5,47.0,46.48,46.84,46.84,8142700,Consumer Goods
KO,2020-12-31,46.85,47.26,46.69,47.18,47.18,8495000,Consumer Goods
KO,2021-01-04,46.69,47.0,44.76,45.39,45.39,25611100,Consumer Goods
KO,2021-01-05,45.02,45.27,44.76,44.89,44.89,20323800,Consumer Goods
KO,2021-01-06,44.71,44.76,43.18,43.46,43.46,38724500,Consumer Goods
KO,2021-01-07,43.09,43.24,42.6,42.98,42.98,53225700,Consumer Goods
KO,2021-01-08,43.04,43.99,42.88,43.95,43.95,29674000,Consumer Goods
KO,2021-01-11,43.55,43.76,42.97,43.19,43.19,19304400,Consumer Goods
KO,2021-01-12,43.05,43.34,42.81,43.11,43.11,18538700,Consumer Goods
KO,2021-01-13,43.0,43.33,42.97,43.16,43.16,18864100,Consumer Goods
KO,2021-01-14,43.16,43.17,42.35,42.35,42.35,34303600,Consumer Goods
KO,2021-01-15,42.29,42.31,41.75,41.9,41.9,24366800,Consumer Goods
KO,2021-01-19,41.93,42.19,41.5,41.74,41.74,29114500,Consumer Goods
KO,2021-01-20,41.76,42.0,41.56,41.88,41.88,23115800,Consumer Goods
KO,2021-01-21,41.97,42.23,41.69,42.11,42.11,19702500,Consumer Goods
KO,2021-01-22,41.99,42.11,41.72,41.72,41.72,15400300,Consumer Goods
KO,2021-01-25,41.66,42.02,41.5,41.97,41.97,16604200,Consumer Goods
KO,2021-01-26,42.08,42.5,41.82,42.41,42.41,12922600,Consumer Goods
KO,2021-01-27,42.06,42.43,41.49,41.75,41.75,21242400,Consumer Goods
KO,2021-01-28,41.89,42.59,41.82,42.29,42.29,17498900,Consumer Goods
KO,2021-01-29,42.18,42.26,41.39,41.43,41.43,18670300,Consumer Goods
KO,2021-02-01,41.53,41.89,41.45,41.71,41.71,12183600,Consumer Goods
KO,2021-02-02,41.98,42.46,41.84,42.12,42.12,13319800,Consumer Goods
KO,2021-02-03,42.11,42.23,41.87,41.96,41.96,12274100,Consumer Goods
KO,2021-02-04,42.12,42.22,41.86,42.17,42.17,20597400,Consumer Goods
KO,2021-02-05,42.59,42.83,42.39,42.72,42.72,12742000,Consumer Goods
KO,2021-02-08,42.98,43.16,42.58,42.95,42.95,17833200,Consumer Goods
KO,2021-02-09,42.89,43.03,42.7,42.76,42.76,14592900,Consumer Goods
KO,2021-02-10,43.37,43.52,42.61,42.67,42.67,22965400,Consumer Goods
KO,2021-02-11,42.85,43.52,42.85,43.28,43.28,21928600,Consumer Goods
KO,2021-02-12,43.51,43.75,43.35,43.61,43.61,13137100,Consumer Goods
KO,2021-02-16,43.55,43.64,43.16,43.25,43.25,15093400,Consumer Goods
KO,2021-02-17,43.02,43.44,42.92,43.13,43.13,12794300,Consumer Goods
KO,2021-02-18,43.16,43.75,43.04,43.68,43.68,12747100,Consumer Goods
KO,2021-02-19,43.7,43.73,42.99,43.11,43.11,15968800,Consumer Goods
KO,2021-02-22,42.89,43.77,42.73,43.56,43.56,14370900,Consumer Goods
KO,2021-02-23,43.88,44.32,43.38,43.48,43.48,16222300,Consumer Goods
KO,2021-02-24,43.35,43.79,43.13,43.63,43.63,14442000,Consumer Goods
KO,2021-02-25,43.42,43.66,43.0,43.16,43.16,14211100,Consumer Goods
KO,2021-02-26,43.19,43.2,42.13,42.15,42.15,23638400,Consumer Goods
KO,2021-03-01,42.54,43.4,42.5,42.93,42.93,13901200,Consumer Goods
KO,2021-03-02,42.88,43.5,42.76,43.1,43.1,11755100,Consumer Goods
KO,2021-03-03,42.78,43.5,42.77,43.0,43.0,15410700,Consumer Goods
KO,2021-03-04,43.28,43.96,42.69,42.97,42.97,22036400,Consumer Goods
KO,2021-03-05,43.06,43.83,42.93,43.7,43.7,21310800,Consumer Goods
KO,2021-03-08,44.28,45.16,44.02,44.43,44.43,25084900,Consumer Goods
KO,2021-03-09,44.5,44.63,43.72,43.76,43.76,23082700,Consumer Goods
KO,2021-03-10,44.03,44.42,43.64,44.26,44.26,21331600,Consumer Goods
KO,2021-03-11,44.23,44.25,43.71,43.77,43.77,17417700,Consumer Goods
KO,2021-03-12,43.89,43.97,43.55,43.69,43.69,17598600,Consumer Goods
KO,2021-03-15,43.81,44.35,43.78,44.27,44.27,13411900,Consumer Goods
KO,2021-03-16,44.42,44.69,44.28,44.43,44.43,14214200,Consumer Goods
KO,2021-03-17,44.46,44.78,44.37,44.45,44.45,17502700,Consumer Goods
KO,2021-03-18,44.3,44.41,43.8,43.87,43.87,18007300,Consumer Goods
KO,2021-03-19,43.77,44.31,43.52,44.08,44.08,67845700,Consumer Goods
KO,2021-03-22,43.65,44.31,43.65,44.24,44.24,17911400,Consumer Goods
KO,2021-03-23,44.23,44.81,44.1,44.58,44.58,16936700,Consumer Goods
KO,2021-03-24,44.39,45.02,44.37,44.69,44.69,14997400,Consumer Goods
KO,2021-03-25,44.85,45.16,44.39,45.13,45.13,17091900,Consumer Goods
KO,2021-03-26,45.23,46.07,44.9,46.01,46.01,17126700,Consumer Goods
KO,2021-03-29,45.74,46.79,45.73,46.72,46.72,17514100,Consumer Goods
KO,2021-03-30,46.63,46.66,45.92,46.11,46.11,14871800,Consumer Goods
KO,2021-03-31,46.0,46.13,45.54,45.73,45.73,15826500,Consumer Goods
KO,2021-04-01,45.94,46.11,45.51,45.55,45.55,15834700,Consumer Goods
KO,2021-04-05,45.41,46.17,45.36,45.81,45.81,16368700,Consumer Goods
KO,2021-04-06,46.01,46.54,45.89,46.14,46.14,15614300,Consumer Goods
KO,2021-04-07,46.22,46.41,46.08,46.22,46.22,10062700,Consumer Goods
KO,2021-04-08,46.13,46.31,45.95,46.08,46.08,9695600,Consumer Goods
KO,2021-04-09,46.13,46.22,45.81,46.13,46.13,10828200,Consumer Goods
KO,2021-04-12,46.26,46.46,46.06,46.28,46.28,8565300,Consumer Goods
KO,2021-04-13,46.01,46.23,45.81,46.06,46.06,11071700,Consumer Goods
KO,2021-04-14,45.96,46.14,45.67,46.05,46.05,9787600,Consumer Goods
KO,2021-04-15,46.09,46.55,46.08,46.26,46.26,13078100,Consumer Goods
KO,2021-04-16,46.62,46.67,46.31,46.57,46.57,17974100,Consumer Goods
KO,2021-04-19,46.85,47.16,46.24,46.85,46.85,19352900,Consumer Goods
KO,2021-04-20,46.71,47.36,46.68,46.99,46.99,14419200,Consumer Goods
KO,2021-04-21,47.05,47.49,47.05,47.37,47.37,13866500,Consumer Goods
KO,2021-04-22,47.25,47.6,47.12,47.23,47.23,12558900,Consumer Goods
KO,2021-04-23,47.19,47.36,46.99,47.25,47.25,9020500,Consumer Goods
KO,2021-04-26,47.25,47.29,46.48,46.55,46.55,11684600,Consumer Goods
KO,2021-04-27,46.46,46.59,46.26,46.48,46.48,9852400,Consumer Goods
KO,2021-04-28,46.83,46.89,46.36,46.49,46.49,10868100,Consumer Goods
KO,2021-04-29,46.45,47.16,46.35,47.07,47.07,15391000,Consumer Goods
KO,2021-04-30,47.06,47.08,46.58,46.83,46.83,14912600,Consumer Goods
KO,2021-05-03,47.08,47.54,46.98,47.26,47.26,10417900,Consumer Goods
KO,2021-05-04,47.34,47.38,46.79,46.97,46.97,14151000,Consumer Goods
KO,2021-05-05,46.97,47.05,46.59,46.85,46.85,9665900,Consumer Goods
KO,2021-05-06,46.95,47.37,46.89,47.31,47.31,11572700,Consumer Goods
KO,2021-05-07,47.23,47.51,46.98,47.29,47.29,10637500,Consumer Goods
KO,2021-05-10,47.61,48.15,47.57,47.63,47.63,15545800,Consumer Goods
KO,2021-05-11,47.74,47.83,46.89,47.12,47.12,12986700,Consumer Goods
KO,2021-05-12,47.16,47.33,46.74,46.88,46.88,15836500,Consumer Goods
KO,2021-05-13,46.82,47.52,46.7,47.29,47.29,15475800,Consumer Goods
KO,2021-05-14,47.63,47.8,47.44,47.48,47.48,11725300,Consumer Goods
KO,2021-05-17,47.57,47.73,47.28,47.4,47.4,12119800,Consumer Goods
KO,2021-05-18,47.18,47.33,46.93,47.14,47.14,13232500,Consumer Goods
KO,2021-05-19,46.95,47.0,46.51,46.99,46.99,15126100,Consumer Goods
KO,2021-05-20,46.95,47.54,46.95,47.41,47.41,10948400,Consumer Goods
KO,2021-05-21,47.54,47.82,47.04,47.38,47.38,16033200,Consumer Goods
KO,2021-05-24,47.39,47.65,47.27,47.54,47.54,10326100,Consumer Goods
KO,2021-05-25,47.56,47.56,47.15,47.53,47.53,11916500,Consumer Goods
KO,2021-05-26,47.7,47.76,47.36,47.74,47.74,16064300,Consumer Goods
KO,2021-05-27,47.9,48.21,47.52,48.14,48.14,59109600,Consumer Goods
KO,2021-05-28,48.02,48.33,47.89,47.96,47.96,17011600,Consumer Goods
KO,2021-06-01,48.01,48.28,47.8,47.96,47.96,13304000,Consumer Goods
KO,2021-06-02,48.15,48.2,47.94,48.15,48.15,11328500,Consumer Goods
KO,2021-06-03,47.87,48.35,47.8,48.27,48.27,17364300,Consumer Goods
KO,2021-06-04,48.49,49.0,48.39,48.79,48.79,18935100,Consumer Goods
KO,2021-06-07,48.85,48.88,48.42,48.62,48.62,14010800,Consumer Goods
KO,2021-06-08,48.8,48.8,48.19,48.28,48.28,10968300,Consumer Goods
KO,2021-06-09,48.36,48.51,48.13,48.13,48.13,9838800,Consumer Goods
KO,2021-06-10,48.5,48.68,48.37,48.5,48.5,12444400,Consumer Goods
KO,2021-06-11,48.57,48.76,48.29,48.72,48.72,11825800,Consumer Goods
KO,2021-06-14,48.68,48.69,48.25,48.55,48.55,9710800,Consumer Goods
KO,2021-06-15,48.75,48.76,48.24,48.43,48.43,11154200,Consumer Goods
KO,2021-06-16,48.46,48.47,47.76,47.78,47.78,15211700,Consumer Goods
KO,2021-06-17,47.78,48.2,47.77,48.03,48.03,10658400,Consumer Goods
KO,2021-06-18,47.64,47.74,46.95,47.0,47.0,31445600,Consumer Goods
KO,2021-06-21,47.39,47.57,47.2,47.51,47.51,14404300,Consumer Goods
KO,2021-06-22,47.5,47.94,47.43,47.69,47.69,13072800,Consumer Goods
KO,2021-06-23,47.69,47.72,47.29,47.3,47.3,12339200,Consumer Goods
KO,2021-06-24,47.43,47.57,47.2,47.54,47.54,11488400,Consumer Goods
KO,2021-06-25,47.41,47.61,47.21,47.48,47.48,18880300,Consumer Goods
KO,2021-06-28,47.42,47.52,47.2,47.43,47.43,10556900,Consumer Goods
KO,2021-06-29,47.31,47.5,46.95,47.08,47.08,12300900,Consumer Goods
KO,2021-06-30,47.02,47.36,46.98,47.29,47.29,14614200,Consumer Goods
KO,2021-07-01,47.5,47.62,47.08,47.16,47.16,13214700,Consumer Goods
KO,2021-07-02,47.2,47.59,47.2,47.36,47.36,10604600,Consumer Goods
KO,2021-07-06,47.19,47.28,46.81,47.09,47.09,15278200,Consumer Goods
KO,2021-07-07,46.95,47.53,46.95,47.48,47.48,14377700,Consumer Goods
KO,2021-07-08,47.21,47.35,46.97,47.31,47.31,11943900,Consumer Goods
KO,2021-07-09,47.42,47.65,47.36,47.6,47.6,10847000,Consumer Goods
KO,2021-07-12,47.48,47.72,47.43,47.62,47.62,15107600,Consumer Goods
KO,2021-07-13,48.03,48.33,47.85,48.09,48.09,15170800,Consumer Goods
KO,2021-07-14,48.09,49.25,48.04,49.17,49.17,22002700,Consumer Goods
KO,2021-07-15,49.16,49.36,48.87,49.33,49.33,15068200,Consumer Goods
KO,2021-07-16,49.35,49.54,49.17,49.3,49.3,14860500,Consumer Goods
KO,2021-07-19,49.02,49.25,48.21,48.71,48.71,19527000,Consumer Goods
KO,2021-07-20,48.71,49.23,48.53,48.8,48.8,16257900,Consumer Goods
KO,2021-07-21,50.11,50.31,49.32,49.43,49.43,20918200,Consumer Goods
KO,2021-07-22,49.49,49.59,48.99,49.36,49.36,13402700,Consumer Goods
KO,2021-07-23,49.46,50.11,49.34,49.83,49.83,12144000,Consumer Goods
KO,2021-07-26,49.72,49.93,49.44,49.87,49.87,8681100,Consumer Goods
KO,2021-07-27,49.92,50.29,49.75,50.05,50.05,12794400,Consumer Goods
KO,2021-07-28,49.81,49.96,49.5,49.59,49.59,9858000,Consumer Goods
KO,2021-07-29,49.88,50.04,49.7,49.86,49.86,9599100,Consumer Goods
KO,2021-07-30,49.95,50.04,49.73,49.85,49.85,11727000,Consumer Goods
KO,2021-08-02,50.0,50.03,49.57,49.72,49.72,9778000,Consumer Goods
KO,2021-08-03,49.82,49.82,49.6,49.75,49.75,8825500,Consumer Goods
KO,2021-08-04,49.6,49.78,48.96,49.03,49.03,11888400,Consumer Goods
KO,2021-08-05,49.33,49.46,49.2,49.38,49.38,9806800,Consumer Goods
KO,2021-08-06,49.47,49.59,49.33,49.51,49.51,10409300,Consumer Goods
KO,2021-08-09,49.65,49.72,49.32,49.51,49.51,8859900,Consumer Goods
KO,2021-08-10,49.68,49.97,49.52,49.65,49.65,10906900,Consumer Goods
KO,2021-08-11,49.72,49.98,49.57,49.58,49.58,8370700,Consumer Goods
KO,2021-08-12,49.58,49.8,49.58,49.68,49.68,6169200,Consumer Goods
KO,2021-08-13,49.65,50.08,49.62,50.02,50.02,7714200,Consumer Goods
KO,2021-08-16,50.0,50.25,49.85,50.24,50.24,7972000,Consumer Goods
KO,2021-08-17,50.22,50.31,49.83,50.07,50.07,10346400,Consumer Goods
KO,2021-08-18,49.99,50.02,49.31,49.38,49.38,13873700,Consumer Goods
KO,2021-08-19,49.0,49.8,48.9,49.7,49.7,9223700,Consumer Goods
KO,2021-08-20,49.68,49.85,49.45,49.51,49.51,10543600,Consumer Goods
KO,2021-08-23,49.53,49.6,49.28,49.33,49.33,8912800,Consumer Goods
KO,2021-08-24,49.51,49.51,48.86,48.96,48.96,12067200,Consumer Goods
KO,2021-08-25,49.0,49.1,48.71,49.01,49.01,11270700,Consumer Goods
KO,2021-08-26,48.9,48.93,48.52,48.54,48.54,10331500,Consumer Goods
KO,2021-08-27,48.65,48.76,48.47,48.64,48.64,8844100,Consumer Goods
KO,2021-08-30,48.68,49.12,48.63,49.1,49.1,10034700,Consumer Goods
KO,2021-08-31,49.09,49.4,48.95,49.22,49.22,14185700,Consumer Goods
KO,2021-09-01,49.28,49.65,49.19,49.55,49.55,9518900,Consumer Goods
KO,2021-09-02,49.62,49.85,49.3,49.62,49.62,11653200,Consumer Goods
KO,2021-09-03,49.35,49.62,49.17,49.58,49.58,13220400,Consumer Goods
KO,2021-09-07,49.47,49.55,48.52,48.66,48.66,20035300,Consumer Goods
KO,2021-09-08,48.61,49.37,48.61,49.31,49.31,12040100,Consumer Goods
KO,2021-09-09,49.1,49.31,48.77,48.82,48.82,12545400,Consumer Goods
KO,2021-09-10,48.96,49.06,48.53,48.61,48.61,10573700,Consumer Goods
KO,2021-09-13,48.72,49.3,48.72,49.01,49.01,20274300,Consumer Goods
KO,2021-09-14,49.25,49.3,48.92,49.04,49.04,13918900,Consumer Goods
KO,2021-09-15,49.03,49.32,48.81,49.21,49.21,15746000,Consumer Goods
KO,2021-09-16,49.07,49.31,48.28,48.74,48.74,17430400,Consumer Goods
KO,2021-09-17,48.45,48.6,47.88,47.94,47.94,33370200,Consumer Goods
KO,2021-09-20,47.65,47.91,47.32,47.61,47.61,27542500,Consumer Goods
KO,2021-09-21,47.9,48.28,47.5,47.6,47.6,16418200,Consumer Goods
KO,2021-09-22,48.0,48.05,47.61,47.67,47.67,12719700,Consumer Goods
KO,2021-09-23,47.78,48.1,47.55,47.59,47.59,13836200,Consumer Goods
KO,2021-09-24,47.55,47.77,47.43,47.46,47.46,9682200,Consumer Goods
KO,2021-09-27,47.42,47.77,47.18,47.21,47.21,12429500,Consumer Goods
KO,2021-09-28,47.08,47.08,46.17,46.36,46.36,19926100,Consumer Goods
KO,2021-09-29,46.36,46.81,46.29,46.64,46.64,13941500,Consumer Goods
KO,2021-09-30,46.82,46.96,46.17,46.21,46.21,17672000,Consumer Goods
KO,2021-10-01,46.48,46.85,46.3,46.69,46.69,16277400,Consumer Goods
KO,2021-10-04,46.73,47.14,46.15,46.67,46.67,18973400,Consumer Goods
KO,2021-10-05,46.69,47.09,46.61,46.74,46.74,17173100,Consumer Goods
KO,2021-10-06,46.47,47.35,46.24,47.3,47.3,21284500,Consumer Goods
KO,2021-10-07,47.55,47.8,47.39,47.45,47.45,13774400,Consumer Goods
KO,2021-10-08,47.55,47.9,47.47,47.66,47.66,13786800,Consumer Goods
KO,2021-10-11,47.74,47.9,47.56,47.76,47.76,12378500,Consumer Goods
KO,2021-10-12,47.92,48.29,47.75,47.76,47.76,19474400,Consumer Goods
KO,2021-10-13,47.7,47.93,47.37,47.77,47.77,12143300,Consumer Goods
KO,2021-10-14,47.9,48.27,47.83,48.09,48.09,13704000,Consumer Goods
KO,2021-10-15,48.12,48.33,47.81,47.98,47.98,17867000,Consumer Goods
KO,2021-10-18,47.86,47.9,47.43,47.5,47.5,15861800,Consumer Goods
KO,2021-10-19,47.59,47.73,47.35,47.69,47.69,11068500,Consumer Goods
KO,2021-10-20,47.71,48.22,47.65,48.11,48.11,12474800,Consumer Goods
KO,2021-10-21,48.08,48.14,47.74,47.86,47.86,14388300,Consumer Goods
KO,2021-10-22,47.9,48.02,47.62,47.95,47.95,12828600,Consumer Goods
KO,2021-10-25,47.89,47.97,47.57,47.76,47.76,11855000,Consumer Goods
KO,2021-10-26,47.84,48.07,47.76,47.97,47.97,12086700,Consumer Goods
KO,2021-10-27,49.29,49.39,48.67,48.89,48.89,24019800,Consumer Goods
KO,2021-10-28,49.1,49.41,48.98,49.35,49.35,15928000,Consumer Goods
KO,2021-10-29,49.2,49.73,49.12,49.64,49.64,24463700,Consumer Goods
KO,2021-11-01,49.66,49.67,49.23,49.47,49.47,11651100,Consumer Goods
KO,2021-11-02,49.73,49.76,49.29,49.4,49.4,11498900,Consumer Goods
KO,2021-11-03,49.32,49.61,49.12,49.57,49.57,10788300,Consumer Goods
KO,2021-11-04,49.41,49.87,49.34,49.84,49.84,10820200,Consumer Goods
KO,2021-11-05,50.06,50.34,49.84,50.06,50.06,12886700,Consumer Goods
KO,2021-11-08,49.98,50.1,49.43,49.61,49.61,12828000,Consumer Goods
KO,2021-11-09,49.68,49.77,49.4,49.75,49.75,10155800,Consumer Goods
KO,2021-11-10,49.79,50.13,49.57,49.95,49.95,8813600,Consumer Goods
KO,2021-11-11,50.05,50.09,49.82,49.97,49.97,7257700,Consumer Goods
KO,2021-11-12,49.98,50.19,49.8,49.85,49.85,10162500,Consumer Goods
KO,2021-11-15,49.78,49.91,49.55,49.86,49.86,10289200,Consumer Goods
KO,2021-11-16,49.86,50.14,49.48,49.51,49.51,13756500,Consumer Goods
KO,2021-11-17,49.35,49.36,49.01,49.24,49.24,13288700,Consumer Goods
KO,2021-11-18,49.17,49.25,48.56,48.8,48.8,15380100,Consumer Goods
KO,2021-11-19,48.82,48.87,48.35,48.55,48.55,15813700,Consumer Goods
KO,2021-11-22,48.52,49.33,48.51,48.85,48.85,16905600,Consumer Goods
KO,2021-11-23,49.02,49.41,48.88,49.21,49.21,13835900,Consumer Goods
KO,2021-11-24,49.06,49.18,48.46,48.81,48.81,12598900,Consumer Goods
KO,2021-11-26,48.07,48.22,47.18,47.32,47.32,14754300,Consumer Goods
KO,2021-11-29,47.6,48.2,47.49,48.07,48.07,22712500,Consumer Goods
KO,2021-11-30,47.57,47.6,46.54,46.55,46.55,30485200,Consumer Goods
KO,2021-12-01,47.02,47.5,46.4,46.41,46.41,18719600,Consumer Goods
KO,2021-12-02,46.68,47.34,46.6,47.1,47.1,17074200,Consumer Goods
KO,2021-12-03,47.33,47.58,47.02,47.52,47.52,21064400,Consumer Goods
KO,2021-12-06,48.2,49.03,48.05,48.73,48.73,26624100,Consumer Goods
KO,2021-12-07,48.83,49.18,48.68,49.0,49.0,23832700,Consumer Goods
KO,2021-12-08,48.92,49.12,48.24,48.81,48.81,18026300,Consumer Goods
KO,2021-12-09,48.59,48.93,48.45,48.69,48.69,13846400,Consumer Goods
KO,2021-12-10,49.03,49.98,48.87,49.95,49.95,23153600,Consumer Goods
KO,2021-12-13,50.57,51.41,50.55,51.26,51.26,31362800,Consumer Goods
KO,2021-12-14,50.94,51.62,50.94,51.3,51.3,24806600,Consumer Goods
KO,2021-12-15,51.41,51.7,51.16,51.53,51.53,24923800,Consumer Goods
KO,2021-12-16,51.46,52.25,51.38,52.05,52.05,24696900,Consumer Goods
KO,2021-12-17,51.91,52.29,51.21,51.23,51.23,51874400,Consumer Goods
KO,2021-12-20,50.76,51.28,50.59,51.07,51.07,20879500,Consumer Goods
KO,2021-12-21,51.13,51.45,51.06,51.27,51.27,15864900,Consumer Goods
KO,2021-12-22,51.22,51.64,51.02,51.63,51.63,12447400,Consumer Goods
KO,2021-12-23,51.93,52.01,51.42,51.67,51.67,11027300,Consumer Goods
KO,2021-12-27,51.47,52.09,51.47,52.05,52.05,9860000,Consumer Goods
KO,2021-12-28,51.83,52.31,51.74,52.25,52.25,8979900,Consumer Goods
KO,2021-12-29,52.32,52.45,52.06,52.32,52.32,9996000,Consumer Goods
KO,2021-12-30,52.41,52.56,52.15,52.17,52.17,7703900,Consumer Goods
KO,2021-12-31,52.14,52.67,52.09,52.55,52.55,10021300,Consumer Goods
KO,2022-01-03,52.2,52.64,51.81,52.63,52.63,20187300,Consumer Goods
KO,2022-01-04,53.01,53.73,52.88,53.51,53.51,26141600,Consumer Goods
KO,2022-01-05,53.33,54.31,53.29,53.95,53.95,22507300,Consumer Goods
KO,2022-01-06,53.67,54.24,53.64,53.67,53.67,17902300,Consumer Goods
KO,2022-01-07,53.5,53.89,53.3,53.54,53.54,12307900,Consumer Goods
KO,2022-01-10,53.74,53.98,53.41,53.63,53.63,20954300,Consumer Goods
KO,2022-01-11,53.63,53.68,53.11,53.65,53.65,19369600,Consumer Goods
KO,2022-01-12,53.72,53.86,53.42,53.73,53.73,15753800,Consumer Goods
KO,2022-01-13,53.73,54.17,53.59,54.05,54.05,14318000,Consumer Goods
KO,2022-01-14,54.08,54.54,53.57,54.48,54.48,19729600,Consumer Goods
KO,2022-01-18,54.19,54.3,53.65,54.05,54.05,21976700,Consumer Goods
KO,2022-01-19,53.83,54.3,53.75,54.14,54.14,18654700,Consumer Goods
KO,2022-01-20,54.14,54.53,53.89,53.91,53.91,23002400,Consumer Goods
KO,2022-01-21,54.21,54.4,53.6,53.65,53.65,26643200,Consumer Goods
KO,2022-01-24,53.16,53.56,51.98,53.21,53.21,30185100,Consumer Goods
KO,2022-01-25,52.68,53.29,52.09,53.09,53.09,19027100,Consumer Goods
KO,2022-01-26,53.06,53.56,52.55,52.89,52.89,19190200,Consumer Goods
KO,2022-01-27,53.14,54.07,52.8,52.94,52.94,18893800,Consumer Goods
KO,2022-01-28,52.71,54.04,52.31,53.99,53.99,19101500,Consumer Goods
KO,2022-01-31,53.51,54.26,53.38,54.14,54.14,22045300,Consumer Goods
KO,2022-02-01,54.06,54.26,53.39,53.75,53.75,20841700,Consumer Goods
KO,2022-02-02,53.8,54.38,53.75,54.3,54.3,20225600,Consumer Goods
KO,2022-02-03,54.08,54.83,53.77,54.68,54.68,19440500,Consumer Goods
KO,2022-02-04,54.57,54.74,53.75,54.1,54.1,17403700,Consumer Goods
KO,2022-02-07,54.47,54.77,54.01,54.67,54.67,17846400,Consumer Goods
KO,2022-02-08,54.87,55.32,54.79,55.02,55.02,18771700,Consumer Goods
KO,2022-02-09,55.17,55.31,54.05,54.17,54.17,23595600,Consumer Goods
KO,2022-02-10,53.57,55.29,53.43,54.47,54.47,23561500,Consumer Goods
KO,2022-02-11,54.82,55.01,53.38,53.51,53.51,22781400,Consumer Goods
KO,2022-02-14,53.39,53.95,52.61,53.85,53.85,23641300,Consumer Goods
KO,2022-02-15,54.1,54.83,53.81,54.06,54.06,13408700,Consumer Goods
KO,2022-02-16,54.01,54.49,53.75,54.05,54.05,15484700,Consumer Goods
KO,2022-02-17,53.74,55.27,53.61,55.13,55.13,21468700,Consumer Goods
KO,2022-02-18,55.13,55.75,55.01,55.5,55.5,21975000,Consumer Goods
KO,2022-02-22,55.4,55.59,54.77,55.27,55.27,21731400,Consumer Goods
KO,2022-02-23,55.24,55.32,54.44,54.66,54.66,19248500,Consumer Goods
KO,2022-02-24,53.22,53.8,52.56,53.7,53.7,27207400,Consumer Goods
KO,2022-02-25,54.08,55.82,54.06,55.78,55.78,21487800,Consumer Goods
KO,2022-02-28,54.71,55.32,54.5,55.24,55.24,25879100,Consumer Goods
KO,2022-03-01,55.15,55.69,54.59,55.0,55.0,15871100,Consumer Goods
KO,2022-03-02,55.23,55.8,54.83,55.4,55.4,17319100,Consumer Goods
KO,2022-03-03,55.56,55.93,55.28,55.44,55.44,21262800,Consumer Goods
KO,2022-03-04,54.54,55.55,54.31,55.53,55.53,17163000,Consumer Goods
KO,2022-03-07,55.03,55.09,53.89,54.21,54.21,29151400,Consumer Goods
KO,2022-03-08,54.54,54.61,52.0,52.06,52.06,30242100,Consumer Goods
KO,2022-03-09,53.09,53.11,52.06,52.33,52.33,23022700,Consumer Goods
KO,2022-03-10,51.9,52.06,51.03,51.37,51.37,20887300,Consumer Goods
KO,2022-03-11,51.44,52.23,51.35,51.4,51.4,19855600,Consumer Goods
KO,2022-03-14,51.84,52.8,51.84,52.35,52.35,17799400,Consumer Goods
KO,2022-03-15,52.83,53.56,52.74,53.32,53.32,18607200,Consumer Goods
KO,2022-03-16,53.46,53.6,52.41,53.17,53.17,17347300,Consumer Goods
KO,2022-03-17,53.17,53.78,52.97,53.74,53.74,15586200,Consumer Goods
KO,2022-03-18,53.92,53.92,53.4,53.75,53.75,30197800,Consumer Goods
KO,2022-03-21,54.1,54.64,53.88,54.17,54.17,17440100,Consumer Goods
KO,2022-03-22,54.49,54.51,53.71,54.37,54.37,17559500,Consumer Goods
KO,2022-03-23,54.33,54.53,53.66,54.01,54.01,15529200,Consumer Goods
KO,2022-03-24,54.23,54.57,54.07,54.53,54.53,13151300,Consumer Goods
KO,2022-03-25,54.66,55.1,54.59,55.02,55.02,12259800,Consumer Goods
KO,2022-03-28,55.02,55.39,54.74,55.37,55.37,11485200,Consumer Goods
KO,2022-03-29,55.63,55.92,55.21,55.59,55.59,14720600,Consumer Goods
KO,2022-03-30,55.45,55.63,55.05,55.63,55.63,13641000,Consumer Goods
KO,2022-03-31,55.64,56.02,55.44,55.44,55.44,16822900,Consumer Goods
KO,2022-04-01,55.74,56.29,55.52,56.22,56.22,12644900,Consumer Goods
KO,2022-04-04,55.98,56.15,55.19,55.93,55.93,11505800,Consumer Goods
KO,2022-04-05,55.8,56.55,55.78,55.86,55.86,15721200,Consumer Goods
KO,2022-04-06,56.13,56.57,55.71,56.43,56.43,19267400,Consumer Goods
KO,2022-04-07,56.45,56.94,56.08,56.73,56.73,13960800,Consumer Goods
KO,2022-04-08,56.77,57.27,56.48,57.08,57.08,12703500,Consumer Goods
KO,2022-04-11,57.15,57.5,56.91,57.06,57.06,12720100,Consumer Goods
KO,2022-04-12,57.57,57.96,57.13,57.73,57.73,18089900,Consumer Goods
KO,2022-04-13,57.63,58.01,57.44,57.89,57.89,11883000,Consumer Goods
KO,2022-04-14,58.09,58.64,57.97,58.15,58.15,16388400,Consumer Goods
KO,2022-04-18,57.92,58.29,57.39,57.63,57.63,11679400,Consumer Goods
KO,2022-04-19,57.68,58.35,57.63,58.19,58.19,11993800,Consumer Goods
KO,2022-04-20,58.52,59.24,58.48,58.99,58.99,14827100,Consumer Goods
KO,2022-04-21,59.0,59.92,58.77,59.21,59.21,15120400,Consumer Goods
KO,2022-04-22,59.09,59.33,58.29,58.35,58.35,14902200,Consumer Goods
KO,2022-04-25,59.92,60.09,57.93,58.97,58.97,25082000,Consumer Goods
KO,2022-04-26,58.59,59.35,58.16,58.17,58.17,21982600,Consumer Goods
KO,2022-04-27,58.13,59.27,58.13,58.63,58.63,16971000,Consumer Goods
KO,2022-04-28,57.82,59.27,57.68,59.19,59.19,22010600,Consumer Goods
KO,2022-04-29,58.91,59.05,57.67,57.78,57.78,20137100,Consumer Goods
KO,2022-05-02,58.38,58.4,55.96,56.73,56.73,24970300,Consumer Goods
KO,2022-05-03,56.98,57.18,56.04,56.41,56.41,21686300,Consumer Goods
KO,2022-05-04,56.34,58.23,56.29,58.15,58.15,19780200,Consumer Goods
KO,2022-05-05,57.85,58.15,57.24,57.69,57.69,20155200,Consumer Goods
KO,2022-05-06,57.41,58.4,57.3,57.89,57.89,18984000,Consumer Goods
KO,2022-05-09,57.65,58.45,57.27,57.78,57.78,20055300,Consumer Goods
KO,2022-05-10,57.68,58.41,57.1,57.24,57.24,21322200,Consumer Goods
KO,2022-05-11,57.53,58.31,57.2,57.51,57.51,19648400,Consumer Goods
KO,2022-05-12,57.38,57.71,56.53,57.69,57.69,22574700,Consumer Goods
KO,2022-05-13,57.96,58.84,57.34,58.77,58.77,16167000,Consumer Goods
KO,2022-05-16,58.52,59.36,58.52,58.99,58.99,13223200,Consumer Goods
KO,2022-05-17,59.11,59.11,58.14,58.82,58.82,21300600,Consumer Goods
KO,2022-05-18,58.5,58.59,54.51,54.73,54.73,31437300,Consumer Goods
KO,2022-05-19,54.51,54.51,53.35,53.66,53.66,31493900,Consumer Goods
KO,2022-05-20,54.09,54.76,53.35,54.53,54.53,29133800,Consumer Goods
KO,2022-05-23,55.13,56.43,55.08,56.21,56.21,19406900,Consumer Goods
KO,2022-05-24,56.23,57.4,56.12,57.25,57.25,16154200,Consumer Goods
KO,2022-05-25,57.23,57.65,56.88,57.3,57.3,15360500,Consumer Goods
KO,2022-05-26,57.3,58.22,57.2,57.5,57.5,16159800,Consumer Goods
KO,2022-05-27,57.47,57.98,57.36,57.84,57.84,17709000,Consumer Goods
KO,2022-05-31,57.3,57.52,56.38,56.68,56.68,43159000,Consumer Goods
KO,2022-06-01,56.71,56.95,55.56,56.4,56.4,15408300,Consumer Goods
KO,2022-06-02,56.5,57.0,55.54,56.99,56.99,14586000,Consumer Goods
KO,2022-06-03,56.85,56.9,56.17,56.31,56.31,13539900,Consumer Goods
KO,2022-06-06,56.63,57.03,56.03,56.22,56.22,15112800,Consumer Goods
KO,2022-06-07,55.78,56.67,55.64,56.56,56.56,17886300,Consumer Goods
KO,2022-06-08,56.33,56.53,55.95,56.24,56.24,10211500,Consumer Goods
KO,2022-06-09,56.22,56.65,55.25,55.27,55.27,13382200,Consumer Goods
KO,2022-06-10,54.56,55.35,54.07,54.92,54.92,14967600,Consumer Goods
KO,2022-06-13,54.33,55.7,54.26,54.85,54.85,23064200,Consumer Goods
KO,2022-06-14,54.7,54.85,52.84,53.35,53.35,24620000,Consumer Goods
KO,2022-06-15,54.04,54.62,53.12,53.75,53.75,19684700,Consumer Goods
KO,2022-06-16,52.82,53.61,52.47,53.21,53.21,15053800,Consumer Goods
KO,2022-06-17,53.77,54.16,53.26,53.53,53.53,34781900,Consumer Goods
KO,2022-06-21,53.58,54.84,53.15,54.67,54.67,17705000,Consumer Goods
KO,2022-06-22,54.58,55.35,54.33,55.08,55.08,15207100,Consumer Goods
KO,2022-06-23,55.21,55.76,55.15,55.74,55.74,17190900,Consumer Goods
KO,2022-06-24,55.94,56.8,55.94,56.78,56.78,18147100,Consumer Goods
KO,2022-06-27,56.73,57.01,56.41,56.66,56.66,12142100,Consumer Goods
KO,2022-06-28,56.82,57.43,55.94,56.1,56.1,13150100,Consumer Goods
KO,2022-06-29,56.33,56.84,56.23,56.5,56.5,11795500,Consumer Goods
KO,2022-06-30,56.13,56.84,55.99,56.66,56.66,15514200,Consumer Goods
KO,2022-07-01,56.85,58.05,56.58,57.99,57.99,15143200,Consumer Goods
KO,2022-07-05,57.81,57.81,56.22,57.0,57.0,15921200,Consumer Goods
KO,2022-07-06,57.29,57.73,56.92,57.12,57.12,13450500,Consumer Goods
KO,2022-07-07,56.98,57.27,56.48,56.66,56.66,14828400,Consumer Goods
KO,2022-07-08,56.77,57.12,56.64,56.87,56.87,11311500,Consumer Goods
KO,2022-07-11,56.74,57.16,56.38,56.69,56.69,12702100,Consumer Goods
KO,2022-07-12,56.75,57.15,56.27,56.45,56.45,14731100,Consumer Goods
KO,2022-07-13,56.14,56.75,55.83,56.19,56.19,13145300,Consumer Goods
KO,2022-07-14,55.24,56.07,55.21,56.01,56.01,14433000,Consumer Goods
KO,2022-07-15,56.52,56.72,55.91,56.3,56.3,21968400,Consumer Goods
KO,2022-07-18,56.31,56.35,55.4,55.53,55.53,10780800,Consumer Goods
KO,2022-07-19,55.93,56.43,55.78,56.32,56.32,10998200,Consumer Goods
KO,2022-07-20,56.21,56.37,55.08,55.39,55.39,11010500,Consumer Goods
KO,2022-07-21,55.18,55.74,54.76,55.27,55.27,11959600,Consumer Goods
KO,2022-07-22,55.29,55.73,55.23,55.48,55.48,11644700,Consumer Goods
KO,2022-07-25,55.44,56.12,55.22,56.02,56.02,14941700,Consumer Goods
KO,2022-07-26,56.52,57.47,56.32,56.93,56.93,20118000,Consumer Goods
KO,2022-07-27,56.64,56.92,55.66,56.75,56.75,12142900,Consumer Goods
KO,2022-07-28,56.67,57.87,56.65,57.7,57.7,10837000,Consumer Goods
KO,2022-07-29,57.39,57.91,57.31,57.8,57.8,13734200,Consumer Goods
KO,2022-08-01,57.73,58.58,57.67,58.11,58.11,12831500,Consumer Goods
KO,2022-08-02,58.18,58.19,57.13,57.32,57.32,15241900,Consumer Goods
KO,2022-08-03,57.24,57.74,57.02,57.57,57.57,11317000,Consumer Goods
KO,2022-08-04,57.32,57.4,56.67,57.35,57.35,11795600,Consumer Goods
KO,2022-08-05,57.31,57.31,56.45,57.09,57.09,10445400,Consumer Goods
KO,2022-08-08,57.2,57.48,56.52,56.72,56.72,9165200,Consumer Goods
KO,2022-08-09,56.91,57.02,56.61,56.79,56.79,7910900,Consumer Goods
KO,2022-08-10,57.31,57.46,56.84,57.33,57.33,8857300,Consumer Goods
KO,2022-08-11,57.37,57.64,56.82,56.94,56.94,8507800,Consumer Goods
KO,2022-08-12,57.13,57.43,56.83,57.38,57.38,9489300,Consumer Goods
KO,2022-08-15,57.32,58.27,57.26,58.1,58.1,9863300,Consumer Goods
KO,2022-08-16,58.16,58.75,57.94,58.57,58.57,9569600,Consumer Goods
KO,2022-08-17,58.39,58.75,58.33,58.44,58.44,8144000,Consumer Goods
KO,2022-08-18,58.51,58.86,58.29,58.75,58.75,6532000,Consumer Goods
KO,2022-08-19,58.74,58.97,58.51,58.7,58.7,8921100,Consumer Goods
KO,2022-08-22,58.4,58.48,57.64,57.83,57.83,9087900,Consumer Goods
KO,2022-08-23,57.48,57.98,57.36,57.89,57.89,8443800,Consumer Goods
KO,2022-08-24,57.86,58.17,57.69,57.97,57.97,6844700,Consumer Goods
KO,2022-08-25,57.97,58.29,57.56,58.25,58.25,7913900,Consumer Goods
KO,2022-08-26,58.3,58.37,56.73,56.84,56.84,10089500,Consumer Goods
KO,2022-08-29,56.47,56.77,56.21,56.5,56.5,9115900,Consumer Goods
KO,2022-08-30,56.66,56.66,55.84,55.98,55.98,8456800,Consumer Goods
KO,2022-08-31,56.19,56.32,55.57,55.58,55.58,14633600,Consumer Goods
KO,2022-09-01,55.47,55.88,55.21,55.85,55.85,14939700,Consumer Goods
KO,2022-09-02,56.2,56.54,54.85,55.08,55.08,11809800,Consumer Goods
KO,2022-09-06,55.21,55.82,54.94,55.11,55.11,12181800,Consumer Goods
KO,2022-09-07,55.23,56.29,55.23,56.12,56.12,13290700,Consumer Goods
KO,2022-09-08,55.92,56.12,55.25,55.95,55.95,17193500,Consumer Goods
KO,2022-09-09,56.0,56.64,55.72,56.13,56.13,11855900,Consumer Goods
KO,2022-09-12,56.23,56.57,56.09,56.3,56.3,13026900,Consumer Goods
KO,2022-09-13,56.03,56.04,54.3,54.47,54.47,18532800,Consumer Goods
KO,2022-09-14,54.62,55.02,54.44,54.76,54.76,12881600,Consumer Goods
KO,2022-09-15,54.8,54.8,53.86,54.01,54.01,11451900,Consumer Goods
KO,2022-09-16,54.13,54.26,53.63,54.02,54.02,20493500,Consumer Goods
KO,2022-09-19,53.88,54.53,53.74,54.43,54.43,12596200,Consumer Goods
KO,2022-09-20,54.15,54.46,53.82,54.35,54.35,11984600,Consumer Goods
KO,2022-09-21,54.56,55.07,53.88,53.89,53.89,14165300,Consumer Goods
KO,2022-09-22,54.03,54.19,53.71,53.77,53.77,11657600,Consumer Goods
KO,2022-09-23,53.49,53.62,52.62,53.17,53.17,14824000,Consumer Goods
KO,2022-09-26,53.07,53.14,52.34,52.51,52.51,18670100,Consumer Goods
KO,2022-09-27,52.7,52.96,51.09,51.15,51.15,23829300,Consumer Goods
KO,2022-09-28,51.41,51.94,50.73,51.7,51.7,21480100,Consumer Goods
KO,2022-09-29,51.8,51.98,50.81,51.33,51.33,14570700,Consumer Goods
KO,2022-09-30,51.6,51.83,50.81,50.83,50.83,16124600,Consumer Goods
KO,2022-10-03,51.14,51.58,50.86,51.4,51.4,16277600,Consumer Goods
KO,2022-10-04,51.67,52.45,51.23,51.52,51.52,18861400,Consumer Goods
KO,2022-10-05,51.26,51.4,50.36,51.03,51.03,14324900,Consumer Goods
KO,2022-10-06,50.81,50.9,49.78,49.93,49.93,17192800,Consumer Goods
KO,2022-10-07,49.89,49.98,49.22,49.46,49.46,11479800,Consumer Goods
KO,2022-10-10,49.54,49.86,49.01,49.35,49.35,10239100,Consumer Goods
KO,2022-10-11,49.41,50.1,49.21,49.43,49.43,14303900,Consumer Goods
KO,2022-10-12,50.11,50.84,49.94,50.03,50.03,18377400,Consumer Goods
KO,2022-10-13,49.43,50.88,49.23,50.69,50.69,16220700,Consumer Goods
KO,2022-10-14,51.07,51.23,49.85,49.88,49.88,15997900,Consumer Goods
KO,2022-10-17,50.47,51.01,50.42,50.53,50.53,13721400,Consumer Goods
KO,2022-10-18,51.09,51.52,50.9,51.21,51.21,11823100,Consumer Goods
KO,2022-10-19,51.09,51.3,50.56,50.77,50.77,10182300,Consumer Goods
KO,2022-10-20,50.6,50.74,49.86,49.97,49.97,16905100,Consumer Goods
KO,2022-10-21,49.9,50.91,49.89,50.77,50.77,15034100,Consumer Goods
KO,2022-10-24,51.39,52.38,51.33,52.23,52.23,17416700,Consumer Goods
KO,2022-10-25,53.57,53.63,52.4,53.48,53.48,28829900,Consumer Goods
KO,2022-10-26,53.54,54.24,53.4,53.88,53.88,15831400,Consumer Goods
KO,2022-10-27,54.23,54.29,53.88,54.01,54.01,16026100,Consumer Goods
KO,2022-10-28,54.05,55.26,53.96,55.13,55.13,12888900,Consumer Goods
KO,2022-10-31,54.9,54.95,54.14,54.3,54.3,14016400,Consumer Goods
KO,2022-11-01,54.46,54.7,53.87,54.11,54.11,10659500,Consumer Goods
KO,2022-11-02,54.11,54.65,53.32,53.36,53.36,14549200,Consumer Goods
KO,2022-11-03,52.72,53.53,52.71,53.33,53.33,9194000,Consumer Goods
KO,2022-11-04,53.8,54.07,53.13,53.77,53.77,9725900,Consumer Goods
KO,2022-11-07,53.77,54.23,53.75,53.97,53.97,8849700,Consumer Goods
KO,2022-11-08,54.21,54.25,53.48,54.07,54.07,10081600,Consumer Goods
KO,2022-11-09,54.07,54.11,53.3,53.32,53.32,10115200,Consumer Goods
KO,2022-11-10,54.66,55.38,54.15,55.24,55.24,16804800,Consumer Goods
KO,2022-11-11,55.68,55.75,54.63,55.64,55.64,18972100,Consumer Goods
KO,2022-11-14,55.64,56.0,55.08,55.1,55.1,16361000,Consumer Goods
KO,2022-11-15,55.46,55.75,54.44,55.01,55.01,13295800,Consumer Goods
KO,2022-11-16,55.15,55.37,54.7,54.91,54.91,14199500,Consumer Goods
KO,2022-11-17,54.61,55.11,54.56,55.08,55.08,11212600,Consumer Goods
KO,2022-11-18,55.34,55.68,55.16,55.47,55.47,10415600,Consumer Goods
KO,2022-11-21,55.72,56.44,55.53,56.32,56.32,15399400,Consumer Goods
KO,2022-11-22,56.68,56.71,56.3,56.57,56.57,12319600,Consumer Goods
KO,2022-11-23,56.7,56.97,56.52,56.82,56.82,8990400,Consumer Goods
KO,2022-11-25,56.91,56.99,56.6,56.88,56.88,5165500,Consumer Goods
KO,2022-11-28,56.88,57.25,56.76,56.89,56.89,12267500,Consumer Goods
KO,2022-11-29,56.72,56.77,56.23,56.69,56.69,10969600,Consumer Goods
KO,2022-11-30,56.66,58.19,56.42,58.12,58.12,30433900,Consumer Goods
KO,2022-12-01,58.12,58.58,57.96,58.29,58.29,12001400,Consumer Goods
KO,2022-12-02,58.12,58.95,57.93,58.8,58.8,13643500,Consumer Goods
KO,2022-12-05,57.94,58.3,57.8,57.99,57.99,9185100,Consumer Goods
KO,2022-12-06,58.04,58.37,57.77,57.97,57.97,10099500,Consumer Goods
KO,2022-12-07,57.98,58.22,57.79,58.06,58.06,12307600,Consumer Goods
KO,2022-12-08,58.11,58.34,57.88,58.3,58.3,9946200,Consumer Goods
KO,2022-12-09,58.12,58.33,57.65,57.69,57.69,13914900,Consumer Goods
KO,2022-12-12,57.84,58.49,57.57,58.45,58.45,11647900,Consumer Goods
KO,2022-12-13,59.02,59.12,58.3,58.47,58.47,17521600,Consumer Goods
KO,2022-12-14,58.65,59.07,58.09,58.47,58.47,12826700,Consumer Goods
KO,2022-12-15,58.1,58.38,57.1,57.67,57.67,12212300,Consumer Goods
KO,2022-12-16,57.34,57.69,56.95,57.34,57.34,33631500,Consumer Goods
KO,2022-12-19,57.41,57.94,57.08,57.42,57.42,10919700,Consumer Goods
KO,2022-12-20,57.4,57.7,57.34,57.37,57.37,10286500,Consumer Goods
KO,2022-12-21,57.63,58.52,57.63,58.3,58.3,10411300,Consumer Goods
KO,2022-12-22,57.95,58.1,57.25,57.88,57.88,9666700,Consumer Goods
KO,2022-12-23,58.02,58.36,57.75,58.31,58.31,6463300,Consumer Goods
KO,2022-12-27,58.41,58.74,58.21,58.67,58.67,7320700,Consumer Goods
KO,2022-12-28,58.9,59.07,58.01,58.09,58.09,7159400,Consumer Goods
KO,2022-12-29,58.3,58.62,58.2,58.43,58.43,7169300,Consumer Goods
KO,2022-12-30,58.41,58.41,57.72,58.12,58.12,7650200,Consumer Goods
KO,2023-01-03,58.08,58.08,56.82,57.52,57.52,12180500,Consumer Goods
KO,2023-01-04,57.7,57.87,57.12,57.49,57.49,13387900,Consumer Goods
KO,2023-01-05,57.2,57.38,56.72,56.83,56.83,9814700,Consumer Goods
KO,2023-01-06,57.48,58.18,57.18,57.93,57.93,9990000,Consumer Goods
KO,2023-01-09,57.84,58.22,57.18,57.21,57.21,9442600,Consumer Goods
KO,2023-01-10,57.2,57.32,56.58,56.77,56.77,10134600,Consumer Goods
KO,2023-01-11,57.0,57.16,56.11,56.66,56.66,10823000,Consumer Goods
KO,2023-01-12,56.75,56.82,55.71,55.93,55.93,13907300,Consumer Goods
KO,2023-01-13,55.46,56.16,55.36,56.13,56.13,13986400,Consumer Goods
KO,2023-01-17,56.4,57.0,56.25,56.36,56.36,18327800,Consumer Goods
KO,2023-01-18,56.2,56.28,54.53,54.65,54.65,19679400,Consumer Goods
KO,2023-01-19,54.58,55.41,54.56,54.57,54.57,14894500,Consumer Goods
KO,2023-01-20,54.57,54.91,54.28,54.9,54.9,14237700,Consumer Goods
KO,2023-01-23,55.08,55.34,54.87,55.03,55.03,12613400,Consumer Goods
KO,2023-01-24,54.9,56.51,54.64,55.33,55.33,10103300,Consumer Goods
KO,2023-01-25,55.01,55.68,54.72,55.67,55.67,11265800,Consumer Goods
KO,2023-01-26,55.56,55.83,55.34,55.56,55.56,11884800,Consumer Goods
KO,2023-01-27,55.59,55.7,55.16,55.27,55.27,14087000,Consumer Goods
KO,2023-01-30,55.32,55.89,55.24,55.41,55.41,15632000,Consumer Goods
KO,2023-01-31,55.72,56.05,55.29,56.03,56.03,14344400,Consumer Goods
KO,2023-02-01,55.87,56.27,55.39,56.04,56.04,12535400,Consumer Goods
KO,2023-02-02,55.55,55.76,54.74,55.08,55.08,16947200,Consumer Goods
KO,2023-02-03,55.14,55.21,54.12,54.67,54.67,15404400,Consumer Goods
KO,2023-02-06,54.63,55.13,54.57,54.98,54.98,11330900,Consumer Goods
KO,2023-02-07,54.52,55.04,54.4,54.89,54.89,14922700,Consumer Goods
KO,2023-02-08,54.75,54.75,54.45,54.57,54.57,11012000,Consumer Goods
KO,2023-02-09,54.96,55.12,54.46,54.48,54.48,12515300,Consumer Goods
KO,2023-02-10,54.57,54.73,53.8,54.48,54.48,14420700,Consumer Goods
KO,2023-02-13,54.73,55.52,54.58,55.37,55.37,16191800,Consumer Goods
KO,2023-02-14,55.02,55.65,54.42,54.45,54.45,20505700,Consumer Goods
KO,2023-02-15,54.73,54.76,54.12,54.45,54.45,13171400,Consumer Goods
KO,2023-02-16,54.12,54.66,53.86,54.11,54.11,16538300,Consumer Goods
KO,2023-02-17,54.37,55.03,54.26,54.93,54.93,16814700,Consumer Goods
KO,2023-02-21,54.81,55.03,54.57,54.64,54.64,14278300,Consumer Goods
KO,2023-02-22,54.69,55.15,54.6,54.81,54.81,12409600,Consumer Goods
KO,2023-02-23,54.83,55.21,54.65,54.91,54.91,12222800,Consumer Goods
KO,2023-02-24,54.53,54.74,54.27,54.68,54.68,9736200,Consumer Goods
KO,2023-02-27,54.99,55.1,54.59,54.66,54.66,8849800,Consumer Goods
KO,2023-02-28,54.55,54.55,54.04,54.38,54.38,16082200,Consumer Goods
KO,2023-03-01,54.03,54.07,53.33,53.78,53.78,13275800,Consumer Goods
KO,2023-03-02,53.76,54.62,53.73,54.57,54.57,11758300,Consumer Goods
KO,2023-03-03,54.41,54.53,54.1,54.31,54.31,13101800,Consumer Goods
KO,2023-03-06,54.15,55.17,54.11,55.15,55.15,16282700,Consumer Goods
KO,2023-03-07,55.27,55.34,54.6,54.83,54.83,13961200,Consumer Goods
KO,2023-03-08,54.86,55.13,54.58,54.86,54.86,10851600,Consumer Goods
KO,2023-03-09,55.32,55.32,54.17,54.33,54.33,13900900,Consumer Goods
KO,2023-03-10,54.55,54.95,53.9,54.1,54.1,13745800,Consumer Goods
KO,2023-03-13,54.17,55.62,54.14,54.65,54.65,21956000,Consumer Goods
KO,2023-03-14,54.82,55.24,54.23,54.85,54.85,19496900,Consumer Goods
KO,2023-03-15,54.3,55.26,54.13,55.22,55.22,21089900,Consumer Goods
KO,2023-03-16,55.33,55.56,54.97,55.52,55.52,15658300,Consumer Goods
KO,2023-03-17,55.53,55.57,54.91,55.26,55.26,27351200,Consumer Goods
KO,2023-03-20,55.39,55.8,55.22,55.8,55.8,12904100,Consumer Goods
KO,2023-03-21,55.77,55.93,55.13,55.54,55.54,13716500,Consumer Goods
KO,2023-03-22,55.61,56.05,55.27,55.29,55.29,10494200,Consumer Goods
KO,2023-03-23,55.33,55.6,54.99,55.17,55.17,15479000,Consumer Goods
KO,2023-03-24,55.47,56.18,55.16,56.07,56.07,12975600,Consumer Goods
KO,2023-03-27,56.29,56.61,56.12,56.49,56.49,12777400,Consumer Goods
KO,2023-03-28,56.52,56.85,56.41,56.55,56.55,10925700,Consumer Goods
KO,2023-03-29,56.83,57.04,56.71,56.96,56.96,9441000,Consumer Goods
KO,2023-03-30,56.98,57.17,56.77,56.95,56.95,9870700,Consumer Goods
KO,2023-03-31,57.14,57.32,56.97,57.11,57.11,14440900,Consumer Goods
KO,2023-04-03,57.36,57.56,56.96,57.45,57.45,12300700,Consumer Goods
KO,2023-04-04,57.44,57.77,57.16,57.28,57.28,11433400,Consumer Goods
KO,2023-04-05,57.57,58.02,57.55,57.82,57.82,12789600,Consumer Goods
KO,2023-04-06,57.88,58.04,57.44,57.86,57.86,9644200,Consumer Goods
KO,2023-04-10,57.54,57.72,57.1,57.72,57.72,7952600,Consumer Goods
KO,2023-04-11,57.68,57.74,57.45,57.62,57.62,9913000,Consumer Goods
KO,2023-04-12,57.53,58.03,57.37,57.72,57.72,9593700,Consumer Goods
KO,2023-04-13,57.79,58.15,57.53,58.14,58.14,9871400,Consumer Goods
KO,2023-04-14,58.05,58.14,57.8,58.05,58.05,8946000,Consumer Goods
KO,2023-04-17,58.3,58.49,58.14,58.43,58.43,9452400,Consumer Goods
KO,2023-04-18,58.48,58.56,58.18,58.52,58.52,9035700,Consumer Goods
KO,2023-04-19,58.68,58.77,58.4,58.63,58.63,9769500,Consumer Goods
KO,2023-04-20,58.59,58.93,58.41,58.89,58.89,10706400,Consumer Goods
KO,2023-04-21,58.93,59.18,58.74,58.97,58.97,12931100,Consumer Goods
KO,2023-04-24,59.62,59.84,58.58,58.88,58.88,15532300,Consumer Goods
KO,2023-04-25,59.08,59.08,58.59,58.79,58.79,12818900,Consumer Goods
KO,2023-04-26,58.52,58.72,58.37,58.51,58.51,13179600,Consumer Goods
KO,2023-04-27,58.49,58.71,58.11,58.63,58.63,13795800,Consumer Goods
KO,2023-04-28,58.57,59.07,58.45,59.07,59.07,13687600,Consumer Goods
KO,2023-05-01,59.07,59.56,58.98,59.2,59.2,9091500,Consumer Goods
KO,2023-05-02,59.06,59.06,58.25,58.94,58.94,10948400,Consumer Goods
KO,2023-05-03,58.95,59.09,58.54,58.6,58.6,11084600,Consumer Goods
KO,2023-05-04,58.69,58.86,58.48,58.67,58.67,11938300,Consumer Goods
KO,2023-05-05,58.6,59.12,58.59,58.95,58.95,9039000,Consumer Goods
KO,2023-05-08,58.75,58.98,58.57,58.85,58.85,7240700,Consumer Goods
KO,2023-05-09,58.6,58.7,58.26,58.37,58.37,9067700,Consumer Goods
KO,2023-05-10,58.3,58.6,58.0,58.47,58.47,10134000,Consumer Goods
KO,2023-05-11,58.54,58.86,58.02,58.8,58.8,9581500,Consumer Goods
KO,2023-05-12,58.8,59.1,58.65,59.03,59.03,8740800,Consumer Goods
KO,2023-05-15,59.13,59.16,58.66,58.87,58.87,8150000,Consumer Goods
KO,2023-05-16,58.84,58.84,58.15,58.21,58.21,9129600,Consumer Goods
KO,2023-05-17,58.37,58.39,57.76,58.14,58.14,11583000,Consumer Goods
KO,2023-05-18,58.02,58.04,57.61,57.82,57.82,13595100,Consumer Goods
KO,2023-05-19,58.04,58.1,57.65,57.85,57.85,14251400,Consumer Goods
KO,2023-05-22,57.81,57.89,56.57,56.63,56.63,15055400,Consumer Goods
KO,2023-05-23,56.63,56.78,56.32,56.53,56.53,13932700,Consumer Goods
KO,2023-05-24,56.51,56.56,55.91,56.05,56.05,11090100,Consumer Goods
KO,2023-05-25,55.68,55.92,55.38,55.62,55.62,14463600,Consumer Goods
KO,2023-05-26,55.66,55.83,55.35,55.48,55.48,12570300,Consumer Goods
KO,2023-05-30,55.33,55.43,54.8,55.04,55.04,15634200,Consumer Goods
KO,2023-05-31,55.17,55.5,54.66,54.93,54.93,59432200,Consumer Goods
KO,2023-06-01,55.19,55.4,55.03,55.24,55.24,13402700,Consumer Goods
KO,2023-06-02,55.49,56.46,55.32,56.31,56.31,15259800,Consumer Goods
KO,2023-06-05,56.16,56.57,55.75,55.93,55.93,12915600,Consumer Goods
KO,2023-06-06,56.12,56.16,55.35,55.53,55.53,10943500,Consumer Goods
KO,2023-06-07,55.25,55.58,55.08,55.45,55.45,16817900,Consumer Goods
KO,2023-06-08,55.36,55.62,55.23,55.58,55.58,15585900,Consumer Goods
KO,2023-06-09,55.49,55.86,55.4,55.68,55.68,12581500,Consumer Goods
KO,2023-06-12,55.79,55.84,55.26,55.44,55.44,14208900,Consumer Goods
KO,2023-06-13,55.44,55.86,55.28,55.66,55.66,13397800,Consumer Goods
KO,2023-06-14,55.92,56.24,55.8,56.04,56.04,14099700,Consumer Goods
KO,2023-06-15,56.23,56.87,55.98,56.81,56.81,15271400,Consumer Goods
KO,2023-06-16,57.15,57.68,57.04,57.21,57.21,26738000,Consumer Goods
KO,2023-06-20,57.14,57.48,56.82,56.83,56.83,13971800,Consumer Goods
KO,2023-06-21,56.88,57.26,56.57,56.99,56.99,13948700,Consumer Goods
KO,2023-06-22,57.34,57.61,57.14,57.38,57.38,15193400,Consumer Goods
KO,2023-06-23,57.46,57.49,56.76,56.78,56.78,25112100,Consumer Goods
KO,2023-06-26,56.79,56.86,56.03,56.8,56.8,12856100,Consumer Goods
KO,2023-06-27,56.8,56.93,56.57,56.68,56.68,9068500,Consumer Goods
KO,2023-06-28,56.48,56.63,56.04,56.15,56.15,11173200,Consumer Goods
KO,2023-06-29,55.87,55.99,55.45,55.68,55.68,17142300,Consumer Goods
KO,2023-06-30,55.66,55.99,55.54,55.87,55.87,19739200,Consumer Goods
KO,2023-07-03,55.85,56.25,55.69,56.2,56.2,9694500,Consumer Goods
KO,2023-07-05,55.92,56.69,55.81,56.62,56.62,14716600,Consumer Goods
KO,2023-07-06,56.34,56.61,56.13,56.18,56.18,12603900,Consumer Goods
KO,2023-07-07,55.95,56.13,55.41,55.44,55.44,14574000,Consumer Goods
KO,2023-07-10,55.64,55.8,54.87,55.02,55.02,15480600,Consumer Goods
KO,2023-07-11,55.16,55.26,54.59,55.22,55.22,15967700,Consumer Goods
KO,2023-07-12,55.43,55.71,55.15,55.52,55.52,14241300,Consumer Goods
KO,2023-07-13,55.78,56.09,55.65,55.99,55.99,11269800,Consumer Goods
KO,2023-07-14,55.79,56.63,55.75,56.5,56.5,11634200,Consumer Goods
KO,2023-07-17,56.37,56.69,56.12,56.42,56.42,10014300,Consumer Goods
KO,2023-07-18,56.56,56.82,56.05,56.19,56.19,11152900,Consumer Goods
KO,2023-07-19,56.38,57.33,56.3,57.19,57.19,12936000,Consumer Goods
KO,2023-07-20,57.22,57.9,57.21,57.88,57.88,11563000,Consumer Goods
KO,2023-07-21,57.95,58.15,57.74,57.93,57.93,12815100,Consumer Goods
KO,2023-07-24,57.91,58.27,57.89,57.95,57.95,10251100,Consumer Goods
KO,2023-07-25,57.8,57.88,57.57,57.75,57.75,13422700,Consumer Goods
KO,2023-07-26,57.39,58.61,56.95,58.49,58.49,17145500,Consumer Goods
KO,2023-07-27,58.49,58.7,57.87,57.93,57.93,11517100,Consumer Goods
KO,2023-07-28,58.07,58.23,57.72,57.97,57.97,9721800,Consumer Goods
KO,2023-07-31,57.94,57.94,57.27,57.46,57.46,15577900,Consumer Goods
KO,2023-08-01,57.6,57.85,57.17,57.31,57.31,9281600,Consumer Goods
KO,2023-08-02,57.11,58.07,57.11,57.48,57.48,11059400,Consumer Goods
KO,2023-08-03,57.4,57.63,57.08,57.19,57.19,8037400,Consumer Goods
KO,2023-08-04,57.22,57.42,56.24,56.32,56.32,9359300,Consumer Goods
KO,2023-08-07,56.4,56.9,56.35,56.77,56.77,6982600,Consumer Goods
KO,2023-08-08,56.77,56.92,56.24,56.52,56.52,7956100,Consumer Goods
KO,2023-08-09,56.51,57.18,56.36,56.65,56.65,7904100,Consumer Goods
KO,2023-08-10,56.92,57.27,56.4,56.52,56.52,7870300,Consumer Goods
KO,2023-08-11,56.44,56.78,56.31,56.75,56.75,8483900,Consumer Goods
KO,2023-08-14,56.89,57.04,56.36,56.48,56.48,7176300,Consumer Goods
KO,2023-08-15,56.31,56.5,56.01,56.1,56.1,7187400,Consumer Goods
KO,2023-08-16,56.17,56.43,56.04,56.11,56.11,8372300,Consumer Goods
KO,2023-08-17,56.2,56.61,56.08,56.23,56.23,12873500,Consumer Goods
KO,2023-08-18,56.17,56.68,56.01,56.55,56.55,11083800,Consumer Goods
KO,2023-08-21,56.46,56.53,55.96,56.06,56.06,8648500,Consumer Goods
KO,2023-08-22,55.98,56.2,55.65,55.72,55.72,9411500,Consumer Goods
KO,2023-08-23,55.85,56.07,55.81,55.92,55.92,7749500,Consumer Goods
KO,2023-08-24,55.92,56.48,55.75,55.77,55.77,8955100,Consumer Goods
KO,2023-08-25,56.05,56.19,55.67,56.03,56.03,7629200,Consumer Goods
KO,2023-08-28,56.18,56.34,56.01,56.18,56.18,6254300,Consumer Goods
KO,2023-08-29,56.18,56.25,55.8,56.13,56.13,8189600,Consumer Goods
KO,2023-08-30,56.26,56.35,55.93,56.1,56.1,9447900,Consumer Goods
KO,2023-08-31,55.94,56.1,55.49,55.51,55.51,14663500,Consumer Goods
KO,2023-09-01,55.66,55.79,54.85,55.02,55.02,11262300,Consumer Goods
KO,2023-09-05,54.97,55.03,54.43,54.57,54.57,12474600,Consumer Goods
KO,2023-09-06,54.38,54.58,54.2,54.53,54.53,13923500,Consumer Goods
KO,2023-09-07,54.69,54.89,54.09,54.12,54.12,17628600,Consumer Goods
KO,2023-09-08,54.09,54.19,53.82,54.12,54.12,14312300,Consumer Goods
KO,2023-09-11,54.18,54.73,54.02,54.63,54.63,14767400,Consumer Goods
KO,2023-09-12,54.73,54.74,53.99,54.09,54.09,12292700,Consumer Goods
KO,2023-09-13,54.18,54.44,54.12,54.22,54.22,12641400,Consumer Goods
KO,2023-09-14,54.46,54.79,54.41,54.67,54.67,12311600,Consumer Goods
KO,2023-09-15,54.62,54.83,54.0,54.18,54.18,55727500,Consumer Goods
KO,2023-09-18,54.22,54.56,53.89,54.52,54.52,13617400,Consumer Goods
KO,2023-09-19,54.48,54.6,54.16,54.4,54.4,11998900,Consumer Goods
KO,2023-09-20,54.52,55.01,54.31,54.65,54.65,14766600,Consumer Goods
KO,2023-09-21,54.58,54.63,53.69,53.81,53.81,15941800,Consumer Goods
KO,2023-09-22,54.1,54.21,53.77,53.86,53.86,14644100,Consumer Goods
KO,2023-09-25,53.68,53.76,53.06,53.3,53.3,12358800,Consumer Goods
KO,2023-09-26,53.05,53.21,52.74,52.86,52.86,11194700,Consumer Goods
KO,2023-09-27,52.76,52.86,52.07,52.32,52.32,13766300,Consumer Goods
KO,2023-09-28,52.58,52.67,52.09,52.19,52.19,12484800,Consumer Goods
KO,2023-09-29,52.5,52.62,52.01,52.35,52.35,12271600,Consumer Goods
KO,2023-10-02,52.28,52.38,51.51,51.88,51.88,11792500,Consumer Goods
KO,2023-10-03,51.58,51.83,51.23,51.32,51.32,13604200,Consumer Goods
KO,2023-10-04,51.33,51.69,51.16,51.47,51.47,12100500,Consumer Goods
KO,2023-10-05,51.19,51.38,48.85,48.98,48.98,29878100,Consumer Goods
KO,2023-10-06,48.66,49.83,48.2,49.69,49.69,30298900,Consumer Goods
KO,2023-10-09,49.52,49.7,48.73,49.45,49.45,15704700,Consumer Goods
KO,2023-10-10,50.62,50.8,50.08,50.52,50.52,20909700,Consumer Goods
KO,2023-10-11,50.7,50.76,49.58,50.22,50.22,21138900,Consumer Goods
KO,2023-10-12,50.27,50.34,49.03,49.38,49.38,19330400,Consumer Goods
KO,2023-10-13,49.32,49.95,49.22,49.46,49.46,14494600,Consumer Goods
KO,2023-10-16,49.58,50.08,49.41,49.96,49.96,12816800,Consumer Goods
KO,2023-10-17,49.85,50.59,49.76,50.56,50.56,16457200,Consumer Goods
KO,2023-10-18,50.59,50.99,50.42,50.54,50.54,12809500,Consumer Goods
KO,2023-10-19,50.65,51.21,50.36,50.82,50.82,16202200,Consumer Goods
KO,2023-10-20,50.99,51.45,50.91,51.03,51.03,15686400,Consumer Goods
KO,2023-10-23,50.85,51.33,50.54,50.57,50.57,21212700,Consumer Goods
KO,2023-10-24,52.04,52.53,51.71,52.03,52.03,25290800,Consumer Goods
KO,2023-10-25,52.14,52.57,51.95,52.48,52.48,16701000,Consumer Goods
KO,2023-10-26,52.71,52.96,52.1,52.16,52.16,16228400,Consumer Goods
KO,2023-10-27,51.95,52.5,51.52,51.66,51.66,13626500,Consumer Goods
KO,2023-10-30,51.83,52.63,51.82,52.51,52.51,15014300,Consumer Goods
KO,2023-10-31,52.9,53.04,52.51,52.82,52.82,16639400,Consumer Goods
KO,2023-11-01,53.11,53.19,52.61,52.78,52.78,14110800,Consumer Goods
KO,2023-11-02,52.83,53.44,52.7,53.39,53.39,13087200,Consumer Goods
KO,2023-11-03,53.68,53.85,53.02,53.06,53.06,13958700,Consumer Goods
KO,2023-11-06,53.1,53.56,53.06,53.27,53.27,12673200,Consumer Goods
KO,2023-11-07,53.23,53.68,53.05,53.47,53.47,10449300,Consumer Goods
KO,2023-11-08,53.6,53.74,53.23,53.39,53.39,13744000,Consumer Goods
KO,2023-11-09,53.33,53.43,52.71,52.98,52.98,12021100,Consumer Goods
KO,2023-11-10,53.18,53.24,52.42,53.04,53.04,11678900,Consumer Goods
KO,2023-11-13,52.95,53.39,52.93,53.24,53.24,12798200,Consumer Goods
KO,2023-11-14,53.32,53.53,53.12,53.39,53.39,12697100,Consumer Goods
KO,2023-11-15,53.58,53.62,53.07,53.5,53.5,10201900,Consumer Goods
KO,2023-11-16,53.54,53.8,53.12,53.44,53.44,16010400,Consumer Goods
KO,2023-11-17,53.48,53.62,53.02,53.54,53.54,14475800,Consumer Goods
KO,2023-11-20,53.35,53.84,53.26,53.68,53.68,13051000,Consumer Goods
KO,2023-11-21,53.73,54.27,53.61,54.26,54.26,13891600,Consumer Goods
KO,2023-11-22,54.48,54.74,54.36,54.63,54.63,11320600,Consumer Goods
KO,2023-11-24,54.67,54.94,54.55,54.77,54.77,4816000,Consumer Goods
KO,2023-11-27,54.74,54.88,54.49,54.67,54.67,16246500,Consumer Goods
KO,2023-11-28,54.61,55.01,54.57,54.78,54.78,13739600,Consumer Goods
KO,2023-11-29,54.78,54.86,54.33,54.45,54.45,11263600,Consumer Goods
KO,2023-11-30,54.63,55.1,54.29,55.08,55.08,22727500,Consumer Goods
KO,2023-12-01,54.92,55.32,54.89,55.27,55.27,15371200,Consumer Goods
KO,2023-12-04,55.22,55.57,55.08,55.21,55.21,14942200,Consumer Goods
KO,2023-12-05,55.19,55.45,55.06,55.29,55.29,11891500,Consumer Goods
KO,2023-12-06,55.2,55.36,54.87,55.23,55.23,14868500,Consumer Goods
KO,2023-12-07,55.3,55.51,55.04,55.37,55.37,11587900,Consumer Goods
KO,2023-12-08,55.37,55.38,55.02,55.24,55.24,11178700,Consumer Goods
KO,2023-12-11,55.45,55.7,55.14,55.65,55.65,14524800,Consumer Goods
KO,2023-12-12,55.8,56.01,55.52,56.01,56.01,12899000,Consumer Goods
KO,2023-12-13,56.03,56.57,55.86,56.49,56.49,16196800,Consumer Goods
KO,2023-12-14,56.53,56.59,55.39,55.65,55.65,22478300,Consumer Goods
KO,2023-12-15,55.45,55.77,54.48,55.23,55.23,65177400,Consumer Goods
KO,2023-12-18,55.42,56.07,55.25,55.63,55.63,16717700,Consumer Goods
KO,2023-12-19,55.61,55.8,55.27,55.45,55.45,14612200,Consumer Goods
KO,2023-12-20,55.14,55.3,54.26,54.3,54.3,17701000,Consumer Goods
KO,2023-12-21,54.53,54.73,54.17,54.66,54.66,11725100,Consumer Goods
KO,2023-12-22,54.78,55.1,54.69,54.97,54.97,9029400,Consumer Goods
KO,2023-12-26,54.72,55.34,54.72,55.2,55.2,6422500,Consumer Goods
KO,2023-12-27,55.27,55.39,55.05,55.34,55.34,8560100,Consumer Goods
KO,2023-12-28,55.28,55.49,55.17,55.38,55.38,8400100,Consumer Goods
KO,2023-12-29,55.37,55.59,55.26,55.54,55.54,9244300,Consumer Goods
KO,2024-01-02,55.42,56.44,55.3,56.38,56.38,16322600,Consumer Goods
KO,2024-01-03,56.49,56.74,56.33,56.52,56.52,14830600,Consumer Goods
KO,2024-01-04,56.6,56.8,56.23,56.33,56.33,12912900,Consumer Goods
KO,2024-01-05,56.36,56.51,55.7,56.24,56.24,10412800,Consumer Goods
KO,2024-01-08,56.25,56.72,56.01,56.66,56.66,11554600,Consumer Goods
KO,2024-01-09,56.54,56.69,56.2,56.55,56.55,10493700,Consumer Goods
KO,2024-01-10,56.76,56.94,56.53,56.74,56.74,12258000,Consumer Goods
KO,2024-01-11,56.79,56.8,56.26,56.37,56.37,13754200,Consumer Goods
KO,2024-01-12,56.63,56.99,56.43,56.92,56.92,13218000,Consumer Goods
KO,2024-01-16,56.92,56.96,56.41,56.54,56.54,11826900,Consumer Goods
KO,2024-01-17,56.42,56.75,56.38,56.54,56.54,8982100,Consumer Goods
KO,2024-01-18,56.26,56.77,56.11,56.7,56.7,10397700,Consumer Goods
KO,2024-01-19,56.8,56.82,56.21,56.39,56.39,14392600,Consumer Goods
KO,2024-01-22,56.33,56.62,56.03,56.15,56.15,14314300,Consumer Goods
KO,2024-01-23,56.11,56.55,56.04,56.41,56.41,14481600,Consumer Goods
KO,2024-01-24,56.36,56.37,55.51,55.53,55.53,16370500,Consumer Goods
KO,2024-01-25,55.62,55.77,55.29,55.76,55.76,14899700,Consumer Goods
KO,2024-01-26,55.85,56.07,55.73,55.96,55.96,13025100,Consumer Goods
KO,2024-01-29,55.93,56.36,55.77,56.3,56.3,14547100,Consumer Goods
KO,2024-01-30,56.41,56.57,56.03,56.46,56.46,22061500,Consumer Goods
KO,2024-01-31,56.65,56.98,55.88,56.07,56.07,22837000,Consumer Goods
KO,2024-02-01,56.15,57.51,55.95,57.48,57.48,15870900,Consumer Goods
KO,2024-02-02,57.33,57.37,56.77,57.06,57.06,17544900,Consumer Goods
KO,2024-02-05,56.91,56.91,56.44,56.59,56.59,12759600,Consumer Goods
KO,2024-02-06,56.52,56.6,56.25,56.5,56.5,12775200,Consumer Goods
KO,2024-02-07,56.62,56.75,56.5,56.54,56.54,10259900,Consumer Goods
KO,2024-02-08,56.45,56.53,56.0,56.39,56.39,12874800,Consumer Goods
KO,2024-02-09,56.05,56.16,55.64,56.14,56.14,15235300,Consumer Goods
KO,2024-02-12,56.23,56.33,55.57,56.27,56.27,13516800,Consumer Goods
KO,2024-02-13,56.08,57.18,55.41,55.94,55.94,24195700,Consumer Goods
KO,2024-02-14,55.77,56.17,55.65,55.88,55.88,15872500,Consumer Goods
KO,2024-02-15,56.01,56.17,55.73,55.99,55.99,13695800,Consumer Goods
KO,2024-02-16,55.94,56.2,55.57,55.98,55.98,13947100,Consumer Goods
KO,2024-02-20,56.18,57.35,56.09,57.21,57.21,18339300,Consumer Goods
KO,2024-02-21,57.49,57.76,57.34,57.72,57.72,14373000,Consumer Goods
KO,2024-02-22,57.49,57.73,57.02,57.64,57.64,12982800,Consumer Goods
KO,2024-02-23,57.58,58.08,57.5,57.68,57.68,13612900,Consumer Goods
KO,2024-02-26,57.72,57.75,57.18,57.22,57.22,10336100,Consumer Goods
KO,2024-02-27,57.06,57.29,56.67,56.87,56.87,9931100,Consumer Goods
KO,2024-02-28,56.9,57.02,56.61,56.93,56.93,8076500,Consumer Goods
KO,2024-02-29,56.88,57.16,56.46,56.57,56.57,18152700,Consumer Goods
KO,2024-03-01,56.46,56.46,55.93,56.11,56.11,10927600,Consumer Goods
KO,2024-03-04,55.83,56.51,55.82,56.37,56.37,10150200,Consumer Goods
KO,2024-03-05,56.47,56.66,56.01,56.1,56.1,12310000,Consumer Goods
KO,2024-03-06,56.1,56.55,55.97,56.13,56.13,12378800,Consumer Goods
KO,2024-03-07,56.26,56.34,55.84,56.03,56.03,13686900,Consumer Goods
KO,2024-03-08,55.89,56.36,55.58,56.1,56.1,13239000,Consumer Goods
KO,2024-03-11,56.35,56.83,56.16,56.78,56.78,14114300,Consumer Goods
KO,2024-03-12,56.85,57.26,56.75,57.02,57.02,12684600,Consumer Goods
KO,2024-03-13,57.38,57.69,57.31,57.61,57.61,13909500,Consumer Goods
KO,2024-03-14,57.56,57.77,57.39,57.48,57.48,13996600,Consumer Goods
KO,2024-03-15,57.02,57.43,56.66,56.89,56.89,36849900,Consumer Goods
KO,2024-03-18,56.9,57.39,56.82,57.13,57.13,15856700,Consumer Goods
KO,2024-03-19,57.23,57.34,57.06,57.22,57.22,15030600,Consumer Goods
KO,2024-03-20,57.18,57.78,57.16,57.72,57.72,15258800,Consumer Goods
KO,2024-03-21,57.54,57.95,57.31,57.45,57.45,13067100,Consumer Goods
KO,2024-03-22,57.5,57.76,57.41,57.47,57.47,11502800,Consumer Goods
KO,2024-03-25,57.46,57.68,57.12,57.39,57.39,13144700,Consumer Goods
KO,2024-03-26,57.48,57.68,57.37,57.52,57.52,13277400,Consumer Goods
KO,2024-03-27,57.76,58.36,57.67,57.98,57.98,12551200,Consumer Goods
KO,2024-03-28,58.09,58.2,57.96,58.13,58.13,13683500,Consumer Goods
KO,2024-04-01,58.13,58.24,57.6,57.65,57.65,11668700,Consumer Goods
KO,2024-04-02,57.43,57.7,57.11,57.15,57.15,13017300,Consumer Goods
KO,2024-04-03,57.05,57.38,56.8,56.84,56.84,13672900,Consumer Goods
KO,2024-04-04,57.09,57.15,56.22,56.34,56.34,14320700,Consumer Goods
KO,2024-04-05,56.29,56.7,55.97,56.54,56.54,10157800,Consumer Goods
KO,2024-04-08,56.44,56.5,56.12,56.31,56.31,10284500,Consumer Goods
KO,2024-04-09,56.51,56.76,56.18,56.74,56.74,10779100,Consumer Goods
KO,2024-04-10,56.36,56.43,55.76,55.98,55.98,11861900,Consumer Goods
KO,2024-04-11,56.2,56.41,55.86,56.1,56.1,11109000,Consumer Goods
KO,2024-04-12,56.01,56.07,55.23,55.37,55.37,12250900,Consumer Goods
KO,2024-04-15,55.69,55.88,55.14,55.24,55.24,12425000,Consumer Goods
KO,2024-04-16,55.34,55.47,55.04,55.16,55.16,11236800,Consumer Goods
KO,2024-04-17,55.37,55.64,55.2,55.59,55.59,13805100,Consumer Goods
KO,2024-04-18,55.69,56.04,55.62,55.97,55.97,11125900,Consumer Goods
KO,2024-04-19,56.15,57.35,56.06,57.17,57.17,21207900,Consumer Goods
KO,2024-04-22,57.14,57.6,56.74,57.53,57.53,15624500,Consumer Goods
KO,2024-04-23,57.51,57.65,57.13,57.61,57.61,13689100,Consumer Goods
KO,2024-04-24,57.31,58.57,56.85,58.48,58.48,19548300,Consumer Goods
KO,2024-04-25,58.78,59.47,58.31,58.66,58.66,19048500,Consumer Goods
KO,2024-04-26,58.48,58.84,58.29,58.66,58.66,10994300,Consumer Goods
KO,2024-04-29,58.83,58.95,58.46,58.94,58.94,13409300,Consumer Goods
KO,2024-04-30,59.04,59.69,58.4,58.69,58.69,19349200,Consumer Goods
KO,2024-05-01,58.72,59.45,58.16,58.84,58.84,16729800,Consumer Goods
KO,2024-05-02,59.08,59.29,58.64,58.9,58.9,10991300,Consumer Goods
KO,2024-05-03,58.9,59.22,58.56,59.07,59.07,11628700,Consumer Goods
KO,2024-05-06,59.19,59.27,58.81,59.24,59.24,9310700,Consumer Goods
KO,2024-05-07,59.63,59.68,59.14,59.49,59.49,9807000,Consumer Goods
KO,2024-05-08,59.71,59.83,59.36,59.71,59.71,10484400,Consumer Goods
KO,2024-05-09,59.68,60.0,59.62,59.74,59.74,9113700,Consumer Goods
KO,2024-05-10,59.78,60.2,59.66,60.1,60.1,8371700,Consumer Goods
KO,2024-05-13,60.08,60.44,60.03,60.41,60.41,10137600,Consumer Goods
KO,2024-05-14,60.41,60.58,59.67,59.95,59.95,10852200,Consumer Goods
KO,2024-05-15,59.91,60.23,59.86,59.98,59.98,9838900,Consumer Goods
KO,2024-05-16,60.08,60.55,59.92,60.16,60.16,10228000,Consumer Goods
KO,2024-05-17,60.18,60.21,59.8,59.88,59.88,11539000,Consumer Goods
KO,2024-05-20,59.79,59.87,59.34,59.45,59.45,11000900,Consumer Goods
KO,2024-05-21,59.68,59.84,59.32,59.77,59.77,9796200,Consumer Goods
KO,2024-05-22,59.58,59.87,59.53,59.86,59.86,7419400,Consumer Goods
KO,2024-05-23,59.37,59.74,58.95,58.99,58.99,9834300,Consumer Goods
KO,2024-05-24,59.11,59.3,58.88,58.91,58.91,8203100,Consumer Goods
KO,2024-05-28,58.71,59.03,58.34,58.73,58.73,12347000,Consumer Goods
KO,2024-05-29,58.4,58.79,58.02,58.62,58.62,11861800,Consumer Goods
KO,2024-05-30,58.76,58.98,58.53,58.88,58.88,9433800,Consumer Goods
KO,2024-05-31,58.9,59.88,58.61,59.79,59.79,19816600,Consumer Goods
KO,2024-06-03,59.58,59.94,59.33,59.79,59.79,9369000,Consumer Goods
KO,2024-06-04,60.05,60.78,59.8,60.75,60.75,11895600,Consumer Goods
KO,2024-06-05,60.8,60.87,60.19,60.73,60.73,9632500,Consumer Goods
KO,2024-06-06,60.73,61.15,60.65,60.95,60.95,8658500,Consumer Goods
KO,2024-06-07,60.89,61.02,60.63,60.72,60.72,9523100,Consumer Goods
KO,2024-06-10,60.75,60.8,60.21,60.42,60.42,15685300,Consumer Goods
KO,2024-06-11,60.42,60.47,59.92,60.38,60.38,8396000,Consumer Goods
KO,2024-06-12,60.51,60.51,59.56,59.74,59.74,9569600,Consumer Goods
KO,2024-06-13,59.72,59.89,59.33,59.85,59.85,9668900,Consumer Goods
KO,2024-06-14,59.73,60.02,59.45,59.89,59.89,8179200,Consumer Goods
KO,2024-06-17,59.72,60.22,59.54,59.96,59.96,10532700,Consumer Goods
KO,2024-06-18,59.87,60.15,59.78,59.97,59.97,10651700,Consumer Goods
KO,2024-06-20,59.75,60.07,59.32,59.54,59.54,13306300,Consumer Goods
KO,2024-06-21,59.54,60.42,59.54,60.1,60.1,28278100,Consumer Goods
KO,2024-06-24,60.31,61.34,60.23,61.25,61.25,13212500,Consumer Goods
KO,2024-06-25,61.22,61.34,60.81,61.12,61.12,10235300,Consumer Goods
KO,2024-06-26,60.7,61.38,60.54,61.33,61.33,9402500,Consumer Goods
KO,2024-06-27,61.33,61.54,60.91,61.19,61.19,8494100,Consumer Goods
KO,2024-06-28,61.18,61.34,60.82,60.94,60.94,17358800,Consumer Goods
KO,2024-07-01,61.31,61.57,60.44,60.59,60.59,10033400,Consumer Goods
KO,2024-07-02,60.57,60.68,60.19,60.46,60.46,8878200,Consumer Goods
KO,2024-07-03,60.5,60.96,60.25,60.64,60.64,9154200,Consumer Goods
KO,2024-07-05,60.64,61.08,60.32,61.05,61.05,11735500,Consumer Goods
KO,2024-07-08,60.89,60.89,60.17,60.28,60.28,11235100,Consumer Goods
KO,2024-07-09,60.38,60.54,59.93,60.02,60.02,11657500,Consumer Goods
KO,2024-07-10,60.05,60.19,59.64,60.16,60.16,11930400,Consumer Goods
KO,2024-07-11,59.98,60.76,59.75,60.42,60.42,11431600,Consumer Goods
KO,2024-07-12,60.76,61.38,60.69,60.99,60.99,9201500,Consumer Goods
KO,2024-07-15,61.08,61.22,60.66,60.71,60.71,8207500,Consumer Goods
KO,2024-07-16,60.73,61.57,60.69,61.54,61.54,9025100,Consumer Goods
KO,2024-07-17,61.73,62.61,61.67,62.44,62.44,12508200,Consumer Goods
KO,2024-07-18,62.04,63.01,61.97,62.42,62.42,11128200,Consumer Goods
KO,2024-07-19,62.85,62.85,62.06,62.51,62.51,13775700,Consumer Goods
KO,2024-07-22,62.47,62.51,61.58,62.02,62.02,11794200,Consumer Goods
KO,2024-07-23,62.65,63.23,62.09,62.2,62.2,11810300,Consumer Goods
KO,2024-07-24,62.32,63.16,62.07,63.01,63.01,13244600,Consumer Goods
KO,2024-07-25,63.23,64.04,63.06,63.26,63.26,16328600,Consumer Goods
KO,2024-07-26,63.26,64.26,63.2,64.2,64.2,13530100,Consumer Goods
KO,2024-07-29,64.04,64.18,63.57,63.99,63.99,12140200,Consumer Goods
KO,2024-07-30,63.65,64.94,63.54,64.8,64.8,13258000,Consumer Goods
KO,2024-07-31,64.63,64.73,63.78,63.9,63.9,15576800,Consumer Goods
KO,2024-08-01,64.15,65.21,63.86,65.07,65.07,16495900,Consumer Goods
KO,2024-08-02,65.62,66.71,64.81,66.38,66.38,22514800,Consumer Goods
KO,2024-08-05,66.06,66.59,64.85,65.2,65.2,25484300,Consumer Goods
KO,2024-08-06,65.25,65.91,64.89,65.16,65.16,12969100,Consumer Goods
KO,2024-08-07,65.16,66.24,64.94,65.55,65.55,13365300,Consumer Goods
KO,2024-08-08,65.11,65.93,64.96,65.81,65.81,15240900,Consumer Goods
KO,2024-08-09,65.78,65.86,65.35,65.76,65.76,12080400,Consumer Goods
KO,2024-08-12,65.54,65.62,64.94,65.27,65.27,11012300,Consumer Goods
KO,2024-08-13,65.18,65.69,65.12,65.55,65.55,9877600,Consumer Goods
KO,2024-08-14,65.33,65.96,65.23,65.66,65.66,14328000,Consumer Goods
KO,2024-08-15,65.7,65.99,65.59,65.73,65.73,11285100,Consumer Goods
KO,2024-08-16,65.91,66.35,65.72,66.24,66.24,12651200,Consumer Goods
KO,2024-08-19,66.4,66.47,65.92,66.05,66.05,9843900,Consumer Goods
KO,2024-08-20,66.06,66.44,65.84,66.43,66.43,11957400,Consumer Goods
KO,2024-08-21,66.52,67.15,66.38,66.61,66.61,8792400,Consumer Goods
KO,2024-08-22,66.95,66.95,65.86,66.38,66.38,12509200,Consumer Goods
KO,2024-08-23,66.45,66.88,66.01,66.82,66.82,11834700,Consumer Goods
KO,2024-08-26,66.86,67.9,66.76,67.83,67.83,12912200,Consumer Goods
KO,2024-08-27,68.29,68.49,68.03,68.46,68.46,16988400,Consumer Goods
KO,2024-08-28,68.56,68.76,68.27,68.7,68.7,13272600,Consumer Goods
KO,2024-08-29,68.84,69.15,68.2,68.99,68.99,17201700,Consumer Goods
KO,2024-08-30,69.13,69.48,68.73,69.39,69.39,18624200,Consumer Goods
KO,2024-09-03,69.36,70.17,69.18,69.9,69.9,14755800,Consumer Goods
KO,2024-09-04,70.18,70.4,68.85,69.47,69.47,18140800,Consumer Goods
KO,2024-09-05,69.53,69.59,67.96,68.14,68.14,23866100,Consumer Goods
KO,2024-09-06,67.97,68.62,67.87,68.11,68.11,17485700,Consumer Goods
KO,2024-09-09,68.2,69.23,67.96,68.79,68.79,12939300,Consumer Goods
KO,2024-09-10,68.91,69.34,68.48,68.51,68.51,10277600,Consumer Goods
KO,2024-09-11,68.32,68.33,67.57,68.06,68.06,11418200,Consumer Goods
KO,2024-09-12,67.98,68.34,67.65,68.2,68.2,12337800,Consumer Goods
KO,2024-09-13,68.29,68.9,67.94,68.84,68.84,11073800,Consumer Goods
KO,2024-09-16,69.19,69.64,69.04,69.51,69.51,10786500,Consumer Goods
KO,2024-09-17,69.31,69.75,69.14,69.22,69.22,12974400,Consumer Goods
KO,2024-09-18,69.3,69.78,68.71,69.17,69.17,10719700,Consumer Goods
KO,2024-09-19,68.99,69.35,68.06,68.08,68.08,13635600,Consumer Goods
KO,2024-09-20,67.88,69.22,67.85,69.06,69.06,48578500,Consumer Goods
KO,2024-09-23,68.98,69.6,68.62,69.15,69.15,11613000,Consumer Goods
KO,2024-09-24,68.66,69.24,68.06,68.76,68.76,13330600,Consumer Goods
KO,2024-09-25,69.13,69.33,68.75,68.88,68.88,12329100,Consumer Goods
KO,2024-09-26,68.31,69.03,68.29,68.83,68.83,10815200,Consumer Goods
KO,2024-09-27,68.97,69.6,68.89,69.21,69.21,11175700,Consumer Goods
KO,2024-09-30,69.41,69.6,69.11,69.28,69.28,18015300,Consumer Goods
KO,2024-10-01,69.51,70.13,69.05,69.13,69.13,13294500,Consumer Goods
KO,2024-10-02,68.82,68.86,67.88,68.46,68.46,11155500,Consumer Goods
KO,2024-10-03,68.31,68.44,67.67,67.98,67.98,9374800,Consumer Goods
KO,2024-10-04,67.44,67.75,67.21,67.65,67.65,12684800,Consumer Goods
KO,2024-10-07,67.53,67.58,66.39,66.53,66.53,14512000,Consumer Goods
KO,2024-10-08,66.56,66.94,66.38,66.69,66.69,13549700,Consumer Goods
KO,2024-10-09,66.7,67.23,66.59,67.07,67.07,9037700,Consumer Goods
KO,2024-10-10,67.32,67.4,66.51,66.76,66.76,8635200,Consumer Goods
KO,2024-10-11,66.96,67.09,66.52,67.07,67.07,8786300,Consumer Goods
KO,2024-10-14,67.07,67.94,66.97,67.81,67.81,7659300,Consumer Goods
KO,2024-10-15,67.93,68.65,67.64,67.81,67.81,10358700,Consumer Goods
KO,2024-10-16,67.57,68.16,67.45,68.03,68.03,7937300,Consumer Goods
KO,2024-10-17,68.09,68.15,67.08,67.39,67.39,14674600,Consumer Goods
KO,2024-10-18,67.36,68.01,67.11,67.91,67.91,15087500,Consumer Goods
KO,2024-10-21,67.48,67.8,66.82,66.95,66.95,11981200,Consumer Goods
KO,2024-10-22,66.52,67.24,66.21,66.95,66.95,18603300,Consumer Goods
KO,2024-10-23,64.58,66.23,64.19,65.56,65.56,24655200,Consumer Goods
KO,2024-10-24,65.22,65.59,64.54,64.88,64.88,17568800,Consumer Goods
KO,2024-10-25,64.66,65.26,64.39,64.51,64.51,11138100,Consumer Goods
KO,2024-10-28,64.55,64.98,64.2,64.27,64.27,10761400,Consumer Goods
KO,2024-10-29,63.91,63.95,63.16,63.2,63.2,16525900,Consumer Goods
KO,2024-10-30,63.15,64.15,62.97,63.55,63.55,14177800,Consumer Goods
KO,2024-10-31,63.44,63.62,62.91,62.96,62.96,13383700,Consumer Goods
KO,2024-11-01,63.12,63.3,62.56,62.67,62.67,12163100,Consumer Goods
KO,2024-11-04,62.74,63.07,62.32,62.77,62.77,10984500,Consumer Goods
KO,2024-11-05,62.31,63.12,62.31,63.02,63.02,8780200,Consumer Goods
KO,2024-11-06,62.1,62.53,60.91,61.41,61.41,22899300,Consumer Goods
KO,2024-11-07,61.98,62.07,61.31,61.37,61.37,14856100,Consumer Goods
KO,2024-11-08,61.61,61.93,61.45,61.62,61.62,14719300,Consumer Goods
KO,2024-11-11,61.69,61.81,60.97,61.08,61.08,13980900,Consumer Goods
KO,2024-11-12,61.39,61.46,60.85,60.93,60.93,15021000,Consumer Goods
KO,2024-11-13,60.78,60.98,60.24,60.73,60.73,13177600,Consumer Goods
KO,2024-11-14,60.84,60.84,60.18,60.3,60.3,15910800,Consumer Goods
KO,2024-11-15,60.24,60.38,59.18,59.52,59.52,26284300,Consumer Goods
KO,2024-11-18,59.63,59.9,59.35,59.63,59.63,16062100,Consumer Goods
KO,2024-11-19,59.67,60.37,59.41,60.34,60.34,16254800,Consumer Goods
KO,2024-11-20,60.44,60.74,59.79,60.72,60.72,18904900,Consumer Goods
KO,2024-11-21,60.88,61.51,60.69,61.47,61.47,17292300,Consumer Goods
KO,2024-11-22,61.93,62.16,61.36,61.62,61.62,19562200,Consumer Goods
KO,2024-11-25,62.01,62.38,61.54,62.06,62.06,36805300,Consumer Goods
KO,2024-11-26,62.0,62.31,61.76,62.23,62.23,14473300,Consumer Goods
KO,2024-11-27,62.62,62.76,61.94,62.11,62.11,13263400,Consumer Goods
KO,2024-11-29,62.19,62.41,61.94,62.24,62.24,10648400,Consumer Goods
KO,2024-12-02,62.21,62.35,61.53,61.83,61.83,16500100,Consumer Goods
KO,2024-12-03,61.89,62.24,61.22,61.7,61.7,24874500,Consumer Goods
KO,2024-12-04,61.47,61.53,60.13,60.43,60.43,28137700,Consumer Goods
KO,2024-12-05,60.68,61.31,60.32,61.12,61.12,21040400,Consumer Goods
KO,2024-12-06,61.03,61.54,60.72,60.74,60.74,15581100,Consumer Goods
KO,2024-12-09,60.89,61.13,60.13,60.81,60.81,22348300,Consumer Goods
KO,2024-12-10,60.9,61.23,60.02,61.11,61.11,14949400,Consumer Goods
KO,2024-12-11,61.19,61.81,60.61,60.84,60.84,32819000,Consumer Goods
KO,2024-12-12,61.73,62.09,61.41,62.01,62.01,17542100,Consumer Goods
KO,2024-12-13,61.75,62.01,61.3,61.31,61.31,13429000,Consumer Goods
KO,2024-12-16,61.42,62.03,60.56,60.76,60.76,24559700,Consumer Goods
KO,2024-12-17,60.66,61.73,60.53,61.58,61.58,21902400,Consumer Goods
KO,2024-12-18,61.01,61.82,60.99,61.05,61.05,20946100,Consumer Goods
KO,2024-12-19,60.9,61.36,60.61,60.66,60.66,21300600,Consumer Goods
KO,2024-12-20,60.68,61.25,60.5,60.76,60.76,42458100,Consumer Goods
KO,2024-12-23,60.71,60.96,59.77,60.59,60.59,13010800,Consumer Goods
KO,2024-12-24,60.42,61.04,60.23,61.04,61.04,5019100,Consumer Goods
KO,2024-12-26,60.83,60.94,60.61,60.78,60.78,7943800,Consumer Goods
KO,2024-12-27,60.66,61.15,60.43,60.66,60.66,8542800,Consumer Goods
KO,2024-12-30,60.55,60.55,59.91,60.25,60.25,8972200,Consumer Goods
KO,2024-12-31,60.24,60.64,60.03,60.48,60.48,9256700,Consumer Goods
