Ticker,Date,Open,High,Low,Close,Adj Close,Volume,Sector,SMA_5,SMA_10,SMA_20,SMA_50,EMA_12,EMA_26,MACD,MACD_signal,Close_lag_1,Volume_lag_1,Close_lag_5,Volume_lag_5,Close_lag_10,Volume_lag_10,RSI_14,ROC_5,ROC_10,Daily_Return,Volatility_10
KO,2019-03-14,37.28,37.5,37.11,37.17,37.17,18504100,Consumer Goods,36.994,36.83,36.631,37.857200000000006,36.94527067858204,37.22350315124948,-0.27823247266744033,-0.4086364836200618,37.27,16222500.0,36.51,12084000.0,36.56,22533900.0,59.88023952095811,1.8077239112572085,1.6684901531728746,-0.0026831231553529067,0.010791854173455588
KO,2019-03-15,37.19,37.33,36.72,36.85,36.85,47254500,Consumer Goods,37.132000000000005,36.856,36.6355,37.8374,36.93061365110788,37.195836251156926,-0.26522260004904297,-0.379953706905858,37.17,18504100.0,36.16,15579100.0,36.59,16291600.0,58.99705014749258,1.9081858407079766,0.7105766602896857,-0.008609093354856046,0.01127896424943758
KO,2019-03-18,36.95,37.15,36.89,36.94,36.94,24006400,Consumer Goods,37.072,36.869,36.6585,37.824,36.932057704783595,37.17688541773789,-0.24482771295429728,-0.3529285081155459,36.85,47254500.0,37.24,22126900.0,36.81,15973800.0,63.91437308868492,-0.8055853920515665,0.35316490084214003,0.002442333785617201,0.011150164558213957
KO,2019-03-19,37.05,37.16,36.88,37.06,37.06,14987000,Consumer Goods,37.05800000000001,36.898,36.704,37.798,36.951741134816885,37.168227238646196,-0.2164861038293111,-0.32564002725829894,36.94,24006400.0,37.13,19348500.0,36.77,13062300.0,62.893081761006236,-0.1885267977376759,0.7886864291541951,0.003248511099079643,0.011169863974390168
KO,2019-03-20,36.93,37.33,36.75,37.03,37.03,13376100,Consumer Goods,37.010000000000005,36.936,36.737,37.7814,36.96378096022967,37.157988183931664,-0.19420722370199428,-0.29935346654703804,37.06,14987000.0,37.27,16222500.0,36.65,14232100.0,58.13148788927329,-0.6439495572846843,1.0368349249658904,-0.0008094981111711474,0.011096376552704151
KO,2019-03-21,37.03,37.22,36.96,37.02,37.02,20043000,Consumer Goods,36.980000000000004,36.98700000000001,36.739,37.7562,36.97243004327126,37.147766836973766,-0.1753367937025061,-0.27455013197813166,37.03,13376100.0,37.17,18504100.0,36.51,12084000.0,57.49128919860624,-0.40355125100887124,1.396877567789656,-0.00027005130974877556,0.010978119798624226
KO,2019-03-22,36.98,37.5,36.98,37.36,37.36,19055900,Consumer Goods,37.08200000000001,37.107,36.7815,37.7524,37.032056190460295,37.16348781201274,-0.13143162155244426,-0.2459264298929942,37.02,20043000.0,36.85,47254500.0,36.16,15579100.0,59.19732441471564,1.383989145183162,3.31858407079646,0.009184224743381764,0.01047625384557577
KO,2019-03-25,37.3,37.58,37.24,37.44,37.44,11668200,Consumer Goods,37.182,37.126999999999995,36.8415,37.7422,37.094816776543325,37.183970196308096,-0.08915341976477009,-0.21457182786734938,37.36,19055900.0,36.94,24006400.0,37.24,22126900.0,61.05610561056094,1.3535462912831697,0.5370569280343629,0.0021413276231263545,0.004801113924819659
KO,2019-03-26,37.55,38.06,37.55,37.94,37.94,11434900,Consumer Goods,37.358000000000004,37.208,36.937,37.7376,37.22484496476743,37.23997240398898,-0.015127439221551242,-0.17468295013818977,37.44,11668200.0,37.06,14987000.0,37.13,19348500.0,68.91495601173017,2.374527792768477,2.181524373821686,0.013354700854700807,0.006079740495521403
KO,2019-03-27,37.94,38.16,37.68,37.91,37.91,11543600,Consumer Goods,37.534,37.272000000000006,37.0205,37.7354,37.330253431726284,37.28960407776757,0.040649353958713164,-0.1316164893188092,37.94,11434900.0,37.03,13376100.0,37.27,16222500.0,71.21212121212116,2.376451525789891,1.7171988194258025,-0.0007907221929362995,0.00611788444483569
KO,2019-03-28,37.97,38.16,37.81,37.89,37.89,11121100,Consumer Goods,37.708,37.344,37.087,37.726,37.41636828838378,37.334077849784784,0.08229043859899576,-0.08883510373524822,37.91,11543600.0,37.02,20043000.0,37.17,18504100.0,79.12457912457921,2.350081037277141,1.937046004842613,-0.0005275652862040126,0.005981938482560648
KO,2019-03-29,37.96,38.16,37.81,38.11,38.11,16045600,Consumer Goods,37.858,37.47,37.163,37.7316,37.52308085940166,37.39155356461554,0.13152729478611747,-0.044762624030975084,37.89,11121100.0,37.36,19055900.0,36.85,47254500.0,70.61611374407585,2.007494646680952,3.4192672998643037,0.005806281340723141,0.00477307328071697
KO,2019-04-01,38.22,38.37,37.89,38.0,38.0,11522700,Consumer Goods,37.97,37.576,37.2225,37.732600000000005,37.59645303487832,37.43662367094032,0.15982936393800173,-0.003844226437179722,38.11,16045600.0,37.44,11668200.0,36.94,24006400.0,70.61611374407585,1.4957264957265126,2.8695181375202994,-0.002886381527158255,0.0051700747181859606
KO,2019-04-02,38.03,38.17,37.88,37.88,37.88,8495000,Consumer Goods,37.958,37.658,37.278,37.7224,37.640075644897045,37.46946636198178,0.17060928291526523,0.03104647543330927,38.0,11522700.0,37.94,11434900.0,37.06,14987000.0,64.59330143540676,-0.1581444385872266,2.21262817053427,-0.0031578947368420263,0.005500866938591316
KO,2019-04-03,37.76,37.89,37.45,37.56,37.56,12854500,Consumer Goods,37.888,37.711,37.3235,37.70399999999999,37.62775631491289,37.47617255739054,0.15158375752234576,0.05515393185111657,37.88,8495000.0,37.91,11543600.0,37.03,13376100.0,58.4415584415585,-0.9232392508572773,1.4312719416689212,-0.008447729672650506,0.006419471283450841
KO,2019-04-04,37.69,37.85,37.5,37.81,37.81,7814900,Consumer Goods,37.872,37.79,37.3885,37.6818,37.65579380492629,37.500900516102355,0.15489328882393494,0.07510180324568025,37.56,12854500.0,37.89,11121100.0,37.02,20043000.0,71.42857142857156,-0.21113750329901926,2.133981631550519,0.006656017039403661,0.006585872470516198
KO,2019-04-05,37.81,37.89,37.58,37.8,37.8,7677600,Consumer Goods,37.81,37.834,37.4705,37.668800000000005,37.67797937339917,37.523056033428105,0.154923339971063,0.09106611059075681,37.81,7814900.0,38.11,16045600.0,37.36,19055900.0,69.90740740740743,-0.8134347940173203,1.1777301927194728,-0.00026448029621806146,0.006123434510718221
KO,2019-04-08,37.85,37.88,37.63,37.86,37.86,9421300,Consumer Goods,37.782,37.876,37.50150000000001,37.662,37.70598254672237,37.548014845766765,0.1579677009556022,0.10444642866372589,37.8,7677600.0,38.0,11522700.0,37.44,11668200.0,69.04761904761904,-0.36842105263158453,1.1217948717948678,0.0015873015873015817,0.006116356570580371
KO,2019-04-09,37.78,38.0,37.63,37.96,37.96,8641800,Consumer Goods,37.798,37.878,37.543,37.6606,37.74506215491893,37.578532264598856,0.1665298903200707,0.11686312099499485,37.86,9421300.0,37.88,8495000.0,37.94,11434900.0,71.42857142857147,0.21119324181626542,0.05271481286241997,0.002641310089804616,0.004448653971366523
KO,2019-04-10,38.1,38.23,37.87,37.94,37.94,8059900,Consumer Goods,37.874,37.881,37.576499999999996,37.655,37.77505259262371,37.60530765240635,0.1697449402173561,0.1274394848394671,37.96,8641800.0,37.56,12854500.0,37.91,11543600.0,71.10091743119254,1.0117145899893432,0.07913479293062409,-0.0005268703898841931,0.0044438168619056265
KO,2019-04-11,38.0,38.03,37.85,37.99,37.99,7352400,Consumer Goods,37.910000000000004,37.891000000000005,37.6175,37.643,37.808121424527755,37.63380338185773,0.1743180426700235,0.13681519640557838,37.94,8059900.0,37.81,7814900.0,37.89,11121100.0,66.66666666666666,0.4760645331922664,0.2639218791237852,0.0013178703215603882,0.004453720993877726
KO,2019-04-12,37.96,38.17,37.88,38.02,38.02,10690000,Consumer Goods,37.95399999999999,37.882,37.676,37.627199999999995,37.84071812844656,37.66241053875716,0.1783075896894033,0.14511367506234338,37.99,7352400.0,37.8,7677600.0,38.11,16045600.0,65.76086956521745,0.5820105820105947,-0.23615848858565824,0.0007896814951302566,0.00402284054915804
KO,2019-04-15,38.13,38.26,37.98,38.23,38.23,10261300,Consumer Goods,38.028,37.905,37.740500000000004,37.6064,37.90060764714709,37.704454202552924,0.19615344459416661,0.15532162896870805,38.02,10690000.0,37.86,9421300.0,38.0,11522700.0,59.35483870967736,0.977284733227668,0.605263157894731,0.0055234087322459935,0.00427664543135888
KO,2019-04-16,38.27,38.31,37.98,38.19,38.19,10804600,Consumer Goods,38.074,37.936,37.797,37.576,37.945129547586,37.74042055791938,0.20470898966662077,0.1651991011082906,38.23,10261300.0,37.96,8641800.0,37.88,8495000.0,58.974358974359,0.6059009483666999,0.818373812037998,-0.0010462987182841,0.00411905888806849
KO,2019-04-17,38.39,38.68,38.35,38.46,38.46,11849300,Consumer Goods,38.178,38.025999999999996,37.8685,37.5508,38.02434038641892,37.79372273881424,0.2306176476046815,0.17828281040756883,38.19,10804600.0,37.94,8059900.0,37.56,12854500.0,65.74585635359108,1.370585134422786,2.396166134185296,0.0070699135899450205,0.0030128786212781098
KO,2019-04-18,38.5,38.7,38.45,38.62,38.62,12167000,Consumer Goods,38.303999999999995,38.107,37.9485,37.528800000000004,38.115980326969854,37.854928461865036,0.26105186510481815,0.19483662134701868,38.46,11849300.0,37.99,7352400.0,37.81,7814900.0,64.57142857142846,1.6583311397736056,2.142290399365243,0.004160166406656174,0.0027066307870271607
KO,2019-04-22,38.55,38.72,38.24,38.55,38.55,9834700,Consumer Goods,38.410000000000004,38.182,38.007999999999996,37.5028,38.18275258435911,37.906415242467624,0.27633734189148385,0.21113676545591173,38.62,12167000.0,38.02,10690000.0,37.8,7677600.0,66.08187134502907,1.3940031562335475,1.984126984126977,-0.0018125323666494664,0.0028961309550667113
KO,2019-04-23,39.11,39.63,38.68,39.21,39.21,25327800,Consumer Goods,38.605999999999995,38.317,38.0965,37.4888,38.34079064830386,38.00297707635891,0.3378135719449489,0.23647212675371918,38.55,9834700.0,38.23,10261300.0,37.86,9421300.0,79.55555555555533,2.5634318597959727,3.565768621236143,0.017120622568093546,0.005585123066283153
KO,2019-04-24,39.07,39.23,38.98,39.03,39.03,15997300,Consumer Goods,38.773999999999994,38.424,38.150999999999996,37.4694,38.44682285625711,38.07905284848047,0.3677700077766346,0.2627317029583023,39.21,25327800.0,38.19,10804600.0,37.96,8641800.0,84.83412322274856,2.199528672427342,2.818756585879867,-0.004590665646518777,0.006151575774668726
KO,2019-04-25,38.83,38.95,38.61,38.91,38.91,11444400,Consumer Goods,38.864,38.521,38.20100000000001,37.4468,38.5180808783714,38.140604489333775,0.3774763890376249,0.28568064017416683,39.03,15997300.0,38.46,11849300.0,37.94,8059900.0,77.77777777777737,1.170046801872071,2.556668423827091,-0.003074558032282959,0.006354114619340884
KO,2019-04-26,39.03,39.41,39.03,39.25,39.25,10154300,Consumer Goods,38.989999999999995,38.647,38.269,37.4288,38.630683820160414,38.22278193456831,0.4079018855921035,0.31012488925775417,38.91,11444400.0,38.62,12167000.0,37.99,7352400.0,81.38528138528122,1.6312791299844642,3.3166622795472334,0.008738113595476937,0.0066223902191683455
KO,2019-04-29,39.18,39.41,39.13,39.38,39.38,9731500,Consumer Goods,39.15599999999999,38.783,38.3325,37.4812,38.74596323244342,38.30850179126695,0.4374614411764739,0.3355921996414981,39.25,10154300.0,38.55,9834700.0,38.02,10690000.0,81.93277310924354,2.1530479896238797,3.577064702788002,0.0033121019108279803,0.006564452070144319
KO,2019-04-30,39.47,40.0,39.36,39.9,39.9,17912900,Consumer Goods,39.294,38.95,38.4275,37.5496,38.92350735052905,38.426390547469396,0.49711680305965444,0.3678971203251294,39.38,9731500.0,39.21,25327800.0,38.23,10261300.0,84.64285714285697,1.759755164498844,4.368297148835998,0.013204672422549413,0.007237246733681071
KO,2019-05-01,39.81,39.92,39.49,39.52,39.52,10551200,Consumer Goods,39.392,39.083,38.5095,37.617,39.01527545044765,38.50739865506426,0.507876795383396,0.3958930553367827,39.9,17912900.0,39.03,15997300.0,38.19,10804600.0,75.00000000000006,1.2554445298488481,3.4825870646766344,-0.009523809523809379,0.008345763312293112
KO,2019-05-02,39.47,39.67,39.26,39.36,39.36,8724600,Consumer Goods,39.482000000000006,39.173,38.5995,37.6768,39.06830999653263,38.57055431024468,0.4977556862879524,0.41626558152701665,39.52,10551200.0,38.91,11444400.0,38.46,11849300.0,70.94801223241583,1.156515034695449,2.340093603744142,-0.004048582995951455,0.008549594424766032
KO,2019-05-03,39.53,39.82,39.46,39.63,39.63,7076900,Consumer Goods,39.55800000000001,39.274,38.6905,37.7298,39.15472384321992,38.649031768745076,0.5056920744748439,0.4341508801165821,39.36,8724600.0,39.25,10154300.0,38.62,12167000.0,72.9344729344729,0.9681528662420558,2.615225271879873,0.006859756097560954,0.00865512254327131
KO,2019-05-06,39.31,39.54,39.25,39.42,39.42,8657800,Consumer Goods,39.566,39.361000000000004,38.771499999999996,37.788000000000004,39.195535559647624,38.70614052661581,0.489395033031812,0.4451997106996281,39.63,7076900.0,39.38,9731500.0,38.55,9834700.0,66.95156695156696,0.1015744032503818,2.256809338521415,-0.005299015897047732,0.008919627868780696
KO,2019-05-07,39.23,39.28,38.85,39.04,39.04,12487500,Consumer Goods,39.394000000000005,39.344,38.8305,37.844,39.171607012009524,38.73087085797761,0.44073615403191724,0.444306999366086,39.42,8657800.0,39.9,17912900.0,39.21,25327800.0,61.038961038961006,-2.1553884711779436,-0.43356286661566656,-0.00963977676306449,0.007928292784120033
KO,2019-05-08,39.08,39.23,38.9,38.92,38.92,9281400,Consumer Goods,39.274,39.333,38.8785,37.9018,39.132898240931134,38.74488042405334,0.3880178168777917,0.43304916286842715,39.04,12487500.0,39.52,10551200.0,39.03,15997300.0,56.21621621621622,-1.5182186234817818,-0.2818344862925981,-0.0030737704918032405,0.007853494971330423
KO,2019-05-09,38.88,39.03,38.29,38.55,38.55,11450500,Consumer Goods,39.112,39.297000000000004,38.909,37.948,39.043221588480186,38.730444837086424,0.3127767513937627,0.40899468057349425,38.92,9281400.0,39.36,8724600.0,38.91,11444400.0,49.10485933503836,-2.0579268292682973,-0.9252120277563614,-0.009506680369989806,0.008357362100760587
KO,2019-05-10,38.56,39.29,38.55,39.2,39.2,9653800,Consumer Goods,39.025999999999996,39.292,38.9695,38.0008,39.067341344098615,38.76522670100595,0.3021146430926649,0.3876186730773284,38.55,11450500.0,39.63,7076900.0,39.25,10154300.0,57.23830734966595,-1.0850365884431001,-0.127388535031836,0.016861219195849708,0.009686997708700582
KO,2019-05-13,38.97,39.15,38.82,39.08,39.08,11911500,Consumer Goods,38.958000000000006,39.262,39.0225,38.0506,39.069288829621904,38.78854324167218,0.28074558794972404,0.36624405605180754,39.2,9653800.0,39.42,8657800.0,39.38,9731500.0,48.354430379746816,-0.8625063419584023,-0.7618080243778635,-0.003061224489796066,0.00964821255453537
KO,2019-05-14,39.47,40.12,39.33,39.6,39.6,16844200,Consumer Goods,39.07,39.232,39.090999999999994,38.1064,39.15093670198777,38.84865114969646,0.30228555229130905,0.35345235529970787,39.08,11911500.0,39.04,12487500.0,39.9,17912900.0,56.643356643356604,1.434426229508201,-0.7518796992481147,0.013306038894575378,0.00966451032645578
KO,2019-05-15,39.59,40.16,39.53,40.0,40.0,11422500,Consumer Goods,39.286,39.28,39.1815,38.171,39.28156182475888,38.93393624971894,0.34762557503994174,0.35228699924775464,39.6,16844200.0,38.92,9281400.0,39.52,10551200.0,61.92560175054703,2.7749229188078095,1.2145748987854255,0.010101010101010166,0.009669009090725267
KO,2019-05-16,40.07,40.39,40.03,40.33,40.33,17771300,Consumer Goods,39.641999999999996,39.376999999999995,39.275,38.2446,39.44286000556521,39.03734837936939,0.4055116261958176,0.36293192463736723,40.0,11422500.0,38.55,11450500.0,39.36,8724600.0,61.84210526315783,4.617380025940343,2.4644308943089444,0.008249999999999869,0.009702288736111328
KO,2019-05-17,40.07,40.3,39.99,40.02,40.02,11257000,Consumer Goods,39.806,39.416,39.345,38.3148,39.531650773939795,39.11013738830499,0.42151338563480323,0.37464821683685445,40.33,17771300.0,39.2,9653800.0,39.63,7076900.0,56.751054852320664,2.091836734693886,0.9841029523088629,-0.007686585668236878,0.010056618306277834
KO,2019-05-20,39.89,39.97,39.66,39.73,39.73,13850500,Consumer Goods,39.93599999999999,39.446999999999996,39.404,38.3862,39.56216603948752,39.15605313731944,0.4061129021680827,0.3809411539031001,40.02,11257000.0,39.08,11911500.0,39.42,8657800.0,48.11529933481152,1.6632548618219056,0.7864028411973534,-0.007246376811594346,0.010210364530885184
KO,2019-05-21,39.86,39.88,39.41,39.53,39.53,10587400,Consumer Goods,39.922,39.496,39.42,38.432,39.5572174180279,39.183752904925406,0.3734645131024976,0.3794458257429797,39.73,13850500.0,39.6,16844200.0,39.04,12487500.0,50.11547344110853,-0.17676767676767513,1.255122950819687,-0.005033979360684504,0.009780417148611078
KO,2019-05-22,39.68,40.43,39.63,40.38,40.38,16050400,Consumer Goods,39.998000000000005,39.642,39.4875,38.497,39.68379935371591,39.27236380085686,0.41143555285905364,0.3858437711661945,39.53,10587400.0,40.0,11422500.0,38.92,9281400.0,60.1593625498008,0.9500000000000064,3.7512846865364935,0.021502656210473203,0.011498649689924919
KO,2019-05-23,40.26,40.59,40.23,40.55,40.55,12199400,Consumer Goods,40.042,39.842,39.5695,38.562599999999996,39.81706099160577,39.36700351931191,0.4500574722938637,0.3986865113917284,40.38,16050400.0,40.33,17771300.0,38.55,11450500.0,59.34959349593488,0.5454996280684243,5.188067444876787,0.0042100049529467665,0.010518058440825139
KO,2019-05-24,40.52,40.58,40.29,40.35,40.35,6887600,Consumer Goods,40.108,39.957,39.6245,38.6262,39.8990516082818,39.43981807343695,0.45923353484484863,0.4107959160823525,40.55,12199400.0,40.02,11257000.0,39.2,9653800.0,59.470468431771884,0.8245877061469287,2.933673469387754,-0.004932182490752002,0.010062984604409806
KO,2019-05-28,40.34,40.4,39.88,39.94,39.94,18614000,Consumer Goods,40.15,40.043,39.652499999999996,38.688,39.905351360853835,39.47686858651569,0.42848277433814275,0.4143332877335106,40.35,6887600.0,39.73,13850500.0,39.08,11911500.0,59.10931174089067,0.5285678328718957,2.2006141248720468,-0.010161090458488342,0.010759849706372195
KO,2019-05-29,39.64,39.88,39.38,39.54,39.54,12534600,Consumer Goods,40.152,40.037,39.634499999999996,38.74,39.84914345918401,39.48154498751453,0.36759847166948134,0.40498632452070477,39.94,18614000.0,39.53,10587400.0,39.6,16844200.0,55.938697318007634,0.02529724260054156,-0.15151515151515804,-0.01001502253380071,0.010619104002775697
KO,2019-05-30,39.63,40.11,39.59,40.06,40.06,9087200,Consumer Goods,40.088,40.043,39.661500000000004,38.8,39.88158292700186,39.5243935069579,0.3571894200439587,0.3954269436253556,39.54,12534600.0,40.38,16050400.0,40.0,11422500.0,64.05959031657359,-0.7924715205547272,0.15000000000000568,0.013151239251391056,0.010982307635727134
KO,2019-05-31,39.86,40.11,39.68,39.96,39.96,11368600,Consumer Goods,39.97,40.006,39.691500000000005,38.8586,39.893647092078496,39.55666065459065,0.3369864374878446,0.3837388423978534,40.06,9087200.0,40.55,12199400.0,40.33,17771300.0,57.88381742738588,-1.4549938347718783,-0.917431192660545,-0.0024962556165751826,0.010627542410152454
KO,2019-06-03,39.99,40.65,39.87,40.65,40.65,14167200,Consumer Goods,40.03,40.068999999999996,39.7425,38.9312,40.01000907791257,39.637648754250606,0.37236032366196525,0.38146313865067577,39.96,11368600.0,40.35,6887600.0,40.02,11257000.0,64.56400742115031,0.743494423791824,1.5742128935532174,0.017267267267267128,0.011722556403918928
KO,2019-06-04,40.67,40.9,40.36,40.67,40.67,12010600,Consumer Goods,40.176,40.163,39.805,38.9974,40.1115461428491,39.71411921689871,0.3974269259503913,0.3846558961106189,40.65,14167200.0,39.94,18614000.0,39.73,13850500.0,60.94069529652354,1.8277416124186319,2.3659702995217913,0.0004920049200491938,0.011320408520296853
KO,2019-06-05,40.68,41.6,40.42,41.3,41.3,15837600,Consumer Goods,40.528,40.339999999999996,39.91799999999999,39.074600000000004,40.29438519779539,39.8315918674988,0.4627933302965914,0.4002833829478134,40.67,12010600.0,39.54,12534600.0,39.53,10587400.0,62.6953125,4.451188669701556,4.477611940298498,0.015490533562822595,0.011678091267454524
KO,2019-06-06,41.41,41.92,41.15,41.81,41.81,15190400,Consumer Goods,40.878,40.483,40.0625,39.152,40.527556705826875,39.97814061805445,0.5494160877724283,0.4301099239127364,41.3,15837600.0,40.06,9087200.0,40.38,16050400.0,63.96226415094345,4.368447329006497,3.5413571074789596,0.012348668280871777,0.010491443228796932
KO,2019-06-07,41.86,42.45,41.85,41.88,41.88,15293600,Consumer Goods,41.262,40.616,40.229,39.2314,40.73562490493043,40.119019090791156,0.6166058141392767,0.4674091019580445,41.81,15190400.0,39.96,11368600.0,40.55,12199400.0,68.37944664031619,4.8048048048048075,3.27990135635019,0.0016742406122938203,0.010503966623606897
KO,2019-06-10,41.92,41.92,41.56,41.79,41.79,9737400,Consumer Goods,41.489999999999995,40.760000000000005,40.3585,39.309400000000004,40.897836458018055,40.242795454436255,0.6550410035818004,0.5049354822827957,41.88,15293600.0,40.65,14167200.0,40.35,6887600.0,71.19341563786011,2.8044280442804492,3.5687732342007283,-0.0021489971346705383,0.010296970912240914
KO,2019-06-11,41.85,41.96,41.63,41.75,41.75,9915600,Consumer Goods,41.705999999999996,40.941,40.492,39.3822,41.028938541399896,40.35444023558913,0.674498305810765,0.5388480469883896,41.79,9737400.0,40.67,12010600.0,39.94,18614000.0,73.61702127659572,2.6555200393410416,4.531797696544815,-0.0009571667863125244,0.009297006548034057
KO,2019-06-12,41.89,42.41,41.86,42.0,42.0,11088100,Consumer Goods,41.846000000000004,41.187,40.612,39.462199999999996,41.178332611953756,40.47633355147141,0.7019990604823434,0.5714782496871804,41.75,9915600.0,41.3,15837600.0,39.54,12534600.0,69.75609756097558,1.6949152542373058,6.221547799696503,0.0059880239520957446,0.007777794912349362
KO,2019-06-13,42.18,42.38,41.63,41.91,41.91,10353600,Consumer Goods,41.866,41.372,40.7075,39.5428,41.29089682549933,40.58253106617724,0.708365759322092,0.5988557516141627,42.0,11088100.0,41.81,15190400.0,40.06,9087200.0,66.91542288557208,0.23917723032766958,4.618072890663982,-0.002142857142857224,0.007736623560252112
KO,2019-06-14,41.85,42.24,41.85,42.06,42.06,8694300,Consumer Goods,41.902,41.582,40.794,39.632799999999996,41.40922039080712,40.69197320942337,0.7172471813837547,0.6225340375680811,41.91,10353600.0,41.88,15293600.0,39.96,11368600.0,71.53652392947093,0.42979942693410766,5.255255255255253,0.0035790980672871786,0.007350595212539112
KO,2019-06-17,42.01,42.2,41.49,41.7,41.7,12322400,Consumer Goods,41.884,41.687,40.878,39.7106,41.453955715298335,40.76664186057719,0.6873138547211468,0.6354900009986943,42.06,8694300.0,41.79,9737400.0,40.65,14167200.0,72.4489795918367,-0.2153625269203041,2.583025830258312,-0.008559201141226769,0.007158240953265666
KO,2019-06-18,42.01,42.05,41.42,41.51,41.51,9221100,Consumer Goods,41.836,41.771,40.967,39.7848,41.462577912944745,40.82170542646036,0.6408724864843833,0.6365664980958322,41.7,12322400.0,41.75,9915600.0,40.67,12010600.0,76.54986522911034,-0.5748502994011973,2.06540447504302,-0.004556354916067207,0.007491824941548851
KO,2019-06-19,41.43,42.0,41.37,41.9,41.9,9414100,Consumer Goods,41.816,41.831,41.0855,39.8656,41.52987361864555,40.90157909857441,0.6282945200711438,0.6349121024908946,41.51,9221100.0,42.0,11088100.0,41.3,15837600.0,75.69832402234617,-0.23809523809523725,1.4527845036319542,0.009395326427366957,0.006454980755584252
KO,2019-06-20,42.22,42.45,42.09,42.35,42.35,10656600,Consumer Goods,41.904,41.885000000000005,41.184000000000005,39.9534,41.656046908084704,41.00886953571705,0.6471773723676577,0.6373651564662473,41.9,9414100.0,41.91,10353600.0,41.81,15190400.0,80.40712468193368,1.049868766404205,1.2915570437694202,0.010739856801909475,0.0061671305517519235
KO,2019-06-21,42.24,42.54,42.14,42.26,42.26,21264400,Consumer Goods,41.943999999999996,41.923,41.2695,40.0398,41.748962768379364,41.10154586640468,0.6474169019746867,0.6393755055679352,42.35,10656600.0,42.06,8694300.0,41.88,15293600.0,74.17417417417397,0.4755111745125884,0.9073543457497557,-0.0021251475796930652,0.006257960555274665
KO,2019-06-24,42.41,42.79,42.38,42.56,42.56,10780000,Consumer Goods,42.116,42.0,41.379999999999995,40.1312,41.87373772709023,41.20957950593026,0.6641582211599726,0.6443320486863428,42.26,21264400.0,41.7,12322400.0,41.79,9737400.0,76.17728531855937,2.0623501199040772,1.8425460636515956,0.007098911500236671,0.006434656051881687
KO,2019-06-25,42.63,42.71,42.33,42.43,42.43,11519900,Consumer Goods,42.3,42.068,41.5045,40.2194,41.959316538307114,41.2999810240095,0.6593355142976165,0.6473327418085976,42.56,10780000.0,41.51,9221100.0,41.75,9915600.0,68.16720257234711,2.216333413635274,1.6287425149700496,-0.0030545112781955597,0.006568957071925297
KO,2019-06-26,42.23,42.33,41.88,41.9,41.9,12405100,Consumer Goods,42.3,42.058,41.6225,40.2928,41.9501909170291,41.34442687408286,0.6057640429462339,0.6390190020361249,42.43,11519900.0,41.9,9414100.0,42.0,11088100.0,51.437699680511116,0.0,-0.23809523809523725,-0.012491161913740334,0.007709020370186471
KO,2019-06-27,42.04,42.13,41.78,41.87,41.87,12374900,Consumer Goods,42.204,42.054,41.713,40.3664,41.937853852870774,41.38335821674339,0.5544956361273847,0.6221143288543769,41.9,12405100.0,42.35,10656600.0,41.91,10353600.0,49.838187702265294,-1.133412042502957,-0.09544261512764995,-0.0007159904534606021,0.007682462192730236
KO,2019-06-28,42.03,42.13,41.41,41.74,41.74,16339900,Consumer Goods,42.1,42.022000000000006,41.802,40.431999999999995,41.90741479858296,41.40977612661425,0.4976386719687156,0.5972191974772447,41.87,12374900.0,42.26,21264400.0,42.06,8694300.0,49.201277955271614,-1.2304779933743348,-0.7608178792201659,-0.0031048483401001636,0.007620319133746238
KO,2019-07-01,41.86,42.32,41.63,42.3,42.3,14976400,Consumer Goods,42.047999999999995,42.081999999999994,41.884499999999996,40.5056,41.967812521877896,41.475718635753935,0.49209388612396054,0.5761941352065879,41.74,16339900.0,42.56,10780000.0,41.7,12322400.0,57.53424657534238,-0.6109022556391119,1.4388489208633004,0.013416387158600829,0.008256149083818588
KO,2019-07-02,42.45,42.67,42.26,42.61,42.61,8569200,Consumer Goods,42.084,42.19199999999999,41.9815,40.586800000000004,42.066610595435144,41.55973947754994,0.5068711178852041,0.5623295317423112,42.3,14976400.0,42.43,11519900.0,41.51,9221100.0,58.221024258760046,0.4242281404666537,2.6499638641291234,0.0073286052009455815,0.008148543749051865
KO,2019-07-03,42.63,42.9,42.63,42.71,42.71,7253700,Consumer Goods,42.245999999999995,42.273,42.052,40.6568,42.16559358075281,41.64494396069439,0.5206496200584212,0.5539935494055332,42.61,8569200.0,41.9,12405100.0,41.9,9414100.0,60.75268817204301,1.93317422434367,1.93317422434367,0.0023468669326449643,0.007797403746504879
KO,2019-07-05,42.54,42.72,42.2,42.72,42.72,8916300,Consumer Goods,42.416,42.309999999999995,42.097500000000004,40.7306,42.25088687602161,41.72457774138369,0.5263091346379198,0.5484566664520106,42.71,7253700.0,41.87,12374900.0,42.35,10656600.0,59.21787709497199,2.030093145450196,0.873671782762675,0.0002341372044016854,0.007162501873792439
KO,2019-07-08,42.79,42.9,42.54,42.63,42.63,9495100,Consumer Goods,42.593999999999994,42.346999999999994,42.135000000000005,40.805,42.30921197201828,41.791646056836754,0.5175659151815282,0.5422785161979142,42.72,8916300.0,41.74,16339900.0,42.26,21264400.0,64.04833836858,2.1322472448490615,0.8755324183625346,-0.002106741573033588,0.007161642321614519
KO,2019-07-09,42.4,42.6,42.16,42.29,42.29,10584900,Consumer Goods,42.592,42.32,42.160000000000004,40.8658,42.30625628401547,41.82856116373774,0.47769512027772976,0.5293618370138774,42.63,9495100.0,42.3,14976400.0,42.56,10780000.0,61.27167630057802,-0.023640661938528762,-0.6343984962406068,-0.00797560403471742,0.007295981167985946
KO,2019-07-10,42.46,42.6,42.35,42.48,42.48,7620900,Consumer Goods,42.566,42.325,42.1965,40.927800000000005,42.33298608647463,41.87681589234976,0.4561701941248657,0.5147235084360751,42.29,10584900.0,42.61,8569200.0,42.43,11519900.0,58.89570552147235,-0.3050927012438476,0.11784115012962726,0.00449278789311891,0.007404827368041148
KO,2019-07-11,42.62,42.67,42.35,42.66,42.66,10376500,Consumer Goods,42.556,42.400999999999996,42.2295,40.983000000000004,42.38329591932468,41.93482952995348,0.4484663893711982,0.5014720846230998,42.48,7620900.0,42.71,7253700.0,41.9,12405100.0,55.18394648829424,-0.11706860220089821,1.8138424821002364,0.004237288135593209,0.005987569230421517
KO,2019-07-12,42.83,42.86,42.55,42.72,42.72,7347400,Consumer Goods,42.556,42.486000000000004,42.269999999999996,41.047,42.43509654712088,41.99299030551248,0.44210624160839984,0.4895989160201598,42.66,10376500.0,42.72,8916300.0,41.87,12374900.0,57.77027027027028,0.0,2.030093145450196,0.0014064697609001975,0.005925164246769464
KO,2019-07-15,42.85,42.86,42.52,42.73,42.73,5876100,Consumer Goods,42.57599999999999,42.584999999999994,42.3035,41.1144,42.48046630910228,42.04758361621526,0.43288269288701997,0.47825567139353187,42.72,7347400.0,42.63,9495100.0,41.74,16339900.0,53.18352059925084,0.23457658925638558,2.371825586966936,0.000234082397003732,0.005693352955792874
KO,2019-07-16,42.59,43.01,42.47,42.74,42.74,7132500,Consumer Goods,42.666,42.629,42.35549999999999,41.1766,42.520394569240395,42.09887371871783,0.42152085052256183,0.46690870721933786,42.73,5876100.0,42.29,10584900.0,42.3,14976400.0,56.078431372549076,1.064081343107115,1.0401891252955098,0.00023402761525881388,0.004172191784252557
KO,2019-07-17,42.81,42.84,42.63,42.77,42.77,8264200,Consumer Goods,42.724000000000004,42.644999999999996,42.4185,41.243599999999994,42.55879540474187,42.148586776590584,0.4102086281512882,0.4555686914057279,42.74,7132500.0,42.48,7620900.0,42.61,8569200.0,71.21951219512209,0.6826741996233565,0.3754987092231987,0.0007019185774450598,0.0035415534699223305
KO,2019-07-18,42.66,42.76,42.35,42.65,42.65,11911800,Consumer Goods,42.722,42.638999999999996,42.456,41.315799999999996,42.57282688093543,42.18572849684313,0.38709838409229747,0.4418746299430419,42.77,8264200.0,42.66,10376500.0,42.71,7253700.0,68.22429906542058,-0.023441162681658856,-0.14048232264107785,-0.002805704933364628,0.003598055834887382
KO,2019-07-19,42.74,42.75,42.11,42.13,42.13,10355500,Consumer Goods,42.604,42.58,42.445,41.38,42.50469966848382,42.18160046003994,0.3230992084438853,0.4181195456432106,42.65,11911800.0,42.72,7347400.0,42.72,8916300.0,57.70750988142293,-1.3810861423220855,-1.3810861423220855,-0.012192262602578996,0.005231533061160655
KO,2019-07-22,42.23,42.23,41.91,41.99,41.99,12090700,Consumer Goods,42.456,42.516000000000005,42.4315,41.4488,42.4255151041017,42.16740783337031,0.2581072707313865,0.38611709066084576,42.13,10355500.0,42.73,5876100.0,42.63,9495100.0,42.6540284360191,-1.731804352913635,-1.50129017124091,-0.0033230477094706723,0.005264410623296691
KO,2019-07-23,43.65,44.79,43.25,44.54,44.54,33417900,Consumer Goods,42.816,42.741,42.5305,41.555600000000005,42.750820472701434,42.34315540126881,0.40766507143262487,0.3904266868152016,41.99,12090700.0,42.74,7132500.0,42.29,10584900.0,72.183908045977,4.211511464670092,5.320406715535597,0.06072874493927127,0.020021499204279942
KO,2019-07-24,44.36,44.94,43.95,44.08,44.08,15633400,Consumer Goods,43.077999999999996,42.900999999999996,42.613,41.65559999999999,42.955309630747365,42.471810556730375,0.48349907401699,0.4090411642555593,44.54,33417900.0,42.77,8264200.0,42.48,7620900.0,64.54352441613585,3.0628945522562345,3.766478342749524,-0.010327795240233528,0.020632963320070984
KO,2019-07-25,43.96,44.1,43.22,43.5,43.5,19135000,Consumer Goods,43.248000000000005,42.985,42.693,41.733599999999996,43.03910814909393,42.54797273771331,0.49113541138061834,0.4254600136805712,44.08,15633400.0,42.65,11911800.0,42.66,10376500.0,57.38636363636363,1.992966002344665,1.9690576652602099,-0.013157894736842035,0.0213221366461643
KO,2019-07-26,43.72,44.52,43.6,44.4,44.4,11451900,Consumer Goods,43.702,43.153,42.8195,41.8216,43.248476126156405,42.68515994232714,0.5633161838292651,0.45303124771031,43.5,19135000.0,42.13,10355500.0,42.72,7347400.0,64.53201970443345,5.3880845003560385,3.93258426966292,0.020689655172413834,0.022105024796530155
KO,2019-07-29,44.4,44.51,44.18,44.26,44.26,12283900,Consumer Goods,44.15599999999999,43.306,42.945499999999996,41.900200000000005,43.404095183670805,42.801814761414015,0.6022804222567899,0.482881082619606,44.4,11451900.0,41.99,12090700.0,42.73,5876100.0,66.72325976230898,5.406049059299822,3.5806225134565883,-0.003153153153153121,0.022196237908912068
KO,2019-07-30,44.23,44.51,43.91,44.04,44.04,8127100,Consumer Goods,44.056,43.436,43.0325,41.9806,43.5019266938753,42.893532186494454,0.6083945073808437,0.5079837675718536,44.26,12283900.0,44.54,33417900.0,42.74,7132500.0,63.1756756756757,-1.122586439155815,3.0416471689284075,-0.004970628106642505,0.022348068307340218
KO,2019-07-31,43.86,43.86,42.66,43.14,43.14,16865500,Consumer Goods,43.868,43.473,43.059000000000005,42.0488,43.44624566404833,42.91178906156894,0.5344566024793878,0.5132783345533605,44.04,8127100.0,44.08,15633400.0,42.77,8264200.0,53.61445783132533,-2.1324863883847467,0.8650923544540445,-0.02043596730245223,0.023578392795835915
KO,2019-08-01,43.26,43.61,42.63,42.65,42.65,19527200,Consumer Goods,43.698,43.473,43.056,42.1112,43.32374633111782,42.8923972792305,0.43134905188731665,0.49689247802015174,43.14,16865500.0,43.5,19135000.0,42.65,11911800.0,49.504950495049506,-1.9540229885057547,0.0,-0.011358368103847938,0.023889086112127294
KO,2019-08-02,42.55,43.22,42.55,42.9,42.9,13102300,Consumer Goods,43.398,43.55,43.065,42.1616,43.25855458786892,42.892960443731944,0.36559414413697766,0.47063281124351697,42.65,19527200.0,44.4,11451900.0,42.13,10355500.0,51.16279069767444,-3.378378378378377,1.8276762402088753,0.0058616647127784915,0.023523711344674722
KO,2019-08-05,42.95,43.17,42.13,42.34,42.34,19986500,Consumer Goods,43.013999999999996,43.584999999999994,43.0505,42.197399999999995,43.11723849742755,42.85200041086291,0.26523808656464354,0.42955386630774234,42.9,13102300.0,44.26,12283900.0,41.99,12090700.0,47.455470737913494,-4.338002711251687,0.8335317932841146,-0.013053613053612967,0.023967963821726175
KO,2019-08-06,42.52,43.25,42.31,42.85,42.85,19903100,Consumer Goods,42.775999999999996,43.416000000000004,43.0785,42.247400000000006,43.0761248824387,42.851852232280464,0.22427265015823394,0.3884976230778407,42.34,19986500.0,44.04,8127100.0,44.54,33417900.0,50.47961630695443,-2.7020890099909156,-3.7943421643466535,0.012045347189418854,0.012891206480452635
KO,2019-08-07,42.85,43.76,42.44,43.59,43.59,17937000,Consumer Goods,42.866,43.367,43.134,42.3204,43.155182592832745,42.90652984470413,0.24865274812861315,0.36052864808799523,42.85,19903100.0,43.14,16865500.0,44.08,15633400.0,55.24553571428576,1.0431154381084884,-1.1116152450090677,0.017269544924154,0.01422061322104108
KO,2019-08-08,43.62,44.08,43.32,44.01,44.01,10799000,Consumer Goods,43.138,43.41799999999999,43.201499999999996,42.409800000000004,43.28669296316617,42.98826837472605,0.29842458844012043,0.3481078361584203,43.59,17937000.0,42.65,19527200.0,43.5,19135000.0,60.60948081264108,3.188745603751464,1.172413793103444,0.009635237439779676,0.013882741267734618
KO,2019-08-09,44.09,44.18,43.51,43.79,43.79,9260900,Consumer Goods,43.316,43.357,43.255,42.48440000000001,43.36412481498676,43.04765590252411,0.3164689124626463,0.3417800514192655,44.01,10799000.0,42.9,13102300.0,44.4,11451900.0,60.06711409395973,2.0745920745920854,-1.3738738738738765,-0.004998863894569383,0.012155864348990728
KO,2019-08-12,43.67,43.81,43.44,43.61,43.61,6588600,Consumer Goods,43.57000000000001,43.292,43.29899999999999,42.55740000000001,43.40195176652726,43.08931102085566,0.31264074567160094,0.3359521902697326,43.79,9260900.0,42.34,19986500.0,44.26,12283900.0,42.92237442922373,2.999527633443533,-1.4685946678716588,-0.004110527517698137,0.012175696048120152
KO,2019-08-13,43.36,43.95,43.34,43.85,43.85,8581200,Consumer Goods,43.769999999999996,43.273,43.3545,42.6214,43.470882263984606,43.145658352644126,0.3252239113404798,0.33380653448388203,43.61,6588600.0,42.85,19903100.0,44.04,8127100.0,48.18897637795278,2.333722287047846,-0.4314259763851025,0.005503324925475894,0.012285527477694992
KO,2019-08-14,43.72,44.24,43.42,43.44,43.44,17088900,Consumer Goods,43.739999999999995,43.303,43.388,42.6768,43.46613114644851,43.16746143763345,0.29866970881506205,0.3267791693501181,43.85,8581200.0,43.59,17937000.0,43.14,16865500.0,49.514563106796096,-0.34411562284929476,0.6954102920723182,-0.009350057012542878,0.010666605212564016
KO,2019-08-15,43.8,44.26,43.63,44.16,44.16,12393200,Consumer Goods,43.769999999999996,43.454,43.463499999999996,42.733999999999995,43.57288020084105,43.240982812623564,0.3318973882174845,0.3278028131235914,43.44,17088900.0,44.01,10799000.0,42.65,19527200.0,47.999999999999986,0.3408316291751756,3.5404454865181734,0.016574585635359185,0.010801659985013822
KO,2019-08-16,44.25,44.67,44.22,44.6,44.6,14288700,Consumer Goods,43.932,43.624,43.587,42.78979999999999,43.73089863148088,43.341650752429224,0.38924787905165914,0.340091826309205,44.16,12393200.0,43.79,9260900.0,42.9,13102300.0,52.698412698412724,1.849737382964145,3.962703962703973,0.009963768115942129,0.010976205743447123
KO,2019-08-19,44.63,44.9,44.52,44.83,44.83,10936200,Consumer Goods,44.176,43.873000000000005,43.729,42.84879999999999,43.899991149714594,43.45189884484187,0.44809230487272345,0.3616919220219087,44.6,14288700.0,43.61,6588600.0,42.34,19986500.0,56.25990491283676,2.7975235037835278,5.880963627775149,0.005156950672645655,0.009210758500285368
KO,2019-08-20,44.77,44.82,44.13,44.17,44.17,8176700,Consumer Goods,44.239999999999995,44.005,43.7105,42.89639999999999,43.94153097283542,43.50509152300173,0.4364394498336921,0.3766414275842654,44.83,10936200.0,43.85,8581200.0,42.85,19903100.0,58.48434925864912,0.7297605473204127,3.0805134189031413,-0.014722284184697676,0.010915781351067093
KO,2019-08-21,44.47,44.6,44.14,44.35,44.35,10886500,Consumer Goods,44.422000000000004,44.081,43.724000000000004,42.94839999999999,44.004372361629976,43.567677336112716,0.4366950255172597,0.38865214717086427,44.17,8176700.0,43.44,17088900.0,43.59,17937000.0,64.75694444444449,2.094843462246776,1.7435191557696683,0.004075164138555465,0.009746495875733709
KO,2019-08-22,44.36,44.79,44.35,44.67,44.67,7467900,Consumer Goods,44.524,44.147,43.7825,43.001799999999996,44.106776613686904,43.64933086677103,0.45744574691587303,0.402410867119866,44.35,10886500.0,44.16,12393200.0,44.01,10799000.0,65.18010291595203,1.154891304347827,1.499659168370826,0.0072153325817361225,0.009557806242701677
KO,2019-08-23,44.61,44.85,43.76,44.05,44.05,14160400,Consumer Goods,44.414,44.173,43.765,43.0446,44.09804175004276,43.679010061825025,0.4190316882177356,0.40573503133943994,44.67,7467900.0,44.6,14288700.0,43.79,9260900.0,64.51612903225801,-1.2331838565022513,0.5937428636674902,-0.01387956122677425,0.01058888257828821
KO,2019-08-26,44.26,44.71,44.04,44.71,44.71,9226900,Consumer Goods,44.39,44.283,43.7875,43.0976,44.1921891731131,43.75537968687502,0.4368094862380829,0.4119499223191686,44.05,14160400.0,44.83,10936200.0,43.61,6588600.0,65.39735099337747,-0.26767789426722643,2.5223572575097553,0.014982973893303164,0.011331937034543983
KO,2019-08-27,44.84,45.04,44.6,44.86,44.86,13537000,Consumer Goods,44.528000000000006,44.384,43.828500000000005,43.1608,44.29492930032647,43.83720341377316,0.4577258865533125,0.42110511516599736,44.71,9226900.0,44.17,8176700.0,43.85,8581200.0,61.65137614678895,1.5621462531129726,2.303306727480048,0.003354954148959921,0.011290055232231236
KO,2019-08-28,44.81,45.21,44.61,45.17,45.17,10046400,Consumer Goods,44.692,44.557,43.93,43.233999999999995,44.42955556181471,43.935929086827,0.49362647498770684,0.43560938713033925,44.86,13537000.0,44.35,10886500.0,43.44,17088900.0,60.86142322097379,1.8489289740698966,3.9825046040515844,0.0069103878733838275,0.010567615897240548
KO,2019-08-29,45.3,45.36,44.76,45.13,45.13,9262800,Consumer Goods,44.784000000000006,44.654,44.053999999999995,43.29859999999999,44.53731624461245,44.02437878409908,0.5129374605133705,0.45107500180694554,45.17,10046400.0,44.67,7467900.0,44.16,12393200.0,62.984496124031004,1.029773897470343,2.196557971014501,-0.000885543502324504,0.009655448406210337
KO,2019-08-30,45.22,45.26,44.93,45.12,45.12,8746700,Consumer Goods,44.998,44.706,44.165,43.354,44.626959899287456,44.10553591120285,0.5214239880846065,0.4651447990624778,45.13,9262800.0,44.05,14160400.0,44.6,14288700.0,65.130260521042,2.4290578887627756,1.1659192825111964,-0.00022158209616673918,0.009277293967726722
KO,2019-09-03,45.07,45.36,44.98,45.33,45.33,12991400,Consumer Goods,45.122,44.756,44.314499999999995,43.4154,44.73511991478169,44.19623695481745,0.5388829599642406,0.4798924312428304,45.12,8746700.0,44.71,9226900.0,44.83,10936200.0,64.91935483870961,1.38671438157012,1.1153245594468064,0.00465425531914887,0.0092547973944137
KO,2019-09-04,45.37,45.84,45.33,45.72,45.72,10718100,Consumer Goods,45.294,44.910999999999994,44.458000000000006,43.4786,44.886639927892205,44.30910829149764,0.5775316363945677,0.49942027227317787,45.33,12991400.0,44.86,13537000.0,44.17,8176700.0,73.07692307692304,1.9170753455193923,3.509169119311739,0.008603573792190566,0.007602283690406132
KO,2019-09-05,45.7,45.72,45.11,45.18,45.18,13677000,Consumer Goods,45.29600000000001,44.994,44.5375,43.5336,44.93177224667802,44.373618788423734,0.5581534582542886,0.5111669094694,45.72,10718100.0,45.17,10046400.0,44.35,10886500.0,60.71428571428572,0.022138587558107048,1.8714768883878241,-0.011811023622047223,0.00899634599798072
KO,2019-09-06,45.45,45.45,44.89,45.27,45.27,9093500,Consumer Goods,45.324,45.054,44.6005,43.60099999999999,44.983807285650634,44.44001739668864,0.5437898889619959,0.5176915053679192,45.18,13677000.0,45.13,9262800.0,44.67,7467900.0,57.59637188208617,0.3102149346332794,1.3431833445265218,0.0019920318725099584,0.008802499372411038
KO,2019-09-09,45.11,45.15,44.56,44.69,44.69,10814900,Consumer Goods,45.238,45.118,44.6455,43.657399999999996,44.938606164781305,44.458534626563555,0.48007153821775006,0.5101675119378855,45.27,9093500.0,45.12,8746700.0,44.05,14160400.0,48.529411764705884,-0.9530141843971607,1.4528944381384745,-0.012812016788160019,0.008601178050306428
KO,2019-09-10,44.45,44.63,44.14,44.59,44.59,12038200,Consumer Goods,45.089999999999996,45.106,44.694500000000005,43.714400000000005,44.884974447122644,44.46827280237366,0.41670164474898286,0.49147433850010497,44.69,10814900.0,45.33,12991400.0,44.71,9226900.0,55.0,-1.6324729759541023,-0.268396331916787,-0.00223763705526947,0.007207617709711344
KO,2019-09-11,44.5,44.92,44.24,44.9,44.9,9740400,Consumer Goods,44.926,45.11,44.747,43.766400000000004,44.88728607064224,44.500252594790425,0.38703347585181547,0.47058616597044706,44.59,12038200.0,45.72,10718100.0,44.86,13537000.0,56.35103926096993,-1.7935258092738438,0.0891662951404415,0.006952231442027168,0.007491447555068151
KO,2019-09-12,45.17,45.34,45.07,45.17,45.17,12357900,Consumer Goods,44.924,45.11,44.8335,43.8176,44.93078052131267,44.54986351369484,0.38091700761783187,0.4526523342999241,44.9,9740400.0,45.18,13677000.0,45.17,10046400.0,55.84112149532708,-0.02213368747232547,0.0,0.006013363028953389,0.007405913913271025
KO,2019-09-13,44.98,45.24,44.65,44.8,44.8,11486100,Consumer Goods,44.83,45.077,44.8655,43.859399999999994,44.91066044111072,44.56839214231003,0.34226829880068976,0.43057552720007725,45.17,12357900.0,45.27,9093500.0,45.13,9262800.0,59.30521091811411,-1.0382151535233142,-0.7312209173498951,-0.008191277396502161,0.00785256764680541
KO,2019-09-16,44.67,44.87,44.28,44.56,44.56,11172000,Consumer Goods,44.804,45.021,44.8635,43.8962,44.85671268093984,44.56777050213892,0.288942178800923,0.4022488575202464,44.8,11486100.0,44.69,10814900.0,45.12,8746700.0,47.92243767313021,-0.29089281718504,-1.241134751773043,-0.005357142857142727,0.007984209479265808
KO,2019-09-17,44.67,45.17,44.56,44.79,44.79,11347400,Consumer Goods,44.844,44.967,44.8615,43.9394,44.84644919156448,44.58423194642493,0.2622172451395528,0.37424253504410776,44.56,11172000.0,44.59,12038200.0,45.33,12991400.0,49.05149051490515,0.4485310607759585,-1.191264063534081,0.005161579892279944,0.008027174074056363
KO,2019-09-18,44.75,44.83,44.44,44.78,44.78,9700400,Consumer Goods,44.82,44.873000000000005,44.892,43.989200000000004,44.8362262390161,44.59873328372679,0.23749295528931214,0.3468926190931486,44.79,11347400.0,44.9,9740400.0,45.72,10718100.0,44.24778761061946,-0.26726057906458767,-2.0559930008748895,-0.00022326412145567964,0.00728412371179232
KO,2019-09-19,44.78,45.08,44.7,45.02,45.02,7560300,Consumer Goods,44.790000000000006,44.857000000000006,44.9255,44.04,44.864499125321316,44.62993822567295,0.2345608996483648,0.32442627520419187,44.78,9700400.0,45.17,12357900.0,45.18,13677000.0,48.46796657381616,-0.33207881337170564,-0.35413899955731853,0.005359535506922697,0.006730627560754873
KO,2019-09-20,45.16,45.16,44.51,44.51,44.51,19211500,Consumer Goods,44.732,44.781,44.917500000000004,44.077,44.809960798348804,44.62105391266014,0.18890688568866665,0.29732239730108684,45.02,7560300.0,44.8,11486100.0,45.27,9093500.0,42.542787286063586,-0.6473214285714235,-1.6788159929313151,-0.011328298533984982,0.007493895773967285
KO,2019-09-23,44.51,44.89,44.49,44.7,44.7,6485300,Consumer Goods,44.760000000000005,44.782,44.95,44.1166,44.79304375244899,44.62690177098161,0.16614198146737635,0.27108631413434475,44.51,19211500.0,44.56,11172000.0,44.69,10814900.0,42.26044226044233,0.31418312387792025,0.022376370552712466,0.0042687036620985275,0.006559540801141286
KO,2019-09-24,44.79,45.09,44.62,44.84,44.84,10093000,Consumer Goods,44.77,44.807,44.9565,44.1588,44.80026779053376,44.642686824982974,0.15758096555078538,0.24838524441763288,44.7,6485300.0,44.79,11347400.0,44.59,12038200.0,38.48167539267024,0.11163206072783982,0.5606638259699537,0.0031319910514542304,0.006571982266784154
KO,2019-09-25,44.95,44.98,44.59,44.73,44.73,10248400,Consumer Goods,44.760000000000005,44.79,44.95,44.198600000000006,44.789457361220876,44.64915446757683,0.1403028936440478,0.2267687742629159,44.84,10093000.0,44.78,9700400.0,44.9,9740400.0,43.36283185840706,-0.11165698972757099,-0.3786191536748418,-0.002453166815343577,0.00622221390702904
KO,2019-09-26,44.98,45.07,44.7,44.91,44.91,10031200,Consumer Goods,44.738,44.763999999999996,44.937,44.241400000000006,44.80800238257151,44.66847635886744,0.13952602370407163,0.20932022415114704,44.73,10248400.0,45.02,7560300.0,45.17,12357900.0,44.82758620689647,-0.244335850733024,-0.575603276510972,0.004024144869215318,0.006024409904908205
KO,2019-09-27,45.05,45.12,44.59,44.84,44.84,7939900,Consumer Goods,44.804,44.768,44.9225,44.2852,44.81292509294512,44.68118181376615,0.13174327917896989,0.19380483515671162,44.91,10031200.0,44.51,19211500.0,44.8,11486100.0,52.52525252525262,0.7414064255223618,0.08928571428572507,-0.001558672901358138,0.005426406473288037
KO,2019-09-30,44.71,45.15,44.71,44.95,44.95,9808700,Consumer Goods,44.854,44.807,44.914,44.3416,44.83401354018434,44.7010942720057,0.13291926817863953,0.1816277217610972,44.84,7939900.0,44.7,6485300.0,44.56,11172000.0,56.04026845637582,0.5592841163311046,0.875224416517062,0.002453166815343355,0.005105880982773166
KO,2019-10-01,45.03,45.23,44.6,45.13,45.13,14261500,Consumer Goods,44.912,44.840999999999994,44.904,44.4044,44.87954991861751,44.73286506667194,0.14668485194557235,0.17463914779799225,44.95,9808700.0,44.84,10093000.0,44.79,11347400.0,54.0350877192983,0.6467439785905471,0.759098012949333,0.004004449388209208,0.005010376060455305
KO,2019-10-02,44.76,44.95,43.68,43.83,43.83,14343600,Consumer Goods,44.732,44.746,44.8095,44.39020000000001,44.71808070036866,44.665986172844384,0.052094527524275236,0.15013022374324886,45.13,14261500.0,44.73,10248400.0,44.78,9700400.0,32.731958762886606,-2.012072434607648,-2.1214828048235934,-0.028805672501661994,0.010634591575471307
KO,2019-10-03,44.18,44.57,43.61,44.46,44.46,13817500,Consumer Goods,44.642,44.690000000000005,44.7735,44.397800000000004,44.67837597723502,44.65072793781887,0.027648039416149572,0.125633786877829,43.83,14343600.0,44.91,10031200.0,45.02,7560300.0,45.893719806763336,-1.002004008016022,-1.2438916037316838,0.014373716632443578,0.011668050239869797
KO,2019-10-04,44.59,45.03,44.5,45.03,45.03,9295400,Consumer Goods,44.68,44.742,44.7615,44.4284,44.73247198073733,44.67882216464711,0.053649816090221236,0.11123699272030745,44.46,13817500.0,44.84,7939900.0,44.51,19211500.0,55.257270693512275,0.4237288135593209,1.1682767917321923,0.012820512820512775,0.011834194271787403
KO,2019-10-07,44.86,44.89,44.4,44.48,44.48,5964900,Consumer Goods,44.586,44.72,44.751,44.43,44.69363013754697,44.66409459689547,0.029535540651501435,0.09489670230654626,45.03,9295400.0,44.95,9808700.0,44.7,6485300.0,46.76409185803757,-1.045606229143503,-0.4921700223713743,-0.012214079502553932,0.012492843007776653
KO,2019-10-08,44.49,44.65,44.13,44.24,44.24,13301900,Consumer Goods,44.408,44.660000000000004,44.7335,44.4296,44.623840885616666,44.63268018231062,-0.008839296693956555,0.0741495025064457,44.48,5964900.0,45.13,14261500.0,44.84,10093000.0,44.62151394422313,-1.9720806558830017,-1.338090990187335,-0.0053956834532372655,0.012514296411082248
KO,2019-10-09,44.64,44.65,44.21,44.45,44.45,7135000,Consumer Goods,44.532000000000004,44.632,44.711,44.437799999999996,44.59709613398333,44.61914831695428,-0.022052182970952572,0.05490916541096605,44.24,13301900.0,43.83,14343600.0,44.73,10248400.0,44.288577154308626,1.414556240018272,-0.62597809076681,0.004746835443038,0.012645424309388824
KO,2019-10-10,44.22,44.49,44.06,44.31,44.31,8942900,Consumer Goods,44.501999999999995,44.571999999999996,44.668,44.4612,44.55292749798589,44.59624844162433,-0.043320943638441634,0.03526314360108451,44.45,7135000.0,44.46,13817500.0,44.91,10031200.0,47.83549783549788,-0.3373819163292824,-1.3360053440213626,-0.0031496062992125706,0.012559972166029467
KO,2019-10-11,44.3,44.34,43.93,44.01,44.01,8981700,Consumer Goods,44.298,44.489,44.628499999999995,44.4884,44.469400190603444,44.55282263113364,-0.08342244053019243,0.011526026774829123,44.31,8942900.0,45.03,9295400.0,44.84,7939900.0,42.70613107822407,-2.2651565622918146,-1.8510258697591597,-0.006770480704130111,0.012680718850807664
KO,2019-10-14,44.17,44.32,43.94,44.01,44.01,7306300,Consumer Goods,44.204,44.395,44.601,44.5106,44.39872323820292,44.51261354734596,-0.11389030914303788,-0.013557240408744278,44.01,8981700.0,44.48,5964900.0,44.95,9808700.0,40.95860566448798,-1.0566546762589946,-2.091212458286995,0.0,0.012612980228465123
KO,2019-10-15,44.12,44.32,43.99,44.18,44.18,9564300,Consumer Goods,44.192,44.3,44.5705,44.54740000000001,44.365073509248624,44.48797550680182,-0.12290199755319264,-0.03542619183763396,44.01,7306300.0,44.24,13301900.0,45.13,14261500.0,44.08602150537638,-0.13562386980109364,-2.1050299135829897,0.0038627584639854273,0.012605514211331553
KO,2019-10-16,44.14,44.23,43.87,44.17,44.17,10454800,Consumer Goods,44.135999999999996,44.333999999999996,44.54,44.5738,44.33506220013345,44.46442176555723,-0.12935956542378335,-0.054212866554863834,44.18,9564300.0,44.45,7135000.0,43.83,14343600.0,41.741071428571495,-0.6299212598425252,0.7757243896874266,-0.00022634676324129188,0.008406703665790747
KO,2019-10-17,44.33,44.69,44.24,44.42,44.42,13190300,Consumer Goods,44.158,44.33,44.51,44.5904,44.34812955395907,44.46113126440484,-0.11300171044577212,-0.0659706353330455,44.17,10454800.0,44.31,8942900.0,44.46,13817500.0,45.49356223175965,0.24825095915144146,-0.08996851102114345,0.005659950192438368,0.007210465852549707
KO,2019-10-18,45.41,45.74,44.96,45.23,45.23,18122400,Consumer Goods,44.402,44.35,44.546,44.614799999999995,44.48380193027306,44.51808450407856,-0.03428257380549837,-0.05963302302753608,44.42,13190300.0,44.01,8981700.0,45.03,9295400.0,52.6119402985074,2.772097250624861,0.44414834554740157,0.018235029266096214,0.008392177374731536
KO,2019-10-21,44.96,45.05,44.32,44.78,44.78,12778900,Consumer Goods,44.556,44.38,44.55,44.6346,44.52937086407721,44.53748565192459,-0.008114787847382843,-0.049329375991505435,45.23,18122400.0,44.01,7306300.0,44.48,5964900.0,46.89165186500887,1.7496023630993118,0.6744604316546887,-0.009949148795047491,0.008034617141725058
KO,2019-10-22,44.78,44.94,44.37,44.46,44.46,9533400,Consumer Goods,44.612,44.402,44.531,44.6516,44.51869842344995,44.53174597400425,-0.013047550554304621,-0.042073010904065275,44.78,12778900.0,44.18,9564300.0,44.24,13301900.0,56.774193548387125,0.6337709370755951,0.4972875226039841,-0.007146047342563633,0.008199573409183583
KO,2019-10-23,44.64,45.13,44.6,45.12,45.12,8556600,Consumer Goods,44.802,44.469,44.5505,44.677,44.611206358303804,44.57532034630023,0.03588601200357289,-0.026481206322537646,44.46,9533400.0,44.17,10454800.0,44.45,7135000.0,57.05128205128203,2.1507810731265398,1.5073115860517294,0.014844804318488558,0.00932205807015497
KO,2019-10-24,45.06,45.27,44.99,45.09,45.09,11051400,Consumer Goods,44.936,44.547000000000004,44.5595,44.71,44.68486691856476,44.61344476509281,0.07142215347194991,-0.006900534363640135,45.12,8556600.0,44.42,13190300.0,44.31,8942900.0,50.72463768115945,1.5083295812696962,1.760324983073791,-0.0006648936170211561,0.009215796180725197
KO,2019-10-25,45.04,45.05,44.32,44.38,44.38,9782400,Consumer Goods,44.766000000000005,44.584,44.536500000000004,44.7144,44.63796431570864,44.59615256027112,0.04181175543752147,0.002841923596592186,45.09,11051400.0,45.23,18122400.0,44.01,8981700.0,48.83720930232564,-1.8792836612867458,0.8407180186321472,-0.015746285207363098,0.010490543062430288
KO,2019-10-28,44.37,44.55,44.07,44.23,44.23,8866100,Consumer Goods,44.656,44.60600000000001,44.5005,44.707,44.57520057483039,44.569030148399186,0.006170426431204135,0.003507624163514576,44.38,9782400.0,44.78,12778900.0,44.01,7306300.0,49.88123515439424,-1.2282268870031365,0.4998863894569494,-0.0033799008562416244,0.010576392071820208
KO,2019-10-29,44.08,44.31,43.98,44.1,44.1,7999700,Consumer Goods,44.583999999999996,44.598,44.449,44.692400000000006,44.502092794087254,44.53428717444369,-0.032194380356436625,-0.0036327767404756646,44.23,8866100.0,44.46,9533400.0,44.18,9564300.0,45.762711864406754,-0.8097165991902799,-0.1810774105930224,-0.002939181550983383,0.010558305264870891
KO,2019-10-30,44.19,44.63,43.89,44.54,44.54,8620900,Consumer Goods,44.468,44.635000000000005,44.484500000000004,44.6998,44.50792467191998,44.53471034670712,-0.026785674787142,-0.008263356349808931,44.1,7999700.0,45.12,8556600.0,44.17,10454800.0,52.595936794582364,-1.2854609929077943,0.8376726284808678,0.009977324263038545,0.011030573933715489
KO,2019-10-31,44.56,44.98,44.46,44.94,44.94,13982000,Consumer Goods,44.438,44.687,44.5085,44.711600000000004,44.574397799316905,44.5647318025066,0.009665996810305444,-0.004677485717786057,44.54,8620900.0,45.09,11051400.0,44.42,13190300.0,60.2649006622517,-0.3326679973386648,1.1706438541197572,0.00898069151324643,0.01123818752186363
KO,2019-11-01,45.11,45.2,44.46,44.51,44.51,9889500,Consumer Goods,44.464,44.614999999999995,44.4825,44.708400000000005,44.56449044557584,44.56067759491352,0.0038128506623209546,-0.0029794184417646545,44.94,13982000.0,44.38,9782400.0,45.23,18122400.0,55.04032258064518,0.29292474087425635,-1.5918638072076052,-0.009568313306631104,0.009923678383885795
KO,2019-11-04,44.56,44.59,43.74,43.88,43.88,17515100,Consumer Goods,44.394,44.525,44.4525,44.705,44.459184223179555,44.51025703232733,-0.0510728091477759,-0.012598096582966904,44.51,9889500.0,44.23,8866100.0,44.78,12778900.0,47.232472324723254,-0.7913181098801569,-2.0098258150960224,-0.014154122669063018,0.010396516896885831
KO,2019-11-05,43.67,43.67,43.04,43.28,43.28,19284000,Consumer Goods,44.230000000000004,44.407000000000004,44.4045,44.676399999999994,44.27777126576731,44.419126881784564,-0.14135561601725044,-0.03834960046982361,43.88,17515100.0,44.1,7999700.0,44.46,9533400.0,42.59567387687185,-1.8594104308390036,-2.6540710751237095,-0.013673655423883324,0.01094727748142403
KO,2019-11-06,43.37,43.6,43.28,43.6,43.6,13288900,Consumer Goods,44.042,44.255,44.362,44.65120000000001,44.17349876334157,44.35845081646719,-0.18495205312562035,-0.06767009100098295,43.28,19284000.0,44.54,8620900.0,45.12,8556600.0,43.256578947368396,-2.110462505612931,-3.3687943262411313,0.007393715341959428,0.00982120777980354
KO,2019-11-07,43.66,43.76,42.9,43.18,43.18,11725500,Consumer Goods,43.69,44.064,44.3055,44.6114,44.020652799750565,44.27115816339555,-0.250505363644983,-0.10423714552978297,43.6,13288900.0,44.94,13982000.0,45.09,11051400.0,31.985940246045672,-3.916332888295504,-4.235972499445562,-0.009633027522935822,0.009954543506342403
KO,2019-11-08,43.32,43.43,43.01,43.11,43.11,7141800,Consumer Goods,43.410000000000004,43.937,44.2605,44.571000000000005,43.8805523690197,44.18514644758847,-0.3045940785687691,-0.14430853213758021,43.18,11725500.0,44.51,9889500.0,44.38,9782400.0,34.27495291902066,-3.145360593125135,-2.8616493916178487,-0.0016211208893005535,0.009112364157935659
KO,2019-11-11,43.21,43.24,42.76,42.8,42.8,8198300,Consumer Goods,43.194,43.794,44.2,44.5246,43.71431354301667,44.082543007026366,-0.36822946400969414,-0.189092718512003,43.11,7141800.0,43.88,17515100.0,44.23,8866100.0,34.339622641509365,-2.461257976299014,-3.2330997060818434,-0.007190906982138756,0.009215550255358548
KO,2019-11-12,42.86,42.86,42.59,42.7,42.7,12656900,Consumer Goods,43.077999999999996,43.654,44.126,44.47200000000001,43.55826530562949,43.9801324139133,-0.4218671082838128,-0.23564759646636496,42.8,8198300.0,43.28,19284000.0,44.1,7999700.0,24.47257383966243,-1.3401109057301297,-3.1746031746031744,-0.002336448598130758,0.009219727222855916
KO,2019-11-13,43.09,43.31,42.9,43.28,43.28,12257900,Consumer Goods,43.013999999999996,43.528,44.0815,44.423199999999994,43.51545525860957,43.92827075362343,-0.4128154950138594,-0.27108117617586386,42.7,12656900.0,43.6,13288900.0,44.54,8620900.0,32.89224952741016,-0.7339449541284404,-2.82891782667265,0.013583138173302034,0.009841163059005665
KO,2019-11-14,43.37,43.49,43.23,43.46,43.46,8660300,Consumer Goods,43.07,43.38,44.033500000000004,44.3888,43.50692368036195,43.893584031132804,-0.38666035077085326,-0.29419701109486174,43.28,12257900.0,43.18,11725500.0,44.94,13982000.0,40.33613445378148,0.6484483557202436,-3.293279928793935,0.004158964879852123,0.009301981888833704
KO,2019-11-15,43.47,43.5,43.25,43.49,43.49,8982400,Consumer Goods,43.146,43.278,43.9465,44.35320000000001,43.50432003722935,43.863688917715564,-0.3593688804862154,-0.3072313849731325,43.46,8660300.0,43.11,7141800.0,44.51,9889500.0,42.02586206896555,0.8814660171653887,-2.2916198607054517,0.0006902899217671177,0.009097828105889444
KO,2019-11-18,43.5,44.13,43.49,43.79,43.79,13782000,Consumer Goods,43.344,43.269,43.897000000000006,44.33520000000001,43.548270800732524,43.85823047936626,-0.30995967863373863,-0.30777704370525377,43.49,8982400.0,42.8,8198300.0,43.88,17515100.0,46.77754677754674,2.313084112149544,-0.2051048313582604,0.006898137502874269,0.008457653294078125
KO,2019-11-19,43.89,44.02,43.66,43.83,43.83,12679500,Consumer Goods,43.57,43.324,43.865500000000004,44.32,43.59161375446598,43.85613933274654,-0.2645255782805549,-0.299126750620314,43.79,13782000.0,42.7,12656900.0,43.28,19284000.0,41.950113378684776,2.6463700234191867,1.2707948243992462,0.0009134505594885489,0.007003364829204375
KO,2019-11-20,43.85,44.09,43.77,43.94,43.94,11970300,Consumer Goods,43.702,43.358,43.8065,44.3008,43.64521163839429,43.86235123402457,-0.21713959563028595,-0.2827293196223084,43.83,12679500.0,43.28,12257900.0,43.6,13288900.0,37.864077669902876,1.5249537892791043,0.7798165137614665,0.002509696554870988,0.0066935145534583055
KO,2019-11-21,43.85,44.04,43.58,43.73,43.73,7856100,Consumer Goods,43.756,43.413,43.7385,44.272,43.65825600171824,43.852547438911635,-0.19429143719339237,-0.2650417431365252,43.94,11970300.0,43.46,8660300.0,43.18,11725500.0,39.999999999999964,0.6212609295904281,1.2737378415933254,-0.004779244424214846,0.005992395462143116
KO,2019-11-22,43.73,43.92,43.56,43.79,43.79,9113300,Consumer Goods,43.815999999999995,43.481,43.708999999999996,44.2518,43.678524309146205,43.84791429528855,-0.1693899861423418,-0.2459113917376885,43.73,7856100.0,43.49,8982400.0,43.11,7141800.0,48.648648648648596,0.6898137502874269,1.5773602412433307,0.0013720557969358893,0.0059053624685388795
KO,2019-11-25,43.99,44.08,43.57,43.94,43.94,10963500,Consumer Goods,43.846,43.595,43.6945,44.2394,43.718751338508326,43.85473545860051,-0.13598412009218208,-0.22392593740858724,43.79,9113300.0,43.79,13782000.0,42.8,8198300.0,61.458333333333286,0.34254395980817254,2.6635514018691575,0.0034254395980817254,0.005044527113446842
KO,2019-11-26,44.02,44.54,43.94,44.51,44.51,13219800,Consumer Goods,43.98199999999999,43.775999999999996,43.714999999999996,44.2338,43.840481901814734,43.90327357277825,-0.06279167096351301,-0.1916990841195724,43.94,10963500.0,43.83,12679500.0,42.7,12656900.0,64.53674121405747,1.5514487793748533,4.238875878220139,0.012972234865725962,0.005651657688045195
KO,2019-11-27,44.53,44.67,44.26,44.55,44.55,9595200,Consumer Goods,44.104,43.903,43.7155,44.2292,43.949638532304775,43.95117923405393,-0.0015407017491568809,-0.1536674076454893,44.51,13219800.0,43.94,11970300.0,43.28,12257900.0,74.90909090909093,1.3882567137005086,2.9343807763400953,0.0008986744551786607,0.004637863349721515
KO,2019-11-29,44.67,44.7,44.27,44.42,44.42,7222300,Consumer Goods,44.242,43.998999999999995,43.6895,44.217200000000005,44.02200183502712,43.985906698198086,0.03609513682903298,-0.11571489875058485,44.55,9595200.0,43.73,7856100.0,43.46,8660300.0,73.30960854092541,1.5778641664761173,2.2089277496548654,-0.0029180695847361715,0.004954560041919598
KO,2019-12-02,44.36,44.71,43.96,44.71,44.71,13173800,Consumer Goods,44.426,44.121,43.6995,44.22120000000001,44.127847706561404,44.0395432390723,0.08830446748910248,-0.07491102550264739,44.42,7222300.0,43.79,9113300.0,43.49,8982400.0,84.22939068100384,2.100936286823485,2.8052425845021878,0.006528590724898642,0.00509899909022595
KO,2019-12-03,44.68,44.79,44.42,44.76,44.76,14498300,Consumer Goods,44.589999999999996,44.218,43.7435,44.2224,44.22510190555196,44.09291040654843,0.13219149900353244,-0.03349052060141143,44.71,13173800.0,43.94,10963500.0,43.79,13782000.0,87.59124087591249,1.866181156121982,2.2151176067595424,0.001118318049653233,0.004904463506906115
KO,2019-12-04,44.76,45.18,44.69,45.16,45.16,13624000,Consumer Goods,44.720000000000006,44.351,43.8375,44.22879999999999,44.36893238162089,44.17195408013743,0.19697830148345474,0.012603243815561802,44.76,14498300.0,44.51,13219800.0,43.83,12679500.0,86.71875000000009,1.460345989665246,3.034451289071405,0.008936550491510209,0.00530939132078354
KO,2019-12-05,45.1,45.16,44.78,45.08,45.08,14068100,Consumer Goods,44.826,44.464999999999996,43.9115,44.23580000000001,44.478327399833056,44.23921674086799,0.23911065896506756,0.05790472684546295,45.16,13624000.0,44.55,9595200.0,43.94,11970300.0,82.9268292682928,1.1896745230078665,2.5944469731451925,-0.001771479185119551,0.005522232896657012
KO,2019-12-06,45.18,45.34,45.06,45.27,45.27,7843500,Consumer Goods,44.995999999999995,44.619,44.016,44.243,44.60012318447412,44.315571056359246,0.28455212811487485,0.10323420709934533,45.08,14068100.0,44.42,7222300.0,43.73,7856100.0,83.9694656488551,1.9135524538496096,3.521609878801746,0.004214729370008996,0.004886610536500898
KO,2019-12-09,45.17,45.35,44.94,44.98,44.98,13887200,Consumer Goods,45.05,44.738,44.1095,44.24580000000001,44.6585657714781,44.364788015147454,0.2937777563306483,0.14134291694560594,45.27,7843500.0,44.71,13173800.0,43.79,9113300.0,72.79693486590034,0.6038917468127902,2.7175154144781777,-0.0064060083940801205,0.005793817183715718
KO,2019-12-10,44.95,44.98,44.7,44.73,44.73,8993900,Consumer Goods,45.044,44.81699999999999,44.206,44.241400000000006,44.669555652789164,44.39184075476616,0.27771489802300664,0.16861731316108608,44.98,13887200.0,44.76,14498300.0,43.94,10963500.0,65.95744680851061,-0.06702412868633267,1.7979062357760478,-0.005558025789239696,0.006339571387452212
KO,2019-12-11,44.87,45.05,44.64,44.88,44.88,8879100,Consumer Goods,44.988,44.854,44.315,44.236399999999996,44.70193170620621,44.42800069885755,0.27393100734865783,0.18968005199860044,44.73,8993900.0,45.16,13624000.0,44.51,13219800.0,66.43356643356648,-0.6200177147918429,0.8312738710402279,0.003353454057679617,0.005056169264315044
KO,2019-12-12,44.93,45.3,44.87,45.04,45.04,11233300,Consumer Goods,44.980000000000004,44.903000000000006,44.403,44.2606,44.75394221294372,44.47333398042366,0.2806082325200592,0.2078656881028922,44.88,8879100.0,45.08,14068100.0,44.55,9595200.0,73.3096085409253,-0.08873114463175957,1.0998877665544304,0.0035650623885916666,0.005129402500548789
KO,2019-12-13,44.87,45.38,44.79,45.27,45.27,13072200,Consumer Goods,44.98,44.988,44.4935,44.276799999999994,44.83333571864468,44.53234627817005,0.3009894404746305,0.22649043857723986,45.04,11233300.0,45.27,7843500.0,44.42,7222300.0,74.8322147651007,0.0,1.9135524538496096,0.005106571936057014,0.0050570508748709895
KO,2019-12-16,45.5,45.61,45.23,45.27,45.27,9538100,Consumer Goods,45.038,45.044,44.582499999999996,44.2816,44.90051483885319,44.5869872946019,0.3135275442512935,0.24389785971205058,45.27,13072200.0,44.98,13887200.0,44.71,13173800.0,73.49823321554776,0.6447309915518229,1.252516215611732,0.0,0.004809739710739522
KO,2019-12-17,45.25,45.4,45.16,45.27,45.27,9230000,Consumer Goods,45.146,45.095,44.6565,44.297399999999996,44.957358709798854,44.63758082833509,0.3197778814637644,0.25907386406239336,45.27,9538100.0,44.73,8993900.0,44.76,14498300.0,66.81415929203547,1.2072434607645954,1.1394101876675666,0.0,0.0048262672018577054
KO,2019-12-18,45.36,45.55,44.83,44.85,44.85,15132100,Consumer Goods,45.14,45.06400000000001,44.707499999999996,44.3096,44.94084198521441,44.65331558179175,0.28752640342266034,0.2647643719344468,45.27,9230000.0,44.88,8879100.0,45.16,13624000.0,55.681818181818244,-0.06684491978610207,-0.6864481842338233,-0.009277667329357198,0.004992776379590597
KO,2019-12-19,44.95,45.2,44.85,45.19,45.19,13385900,Consumer Goods,45.17,45.075,44.769999999999996,44.324400000000004,44.97917398748912,44.69306998314051,0.2861040043486085,0.26903229841727916,44.85,15132100.0,45.04,11233300.0,45.08,14068100.0,63.50877192982445,0.3330373001776188,0.24401064773735825,0.0075808249721291965,0.005603608592543354
KO,2019-12-20,45.7,45.92,45.31,45.73,45.73,23832800,Consumer Goods,45.262,45.120999999999995,44.87,44.35280000000001,45.094685681721565,44.76987961401899,0.3248060677025748,0.2801870522743383,45.19,13385900.0,45.27,13072200.0,45.27,7843500.0,66.4516129032257,1.0161254694057709,1.0161254694057709,0.011949546359814045,0.006647132304168224
KO,2019-12-23,45.75,45.95,45.62,45.68,45.68,9300800,Consumer Goods,45.344,45.191,44.9645,44.3862,45.18473403837978,44.83729593890647,0.34743809947330817,0.2936372617141323,45.73,23832800.0,45.27,9538100.0,44.98,13887200.0,64.83870967741935,0.9056770488181876,1.5562472209871059,-0.001093374152634996,0.0061827428384746246
KO,2019-12-24,45.59,45.75,45.45,45.51,45.51,3359300,Consumer Goods,45.391999999999996,45.269,45.043,44.416199999999996,45.23477495555212,44.887125869357845,0.3476490861942736,0.30443962661016055,45.68,9300800.0,45.27,9230000.0,44.73,8993900.0,56.09756097560975,0.5301524188203954,1.7437961099932897,-0.003721541155866981,0.005971396686251154
KO,2019-12-26,45.69,45.77,45.58,45.77,45.77,6228500,Consumer Goods,45.576,45.358000000000004,45.106,44.44799999999999,45.31711727008256,44.952523953109115,0.36459331697344766,0.316470364682818,45.51,3359300.0,44.85,15132100.0,44.88,8879100.0,61.31147540983608,2.051282051282044,1.983065953654184,0.005713030103274175,0.006087450726300817
KO,2019-12-27,45.76,46.13,45.75,46.04,46.04,6895500,Consumer Goods,45.746,45.458,45.1805,44.4854,45.42832999776217,45.0330777343603,0.39525226340187203,0.3322267444266288,45.77,6228500.0,45.19,13385900.0,45.04,11233300.0,62.30031948881779,1.8809471121929766,2.2202486678507993,0.005899060519991117,0.006198609914535399
KO,2019-12-30,45.9,46.08,45.8,45.98,45.98,6431700,Consumer Goods,45.796,45.529,45.2585,44.5166,45.51320230579876,45.103220124407684,0.40998218139107223,0.3477778318195175,46.04,6895500.0,45.73,23832800.0,45.27,13072200.0,67.2413793103448,0.5466870763175091,1.5683675723437096,-0.0013032145960035768,0.006197860414226387
KO,2019-12-31,45.92,46.07,45.74,46.04,46.04,7982600,Consumer Goods,45.868,45.605999999999995,45.325,44.53280000000001,45.59424810490664,45.17261122630342,0.4216368786032234,0.3625496411762587,45.98,6431700.0,45.68,9300800.0,45.27,9538100.0,74.16974169741695,0.7880910683012221,1.700905677048814,0.001304915180513344,0.006174717036486983
KO,2020-01-02,46.02,46.11,45.55,45.75,45.75,11867700,Consumer Goods,45.916,45.653999999999996,45.3745,44.5522,45.618209934921005,45.21538076509575,0.4028291698252531,0.3706055469060576,46.04,7982600.0,45.51,3359300.0,45.27,9230000.0,65.26315789473679,0.5273566249176076,1.060304837640813,-0.006298870547350122,0.006669445307329307
KO,2020-01-03,45.19,45.75,45.0,45.5,45.5,11354500,Consumer Goods,45.862,45.718999999999994,45.39149999999999,44.573,45.600023791087004,45.23646367138495,0.3635601197020506,0.3691964614652562,45.75,11867700.0,45.77,6228500.0,44.85,15132100.0,57.823129251700685,-0.5899060519991339,1.449275362318847,-0.005464480874316946,0.006096123452120628
KO,2020-01-06,45.46,45.68,45.35,45.48,45.48,14698300,Consumer Goods,45.74999999999999,45.748,45.411500000000004,44.580200000000005,45.58155859245823,45.25450339943051,0.3270551930277179,0.36076820777774854,45.5,11354500.0,46.04,6895500.0,45.19,13385900.0,53.84615384615372,-1.2163336229365829,0.6417348971011316,-0.0004395604395605046,0.005716651679766952
KO,2020-01-07,45.3,45.42,45.05,45.13,45.13,9973900,Consumer Goods,45.58,45.688,45.4045,44.580999999999996,45.512088039772344,45.245280925398625,0.2668071143737194,0.3419759890969427,45.48,14698300.0,45.98,6431700.0,45.73,23832800.0,47.72727272727272,-1.848629839060445,-1.3120489831620286,-0.007695690413368372,0.0046865888816342675
KO,2020-01-08,45.15,45.45,45.05,45.21,45.21,10676000,Consumer Goods,45.414,45.641000000000005,45.416000000000004,44.5976,45.465612956730446,45.24266752351724,0.22294543321320504,0.3181698779201952,45.13,9973900.0,46.04,7982600.0,45.68,9300800.0,49.05063291139237,-1.8027801911381425,-1.0288966725043758,0.0017726567693330253,0.004787847045047895
KO,2020-01-09,45.75,46.09,45.62,46.04,46.04,15398000,Consumer Goods,45.472,45.694,45.4815,44.6338,45.55398019415653,45.30172918844189,0.25225100571464054,0.3049861034790843,45.21,10676000.0,45.75,11867700.0,45.51,3359300.0,66.66666666666666,0.6338797814207542,1.1645792133597066,0.01835877018358767,0.007644493366599566
KO,2020-01-10,46.15,46.53,46.13,46.19,46.19,13040100,Consumer Goods,45.61,45.736,45.547000000000004,44.675599999999996,45.65182939505552,45.36752702633508,0.28430236872043935,0.30084935652735534,46.04,15398000.0,45.5,11354500.0,45.77,6228500.0,64.79289940828404,1.5164835164835022,0.9176316364430726,0.0032580364900085534,0.007521336850741458
KO,2020-01-13,46.19,46.78,46.1,46.69,46.69,14302900,Consumer Goods,45.852,45.801,45.6295,44.718599999999995,45.81154794966237,45.465487987347295,0.3460599623150742,0.3098914776848991,46.19,13040100.0,45.48,14698300.0,46.04,6895500.0,64.37125748502997,2.6605101143359677,1.4118158123370916,0.01082485386447285,0.008026584552910764
KO,2020-01-14,46.78,46.83,46.44,46.59,46.59,16345300,Consumer Goods,46.144000000000005,45.862,45.695499999999996,44.751599999999996,45.93130980356047,45.54878517346972,0.38252463009074944,0.3244181081660692,46.69,14302900.0,45.13,9973900.0,45.98,6431700.0,63.42182890855465,3.2350986040327934,1.326663766855174,-0.0021417862497321583,0.008062632130582826
KO,2020-01-15,46.59,47.4,46.59,47.17,47.17,17735400,Consumer Goods,46.536,45.975,45.790499999999994,44.80480000000001,46.12187752608963,45.668875160620104,0.45300236546952277,0.35013495962675995,46.59,16345300.0,45.21,10676000.0,46.04,7982600.0,71.842105263158,4.335324043353239,2.4543874891398865,0.012449023395578518,0.008793107514117954
KO,2020-01-16,47.29,47.38,47.09,47.27,47.27,10234100,Consumer Goods,46.782,46.127,45.890499999999996,44.872600000000006,46.298511752845066,45.78747700057417,0.5110347522708949,0.38231491815558694,47.17,17735400.0,46.04,15398000.0,45.75,11867700.0,70.60439560439568,2.671589921807138,3.3224043715847085,0.002119991520034059,0.008247154931641859
KO,2020-01-17,47.31,47.54,47.25,47.37,47.37,14264300,Consumer Goods,47.01800000000001,46.314,46.01649999999999,44.95440000000001,46.46335609856121,45.904700926457565,0.5586551721036486,0.4175829689451993,47.27,10234100.0,46.19,13040100.0,45.5,11354500.0,69.16426512968306,2.554665512015597,4.109890109890113,0.0021155066638458564,0.007680552412605505
KO,2020-01-21,47.29,47.63,47.06,47.56,47.56,11968900,Consumer Goods,47.19200000000001,46.522000000000006,46.135000000000005,45.0336,46.63207054493641,46.0273156726459,0.6047548722905134,0.4550173496142621,47.37,14264300.0,46.69,14302900.0,45.48,14698300.0,71.9444444444446,1.8633540372670954,4.573438874230451,0.0040109774118641806,0.007517935537248786
KO,2020-01-22,47.63,47.95,47.57,47.92,47.92,12869600,Consumer Goods,47.458,46.801,46.2445,45.1284,46.830213538023116,46.167514511709165,0.6626990263139518,0.49655368495420005,47.56,11968900.0,46.59,16345300.0,45.13,9973900.0,74.10256410256423,2.854689847606773,6.18214048304897,0.007569386038688064,0.0061989008770681414
KO,2020-01-23,47.73,48.12,47.62,48.11,48.11,12858900,Consumer Goods,47.646,47.090999999999994,46.366,45.2284,47.02710376294264,46.31140232565663,0.7157014372860075,0.5403832354205615,47.92,12869600.0,47.17,17735400.0,45.21,10676000.0,81.0526315789475,1.992792028831869,6.414510064145107,0.0039649415692821766,0.006068862487993304
KO,2020-01-24,48.12,48.14,47.8,47.98,47.98,8594300,Consumer Goods,47.788,47.285000000000004,46.4895,45.332,47.17370318402838,46.43500215338577,0.7387010306426163,0.5800467944649725,48.11,12858900.0,47.27,10234100.0,46.04,15398000.0,83.69565217391313,1.5020097313306335,4.213727193744554,-0.0027021409270422403,0.004952746115620027
KO,2020-01-27,47.59,48.12,47.53,47.82,47.82,14359900,Consumer Goods,47.878,47.448,46.592,45.4344,47.27313346340863,46.5375945864683,0.7355388769403248,0.611145210960043,47.98,8594300.0,47.37,14264300.0,46.19,13040100.0,80.62827225130911,0.949968334388851,3.5289023598181535,-0.0033347228011670893,0.005493482233768655
KO,2020-01-28,47.79,48.04,47.39,47.43,47.43,15240200,Consumer Goods,47.852,47.522000000000006,46.661500000000004,45.517399999999995,47.297266776730375,46.60369869117436,0.6935680855560165,0.6276297858792378,47.82,14359900.0,47.56,11968900.0,46.69,14302900.0,79.79274611398972,-0.27333894028596095,1.5849218248018992,-0.008155583437892133,0.005937713415853172
KO,2020-01-29,47.42,47.63,47.13,47.43,47.43,13163600,Consumer Goods,47.754,47.606,46.733999999999995,45.5968,47.31768727261801,46.66490619553181,0.6527810770861961,0.6326600441206295,47.43,15240200.0,47.92,12869600.0,46.59,16345300.0,79.36507936507945,-1.022537562604342,1.8029620090147969,0.0,0.005825737909611823
KO,2020-01-30,48.19,49.06,48.05,48.96,48.96,20225600,Consumer Goods,47.92399999999999,47.785,46.88,45.706199999999995,47.570350769138315,46.83491314401094,0.7354376251273749,0.6532155603219786,47.43,13163600.0,48.11,12858900.0,47.17,17735400.0,82.58928571428581,1.7667844522968323,3.7947848208607082,0.032258064516129004,0.010956262001223557
KO,2020-01-31,49.06,49.15,48.37,48.58,48.58,17685200,Consumer Goods,48.044,47.916,47.0215,45.802,47.72568142004011,46.964178837047164,0.7615025829929465,0.6748729648561722,48.96,20225600.0,47.98,8594300.0,47.27,10234100.0,75.37154989384292,1.2505210504376807,2.771313729638236,-0.0077614379084968155,0.011552458755738194
KO,2020-02-03,48.87,49.06,48.68,48.73,48.73,12333600,Consumer Goods,48.226,48.052,47.18300000000001,45.9,47.88019197080317,47.0949804046733,0.7852115661298669,0.6969406851109112,48.58,17685200.0,47.82,14359900.0,47.37,14264300.0,73.39449541284407,1.9029694688414756,2.8710154105974217,0.003087690407575172,0.011550181611170997
KO,2020-02-04,48.87,49.46,48.76,48.95,48.95,15417900,Consumer Goods,48.529999999999994,48.190999999999995,47.3565,46.00019999999999,48.04477782144883,47.23238926358639,0.812388557862441,0.7200302596612173,48.73,12333600.0,47.43,15240200.0,47.56,11968900.0,76.3392857142857,3.204722749314781,2.92262405382675,0.004514672686230403,0.011556691723771814
KO,2020-02-05,49.0,49.15,48.7,48.96,48.96,11414900,Consumer Goods,48.836,48.295,47.548,46.1048,48.185581233533625,47.360360429246654,0.8252208042869711,0.741068368586368,48.95,15417900.0,47.43,13163600.0,47.92,12869600.0,72.89002557544754,3.2258064516129004,2.170283806343898,0.00020429009193057013,0.011463481847760646
KO,2020-02-06,49.06,49.36,48.95,49.07,49.07,9347000,Consumer Goods,48.858000000000004,48.391000000000005,47.741,46.2104,48.32164565914383,47.48700039745061,0.8346452616932254,0.7597837472077396,48.96,11414900.0,48.96,20225600.0,48.11,12858900.0,72.95918367346934,0.22467320261436718,1.995427146123463,0.002246732026143672,0.011447079805157691
KO,2020-02-07,48.98,49.35,48.96,49.24,49.24,8757800,Consumer Goods,48.989999999999995,48.517,47.900999999999996,46.316399999999994,48.46293094235247,47.61685221986167,0.8460787224908017,0.777042742264352,49.07,9347000.0,48.58,17685200.0,47.98,8594300.0,73.43358395989975,1.3585837793330668,2.6260942059191494,0.003464438557163163,0.011328977178290681
KO,2020-02-10,49.35,49.78,49.32,49.7,49.7,7984900,Consumer Goods,49.184000000000005,48.705,48.076499999999996,46.4202,48.65324925891363,47.77115946283488,0.8820897960787519,0.7980521530272321,49.24,8757800.0,48.73,12333600.0,47.82,14359900.0,75.11737089201876,1.990560229837901,3.9314094521121,0.009341998375304694,0.011293785462838647
KO,2020-02-11,49.68,49.75,49.35,49.57,49.57,7431200,Consumer Goods,49.30800000000001,48.919,48.2205,46.520599999999995,48.79428783446538,47.90440691003229,0.8898809244330863,0.816417907308403,49.7,7984900.0,48.95,15417900.0,47.43,15240200.0,70.47146401985106,1.2665985699693572,4.511912291798437,-0.002615694164989968,0.010758830468833861
KO,2020-02-12,49.48,49.72,49.35,49.42,49.42,9179100,Consumer Goods,49.4,49.118,48.362,46.620599999999996,48.89055124454763,48.01667306484472,0.8738781797029134,0.8279099617873051,49.57,7431200.0,48.96,11414900.0,47.43,13163600.0,66.41604010025063,0.9395424836601274,4.195656757326582,-0.0030260238047206123,0.010939684909429074
KO,2020-02-13,49.4,49.78,49.26,49.59,49.59,8173200,Consumer Goods,49.504000000000005,49.181,48.483000000000004,46.718199999999996,48.99815874538646,48.133215800782146,0.8649429446043158,0.8353165583507074,49.42,9179100.0,49.07,9347000.0,48.96,20225600.0,69.97518610421841,1.059710617485221,1.2867647058823595,0.0034399028733307357,0.004780984156894947
KO,2020-02-14,49.61,49.97,49.6,49.87,49.87,9965500,Consumer Goods,49.63,49.31,48.61300000000001,46.8204,49.13228816917316,48.26186648220569,0.8704216869674681,0.8423375840740596,49.59,8173200.0,49.24,8757800.0,48.58,17685200.0,74.69879518072283,1.279447603574324,2.6554137505146125,0.00564629965718888,0.003723820639860576
KO,2020-02-18,49.75,49.85,49.46,49.52,49.52,10075700,Consumer Goods,49.594,49.388999999999996,48.7205,46.9076,49.19193614314652,48.355061557597864,0.8368745855486566,0.841244984368979,49.87,9965500.0,49.7,7984900.0,48.73,12333600.0,75.42579075425796,-0.3621730382293742,1.6211779191463327,-0.007018247443352554,0.0048013478005184155
KO,2020-02-19,49.51,49.91,49.47,49.72,49.72,6265700,Consumer Goods,49.624,49.466,48.8285,47.0004,49.273176736508596,48.45616810888691,0.8170086276216892,0.836397713019521,49.52,10075700.0,49.57,7431200.0,48.95,15417900.0,76.56612529002322,0.3026023804720612,1.573033707865168,0.0040387722132471104,0.0047717338101508164
KO,2020-02-20,49.65,49.8,49.17,49.68,49.68,7597200,Consumer Goods,49.676,49.538,48.9165,47.0886,49.33576493089189,48.54682232304343,0.7889426078484618,0.8269066919853092,49.72,6265700.0,49.42,9179100.0,48.96,11414900.0,62.76595744680852,0.5261027923917361,1.4705882352941124,-0.0008045052292839916,0.004814340498562494
KO,2020-02-21,49.51,50.02,49.44,50.02,50.02,10842400,Consumer Goods,49.762,49.632999999999996,49.012,47.1894,49.44103186460083,48.65594659541058,0.7850852691902475,0.8185424074262969,49.68,7597200.0,49.59,8173200.0,49.07,9347000.0,75.8992805755397,0.8671103044968653,1.9360097819441702,0.006843800322061222,0.00510717808901191
KO,2020-02-24,49.17,49.75,48.72,48.79,48.79,14415500,Consumer Goods,49.54600000000001,49.588,49.052499999999995,47.270599999999995,49.3408731162007,48.665876477232025,0.6749966389686719,0.789833253734772,50.02,10842400.0,49.87,9965500.0,49.24,8757800.0,50.77720207253889,-2.1656306396631186,-0.9138911454102394,-0.024590163934426257,0.009758575730079369
KO,2020-02-25,48.83,49.25,47.93,48.1,48.1,15915100,Consumer Goods,49.262,49.428,49.066500000000005,47.335,49.14996955986213,48.62395970114076,0.5260098587213662,0.7370685747320909,48.79,14415500.0,49.52,10075700.0,49.7,7984900.0,40.18475750577363,-2.867528271405495,-3.2193158953722323,-0.01414224226275873,0.009852121832681098
KO,2020-02-26,48.23,48.64,47.82,47.92,47.92,15837800,Consumer Goods,48.902,49.263,49.091,47.3926,48.960743473729494,48.5718145380933,0.38892893563619424,0.6674406469129115,48.1,15915100.0,49.72,6265700.0,49.57,7431200.0,38.444444444444436,-3.620273531777951,-3.3286261851926513,-0.003742203742203687,0.009850848913750588
KO,2020-02-27,47.54,48.16,45.65,45.7,45.7,23754000,Consumer Goods,48.106,48.891,49.0045,47.40120000000001,48.459090631617265,48.35908753527158,0.10000309634568794,0.5539531367994668,47.92,15837800.0,49.68,7597200.0,49.42,9179100.0,24.508320726172457,-8.011272141706915,-7.527316875758805,-0.046327212020033315,0.016779778244791887
KO,2020-02-28,44.78,44.83,42.91,44.5,44.5,40890600,Consumer Goods,47.001999999999995,48.382000000000005,48.7815,47.38580000000001,47.84999976521461,48.07322919932554,-0.22322943411092666,0.3985166226173881,45.7,23754000.0,50.02,10842400.0,49.59,8173200.0,18.979057591623004,-11.035585765693723,-10.264166162532772,-0.026258205689277947,0.01721822303074421
KO,2020-03-02,44.86,46.55,44.67,46.52,46.52,25698600,Consumer Goods,46.548,48.047000000000004,48.6785,47.41080000000001,47.645384416720056,47.95817518456069,-0.31279076784063164,0.2562551445257842,44.5,40890600.0,48.79,14415500.0,49.87,9965500.0,32.71739130434783,-4.65259274441483,-6.7174654100661595,0.04539325842696629,0.02445935144266531
KO,2020-03-03,47.22,47.82,46.29,46.64,46.64,27099200,Consumer Goods,46.256,47.759,48.574,47.4466,47.490709891070814,47.86053257829693,-0.3698226872261188,0.13103957817540363,46.52,25698600.0,48.1,15915100.0,49.52,10075700.0,34.058759521218704,-3.035343035343041,-5.815831987075937,0.002579535683576939,0.024631463914118773
KO,2020-03-04,46.93,49.08,46.93,49.01,49.01,20526100,Consumer Goods,46.474000000000004,47.688,48.577000000000005,47.522999999999996,47.724446830906075,47.945678313237906,-0.22123148233183088,0.060585366073956724,46.64,27099200.0,47.92,15837800.0,49.72,6265700.0,48.20333041191935,2.2746243739565797,-1.4279967819790795,0.05081475128644941,0.030442552619266622
KO,2020-03-05,48.08,48.39,46.74,47.2,47.2,17948500,Consumer Goods,46.774,47.44,48.489,47.5524,47.64376270307437,47.89044288262769,-0.24668017955331578,-0.0008677430514977755,49.01,20526100.0,45.7,23754000.0,49.68,7597200.0,40.84291187739462,3.2822757111597323,-4.991948470209328,-0.036931238522750376,0.032488558378227395
KO,2020-03-06,45.7,46.51,44.9,45.97,45.97,22353900,Consumer Goods,47.068,47.035000000000004,48.334,47.5582,47.386260748755234,47.74818785428489,-0.36192710552965934,-0.07307961554713009,47.2,17948500.0,44.5,40890600.0,50.02,10842400.0,36.07142857142857,3.303370786516857,-8.096761295481814,-0.02605932203389838,0.03286076640478548
KO,2020-03-09,43.3,44.57,42.83,43.14,43.14,27898300,Consumer Goods,46.391999999999996,46.47,48.029,47.51080000000001,46.73298986433135,47.40684060581935,-0.6738507414879962,-0.1932338407353033,45.97,22353900.0,46.52,25698600.0,48.79,14415500.0,30.643203883495133,-7.265692175408434,-11.580241852838691,-0.06156188818794861,0.03678899370654739
KO,2020-03-10,44.27,44.76,42.57,44.64,44.64,27457400,Consumer Goods,45.992000000000004,46.124,47.775999999999996,47.488200000000006,46.41099142366499,47.20188944983273,-0.7908980261677385,-0.31276667782179035,43.14,27898300.0,46.64,27099200.0,48.1,15915100.0,35.71428571428572,-4.288164665523153,-7.193347193347199,0.03477051460361613,0.03956384852749868
KO,2020-03-11,43.55,43.8,42.54,43.43,43.43,22653900,Consumer Goods,44.876,45.675,47.46900000000001,47.43599999999999,45.952377358485755,46.9224902313266,-0.9701128728408435,-0.44423591682560104,44.64,27457400.0,49.01,20526100.0,47.92,15837800.0,33.50923482849605,-11.385431544582737,-9.369782971619367,-0.027105734767025158,0.04005446060359974
KO,2020-03-12,40.38,41.54,38.84,39.23,39.23,31913100,Consumer Goods,43.282,45.028,46.959500000000006,47.301,44.91816545718025,46.352676140117225,-1.434510682936974,-0.6422908700478757,43.43,22653900.0,47.2,17948500.0,45.7,23754000.0,26.34809294169223,-16.88559322033899,-14.15754923413568,-0.09670734515312007,0.04770018943799739
KO,2020-03-13,41.55,41.59,39.11,40.67,40.67,33697200,Consumer Goods,42.222,44.644999999999996,46.5135,47.193599999999996,44.26460154069098,45.93173716677521,-1.6671356260842245,-0.8472598212551454,39.23,31913100.0,45.97,22353900.0,44.5,40890600.0,32.36316246741964,-11.529258211877302,-8.606741573033705,0.03670660209023713,0.05001736568976933
KO,2020-03-16,35.45,40.18,34.55,37.98,37.98,28682300,Consumer Goods,41.190000000000005,43.791,45.919,47.038199999999996,43.29773976520006,45.34271959886593,-2.04497983366587,-1.0868038237372906,40.67,33697200.0,43.14,27898300.0,46.52,25698600.0,29.776179056754586,-11.961057023643962,-18.35769561478935,-0.06614211949840187,0.049265322387164676
KO,2020-03-17,38.5,39.86,38.07,39.59,39.59,32106700,Consumer Goods,40.18,43.086,45.4225,46.92,42.727318262861594,44.91659222117216,-2.189273958310565,-1.3072978506519455,37.98,28682300.0,44.64,27457400.0,46.64,27099200.0,34.25330812854443,-11.312724014336906,-15.115780445969119,0.04239073196419185,0.052689239969134063
KO,2020-03-18,37.54,37.89,34.9,37.64,37.64,35408300,Consumer Goods,39.022,41.949,44.81850000000001,46.7632,41.94465391472904,44.37758538997422,-2.4329314752451836,-1.5324245755705932,39.59,32106700.0,43.43,22653900.0,49.01,20526100.0,34.60656990068756,-13.331798296108676,-23.19934707202611,-0.04925486233897458,0.04810789597700413
KO,2020-03-19,37.23,37.48,34.44,35.1,35.1,41956900,Consumer Goods,38.196000000000005,40.739,44.0895,46.5626,40.89163023553996,43.690356842568725,-2.798726607028769,-1.7856849818622287,37.64,35408300.0,39.23,31913100.0,47.2,17948500.0,32.92151162790698,-10.527657405047142,-25.635593220338983,-0.06748140276301806,0.049887600766475665
KO,2020-03-20,35.2,35.3,31.48,32.14,32.14,51513500,Consumer Goods,36.489999999999995,39.356,43.1955,46.3012,39.54522558391842,42.834774854230304,-3.2895492703118805,-2.086457839552159,35.1,41956900.0,40.67,33697200.0,45.97,22353900.0,24.736472241742803,-20.973690681091718,-30.084837937785515,-0.0843304843304844,0.05293977152694457
KO,2020-03-23,32.53,32.64,30.44,31.52,31.52,44978500,Consumer Goods,35.198,38.194,42.33200000000001,46.010799999999996,38.31057549408482,41.996643383546576,-3.6860678894617536,-2.406379849534078,32.14,51513500.0,37.98,28682300.0,43.14,27898300.0,23.895027624309407,-17.008952080042118,-26.935558646267964,-0.019290603609209755,0.05216506049872218
KO,2020-03-24,34.59,34.74,32.59,33.11,33.11,49096200,Consumer Goods,33.902,37.041,41.5825,45.7492,37.510486956533306,41.33837350328387,-3.8278865467505625,-2.690681188977375,31.52,44978500.0,39.59,32106700.0,44.64,27457400.0,21.788502484031255,-16.36776963879768,-25.82885304659498,0.050444162436548146,0.05449880154020747
KO,2020-03-25,34.1,36.46,33.49,34.92,34.92,42511700,Consumer Goods,33.358000000000004,36.190000000000005,40.9325,45.5138,37.11195050168203,40.862938428966544,-3.7509879272845126,-2.9027425366388027,33.11,49096200.0,37.64,35408300.0,43.43,22653900.0,28.211497515968787,-7.226354941551538,-19.59475017269169,0.054666263968589535,0.06046847662847403
KO,2020-03-26,35.95,37.99,35.62,37.17,37.17,37821700,Consumer Goods,33.772,35.984,40.506,45.3254,37.12088119373095,40.58938743422828,-3.4685062404973266,-3.0158952774105074,34.92,42511700.0,35.1,41956900.0,39.23,31913100.0,34.931506849315085,5.897435897435899,-5.25108335457557,0.06443298969072164,0.059183296947068295
KO,2020-03-27,36.64,36.95,35.58,35.93,35.93,23297900,Consumer Goods,34.53,35.51,40.0775,45.10059999999999,36.937668702387725,40.24424762428544,-3.3065789218977173,-3.0740320063079496,37.17,37821700.0,32.14,51513500.0,40.67,33697200.0,36.94313654473019,11.792159303049154,-11.654782394885665,-0.033360236750067274,0.0579923654995962
KO,2020-03-30,36.12,38.23,36.12,37.76,37.76,23446000,Consumer Goods,35.778,35.488,39.639500000000005,44.9104,37.064181209712686,40.06022928174578,-2.9960480720330906,-3.058435219452978,35.93,23297900.0,31.52,44978500.0,37.98,28682300.0,37.68790264853258,19.796954314720814,-0.5792522380200116,0.05093236849429439,0.05739122918417945
KO,2020-03-31,37.82,38.19,36.97,37.13,37.13,25373900,Consumer Goods,36.582,35.242000000000004,39.164,44.7056,37.0743071774492,39.84317526087572,-2.7688680834265185,-3.000521792247686,37.76,23446000.0,33.11,49096200.0,39.59,32106700.0,38.48684210526317,12.141347025067972,-6.21369032583986,-0.016684322033898136,0.055661955487994345
KO,2020-04-01,35.65,36.63,35.08,35.35,35.35,21936400,Consumer Goods,36.668000000000006,35.013,38.481,44.461400000000005,36.80902915014932,39.51034746377381,-2.7013183136244905,-2.940681096523047,37.13,25373900.0,34.92,42511700.0,37.64,35408300.0,42.2213311948677,1.2313860252004538,-6.083953241232731,-0.047939671424723995,0.055547186883542744
KO,2020-04-02,35.43,37.08,35.13,36.88,36.88,17621900,Consumer Goods,36.61,35.190999999999995,37.965,44.24059999999999,36.81994774243404,39.315506910901675,-2.4955591684676364,-2.851656710911965,35.35,21936400.0,37.17,37821700.0,35.1,41956900.0,42.42908509788255,-0.7801990852838281,5.071225071225083,0.04328147100424329,0.05264025891703993
KO,2020-04-03,36.57,37.21,36.34,36.78,36.78,14207100,Consumer Goods,36.78,35.655,37.5055,44.013999999999996,36.81380193590572,39.12769158416822,-2.3138896482624958,-2.744103298382071,36.88,17621900.0,35.93,23297900.0,32.14,51513500.0,47.32620320855616,2.365711104926249,14.436838830118237,-0.0027114967462039674,0.042366092051296426
KO,2020-04-06,38.09,39.45,37.5,39.16,39.16,22850000,Consumer Goods,37.06,36.419,37.3065,43.8376,37.17475548422792,39.13008480015576,-1.955329315927834,-2.586348501891224,36.78,14207100.0,37.76,23446000.0,31.52,44978500.0,49.073675140025834,3.7076271186440746,24.238578680203027,0.06470908102229456,0.04326683667951759
KO,2020-04-07,40.7,40.78,39.0,39.03,39.03,21279600,Consumer Goods,37.440000000000005,37.011,37.025999999999996,43.6618,37.460177717423626,39.12267111125533,-1.6624933938317028,-2.40157748027932,39.16,22850000.0,37.13,25373900.0,33.11,49096200.0,53.24918186068257,5.11715593859412,17.879794623980683,-0.0033197139938712095,0.04278458980745519
KO,2020-04-08,39.14,40.36,38.88,40.13,40.13,18937100,Consumer Goods,38.396,37.532,36.861000000000004,43.515800000000006,37.87091960705076,39.197288065977155,-1.326368458926396,-2.1865356760087353,39.03,21279600.0,35.35,21936400.0,34.92,42511700.0,62.60651629072682,13.521923620933517,14.919816723940427,0.02818344862925959,0.0410042005588696
KO,2020-04-09,40.65,41.73,40.57,41.12,41.12,19165300,Consumer Goods,39.244,37.927,36.955499999999994,43.3896,38.37077812904295,39.33971117220107,-0.968933043158124,-1.9430151494386132,40.13,18937100.0,36.88,17621900.0,37.17,37821700.0,74.972191323693,11.49674620390455,10.626849609900436,0.024669823075006203,0.037422784005904895
KO,2020-04-13,40.57,40.82,39.02,39.38,39.38,19586000,Consumer Goods,39.763999999999996,38.272000000000006,36.891,43.198,38.526043032267104,39.34269552981581,-0.8166524975487093,-1.7177426190606324,41.12,19165300.0,36.78,14207100.0,35.93,23297900.0,70.57591623036652,7.069059271343114,9.60200389646535,-0.042315175097276114,0.03868222473920829
KO,2020-04-14,40.23,41.33,39.38,41.05,41.05,21801900,Consumer Goods,40.141999999999996,38.601000000000006,37.0445,43.047399999999996,38.91434410422601,39.46916252760723,-0.5548184233812208,-1.4851577799247502,39.38,19586000.0,39.16,22850000.0,37.76,23446000.0,70.69864442127218,4.826353421859042,8.71292372881356,0.04240731335703396,0.037759917029696145
KO,2020-04-15,40.04,40.62,39.79,39.95,39.95,12893200,Consumer Goods,40.326,38.882999999999996,37.0625,42.8718,39.07367578049893,39.50478011815485,-0.43110433765591694,-1.2743470914709836,41.05,21801900.0,39.03,21279600.0,37.13,25373900.0,63.61667569030864,2.3571611580835317,7.594936708860756,-0.02679658952496944,0.0386499323763692
KO,2020-04-16,39.78,40.15,39.24,39.53,39.53,17606800,Consumer Goods,40.206,39.301,37.157,42.6834,39.14387950657602,39.506648257550786,-0.3627687509747659,-1.09203142337174,39.95,12893200.0,40.13,18937100.0,35.35,21936400.0,57.09134615384617,-1.4951407924246207,11.824611032531829,-0.010513141426783501,0.03418334439205923
KO,2020-04-17,40.53,40.53,39.75,40.33,40.33,19844600,Consumer Goods,40.048,39.646,37.4185,42.510799999999996,39.326359582487406,39.56763727550999,-0.24127769302258173,-0.9218806773019085,39.53,17606800.0,41.12,19165300.0,36.88,17621900.0,63.58024691358027,-1.921206225680927,9.354663774403459,0.020237794080445237,0.03256046530498119
KO,2020-04-20,40.1,40.28,38.86,39.05,39.05,18957900,Consumer Goods,39.982,39.873000000000005,37.764,42.3104,39.28384272364319,39.52929377362036,-0.24545104997717004,-0.7865947518369608,40.33,19844600.0,39.38,19586000.0,36.78,14207100.0,54.12140575079873,-0.837988826815661,6.171832517672637,-0.03173816017852715,0.034970242889963594
KO,2020-04-21,38.5,39.36,37.14,38.08,38.08,26863700,Consumer Goods,39.388,39.765,38.092,42.0872,39.09863615077501,39.42193867927811,-0.32330252850309904,-0.6939363071701885,39.05,18957900.0,41.05,21801900.0,39.16,22850000.0,52.970606629143205,-7.235079171741776,-2.757916241062308,-0.024839948783610732,0.029453636463644482
KO,2020-04-22,38.64,38.73,38.18,38.33,38.33,15811600,Consumer Goods,39.064,39.695,38.353,41.85979999999999,38.98038443527116,39.34105433266491,-0.36066989739374833,-0.6272830252149005,38.08,26863700.0,39.95,12893200.0,39.03,21279600.0,60.30428769017982,-4.055068836045073,-1.7934921854983465,0.006565126050420256,0.029585009440392048
KO,2020-04-23,38.56,38.69,37.74,37.82,37.82,17668200,Consumer Goods,38.721999999999994,39.464,38.498000000000005,41.62479999999999,38.801863752921754,39.2283836413564,-0.4265198884346475,-0.58713039785885,38.33,15811600.0,39.53,17606800.0,40.13,18937100.0,53.49702380952381,-4.325828484695171,-5.756292050834788,-0.013305504826506609,0.02783028868677634
KO,2020-04-24,38.18,38.39,37.86,38.12,38.12,15175000,Consumer Goods,38.279999999999994,39.164,38.545500000000004,41.3988,38.69696163708764,39.146281149404075,-0.4493195123164355,-0.5595682207503672,37.82,17668200.0,40.33,19844600.0,41.12,19165300.0,54.91202346041055,-5.479791718323835,-7.295719844357973,0.007932310946588972,0.02626957525125226
KO,2020-04-27,38.6,39.42,38.36,39.26,39.26,19175500,Consumer Goods,38.321999999999996,39.152,38.712,41.1922,38.783582923689536,39.15470476796674,-0.37112184427720507,-0.5218789454557348,38.12,15175000.0,39.05,18957900.0,39.38,19586000.0,50.40322580645162,0.537772087067867,-0.3047232097511565,0.02990556138509981,0.025469513678877412
KO,2020-04-28,40.2,40.28,39.08,39.22,39.22,17246700,Consumer Goods,38.55,38.969,38.785,40.9792,38.850724012352686,39.159541451821056,-0.3088174394683705,-0.47926664425826193,39.26,19175500.0,38.08,26863700.0,41.05,21801900.0,50.77173030056864,2.993697478991608,-4.457978075517655,-0.0010188487009679115,0.02068568582100859
KO,2020-04-29,39.67,40.16,39.34,39.54,39.54,15780000,Consumer Goods,38.791999999999994,38.928,38.9055,40.7796,38.95676647199073,39.18772356650098,-0.23095709451024504,-0.4296047343086586,39.22,17246700.0,38.33,15811600.0,39.95,12893200.0,47.4414570685169,3.1567962431515717,-1.0262828535669732,0.00815910249872509,0.019385033684749885
KO,2020-04-30,39.44,39.44,38.35,38.51,38.51,20801100,Consumer Goods,38.93,38.826,39.0635,40.5554,38.88803316860754,39.13752182083424,-0.24948865222669525,-0.393581517892266,39.54,15780000.0,37.82,17668200.0,39.53,17606800.0,38.72082973206567,1.8244315177154968,-2.580318745256771,-0.026049570055639903,0.020814418627337638
KO,2020-05-01,38.28,38.93,37.94,38.27,38.27,14290400,Consumer Goods,38.96,38.62,39.132999999999996,40.3272,38.79295114266792,39.07326094521689,-0.2803098025489703,-0.3709271748236069,38.51,20801100.0,38.12,15175000.0,40.33,19844600.0,44.48857994041707,0.3934942287513232,-5.1078601537317025,-0.006232147494157236,0.01923684151554215
KO,2020-05-04,38.03,38.17,37.43,37.88,37.88,22544200,Consumer Goods,38.684000000000005,38.503,39.188,40.0844,38.652497120719005,38.98487124557119,-0.332374124852187,-0.3632165648293229,38.27,14290400.0,39.26,19175500.0,39.05,18957900.0,31.968145620022753,-3.5150280183392613,-2.996158770806645,-0.010190749934674725,0.01699271434972985
KO,2020-05-05,38.07,38.69,37.89,38.1,38.1,13370500,Consumer Goods,38.46,38.504999999999995,39.135000000000005,39.870599999999996,38.56749756368531,38.91932522738073,-0.35182766369542406,-0.36093878460254314,37.88,22544200.0,39.22,17246700.0,38.08,26863700.0,38.30594184576483,-2.8556858745537927,0.05252100840336116,0.0058078141499471325,0.015274397217211483
KO,2020-05-06,38.1,38.29,37.53,37.55,37.55,11892900,Consumer Goods,38.062,38.427,39.061,39.6596,38.41095947696449,38.81789372905623,-0.4069342520917374,-0.370137878100382,38.1,13370500.0,39.54,15780000.0,38.33,15811600.0,37.68656716417907,-5.03287809812848,-2.034959561701022,-0.014435695538057902,0.015732334436437307
KO,2020-05-07,37.89,37.96,37.34,37.43,37.43,16466000,Consumer Goods,37.846,38.388,38.926,39.4498,38.26004263435457,38.71508678616318,-0.45504415180860747,-0.38711913284202715,37.55,11892900.0,38.51,20801100.0,37.82,17668200.0,30.29891304347825,-2.8044663723708063,-1.0312004230565885,-0.003195739014647092,0.01523809053822698
KO,2020-05-08,37.83,38.79,37.66,38.69,38.69,13985100,Consumer Goods,37.92999999999999,38.445,38.804500000000004,39.3096,38.326189921376944,38.713228505706645,-0.3870385843297015,-0.387103023139562,37.43,16466000.0,38.27,14290400.0,38.12,15175000.0,47.54768392370572,1.0974653775803311,1.4952780692549794,0.033662837296286385,0.018683935169097294
KO,2020-05-11,38.34,38.69,38.2,38.22,38.22,10874600,Consumer Goods,37.998,38.341,38.746500000000005,39.184,38.30985301039588,38.67669306083949,-0.36684005044361356,-0.38305042860037236,38.69,13985100.0,37.88,22544200.0,39.26,19175500.0,51.023391812865505,0.8975712777191003,-2.6490066225165587,-0.01214784181959161,0.016180318383472503
KO,2020-05-12,38.27,38.48,37.6,37.61,37.61,13424400,Consumer Goods,37.9,38.17999999999999,38.5745,39.0058,38.202183316488814,38.597678760036565,-0.3954954435477518,-0.38553943158984827,38.22,10874600.0,38.1,13370500.0,39.22,17246700.0,45.0,-1.286089238845145,-4.105048444671089,-0.015960230245944507,0.016703189399121583
KO,2020-05-13,37.52,37.58,36.52,36.87,36.87,15854800,Consumer Goods,37.763999999999996,37.913,38.4205,38.8104,37.99723203702899,38.469702555589414,-0.47247051856042077,-0.4029256489839628,37.61,13424400.0,37.55,11892900.0,39.54,15780000.0,43.606998654104956,-1.8109187749667077,-6.752655538694996,-0.019675618186652533,0.016760176683729804
KO,2020-05-14,36.4,36.97,36.28,36.67,36.67,18000800,Consumer Goods,37.612,37.729,38.277499999999996,38.563599999999994,37.79304249287068,38.336391255175386,-0.5433487623047029,-0.43101027164811084,36.87,15854800.0,37.43,16466000.0,38.51,20801100.0,40.109140518417476,-2.030456852791873,-4.777979745520633,-0.0054244643341468946,0.015342961630884593
KO,2020-05-15,36.89,37.5,36.25,36.3,36.3,31579400,Consumer Goods,37.134,37.532,38.076,38.3456,37.56334364781365,38.185547458495726,-0.6222038106820733,-0.4692489794549034,36.67,18000800.0,38.69,13985100.0,38.27,14290400.0,27.439024390243873,-6.177306797622128,-5.147635223412605,-0.01008999181892567,0.015431798083164215
KO,2020-05-18,37.61,38.09,37.03,37.74,37.74,26118500,Consumer Goods,37.038,37.518,38.01049999999999,38.181,37.590521548150015,38.1525439430516,-0.5620223949015823,-0.48780366254423924,36.3,31579400.0,38.22,10874600.0,37.88,22544200.0,40.703517587939714,-1.2558869701726816,-0.36958817317845893,0.03966942148760344,0.020761941277359825
KO,2020-05-19,37.77,38.04,37.13,37.38,37.38,17839900,Consumer Goods,36.992,37.446000000000005,37.9755,38.065799999999996,37.5581336176654,38.095318465788516,-0.5371848481231183,-0.4976798996600151,37.74,26118500.0,37.61,13424400.0,38.1,13370500.0,36.50000000000002,-0.611539484179735,-1.8897637795275535,-0.009538950715421324,0.020837305688047578
KO,2020-05-20,37.93,38.74,37.78,38.51,38.51,22295900,Consumer Goods,37.32,37.542,37.9845,37.9432,37.70457459956303,38.12603561647085,-0.4214610169078199,-0.48243612310957606,37.38,17839900.0,36.87,15854800.0,37.55,11892900.0,50.0,4.448060754000549,2.556591211717718,0.03023006955591212,0.022525998474534962
KO,2020-05-21,38.67,38.68,37.79,37.91,37.91,13193500,Consumer Goods,37.568,37.589999999999996,37.989,37.8328,37.73617850732256,38.11003297821375,-0.37385447089118884,-0.4607197926658987,38.51,22295900.0,36.67,18000800.0,37.43,16466000.0,47.872340425531874,3.3815107717480197,1.282393801763293,-0.01558036873539348,0.023219176020628497
KO,2020-05-22,37.95,38.02,37.47,37.79,37.79,13008400,Consumer Goods,37.866,37.5,37.972500000000004,37.804,37.74445873696525,38.0863268316794,-0.341868094714151,-0.4369494530755492,37.91,13193500.0,36.3,31579400.0,38.69,13985100.0,49.450549450549424,4.104683195592296,-2.326182476092009,-0.0031653917172249635,0.02028936271146968
KO,2020-05-26,39.37,39.38,38.54,38.68,38.68,22223100,Consumer Goods,38.054,37.546,37.94349999999999,37.7642,37.88838816204752,38.13030262192537,-0.24191445987784732,-0.39794245443600884,37.79,13008400.0,37.74,26118500.0,38.22,10874600.0,53.27313769751692,2.490726020137779,1.2035583464155009,0.0235512040222281,0.02144602064851738
KO,2020-05-27,39.44,39.52,38.74,39.21,39.21,18447600,Consumer Goods,38.419999999999995,37.706,37.943,37.7888,38.09171306019405,38.21028020548645,-0.11856714529239554,-0.3420673926072862,38.68,22223100.0,37.38,17839900.0,37.61,13424400.0,59.38914027149324,4.895666131621179,4.254187716032964,0.013702171664943252,0.02082005769676037
KO,2020-05-28,39.69,39.83,39.29,39.52,39.52,16230600,Consumer Goods,38.622,37.971000000000004,37.94199999999999,37.787400000000005,38.31144951247189,38.307296486561526,0.0041530259103623735,-0.2728233089037565,39.21,18447600.0,38.51,22295900.0,36.87,15854800.0,61.57253599114066,2.622695403791231,7.187415242744799,0.007906146391226887,0.019031060394864067
KO,2020-05-29,39.17,39.6,38.72,39.17,39.17,51125000,Consumer Goods,38.874,38.221,37.975,37.818,38.44353420286083,38.371200450519936,0.07233375234089578,-0.20379189665482605,39.52,16230600.0,37.91,13193500.0,36.67,18000800.0,52.95566502463056,3.3236613030862783,6.817562039814562,-0.008856275303643746,0.01931140269997641
KO,2020-06-01,39.16,39.63,39.1,39.43,39.43,17010700,Consumer Goods,39.202,38.534,38.033,37.9046,38.59529817165147,38.44963004677772,0.14566812487375103,-0.13389989234911065,39.17,51125000.0,37.79,13008400.0,36.3,31579400.0,57.64854614412137,4.339772426567867,8.622589531680447,0.006637732958897136,0.018389974970358047
KO,2020-06-02,39.58,39.68,39.07,39.36,39.36,15255100,Consumer Goods,39.338,38.696,38.107,38.049,38.71294460678202,38.51706485812752,0.1958797486544981,-0.06794396414838891,39.43,17010700.0,38.68,22223100.0,37.74,26118500.0,61.87245590230664,1.7580144777662898,4.292527821939585,-0.0017752979964493765,0.014915766329438487
KO,2020-06-03,39.67,40.38,39.54,40.2,40.2,15508300,Consumer Goods,39.536,38.977999999999994,38.212,38.2226,38.94172235958478,38.64172672048845,0.29999563909633054,0.005643956500554985,39.36,15255100.0,39.21,18447600.0,37.38,17839900.0,72.28915662650604,2.5248661055853105,7.54414125200642,0.021341463414634276,0.014926374474080403
KO,2020-06-04,40.23,40.51,39.76,40.21,40.21,13604700,Consumer Goods,39.674,39.148,38.345,38.3646,39.13684199657173,38.75789511156338,0.3789468850083537,0.08030454220211473,40.2,15508300.0,39.52,16230600.0,38.51,22295900.0,74.31318681318677,1.7459514170040435,4.414437808361482,0.00024875621890552146,0.012671748755405393
KO,2020-06-05,40.73,41.53,40.67,41.2,41.2,20504800,Consumer Goods,40.08,39.477000000000004,38.5335,38.4902,39.45425092017608,38.93879176996609,0.5154591502099919,0.1673354638036902,40.21,13604700.0,39.17,51125000.0,37.91,13193500.0,81.01265822784812,5.182537656369668,8.678448958058581,0.02462074110917678,0.011986695061038503
KO,2020-06-08,41.57,41.93,41.51,41.83,41.83,19896700,Consumer Goods,40.56,39.881,38.6905,38.5834,39.819750778610526,39.15295534256119,0.666795436049334,0.26722745825281896,41.2,20504800.0,39.43,17010700.0,37.79,13008400.0,78.84344146685471,6.086735987826519,10.690658904472073,0.015291262135922246,0.011411564947912968
KO,2020-06-09,41.61,41.61,40.85,41.12,41.12,16713700,Consumer Goods,40.912,40.125,38.8355,38.687200000000004,40.01978912036275,39.29866235422333,0.7211267661394203,0.3580073198301392,41.83,19896700.0,39.36,15255100.0,38.68,22223100.0,75.1344086021505,4.471544715447151,6.3081695966907825,-0.0169734640210375,0.013221805556940988
KO,2020-06-10,41.25,41.35,40.76,40.8,40.8,15716600,Consumer Goods,41.032000000000004,40.284000000000006,38.995,38.748000000000005,40.13982156338387,39.409872550206785,0.7299490131770838,0.43239565849952816,41.12,16713700.0,40.2,15508300.0,39.21,18447600.0,67.26998491704373,1.492537313432818,4.055087987758221,-0.0077821011673151474,0.013609718430594695
KO,2020-06-11,40.12,40.21,38.15,38.22,38.22,26070400,Consumer Goods,40.634,40.153999999999996,39.0625,38.769800000000004,39.844464399786354,39.32173384278406,0.5227305570022907,0.4504626382000807,40.8,15716600.0,40.21,13604700.0,39.52,16230600.0,51.800232288037186,-4.949017657299182,-3.289473684210542,-0.06323529411764706,0.025112219662669584
KO,2020-06-12,39.13,39.16,38.11,38.61,38.61,21822700,Consumer Goods,40.116,40.098,39.1595,38.835,39.65454679981922,39.26901281739265,0.38553398242657266,0.4374769070453791,38.22,26070400.0,41.2,20504800.0,39.17,51125000.0,54.617117117117125,-6.2864077669902985,-1.4296655603778463,0.010204081632653184,0.02534467621948718
KO,2020-06-15,37.74,39.33,37.66,39.21,39.21,15622300,Consumer Goods,39.592,40.076,39.305,38.8816,39.58615498446242,39.264641497585785,0.3215134868766327,0.41428422301162987,38.61,21822700.0,41.83,19896700.0,39.43,17010700.0,53.084982537834705,-6.2634472866363815,-0.5579507988840993,0.015540015540015606,0.025800554736402845
KO,2020-06-16,40.27,40.38,39.11,39.6,39.6,18803500,Consumer Goods,39.288,40.1,39.398,38.938,39.58828498685281,39.28948286813498,0.29880211871783047,0.39118780215287,39.21,15622300.0,41.12,16713700.0,39.36,15255100.0,52.30769230769231,-3.696498054474695,0.6097560975609762,0.009946442234123998,0.025989239458387343
KO,2020-06-17,39.61,39.85,39.33,39.44,39.44,12602800,Consumer Goods,39.016,40.024,39.501,38.943599999999996,39.56547191195238,39.300632285310165,0.26483962664221394,0.3659181670507388,39.6,18803500.0,40.8,15716600.0,40.2,15508300.0,49.51807228915659,-3.3333333333333326,-1.8905472636816079,-0.0040404040404041774,0.024993599824224375
KO,2020-06-18,39.21,39.83,39.01,39.79,39.79,9380800,Consumer Goods,39.33,39.982,39.565000000000005,38.9588,39.60001469472894,39.33688174565756,0.26313294907138385,0.3453611234548678,39.44,12602800.0,38.22,26070400.0,40.21,13604700.0,53.73493975903613,4.107796964939814,-1.0445162894802351,0.008874239350912916,0.02521305358598592
KO,2020-06-19,40.45,40.47,38.97,38.97,38.97,30464600,Consumer Goods,39.402,39.759,39.618,38.9356,39.50308935707834,39.30970532005329,0.19338403702504792,0.31496570616890385,39.79,9380800.0,38.61,21822700.0,41.2,20504800.0,47.40406320541761,0.932400932400923,-5.412621359223313,-0.020608193013319953,0.02419113127364321
KO,2020-06-22,38.98,39.08,38.43,38.73,38.73,20876200,Consumer Goods,39.306,39.449,39.665,38.8878,39.38415253291244,39.26676418523453,0.11738834767790962,0.27545023447070505,38.97,30464600.0,39.21,15622300.0,41.83,19896700.0,46.51162790697674,-1.2241775057383442,-7.410949079607942,-0.00615858352578913,0.023090532290390518
KO,2020-06-23,38.95,39.2,38.6,38.65,38.65,14675300,Consumer Goods,39.116,39.202,39.663500000000006,38.873200000000004,39.27120598938745,39.22107794929123,0.05012804009621874,0.2303857955958078,38.73,20876200.0,39.6,18803500.0,41.12,16713700.0,40.628778718258744,-2.3989898989899006,-6.006809338521402,-0.0020655822359927356,0.022885779001459872
KO,2020-06-24,38.42,38.48,37.68,37.81,37.81,17631800,Consumer Goods,38.79,38.903,39.5935,38.8084,39.04640506794322,39.11655365675114,-0.07014858880791763,0.17027891871506273,38.65,14675300.0,39.44,12602800.0,40.8,15716600.0,36.81318681318682,-4.132860040567943,-7.328431372549005,-0.021733505821474708,0.02342983723889456
KO,2020-06-25,37.66,38.09,37.28,38.05,38.05,13829700,Consumer Goods,38.442,38.886,39.519999999999996,38.7704,38.89311198056734,39.03754968217697,-0.14443770160963254,0.10733559465012368,37.81,17631800.0,39.79,9380800.0,38.22,26070400.0,31.137724550898156,-4.372958029655694,-0.44479330193616384,0.006347527109230144,0.012986267562422344
KO,2020-06-26,38.04,38.11,36.84,36.9,36.9,21955100,Consumer Goods,38.028,38.714999999999996,39.4065,38.717800000000004,38.58647936817236,38.879212668682385,-0.29273330051002233,0.027321815618094485,38.05,13829700.0,38.97,30464600.0,38.61,21822700.0,22.20969560315669,-5.311778290993074,-4.428904428904435,-0.030223390275952666,0.01539773713864226
KO,2020-06-29,37.26,37.74,36.88,37.56,37.56,17603900,Consumer Goods,37.794,38.55,39.313,38.6624,38.428559465376615,38.78149321174295,-0.35293374636633246,-0.04872929677879091,36.9,21955100.0,38.73,20876200.0,39.21,15622300.0,29.818594104308417,-3.020914020139409,-4.20811017597551,0.017886178861788782,0.015749387509517987
KO,2020-06-30,37.47,37.96,37.29,37.84,37.84,23679800,Consumer Goods,37.632000000000005,38.374,39.237,38.6382,38.33801185531867,38.71175297383606,-0.373741118517394,-0.11373166112651154,37.56,17603900.0,38.65,14675300.0,39.6,18803500.0,33.14350797266519,-2.095730918499339,-4.444444444444439,0.007454739084132189,0.015519131957809962
KO,2020-07-01,38.05,38.55,37.86,37.95,37.95,14316500,Consumer Goods,37.660000000000004,38.225,39.1245,38.6356,38.27831772373118,38.655326827625984,-0.3770091038948067,-0.1663871496801706,37.84,23679800.0,37.81,17631800.0,39.44,12602800.0,47.86053882725835,0.3702724147051084,-3.7778904665314306,0.0029069767441860517,0.015692878976488297
KO,2020-07-02,38.35,38.47,37.94,38.0,38.0,15111900,Consumer Goods,37.65,38.046,39.013999999999996,38.629,38.23549961238792,38.606784099653694,-0.37128448726577545,-0.2073666171972916,37.95,14316500.0,38.05,13829700.0,39.79,9380800.0,44.89112227805696,-0.13140604467805073,-4.498617743151545,0.0013175230566533358,0.01519235438404406
KO,2020-07-06,38.22,38.33,37.78,38.3,38.3,15146000,Consumer Goods,37.93000000000001,37.979,38.869,38.6386,38.24542274894362,38.584059351531195,-0.33863660258757733,-0.23362061427534875,38.0,15111900.0,36.9,21955100.0,38.97,30464600.0,41.97530864197527,3.7940379403794022,-1.719271234282782,0.007894736842105177,0.014489373494566067
KO,2020-07-07,38.11,38.53,37.94,38.28,38.28,13043600,Consumer Goods,38.074,37.934,38.6915,38.6418,38.25074232602922,38.561536436602964,-0.3107941105737453,-0.24905531353502808,38.3,15146000.0,37.56,17603900.0,38.73,20876200.0,37.54716981132073,1.9169329073482455,-1.1618900077459249,-0.0005221932114881644,0.014403327145660498
KO,2020-07-08,38.22,38.26,37.66,38.17,38.17,13851200,Consumer Goods,38.14,37.886,38.544000000000004,38.62,38.23832042971703,38.53253373759534,-0.2942133078783087,-0.2580869124036842,38.28,13043600.0,37.84,23679800.0,38.65,14675300.0,37.904761904761905,0.8720930232558155,-1.241914618369977,-0.002873563218390829,0.014411773317261012
KO,2020-07-09,38.15,38.15,37.12,37.18,37.18,16087100,Consumer Goods,37.986000000000004,37.823,38.363,38.5792,38.075501902068254,38.43234605332902,-0.3568441512607663,-0.27783836017510066,38.17,13851200.0,37.95,14316500.0,37.81,17631800.0,27.843803056027113,-2.0289855072463836,-1.6662258661729767,-0.025936599423631135,0.015122401659327059
KO,2020-07-10,37.16,38.32,37.14,38.23,38.23,15627800,Consumer Goods,38.032,37.840999999999994,38.3635,38.553000000000004,38.0992708402116,38.41735745678613,-0.31808661657452575,-0.2858880114549857,37.18,16087100.0,38.0,15111900.0,38.05,13829700.0,43.95424836601304,0.605263157894731,0.47306176084098706,0.02824098977945133,0.017752837808258093
KO,2020-07-13,38.55,38.68,38.07,38.32,38.32,16705300,Consumer Goods,38.036,37.983000000000004,38.349000000000004,38.5492,38.133229172486736,38.41014579332049,-0.27691662083375235,-0.28409373333073906,38.23,15627800.0,38.3,15146000.0,36.9,21955100.0,46.56616415410387,0.05221932114882755,3.848238482384825,0.002354172116139308,0.014072778619833363
KO,2020-07-14,38.03,38.9,37.83,38.84,38.84,17080100,Consumer Goods,38.147999999999996,38.111000000000004,38.3305,38.5606,38.24196314595032,38.44198684566712,-0.20002369971679457,-0.2672797266079502,38.32,16705300.0,38.28,13043600.0,37.56,17603900.0,51.48205928237134,1.4629049111807735,3.407880724174661,0.013569937369519947,0.013655199353669661
KO,2020-07-15,39.21,39.96,39.12,39.29,39.29,23738000,Consumer Goods,38.372,38.256,38.315,38.5888,38.40319958503488,38.50480263487696,-0.10160304984207613,-0.23414439125477537,38.84,17080100.0,38.17,13851200.0,37.84,23679800.0,62.29235880398671,2.9342415509562514,3.8319238900634156,0.011585993820803164,0.013851221493052613
KO,2020-07-16,39.17,39.54,38.9,39.08,39.08,13306100,Consumer Goods,38.751999999999995,38.369,38.297,38.6084,38.50732272579875,38.5474098471083,-0.04008712130954706,-0.19533293726572973,39.29,23738000.0,37.18,16087100.0,37.95,14316500.0,58.59766277128549,5.110274341043564,2.977602108036881,-0.005344871468567103,0.014156336512700436
KO,2020-07-17,39.35,39.72,39.06,39.65,39.65,13899800,Consumer Goods,39.036,38.534,38.29,38.6504,38.68311922952202,38.629083191766945,0.05403603775507548,-0.1454591422615687,39.08,13306100.0,38.23,15627800.0,38.0,15111900.0,75.41589648798524,3.7143604499084493,4.3421052631578805,0.014585465711361323,0.014593171798352376
KO,2020-07-20,39.56,39.66,38.83,39.05,39.05,16633200,Consumer Goods,39.182,38.608999999999995,38.294,38.6828,38.73956242498017,38.66026221459902,0.07930021038114887,-0.10050727173302519,39.65,13899800.0,38.32,16705300.0,38.3,15146000.0,63.92523364485978,1.905010438413357,1.9582245430809442,-0.015132408575031508,0.015744025738269142
KO,2020-07-21,40.24,40.64,39.74,39.97,39.97,25681500,Consumer Goods,39.408,38.778000000000006,38.356,38.708400000000005,38.92886051344476,38.75727982833243,0.17158068511233182,-0.0460896803639538,39.05,16633200.0,38.84,17080100.0,38.28,13043600.0,67.77963272120198,2.9093717816683684,4.414838035527691,0.023559539052496747,0.017090577512708403
KO,2020-07-22,40.59,41.09,39.82,41.05,41.05,29831200,Consumer Goods,39.760000000000005,39.065999999999995,38.476,38.765,39.25518966522249,38.92711095215965,0.32807871306283687,0.028743998321404333,39.97,25681500.0,39.29,23738000.0,38.17,13851200.0,72.27011494252872,4.479511326037144,7.545192559601777,0.027020265198899107,0.01824085502651465
KO,2020-07-23,41.04,41.13,40.67,40.88,40.88,15935000,Consumer Goods,40.12,39.436,38.6295,38.8304,39.50516048595749,39.07176940014782,0.43339108580966723,0.10967341581905693,41.05,29831200.0,39.08,13306100.0,37.18,16087100.0,70.3389830508475,4.605936540429889,9.951586874663798,-0.004141291108404221,0.014782639084902783
KO,2020-07-24,40.99,41.32,40.71,41.06,41.06,16196800,Consumer Goods,40.402,39.718999999999994,38.78,38.9142,39.74436656504095,39.21904574087762,0.5253208241633303,0.19280289748791163,40.88,15935000.0,39.65,13899800.0,38.23,15627800.0,69.8275862068966,3.5561160151324156,7.40256343185981,0.0044031311154599795,0.013295170822254381
KO,2020-07-27,40.8,41.08,40.8,41.05,41.05,17346500,Consumer Goods,40.802,39.992,38.9875,39.001799999999996,39.945233247342344,39.354671982294086,0.5905612650482581,0.27235457099998095,41.06,16196800.0,39.05,16633200.0,38.32,16705300.0,69.92805755395679,5.121638924455829,7.124217118997911,-0.000243546030199826,0.013426104654673313
KO,2020-07-28,40.93,41.73,40.73,40.8,40.8,13872700,Consumer Goods,40.968,40.188,39.1495,39.0918,40.07673582467429,39.46173331693897,0.6150025077353192,0.3408841583470486,41.05,17346500.0,39.97,25681500.0,38.84,17080100.0,68.54724964739066,2.0765574180635404,5.046343975283207,-0.006090133982947665,0.01378943433547374
KO,2020-07-29,40.76,41.07,40.49,40.66,40.66,13758100,Consumer Goods,40.89,40.325,39.290499999999994,39.1502,40.16646877472439,39.55049381198052,0.61597496274387,0.39590231922641295,40.8,13872700.0,41.05,29831200.0,39.29,23738000.0,77.88461538461536,-0.9500609013398331,3.4868923390175555,-0.0034313725490195957,0.013812652115270631
KO,2020-07-30,40.37,40.84,39.97,40.38,40.38,17276500,Consumer Goods,40.79,40.455,39.41199999999999,39.2102,40.1993197324591,39.61193871479678,0.5873810176623238,0.43419805891359514,40.66,13758100.0,40.88,15935000.0,39.08,13306100.0,69.65265082266916,-1.2230919765166326,3.3265097236438113,-0.006886374815543439,0.013930656044051613
KO,2020-07-31,40.17,40.45,39.57,40.0,40.0,14849200,Consumer Goods,40.577999999999996,40.49,39.512,39.24,40.16865515823462,39.6406839951822,0.5279711630524204,0.4529526797413602,40.38,17276500.0,41.06,16196800.0,39.65,13899800.0,64.58333333333334,-2.5815879201169123,0.8827238335435084,-0.009410599306587497,0.013849477704401354
KO,2020-08-03,39.92,40.1,39.15,39.21,39.21,14137500,Consumer Goods,40.209999999999994,40.506,39.5575,39.266,40.021169749275444,39.60878147702056,0.41238827225488706,0.4448397982440656,40.0,14849200.0,41.05,17346500.0,39.05,16633200.0,53.06799336650081,-4.4823386114494435,0.40973111395647965,-0.019749999999999934,0.014507171267777848
KO,2020-08-04,39.2,39.68,39.14,39.54,39.54,11717200,Consumer Goods,39.958,40.463,39.6205,39.301,39.9471436340023,39.603686552796816,0.3434570812054858,0.42456325483634966,39.21,14137500.0,40.8,13872700.0,39.97,25681500.0,52.115059221658214,-3.088235294117647,-1.075806855141359,0.008416220351950887,0.012482005085664766
KO,2020-08-05,39.71,40.03,39.64,39.99,39.99,10498700,Consumer Goods,39.824,40.357000000000006,39.7115,39.3272,39.95373692107887,39.63230236370076,0.32143455737811166,0.40393751534470207,39.54,11717200.0,40.66,13758100.0,41.05,29831200.0,57.39837398373987,-1.6478111165764697,-2.582216808769777,0.011380880121396153,0.009101528013902542
KO,2020-08-06,39.51,40.25,39.46,40.21,40.21,10745000,Consumer Goods,39.790000000000006,40.290000000000006,39.863,39.3472,39.993162010143664,39.67509478120441,0.3180672289392561,0.3867634580636129,39.99,10498700.0,40.38,17276500.0,40.88,15935000.0,54.82758620689657,-0.42100049529470995,-1.6389432485322986,0.00550137534383599,0.00942233004189143
KO,2020-08-07,40.2,40.71,39.98,40.48,40.48,11669700,Consumer Goods,39.886,40.232000000000006,39.9755,39.3664,40.068060162429255,39.73471739000408,0.3333427724251763,0.3760793209359256,40.21,10745000.0,40.0,14849200.0,41.06,16196800.0,63.0712979890311,1.200000000000001,-1.4125669751583136,0.006714747575230051,0.009612704945786487
KO,2020-08-10,40.7,40.88,40.36,40.41,40.41,11888000,Consumer Goods,40.126,40.168,40.08,39.3912,40.12066629128629,39.78473832407785,0.3359279672084412,0.3680490501904287,40.48,11669700.0,39.21,14137500.0,41.05,17346500.0,54.761904761904745,3.0604437643458215,-1.5590742996345885,-0.0017292490118576698,0.009604668649933468
KO,2020-08-11,41.04,41.2,40.39,40.59,40.59,16531600,Consumer Goods,40.336,40.147000000000006,40.167500000000004,39.4144,40.19287147724225,39.84438733710912,0.3484841401331309,0.36413606817896915,40.41,11888000.0,39.54,11717200.0,40.8,13872700.0,43.81720430107535,2.655538694992421,-0.5147058823529282,0.0044543429844099425,0.009627006017725395
KO,2020-08-12,40.9,41.23,40.75,41.01,41.01,9562200,Consumer Goods,40.54,40.182,40.2535,39.4474,40.318583557666514,39.93072901584178,0.387854541824737,0.36887976290812274,40.59,16531600.0,39.99,10498700.0,40.66,13758100.0,51.63727959697727,2.550637659414834,0.8607968519429354,0.010347376201034653,0.010129626642934923
KO,2020-08-13,40.87,41.26,40.7,40.97,40.97,9882900,Consumer Goods,40.69199999999999,40.241,40.348,39.4628,40.41880147187167,40.00771205170535,0.41108942016632,0.3773216943597622,41.01,9562200.0,40.21,10745000.0,40.38,17276500.0,48.82506527415139,1.8900770952499313,1.4611193660227784,-0.0009753718605217676,0.009791343344628278
KO,2020-08-14,40.93,41.23,40.67,41.03,41.03,10075800,Consumer Goods,40.802,40.344,40.417,39.4792,40.51283201466064,40.08343708491236,0.42939492974827687,0.38773634143746516,40.97,9882900.0,40.48,11669700.0,40.0,14849200.0,49.74226804123717,1.3586956521739246,2.574999999999994,0.0014644862094215227,0.009018969703268351
KO,2020-08-17,40.92,41.28,40.82,40.82,40.82,9102400,Consumer Goods,40.884,40.505,40.5055,39.471599999999995,40.560088627789774,40.13799730084478,0.42209132694499374,0.3946073385389709,41.03,10075800.0,40.41,11888000.0,39.21,14137500.0,50.26041666666671,1.0146003464489128,4.1060953838306435,-0.005118206190592223,0.0054896698267634545
KO,2020-08-18,40.82,41.07,40.61,41.0,41.0,9829000,Consumer Goods,40.965999999999994,40.650999999999996,40.557,39.455,40.6277673004375,40.201849352634056,0.42591794780344117,0.40086946039186494,40.82,9102400.0,40.59,16531600.0,39.54,11717200.0,54.381443298969124,1.0101010101009944,3.692463328275175,0.004409603135717699,0.00527734816938153
KO,2020-08-19,40.75,40.97,39.99,40.11,40.11,17371000,Consumer Goods,40.786,40.663,40.51,39.4348,40.54811079267788,40.19504569688339,0.3530650957944914,0.3913085874723903,41.0,9829000.0,41.01,9562200.0,39.99,10498700.0,46.993318485523346,-2.194586686174105,0.30007501875468634,-0.02170731707317075,0.008969496400797113
KO,2020-08-20,40.03,40.31,39.88,40.1,40.1,11308700,Consumer Goods,40.612,40.652,40.471,39.4208,40.47917067072744,40.18800527489203,0.2911653958354137,0.371279949144995,40.11,17371000.0,40.97,9882900.0,40.21,10745000.0,51.21359223300973,-2.123505003661208,-0.2735637901019605,-0.0002493143854399582,0.008783970843803765
KO,2020-08-21,40.09,40.22,39.77,40.04,40.04,14734100,Consumer Goods,40.414,40.608,40.42,39.4572,40.41160595215399,40.17704192119632,0.23456403095767087,0.34393676550753016,40.1,11308700.0,41.03,10075800.0,40.48,11669700.0,62.24188790560469,-2.4128686327077764,-1.0869565217391242,-0.0014962593516210099,0.008438727713342668
KO,2020-08-24,40.16,40.63,39.95,40.62,40.62,9257700,Consumer Goods,40.374,40.629000000000005,40.3985,39.4974,40.44366657489953,40.209853630737335,0.2338129441621959,0.3219120012384633,40.04,14734100.0,40.82,9102400.0,40.41,11888000.0,64.83516483516482,-0.48995590396865296,0.5196733481811489,0.014485514485514495,0.009751536093433
KO,2020-08-25,40.65,40.69,40.35,40.57,40.57,7827800,Consumer Goods,40.288,40.627,40.387,39.5246,40.46310248645345,40.2365311395716,0.22657134688184755,0.30284387036714017,40.62,9257700.0,41.0,9829000.0,40.59,16531600.0,58.950617283950606,-1.048780487804879,-0.04927322000493062,-0.0012309207287050095,0.009664702461469754
KO,2020-08-26,40.44,40.8,40.2,40.78,40.78,10124200,Consumer Goods,40.422000000000004,40.604,40.393,39.5482,40.511855950076,40.27678809219593,0.23506785788006823,0.2892886678697258,40.57,7827800.0,40.11,17371000.0,41.01,9562200.0,58.823529411764724,1.670406382448264,-0.5608388198000358,0.005176238599950755,0.009175066629516821
KO,2020-08-27,40.86,41.34,40.82,40.84,40.84,10931600,Consumer Goods,40.57000000000001,40.591,40.416000000000004,39.5762,40.56233965006431,40.31850749277401,0.24383215729029928,0.2801973657538405,40.78,10124200.0,40.1,11308700.0,40.97,9882900.0,55.96026490066236,1.8453865336658382,-0.31730534537465216,0.0014713094654241754,0.009194299467853564
KO,2020-08-28,41.28,42.21,41.1,42.2,42.2,16420300,Consumer Goods,41.001999999999995,40.708,40.525999999999996,39.6244,40.81428739620826,40.45787730812408,0.35641008808417496,0.2954399102199074,40.84,10931600.0,40.04,14734100.0,41.03,10075800.0,70.76566125290029,5.394605394605412,2.8515720204728368,0.033300685602350555,0.014079332560261233
KO,2020-08-31,42.17,42.4,41.79,41.94,41.94,18510800,Consumer Goods,41.266000000000005,40.82,40.6625,39.6838,40.98747395063776,40.56766417418897,0.4198097764487869,0.32031388346568335,42.2,16420300.0,40.62,9257700.0,40.82,9102400.0,65.37585421412294,3.2496307237813937,2.7437530622243855,-0.006161137440758413,0.014149051324069031
KO,2020-09-01,41.76,41.79,41.35,41.59,41.59,12588400,Consumer Goods,41.47,40.879,40.765,39.741,41.08017026592426,40.64339275387868,0.43677751204558035,0.34360660918166275,41.94,18510800.0,40.57,7827800.0,41.0,9829000.0,56.71296296296302,2.5141730342617796,1.4390243902439037,-0.008345255126370854,0.014556838993427959
KO,2020-09-02,41.8,43.49,41.8,43.35,43.35,26332600,Consumer Goods,41.983999999999995,41.202999999999996,40.93300000000001,39.835,41.42937484039745,40.843882179517294,0.5854926608801563,0.39198381952136147,41.59,12588400.0,40.78,10124200.0,40.11,17371000.0,69.70198675496691,6.302108876900436,8.077786088257287,0.04231786487136335,0.01706716014116657
KO,2020-09-03,43.53,44.15,42.42,42.75,42.75,22289400,Consumer Goods,42.366,41.468,41.06,39.9338,41.63254794187477,40.98507609214564,0.6474718497291292,0.4430814255629151,43.35,26332600.0,40.84,10931600.0,40.1,11308700.0,63.06990881458967,4.6767874632712925,6.608478802992512,-0.01384083044982698,0.018288130726078426
KO,2020-09-04,43.14,43.58,42.58,43.22,43.22,21019500,Consumer Goods,42.57,41.786,41.196999999999996,40.037200000000006,41.876771335432494,41.15062601124596,0.7261453241865325,0.4996942052876386,42.75,22289400.0,42.2,16420300.0,40.04,14734100.0,67.5438596491228,2.417061611374405,7.942057942057934,0.010994152046783556,0.018101767882598353
KO,2020-09-08,43.13,43.22,41.8,42.18,42.18,17776700,Consumer Goods,42.618,41.94199999999999,41.2855,40.142799999999994,41.923421899212116,41.22687593633885,0.696545962873266,0.5390645568047641,43.22,21019500.0,41.94,18510800.0,40.62,9257700.0,57.66233766233766,0.5722460658083017,3.840472673559825,-0.02406293382693192,0.020473045895287853
KO,2020-09-09,42.0,42.98,41.96,42.5,42.5,15252300,Consumer Goods,42.8,42.135000000000005,41.381,40.2416,42.01212622241025,41.32118142253597,0.6909447998742806,0.5694406054186674,42.18,17776700.0,41.59,12588400.0,40.57,7827800.0,66.76016830294532,2.1880259677807157,4.757209760907077,0.007586533902323334,0.020414341370049136
KO,2020-09-10,42.64,42.92,42.3,42.34,42.34,15439500,Consumer Goods,42.598,42.291000000000004,41.447500000000005,40.3316,42.06256834203944,41.396649465311086,0.6659188767283553,0.588736259680605,42.5,15252300.0,43.35,26332600.0,40.78,10124200.0,65.38461538461542,-2.3298731257208716,3.8254046101029893,-0.0037647058823528923,0.020593168655338886
KO,2020-09-11,42.68,43.36,42.42,43.24,43.24,18272300,Consumer Goods,42.696000000000005,42.531,41.56099999999999,40.437400000000004,42.24371167403338,41.533193949362115,0.7105177246712628,0.6130925526787365,42.34,15439500.0,42.75,22289400.0,40.84,10931600.0,69.70443349753698,1.1461988304093618,5.876591576885404,0.021256495040151036,0.021267998773011054
KO,2020-09-14,43.51,43.73,43.17,43.29,43.29,10911700,Consumer Goods,42.71,42.64,41.674,40.5432,42.40467910879747,41.66332773089084,0.741351377906625,0.6387443177243142,43.24,18272300.0,43.22,21019500.0,42.2,16420300.0,67.58893280632415,0.16196205460434765,2.5829383886255775,0.001156336725254281,0.01897698743251265
KO,2020-09-15,43.54,43.86,43.4,43.58,43.58,12838400,Consumer Goods,42.989999999999995,42.804,41.812,40.6488,42.58549770744401,41.80530345452856,0.7801942529154502,0.6670343047625414,43.29,10911700.0,42.18,17776700.0,41.94,18510800.0,69.22094508301406,3.3191085822664723,3.91034811635671,0.006699006699006693,0.0187430499777451
KO,2020-09-16,43.49,43.92,43.31,43.36,43.36,15353900,Consumer Goods,43.162,42.98100000000001,41.93,40.7504,42.70465190629878,41.92046616160052,0.7841857446982559,0.6904645927496843,43.58,12838400.0,42.5,15252300.0,41.59,12588400.0,66.45408163265307,2.023529411764713,4.2558307285404995,-0.005048187241854074,0.01852954638943286
KO,2020-09-17,42.87,43.22,42.63,43.15,43.15,13287100,Consumer Goods,43.324,42.961,42.082,40.85,42.77316699763743,42.01154274222271,0.7616242554147235,0.7046965252826921,43.36,15353900.0,42.34,15439500.0,43.35,26332600.0,64.45556946182728,1.9130845536135865,-0.46136101499424376,-0.004843173431734349,0.01294728870095051
KO,2020-09-18,43.32,43.67,42.86,43.07,43.07,23816600,Consumer Goods,43.29,42.993,42.2305,40.9678,42.81883361338552,42.08994698353954,0.7288866298459808,0.70953454619535,43.15,13287100.0,43.24,18272300.0,42.75,22289400.0,56.48286140089418,-0.3931544865865,0.7485380116958984,-0.0018539976825028281,0.012089767102342197
KO,2020-09-21,42.47,42.7,41.5,41.91,41.91,17514800,Consumer Goods,43.013999999999996,42.862,42.324,41.0414,42.679013057480056,42.07661757735143,0.602395480128628,0.6881067329820055,43.07,23816600.0,43.29,10911700.0,43.22,21019500.0,49.80289093298291,-3.1878031878031954,-3.031004164738549,-0.026932899930346088,0.014289528991264391
KO,2020-09-22,41.92,42.72,41.89,42.39,42.39,13034600,Consumer Goods,42.775999999999996,42.883,42.4125,41.1228,42.63454951017543,42.09983109014021,0.5347184200352189,0.6574290703926482,41.91,17514800.0,43.58,12838400.0,42.18,17776700.0,55.16795865633073,-2.7306103717301466,0.4978662873399653,0.01145311381531866,0.012803883598744074
KO,2020-09-23,42.45,42.61,41.12,41.15,41.15,17121200,Consumer Goods,42.333999999999996,42.748000000000005,42.441500000000005,41.169,42.40615727784075,42.02947323161131,0.3766840462294354,0.6012800655600057,42.39,13034600.0,43.36,15353900.0,42.5,15252300.0,34.764542936288066,-5.096863468634694,-3.176470588235303,-0.029252182118424175,0.015563273732281375
KO,2020-09-24,41.15,41.91,40.6,41.57,41.57,16788100,Consumer Goods,42.017999999999994,42.671,42.481,41.2146,42.277517696634476,41.99543817741788,0.2820795192165946,0.5374399562913235,41.15,17121200.0,43.15,13287100.0,42.34,15439500.0,41.61931818181819,-3.661645422943216,-1.818611242324053,0.010206561360874833,0.016115576691684917
KO,2020-09-25,41.15,41.62,40.96,41.59,41.59,12603400,Consumer Goods,41.722,42.506,42.5185,41.264799999999994,42.1717457433061,41.965405719831374,0.20634002347472347,0.47121996972800345,41.57,16788100.0,43.07,23816600.0,43.24,18272300.0,37.632776934749664,-3.4362665428372297,-3.815911193339494,0.00048111618955992697,0.014029100402251752
KO,2020-09-28,42.09,42.44,41.95,42.07,42.07,11215700,Consumer Goods,41.754000000000005,42.384,42.512,41.313199999999995,42.15609255202824,41.97315344428831,0.1829391077399336,0.4135637973303895,41.59,12603400.0,41.91,17514800.0,43.29,10911700.0,49.087893864013274,0.381770460510622,-2.8182028182028196,0.011541235874008127,0.014799429825090945
KO,2020-09-29,42.16,42.31,41.75,41.76,41.76,12426600,Consumer Goods,41.628,42.202,42.503,41.367399999999996,42.09515523633159,41.95736430026695,0.13779093606463988,0.3584092250772396,42.07,11215700.0,42.39,13034600.0,43.58,12838400.0,43.85382059800663,-1.4861995753715607,-4.176227627351992,-0.007368671262182103,0.014465773942453668
KO,2020-09-30,42.06,42.36,41.74,42.14,42.14,15755900,Consumer Goods,41.826,42.08,42.5305,41.4108,42.102054430742115,41.97089287061755,0.1311615601245677,0.31295969208670527,41.76,12426600.0,41.15,17121200.0,43.36,15353900.0,48.39743589743588,2.4058323207776455,-2.8136531365313577,0.00909961685823757,0.015049505011346248
KO,2020-10-01,42.2,42.39,41.48,41.98,41.98,17577300,Consumer Goods,41.908,41.963,42.461999999999996,41.429399999999994,42.083276826012565,41.97156747279403,0.11170935321853648,0.2727096243130715,42.14,15755900.0,41.57,16788100.0,43.15,13287100.0,38.54545454545453,0.9862881885975394,-2.7114716106604875,-0.0037968675842431354,0.015036943625895133
KO,2020-10-02,41.62,42.32,41.44,42.14,42.14,13610100,Consumer Goods,42.017999999999994,41.87,42.4315,41.4546,42.09200346816448,41.98404395629077,0.10795951187370889,0.239759601825199,41.98,17577300.0,41.59,12603400.0,43.07,23816600.0,39.75044563279863,1.322433277230095,-2.159275597863941,0.0038113387327298742,0.015176024447345888
KO,2020-10-05,42.2,42.3,41.93,42.15,42.15,10628700,Consumer Goods,42.034,41.89399999999999,42.378,41.47639999999999,42.10092601152378,41.996336996565525,0.10458901495825756,0.21272548445181075,42.14,13610100.0,42.07,11215700.0,41.91,17514800.0,36.58536585365858,0.1901592583788858,0.5726556907659219,0.00023730422401513351,0.012411717269895824
KO,2020-10-06,42.3,42.45,41.68,41.78,41.78,10077400,Consumer Goods,42.038,41.833,42.358,41.49100000000001,42.051552778981666,41.98031203385697,0.07124074512469747,0.18442853658638808,42.15,10628700.0,41.76,12426600.0,42.39,13034600.0,35.583941605839485,0.047892720306519365,-1.439018636470868,-0.008778173190984506,0.012098463788633645
KO,2020-10-07,41.85,42.48,41.79,42.31,42.31,10135600,Consumer Goods,42.072,41.949,42.3485,41.5212,42.09131388990756,42.00473336468237,0.08658052522518744,0.16485893431414797,41.78,10077400.0,42.14,15755900.0,41.15,17121200.0,42.75862068965523,0.4034171808258158,2.818955042527338,0.012685495452369633,0.00790650367334801
KO,2020-10-08,42.44,43.14,42.29,43.08,43.08,12143900,Consumer Goods,42.291999999999994,42.1,42.3855,41.5696,42.243419445306394,42.084382745076276,0.15903670023011784,0.16369448749734195,42.31,10135600.0,41.98,17577300.0,41.57,16788100.0,50.077041602465314,2.6202953787517913,3.632427231176316,0.018199007326872962,0.009057283185445839
KO,2020-10-09,43.25,43.73,43.19,43.37,43.37,11407800,Consumer Goods,42.538,42.278,42.392,41.629400000000004,42.416739530643866,42.1796136528484,0.23712587779546368,0.1783807655569663,43.08,12143900.0,42.14,13610100.0,41.59,12603400.0,62.98932384341635,2.9188419553868084,4.279874969944686,0.006731662024141105,0.00903292177022278
KO,2020-10-12,43.4,43.99,43.39,43.61,43.61,11386500,Consumer Goods,42.83,42.432,42.408,41.7016,42.60031806439097,42.28556819708186,0.3147498673091107,0.20565458590739522,43.37,11407800.0,42.15,10628700.0,42.07,11215700.0,61.33828996282525,3.4638196915776964,3.660565723793674,0.005533779109983872,0.00868622298803447
KO,2020-10-13,43.53,43.53,42.6,42.87,42.87,14365300,Consumer Goods,43.048,42.543,42.3725,41.7748,42.64180759294621,42.32885944174246,0.31294815120374864,0.2271132989666659,43.61,11386500.0,41.78,10077400.0,41.76,12426600.0,67.62295081967208,2.608903781713723,2.6580459770114917,-0.016968585186883822,0.010399112989528616
KO,2020-10-14,42.73,43.1,42.38,42.79,42.79,10582100,Consumer Goods,43.144,42.608,42.344,41.839800000000004,42.66460642480064,42.36301800161339,0.30158842318724766,0.24200832381078224,42.87,14365300.0,42.31,10135600.0,42.14,15755900.0,63.43612334801759,1.1344835736232461,1.542477456098723,-0.001866106834616188,0.010223096064642778
KO,2020-10-15,42.17,42.79,42.09,42.67,42.67,9961700,Consumer Goods,43.062,42.677,42.32000000000001,41.89339999999999,42.66543620560054,42.38575740890129,0.2796787966992511,0.24954241838847604,42.79,10582100.0,43.08,12143900.0,41.98,17577300.0,61.63793103448273,-0.9517177344475325,1.6436398284897624,-0.0028043935498948125,0.01016978723715918
KO,2020-10-16,42.67,42.98,42.57,42.71,42.71,13569800,Consumer Goods,42.93,42.734,42.302,41.943400000000004,42.67229217396969,42.40977537861231,0.26251679535737793,0.2521372937822564,42.67,9961700.0,43.37,11407800.0,42.14,13610100.0,57.61904761904762,-1.5217892552455536,1.352634076886572,0.0009374267635340328,0.010143379302032157
KO,2020-10-19,42.71,43.09,42.22,42.36,42.36,9930400,Consumer Goods,42.67999999999999,42.755,42.3245,41.981,42.6242472241282,42.406088313529914,0.21815891059828374,0.24534161714546188,42.71,13569800.0,43.61,11386500.0,42.15,10628700.0,57.07547169811322,-2.8663150653519875,0.4982206405693912,-0.00819480215406232,0.010590538139203338
KO,2020-10-20,42.59,43.21,42.5,42.9,42.9,10970700,Consumer Goods,42.68599999999999,42.867000000000004,42.35,42.0308,42.66667072810848,42.44267436437955,0.22399636372892928,0.24107256646215536,42.36,9930400.0,42.87,14365300.0,41.78,10077400.0,58.63636363636361,0.06997900629810427,2.6807084729535635,0.012747875354107707,0.010671759465664768
KO,2020-10-21,42.65,43.05,42.49,42.67,42.67,12517400,Consumer Goods,42.662,42.903,42.426,42.07240000000001,42.6671829237841,42.45951330035144,0.2076696234326576,0.23439197785625582,42.9,10970700.0,42.79,10582100.0,42.31,10135600.0,57.718120805369196,-0.28043935498948125,0.8508626802174346,-0.005361305361305302,0.010315515693410948
KO,2020-10-22,43.68,43.71,43.01,43.26,43.26,20189200,Consumer Goods,42.78,42.92100000000001,42.5105,42.117399999999996,42.75838555089423,42.51880861143651,0.23957693945772007,0.23542897017654868,42.67,12517400.0,42.67,9961700.0,43.08,12143900.0,61.428571428571445,1.3827044762127816,0.41782729805013297,0.013827044762127816,0.00956608864525735
KO,2020-10-23,43.54,43.69,43.08,43.13,43.13,13491300,Consumer Goods,42.864,42.897000000000006,42.5875,42.1606,42.81555700460281,42.5640820476264,0.2514749569764092,0.2386381675365208,43.26,20189200.0,42.71,13569800.0,43.37,11407800.0,59.76095617529889,0.9833762584874783,-0.5533779109983761,-0.0030050855293572987,0.009349683428085877
KO,2020-10-26,42.97,43.12,42.0,42.51,42.51,14696400,Consumer Goods,42.89399999999999,42.787,42.609500000000004,42.1902,42.76854823466391,42.56007597002445,0.208472264639461,0.23260498695710885,43.13,13491300.0,42.36,9930400.0,43.61,11386500.0,56.92599620493357,0.3541076487252104,-2.522357257509744,-0.014375144910735105,0.010014500873140425
KO,2020-10-27,42.52,42.93,42.3,42.6,42.6,13892100,Consumer Goods,42.834,42.76,42.651500000000006,42.2258,42.74261773702331,42.563033305578195,0.1795844314451145,0.22200087585470998,42.51,14696400.0,42.9,10970700.0,42.87,14365300.0,53.00207039337474,-0.6993006993006978,-0.6298110566829829,0.0021171489061397875,0.008682065835773295
KO,2020-10-28,41.83,41.96,40.79,40.94,40.94,19886200,Consumer Goods,42.488,42.575,42.591499999999996,42.2246,42.465291931327414,42.4428086162761,0.022483315051310626,0.18209736369403012,42.6,13892100.0,42.67,12517400.0,42.79,10582100.0,31.293706293706293,-4.054370752284986,-4.323440056087879,-0.03896713615023484,0.014949388689581433
KO,2020-10-29,40.74,41.39,40.38,40.99,40.99,15369900,Consumer Goods,42.034000000000006,42.407,42.542,42.242200000000004,42.238323941892425,42.33519316321862,-0.09686922132619458,0.12630404668998518,40.94,19886200.0,43.26,20189200.0,42.67,9961700.0,28.284671532846772,-5.24734165510864,-3.937192406843215,0.001221299462628389,0.015048249763959682
KO,2020-10-30,40.81,41.08,40.44,41.03,41.03,15804000,Consumer Goods,41.614,42.239000000000004,42.48649999999999,42.260799999999996,42.05242795083205,42.23851218816539,-0.18608423733333979,0.06382638988532019,40.99,15369900.0,43.13,13491300.0,42.71,13569800.0,25.56818181818184,-4.869000695571534,-3.933505033949891,0.0009758477677481725,0.015049628417582924
KO,2020-11-02,41.62,41.79,41.18,41.5,41.5,15156100,Consumer Goods,41.412,42.153000000000006,42.45399999999999,42.29,41.96743903531943,42.18380758163462,-0.21636854631518787,0.007787402645218579,41.03,15804000.0,42.51,14696400.0,42.36,9930400.0,36.32734530938126,-2.375911550223475,-2.030217186024552,0.01145503290275407,0.015695710597993563
KO,2020-11-03,42.02,42.65,41.83,42.13,42.13,15285100,Consumer Goods,41.318,42.076,42.4715,42.32019999999999,41.992448414501055,42.17982183484687,-0.18737342034581417,-0.031244761952987973,41.5,15156100.0,42.6,13892100.0,42.9,10970700.0,44.06474820143888,-1.1032863849765207,-1.7948717948717885,0.015180722891566356,0.015965150467325485
KO,2020-11-04,42.2,42.86,41.9,41.97,41.97,12930800,Consumer Goods,41.524,42.006,42.454499999999996,42.348200000000006,41.98899481227012,42.164279476710064,-0.17528466443994262,-0.0600527424503789,42.13,15285100.0,40.94,19886200.0,42.67,12517400.0,43.749999999999986,2.5158768930141795,-1.6404968361846795,-0.0037977688108237206,0.015932858711420368
KO,2020-11-05,42.48,42.86,42.12,42.2,42.2,12452400,Consumer Goods,41.766,41.9,42.4105,42.376599999999996,42.02145714884394,42.166925441398206,-0.14546829255426275,-0.07713585247115567,41.97,12930800.0,40.99,15369900.0,43.26,20189200.0,45.59585492227982,2.951939497438394,-2.4503005085529272,0.005480104836788291,0.015242214416422683
KO,2020-11-06,42.38,42.67,42.04,42.21,42.21,9294900,Consumer Goods,42.002,41.808,42.3525,42.403999999999996,42.050463741329494,42.170116149442784,-0.11965240811328925,-0.0856391635995824,42.2,12452400.0,41.03,15804000.0,43.13,13491300.0,48.62385321100919,2.8759444309042204,-2.133086019012287,0.00023696682464446894,0.01526170759048511
KO,2020-11-09,44.82,45.47,44.45,44.88,44.88,33442000,Consumer Goods,42.678,42.045,42.416000000000004,42.4576,42.485777011894186,42.370848286521095,0.1149287253730904,-0.04552558580504784,42.21,9294900.0,41.5,15156100.0,42.51,14696400.0,63.06068601583114,8.144578313253014,5.575158786167966,0.06325515280739169,0.024957885845174204
KO,2020-11-10,44.88,46.34,44.77,46.08,46.08,29706700,Consumer Goods,43.468,42.393,42.576499999999996,42.5404,43.03873439467969,42.64560026529731,0.393134129382382,0.04220635723243813,44.88,33442000.0,42.13,15285100.0,42.6,13892100.0,69.94152046783621,9.375741751720845,8.169014084507031,0.026737967914438387,0.025764813364029727
KO,2020-11-11,46.04,46.35,45.53,45.74,45.74,17399900,Consumer Goods,44.222,42.873000000000005,42.724000000000004,42.623400000000004,43.45431371857512,42.87481506046047,0.5794986581146517,0.14966481740888085,46.08,29706700.0,41.97,12930800.0,40.94,19886200.0,64.93975903614458,8.9826066237789,11.724474841231093,-0.007378472222222099,0.02080063433307156
KO,2020-11-12,45.29,45.42,44.91,45.25,45.25,15024400,Consumer Goods,44.83200000000001,43.299,42.852999999999994,42.6614,43.73057314648664,43.05075468561155,0.6798184608750901,0.2556955461021227,45.74,17399900.0,42.2,12452400.0,40.99,15369900.0,62.24018475750574,7.2274881516587675,10.392778726518648,-0.010712724092697856,0.021765443644331244
KO,2020-11-13,45.46,45.67,45.15,45.63,45.63,12447900,Consumer Goods,45.516000000000005,43.759,42.999,42.718999999999994,44.022792662411774,43.241809894084774,0.7809827683270001,0.3607529905470982,45.25,15024400.0,42.21,9294900.0,41.03,15804000.0,68.52731591448931,8.102345415778256,11.211308798440168,0.008397790055248766,0.021543514585459594
KO,2020-11-16,46.52,46.63,45.48,45.97,45.97,14908200,Consumer Goods,45.734,44.206,43.179500000000004,42.77400000000001,44.32236302204073,43.443898050078495,0.8784649719622379,0.46429538683012617,45.63,12447900.0,44.88,33442000.0,41.5,15156100.0,69.43483275663203,2.4286987522281533,10.77108433734939,0.007451238220469003,0.02156894308855496
KO,2020-11-17,45.81,45.88,45.27,45.82,45.82,14248400,Consumer Goods,45.682,44.575,43.3255,42.846799999999995,44.552768710957544,43.619905601924536,0.9328631090330077,0.5580089312707025,45.97,14908200.0,46.08,29706700.0,42.13,15285100.0,84.07821229050279,-0.5642361111111049,8.758604319962027,-0.0032629976071351097,0.02190869412641326
KO,2020-11-18,45.88,46.11,44.87,44.91,44.91,15278200,Consumer Goods,45.516000000000005,44.86900000000001,43.4375,42.895,44.607727370810224,43.715468149930125,0.8922592208800992,0.6248589891925819,45.82,14248400.0,45.74,17399900.0,41.97,12930800.0,74.43890274314211,-1.8146042850896493,7.0050035739814165,-0.019860323003055513,0.023456131571410865
KO,2020-11-19,44.81,45.44,44.35,45.35,45.35,17189500,Consumer Goods,45.535999999999994,45.184,43.542,42.955200000000005,44.721923159916344,43.83654458326863,0.8853785766477102,0.6769629066836076,44.91,15278200.0,45.25,15024400.0,42.2,12452400.0,75.65320665083132,0.22099447513812542,7.464454976303303,0.009797372522823533,0.02346407341423324
KO,2020-11-20,45.41,45.46,44.89,44.96,44.96,15645600,Consumer Goods,45.402,45.459,43.6335,42.9896,44.75855036608306,43.91976350302651,0.8387868630565478,0.7093276979581957,45.35,17189500.0,45.63,12447900.0,42.21,9294900.0,70.74340527577935,-1.4683322375630081,6.515043828476674,-0.008599779492833526,0.023928387827938866
KO,2020-11-23,45.2,45.39,44.56,44.97,44.97,13191900,Consumer Goods,45.202,45.468,43.7565,43.023199999999996,44.79108107899336,43.99755879909862,0.7935222798947379,0.7261666143455041,44.96,15645600.0,45.97,14908200.0,44.88,33442000.0,68.39378238341965,-2.1753317380900583,0.20053475935828402,0.00022241992882565675,0.013268429677802167
KO,2020-11-24,45.36,45.75,45.26,45.43,45.43,13827600,Consumer Goods,45.124,45.403000000000006,43.897999999999996,43.0602,44.889376297609765,44.10366555472094,0.7857107428888241,0.7380754400541681,44.97,13191900.0,45.82,14248400.0,46.08,29706700.0,71.57107231920199,-0.8511567001309506,-1.410590277777779,0.010229041583277754,0.010307177344894537
KO,2020-11-25,45.3,45.48,45.06,45.18,45.18,10194800,Consumer Goods,45.178,45.347,44.11,43.096599999999995,44.93408763643903,44.18339403214902,0.7506936042900136,0.7405990729013373,45.43,13827600.0,44.91,15278200.0,45.74,17399900.0,68.5323383084577,0.6012024048096309,-1.2243113248797566,-0.005502971604666507,0.010202261586916034
KO,2020-11-27,45.34,45.41,44.91,44.99,44.99,8499300,Consumer Goods,45.106,45.321000000000005,44.31,43.133399999999995,44.942689538525336,44.243142622360196,0.69954691616514,0.7323886415540979,45.18,10194800.0,45.35,17189500.0,45.25,15024400.0,66.90997566909977,-0.7938257993384767,-0.574585635359115,-0.0042054006197431715,0.009723249578468918
KO,2020-11-30,44.82,44.9,43.95,44.39,44.39,43203600,Consumer Goods,44.992000000000004,45.197,44.478,43.159800000000004,44.85766037875221,44.25402094662981,0.6036394321223995,0.7066387996677583,44.99,8499300.0,44.96,15645600.0,45.63,12447900.0,46.01626016260161,-1.2677935943060548,-2.7175104098181024,-0.013336296954878923,0.009931917669203134
KO,2020-12-01,44.86,45.02,44.56,44.77,44.77,18968800,Consumer Goods,44.952,45.077,44.6415,43.217,44.84417416663648,44.29224161724982,0.551932549386656,0.6756975496115379,44.39,43203600.0,44.97,13191900.0,45.97,14908200.0,37.71106941838655,-0.44474093840336515,-2.6103980857080655,0.008560486596080219,0.010063298518377478
KO,2020-12-02,44.65,44.85,44.43,44.83,44.83,14913100,Consumer Goods,44.832,44.977999999999994,44.776500000000006,43.2658,44.84199352561548,44.33207557152761,0.509917954087868,0.6425416305068039,44.77,18968800.0,45.43,13827600.0,45.82,14248400.0,40.99009900990096,-1.3207131851199705,-2.160628546486254,0.001340183158364816,0.01013441929561715
KO,2020-12-03,44.65,45.55,44.65,45.41,45.41,17318900,Consumer Goods,44.878,45.028000000000006,44.9485,43.35099999999999,44.92937913705925,44.411921825488534,0.5174573115707162,0.6175247667195864,44.83,14913100.0,45.18,10194800.0,44.91,15278200.0,51.556420233463015,0.5090748118636412,1.1133377866844762,0.012937764889582759,0.009005074830729827
KO,2020-12-04,45.41,46.35,45.39,46.33,46.33,18122400,Consumer Goods,45.146,45.126,45.155,43.4462,45.144859269819364,44.554001690267164,0.5908575795521998,0.6121913292861092,45.41,17318900.0,44.99,8499300.0,45.35,17189500.0,56.16197183098588,2.978439653256282,2.160970231532522,0.020259854657564524,0.010590378985651551
KO,2020-12-07,46.25,46.27,45.34,45.59,45.59,16210900,Consumer Goods,45.386,45.189,45.324,43.526199999999996,45.21334245907792,44.630742305802926,0.5826001532749956,0.6062730940838865,46.33,18122400.0,44.39,43203600.0,44.96,15645600.0,46.875000000000036,2.7033115566569066,1.4012455516014377,-0.01597237211310154,0.011630562557904123
KO,2020-12-08,45.55,46.01,45.42,45.75,45.75,12485800,Consumer Goods,45.58200000000001,45.267,45.36749999999999,43.599799999999995,45.29590515768132,44.713650283150855,0.582254874530463,0.6014694501732019,45.59,16210900.0,44.77,18968800.0,44.97,13191900.0,49.42528735632183,2.1889658253294586,1.7344896597731863,0.003509541566132812,0.011638359021645645
KO,2020-12-09,45.92,46.11,45.6,45.88,45.88,11508400,Consumer Goods,45.792,45.312,45.3575,43.6822,45.38576590265342,44.80004655847302,0.5857193441803972,0.598319428974641,45.75,12485800.0,44.83,14913100.0,45.43,13827600.0,59.13370998116768,2.342181574838298,0.9905348888399779,0.0028415300546449362,0.01127127576706702
KO,2020-12-10,45.94,46.04,45.58,45.64,45.64,12097300,Consumer Goods,45.838,45.358,45.352500000000006,43.7522,45.42487884070674,44.86226533191947,0.5626135087872726,0.5911782449371673,45.88,11508400.0,45.41,17318900.0,45.18,10194800.0,52.83757338551858,0.5064963664391131,1.0181496237273047,-0.005231037489102031,0.011254042226622305
KO,2020-12-11,45.43,46.06,45.41,45.9,45.9,10638100,Consumer Goods,45.752,45.449,45.385000000000005,43.830600000000004,45.49797440367493,44.939134566592095,0.5588398370828358,0.584710563366301,45.64,12097300.0,46.33,18122400.0,44.99,8499300.0,59.437751004016064,-0.9281243254910421,2.0226717048232867,0.005696757230499561,0.011173602480138899
KO,2020-12-14,46.16,46.32,45.75,45.83,45.83,22292000,Consumer Goods,45.8,45.593,45.394999999999996,43.904399999999995,45.54905526464802,45.00512459869638,0.5439306659516348,0.5765545838833678,45.9,10638100.0,45.59,16210900.0,44.39,43203600.0,58.53174603174603,0.5264312349199329,3.24397386798827,-0.0015250544662309684,0.009919036111131875
KO,2020-12-15,46.28,46.65,46.11,46.32,46.32,16193700,Consumer Goods,45.914,45.748000000000005,45.4125,43.98780000000001,45.667662147009864,45.10252277657072,0.565139370439141,0.5742715411945224,45.83,22292000.0,45.75,12485800.0,44.77,18968800.0,58.77712031558187,1.2459016393442601,3.4621398257761893,0.010691686668121259,0.010067791475207347
KO,2020-12-16,46.11,46.29,45.55,45.65,45.65,15679600,Consumer Goods,45.867999999999995,45.83,45.404,44.065200000000004,45.664944893623726,45.143076644972886,0.5218682486508399,0.5637908826857859,46.32,16193700.0,45.88,11508400.0,44.83,14913100.0,54.28051001821493,-0.5013077593722826,1.829132277492751,-0.014464594127806651,0.011565756494732822
KO,2020-12-17,45.86,46.21,45.73,45.83,45.83,12677300,Consumer Goods,45.906,45.872,45.45,44.135600000000004,45.69033798691239,45.193959856456374,0.49637813045601575,0.5503083322398319,45.65,15679600.0,45.64,12097300.0,45.41,17318900.0,57.66423357664231,0.4163014899211115,0.9249064082801128,0.003943044906900228,0.010942736800974264
KO,2020-12-18,45.67,46.32,45.27,46.24,46.24,35480100,Consumer Goods,45.974000000000004,45.863,45.4945,44.1988,45.774901373541255,45.27144431153368,0.5034570620075769,0.5409380781933809,45.83,12677300.0,45.9,10638100.0,46.33,18122400.0,67.48582230623819,0.7407407407407529,-0.19425857975393646,0.008946105171285357,0.009168319540682692
KO,2020-12-21,45.32,45.6,44.72,45.43,45.43,14926600,Consumer Goods,45.894000000000005,45.846999999999994,45.518,44.24,45.72183962376568,45.283189177345996,0.4386504464196861,0.520480551838642,46.24,35480100.0,45.83,22292000.0,45.59,16210900.0,55.76923076923074,-0.8727907484180619,-0.3509541566133034,-0.01751730103806237,0.00947241526120183
KO,2020-12-22,45.43,45.75,45.07,45.39,45.39,9689500,Consumer Goods,45.708,45.811,45.539,44.275600000000004,45.67078737395558,45.29110109013518,0.3796862838203978,0.49232169823499317,45.43,14926600.0,46.32,16193700.0,45.75,12485800.0,54.912280701754405,-2.0077720207253846,-0.7868852459016362,-0.0008804754567466322,0.009376927909156061
KO,2020-12-23,45.56,45.93,45.55,45.67,45.67,7040300,Consumer Goods,45.712,45.79,45.551,44.33160000000001,45.670666239500875,45.319167676051094,0.3514985634497805,0.46415707127795064,45.39,9689500.0,45.65,15679600.0,45.88,11508400.0,52.40740740740746,0.04381161007667167,-0.45771578029643045,0.006168759638687016,0.00957545272555513
KO,2020-12-24,45.62,46.07,45.62,45.98,45.98,3265500,Consumer Goods,45.742000000000004,45.824,45.590999999999994,44.3954,45.718256048808435,45.36811821856583,0.3501378302426019,0.44135322307088093,45.67,7040300.0,45.83,12677300.0,45.64,12097300.0,46.346555323590806,0.3272965306567732,0.7449605609114673,0.0067878257061526615,0.009658030468758747
KO,2020-12-28,46.33,46.84,46.23,46.6,46.6,9020500,Consumer Goods,45.814,45.894000000000005,45.671499999999995,44.474000000000004,45.85390896437637,45.45936872089429,0.3945402434820835,0.4319906271531215,45.98,3265500.0,46.24,35480100.0,45.9,10638100.0,60.81370449678797,0.7785467128027745,1.5250544662309462,0.013484123531970482,0.010384716868833032
KO,2020-12-29,46.85,46.88,46.48,46.57,46.57,8320600,Consumer Goods,46.041999999999994,45.968,45.7805,44.5512,45.96407681601078,45.541637704531745,0.42243911147903646,0.43008032401830454,46.6,9020500.0,45.43,14926600.0,45.83,22292000.0,59.030837004405264,2.509355051727935,1.6146628845734368,-0.0006437768240343811,0.010359303345741961
KO,2020-12-30,46.5,47.0,46.48,46.84,46.84,8142700,Consumer Goods,46.332,46.019999999999996,45.884,44.6408,46.0988342289322,45.63781268938124,0.4610215395509556,0.4362685671248348,46.57,8320600.0,45.39,9689500.0,46.32,16193700.0,60.256410256410234,3.1945362414628864,1.1226252158894612,0.0057977238565600775,0.00999393144801276
KO,2020-12-31,46.85,47.26,46.69,47.18,47.18,8495000,Consumer Goods,46.634,46.173,46.0015,44.72639999999999,46.26516742448109,45.752048786464115,0.5131186380169765,0.4516385813032632,46.84,8142700.0,45.67,7040300.0,45.65,15679600.0,66.10878661087864,3.306328005255077,3.3515881708652717,0.0072587532023911105,0.008463590842576814
KO,2021-01-04,46.69,47.0,44.76,45.39,45.39,25611100,Consumer Goods,46.516,46.129,46.0005,44.7808,46.13052628225323,45.72523035783714,0.4052959244160874,0.44237004992582807,47.18,8495000.0,45.98,3265500.0,45.83,12677300.0,45.95879556259907,-1.28316659417137,-0.9600698232598681,-0.037939805002119575,0.015536588085832206
KO,2021-01-05,45.02,45.27,44.76,44.89,44.89,20323800,Consumer Goods,46.174,45.99400000000001,45.9285,44.8134,45.9396760849835,45.6633614424418,0.27631464254170623,0.40915896844900373,45.39,25611100.0,46.6,9020500.0,46.24,35480100.0,43.026706231454035,-3.6695278969957057,-2.919550173010388,-0.011015642211940957,0.015419495652917198
KO,2021-01-06,44.71,44.76,43.18,43.46,43.46,38724500,Consumer Goods,45.55200000000001,45.797000000000004,45.822,44.82,45.55818745652451,45.500149483742405,0.05803797278210254,0.33893476931562355,44.89,20323800.0,46.57,8320600.0,45.43,14926600.0,31.380208333333357,-6.678118960704316,-4.336341624477214,-0.03185564713744704,0.017465798886272404
KO,2021-01-07,43.09,43.24,42.6,42.98,42.98,53225700,Consumer Goods,44.78,45.556000000000004,45.6835,44.82940000000001,45.16154323244382,45.313471744205934,-0.1519285117621152,0.24076211310007578,43.46,38724500.0,46.84,8142700.0,45.39,9689500.0,32.1762349799733,-8.240819812126398,-5.30953954615555,-0.011044638748274327,0.01754132311949907
KO,2021-01-08,43.04,43.99,42.88,43.95,43.95,29674000,Consumer Goods,44.134,45.384,45.587,44.856399999999994,44.975151965914,45.21247383722771,-0.23732187131371063,0.1451453162173185,42.98,53225700.0,47.18,8495000.0,45.67,7040300.0,38.647342995169126,-6.84612123781263,-3.7661484563170533,0.022568636575151402,0.01940080935946988
KO,2021-01-11,43.55,43.76,42.97,43.19,43.19,19304400,Consumer Goods,43.694,45.105000000000004,45.4645,44.901399999999995,44.70051320192723,45.06266096039603,-0.3621477584688009,0.04368670128009462,43.95,29674000.0,45.39,25611100.0,45.98,3265500.0,32.32908458864428,-4.84688257325403,-6.067855589386683,-0.017292377701934147,0.019454248006046847
KO,2021-01-12,43.05,43.34,42.81,43.11,43.11,18538700,Consumer Goods,43.338,44.75600000000001,45.325,44.9438,44.45581886316919,44.9180194077741,-0.46220054460491156,-0.05749074789690661,43.19,19304400.0,44.89,20323800.0,46.6,9020500.0,35.31645569620255,-3.965248384940967,-7.4892703862661,-0.001852280620514013,0.018312618556816512
KO,2021-01-13,43.0,43.33,42.97,43.16,43.16,18864100,Consumer Goods,43.278,44.415,45.191500000000005,44.986399999999996,44.25646211498932,44.78779574793898,-0.5313336329496607,-0.15225932490745744,43.11,18538700.0,43.46,38724500.0,46.57,8320600.0,35.90391908975978,-0.690289921767151,-7.3223105003221045,0.001159823706796459,0.018397448591408593
KO,2021-01-14,43.16,43.17,42.35,42.35,42.35,34303600,Consumer Goods,43.152,43.966,44.993,45.00339999999999,43.963160251144814,44.60721828512869,-0.6440580339838746,-0.25061906672274087,43.16,18864100.0,42.98,53225700.0,46.84,8142700.0,30.331753554502384,-1.4657980456025954,-9.58582408198122,-0.01876737720111199,0.01807339798416582
KO,2021-01-15,42.29,42.31,41.75,41.9,41.9,24366800,Consumer Goods,42.742000000000004,43.438,44.8055,44.9988,43.64575098173792,44.40668359734138,-0.7609326156034584,-0.35268177649888444,42.35,34303600.0,43.95,29674000.0,47.18,8495000.0,26.22377622377627,-4.664391353811159,-11.191182704535818,-0.010625737898465215,0.017044819173846766
KO,2021-01-19,41.93,42.19,41.5,41.74,41.74,29114500,Consumer Goods,42.452,43.073,44.601,44.9942,43.35255852300901,44.209151479019795,-0.8565929560107861,-0.45346401240126477,41.9,24366800.0,43.19,19304400.0,45.39,25611100.0,20.073891625615786,-3.357258624681625,-8.041418814716895,-0.0038186157517898778,0.014412996594228684
KO,2021-01-20,41.76,42.0,41.56,41.88,41.88,23115800,Consumer Goods,42.206,42.772000000000006,44.382999999999996,44.98780000000001,43.1260110579307,44.036621739833144,-0.9106106819024475,-0.5448933463015013,41.74,29114500.0,43.11,18538700.0,44.89,20323800.0,21.506682867557743,-2.8531663187195466,-6.7052795722878145,0.0033540967896501517,0.014817758211339719
KO,2021-01-21,41.97,42.23,41.69,42.11,42.11,19702500,Consumer Goods,41.996,42.637,44.217,44.9858,42.9697016644029,43.89390901836402,-0.9242073539611226,-0.6207561478334256,41.88,23115800.0,43.16,18864100.0,43.46,38724500.0,21.12332112332109,-2.432808155699717,-3.1063046479521406,0.00549188156638003,0.012298217169507606
KO,2021-01-22,41.99,42.11,41.72,41.72,41.72,15400300,Consumer Goods,41.870000000000005,42.510999999999996,44.033500000000004,44.9226,42.77743986987937,43.732878720707426,-0.9554388508280525,-0.687692688432351,42.11,19702500.0,42.35,34303600.0,42.98,53225700.0,16.868932038834956,-1.4876033057851346,-2.931596091205202,-0.009261458085965346,0.012182326784619803
KO,2021-01-25,41.66,42.02,41.5,41.97,41.97,16604200,Consumer Goods,41.884,42.313,43.848499999999994,44.8404,42.653218351436394,43.60229511176614,-0.9490767603297456,-0.7399695028118299,41.72,15400300.0,41.9,24366800.0,43.95,29674000.0,24.4776119402985,0.16706443914080715,-4.505119453924921,0.005992329817833264,0.009058345127744049
KO,2021-01-26,42.08,42.5,41.82,42.41,42.41,12922600,Consumer Goods,42.017999999999994,42.235,43.67,44.773799999999994,42.6158001435231,43.51397695533902,-0.8981768118159152,-0.771610964612647,41.97,16604200.0,41.74,29114500.0,43.19,19304400.0,31.32530120481924,1.6051748921897424,-1.8059736050011654,0.010483678818203446,0.008979235119840782
KO,2021-01-27,42.06,42.43,41.49,41.75,41.75,21242400,Consumer Goods,41.992,42.099000000000004,43.4275,44.703799999999994,42.48260012144263,43.38331199568428,-0.9007118742416509,-0.7974311465384478,42.41,12922600.0,41.88,23115800.0,43.11,18538700.0,35.434412265758084,-0.3104106972301901,-3.1547204824866615,-0.015562367366187102,0.009981494179834963
KO,2021-01-28,41.89,42.59,41.82,42.29,42.29,17498900,Consumer Goods,42.028,42.012,43.213499999999996,44.637,42.45296933352837,43.30232592192989,-0.8493565884015197,-0.8078162349110622,41.75,21242400.0,42.11,19702500.0,43.16,18864100.0,44.182124789207435,0.42745191165993734,-2.0157553290083396,0.012934131736527021,0.01117069518574779
KO,2021-01-29,42.18,42.26,41.39,41.43,41.43,18670300,Consumer Goods,41.970000000000006,41.92,42.943,44.5462,42.295589436062464,43.16363511289804,-0.8680456768355782,-0.8198621232959655,42.29,17498900.0,41.72,15400300.0,42.35,34303600.0,28.350515463917446,-0.6951102588686475,-2.1723730814639963,-0.020335776779380477,0.011440371247735316
KO,2021-02-01,41.53,41.89,41.45,41.71,41.71,12183600,Consumer Goods,41.91799999999999,41.900999999999996,42.6695,44.464000000000006,42.205498753591314,43.055958437868554,-0.8504596842772401,-0.8259816354922205,41.43,18670300.0,41.97,16604200.0,41.9,24366800.0,36.142322097378255,-0.619490111984744,-0.4534606205250591,0.0067583876418055855,0.01132700931569709
KO,2021-02-02,41.98,42.46,41.84,42.12,42.12,13319800,Consumer Goods,41.86,41.939,42.506,44.408199999999994,42.19234509919265,42.98662818321162,-0.7942830840189714,-0.8196419251975707,41.71,12183600.0,42.41,12922600.0,41.74,29114500.0,41.26984126984122,-0.6838009903324616,0.9103977000479047,0.0098297770318867,0.011685436076182443
KO,2021-02-03,42.11,42.23,41.87,41.96,41.96,12274100,Consumer Goods,41.902,41.946999999999996,42.359500000000004,44.3404,42.15659969931686,42.91058165112187,-0.7539819518050166,-0.80650993051906,42.12,13319800.0,41.75,21242400.0,41.88,23115800.0,39.61937716262976,0.5029940119760434,0.19102196752625034,-0.003798670465337106,0.011741961433607949
KO,2021-02-04,42.12,42.22,41.86,42.17,42.17,20597400,Consumer Goods,41.878,41.952999999999996,42.295,44.2846,42.158661284037336,42.855723751038774,-0.6970624670014374,-0.7846204378155355,41.96,12274100.0,42.29,17498900.0,42.11,19702500.0,48.262548262548265,-0.2837550248285581,0.14248397055331985,0.0050047664442325335,0.011718801547533422
KO,2021-02-05,42.59,42.83,42.39,42.72,42.72,12742000,Consumer Goods,42.135999999999996,42.053000000000004,42.282,44.2396,42.245021086493125,42.84567013985071,-0.6006490533575857,-0.7478261609239456,42.17,20597400.0,41.43,18670300.0,41.72,15400300.0,57.765151515151544,3.1136857349746583,2.396931927133261,0.013042447237372468,0.011838899125101339
KO,2021-02-08,42.98,43.16,42.58,42.95,42.95,17833200,Consumer Goods,42.384,42.150999999999996,42.232,44.19,42.3534793808788,42.85339827763955,-0.49991889676074663,-0.6982447080913058,42.72,12742000.0,41.71,12183600.0,41.97,16604200.0,61.3084112149533,2.9729081754974906,2.3350011913271462,0.00538389513108628,0.011820133494928536
KO,2021-02-09,42.89,43.03,42.7,42.76,42.76,14592900,Consumer Goods,42.512,42.186,42.2105,44.1416,42.41602101458976,42.846479886703285,-0.43045887211352607,-0.6446875408957499,42.95,17833200.0,42.12,13319800.0,42.41,12922600.0,58.14814814814812,1.5194681861348647,0.8252770572978019,-0.004423748544819639,0.01162210614652304
KO,2021-02-10,43.37,43.52,42.61,42.67,42.67,22965400,Consumer Goods,42.653999999999996,42.278000000000006,42.1885,44.095200000000006,42.45509470465287,42.83340730250304,-0.3783125978501687,-0.5914125522866337,42.76,14592900.0,41.96,12274100.0,41.75,21242400.0,55.32319391634984,1.6920877025738745,2.203592814371258,-0.0021047708138446364,0.010198139744207014
KO,2021-02-11,42.85,43.52,42.85,43.28,43.28,21928600,Consumer Goods,42.876,42.376999999999995,42.1945,44.073,42.58200321162935,42.86648824305837,-0.28448503142902126,-0.5300270481151113,42.67,22965400.0,42.17,20597400.0,42.29,17498900.0,64.2335766423358,2.632202987906096,2.3409789548356708,0.014295758143894943,0.01036468240760001
KO,2021-02-12,43.51,43.75,43.35,43.61,43.61,13137100,Consumer Goods,43.054,42.595,42.2575,44.0498,42.74015656368638,42.92156318801701,-0.18140662433063426,-0.46030296335821586,43.28,21928600.0,42.72,12742000.0,41.43,18670300.0,64.74820143884897,2.083333333333326,5.261887521119957,0.0076247689463955215,0.006674902546869216
KO,2021-02-16,43.55,43.64,43.16,43.25,43.25,15093400,Consumer Goods,43.114,42.749,42.325,44.0182,42.81859401542693,42.94589184075649,-0.12729782532955625,-0.39370193575248397,43.61,13137100.0,42.95,17833200.0,41.71,12183600.0,57.66423357664238,0.6984866123399325,3.692160153440427,-0.00825498738821373,0.007859132569303076
KO,2021-02-17,43.02,43.44,42.92,43.13,43.13,12794300,Consumer Goods,43.188,42.85,42.3945,43.9726,42.86650262843818,42.95952948218193,-0.0930268537437513,-0.33356691935073746,43.25,15093400.0,42.76,14592900.0,42.12,13319800.0,63.96761133603244,0.8652946679139406,2.3979107312440684,-0.002774566473988327,0.007769901369298565
KO,2021-02-18,43.16,43.75,43.04,43.68,43.68,12747100,Consumer Goods,43.39,43.022000000000006,42.484500000000004,43.9196,42.99165607021692,43.012897668686975,-0.021241598470055578,-0.2711018551746011,43.13,12794300.0,42.67,22965400.0,41.96,12274100.0,64.04040404040407,2.3670025779235937,4.0991420400381395,0.012752144678877642,0.008060256743316448
KO,2021-02-19,43.7,43.73,42.99,43.11,43.11,15968800,Consumer Goods,43.35600000000001,43.116,42.534499999999994,43.87,43.00986282864508,43.02009043396942,-0.01022760532433864,-0.2189270052045486,43.68,12747100.0,43.28,21928600.0,42.17,20597400.0,68.02575107296141,-0.39279112754159184,2.2290728005691207,-0.013049450549450503,0.009682509121784103
KO,2021-02-22,42.89,43.77,42.73,43.56,43.56,14370900,Consumer Goods,43.346000000000004,43.2,42.6265,43.8262,43.09449931654584,43.06008373515687,0.03441558138896994,-0.1682584878858449,43.11,15968800.0,43.61,13137100.0,42.72,12742000.0,69.15113871635616,-0.11465260261407373,1.96629213483146,0.010438413361169241,0.009390595241609179
KO,2021-02-23,43.88,44.32,43.38,43.48,43.48,16222300,Consumer Goods,43.392,43.253,42.702000000000005,43.7782,43.15380711400033,43.09118864366377,0.06261847033655954,-0.12208309624136401,43.56,14370900.0,43.25,15093400.0,42.95,17833200.0,65.1111111111111,0.531791907514445,1.2339930151338718,-0.0018365472910928382,0.009378117900030236
KO,2021-02-24,43.35,43.79,43.13,43.63,43.63,14442000,Consumer Goods,43.492000000000004,43.339999999999996,42.763,43.738,43.227067558000286,43.13110059598497,0.09596696201531785,-0.07847308459002765,43.48,16222300.0,43.13,12794300.0,42.76,14592900.0,68.59688195991089,1.1592858798979755,2.034611786716578,0.003449862005519888,0.00917561656032153
KO,2021-02-25,43.42,43.66,43.0,43.16,43.16,14211100,Consumer Goods,43.388,43.388999999999996,42.8335,43.6832,43.216749472154085,43.133241292578674,0.08350817957541068,-0.04607683175693998,43.63,14442000.0,43.68,12747100.0,42.67,22965400.0,60.42105263157886,-1.1904761904761973,1.1483477853292623,-0.01077240430896187,0.009985751081343069
KO,2021-02-26,43.19,43.2,42.13,42.15,42.15,23638400,Consumer Goods,43.196,43.275999999999996,42.826499999999996,43.6096,43.05263416874577,43.06040860423951,-0.007774435493743681,-0.03841635250430072,43.16,14211100.0,43.11,15968800.0,43.28,21928600.0,44.529750479846456,-2.2268615170494055,-2.610905730129398,-0.02340129749768305,0.011489597259147137
KO,2021-03-01,42.54,43.4,42.5,42.93,42.93,13901200,Consumer Goods,43.07000000000001,43.208,42.901500000000006,43.541799999999995,43.03376737355411,43.050748707629175,-0.016981334075062193,-0.03412934881845302,42.15,23638400.0,43.56,14370900.0,43.61,13137100.0,49.826388888888864,-1.446280991735538,-1.5592753955514738,0.0185053380782918,0.012981891096142175
KO,2021-03-02,42.88,43.5,42.76,43.1,43.1,11755100,Consumer Goods,42.994,43.193,42.971,43.4908,43.04395700839194,43.054396951508494,-0.01043994311655183,-0.029391467678072783,42.93,13901200.0,43.48,16222300.0,43.25,15093400.0,52.96167247386762,-0.8739650413983391,-0.3468208092485492,0.003959934777544971,0.012849072724017765
KO,2021-03-03,42.78,43.5,42.77,43.0,43.0,15410700,Consumer Goods,42.868,43.18,43.015,43.434200000000004,43.037194391716255,43.05036754769305,-0.013173155976794249,-0.026147805337817076,43.1,11755100.0,43.63,14442000.0,43.13,12794300.0,52.86956521739128,-1.4439605775842357,-0.30141432877348606,-0.0023201856148492572,0.012840043211526887
KO,2021-03-04,43.28,43.96,42.69,42.97,42.97,22036400,Consumer Goods,42.83,43.108999999999995,43.0655,43.3688,43.02685679299068,43.04441439601208,-0.017557603021401746,-0.02442976487453401,43.0,15410700.0,43.16,14211100.0,43.68,12747100.0,47.001934235976776,-0.44022242817423063,-1.6254578754578808,-0.0006976744186046879,0.01200676977655183
KO,2021-03-05,43.06,43.83,42.93,43.7,43.7,21310800,Consumer Goods,43.14,43.168,43.142,43.33419999999999,43.130417286376726,43.09297629260377,0.037440993772953846,-0.012055613145036441,42.97,22036400.0,42.15,23638400.0,43.11,15968800.0,50.807899461400396,3.677342823250296,1.3685919740199504,0.016988596695368896,0.012561060791291151
KO,2021-03-08,44.28,45.16,44.02,44.43,44.43,25084900,Consumer Goods,43.44,43.254999999999995,43.2275,43.315,43.33035308847262,43.19201508574424,0.13833800272838204,0.018023110029647252,43.7,21310800.0,42.93,13901200.0,43.56,14370900.0,59.9326599326599,3.4940600978336844,1.997245179063345,0.016704805491990715,0.01320036214811579
KO,2021-03-09,44.5,44.63,43.72,43.76,43.76,23082700,Consumer Goods,43.571999999999996,43.283,43.268,43.276799999999994,43.396452613322985,43.23408804235577,0.16236457096721324,0.046891402217160455,44.43,25084900.0,43.1,11755100.0,43.48,16222300.0,54.853620955315826,1.5313225058004587,0.6439742410303539,-0.01507990096781453,0.014256572325713434
KO,2021-03-10,44.03,44.42,43.64,44.26,44.26,21331600,Consumer Goods,43.824,43.346000000000004,43.342999999999996,43.242399999999996,43.529306057427135,43.31008152069979,0.21922453672734576,0.08135802911919753,43.76,23082700.0,43.0,15410700.0,43.63,14442000.0,54.50310559006209,2.930232558139534,1.4439605775842246,0.011425959780621664,0.014643290619402664
KO,2021-03-11,44.23,44.25,43.71,43.77,43.77,17417700,Consumer Goods,43.983999999999995,43.407,43.398,43.1858,43.56633589474603,43.34414955620351,0.2221863385425209,0.1095236910038622,44.26,21331600.0,42.97,22036400.0,43.16,14211100.0,55.18867924528303,1.8617640214102948,1.4133456904541486,-0.0110709444193402,0.014671439237935792
KO,2021-03-12,43.89,43.97,43.55,43.69,43.69,17598600,Consumer Goods,43.982,43.561,43.4185,43.12820000000001,43.58536114170818,43.369768107595846,0.21559303411233088,0.13073755962555594,43.77,17417700.0,43.7,21310800.0,42.15,23638400.0,51.08514190317191,-0.022883295194520148,3.6536180308422317,-0.0018277358921636733,0.011933400299691461
KO,2021-03-15,43.81,44.35,43.78,44.27,44.27,13411900,Consumer Goods,43.95,43.69500000000001,43.451499999999996,43.076800000000006,43.69069019683,43.436451951477636,0.2542382453523615,0.15543769677091707,43.69,17598600.0,44.43,25084900.0,42.93,13901200.0,56.0862865947612,-0.3601170380373553,3.1213603540647616,0.013275349050126062,0.011308687078849576
KO,2021-03-16,44.42,44.69,44.28,44.43,44.43,14214200,Consumer Goods,44.084,43.827999999999996,43.5105,43.02179999999999,43.80443016654846,43.510048103220036,0.29438206332842043,0.18322657008241774,44.27,13411900.0,43.76,23082700.0,43.1,11755100.0,56.15384615384612,1.531078610603287,3.08584686774942,0.003614185678789239,0.01130641580720232
KO,2021-03-17,44.46,44.78,44.37,44.45,44.45,17502700,Consumer Goods,44.122,43.973,43.576499999999996,43.003,43.90374860246408,43.57967416964818,0.3240744328158982,0.21139614262911383,44.43,14214200.0,44.26,21331600.0,43.0,15410700.0,60.66115702479342,0.4292815183009502,3.372093023255829,0.00045014629754680513,0.011192181215240639
KO,2021-03-18,44.3,44.41,43.8,43.87,43.87,18007300,Consumer Goods,44.142,44.063,43.586,42.982600000000005,43.89855650977729,43.60117978671128,0.2973767230660158,0.22859225871649425,44.45,17502700.0,43.77,17417700.0,42.97,22036400.0,65.30249110320278,0.22846698652043695,2.0944845240865595,-0.01304836895388084,0.012316888485575092
KO,2021-03-19,43.77,44.31,43.52,44.08,44.08,67845700,Consumer Goods,44.220000000000006,44.101,43.6345,42.995,43.926470892888474,43.636647950658585,0.2898229422298897,0.24083839541917335,43.87,18007300.0,43.69,17598600.0,43.7,21310800.0,61.38613861386133,0.8926527809567375,0.8695652173912993,0.00478687029860958,0.011240140770980081
KO,2021-03-22,43.65,44.31,43.65,44.24,44.24,17911400,Consumer Goods,44.214,44.08200000000001,43.6685,43.020199999999996,43.974706140136405,43.681340695054246,0.2933654450821592,0.25134380535177053,44.08,67845700.0,44.27,13411900.0,44.43,25084900.0,61.309523809523775,-0.06776598147729684,-0.42763898266936495,0.003629764065335772,0.009878334066119382
KO,2021-03-23,44.23,44.81,44.1,44.58,44.58,16936700,Consumer Goods,44.244,44.164,43.723499999999994,43.03280000000001,44.067828272423114,43.74790805097615,0.31992022144696364,0.2650590885708092,44.24,17911400.0,44.43,14214200.0,43.76,23082700.0,64.96212121212115,0.33760972316001503,1.873857404021928,0.007685352622061492,0.008663934893017944
KO,2021-03-24,44.39,45.02,44.37,44.69,44.69,14997400,Consumer Goods,44.292,44.207,43.7765,43.062799999999996,44.163546999742636,43.81769263979273,0.34585435994990377,0.2812181428466281,44.58,16936700.0,44.45,17502700.0,44.26,21331600.0,66.04477611940294,0.5399325084364248,0.9715318572074194,0.0024674742036787656,0.00800683237476223
KO,2021-03-25,44.85,45.16,44.39,45.13,45.13,17091900,Consumer Goods,44.544,44.343,43.875,43.103199999999994,44.31223207670531,43.91490059240068,0.3973314843046296,0.3044408111382284,44.69,14997400.0,43.87,18007300.0,43.77,17417700.0,64.10256410256406,2.872122179165726,3.107151016678089,0.009845603043186602,0.007195134600427255
KO,2021-03-26,45.23,46.07,44.9,46.01,46.01,17126700,Consumer Goods,44.92999999999999,44.575,44.068,43.1602,44.573427141827565,44.07009314111174,0.5033340007158245,0.34421944905374763,45.13,17091900.0,44.08,67845700.0,43.69,17598600.0,65.13409961685818,4.378402903811263,5.310139620050358,0.019499224462663278,0.008599840835991858
KO,2021-03-29,45.74,46.79,45.73,46.72,46.72,17514100,Consumer Goods,45.426,44.82000000000001,44.2575,43.247600000000006,44.90366912000794,44.26638253806642,0.6372865819415168,0.40283287563130143,46.01,17126700.0,44.24,17911400.0,44.27,13411900.0,78.13688212927751,5.605786618444841,5.534221820646024,0.015431427950445498,0.008847678234965111
KO,2021-03-30,46.63,46.66,45.92,46.11,46.11,14871800,Consumer Goods,45.732,44.988,44.408,43.3318,45.08925848616056,44.40294679450595,0.686311691654609,0.45952863883596295,46.72,17514100.0,44.58,16936700.0,44.43,14214200.0,67.22532588454374,3.432032301480481,3.781228899392297,-0.01305650684931503,0.010621785238141591
KO,2021-03-31,46.0,46.13,45.54,45.73,45.73,15826500,Consumer Goods,45.94,45.116,44.544500000000006,43.4116,45.18783410367432,44.50124703194996,0.686587071724361,0.5049403254136425,46.11,14871800.0,44.69,14997400.0,44.45,17502700.0,68.63117870722421,2.327142537480409,2.8796400449943693,-0.008241162437649163,0.011259948380789928
KO,2021-04-01,45.94,46.11,45.51,45.55,45.55,15834700,Consumer Goods,46.024,45.284,44.673500000000004,43.48499999999999,45.24355193387827,44.578932436990705,0.6646194968875676,0.5368761597084275,45.73,15826500.0,45.13,17091900.0,43.87,18007300.0,67.35074626865668,0.9306448038998383,3.8294962388876197,-0.003936146949486075,0.01013880169213175
KO,2021-04-05,45.41,46.17,45.36,45.81,45.81,16368700,Consumer Goods,45.984,45.457,44.778999999999996,43.559000000000005,45.330697790204695,44.670122626843245,0.6605751633614503,0.5616159604390321,45.55,15834700.0,46.01,17126700.0,44.08,67845700.0,65.27777777777774,-0.43468811128014595,3.9246823956442967,0.0057080131723381555,0.010152825733528341
KO,2021-04-06,46.01,46.54,45.89,46.14,46.14,15614300,Consumer Goods,45.868,45.647,44.8645,43.6474,45.45520582248089,44.77900243226227,0.6762033902186246,0.5845334463949506,45.81,16368700.0,46.72,17514100.0,44.24,17911400.0,66.4107485604606,-1.2414383561643816,4.294755877034362,0.007203667321545426,0.010204896028332126
KO,2021-04-07,46.22,46.41,46.08,46.22,46.22,10062700,Consumer Goods,45.89,45.811,44.9875,43.7324,45.57286646517613,44.88574299283543,0.6871234723407014,0.6050514515841008,46.14,15614300.0,46.11,14871800.0,44.58,16936700.0,66.79316888045534,0.23855996530037782,3.6787797218483576,0.001733853489380044,0.0101564086851678
KO,2021-04-08,46.13,46.31,45.95,46.08,46.08,9695600,Consumer Goods,45.96,45.95,45.078500000000005,43.8058,45.650887008995184,44.97420647484763,0.6766805341475575,0.6193772680967922,46.22,10062700.0,45.73,15826500.0,44.69,14997400.0,72.87784679089026,0.7653619068445305,3.11031550682479,-0.0030289917784509512,0.0103748310229154
KO,2021-04-09,46.13,46.22,45.81,46.13,46.13,10828200,Consumer Goods,46.076,46.05,45.1965,43.8934,45.724596699919,45.0598208100441,0.6647758898748961,0.6284569924524129,46.08,9695600.0,45.55,15834700.0,45.13,17091900.0,71.94860813704497,1.2733260153677373,2.215820961666304,0.0010850694444446418,0.010109922029828374
KO,2021-04-12,46.26,46.46,46.06,46.28,46.28,8565300,Consumer Goods,46.17,46.077,45.326,43.973200000000006,45.81004336146992,45.150204453744536,0.659838907725387,0.6347333755070077,46.13,10828200.0,45.81,16368700.0,46.01,17126700.0,71.88841201716735,1.0259768609473863,0.5868289502282131,0.0032516800346844565,0.008142031310056566
KO,2021-04-13,46.01,46.23,45.81,46.06,46.06,11071700,Consumer Goods,46.154,46.010999999999996,45.4155,44.065799999999996,45.84849822893609,45.21759671643012,0.6309015125059645,0.6339670029067991,46.28,8565300.0,46.14,15614300.0,46.72,17514100.0,66.29955947136565,-0.1733853489380155,-1.4126712328767055,-0.004753673292999139,0.006369981651958975
KO,2021-04-14,45.96,46.14,45.67,46.05,46.05,9787600,Consumer Goods,46.12,46.005,45.4965,44.1526,45.879498501407454,45.27925621891678,0.6002422824906759,0.6272220588235745,46.06,11071700.0,46.22,10062700.0,46.11,14871800.0,65.31531531531527,-0.36780614452618376,-0.13012361743657275,-0.00021710811984376743,0.00487986654496542
KO,2021-04-15,46.09,46.55,46.08,46.26,46.26,13078100,Consumer Goods,46.15599999999999,46.058,45.587,44.2354,45.938037193498616,45.35190390640443,0.5861332870941851,0.6190043044776967,46.05,9787600.0,46.08,9695600.0,45.73,15826500.0,63.4204275534441,0.390625,1.158976601793138,0.004560260586319309,0.0041347911192737095
KO,2021-04-16,46.62,46.67,46.31,46.57,46.57,17974100,Consumer Goods,46.244,46.16,45.722,44.327600000000004,46.03526224065268,45.442133246670764,0.5931289939819138,0.6138292423785402,46.26,13078100.0,46.13,10828200.0,45.55,15834700.0,57.692307692307686,0.9538261435074746,2.2392974753018713,0.006701253782965821,0.004045213035041197
KO,2021-04-19,46.85,47.16,46.24,46.85,46.85,19352900,Consumer Goods,46.358,46.263999999999996,45.8605,44.4212,46.160606511321504,45.5464196728433,0.6141868384782043,0.6139007615984731,46.57,17974100.0,46.28,8565300.0,45.81,16368700.0,52.02492211838009,1.2316335350043284,2.2702466710325275,0.0060124543697659405,0.00407537676130197
KO,2021-04-20,46.71,47.36,46.68,46.99,46.99,14419200,Consumer Goods,46.544,46.349000000000004,45.998,44.5066,46.28820550957973,45.65335154892898,0.6348539606507515,0.6180914014089288,46.85,19352900.0,46.06,11071700.0,46.14,15614300.0,66.0583941605839,2.019105514546249,1.8422193324663994,0.0029882604055495587,0.0037080747522090824
KO,2021-04-21,47.05,47.49,47.05,47.37,47.37,13866500,Consumer Goods,46.80800000000001,46.464,46.1375,44.595,46.45463543118285,45.78051069345276,0.6741247377300894,0.629298068673161,46.99,14419200.0,46.05,9787600.0,46.22,10062700.0,79.92700729926997,2.8664495114006483,2.4881003894418052,0.008086826984464723,0.004200647745818048
KO,2021-04-22,47.25,47.6,47.12,47.23,47.23,12558900,Consumer Goods,47.002,46.57899999999999,46.2645,44.684400000000004,46.57392228792395,45.88788027171552,0.6860420162084324,0.6406468581802153,47.37,13866500.0,46.26,13078100.0,46.08,9695600.0,81.11111111111099,2.0968439256376925,2.49565972222221,-0.0029554570403208524,0.00419000545692636
KO,2021-04-23,47.19,47.36,46.99,47.25,47.25,9020500,Consumer Goods,47.138,46.690999999999995,46.3705,44.776,46.67793424362796,45.988778029366216,0.6891562142617431,0.6503487293965209,47.23,12558900.0,46.57,17974100.0,46.13,10828200.0,79.26829268292668,1.4601674898002903,2.427921092564489,0.0004234596654668632,0.004219527561117939
KO,2021-04-26,47.25,47.29,46.48,46.55,46.55,11684600,Consumer Goods,47.077999999999996,46.718,46.3975,44.84139999999999,46.65825205230058,46.03035002719094,0.6279020251096412,0.6458593885391449,47.25,9020500.0,46.85,19352900.0,46.28,8565300.0,57.24381625441687,-0.6403415154749292,0.5834053586862398,-0.014814814814814836,0.006860339572495106
KO,2021-04-27,46.46,46.59,46.26,46.48,46.48,9852400,Consumer Goods,46.976,46.760000000000005,46.38549999999999,44.8988,46.63082865963895,46.06365743258421,0.5671712270547431,0.6301217562422645,46.55,11684600.0,46.99,14419200.0,46.06,11071700.0,54.609929078014126,-1.0853373058097526,0.9118541033434457,-0.0015037593984962294,0.006652198243149579
KO,2021-04-28,46.83,46.89,46.36,46.49,46.49,10868100,Consumer Goods,46.8,46.804,46.4045,44.96360000000001,46.60916271200219,46.095238363503896,0.5139243484982927,0.6068822746934701,46.48,9852400.0,47.37,13866500.0,46.05,9787600.0,57.620817843866185,-1.8577158539159755,0.9554831704668976,0.000215146299483715,0.006645330504334512
KO,2021-04-29,46.45,47.16,46.35,47.07,47.07,15391000,Consumer Goods,46.767999999999994,46.885000000000005,46.4715,45.0424,46.680060756309544,46.16744292917027,0.5126178271392732,0.5880293851826308,46.49,10868100.0,47.23,12558900.0,46.26,13078100.0,64.59627329192537,-0.33876773237347946,1.7509727626459304,0.012475801247580076,0.007532522754233566
KO,2021-04-30,47.06,47.08,46.58,46.83,46.83,14912600,Consumer Goods,46.684,46.911,46.5355,45.1054,46.703128332261926,46.21652123071322,0.48660710154870657,0.567744928455846,47.07,15391000.0,47.25,9020500.0,46.57,17974100.0,58.3081570996978,-0.8888888888888946,0.5582993343353992,-0.005098789037603635,0.007596942611918721
KO,2021-05-03,47.08,47.54,46.98,47.26,47.26,10417900,Consumer Goods,46.826,46.952,46.608000000000004,45.1884,46.788800896529324,46.29381595436409,0.4949849421652317,0.5531929311977232,46.83,14912600.0,46.55,11684600.0,46.85,19352900.0,67.04545454545439,1.525241675617628,0.8751334044823755,0.009182148195601147,0.007908392622492945
KO,2021-05-04,47.34,47.38,46.79,46.97,46.97,14151000,Consumer Goods,46.92399999999999,46.95,46.649499999999996,45.2566,46.81667768167866,46.34390366144823,0.4727740202304318,0.537109149004265,47.26,10417900.0,46.48,9852400.0,46.99,14419200.0,62.105263157894726,1.0542168674698926,-0.04256224728665936,-0.006136267456622879,0.008162954553338276
KO,2021-05-05,46.97,47.05,46.59,46.85,46.85,9665900,Consumer Goods,46.996,46.897999999999996,46.681,45.324000000000005,46.82180419218963,46.38139227911873,0.44041191307090344,0.5177697018175927,46.97,14151000.0,46.49,10868100.0,47.37,13866500.0,57.95148247978439,0.7743600774360093,-1.097741186404888,-0.002554822226953357,0.007668425718784475
KO,2021-05-06,46.95,47.37,46.89,47.31,47.31,11572700,Consumer Goods,47.044000000000004,46.906,46.7425,45.397600000000004,46.89691123954508,46.45017803622105,0.44673320332402966,0.5035624021188801,46.85,9665900.0,47.07,15391000.0,47.23,12558900.0,59.58549222797929,0.5098789037603524,0.16938386618676748,0.009818569903948804,0.008353996280660107
KO,2021-05-07,47.23,47.51,46.98,47.29,47.29,10637500,Consumer Goods,47.136,46.910000000000004,46.8005,45.4802,46.95738643346122,46.512387070575045,0.4449993628861719,0.49184979427233855,47.31,11572700.0,46.83,14912600.0,47.25,9020500.0,56.11111111111107,0.9822763185991956,0.08465608465608732,-0.00042274360600302874,0.008355774339621922
KO,2021-05-10,47.61,48.15,47.57,47.63,47.63,15545800,Consumer Goods,47.21,47.018,46.868,45.5898,47.060865443697956,46.595173213495414,0.46569223020254213,0.48661828145837926,47.29,10637500.0,47.26,10417900.0,46.55,11684600.0,58.42105263157893,0.7829030892932742,2.3200859291085063,0.007189680693592715,0.006725214280816763
KO,2021-05-11,47.74,47.83,46.89,47.12,47.12,12986700,Consumer Goods,47.24,47.082,46.921,45.67360000000001,47.069963067744425,46.63404927175502,0.43591379598940705,0.47647738436458487,47.63,15545800.0,46.97,14151000.0,46.48,9852400.0,46.81933842239187,0.3193527783691641,1.376936316695354,-0.010707537266428813,0.007843020330285272
KO,2021-05-12,47.16,47.33,46.74,46.88,46.88,15836500,Consumer Goods,47.246,47.120999999999995,46.9625,45.7492,47.04073798039913,46.652267844217604,0.3884701361815246,0.45887593472797283,47.12,12986700.0,46.85,9665900.0,46.49,10868100.0,45.657568238213486,0.06403415154749847,0.838890083888999,-0.005093378607809784,0.008107044581860921
KO,2021-05-13,46.82,47.52,46.7,47.29,47.29,15475800,Consumer Goods,47.242000000000004,47.143,47.013999999999996,45.835,47.07908598341465,46.69950726316445,0.37957872025020123,0.44301649183241854,46.88,15836500.0,47.31,11572700.0,47.07,15391000.0,50.4524886877828,-0.042274360600302874,0.46738899511364895,0.008745733788395826,0.0075823145949146875
KO,2021-05-14,47.63,47.8,47.44,47.48,47.48,11725300,Consumer Goods,47.279999999999994,47.208,47.0595,45.925200000000004,47.140765062889315,46.75732153996708,0.38344352292223505,0.4311018980503819,47.29,15475800.0,47.29,10637500.0,46.83,14912600.0,61.89258312020459,0.4017762740537112,1.3879991458466856,0.004017762740537112,0.0073807681803860405
KO,2021-05-17,47.57,47.73,47.28,47.4,47.4,12119800,Consumer Goods,47.233999999999995,47.222,47.086999999999996,45.9992,47.18064736090635,46.80492735182137,0.37572000908497927,0.42002552025730144,47.48,11725300.0,47.63,15545800.0,47.26,10417900.0,61.73469387755104,-0.48288893554483403,0.29623360135420107,-0.0016849199663016012,0.006892123643084251
KO,2021-05-18,47.18,47.33,46.93,47.14,47.14,13232500,Consumer Goods,47.238,47.239,47.0945,46.0534,47.17439392076691,46.82974754798275,0.34464637278416177,0.4049496907626735,47.4,12119800.0,47.12,12986700.0,46.97,14151000.0,57.79376498800959,0.04244482173174635,0.3619331488184052,-0.005485232067510504,0.00682715896357227
KO,2021-05-19,46.95,47.0,46.51,46.99,46.99,15126100,Consumer Goods,47.260000000000005,47.253,47.0755,46.118,47.14602562526431,46.841618099984025,0.3044075252802827,0.38484125766619537,47.14,13232500.0,46.88,15836500.0,46.85,9665900.0,48.93048128342248,0.23464163822526363,0.2988260405549559,-0.0031820110309715988,0.006859941685998016
KO,2021-05-20,46.95,47.54,46.95,47.41,47.41,10948400,Consumer Goods,47.284000000000006,47.263,47.084500000000006,46.181,47.186637067531336,46.88372046294817,0.30291660458316727,0.36845632704958975,46.99,15126100.0,47.29,15475800.0,47.31,11572700.0,57.397959183673464,0.2537534362444527,0.21137180300145886,0.008938071930197689,0.006728870531306505
KO,2021-05-21,47.54,47.82,47.04,47.38,47.38,16033200,Consumer Goods,47.263999999999996,47.272,47.091,46.2532,47.21638521098805,46.92048191013719,0.2959033008508598,0.3539457218098438,47.41,10948400.0,47.48,11725300.0,47.29,10637500.0,51.70454545454553,-0.2106149957876835,0.19031507718334506,-0.000632777894958747,0.00673146703267307
KO,2021-05-24,47.39,47.65,47.27,47.54,47.54,10326100,Consumer Goods,47.292,47.263,47.140499999999996,46.3302,47.26617210160528,46.96637213901592,0.29979996258936126,0.3431165699657473,47.38,16033200.0,47.4,12119800.0,47.63,15545800.0,58.407079646017756,0.2953586497890237,-0.1889565399958104,0.0033769523005486857,0.00639164299957862
KO,2021-05-25,47.56,47.56,47.15,47.53,47.53,11916500,Consumer Goods,47.37,47.303999999999995,47.193,46.3954,47.30676100905062,47.00812235094067,0.29863865810995094,0.334220987594588,47.54,10326100.0,47.14,13232500.0,47.12,12986700.0,60.36585365853664,0.8273228680526046,0.8701188455008557,-0.00021034917963813626,0.005224261185180899
KO,2021-05-26,47.7,47.76,47.36,47.74,47.74,16064300,Consumer Goods,47.52,47.39,47.2555,46.4616,47.373413161504374,47.062335510130254,0.31107765137412,0.32959232035049446,47.53,11916500.0,46.99,15126100.0,46.88,15836500.0,57.09570957095714,1.5960842732496205,1.8344709897610834,0.004418262150220897,0.0048699345790914695
KO,2021-05-27,47.9,48.21,47.52,48.14,48.14,59109600,Consumer Goods,47.666,47.475,47.309,46.5354,47.49134959819601,47.142162509379865,0.34918708881614435,0.33351127404362446,47.74,16064300.0,47.41,10948400.0,47.29,15475800.0,62.46334310850451,1.5397595443999323,1.7974201733981898,0.008378718056137435,0.004813076390969577
KO,2021-05-28,48.02,48.33,47.89,47.96,47.96,17011600,Consumer Goods,47.782,47.523,47.3655,46.6172,47.563449660012004,47.20274306424062,0.36070659577138287,0.33895033838917615,48.14,59109600.0,47.38,16033200.0,47.48,11725300.0,55.07692307692309,1.2241452089489124,1.0109519797809607,-0.0037390943082675765,0.005034722763119498
KO,2021-06-01,48.01,48.28,47.8,47.96,47.96,13304000,Consumer Goods,47.866,47.57899999999999,47.4005,46.694799999999994,47.62445740462554,47.25883617059317,0.3656212340323677,0.34428451751781447,47.96,17011600.0,47.54,10326100.0,47.4,12119800.0,65.32846715328492,0.8834665544804388,1.181434599156117,0.0,0.00496189204353433
KO,2021-06-02,48.15,48.2,47.94,48.15,48.15,11328500,Consumer Goods,47.989999999999995,47.68,47.459500000000006,46.773,47.705310111606224,47.32484830610478,0.38046180550144015,0.35151997511453964,47.96,13304000.0,47.53,11916500.0,47.14,13232500.0,73.60594795539053,1.3044393014937983,2.142554094187532,0.00396163469557953,0.004420319702380063
KO,2021-06-03,47.87,48.35,47.8,48.27,48.27,17364300,Consumer Goods,48.096,47.808,47.5305,46.846799999999995,47.79218547905142,47.39485954268961,0.3973259363618098,0.3606811673639937,48.15,11328500.0,47.74,16064300.0,46.99,15126100.0,70.41666666666694,1.1101801424381996,2.7239838263460436,0.0024922118380064084,0.004007443310518107
KO,2021-06-04,48.49,49.0,48.39,48.79,48.79,18935100,Consumer Goods,48.226,47.946000000000005,47.604499999999994,46.9288,47.9456954053512,47.49820328026816,0.4474921250830448,0.37804335890780394,48.27,17364300.0,48.14,59109600.0,47.41,10948400.0,73.99267399267424,1.3502285002077175,2.9107783168108137,0.010772736689454998,0.004352028398087945
KO,2021-06-07,48.85,48.88,48.42,48.62,48.62,14010800,Consumer Goods,48.358,48.07000000000001,47.671,46.9986,48.0494345737587,47.581299333581626,0.46813524017707664,0.3960617351616585,48.79,18935100.0,47.96,17011600.0,47.38,16033200.0,71.63120567375901,1.3761467889908285,2.6171380329252703,-0.0034843205574913716,0.004688326307444503
KO,2021-06-08,48.8,48.8,48.19,48.28,48.28,10968300,Consumer Goods,48.422,48.144,47.703500000000005,47.044,48.08490617779583,47.63305493850151,0.4518512392943208,0.407219635988191,48.62,14010800.0,47.96,13304000.0,47.54,10326100.0,69.65517241379327,0.6672226855713115,1.5565839293226746,-0.006993006993006867,0.005562006013677671
KO,2021-06-09,48.36,48.51,48.13,48.13,48.13,9838800,Consumer Goods,48.41799999999999,48.20399999999999,47.754000000000005,47.0722,48.09184368890416,47.669865683797696,0.42197800510646744,0.41017130981184635,48.28,10968300.0,48.15,11328500.0,47.53,11916500.0,69.65517241379327,-0.04153686396676237,1.2623606143488342,-0.0031068765534382203,0.0057370913395464575
KO,2021-06-10,48.5,48.68,48.37,48.5,48.5,12444400,Consumer Goods,48.464,48.28,47.835,47.12,48.15463696753429,47.7313571146275,0.4232798529067878,0.4127930184308347,48.13,9838800.0,48.27,17364300.0,47.74,16064300.0,69.12280701754405,0.4764864304951155,1.5919564306660972,0.007687512985663725,0.006022475481388197
KO,2021-06-11,48.57,48.76,48.29,48.72,48.72,11825800,Consumer Goods,48.45,48.338,47.9065,47.17979999999999,48.24161589560593,47.80458992095139,0.43702597465453863,0.41763960967557556,48.5,12444400.0,48.79,18935100.0,48.14,59109600.0,72.03947368421058,-0.1434720229555264,1.2048192771084265,0.004536082474226877,0.005652938738299975
KO,2021-06-14,48.68,48.69,48.25,48.55,48.55,9710800,Consumer Goods,48.436,48.397000000000006,47.96,47.2398,48.28905960397425,47.8598054823624,0.42925412161185506,0.4199625120628315,48.72,11825800.0,48.62,14010800.0,47.96,17011600.0,66.55737704918035,-0.14397367338543354,1.2301918265220868,-0.0034893267651888715,0.005629130620049932
KO,2021-06-15,48.75,48.76,48.24,48.43,48.43,11154200,Consumer Goods,48.466,48.444,48.0115,47.292199999999994,48.31074274182437,47.90204211329851,0.40870062852585676,0.41771013535543655,48.55,9710800.0,48.28,10968300.0,47.96,13304000.0,64.24050632911394,0.31068765534383314,0.9799833194328533,-0.0024716786817713388,0.005742632953080161
KO,2021-06-16,48.46,48.47,47.76,47.78,47.78,15211700,Consumer Goods,48.396,48.407,48.0435,47.325,48.22909001231293,47.893001956757885,0.3360880555550452,0.40138571939535833,48.43,11154200.0,48.13,9838800.0,48.15,11328500.0,50.55555555555554,-0.7271971743195493,-0.7684319833852538,-0.013421432996076788,0.007191503156542864
KO,2021-06-17,47.78,48.2,47.77,48.03,48.03,10658400,Consumer Goods,48.30200000000001,48.382999999999996,48.0955,47.3612,48.1984607796494,47.903149959961006,0.295310819688396,0.3801707394539659,47.78,15211700.0,48.5,12444400.0,48.27,17364300.0,48.405797101449274,-0.969072164948448,-0.49720323182100845,0.005232314776056901,0.007378443019146132
KO,2021-06-18,47.64,47.74,46.95,47.0,47.0,31445600,Consumer Goods,47.958000000000006,48.20399999999999,48.075,47.3796,48.01408219816488,47.83624996292686,0.1778322352380215,0.33970303861077705,48.03,10658400.0,48.72,11825800.0,48.79,18935100.0,38.83720930232555,-3.530377668308704,-3.668784587005536,-0.021444930251925953,0.00881588673875522
KO,2021-06-21,47.39,47.57,47.2,47.51,47.51,14404300,Consumer Goods,47.75,48.092999999999996,48.0815,47.4072,47.9365310907549,47.812083299006346,0.12444779174855114,0.2966519892383319,47.0,31445600.0,48.55,9710800.0,48.62,14010800.0,45.32224532224528,-2.1421215242018565,-2.2830111065405223,0.010851063829787178,0.009947016462113385
KO,2021-06-22,47.5,47.94,47.43,47.69,47.69,13072800,Consumer Goods,47.602,48.034000000000006,48.089,47.4354,47.89860323063876,47.80304009167254,0.09556313896622015,0.2564342191839096,47.51,14404300.0,48.43,11154200.0,48.28,10968300.0,45.208333333333314,-1.5279785257072076,-1.2220381110190637,0.0037886760681962173,0.009961551714631615
KO,2021-06-23,47.69,47.72,47.29,47.3,47.3,12339200,Consumer Goods,47.50599999999999,47.951,48.0775,47.46019999999999,47.806510425925104,47.76577786265976,0.04073256326534391,0.21329388800019647,47.69,13072800.0,47.78,15211700.0,48.13,9838800.0,40.43392504930958,-1.0046044370029428,-1.7244961562435157,-0.00817781505556725,0.010196614857390578
KO,2021-06-24,47.43,47.57,47.2,47.54,47.54,11488400,Consumer Goods,47.408,47.855000000000004,48.0675,47.48999999999999,47.76550882193663,47.74905357653682,0.016455245399811247,0.17392615948011944,47.3,12339200.0,48.03,10658400.0,48.5,12444400.0,36.95198329853859,-1.0201957110139492,-1.9793814432989665,0.0050739957716703366,0.00996027916540665
KO,2021-06-25,47.41,47.61,47.21,47.48,47.48,18880300,Consumer Goods,47.504,47.730999999999995,48.0345,47.514399999999995,47.72158438779253,47.729123681978535,-0.007539294186003076,0.13763306874689493,47.54,11488400.0,47.0,31445600.0,48.72,11825800.0,37.820512820512796,1.021276595744669,-2.545155993431858,-0.0012620950778292617,0.009706125099021874
KO,2021-06-28,47.42,47.52,47.2,47.43,47.43,10556900,Consumer Goods,47.488,47.619,48.007999999999996,47.5316,47.67672525120907,47.70696637220235,-0.030241120993281356,0.10405823079885967,47.48,18880300.0,47.51,14404300.0,48.55,9710800.0,40.31890660592252,-0.16838560303094052,-2.3069001029866087,-0.001053074978938473,0.009710003952834874
KO,2021-06-29,47.31,47.5,46.95,47.08,47.08,12300900,Consumer Goods,47.366,47.484,47.964,47.5362,47.58492136640767,47.66052441870588,-0.07560305229821296,0.06812597417944515,47.43,10556900.0,47.69,13072800.0,48.43,11154200.0,38.56209150326792,-1.2790941497169195,-2.7875283914928772,-0.007379295804343267,0.00984339480033687
KO,2021-06-30,47.02,47.36,46.98,47.29,47.29,14614200,Consumer Goods,47.364,47.434999999999995,47.921,47.5422,47.5395488484988,47.63307816546841,-0.0935293169696152,0.03579491594963308,47.08,12300900.0,47.3,12339200.0,47.78,15211700.0,36.34311512415349,-0.02114164904861715,-1.0255336961071615,0.0044604927782498915,0.009304799332520153
KO,2021-07-01,47.5,47.62,47.08,47.16,47.16,13214700,Consumer Goods,47.288,47.348,47.8655,47.53799999999999,47.481156717960516,47.59803533839668,-0.11687862043616093,0.0052602086724742765,47.29,14614200.0,47.54,11488400.0,48.03,10658400.0,32.02764976958524,-0.799326882625162,-1.8113678950655965,-0.0027489955593149595,0.009050496115740108
KO,2021-07-02,47.2,47.59,47.2,47.36,47.36,10604600,Consumer Goods,47.263999999999996,47.384,47.794,47.5406,47.462517222889666,47.58040309110803,-0.11788586821836589,-0.019369006705693755,47.16,13214700.0,47.48,18880300.0,47.0,31445600.0,36.38443935926777,-0.2527379949452402,0.7659574468085184,0.004240882103477617,0.005974401603625774
KO,2021-07-06,47.19,47.28,46.81,47.09,47.09,15278200,Consumer Goods,47.196,47.342,47.7175,47.5374,47.40520688090664,47.54407693621114,-0.13887005530450125,-0.043269216425455254,47.36,10604600.0,47.43,10556900.0,47.51,14404300.0,35.17699115044253,-0.7168458781361964,-0.8840244159124322,-0.0057010135135133755,0.005103386043503937
KO,2021-07-07,46.95,47.53,46.95,47.48,47.48,14377700,Consumer Goods,47.275999999999996,47.321000000000005,47.677499999999995,47.556000000000004,47.416713514613306,47.53933049649179,-0.1226169818784868,-0.05913876951606156,47.09,15278200.0,47.08,12300900.0,47.69,13072800.0,46.47887323943657,0.8496176720475646,-0.4403438876074639,0.008282013166277302,0.005720240455009947
KO,2021-07-08,47.21,47.35,46.97,47.31,47.31,11943900,Consumer Goods,47.279999999999994,47.322,47.6365,47.5726,47.40029605082665,47.522343052307214,-0.12204700148056702,-0.07172041590896266,47.48,14377700.0,47.29,14614200.0,47.3,12339200.0,41.387559808612444,0.04229223937408655,0.021141649048628253,-0.003580454928390764,0.005188033732432722
KO,2021-07-09,47.42,47.65,47.36,47.6,47.6,10847000,Consumer Goods,47.36800000000001,47.327999999999996,47.591499999999996,47.59479999999999,47.431019735314855,47.52809541880298,-0.09707568348812146,-0.07679146942479442,47.31,11943900.0,47.16,13214700.0,47.54,11488400.0,58.720930232558175,0.9329940627650579,0.12620950778292617,0.006129782287042973,0.005311291695557911
KO,2021-07-12,47.48,47.72,47.43,47.62,47.62,15107600,Consumer Goods,47.42,47.342,47.536500000000004,47.6058,47.46009362218949,47.53490316555831,-0.07480954336882206,-0.07639508421359996,47.6,10847000.0,47.36,10604600.0,47.48,18880300.0,51.86440677966101,0.5489864864864913,0.29486099410278577,0.00042016806722688926,0.005288582612165476
KO,2021-07-13,48.03,48.33,47.85,48.09,48.09,15170800,Consumer Goods,47.62,47.408,47.5135,47.631,47.5570022956988,47.57602144959103,-0.019019153892230634,-0.0649198981493261,47.62,15107600.0,47.09,15278200.0,47.43,10556900.0,56.172839506172934,2.123593119558298,1.3915243516761544,0.009869802603948097,0.00604967692842539
KO,2021-07-14,48.09,49.25,48.04,49.17,49.17,22002700,Consumer Goods,47.958000000000006,47.617,47.5505,47.669200000000004,47.805155788668216,47.69409393480651,0.11106185386170608,-0.029723547747119664,48.09,15170800.0,47.48,14377700.0,47.08,12300900.0,73.79134860050901,3.559393428812152,4.439252336448596,0.022457891453524503,0.008210831592869129
KO,2021-07-15,49.16,49.36,48.87,49.33,49.33,15068200,Consumer Goods,48.362,47.821000000000005,47.628,47.7164,48.03974720579618,47.815272161857884,0.2244750439382983,0.021116170589963935,49.17,22002700.0,47.31,11943900.0,47.29,14614200.0,73.24675324675331,4.269710420629869,4.313808416155629,0.0032540166768353362,0.008218427640501427
KO,2021-07-16,49.35,49.54,49.17,49.3,49.3,14860500,Consumer Goods,48.702,48.035,47.6915,47.7654,48.2336322510583,47.92525200172026,0.3083802493380432,0.07856898633957979,49.33,15068200.0,47.6,10847000.0,47.16,13214700.0,73.8219895287959,3.5714285714285587,4.537743850720943,-0.0006081491992702137,0.008041470262848847
KO,2021-07-19,49.02,49.25,48.21,48.71,48.71,19527000,Consumer Goods,48.92,48.17,47.777,47.79339999999999,48.30691959704934,47.98338148307431,0.32353811397502596,0.127562811866669,49.3,14860500.0,47.62,15107600.0,47.36,10604600.0,64.67889908256888,2.2889542209155955,2.8505067567567544,-0.011967545638945198,0.009580459310662022
KO,2021-07-20,48.71,49.23,48.53,48.8,48.8,16257900,Consumer Goods,49.062,48.340999999999994,47.841499999999996,47.8236,48.38277812058021,48.043871743587324,0.33890637699288817,0.16983152489191283,48.71,19527000.0,48.09,15170800.0,47.09,15278200.0,70.97560975609764,1.476398419629854,3.6313442344446667,0.0018476698829807958,0.009117553644792732
KO,2021-07-21,50.11,50.31,49.32,49.43,49.43,20918200,Consumer Goods,49.114,48.535999999999994,47.9285,47.8596,48.54388917895249,48.146547910729005,0.39734126822348514,0.2153334735582273,48.8,16257900.0,49.17,22002700.0,47.48,14377700.0,73.67256637168151,0.5287777099857616,4.106992417860167,0.012909836065573721,0.009490819083063533
KO,2021-07-22,49.49,49.59,48.99,49.36,49.36,13402700,Consumer Goods,49.12,48.741,48.0315,47.904399999999995,48.66944468988288,48.236433250675006,0.4330114392078741,0.2588690666881567,49.43,20918200.0,49.33,15068200.0,47.31,11943900.0,74.66367713004499,0.06081491992702137,4.3331219615303285,-0.0014161440420796811,0.009320028740759372
KO,2021-07-23,49.46,50.11,49.34,49.83,49.83,12144000,Consumer Goods,49.226,48.964,48.146,47.9634,48.84799166067013,48.35447523210649,0.49351642856364464,0.30579853906325427,49.36,13402700.0,49.3,14860500.0,47.6,10847000.0,76.10993657505298,1.0750507099391404,4.684873949579815,0.00952188006482979,0.009455188884672543
KO,2021-07-26,49.72,49.93,49.44,49.87,49.87,8681100,Consumer Goods,49.458000000000006,49.189,48.265499999999996,48.015,49.005223712874724,48.466736326024524,0.5384873868501998,0.3523363086206434,49.83,12144000.0,48.71,19527000.0,47.62,15107600.0,80.88888888888897,2.3814411825087145,4.724905501889953,0.0008027292795504959,0.009437024375689777
KO,2021-07-27,49.92,50.29,49.75,50.05,50.05,12794400,Consumer Goods,49.708,49.385,48.3965,48.066399999999994,49.165958526278615,48.58401511668938,0.5819434095892362,0.398257728814362,49.87,8681100.0,48.8,16257900.0,48.09,15170800.0,79.95337995338006,2.561475409836067,4.075691411935933,0.0036093843994384756,0.009259526397138961
KO,2021-07-28,49.81,49.96,49.5,49.59,49.59,9858000,Consumer Goods,49.739999999999995,49.427,48.522,48.110200000000006,49.23119567608191,48.658532515453125,0.5726631606287853,0.4331388151772467,50.05,12794400.0,49.43,20918200.0,49.17,22002700.0,74.89082969432324,0.32369006676107315,0.8541793776693174,-0.009190809190809057,0.007508471151493862
KO,2021-07-29,49.88,50.04,49.7,49.86,49.86,9599100,Consumer Goods,49.839999999999996,49.48,48.6505,48.1646,49.32793480283854,48.747530106901046,0.5804046959374958,0.46259199132929657,49.59,9858000.0,49.36,13402700.0,49.33,15068200.0,74.78070175438604,1.0129659643435929,1.0743969187107183,0.005444646098003547,0.0076167262780096456
KO,2021-07-30,49.95,50.04,49.73,49.85,49.85,11727000,Consumer Goods,49.844,49.535000000000004,48.785000000000004,48.2218,49.408252525478765,48.829194543426894,0.5790579820518715,0.4858851894738116,49.86,9599100.0,49.83,12144000.0,49.3,14860500.0,74.50549450549464,0.0401364639775359,1.1156186612576224,-0.0002005615724026688,0.007607682794000918
KO,2021-08-02,50.0,50.03,49.57,49.72,49.72,9778000,Consumer Goods,49.81400000000001,49.635999999999996,48.903000000000006,48.268,49.45621367540511,48.89518013280268,0.5610335426024307,0.5009148600995355,49.85,11727000.0,49.87,8681100.0,48.71,19527000.0,69.35866983372927,-0.30078203328653963,2.073496202011893,-0.00260782347041133,0.006275546649035988
KO,2021-08-03,49.82,49.82,49.6,49.75,49.75,8825500,Consumer Goods,49.754000000000005,49.730999999999995,49.036,48.3154,49.50141157149663,48.95850012296544,0.5429114485311928,0.509314177785867,49.72,9778000.0,50.05,12794400.0,48.8,16257900.0,59.17721518987344,-0.5994005994005902,1.946721311475419,0.0006033789219630492,0.006292802506961326
KO,2021-08-04,49.6,49.78,48.96,49.03,49.03,11888400,Consumer Goods,49.642,49.691,49.1135,48.345200000000006,49.42888671434331,48.96379641015318,0.4650903041901273,0.500469403066719,49.75,8825500.0,49.59,9858000.0,49.43,20918200.0,45.96774193548389,-1.1292599314377982,-0.8092251669026829,-0.014472361809045209,0.006919081101547407
KO,2021-08-05,49.33,49.46,49.2,49.38,49.38,9806800,Consumer Goods,49.54600000000001,49.693,49.217,48.38219999999999,49.42136568136741,48.994626305697395,0.4267393756700173,0.4857233975873787,49.03,11888400.0,49.86,9599100.0,49.36,13402700.0,50.99009900990106,-0.9626955475330878,0.04051863857374993,0.0071384866408321646,0.007348647217677854
KO,2021-08-06,49.47,49.59,49.33,49.51,49.51,10409300,Consumer Goods,49.477999999999994,49.661,49.3125,48.4176,49.43500173038781,49.032802134905,0.4021995954828128,0.4690186371664655,49.38,9806800.0,49.85,11727000.0,49.83,12144000.0,61.173184357541906,-0.6820461384152487,-0.6421834236403745,0.0026326447954636567,0.006653621893590871
KO,2021-08-09,49.65,49.72,49.32,49.51,49.51,8859900,Consumer Goods,49.436,49.625,49.407,48.445,49.44653992571276,49.06815012491204,0.3783898008007256,0.45089286989331756,49.51,10409300.0,49.72,9778000.0,49.87,8681100.0,60.171919770773684,-0.42236524537410114,-0.7218768798877062,0.0,0.006639323049142247
KO,2021-08-10,49.68,49.97,49.52,49.65,49.65,10906900,Consumer Goods,49.416,49.585,49.485,48.47879999999999,49.47784147560311,49.111250115659296,0.3665913599438113,0.4340325679034164,49.51,8859900.0,49.75,8825500.0,50.05,12794400.0,53.666666666666664,-0.20100502512563345,-0.7992007992007943,0.0028277115734194336,0.006587290996049487
KO,2021-08-11,49.72,49.98,49.57,49.58,49.58,8370700,Consumer Goods,49.525999999999996,49.583999999999996,49.5055,48.5112,49.49355817166417,49.14597232931416,0.3475858423500071,0.41674322279273457,49.65,10906900.0,49.03,11888400.0,49.59,9858000.0,53.666666666666664,1.121762186416464,-0.020165355918544403,-0.0014098690835850913,0.005908287626648145
KO,2021-08-12,49.58,49.8,49.58,49.68,49.68,6169200,Consumer Goods,49.586,49.566,49.522999999999996,48.5418,49.52224152986968,49.18552993455015,0.3367115953195281,0.4007368972980933,49.58,8370700.0,49.38,9806800.0,49.86,9599100.0,47.14828897338404,0.6075334143377908,-0.3610108303249038,0.00201694231544991,0.005650857781392071
KO,2021-08-13,49.65,50.08,49.62,50.02,50.02,7714200,Consumer Goods,49.688,49.583,49.559000000000005,48.576800000000006,49.59881975604358,49.24734253199088,0.3514772240527009,0.39088496264901484,49.68,6169200.0,49.51,10409300.0,49.85,11727000.0,52.55972696245744,1.0300949303171159,0.3410230692076244,0.006843800322061222,0.0060929435491841825
KO,2021-08-16,50.0,50.25,49.85,50.24,50.24,7972000,Consumer Goods,49.834,49.635000000000005,49.6355,48.6058,49.69746287049841,49.32087271480637,0.37659015569204257,0.38802600125762043,50.02,7714200.0,49.51,8859900.0,49.72,9778000.0,53.19865319865329,1.4744496061401824,1.045856798069189,0.004398240703718415,0.00611686672440489
KO,2021-08-17,50.22,50.31,49.83,50.07,50.07,10346400,Consumer Goods,49.918,49.667,49.699,48.6348,49.754776275037116,49.37636362482071,0.37841265021640424,0.3861033310493772,50.24,7972000.0,49.65,10906900.0,49.75,8825500.0,58.95522388059696,0.8459214501510548,0.6432160804020093,-0.0033837579617834734,0.006277619119392316
KO,2021-08-18,49.99,50.02,49.31,49.38,49.38,13873700,Consumer Goods,49.878,49.702,49.6965,48.656800000000004,49.69711838656987,49.37663298594511,0.3204854006247615,0.3729797449644541,50.07,10346400.0,49.58,8370700.0,49.03,11888400.0,42.25806451612909,-0.4033884630899487,0.7138486640832165,-0.013780707010185744,0.006093488799972182
KO,2021-08-19,49.0,49.8,48.9,49.7,49.7,9223700,Consumer Goods,49.882,49.734,49.713499999999996,48.688199999999995,49.697561711712964,49.40058609809732,0.2969756136156434,0.35777891869469197,49.38,13873700.0,49.68,6169200.0,49.38,9806800.0,47.800586510263955,0.040257648953301306,0.6480356419602984,0.006480356419602984,0.006019670195308377
KO,2021-08-20,49.68,49.85,49.45,49.51,49.51,10543600,Consumer Goods,49.78,49.734,49.697500000000005,48.708400000000005,49.66870606375713,49.4086908315716,0.26001523218553046,0.33822618139285965,49.7,9223700.0,50.02,7714200.0,49.51,10409300.0,46.97406340057636,-1.0195921631347526,0.0,-0.0038229376257545855,0.006130058514875715
KO,2021-08-23,49.53,49.6,49.28,49.33,49.33,8912800,Consumer Goods,49.598,49.716,49.6705,48.720600000000005,49.61659743856372,49.40286188108481,0.2137355574789126,0.31332805661007024,49.51,10543600.0,50.24,7972000.0,49.51,8859900.0,44.19889502762429,-1.8113057324840809,-0.36356291658250495,-0.0036356291658250495,0.006238037683100716
KO,2021-08-24,49.51,49.51,48.86,48.96,48.96,12067200,Consumer Goods,49.376,49.647,49.616,48.7288,49.515582448015465,49.37005729730075,0.14552515071471817,0.27976747543099983,49.33,8912800.0,50.07,10346400.0,49.65,10906900.0,48.92966360856269,-2.2168963451168366,-1.3897280966767345,-0.0075005067909993395,0.006503445727934233
KO,2021-08-25,49.0,49.1,48.71,49.01,49.01,11270700,Consumer Goods,49.30200000000001,49.589999999999996,49.587,48.7404,49.43780053293616,49.34338638638958,0.0944141465465762,0.2426968096541151,48.96,12067200.0,49.38,13873700.0,49.58,8370700.0,43.77104377104369,-0.7492912110166117,-1.1496571198063688,0.0010212418300652448,0.006547471206783078
KO,2021-08-26,48.9,48.93,48.52,48.54,48.54,10331500,Consumer Goods,49.07,49.476,49.521,48.755599999999994,49.299677374022906,49.283876283694056,0.01580109032884991,0.1973176657890621,49.01,11270700.0,49.7,9223700.0,49.68,6169200.0,35.34743202416922,-2.3340040241448756,-2.2946859903381633,-0.009589879616404784,0.00694320413090785
KO,2021-08-27,48.65,48.76,48.47,48.64,48.64,8844100,Consumer Goods,48.896,49.338,49.4605,48.76780000000001,49.19818854725015,49.236181744161165,-0.037993196911017435,0.15025549324904622,48.54,10331500.0,49.51,10543600.0,50.02,7714200.0,37.24340175953085,-1.7572207634821146,-2.7588964414234307,0.0020601565718993964,0.006385880449863459
KO,2021-08-30,48.68,49.12,48.63,49.1,49.1,10034700,Consumer Goods,48.85,49.224000000000004,49.4295,48.8098,49.18308261690397,49.226094207556635,-0.04301159065266802,0.11160207646870338,48.64,8844100.0,49.33,8912800.0,50.24,7972000.0,42.62734584450407,-0.4662477194404935,-2.2691082802547835,0.00945723684210531,0.007169624016833734
KO,2021-08-31,49.09,49.4,48.95,49.22,49.22,14185700,Consumer Goods,48.902,49.138999999999996,49.403,48.843999999999994,49.18876221430335,49.22564278477466,-0.036880570471304,0.08190554708070191,49.1,10034700.0,48.96,12067200.0,50.07,10346400.0,45.23809523809525,0.531045751633985,-1.697623327341724,0.0024439918533605276,0.0073045653631891245
KO,2021-09-01,49.28,49.65,49.19,49.55,49.55,9518900,Consumer Goods,49.01,49.156,49.429,48.8812,49.244337258256685,49.24966924516172,-0.005331986905034114,0.06445804028355472,49.22,14185700.0,49.01,11270700.0,49.38,13873700.0,48.37905236907728,1.1018159559273544,0.34426893479140297,0.006704591629418832,0.006345538899332221
KO,2021-09-02,49.62,49.85,49.3,49.62,49.62,11653200,Consumer Goods,49.226,49.148,49.440999999999995,48.927600000000005,49.302131526217195,49.277101152927514,0.02503037328968105,0.05657250688477999,49.55,9518900.0,48.54,10331500.0,49.7,9223700.0,44.65240641711222,2.224969097651419,-0.16096579476861939,0.0014127144298687888,0.005995303667717263
KO,2021-09-03,49.35,49.62,49.17,49.58,49.58,13220400,Consumer Goods,49.414,49.154999999999994,49.4445,48.9684,49.34488052218378,49.299538104562515,0.045342417621263564,0.05432648903207671,49.62,11653200.0,48.64,8844100.0,49.51,10543600.0,40.73033707865163,1.9325657894736725,0.14138557867098278,-0.0008061265618701796,0.005864129674898068
KO,2021-09-07,49.47,49.55,48.52,48.66,48.66,20035300,Consumer Goods,49.326,49.088,49.402,48.992000000000004,49.23951428800166,49.25216491163196,-0.012650623630300117,0.04093106649960134,49.58,13220400.0,49.1,10034700.0,49.33,8912800.0,33.642691415313166,-0.8961303462321935,-1.3581998783701588,-0.01855586930213804,0.008320067072749869
KO,2021-09-08,48.61,49.37,48.61,49.31,49.31,12040100,Consumer Goods,49.343999999999994,49.123000000000005,49.385000000000005,49.0296,49.25035824369371,49.25644899225181,-0.006090748558101211,0.03152670348806083,48.66,20035300.0,49.22,14185700.0,48.96,12067200.0,49.18032786885246,0.182852498984154,0.7148692810457602,0.013357994245787319,0.009173541429292447
KO,2021-09-09,49.1,49.31,48.77,48.82,48.82,12545400,Consumer Goods,49.198,49.104,49.346999999999994,49.0644,49.18414928312545,49.2241194372702,-0.03997015414474703,0.01722733196149926,49.31,12040100.0,49.55,9518900.0,49.01,11270700.0,40.09009009009007,-1.4732593340060496,-0.38767598449295226,-0.009937132427499495,0.009772584417620129
KO,2021-09-10,48.96,49.06,48.53,48.61,48.61,10573700,Consumer Goods,48.995999999999995,49.111000000000004,49.2935,49.0908,49.095818624183075,49.178629108583515,-0.08281048440044003,-0.002780231310888599,48.82,12545400.0,49.62,11653200.0,48.54,10331500.0,39.91031390134531,-2.0354695687222812,0.1442109600329644,-0.0043015157722244846,0.009350713881159592
KO,2021-09-13,48.72,49.3,48.72,49.01,49.01,20274300,Consumer Goods,48.88199999999999,49.148,49.242999999999995,49.12780000000001,49.08261575892414,49.166138063503254,-0.08352230457911247,-0.018928645964533374,48.61,10573700.0,49.58,13220400.0,48.64,8844100.0,46.58119658119658,-1.1496571198063688,0.7606907894736725,0.008228759514503192,0.009685731546946094
KO,2021-09-14,49.25,49.3,48.92,49.04,49.04,13918900,Consumer Goods,48.958000000000006,49.141999999999996,49.183,49.1614,49.076059488320425,49.15679450324376,-0.08073501492333435,-0.03128991975629357,49.01,20274300.0,48.66,20035300.0,49.1,10034700.0,50.921658986175096,0.7809288943690929,-0.12219959266802638,0.0006121199755151352,0.009198989778251732
KO,2021-09-15,49.03,49.32,48.81,49.21,49.21,15746000,Consumer Goods,48.938,49.141000000000005,49.14,49.2038,49.09666572088651,49.160735651151626,-0.06406993026511287,-0.037845921858057435,49.04,13918900.0,49.31,12040100.0,49.22,14185700.0,52.24215246636774,-0.20279862096937995,-0.0203169443315665,0.003466557911908641,0.009235823777367818
KO,2021-09-16,49.07,49.31,48.28,48.74,48.74,17430400,Consumer Goods,48.922,49.06,49.108,49.229,49.04179407151936,49.12957004736261,-0.08777597584325036,-0.04783193265509603,49.21,15746000.0,48.82,12545400.0,49.55,9518900.0,52.24215246636774,-0.16386726751330682,-1.6347124117053413,-0.009550904287746409,0.009357944225566968
KO,2021-09-17,48.45,48.6,47.88,47.94,47.94,33370200,Consumer Goods,48.788,48.892,49.019999999999996,49.2416,48.872287291285616,49.04145374755797,-0.16916645627235738,-0.0720988373785483,48.74,17430400.0,48.61,10573700.0,49.62,11653200.0,43.21705426356588,-1.3783172186792925,-3.3857315598548987,-0.016413623307345193,0.010362687006532569
KO,2021-09-20,47.65,47.91,47.32,47.61,47.61,27542500,Consumer Goods,48.508,48.695,48.925,49.241800000000005,48.678089246472446,48.93542013662775,-0.257330890155302,-0.10914524793389904,47.94,33370200.0,49.01,20274300.0,49.58,13220400.0,35.188866799204774,-2.8565598857375973,-3.973376361436065,-0.006883604505631968,0.010372523268795774
KO,2021-09-21,47.9,48.28,47.5,47.6,47.6,16418200,Consumer Goods,48.22,48.589,48.838499999999996,49.241400000000006,48.512229362399765,48.836500126507175,-0.3242707641074105,-0.15217035116860134,47.61,27542500.0,49.04,13918900.0,48.66,20035300.0,33.53658536585371,-2.9363784665579096,-2.178380600082197,-0.00021003990758239333,0.009049573840773628
KO,2021-09-22,48.0,48.05,47.61,47.67,47.67,12719700,Consumer Goods,47.912,48.425,48.774,49.233000000000004,48.38265561433826,48.75009270972886,-0.3674370953905992,-0.19522370001300093,47.6,16418200.0,49.21,15746000.0,49.31,12040100.0,29.828326180257605,-3.1294452347083945,-3.325897383897791,0.0014705882352941124,0.007417849628059742
KO,2021-09-23,47.78,48.1,47.55,47.59,47.59,13836200,Consumer Goods,47.682,48.302,48.703,49.20139999999999,48.26070859674776,48.66415991641561,-0.40345131966785175,-0.23686922394397114,47.67,12719700.0,48.74,17430400.0,48.82,12545400.0,28.265524625267773,-2.359458350430854,-2.5194592380171965,-0.0016782043213761089,0.007054038089947034
KO,2021-09-24,47.55,47.77,47.43,47.46,47.46,9682200,Consumer Goods,47.586,48.187,48.648999999999994,49.163999999999994,48.137522658786565,48.57496288557002,-0.4374402267834512,-0.2769834245118672,47.59,13836200.0,47.94,33370200.0,48.61,10573700.0,27.731092436974876,-1.001251564455563,-2.365768360419662,-0.002731666316453052,0.007027552427478819
KO,2021-09-27,47.42,47.77,47.18,47.21,47.21,12429500,Consumer Goods,47.506,48.007,48.5775,49.12219999999999,47.994826865127095,48.473854523675946,-0.4790276585488513,-0.31739227131926406,47.46,9682200.0,47.61,27542500.0,49.01,20274300.0,32.27383863080695,-0.840159630329762,-3.6727198530911997,-0.005267593763168987,0.005984726635120386
KO,2021-09-28,47.08,47.08,46.17,46.36,46.36,19926100,Consumer Goods,47.258,47.739000000000004,48.4405,49.0752,47.74331503972292,48.31727270710736,-0.573957667384434,-0.3687053505322981,47.21,12429500.0,47.6,16418200.0,49.04,13918900.0,15.617715617715632,-2.6050420168067245,-5.464926590538333,-0.01800466002965473,0.007249744234981097
KO,2021-09-29,46.36,46.81,46.29,46.64,46.64,13941500,Consumer Goods,47.052,47.482,48.3115,49.032,47.57357426438094,48.19303028435866,-0.6194560199777257,-0.41885548442138365,46.36,19926100.0,47.67,12719700.0,49.21,15746000.0,23.284313725490236,-2.160688063771765,-5.222515748831535,0.006039689387403069,0.007641593895138358
KO,2021-09-30,46.82,46.96,46.17,46.21,46.21,17672000,Consumer Goods,46.776,47.229,48.1445,48.967600000000004,47.36379360832233,48.04613915218395,-0.6823455438616151,-0.47155349630943,46.64,13941500.0,47.59,13836200.0,48.74,17430400.0,22.093023255814003,-2.8997688590039927,-5.190808370947886,-0.009219554030874821,0.007621917197725157
KO,2021-10-01,46.48,46.85,46.3,46.69,46.69,16277400,Consumer Goods,46.622,47.104,47.998,48.9142,47.26013305319582,47.94568440017032,-0.6855513469744992,-0.5143530664424438,46.21,17672000.0,47.46,9682200.0,47.94,33370200.0,23.515981735159826,-1.6224188790560534,-2.6074259491030483,0.010387362042847847,0.007979493597837992
KO,2021-10-04,46.73,47.14,46.15,46.67,46.67,18973400,Consumer Goods,46.513999999999996,47.010000000000005,47.852500000000006,48.851000000000006,47.16934335270415,47.85118925941697,-0.681845906712816,-0.5478516344965183,46.69,16277400.0,47.21,12429500.0,47.61,27542500.0,22.883295194508023,-1.1438254607074705,-1.9743751312749414,-0.00042835724994638724,0.007855477349630659
KO,2021-10-05,46.69,47.09,46.61,46.74,46.74,17173100,Consumer Goods,46.589999999999996,46.924,47.7565,48.788399999999996,47.10329052921121,47.7688789439046,-0.6655884146933957,-0.5713989905358938,46.67,18973400.0,46.36,19926100.0,47.6,16418200.0,21.077283372365315,0.819672131147553,-1.8067226890756238,0.0014998928647953491,0.007916279592942723
KO,2021-10-06,46.47,47.35,46.24,47.3,47.3,21284500,Consumer Goods,46.722,46.887,47.656,48.7334,47.13355352471717,47.73414717028204,-0.6005936455648708,-0.5772379215416892,46.74,17173100.0,46.64,13941500.0,47.67,12719700.0,33.48623853211001,1.4150943396226356,-0.7761694986364698,0.011981172443303212,0.009018759372742829
KO,2021-10-07,47.55,47.8,47.39,47.45,47.45,13774400,Consumer Goods,46.97,46.873000000000005,47.5875,48.690599999999996,47.18223759783761,47.71309923174263,-0.530861633905019,-0.5679626640143551,47.3,21284500.0,46.21,17672000.0,47.59,13836200.0,43.3962264150944,2.6834018610690347,-0.2941794494641714,0.003171247357294016,0.009092911494333543
KO,2021-10-08,47.55,47.9,47.47,47.66,47.66,13786800,Consumer Goods,47.164,46.892999999999994,47.540000000000006,48.6466,47.2557395058626,47.70916595531725,-0.4534264494546534,-0.5450554211024148,47.45,13774400.0,46.69,16277400.0,47.46,9682200.0,50.69637883008353,2.077532662240311,0.42140750105350566,0.004425711275026112,0.00915795885175794
KO,2021-10-11,47.74,47.9,47.56,47.76,47.76,12378500,Consumer Goods,47.382,46.948,47.477500000000006,48.6048,47.333318043422196,47.71293144010857,-0.3796133966863735,-0.5119670162192065,47.66,13786800.0,46.67,18973400.0,47.21,12429500.0,52.173913043478215,2.3355474608956373,1.1650074136835276,0.0020981955518255546,0.008939854532844932
KO,2021-10-12,47.92,48.29,47.75,47.76,47.76,19474400,Consumer Goods,47.586,47.088,47.4135,48.5656,47.39896142135724,47.716418000100525,-0.3174565787432826,-0.4730649287240217,47.76,12378500.0,46.74,17173100.0,46.36,19926100.0,51.24653739612183,2.182284980744531,3.019844693701468,0.0,0.005959779766884334
KO,2021-10-13,47.7,47.93,47.37,47.77,47.77,12143300,Consumer Goods,47.67999999999999,47.201,47.3415,48.526,47.456044279609976,47.72038703713011,-0.2643427575201329,-0.431320494483244,47.76,19474400.0,47.3,21284500.0,46.64,13941500.0,52.542372881355924,0.9936575052854169,2.422813036020588,0.00020938023450600696,0.00591389434610249
KO,2021-10-14,47.9,48.27,47.83,48.09,48.09,13704000,Consumer Goods,47.808,47.389,47.309000000000005,48.50719999999999,47.55357592890075,47.74776577512048,-0.19418984621972868,-0.38389436483054096,47.77,12143300.0,47.45,13774400.0,46.21,17672000.0,58.44504021447725,1.3487881981032679,4.068383466782088,0.006698764915218813,0.004377914958208664
KO,2021-10-15,48.12,48.33,47.81,47.98,47.98,17867000,Consumer Goods,47.872,47.518,47.311,48.47919999999999,47.61917963214679,47.76496831029674,-0.14578867814994823,-0.3362732274944224,48.09,13704000.0,47.66,13786800.0,46.69,16277400.0,60.724233983286844,0.6714225765841464,2.762904262154642,-0.0022873778332295203,0.00415361979685759
KO,2021-10-18,47.86,47.9,47.43,47.5,47.5,15861800,Consumer Goods,47.82000000000001,47.601,47.3055,48.43899999999999,47.6008443041242,47.745341028052536,-0.14449672392833435,-0.29791792678120477,47.98,17867000.0,47.76,12378500.0,46.67,18973400.0,67.70186335403727,-0.5443886097152406,1.7784443968287933,-0.010004168403501379,0.005758266154708239
KO,2021-10-19,47.59,47.73,47.35,47.69,47.69,11068500,Consumer Goods,47.806000000000004,47.696,47.309999999999995,48.40259999999999,47.61456056502817,47.74124169264124,-0.12668112761306816,-0.26367056694757746,47.5,15861800.0,47.76,19474400.0,46.74,17173100.0,66.7731629392971,-0.14656616415410495,2.0325203252032464,0.0040000000000000036,0.005798918858540638
KO,2021-10-20,47.71,48.22,47.65,48.11,48.11,12474800,Consumer Goods,47.874,47.777,47.332,48.3718,47.6907820165623,47.76855712281596,-0.07777510625366091,-0.22649147480879417,47.69,11068500.0,47.77,12143300.0,47.3,21284500.0,80.44871794871796,0.7117437722419906,1.7124735729386886,0.008806877752149278,0.0052550005017459435
KO,2021-10-21,48.08,48.14,47.74,47.86,47.86,14388300,Consumer Goods,47.827999999999996,47.818,47.3455,48.33740000000001,47.71681555247579,47.77533066927404,-0.05851511679824739,-0.19289620320668482,48.11,12474800.0,48.09,13704000.0,47.45,13774400.0,70.242214532872,-0.478269910584328,0.864067439409899,-0.0051964248596965135,0.0056482850740387615
KO,2021-10-22,47.9,48.02,47.62,47.95,47.95,12828600,Consumer Goods,47.821999999999996,47.846999999999994,47.370000000000005,48.3028,47.752690082864135,47.788269138216705,-0.035579055352570776,-0.16143277363586203,47.86,14388300.0,47.98,17867000.0,47.66,13786800.0,71.62162162162159,-0.06252605252187182,0.6084767100293931,0.0018804847471793895,0.0055265444065302795
KO,2021-10-25,47.89,47.97,47.57,47.76,47.76,11855000,Consumer Goods,47.874,47.846999999999994,47.3975,48.257600000000004,47.753814685500416,47.78617512797843,-0.03236044247801573,-0.1356183074042928,47.95,12828600.0,47.5,15861800.0,47.76,12378500.0,66.55844155844142,0.5473684210526297,0.0,-0.00396246089676755,0.0056767744742307604
KO,2021-10-26,47.84,48.07,47.76,47.97,47.97,12086700,Consumer Goods,47.93,47.868,47.477999999999994,48.2122,47.7870739646542,47.79979178516522,-0.012717820511021216,-0.11103821002563848,47.76,11855000.0,47.69,11068500.0,47.76,19474400.0,62.27106227106222,0.5871251834766333,0.43969849246230375,0.0043969849246230375,0.005843367232947678
KO,2021-10-27,49.29,49.39,48.67,48.89,48.89,24019800,Consumer Goods,48.086,47.980000000000004,47.5905,48.188599999999994,47.956754893168934,47.88054794922706,0.07620694394187666,-0.07358917923213545,47.97,12086700.0,48.11,12474800.0,47.77,12143300.0,70.57142857142846,1.621284556225322,2.3445677203265625,0.01917865332499491,0.008312414538791571
KO,2021-10-28,49.1,49.41,48.98,49.35,49.35,15928000,Consumer Goods,48.384,48.105999999999995,47.747499999999995,48.188,48.17110029421987,47.98939624928432,0.18170404493555026,-0.022530534398598312,48.89,24019800.0,47.86,14388300.0,48.09,13704000.0,72.53333333333327,3.11324697033013,2.6200873362445476,0.009408877070975707,0.008511701060593383
KO,2021-10-29,49.2,49.73,49.12,49.64,49.64,24463700,Consumer Goods,48.722,48.272000000000006,47.894999999999996,48.186800000000005,48.39708486433989,48.11166319378178,0.2854216705581081,0.039059906592742964,49.35,15928000.0,47.95,12828600.0,47.98,17867000.0,73.85786802030448,3.5245046923878975,3.4597749062109218,0.005876393110435751,0.008378965078167114
KO,2021-11-01,49.66,49.67,49.23,49.47,49.47,11651100,Consumer Goods,49.064,48.469,48.035,48.18599999999999,48.562148731364516,48.212280734983125,0.3498679963813913,0.10122152455047263,49.64,24463700.0,47.76,11855000.0,47.5,15861800.0,70.80291970802911,3.5804020100502543,4.147368421052633,-0.003424657534246589,0.007408192297024158
KO,2021-11-02,49.73,49.76,49.29,49.4,49.4,11498900,Consumer Goods,49.35,48.64,48.168,48.1874,48.69104892653921,48.30025993979919,0.39078898674002005,0.15913501698838212,49.47,11651100.0,47.97,12086700.0,47.69,11068500.0,69.54436450839316,2.981029810298108,3.585657370517925,-0.0014149989892864312,0.007611151252343819
KO,2021-11-03,49.32,49.61,49.12,49.57,49.57,10788300,Consumer Goods,49.486000000000004,48.786,48.2815,48.199600000000004,48.8262721686101,48.394314759073325,0.4319574095367784,0.2136994954980614,49.4,11498900.0,48.89,24019800.0,48.11,12474800.0,68.40796019900486,1.390877480057262,3.0347121180627656,0.003441295546558809,0.00738555708290363
KO,2021-11-04,49.41,49.87,49.34,49.84,49.84,10820200,Consumer Goods,49.584,48.983999999999995,48.401,48.2162,48.98223029651624,48.50140255469752,0.4808277418187217,0.26712514476219346,49.57,10788300.0,49.35,15928000.0,47.86,14388300.0,72.2488038277512,0.9929078014184523,4.137066443794413,0.005446842848497058,0.006815047415954505
KO,2021-11-05,50.06,50.34,49.84,50.06,50.06,12886700,Consumer Goods,49.668000000000006,49.195,48.521,48.24660000000001,49.14804102012913,48.61685421731252,0.531186802816606,0.319937476373076,49.84,10820200.0,49.64,24463700.0,47.95,12828600.0,82.65306122448969,0.8460918614020985,4.400417101147025,0.004414125200641994,0.006771031342102056
KO,2021-11-08,49.98,50.1,49.43,49.61,49.61,12828000,Consumer Goods,49.696,49.38,48.6135,48.26599999999999,49.219111632416954,48.69042057158567,0.5286910608312851,0.3616881932647179,50.06,12886700.0,49.47,11651100.0,47.76,11855000.0,72.9665071770334,0.28299979785728624,3.873534338358464,-0.008989212944466751,0.00759234169934018
KO,2021-11-09,49.68,49.77,49.4,49.75,49.75,10155800,Consumer Goods,49.766000000000005,49.558,48.713,48.278999999999996,49.30078676589127,48.7689079366534,0.5318788292378684,0.395726320459348,49.61,12828000.0,49.4,11498900.0,47.97,12086700.0,71.02564102564092,0.7085020242914908,3.7106524911403094,0.0028220116911912285,0.007595687313612517
KO,2021-11-10,49.79,50.13,49.57,49.95,49.95,8813600,Consumer Goods,49.842,49.664,48.822,48.293600000000005,49.40066572498492,48.85639623764204,0.5442694873428806,0.42543495383605456,49.75,10155800.0,49.57,10788300.0,48.89,24019800.0,77.14285714285703,0.7665926971959003,2.1681325424422138,0.004020100502512669,0.0053339180020947705
KO,2021-11-11,50.05,50.09,49.82,49.97,49.97,7257700,Consumer Goods,49.86800000000001,49.726,48.916,48.302,49.48825561344878,48.938885405224106,0.5493702082246728,0.45022200471377827,49.95,8813600.0,49.84,10820200.0,49.35,15928000.0,76.71957671957657,0.26083467094701884,1.2563323201621124,0.00040040040040034697,0.004696242434915337
KO,2021-11-12,49.98,50.19,49.8,49.85,49.85,10162500,Consumer Goods,49.82600000000001,49.747,49.009499999999996,48.306599999999996,49.54390859599512,49.006375375207504,0.5375332207876156,0.4676842479285458,49.97,7257700.0,50.06,12886700.0,49.64,24463700.0,78.16711590296495,-0.41949660407510914,0.42304593070106034,-0.002401440864518656,0.0045181399718619555
KO,2021-11-15,49.78,49.91,49.55,49.86,49.86,10289200,Consumer Goods,49.876,49.786,49.1275,48.312200000000004,49.5925380427651,49.06960682889584,0.5229312138692563,0.4787336411166879,49.85,10162500.0,49.61,12828000.0,49.47,11651100.0,76.92307692307689,0.503930659141294,0.7883565797452974,0.00020060180541614514,0.004315241708803282
KO,2021-11-16,49.86,50.14,49.48,49.51,49.51,13756500,Consumer Goods,49.827999999999996,49.797,49.2185,48.3292,49.5798398823397,49.10222854527393,0.47761133706576686,0.47850918030650375,49.86,10289200.0,49.75,10155800.0,49.4,11498900.0,60.54421768707477,-0.48241206030150696,0.22267206477732948,-0.007019655034095518,0.004951136822683098
KO,2021-11-17,49.35,49.36,49.01,49.24,49.24,13288700,Consumer Goods,49.686,49.763999999999996,49.275,48.327799999999996,49.5275568235182,49.1124338382166,0.4151229853016005,0.46583194130552313,49.51,13756500.0,49.95,8813600.0,49.57,10788300.0,48.00000000000001,-1.4214214214214205,-0.665725237038528,-0.005453443748737574,0.005107333113279993
KO,2021-11-18,49.17,49.25,48.56,48.8,48.8,15380100,Consumer Goods,49.452,49.660000000000004,49.321999999999996,48.327400000000004,49.415625004515405,49.089290590941296,0.3263344135741093,0.43793243575924035,49.24,13288700.0,49.97,7257700.0,49.84,10820200.0,35.517241379310306,-2.3414048429057477,-2.0866773675762618,-0.008935824532900205,0.005221635588545409
KO,2021-11-19,48.82,48.87,48.35,48.55,48.55,15813700,Consumer Goods,49.19199999999999,49.509,49.352000000000004,48.3262,49.28245192689765,49.04934313976046,0.23310878713719063,0.39696770603483045,48.8,15380100.0,49.85,10162500.0,50.06,12886700.0,34.563758389261736,-2.6078234704112413,-3.01638034358771,-0.0051229508196721785,0.004750533454082735
KO,2021-11-22,48.52,49.33,48.51,48.85,48.85,16905600,Consumer Goods,48.989999999999995,49.433,49.4065,48.32299999999999,49.21592086122109,49.03457698125969,0.18134387996140333,0.35384294082014506,48.55,15813700.0,49.86,10289200.0,49.61,12828000.0,41.43302180685365,-2.0256718812675434,-1.531949203789551,0.006179196704428458,0.005054606440443439
KO,2021-11-23,49.02,49.41,48.88,49.21,49.21,13835900,Consumer Goods,48.93,49.379000000000005,49.4685,48.32639999999999,49.21500995949477,49.047571278944154,0.1674386805506174,0.31656208876623954,48.85,16905600.0,49.51,13756500.0,49.75,10155800.0,44.705882352941195,-0.6059381943041786,-1.0854271356783851,0.007369498464687707,0.005658273470389598
KO,2021-11-24,49.06,49.18,48.46,48.81,48.81,12598900,Consumer Goods,48.844,49.265,49.4645,48.31839999999999,49.152700734957115,49.02997340642977,0.12272732852734691,0.277795136718461,49.21,13835900.0,49.24,13288700.0,49.95,8813600.0,35.41076487252123,-0.8732737611697794,-2.2822822822822886,-0.008128429181060715,0.005745953378905176
KO,2021-11-26,48.07,48.22,47.18,47.32,47.32,14754300,Consumer Goods,48.548,49.0,49.363,48.29,48.87074677573295,48.90330870965719,-0.032561933924242226,0.21572372258992037,48.81,12598900.0,48.8,15380100.0,49.97,7257700.0,21.45833333333333,-3.0327868852458972,-5.303181909145483,-0.030526531448473726,0.010495952926462724
KO,2021-11-29,47.6,48.2,47.49,48.07,48.07,22712500,Consumer Goods,48.452000000000005,48.822,49.2845,48.2926,48.74755496408172,48.841582138571475,-0.09402717448975295,0.15377354317398573,47.32,14754300.0,48.55,15813700.0,49.85,10162500.0,34.901960784313744,-0.9886714727085466,-3.5707121364092265,0.01584953508030429,0.012472810710224583
KO,2021-11-30,47.57,47.6,46.54,46.55,46.55,30485200,Consumer Goods,47.992000000000004,48.491,49.1385,48.27139999999999,48.40946958499223,48.67183531349211,-0.26236572849987994,0.0705456888392126,48.07,22712500.0,48.85,16905600.0,49.86,10289200.0,25.308641975308646,-4.708290685772787,-6.638588046530291,-0.031620553359683834,0.015173842090003067
KO,2021-12-01,47.02,47.5,46.4,46.41,46.41,18719600,Consumer Goods,47.432,48.181,48.989000000000004,48.247600000000006,48.10185887960881,48.50429195693714,-0.40243307732832534,-0.024050064394294995,46.55,30485200.0,49.21,13835900.0,49.51,13756500.0,22.42990654205603,-5.689900426742545,-6.261361341143202,-0.003007518796992459,0.015218629620574076
KO,2021-12-02,46.68,47.34,46.6,47.1,47.1,17074200,Consumer Goods,47.089999999999996,47.967,48.8655,48.2362,47.94772674428438,48.40027033049735,-0.4525435862129683,-0.10974876875802966,46.41,18719600.0,48.81,12598900.0,49.24,13288700.0,29.760225669957734,-3.5033804548248337,-4.346060113728678,0.014867485455720919,0.016640397712035244
KO,2021-12-03,47.33,47.58,47.02,47.52,47.52,21064400,Consumer Goods,47.13,47.839,48.7495,48.23480000000001,47.88192262977909,48.33506512083088,-0.4531424910517927,-0.1784275132167823,47.1,17074200.0,47.32,14754300.0,48.8,15380100.0,34.23545331529098,0.4226542688081203,-2.6229508196721207,0.008917197452229297,0.017041542770867436
KO,2021-12-06,48.2,49.03,48.05,48.73,48.73,26624100,Consumer Goods,47.262,47.857,48.683,48.260200000000005,48.01239607135154,48.364319556324894,-0.351923484973355,-0.21312670756809685,47.52,21064400.0,48.07,22712500.0,48.55,15813700.0,43.42258440046566,1.3729977116704761,0.3707518022657119,0.0254629629629628,0.019138645596095755
KO,2021-12-07,48.83,49.18,48.68,49.0,49.0,23832700,Consumer Goods,47.751999999999995,47.872,48.652499999999996,48.29600000000001,48.164335137297456,48.41140699659712,-0.24707185929966613,-0.2199157379144107,48.73,26624100.0,46.55,30485200.0,48.85,16905600.0,47.003525264394845,5.2631578947368585,0.3070624360286489,0.005540734660373525,0.019118783948272454
KO,2021-12-08,48.92,49.12,48.24,48.81,48.81,18026300,Consumer Goods,48.232000000000006,47.832,48.6055,48.345,48.26366819309785,48.44093240425659,-0.17726421115874302,-0.2113854325632772,49.0,23832700.0,46.41,18719600.0,49.21,13835900.0,47.44958481613287,5.171299288946352,-0.8128429181060715,-0.0038775510204080987,0.018998404754845627
KO,2021-12-09,48.59,48.93,48.45,48.69,48.69,13846400,Consumer Goods,48.55,47.82,48.5425,48.386,48.32925770185203,48.45938185579315,-0.13012415394111798,-0.19513317683884535,48.81,18026300.0,47.1,17074200.0,48.81,12598900.0,49.32182490752158,3.375796178343937,-0.24585125998771717,-0.0024585125998771717,0.01883439281332441
KO,2021-12-10,49.03,49.98,48.87,49.95,49.95,23153600,Consumer Goods,49.036,48.083,48.5415,48.4608,48.57860267079787,48.56979801462329,0.008804656174582703,-0.15434561023615972,48.69,13846400.0,47.52,21064400.0,47.32,14754300.0,57.67543859649124,5.1136363636363535,5.557903634826711,0.025878003696857776,0.017068111202076217
KO,2021-12-13,50.57,51.41,50.55,51.26,51.26,31362800,Consumer Goods,49.541999999999994,48.402,48.612,48.5522,48.991125336828965,48.7690722357623,0.22205310106666332,-0.07906586797559512,49.95,23153600.0,48.73,26624100.0,48.07,22712500.0,61.895360315893356,5.191873589164797,6.636155606407312,0.026226226226226057,0.018050652951838043
KO,2021-12-14,50.94,51.62,50.94,51.3,51.3,24806600,Consumer Goods,50.001999999999995,48.876999999999995,48.684,48.6448,49.346336823470665,48.956548366446576,0.38978845702408904,0.01470499702434172,51.26,31362800.0,49.0,23832700.0,46.55,30485200.0,60.652395514780814,4.693877551020398,10.204081632653072,0.0007803355442839166,0.012476529876244855
KO,2021-12-15,51.41,51.7,51.16,51.53,51.53,24923800,Consumer Goods,50.546,49.388999999999996,48.785000000000004,48.7406,49.68228500447518,49.14717441337646,0.5351105910987215,0.11878611583921768,51.3,24806600.0,48.81,18026300.0,46.41,18719600.0,64.10788381742735,5.57262855972136,11.032105149752214,0.0044834307992203115,0.011827945573110383
KO,2021-12-16,51.46,52.25,51.38,52.05,52.05,24696900,Consumer Goods,51.218,49.884,48.9255,48.83560000000001,50.04654884994054,49.36219853090413,0.6843503190364117,0.23189895647865652,51.53,24923800.0,48.69,13846400.0,47.1,17074200.0,77.27797001153398,6.900800985828703,10.509554140127374,0.010091209004463364,0.011731710001458647
KO,2021-12-17,51.91,52.29,51.21,51.23,51.23,51874400,Consumer Goods,51.474000000000004,50.255,49.047000000000004,48.9112,50.228618257642,49.5005541952816,0.7280640623603958,0.33113197765500435,52.05,24696900.0,49.95,23153600.0,47.52,21064400.0,68.07780320366129,2.5625625625625537,7.807239057239035,-0.015754082612872256,0.014318138552152661
KO,2021-12-20,50.76,51.28,50.59,51.07,51.07,20879500,Consumer Goods,51.436,50.489,49.172999999999995,48.9794,50.358061602620154,49.616809440075556,0.7412521625445976,0.41315601463292306,51.23,51874400.0,51.26,31362800.0,48.73,26624100.0,80.62330623306234,-0.37065938353491035,4.801970038990366,-0.003123170017567789,0.01317150623385635
KO,2021-12-21,51.13,51.45,51.06,51.27,51.27,15864900,Consumer Goods,51.42999999999999,50.715999999999994,49.294,49.0496,50.49835981760167,49.739268000069956,0.7590918175317114,0.4823431752126808,51.07,20879500.0,51.3,24806600.0,49.0,23832700.0,82.66129032258067,-0.05847953216373547,4.63265306122449,0.003916193459956974,0.013171081003657764
KO,2021-12-22,51.22,51.64,51.02,51.63,51.63,12447400,Consumer Goods,51.45,50.998,49.415000000000006,49.126999999999995,50.67245830720141,49.879322222286994,0.7931360849144156,0.5445017571530277,51.27,15864900.0,51.53,24923800.0,48.81,18026300.0,81.8565400843882,0.19406171162430486,5.777504609711115,0.00702165008777067,0.012836836399374746
KO,2021-12-23,51.93,52.01,51.42,51.67,51.67,11027300,Consumer Goods,51.374,51.29600000000001,49.558,49.205,50.82592625993965,50.011965020636104,0.8139612393035449,0.5983936535831312,51.63,12447400.0,52.05,24696900.0,48.69,13846400.0,80.83209509658246,-0.730067243035537,6.120353255288569,0.0007747433662599335,0.012647666101102507
KO,2021-12-27,51.47,52.09,51.47,52.05,52.05,9860000,Consumer Goods,51.538,51.50599999999999,49.7945,49.2842,51.01424529687201,50.16293057466306,0.8513147222089543,0.6489778673082959,51.67,11027300.0,51.23,51874400.0,49.95,23153600.0,78.13559322033899,1.6006246340035224,4.204204204204198,0.00735436423456548,0.010610000831306029
KO,2021-12-28,51.83,52.31,51.74,52.25,52.25,8979900,Consumer Goods,51.774,51.605,50.003499999999995,49.3696,51.20436140504555,50.3175283098732,0.8868330951723564,0.696548912881108,52.05,9860000.0,51.07,20879500.0,51.26,31362800.0,77.87307032590053,2.3105541413745767,1.93133047210301,0.003842459173871271,0.007280058958077643
KO,2021-12-29,52.32,52.45,52.06,52.32,52.32,9996000,Consumer Goods,51.984,51.706999999999994,50.292,49.466,51.37599811196162,50.46585954617889,0.9101385657827308,0.7392668434614326,52.25,8979900.0,51.27,15864900.0,51.3,24806600.0,80.73555166374778,2.047981275599753,1.9883040935672502,0.0013397129186603074,0.007272314303962208
KO,2021-12-30,52.41,52.56,52.15,52.17,52.17,7703900,Consumer Goods,52.092,51.771,50.58,49.555600000000005,51.49815224858291,50.592092172387865,0.9060600761950468,0.7726254900081555,52.32,9996000.0,51.63,12447400.0,51.53,24923800.0,80.31358885017428,1.045903544450888,1.2419949543954978,-0.0028669724770642446,0.00736370614523956
KO,2021-12-31,52.14,52.67,52.09,52.55,52.55,10021300,Consumer Goods,52.26800000000001,51.821000000000005,50.852500000000006,49.6444,51.65997497957015,50.737122381840614,0.9228525977295376,0.802670911552432,52.17,7703900.0,51.67,11027300.0,52.05,24696900.0,76.74897119341566,1.7031159280046282,0.9606147934678289,0.007283879624305101,0.007035813871065779
KO,2022-01-03,52.2,52.64,51.81,52.63,52.63,20187300,Consumer Goods,52.384,51.961,51.108,49.739799999999995,51.809209598097816,50.87733553874131,0.9318740593565025,0.8285115411132462,52.55,10021300.0,52.05,9860000.0,51.23,51874400.0,68.87052341597804,1.1143131604226753,2.7327737653718653,0.0015223596574691634,0.003887014777002387
KO,2022-01-04,53.01,53.73,52.88,53.51,53.51,26141600,Consumer Goods,52.636,52.205,51.347,49.851000000000006,52.070869659928924,51.072347721056765,0.9985219388721589,0.8625136206650288,52.63,20187300.0,52.25,8979900.0,51.07,20879500.0,74.72035794183451,2.411483253588509,4.77775602114745,0.016720501615048455,0.005364586967871178
KO,2022-01-05,53.33,54.31,53.29,53.95,53.95,22507300,Consumer Goods,52.962,52.473,51.594500000000004,49.974799999999995,52.35996663532447,51.28550714912663,1.0744594861978385,0.9049027937715908,53.51,26141600.0,52.32,9996000.0,51.27,15864900.0,75.85470085470092,3.1154434250764584,5.227228398673689,0.008222762100541958,0.00546736235070476
KO,2022-01-06,53.67,54.24,53.64,53.67,53.67,17902300,Consumer Goods,53.262,52.677,51.8375,50.0888,52.56151022988994,51.46213624919132,1.0993739806986227,0.9437970311569972,53.95,22507300.0,52.17,7703900.0,51.63,12447400.0,68.2432432432433,2.875215641173079,3.951191167925616,-0.005189990732159422,0.00629667846729204
KO,2022-01-07,53.5,53.89,53.3,53.54,53.54,12307900,Consumer Goods,53.46,52.864,52.080000000000005,50.1818,52.71204711759918,51.61605208258455,1.0959950350146244,0.9742366319285227,53.67,17902300.0,52.55,10021300.0,51.67,11027300.0,80.80000000000004,1.8839200761179953,3.619121347009857,-0.002422209800633568,0.006549104573283173
KO,2022-01-10,53.74,53.98,53.41,53.63,53.63,20954300,Consumer Goods,53.660000000000004,53.022000000000006,52.263999999999996,50.267399999999995,52.853270637968535,51.76523340980051,1.0880372281680266,0.9969967511764236,53.54,12307900.0,52.63,20187300.0,52.05,9860000.0,84.78260869565214,1.9000570017100538,3.0355427473583108,0.0016809861785580527,0.006430538544132206
KO,2022-01-11,53.63,53.68,53.11,53.65,53.65,19369600,Consumer Goods,53.688,53.162,52.383500000000005,50.3476,52.975844385973375,51.90484574981529,1.0709986361580874,1.0117971281727565,53.63,20954300.0,53.51,26141600.0,52.25,8979900.0,83.99999999999993,0.26163333956270574,2.6794258373205704,0.00037292560134249975,0.006474283128247817
KO,2022-01-12,53.72,53.86,53.42,53.73,53.73,15753800,Consumer Goods,53.644000000000005,53.303,52.50500000000001,50.43280000000001,53.09186832659286,52.04004236094008,1.0518259656527817,1.0198028956687617,53.65,19369600.0,53.95,22507300.0,52.32,9996000.0,82.60869565217384,-0.4077849860982474,2.6949541284403633,0.0014911463187325946,0.006471011504230153
KO,2022-01-13,53.73,54.17,53.59,54.05,54.05,14318000,Consumer Goods,53.71999999999999,53.491,52.63099999999999,50.5258,53.23927319942473,52.188928111981554,1.0503450874431763,1.0259113340236445,53.73,15753800.0,53.67,17902300.0,52.17,7703900.0,83.99999999999993,0.7080305571082413,3.603603603603589,0.005955704448166843,0.006227324459599528
KO,2022-01-14,54.08,54.54,53.57,54.48,54.48,19729600,Consumer Goods,53.907999999999994,53.684000000000005,52.7525,50.623999999999995,53.430154245667076,52.35863714072366,1.0715171049434176,1.0350324882075992,54.05,14318000.0,53.54,12307900.0,52.55,10021300.0,84.225352112676,1.7556966753828895,3.67269267364414,0.007955596669750209,0.00627534758480122
KO,2022-01-18,54.19,54.3,53.65,54.05,54.05,21976700,Consumer Goods,53.992,53.826,52.893499999999996,50.708200000000005,53.52551513094907,52.48392327844783,1.0415918525012344,1.0363443610663263,54.48,19729600.0,53.63,20954300.0,52.63,20187300.0,73.80952380952377,0.7831437628193161,2.6980809424282715,-0.007892804698972133,0.007256465730310068
KO,2022-01-19,53.83,54.3,53.75,54.14,54.14,18654700,Consumer Goods,54.089999999999996,53.888999999999996,53.047000000000004,50.78979999999999,53.62005126464921,52.60659562819244,1.0134556364567757,1.0317666161444163,54.05,21976700.0,53.65,19369600.0,53.51,26141600.0,73.9473684210526,0.9133271202236726,1.1773500280321425,0.0016651248843664312,0.005327282026713125
KO,2022-01-20,54.14,54.53,53.89,53.91,53.91,23002400,Consumer Goods,54.126,53.885000000000005,53.178999999999995,50.8758,53.66465876239549,52.70314410017818,0.9615146622173114,1.0177162253589955,54.14,18654700.0,53.73,15753800.0,53.95,22507300.0,72.42268041237101,0.3350083752093891,-0.07414272474514094,-0.004248245289989017,0.00494222200818696
KO,2022-01-21,54.21,54.4,53.6,53.65,53.65,26643200,Consumer Goods,54.04599999999999,53.882999999999996,53.279999999999994,50.9538,53.6624035681808,52.77328157423906,0.8891219939417425,0.991997379075545,53.91,23002400.0,54.05,14318000.0,53.67,17902300.0,64.62765957446805,-0.7400555041628065,-0.03726476616360275,-0.004822852902986452,0.004901097856373149
KO,2022-01-24,53.16,53.56,51.98,53.21,53.21,30185100,Consumer Goods,53.791999999999994,53.85,53.357000000000006,51.019,53.592803019229905,52.805631087258384,0.7871719319715211,0.9510322896547403,53.65,26643200.0,54.48,19729600.0,53.54,12307900.0,57.03883495145628,-2.3311306901615203,-0.6163615988046267,-0.008201304753028826,0.005516998827008591
KO,2022-01-25,52.68,53.29,52.09,53.09,53.09,19027100,Consumer Goods,53.6,53.79600000000001,53.409000000000006,51.0814,53.51544870857915,52.82669545116517,0.6887532574139783,0.8985764832065879,53.21,30185100.0,54.05,21976700.0,53.63,20954300.0,43.75000000000009,-1.7761332099907379,-1.0068991236248381,-0.002255215185115511,0.0054760948659190265
KO,2022-01-26,53.06,53.56,52.55,52.89,52.89,19190200,Consumer Goods,53.35,53.71999999999999,53.440999999999995,51.1422,53.4192258303362,52.83138467700479,0.5878411533314107,0.8364294172315525,53.09,19027100.0,54.14,18654700.0,53.65,19369600.0,33.0128205128205,-2.308828961950493,-1.4165890027958983,-0.0037671877943116217,0.0055172810045233025
KO,2022-01-27,53.14,54.07,52.8,52.94,52.94,18893800,Consumer Goods,53.15599999999999,53.641,53.472,51.2038,53.345498779515246,52.83943025648592,0.5060685230293274,0.7703572383911075,52.89,19190200.0,53.91,23002400.0,53.73,15753800.0,37.370242214532816,-1.7992951214987896,-1.4703145356411707,0.0009453582907921199,0.0054879928942982055
KO,2022-01-28,52.71,54.04,52.31,53.99,53.99,19101500,Consumer Goods,53.224000000000004,53.635000000000005,53.563,51.29339999999999,53.44465281343598,52.924657644894374,0.5199951685416053,0.7202848244212071,52.94,18893800.0,53.65,26643200.0,54.05,14318000.0,55.90551181102366,0.6337371854613361,-0.11100832562441765,0.01983377408386855,0.008501093806379314
KO,2022-01-31,53.51,54.26,53.38,54.14,54.14,22045300,Consumer Goods,53.410000000000004,53.601,53.6425,51.391400000000004,53.5516293036766,53.014683004531825,0.5369462991447733,0.6836171193659204,53.99,19101500.0,53.21,30185100.0,54.48,19729600.0,56.589147286821685,1.7477917684645794,-0.6240822320117356,0.002778292276347516,0.008105886841784829
KO,2022-02-01,54.06,54.26,53.39,53.75,53.75,20841700,Consumer Goods,53.54200000000001,53.571000000000005,53.6985,51.4904,53.582147872341736,53.06915093012206,0.5129969422196723,0.6494930839366708,54.14,22045300.0,53.09,19027100.0,54.05,21976700.0,51.179245283018886,1.243171972122803,-0.5550416281220993,-0.007203546361285618,0.008039611056802409
KO,2022-02-02,53.8,54.38,53.75,54.3,54.3,20225600,Consumer Goods,53.824,53.587,53.738,51.6054,53.69258666121224,53.160324935298206,0.532261725914033,0.6260468123321432,53.75,20841700.0,52.89,19190200.0,54.14,18654700.0,56.05095541401275,2.665910380034031,0.2955301071296601,0.01023255813953483,0.00872640084284527
KO,2022-02-03,54.08,54.83,53.77,54.68,54.68,19440500,Consumer Goods,54.172000000000004,53.664,53.7745,51.72200000000001,53.844496405641124,53.272893458609445,0.5716029470316784,0.6151580392720503,54.3,20225600.0,52.94,18893800.0,53.91,23002400.0,56.60377358490569,3.28673970532678,1.4283064366536813,0.006998158379373898,0.008795360627211207
KO,2022-02-04,54.57,54.74,53.75,54.1,54.1,17403700,Consumer Goods,54.193999999999996,53.709,53.79600000000001,51.81980000000001,53.883804650927104,53.33416060982356,0.5496440411035408,0.6020552396383484,54.68,19440500.0,53.99,19101500.0,53.65,26643200.0,46.138211382113866,0.20374143359880303,0.8387698042870539,-0.01060716898317482,0.009421901945850325
KO,2022-02-07,54.47,54.77,54.01,54.67,54.67,17846400,Consumer Goods,54.3,53.855,53.8525,51.937000000000005,54.00475778155371,53.433111675762554,0.571646105791153,0.5959734128689094,54.1,17403700.0,54.14,22045300.0,53.21,30185100.0,56.12648221343878,0.9789434798670227,2.743845141890633,0.010536044362292163,0.00927831305348976
KO,2022-02-08,54.87,55.32,54.79,55.02,55.02,18771700,Consumer Goods,54.553999999999995,54.048,53.922000000000004,52.091,54.16094889208391,53.5506589590394,0.6102899330445055,0.5988367169040286,54.67,17846400.0,53.75,20841700.0,53.09,19027100.0,58.27067669172934,2.3627906976744217,3.6353362215106433,0.006402048655569814,0.00916266435891099
KO,2022-02-09,55.17,55.31,54.05,54.17,54.17,23595600,Consumer Goods,54.528,54.176,53.948,52.213,54.162341370224844,53.59653607318463,0.5658052970402139,0.5922304329312658,55.02,18771700.0,54.3,20225600.0,52.89,19190200.0,52.18855218855223,-0.23941068139962107,2.4201172244280533,-0.015448927662668144,0.010805740248168582
KO,2022-02-10,53.57,55.29,53.43,54.47,54.47,23561500,Consumer Goods,54.486000000000004,54.32899999999999,53.98499999999999,52.3714,54.20967346711333,53.661237104800584,0.5484363623127493,0.5834716188075625,54.17,23595600.0,54.68,19440500.0,52.94,18893800.0,56.85618729096991,-0.3840526700804703,2.8900642236494134,0.005538120731031881,0.010832410652221432
KO,2022-02-11,54.82,55.01,53.38,53.51,53.51,22781400,Consumer Goods,54.367999999999995,54.28099999999999,53.95799999999999,52.51339999999999,54.102031395249746,53.650034356296835,0.45199703895291066,0.5571767028366321,54.47,23561500.0,54.1,17403700.0,53.99,19101500.0,52.307692307692285,-1.0905730129390112,-0.889053528431194,-0.017624380392876837,0.010804838897317624
KO,2022-02-14,53.39,53.95,52.61,53.85,53.85,23641300,Consumer Goods,54.20399999999999,54.251999999999995,53.9265,52.6484,54.06325733444209,53.66484662620077,0.39841070824132174,0.5254235039175701,53.51,22781400.0,54.67,17846400.0,54.14,22045300.0,55.654761904761884,-1.499908542162065,-0.5356483191725103,0.006353952532237139,0.010995364751864658
KO,2022-02-15,54.1,54.83,53.81,54.06,54.06,13408700,Consumer Goods,54.012,54.283,53.927,52.7792,54.06275620606638,53.69411724648219,0.3686389595841888,0.49406659505089384,53.85,23641300.0,55.02,18771700.0,53.75,20841700.0,58.69242199108471,-1.7448200654307522,0.5767441860465183,0.003899721448467952,0.010800110237004123
KO,2022-02-16,54.01,54.49,53.75,54.05,54.05,15484700,Consumer Goods,53.988,54.258,53.9225,52.8856,54.0607937128254,53.72047893192796,0.3403147808974438,0.46331623222020385,54.06,13408700.0,54.17,23595600.0,54.3,20225600.0,58.295964125560516,-0.22152482924128192,-0.4604051565377576,-0.00018497965223829294,0.01025964361911093
KO,2022-02-17,53.74,55.27,53.61,55.13,55.13,21468700,Consumer Goods,54.120000000000005,54.303,53.98350000000001,53.008199999999995,54.22528698777534,53.824887899933294,0.4003990878420467,0.45073280334457244,54.05,15484700.0,54.47,23561500.0,54.68,19440500.0,58.48214285714284,1.211676152010277,0.8229700073153046,0.019981498612396065,0.011979220065078159
KO,2022-02-18,55.13,55.75,55.01,55.5,55.5,21975000,Consumer Goods,54.51800000000001,54.443000000000005,54.076,53.141999999999996,54.42139668196375,53.948970277716015,0.4724264042477344,0.45507152352520486,55.13,21468700.0,53.51,22781400.0,54.1,17403700.0,59.79827089337173,3.7189310409269316,2.5878003696857554,0.006711409395973034,0.011369614972684473
KO,2022-02-22,55.4,55.59,54.77,55.27,55.27,21731400,Consumer Goods,54.802,54.503,54.178999999999995,53.273599999999995,54.55195103858471,54.04682433121853,0.5051267073661805,0.4650825602934,55.5,21975000.0,53.85,23641300.0,54.67,17846400.0,61.20943952802361,2.6369545032497665,1.0974940552405332,-0.004144144144144102,0.011179585512495926
KO,2022-02-23,55.24,55.32,54.44,54.66,54.66,19248500,Consumer Goods,54.922000000000004,54.467000000000006,54.25750000000001,53.36780000000001,54.56857395572552,54.09224475112827,0.47632920459724915,0.46733188915416984,55.27,21731400.0,54.06,13408700.0,55.02,18771700.0,52.63157894736841,1.1098779134295134,-0.654307524536546,-0.01103672878595996,0.01162045489628968
KO,2022-02-24,53.22,53.8,52.56,53.7,53.7,27207400,Consumer Goods,54.852,54.42,54.298,53.416599999999995,54.43494719330621,54.06318958437802,0.3717576089281849,0.4482170331089729,54.66,19248500.0,54.05,15484700.0,54.17,23595600.0,43.39622641509437,-0.6475485661424529,-0.8676389145283347,-0.01756311745334782,0.01193567819629311
KO,2022-02-25,54.08,55.82,54.06,55.78,55.78,21487800,Consumer Goods,54.982000000000006,54.551,54.44,53.5062,54.641878394336025,54.19036072627594,0.45151766806008453,0.44887716009919526,53.7,27207400.0,55.13,21468700.0,54.47,23561500.0,59.41704035874438,1.1790313803736518,2.404993574444658,0.03873370577281188,0.017304934804594985
KO,2022-02-28,54.71,55.32,54.5,55.24,55.24,25879100,Consumer Goods,54.93000000000001,54.724000000000004,54.5025,53.5804,54.73389710289972,54.26811178358883,0.4657853193108892,0.45225879194153407,55.78,21487800.0,55.5,21975000.0,53.51,22781400.0,53.2058492688414,-0.4684684684684637,3.233040553167643,-0.00968088920760124,0.016438500616518397
KO,2022-03-01,55.15,55.69,54.59,55.0,55.0,15871100,Consumer Goods,54.876,54.839,54.54549999999999,53.639399999999995,54.77483601014591,54.32232572554521,0.45251028460069875,0.45230909047336704,55.24,25879100.0,55.27,21731400.0,53.85,23641300.0,49.88610478359907,-0.4885109462637982,2.135561745589598,-0.00434467776973213,0.016565820982808652
KO,2022-03-02,55.23,55.8,54.83,55.4,55.4,17319100,Consumer Goods,55.024,54.973,54.628,53.72280000000001,54.87101508550808,54.4021534495789,0.46886163592917995,0.45561959956452963,55.0,15871100.0,54.66,19248500.0,54.06,13408700.0,57.382953181272484,1.353823637028917,2.4787273399925924,0.0072727272727273196,0.016637617351292242
KO,2022-03-03,55.56,55.93,55.28,55.44,55.44,21262800,Consumer Goods,55.372,55.112,54.685,53.8102,54.95855122619914,54.479030971832316,0.4795202543668253,0.4603997305249888,55.4,17319100.0,53.7,27207400.0,54.05,15484700.0,56.00991325898388,3.2402234636871308,2.57169287696577,0.0007220216606498298,0.01662336882092231
KO,2022-03-04,54.54,55.55,54.31,55.53,55.53,17163000,Consumer Goods,55.322,55.152,54.7275,53.8954,55.04646642216851,54.55688052947437,0.4895858926941372,0.46623696295881845,55.44,21262800.0,55.78,21487800.0,55.13,21468700.0,64.02777777777777,-0.4481893151667249,0.7255577725376439,0.0016233766233766378,0.01547239814048053
KO,2022-03-07,55.03,55.09,53.89,54.21,54.21,29151400,Consumer Goods,55.116,55.023,54.733000000000004,53.946999999999996,54.91777928029643,54.53118567543923,0.38659360485719674,0.45030829133849415,55.53,17163000.0,55.24,25879100.0,55.5,21975000.0,52.200488997555006,-1.864590876176686,-2.324324324324323,-0.02377093462992974,0.017101705916336928
KO,2022-03-08,54.54,54.61,52.0,52.06,52.06,30242100,Consumer Goods,54.528,54.702,54.6025,53.9548,54.47812092948159,54.34813488466595,0.12998604481563802,0.386243842033923,54.21,29151400.0,55.0,15871100.0,55.27,21731400.0,40.11857707509881,-5.345454545454542,-5.807852361136245,-0.03966057922892452,0.02082799552956199
KO,2022-03-09,53.09,53.11,52.06,52.33,52.33,23022700,Consumer Goods,53.914,54.46900000000001,54.467999999999996,53.9604,54.147640786484416,54.19864341172774,-0.051002625243320665,0.29879454857847426,52.06,30242100.0,55.4,17319100.0,54.66,19248500.0,41.71483622350675,-5.541516245487365,-4.262714965239656,0.005186323472915699,0.02100330387556648
KO,2022-03-10,51.9,52.06,51.03,51.37,51.37,20887300,Consumer Goods,53.1,54.236000000000004,54.327999999999996,53.942800000000005,53.72031143471758,53.98911427011828,-0.2688028354006988,0.18527507178263966,52.33,23022700.0,55.44,21262800.0,53.7,27207400.0,31.676413255360572,-7.341269841269837,-4.338919925512119,-0.01834511752340917,0.021060179013902273
KO,2022-03-11,51.44,52.23,51.35,51.4,51.4,19855600,Consumer Goods,52.274,53.798,54.1745,53.9244,53.36334044476103,53.79732802788729,-0.4339875831262603,0.06142254080085968,51.37,20887300.0,55.53,17163000.0,55.78,21487800.0,29.33467741935482,-7.437421213758332,-7.852276801721048,0.0005839984426707634,0.014995588820897255
KO,2022-03-14,51.84,52.8,51.84,52.35,52.35,17799400,Consumer Goods,51.902,53.509,54.11650000000001,53.928000000000004,53.20744191479779,53.69011854434009,-0.48267662954229706,-0.04739729326777167,51.4,19855600.0,54.21,29151400.0,55.24,25879100.0,36.2781954887218,-3.4311012728278856,-5.2317161477190455,0.018482490272373697,0.017144221538800356
KO,2022-03-15,52.83,53.56,52.74,53.32,53.32,18607200,Consumer Goods,52.153999999999996,53.340999999999994,54.089999999999996,53.943400000000004,53.224758543290434,53.66270235587045,-0.43794381258001636,-0.1255065971302206,52.35,17799400.0,52.06,30242100.0,55.0,15871100.0,43.909090909090914,2.420284287360741,-3.0545454545454542,0.018529130850047704,0.018727529770597863
KO,2022-03-16,53.46,53.6,52.41,53.17,53.17,17347300,Consumer Goods,52.322,53.11800000000001,54.045500000000004,53.9542,53.21633415201498,53.62620588506523,-0.4098717330502524,-0.182379624314227,53.32,18607200.0,52.33,23022700.0,55.4,17319100.0,47.39941118743865,1.6051977832983066,-4.025270758122734,-0.002813203300825129,0.01838500082645767
KO,2022-03-17,53.17,53.78,52.97,53.74,53.74,15586200,Consumer Goods,52.79600000000001,52.948,54.03000000000001,53.958800000000004,53.29689812862806,53.634635078764106,-0.33773695013604765,-0.21345108947859115,53.17,17347300.0,51.37,20887300.0,55.44,21262800.0,38.248847926267274,4.613587697099475,-3.0663780663780615,0.0107203310137296,0.018930849322282506
KO,2022-03-18,53.92,53.92,53.4,53.75,53.75,30197800,Consumer Goods,53.266,52.769999999999996,53.961,53.954800000000006,53.36660610883912,53.64318062848528,-0.27657451964616087,-0.22607577551210511,53.74,15586200.0,51.4,19855600.0,55.53,17163000.0,40.85889570552146,4.571984435797671,-3.205474518278406,0.0001860811313731947,0.018897726052181298
KO,2022-03-21,54.1,54.64,53.88,54.17,54.17,17440100,Consumer Goods,53.63000000000001,52.766,53.894499999999994,53.9648,53.49020516901772,53.68220428563452,-0.19199911661679891,-0.21926044373304387,53.75,30197800.0,52.35,17799400.0,54.21,29151400.0,45.01800720288116,3.4765998089780314,-0.07378712414684019,0.007813953488372105,0.01765584707751851
KO,2022-03-22,54.49,54.51,53.71,54.37,54.37,17559500,Consumer Goods,53.84000000000001,52.997,53.8495,53.9814,53.62555821993807,53.73315211632826,-0.1075938963901919,-0.1969271342644735,54.17,17440100.0,53.32,18607200.0,52.06,30242100.0,43.66543665436654,1.9692423105776458,4.43718786016134,0.0036920804873545876,0.010813363702540343
KO,2022-03-23,54.33,54.53,53.66,54.01,54.01,15529200,Consumer Goods,54.008,53.165,53.81699999999999,53.989,53.68470310917837,53.75365936697061,-0.06895625779223735,-0.17133295897002626,54.37,17559500.0,53.17,17347300.0,52.33,23022700.0,41.53846153846153,1.579838254654864,3.210395566596591,-0.006621298510207874,0.011349759712974257
KO,2022-03-24,54.23,54.57,54.07,54.53,54.53,13151300,Consumer Goods,54.166,53.48100000000001,53.85850000000001,54.0066,53.81474878468939,53.811166080528345,0.0035827041610474453,-0.13634982634381154,54.01,15529200.0,53.74,15586200.0,51.37,20887300.0,44.369369369369366,1.4700409378489043,6.151450262799307,0.009627846695056563,0.008543690309085196
KO,2022-03-25,54.66,55.1,54.59,55.02,55.02,12259800,Consumer Goods,54.42,53.843,53.8205,54.032399999999996,54.00017204858333,53.90070933382254,0.09946271476079005,-0.08918731812289124,54.53,13151300.0,53.75,30197800.0,51.4,19855600.0,55.03105590062113,2.3627906976744217,7.042801556420253,0.00898587933247752,0.00836086514412869
KO,2022-03-28,55.02,55.39,54.74,55.37,55.37,11485200,Consumer Goods,54.660000000000004,54.145,53.827,54.0588,54.21091481033974,54.00954567946531,0.20136913087442565,-0.03107602832342786,55.02,12259800.0,54.17,17440100.0,52.35,17799400.0,76.47999999999999,2.2152482924127748,5.768863419293213,0.006361323155216203,0.00730006622593547
KO,2022-03-29,55.63,55.92,55.21,55.59,55.59,14720600,Consumer Goods,54.903999999999996,54.372,53.8565,54.081,54.42308176259516,54.126616369875286,0.29646539271987393,0.0344322558852325,55.37,11485200.0,54.37,17559500.0,53.32,18607200.0,76.2903225806452,2.243884495126003,4.257314328582162,0.003973270724219047,0.005728280391812042
KO,2022-03-30,55.45,55.63,55.05,55.63,55.63,13641000,Consumer Goods,55.227999999999994,54.61800000000001,53.86800000000001,54.1126,54.60876149142668,54.237978120254894,0.3707833711717825,0.1017024789425425,55.59,14720600.0,54.01,15529200.0,53.17,17347300.0,90.34090909090912,2.999444547306074,4.626669174346443,0.0007195538765965015,0.0053442732766558745
KO,2022-03-31,55.64,56.02,55.44,55.44,55.44,16822900,Consumer Goods,55.410000000000004,54.788,53.867999999999995,54.1386,54.736644338899495,54.32701677801379,0.40962756088570274,0.16328749533117456,55.63,13641000.0,54.53,13151300.0,53.74,15586200.0,87.13235294117644,1.6688061617458283,3.163379233345731,-0.0034154233327342576,0.005398852634850344
KO,2022-04-01,55.74,56.29,55.52,56.22,56.22,12644900,Consumer Goods,55.65,55.035000000000004,53.902499999999996,54.1848,54.96485290214573,54.46723775742018,0.49761514472555035,0.2301530252100497,55.44,16822900.0,55.02,12259800.0,53.75,30197800.0,86.71726755218212,2.1810250817884347,4.59534883720929,0.01406926406926412,0.006271544617847095
KO,2022-04-04,55.98,56.15,55.19,55.93,55.93,11505800,Consumer Goods,55.762,55.211,53.9885,54.2304,55.11333707104639,54.57559051612979,0.5377465549165947,0.29167173115135875,56.22,12644900.0,55.37,11485200.0,54.17,17440100.0,78.43137254901958,1.0113780025284402,3.249030828872068,-0.005158306652436884,0.006831290084603705
KO,2022-04-05,55.8,56.55,55.78,55.86,55.86,15721200,Consumer Goods,55.815999999999995,55.36,54.1785,54.2834,55.228208290885405,54.67073195937944,0.557476331505967,0.3448326512222804,55.93,11505800.0,55.59,14720600.0,54.37,17559500.0,79.8226164079822,0.48569886670264406,2.7404818833915767,-0.0012515644555695093,0.006971055942907553
KO,2022-04-06,56.13,56.57,55.71,56.43,56.43,19267400,Consumer Goods,55.976,55.602,54.383500000000005,54.350199999999994,55.41309932305688,54.80104811053652,0.6120512125203632,0.398276363481897,55.86,15721200.0,55.63,13641000.0,54.01,15529200.0,79.8226164079822,1.4380729822038418,4.480651731160901,0.010204081632652962,0.006476437433631701
KO,2022-04-07,56.45,56.94,56.08,56.73,56.73,13960800,Consumer Goods,56.234,55.822,54.6515,54.427,55.61569942720198,54.94393343568197,0.6717659915200116,0.4529742890895199,56.43,19267400.0,55.44,16822900.0,54.53,13151300.0,81.0416666666666,2.3268398268398327,4.034476434989909,0.005316321105794719,0.006229396950091712
KO,2022-04-08,56.77,57.27,56.48,57.08,57.08,12703500,Consumer Goods,56.40599999999999,56.028,54.935500000000005,54.5098,55.840976438401675,55.10216058859442,0.7388158498072528,0.5101426012330665,56.73,13960800.0,56.22,12644900.0,55.02,12259800.0,80.76109936575047,1.529704731412318,3.7440930570701525,0.006169575180680509,0.006038701202983579
KO,2022-04-11,57.15,57.5,56.91,57.06,57.06,12720100,Consumer Goods,56.63199999999999,56.197,55.17099999999999,54.5712,56.02851852480141,55.24718573018002,0.7813327946213917,0.5643806399107316,57.08,12703500.0,55.93,11505800.0,55.37,11485200.0,79.56043956043959,2.020382621133554,3.052194329059077,-0.0003503854239662596,0.006082721501111517
KO,2022-04-12,57.57,57.96,57.13,57.73,57.73,18089900,Consumer Goods,57.00599999999999,56.411,55.39149999999999,54.642999999999994,56.2902849056012,55.43109789831483,0.8591870072863657,0.6233419133858584,57.06,12720100.0,55.86,15721200.0,55.59,14720600.0,88.2716049382716,3.347654851414239,3.8496132397913163,0.011742025937609535,0.006683366395712411
KO,2022-04-13,57.63,58.01,57.44,57.89,57.89,11883000,Consumer Goods,57.298,56.637,55.6275,54.7258,56.536394920124096,55.613238794735956,0.9231561253881395,0.6833047557863147,57.73,18089900.0,56.43,19267400.0,55.63,13641000.0,87.33333333333333,2.5872762714868047,4.062556174725862,0.0027715226052313913,0.006609215042575777
KO,2022-04-14,58.09,58.64,57.97,58.15,58.15,16388400,Consumer Goods,57.58200000000001,56.908,55.848,54.802800000000005,56.78464185548962,55.801147032162916,0.9834948233267014,0.743342769294392,57.89,11883000.0,56.73,13960800.0,55.44,16822900.0,86.6510538641686,2.5030847875903373,4.888167388167397,0.004491276558991064,0.006073468764203141
KO,2022-04-18,57.92,58.29,57.39,57.63,57.63,11679400,Consumer Goods,57.69199999999999,57.049,56.041999999999994,54.861799999999995,56.914696954645066,55.93661762237307,0.9780793322719958,0.7902900818899129,58.15,16388400.0,57.08,12703500.0,56.22,12644900.0,75.45045045045052,0.9635599159075081,2.5080042689434423,-0.008942390369733433,0.006514779399387128
KO,2022-04-19,57.68,58.35,57.63,58.19,58.19,11993800,Consumer Goods,57.91799999999999,57.275,56.24300000000001,54.943599999999996,57.110897423161205,56.103534835530624,1.0073625876305812,0.8337045830380466,57.63,11679400.0,57.06,12720100.0,55.93,11505800.0,77.19665271966528,1.9803715387311627,4.040765242267108,0.00971716120076338,0.0062655521394825745
KO,2022-04-20,58.52,59.24,58.48,58.99,58.99,14827100,Consumer Goods,58.17,57.588,56.474000000000004,55.03,57.39999012729025,56.317347069935764,1.0826430573544883,0.883492277901335,58.19,11993800.0,57.73,18089900.0,55.86,15721200.0,80.32490974729245,2.1825740516196124,5.6032939491586164,0.01374806667812356,0.006655477210918121
KO,2022-04-21,59.0,59.92,58.77,59.21,59.21,15120400,Consumer Goods,58.434000000000005,57.86600000000001,56.734,55.1138,57.678453184630214,56.53161765734793,1.1468355272822848,0.936160927777525,58.99,14827100.0,57.89,11883000.0,56.43,19267400.0,83.84201077199293,2.2801865607186,4.926457558036512,0.003729445668757325,0.00645756132778917
KO,2022-04-22,59.09,59.33,58.29,58.35,58.35,14902200,Consumer Goods,58.474000000000004,58.028000000000006,56.925,55.197399999999995,57.78176807930249,56.66631264569253,1.1154554336099594,0.972019828944012,59.21,15120400.0,58.15,16388400.0,56.73,13960800.0,68.84955752212397,0.34393809114359186,2.8556319407720965,-0.014524573551764841,0.008886102214631179
KO,2022-04-25,59.92,60.09,57.93,58.97,58.97,25082000,Consumer Goods,58.742000000000004,58.217,57.1225,55.2874,57.96457299017902,56.83695615341901,1.1276168367600121,1.003139230507212,58.35,14902200.0,57.63,11679400.0,57.08,12703500.0,75.41806020066896,2.325177858754124,3.3111422564821247,0.010625535561268107,0.009177708696510122
KO,2022-04-26,58.59,59.35,58.16,58.17,58.17,21982600,Consumer Goods,58.738,58.32800000000001,57.2625,55.3806,57.996177145536095,56.935700142054635,1.0604770034814592,1.0146067851020615,58.97,25082000.0,58.19,11993800.0,57.06,12720100.0,67.21311475409843,-0.03437016669529669,1.9453207150367913,-0.013566220111921323,0.01060278570897575
KO,2022-04-27,58.13,59.27,58.13,58.63,58.63,16971000,Consumer Goods,58.66600000000001,58.418000000000006,57.4145,55.4762,58.09368835391516,57.06120383523577,1.0324845186793894,1.0181823318175272,58.17,21982600.0,58.99,14827100.0,57.73,18089900.0,66.66666666666674,-0.6102729276148522,1.558981465442577,0.00790785628330748,0.010274767245640465
KO,2022-04-28,57.82,59.27,57.68,59.19,59.19,22010600,Consumer Goods,58.662,58.548,57.592499999999994,55.5788,58.262351684082056,57.218892440033116,1.0434592440489396,1.0232377142638096,58.63,16971000.0,59.21,15120400.0,57.89,11883000.0,67.93002915451902,-0.033778078027368874,2.2456382794955987,0.009551424185570534,0.010580122540599644
KO,2022-04-29,58.91,59.05,57.67,57.78,57.78,20137100,Consumer Goods,58.548,58.51099999999999,57.709500000000006,55.653400000000005,58.188143732684814,57.260455962993625,0.9276877696911896,1.0041277253492857,59.19,22010600.0,58.35,14902200.0,58.15,16388400.0,54.41919191919195,-0.9768637532133639,-0.6362854686156494,-0.023821591485048144,0.013347238479162806
KO,2022-05-02,58.38,58.4,55.96,56.73,56.73,24970300,Consumer Goods,58.1,58.42099999999999,57.735,55.6854,57.96381392765638,57.221162928697794,0.7426509989585881,0.9518323800711463,57.78,20137100.0,58.97,25082000.0,57.63,11679400.0,48.15642458100555,-3.7985416313379705,-1.5616866215512837,-0.018172377985462118,0.014278175732069149
KO,2022-05-03,56.98,57.18,56.04,56.41,56.41,21686300,Consumer Goods,57.748000000000005,58.24300000000001,57.759,55.70360000000001,57.72476563109387,57.16107678583129,0.5636888452625755,0.8742036731094323,56.73,24970300.0,58.17,21982600.0,58.19,11993800.0,42.32558139534882,-3.0256145779611554,-3.05894483588246,-0.005640754450907837,0.013756329546326525
KO,2022-05-04,56.34,58.23,56.29,58.15,58.15,19780200,Consumer Goods,57.652,58.159000000000006,57.8735,55.7612,57.79018630323327,57.234330357251196,0.5558559459820742,0.8105341276839607,56.41,21686300.0,58.63,16971000.0,58.99,14827100.0,51.277013752455794,-0.8186935016203378,-1.4239701644346514,0.030845594752703542,0.016797755967128448
KO,2022-05-05,57.85,58.15,57.24,57.69,57.69,20155200,Consumer Goods,57.352,58.00699999999999,57.9365,55.821799999999996,57.77477302581276,57.26808366412148,0.5066893616912864,0.7497651744854259,58.15,19780200.0,59.19,22010600.0,59.21,15120400.0,47.78420038535644,-2.5342118601115016,-2.5671339300793794,-0.007910576096302635,0.016813301520909332
KO,2022-05-06,57.41,58.4,57.3,57.89,57.89,18984000,Consumer Goods,57.374,57.96099999999999,57.994499999999995,55.90559999999999,57.7925002526108,57.31415154085322,0.4783487117575831,0.6954818819398574,57.69,20155200.0,57.78,20137100.0,58.35,14902200.0,51.292246520874734,0.19037729318103214,-0.7883461868037678,0.003466805338880219,0.016335946605948184
KO,2022-05-09,57.65,58.45,57.27,57.78,57.78,20055300,Consumer Goods,57.584,57.842000000000006,58.029500000000006,55.945600000000006,57.790577136824524,57.34865883412335,0.4419183027011755,0.6447691660921211,57.89,18984000.0,56.73,24970300.0,58.97,25082000.0,47.8668054110302,1.8508725542041304,-2.0179752416482954,-0.0019001554672655185,0.015846371457698787
KO,2022-05-10,57.68,58.41,57.1,57.24,57.24,21322200,Consumer Goods,57.75,57.749,58.03850000000001,55.985600000000005,57.70587296192844,57.340610031595695,0.36526293033274726,0.5888679189402463,57.78,20055300.0,56.41,21686300.0,58.17,21982600.0,40.64171122994652,1.4713703244105814,-1.598762248581742,-0.009345794392523366,0.015555377543665814
KO,2022-05-11,57.53,58.31,57.2,57.51,57.51,19648400,Consumer Goods,57.622,57.637,58.02750000000001,56.0358,57.675738660093295,57.35315743666268,0.32258122343061757,0.5356105798383205,57.24,21322200.0,58.15,19780200.0,58.63,16971000.0,40.95744680851061,-1.1006018916595028,-1.910284837114118,0.004716981132075304,0.01537255986855396
KO,2022-05-12,57.38,57.71,56.53,57.69,57.69,22574700,Consumer Goods,57.622,57.487,58.0175,56.0816,57.677932712386635,57.37810873765063,0.2998239747360074,0.4884532588178579,57.51,19648400.0,57.69,20155200.0,59.19,22010600.0,46.215596330275204,0.0,-2.5342118601115016,0.003129890453834161,0.014973663829312693
KO,2022-05-13,57.96,58.84,57.34,58.77,58.77,16167000,Consumer Goods,57.798,57.58599999999999,58.04849999999999,56.148199999999996,57.84594306432716,57.48121179412095,0.36473127020620666,0.46370886109552767,57.69,22574700.0,57.89,18984000.0,57.78,20137100.0,48.91067538126364,1.5201243738124148,1.7133956386292892,0.018720748829953227,0.014257508821002596
KO,2022-05-16,58.52,59.36,58.52,58.99,58.99,13223200,Consumer Goods,58.04,57.812,58.116499999999995,56.2174,58.02195182366144,57.592973883445325,0.42897794021611446,0.45676267691964506,58.77,16167000.0,57.78,20055300.0,56.73,24970300.0,54.76744186046512,2.0941502249913535,3.9837828309536416,0.003743406499914892,0.012412953370533875
KO,2022-05-17,59.11,59.11,58.14,58.82,58.82,21300600,Consumer Goods,58.35600000000001,58.053,58.148,56.3096,58.14472846617506,57.68386470689382,0.46086375928123857,0.4575828933919638,58.99,13223200.0,57.24,21322200.0,56.41,21686300.0,51.14320096269553,2.760307477288615,4.272292146782486,-0.0028818443804035088,0.01220420286807479
KO,2022-05-18,58.5,58.59,54.51,54.73,54.73,31437300,Consumer Goods,57.8,57.711,57.935,56.363,57.61938562522505,57.465059913790576,0.15432571143447404,0.39693145700046584,58.82,21300600.0,57.51,19648400.0,58.15,19780200.0,31.165540540540547,-4.8339419231438026,-5.881341358555458,-0.06953417205032308,0.023737825719775903
KO,2022-05-19,54.51,54.51,53.35,53.66,53.66,31493900,Consumer Goods,56.99400000000001,57.30800000000001,57.65749999999999,56.3896,57.010249375190426,57.18320362388016,-0.1729542486897344,0.2829543158624258,54.73,31437300.0,57.69,22574700.0,57.69,20155200.0,32.086956521739125,-6.985612757843651,-6.985612757843651,-0.019550520738169208,0.024135982128228508
KO,2022-05-20,54.09,54.76,53.35,54.53,54.53,29133800,Consumer Goods,56.146,56.972,57.466499999999996,56.452799999999996,56.62867254823806,56.98667002211126,-0.3579974738732048,0.15476395791529968,53.66,31493900.0,58.77,16167000.0,57.89,18984000.0,40.28268551236752,-7.214565254381489,-5.8041112454655375,0.016213194185613178,0.025065515942258813
KO,2022-05-23,55.13,56.43,55.08,56.21,56.21,19406900,Consumer Goods,55.589999999999996,56.815,57.3285,56.54900000000001,56.564261386970664,56.92913890936228,-0.3648775223916161,0.050835661853916525,54.53,29133800.0,58.99,13223200.0,57.78,20055300.0,49.211356466876985,-4.71266316324801,-2.7172031844929,0.030808729139923052,0.02761630533261283
KO,2022-05-24,56.23,57.4,56.12,57.25,57.25,16154200,Consumer Goods,55.275999999999996,56.815999999999995,57.28249999999999,56.647,56.66975963512902,56.95290639755767,-0.28314676242865033,-0.015960823002596845,56.21,19406900.0,58.82,21300600.0,57.24,21322200.0,46.24373956594325,-2.6691601496089734,0.017470300489175195,0.018502045899306152,0.028234984774640287
KO,2022-05-25,57.23,57.65,56.88,57.3,57.3,15360500,Consumer Goods,55.79,56.795,57.215999999999994,56.7266,56.76671969126301,56.978617034775624,-0.2118973435126108,-0.05514812710459964,57.25,16154200.0,54.73,31437300.0,57.51,19648400.0,48.31460674157303,4.695779280102319,-0.3651538862806447,0.0008733624454146938,0.028195623328129492
KO,2022-05-26,57.3,58.22,57.2,57.5,57.5,16159800,Consumer Goods,56.55800000000001,56.775999999999996,57.131499999999996,56.813199999999995,56.87953204645332,57.01723799516262,-0.13770594870929642,-0.071659691425539,57.3,15360500.0,53.66,31493900.0,57.69,22574700.0,48.31460674157303,7.156168468132695,-0.32934650719361747,0.003490401396160525,0.02820029643964815
KO,2022-05-27,57.47,57.98,57.36,57.84,57.84,17709000,Consumer Goods,57.21999999999999,56.68299999999999,57.1345,56.895199999999996,57.027296346998966,57.07818332885428,-0.05088698185531371,-0.06750514951149394,57.5,16159800.0,54.53,29133800.0,58.77,16167000.0,50.2542372881356,6.070053181734836,-1.5824400204185851,0.0059130434782608265,0.027540659802746968
KO,2022-05-31,57.3,57.52,56.38,56.68,56.68,43159000,Consumer Goods,57.314,56.452,57.13199999999999,56.953799999999994,56.973866139768354,57.04868826745767,-0.07482212768931618,-0.06896854514705839,57.84,17709000.0,56.21,19406900.0,58.99,13223200.0,47.74557165861513,0.8361501512186509,-3.9159179521952914,-0.020055325034578186,0.028084850077584406
KO,2022-06-01,56.71,56.95,55.56,56.4,56.4,15408300,Consumer Goods,57.144000000000005,56.21,57.131499999999996,56.998400000000004,56.88557904134245,57.00063728468303,-0.11505824334057735,-0.07818648478576218,56.68,43159000.0,57.25,16154200.0,58.82,21300600.0,45.53499597747386,-1.4847161572052459,-4.114246854811288,-0.004940014114326097,0.028086363857510996
KO,2022-06-02,56.5,57.0,55.54,56.99,56.99,14586000,Consumer Goods,57.081999999999994,56.436,57.0735,57.0508,56.901643804212846,56.999849337669474,-0.0982055334566283,-0.0821902945199354,56.4,15408300.0,57.3,15360500.0,54.73,31437300.0,47.274143302180704,-0.5410122164048792,4.129362324136676,0.010460992907801447,0.01614701290152047
KO,2022-06-03,56.85,56.9,56.17,56.31,56.31,13539900,Consumer Goods,56.84400000000001,56.701,57.00449999999999,57.0968,56.81062168048779,56.948749386730995,-0.13812770624320336,-0.09337777686458901,56.99,14586000.0,57.5,16159800.0,53.66,31493900.0,40.11254019292606,-2.0695652173913004,4.938501677227003,-0.011931917880329879,0.015045539514085401
KO,2022-06-06,56.63,57.03,56.03,56.22,56.22,15112800,Consumer Goods,56.52,56.870000000000005,56.92100000000001,57.130599999999994,56.71975680656659,56.894767950676844,-0.17501114411025043,-0.10970445031372128,56.31,13539900.0,57.84,17709000.0,54.53,29133800.0,38.748984565394004,-2.8008298755186845,3.0992114432422557,-0.0015982951518380695,0.014609816061958405
KO,2022-06-07,55.78,56.67,55.64,56.56,56.56,17886300,Consumer Goods,56.496,56.904999999999994,56.85999999999999,57.16139999999999,56.69517883632558,56.86997032470078,-0.17479148837519887,-0.12272185792601681,56.22,15112800.0,56.68,43159000.0,56.21,19406900.0,40.945512820512846,-0.21171489061396764,0.6226650062266526,0.006047669868374239,0.011071558812672798
KO,2022-06-08,56.33,56.53,55.95,56.24,56.24,10211500,Consumer Goods,56.464,56.803999999999995,56.80999999999999,57.1788,56.625151323044726,56.82330585620443,-0.19815453315970188,-0.13780839297275382,56.56,17886300.0,56.4,15408300.0,57.25,16154200.0,58.668197474167634,-0.28368794326240065,-1.7641921397379856,-0.005657708628005631,0.009232808641136382
KO,2022-06-09,56.22,56.65,55.25,55.27,55.27,13382200,Consumer Goods,56.120000000000005,56.601,56.69799999999999,57.172399999999996,56.41666650411477,56.708246163152246,-0.29157965903747396,-0.16856264618569786,56.24,10211500.0,56.99,14586000.0,57.3,15360500.0,59.349593495934975,-3.018073346201089,-3.5427574171029597,-0.017247510668563226,0.010371046369042323
KO,2022-06-10,54.56,55.35,54.07,54.92,54.92,14967600,Consumer Goods,55.842000000000006,56.343,56.5595,57.158199999999994,56.18641011886635,56.575783484400226,-0.3893733655338778,-0.21272479005533385,55.27,13382200.0,56.31,13539900.0,57.5,16159800.0,52.41038318912236,-2.468478067838753,-4.486956521739128,-0.006332549303419643,0.010091344206745335
KO,2022-06-13,54.33,55.7,54.26,54.85,54.85,23064200,Consumer Goods,55.568000000000005,56.044000000000004,56.36350000000001,57.1464,55.98080856211768,56.44794767074095,-0.4671391086232717,-0.2636076537689214,54.92,14967600.0,56.22,15112800.0,57.84,17709000.0,39.506172839506206,-2.4368552116684428,-5.169432918395578,-0.0012745812090313446,0.009503400728876768
KO,2022-06-14,54.7,54.85,52.84,53.35,53.35,24620000,Consumer Goods,54.926,55.711,56.081500000000005,57.089,55.57606878333034,56.21847006550088,-0.6424012821705389,-0.33936637944924497,54.85,23064200.0,56.56,17886300.0,56.68,43159000.0,21.90201729106637,-5.675388967468176,-5.875088214537749,-0.027347310847766648,0.010937017559896045
KO,2022-06-15,54.04,54.62,53.12,53.75,53.75,19684700,Consumer Goods,54.428,55.446000000000005,55.827999999999996,57.0454,55.29513512435645,56.03562043101933,-0.7404853066628831,-0.41959016489197265,53.35,24620000.0,56.24,10211500.0,56.4,15408300.0,25.65157750342945,-4.4274537695590315,-4.698581560283688,0.007497656982192957,0.011745987857738364
KO,2022-06-16,52.82,53.61,52.47,53.21,53.21,15053800,Consumer Goods,54.016000000000005,55.068000000000005,55.751999999999995,56.992399999999996,54.974345105224685,55.82631521390679,-0.851970108682103,-0.5060661536499987,53.75,19684700.0,55.27,13382200.0,56.99,14586000.0,21.887287024901767,-3.727157590012664,-6.632742586418672,-0.010046511627906929,0.010524123803073302
KO,2022-06-17,53.77,54.16,53.26,53.53,53.53,34781900,Consumer Goods,53.738,54.79,55.74550000000001,56.934400000000004,54.75213816595935,55.65621779065443,-0.9040796246950791,-0.5856688478590149,53.21,15053800.0,54.92,14967600.0,56.31,13539900.0,21.68199737187915,-2.530954115076478,-4.936956135677506,0.006013907160308252,0.01106585337977775
KO,2022-06-21,53.58,54.84,53.15,54.67,54.67,17705000,Consumer Goods,53.702,54.635000000000005,55.75250000000001,56.89320000000001,54.73950152504253,55.583164620976326,-0.843663095933799,-0.6372676974739717,53.53,34781900.0,54.85,23064200.0,56.22,15112800.0,36.75889328063244,-0.3281677301732011,-2.757025969405902,0.02129646926956852,0.01386178961518668
KO,2022-06-22,54.58,55.35,54.33,55.08,55.08,15207100,Consumer Goods,54.048,54.487,55.696000000000005,56.85320000000001,54.791885905805216,55.54589316757067,-0.7540072617654516,-0.6606156103322678,54.67,17705000.0,53.35,24620000.0,56.56,17886300.0,41.450777202072544,3.242736644798505,-2.6166902404526238,0.007499542710810214,0.013970825581447797
KO,2022-06-23,55.21,55.76,55.15,55.74,55.74,17190900,Consumer Goods,54.446000000000005,54.437,55.62050000000001,56.826800000000006,54.937749612604414,55.56027145145432,-0.6225218388499059,-0.6529968560357955,55.08,15207100.0,53.75,19684700.0,56.24,10211500.0,41.97689345314507,3.7023255813953604,-0.8890469416785174,0.011982570806100323,0.014634143390944928
KO,2022-06-24,55.94,56.8,55.94,56.78,56.78,18147100,Consumer Goods,55.160000000000004,54.588,55.594500000000004,56.80780000000001,55.221172749126815,55.65062171430955,-0.42944896518273623,-0.6082872778651838,55.74,17190900.0,53.21,15053800.0,55.27,13382200.0,52.88343558282208,6.709265175718859,2.73204269947529,0.01865805525654829,0.014553725691452924
KO,2022-06-27,56.73,57.01,56.41,56.66,56.66,12142100,Consumer Goods,55.786,54.762,55.55250000000001,56.783199999999994,55.44253078772269,55.725390476212546,-0.2828596884898573,-0.5432017599901184,56.78,18147100.0,53.53,34781900.0,54.92,14967600.0,52.68948655256722,5.84718849243413,3.168244719592117,-0.0021134202183867856,0.014318989072196149
KO,2022-06-28,56.82,57.43,55.94,56.1,56.1,13150100,Consumer Goods,56.072,54.887,55.4655,56.7422,55.54367989730381,55.753139329826425,-0.209459432522614,-0.47645329449661755,56.66,12142100.0,54.67,17705000.0,54.85,23064200.0,47.26190476190475,2.6156941649899457,2.2789425706472244,-0.009883515707730273,0.014867311762357022
KO,2022-06-29,56.33,56.84,56.23,56.5,56.5,11795500,Consumer Goods,56.35600000000001,55.202,55.456500000000005,56.7196,55.69080606694938,55.80846234243187,-0.11765627548249569,-0.4046938906937932,56.1,13150100.0,55.08,15207100.0,53.35,24620000.0,51.53301886792451,2.57806826434277,5.904404873477032,0.007130124777183555,0.01059867126394314
KO,2022-06-30,56.13,56.84,55.99,56.66,56.66,15514200,Consumer Goods,56.54,55.492999999999995,55.469500000000004,56.68900000000001,55.83991282588025,55.871539205955436,-0.031626380075188365,-0.33008038857007227,56.5,11795500.0,55.74,17190900.0,53.75,19684700.0,59.06127770534546,1.6505202726946333,5.413953488372081,0.002831858407079668,0.010618484400962526
KO,2022-07-01,56.85,58.05,56.58,57.99,57.99,15143200,Consumer Goods,56.782,55.971000000000004,55.51950000000001,56.669,56.170695468052514,56.02846222773651,0.1422332403160027,-0.23561766279285726,56.66,15514200.0,56.78,18147100.0,53.21,15053800.0,67.7456647398844,2.131032053539972,8.983273820710401,0.02347334980585969,0.010512916415577497
KO,2022-07-05,57.81,57.81,56.22,57.0,57.0,15921200,Consumer Goods,56.85,56.318,55.55400000000001,56.62479999999999,56.29828078065982,56.10042798864492,0.19785279201490624,-0.14892357183130456,57.99,15143200.0,56.66,12142100.0,53.53,34781900.0,61.2330198537095,0.6000705965407693,6.482346347842327,-0.017071908949818915,0.01332441634325984
KO,2022-07-06,57.29,57.73,56.92,57.12,57.12,13450500,Consumer Goods,57.053999999999995,56.563,55.599000000000004,56.600199999999994,56.42469912209677,56.175951841337884,0.24874728075888441,-0.06938940131326676,57.0,15921200.0,56.1,13150100.0,54.67,17705000.0,73.015873015873,1.8181818181818077,4.481434058898848,0.00210526315789461,0.012278321986961197
KO,2022-07-07,56.98,57.27,56.48,56.66,56.66,14828400,Consumer Goods,57.086,56.72099999999999,55.604000000000006,56.554,56.4608992571588,56.21180726049804,0.2490919966607592,-0.0056931217184615635,57.12,13450500.0,56.5,11795500.0,55.08,15207100.0,67.63636363636363,0.2831858407079668,2.8685548293391427,-0.008053221288515378,0.012823610323640124
KO,2022-07-08,56.77,57.12,56.64,56.87,56.87,11311500,Consumer Goods,57.128,56.83399999999999,55.6355,56.528,56.523837832980526,56.26056227823893,0.2632755547415968,0.04810061357355012,56.66,14828400.0,56.66,15514200.0,55.74,17190900.0,73.10606060606058,0.37063183903989216,2.027269465374948,0.0037063183903989216,0.012433870297436367
KO,2022-07-11,56.74,57.16,56.38,56.69,56.69,12702100,Consumer Goods,56.867999999999995,56.825,55.706500000000005,56.489200000000004,56.549401243291214,56.29237247985086,0.25702876344035275,0.08988624354691065,56.87,11311500.0,57.99,15143200.0,56.78,18147100.0,70.3084832904884,-2.2417658216933978,-0.15850651637900892,-0.0031651134165641137,0.011037259046521435
KO,2022-07-12,56.75,57.15,56.27,56.45,56.45,14731100,Consumer Goods,56.757999999999996,56.803999999999995,55.783,56.4344,56.53410874432333,56.30404859245451,0.23006015186882678,0.11792102521129388,56.69,12702100.0,57.0,15921200.0,56.66,12142100.0,62.93604651162792,-0.9649122807017463,-0.37063183903988106,-0.004233550890809568,0.011100328315935794
KO,2022-07-13,56.14,56.75,55.83,56.19,56.19,13145300,Consumer Goods,56.572,56.813,55.85,56.4026,56.48116893750436,56.295600548568984,0.18556838893537275,0.13145049795610966,56.45,14731100.0,57.12,13450500.0,56.1,13150100.0,58.24665676077265,-1.628151260504196,0.16042780748661833,-0.004605845881310966,0.010713626096252928
KO,2022-07-14,55.24,56.07,55.21,56.01,56.01,14433000,Consumer Goods,56.44199999999999,56.763999999999996,55.983000000000004,56.388200000000005,56.408681408657536,56.274444952378694,0.13423645627884184,0.1320076896206561,56.19,13145300.0,56.66,14828400.0,56.5,11795500.0,52.159999999999975,-1.147193787504408,-0.8672566371681456,-0.0032034169781099964,0.01046771140081573
KO,2022-07-15,56.52,56.72,55.91,56.3,56.3,21968400,Consumer Goods,56.327999999999996,56.727999999999994,56.1105,56.385999999999996,56.39196119194099,56.27633791886916,0.11562327307183295,0.12873080631089145,56.01,14433000.0,56.87,11311500.0,56.66,15514200.0,45.6363636363636,-1.0022859152452934,-0.6353688669255231,0.005177646848776973,0.01058431699041915
KO,2022-07-18,56.31,56.35,55.4,55.53,55.53,10780800,Consumer Goods,56.09599999999999,56.48199999999999,56.2265,56.333600000000004,56.259351777796226,56.22105362858255,0.03829814921367358,0.11064427489144789,56.3,21968400.0,56.69,12702100.0,57.99,15143200.0,40.81300813008132,-2.0462162638913317,-4.242110708742885,-0.013676731793960895,0.00716995369792184
KO,2022-07-19,55.93,56.43,55.78,56.32,56.32,10998200,Consumer Goods,56.07000000000001,56.414,56.366,56.3062,56.268682273519886,56.22838298942828,0.04029928409160277,0.09657527673147887,55.53,10780800.0,56.45,14731100.0,57.0,15921200.0,51.72413793103448,-0.2302922940655483,-1.1929824561403457,0.014226544210336645,0.007781421561543763
KO,2022-07-20,56.21,56.37,55.08,55.39,55.39,11010500,Consumer Goods,55.910000000000004,56.241,56.402,56.25620000000001,56.133500385286055,56.16628054576693,-0.03278016048087551,0.070704189289008,56.32,10998200.0,56.19,13145300.0,57.12,13450500.0,41.96816208393633,-1.4237408791599848,-3.0287114845938268,-0.01651278409090906,0.009036241106498073
KO,2022-07-21,55.18,55.74,54.76,55.27,55.27,11959600,Consumer Goods,55.762,56.102,56.411500000000004,56.206,56.00065417216513,56.09988939422864,-0.09923522206351265,0.03671630701850387,55.39,11010500.0,56.01,14433000.0,56.66,14828400.0,39.88355167394473,-1.3211926441706767,-2.453229791740197,-0.002166456038996123,0.008863017494966766
KO,2022-07-22,55.29,55.73,55.23,55.48,55.48,11644700,Consumer Goods,55.598,55.963,56.3985,56.1708,55.92055353029357,56.05397166132281,-0.13341813102924505,0.002689419408954088,55.27,11959600.0,56.3,21968400.0,56.87,11311500.0,28.173913043478166,-1.4564831261101197,-2.4441709161244995,0.003799529582051653,0.008870252020494082
KO,2022-07-25,55.44,56.12,55.22,56.02,56.02,14941700,Consumer Goods,55.696000000000005,55.896,56.3605,56.141000000000005,55.93585298717148,56.05145524196557,-0.1156022547940907,-0.02096891543165487,55.48,11644700.0,55.53,10780800.0,56.69,12702100.0,40.754716981132084,0.8824059067170875,-1.181866290351019,0.009733237202595557,0.009655480777222912
KO,2022-07-26,56.52,57.47,56.32,56.93,56.93,20118000,Consumer Goods,55.818000000000005,55.944,56.374,56.1258,56.08879868145279,56.1165326314496,-0.027733949996807894,-0.022321922344685476,56.02,14941700.0,56.32,10998200.0,56.45,14731100.0,48.440065681445006,1.0830965909090828,0.8503100088573801,0.01624419850053549,0.011005122437076565
KO,2022-07-27,56.64,56.92,55.66,56.75,56.75,12142900,Consumer Goods,56.09000000000001,56.0,56.40650000000001,56.0854,56.19052196122929,56.16345614023111,0.027065820998174672,-0.012444373676113445,56.93,20118000.0,55.39,11010500.0,56.19,13145300.0,50.774526678141164,2.4553168441957096,0.9966186154120038,-0.0031617776216406046,0.01093407032879993
KO,2022-07-28,56.67,57.87,56.65,57.7,57.7,10837000,Consumer Goods,56.576,56.169000000000004,56.466499999999996,56.0596,56.422749351809394,56.27727420391769,0.1454751478917018,0.019139530637449602,56.75,12142900.0,55.27,11959600.0,56.01,14433000.0,56.33587786259547,4.396598516374173,3.017318336011443,0.016740088105726914,0.011853070879697142
KO,2022-07-29,57.39,57.91,57.31,57.8,57.8,13734200,Consumer Goods,57.04,56.319,56.52349999999999,56.0392,56.63463406691564,56.390068707331196,0.24456535958444192,0.06422469642684807,57.7,10837000.0,55.48,11644700.0,56.3,21968400.0,58.57805255023186,4.181687094448461,2.6642984014209503,0.0017331022530329143,0.011834093731938463
KO,2022-08-01,57.73,58.58,57.67,58.11,58.11,12831500,Consumer Goods,57.458000000000006,56.577,56.5295,56.1068,56.861613441236315,56.51747102530666,0.3441424159296531,0.1202082403274091,57.8,13734200.0,56.02,14941700.0,55.53,10780800.0,62.69113149847094,3.730810424848263,4.646137223122637,0.005363321799308096,0.010345218232179775
KO,2022-08-02,58.18,58.19,57.13,57.32,57.32,15241900,Consumer Goods,57.536,56.677,56.54549999999999,56.18,56.932134450276884,56.57691761602469,0.35521683425219663,0.1672099591123666,58.11,12831500.0,56.93,20118000.0,56.32,10998200.0,57.991513437058025,0.6850518180221421,1.7755681818181879,-0.013594906212355817,0.011176300660800336
KO,2022-08-03,57.24,57.74,57.02,57.57,57.57,11317000,Consumer Goods,57.7,56.895,56.568000000000005,56.2408,57.03026761177274,56.65047927409693,0.3797883376758122,0.20972563482505574,57.32,15241900.0,56.75,12142900.0,55.39,11010500.0,60.9243697478992,1.4449339207048384,3.935728470843114,0.004361479413817149,0.00913525306140579
KO,2022-08-04,57.32,57.4,56.67,57.35,57.35,11795600,Consumer Goods,57.63000000000001,57.102999999999994,56.6025,56.2636,57.079457209961554,56.702295624163824,0.3771615857977295,0.24321282501959052,57.57,11317000.0,57.7,10837000.0,55.27,11959600.0,57.42574257425747,-0.6065857885615311,3.7633435860322084,-0.003821434775056476,0.00927144695836137
KO,2022-08-05,57.31,57.31,56.45,57.09,57.09,10445400,Consumer Goods,57.488,57.263999999999996,56.6135,56.2604,57.08107917765978,56.73101446681836,0.35006471084142277,0.264583202183957,57.35,11795600.0,57.8,13734200.0,55.48,11644700.0,61.89024390243906,-1.2283737024221364,2.901946647440523,-0.004533565823888419,0.009632909959818945
KO,2022-08-08,57.2,57.48,56.52,56.72,56.72,9165200,Consumer Goods,57.21,57.334,56.614999999999995,56.2488,57.02552853494289,56.730198580387366,0.2953299545555268,0.27073255265827095,57.09,10445400.0,58.11,12831500.0,56.02,14941700.0,53.25732899022801,-2.3920151436929937,1.2495537308104154,-0.006480994920301408,0.009720328638634902
KO,2022-08-09,56.91,57.02,56.61,56.79,56.79,7910900,Consumer Goods,57.104,57.32000000000001,56.63199999999999,56.2346,56.98929337572091,56.73462831517348,0.2546650605474312,0.267519054236103,56.72,9165200.0,57.32,15241900.0,56.93,20118000.0,63.25757575757576,-0.924633635729244,-0.2459160372387137,0.0012341325811000559,0.008192519559434262
KO,2022-08-10,57.31,57.46,56.84,57.33,57.33,8857300,Consumer Goods,57.056,57.37800000000001,56.689,56.2244,57.041709779456156,56.77872992145693,0.26297985799922685,0.2666112149887278,56.79,7910900.0,57.57,11317000.0,56.75,12142900.0,68.07017543859646,-0.4168837936425307,1.0220264317180483,0.009508716323296307,0.008653169988245642
KO,2022-08-11,57.37,57.64,56.82,56.94,56.94,8507800,Consumer Goods,56.974000000000004,57.302,56.73549999999999,56.2296,57.02606212107828,56.79067585320086,0.23538626787742345,0.26036622556646694,57.33,8857300.0,57.35,11795600.0,57.7,10837000.0,62.41496598639456,-0.7149084568439434,-1.3171577123050393,-0.006802721088435382,0.006944245675819257
KO,2022-08-12,57.13,57.43,56.83,57.38,57.38,9489300,Consumer Goods,57.032000000000004,57.260000000000005,56.7895,56.2492,57.080514102450856,56.8343294937045,0.24618460874635417,0.2575299022024444,56.94,8507800.0,57.09,10445400.0,57.8,13734200.0,61.764705882352935,0.5079698721317305,-0.7266435986159059,0.007727432384966759,0.007473984257521401
KO,2022-08-15,57.32,58.27,57.26,58.1,58.1,9863300,Consumer Goods,57.30800000000001,57.259,56.91799999999999,56.27139999999999,57.237358086689184,56.9280828645412,0.3092752221479813,0.2678789661915518,57.38,9489300.0,56.72,9165200.0,58.11,12831500.0,60.46511627906978,2.4330042313117195,-0.017208742040952796,0.012547926106657448,0.00840886547045284
KO,2022-08-16,58.16,58.75,57.94,58.57,58.57,9569600,Consumer Goods,57.664,57.384,57.0305,56.3166,57.44237991950624,57.04970635605667,0.39267356344956994,0.2928378856431555,58.1,9863300.0,56.79,7910900.0,57.32,15241900.0,65.47619047619048,3.1343546399013933,2.1807397069085743,0.008089500860585241,0.007221456474662607
KO,2022-08-17,58.39,58.75,58.33,58.44,58.44,8144000,Consumer Goods,57.886,57.47099999999999,57.18299999999999,56.361000000000004,57.59585993188989,57.15269107042284,0.4431688614670506,0.32290408080793453,58.57,9569600.0,57.33,8857300.0,57.57,11317000.0,57.312252964426825,1.9361590790162309,1.5112037519541488,-0.002219566330886158,0.007300314483242392
KO,2022-08-18,58.51,58.86,58.29,58.75,58.75,6532000,Consumer Goods,58.248000000000005,57.611000000000004,57.35699999999999,56.4048,57.77341994236837,57.27101025039151,0.5024096919768581,0.35880520304171926,58.44,8144000.0,56.94,8507800.0,57.35,11795600.0,59.01328273244783,3.178784685633995,2.441150828247607,0.005304585900068437,0.0071260465300491
KO,2022-08-19,58.74,58.97,58.51,58.7,58.7,8921100,Consumer Goods,58.512,57.772000000000006,57.517999999999994,56.45399999999999,57.915970720465545,57.3768613429551,0.5391093775104423,0.39486603793546393,58.75,6532000.0,57.38,9489300.0,57.09,10445400.0,55.888223552894246,2.300453119553847,2.8201086004554288,-0.0008510638297871687,0.006814097601538416
KO,2022-08-22,58.4,58.48,57.64,57.83,57.83,9087900,Consumer Goods,58.45799999999999,57.882999999999996,57.60849999999999,56.505199999999995,57.90274445577853,57.41042716940287,0.4923172863756591,0.414356287623503,58.7,8921100.0,58.1,9863300.0,56.72,9165200.0,55.009823182711166,-0.46471600688469117,1.9569816643159266,-0.014821124361158455,0.008402350034922602
KO,2022-08-23,57.48,57.98,57.36,57.89,57.89,8443800,Consumer Goods,58.322,57.99300000000001,57.656499999999994,56.5646,57.900783770274145,57.44595108278043,0.4548326874937132,0.4224515675975451,57.83,9087900.0,58.57,9569600.0,56.79,7910900.0,53.265306122448976,-1.1610039269250416,1.9369607325233407,0.001037523776586502,0.00840449761330026
KO,2022-08-24,57.86,58.17,57.69,57.97,57.97,6844700,Consumer Goods,58.227999999999994,58.056999999999995,57.71750000000001,56.626999999999995,57.911432421001194,57.48476952109299,0.4266628999082016,0.42329383405967647,57.89,8443800.0,58.44,8144000.0,57.33,8857300.0,56.512605042016766,-0.8042436687200505,1.116343973486833,0.0013819312489202762,0.00797453405588255
KO,2022-08-25,57.97,58.29,57.56,58.25,58.25,7913900,Consumer Goods,58.128,58.188,57.745000000000005,56.725,57.96351974084716,57.54145326027129,0.4220664805758716,0.4230483633629155,57.97,6844700.0,58.75,6532000.0,56.94,8507800.0,62.133891213389056,-0.8510638297872353,2.300667369160525,0.004830084526479261,0.007522923492780977
KO,2022-08-26,58.3,58.37,56.73,56.84,56.84,10089500,Consumer Goods,57.75600000000001,58.134,57.69699999999999,56.7868,57.7906705499476,57.48949375951045,0.30117679043714674,0.3986740487777618,58.25,7913900.0,58.7,8921100.0,57.38,9489300.0,51.03092783505158,-3.1686541737649065,-0.941094457999303,-0.02420600858369093,0.0109577994331936
KO,2022-08-29,56.47,56.77,56.21,56.5,56.5,9115900,Consumer Goods,57.489999999999995,57.974000000000004,57.616499999999995,56.8526,57.59210584995566,57.41619792547264,0.1759079244830204,0.3541208239188135,56.84,10089500.0,57.83,9087900.0,58.1,9863300.0,47.619047619047635,-2.2998443714335126,-2.753872633390708,-0.0059817030260380655,0.009953503936349101
KO,2022-08-30,56.66,56.66,55.84,55.98,55.98,8456800,Consumer Goods,57.108000000000004,57.714999999999996,57.5495,56.9016,57.34408956534709,57.30981289395615,0.03427667139094126,0.29015199341323905,56.5,9115900.0,57.89,8443800.0,58.57,9569600.0,38.879736408566735,-3.2993608567973842,-4.4220590746115835,-0.009203539823008922,0.009345947084489357
KO,2022-08-31,56.19,56.32,55.57,55.58,55.58,14633600,Consumer Goods,56.629999999999995,57.428999999999995,57.45,56.919799999999995,57.07269117067831,57.18167860551495,-0.1089874348366422,0.2103241077632628,55.98,8456800.0,57.97,6844700.0,58.44,8144000.0,38.81578947368424,-4.122822149387617,-4.893908281998627,-0.00714540907466954,0.009343798057987272
KO,2022-09-01,55.47,55.88,55.21,55.85,55.85,14939700,Consumer Goods,56.15,57.138999999999996,57.375,56.935199999999995,56.884584836727804,57.083035745847184,-0.19845090911938001,0.12856910438673425,55.58,14633600.0,58.25,7913900.0,58.75,6532000.0,37.05583756345179,-4.120171673819739,-4.936170212765956,0.004857862540482261,0.009290155572752234
KO,2022-09-02,56.2,56.54,54.85,55.08,55.08,11809800,Consumer Goods,55.798,56.777,57.2745,56.922,56.60695640030814,56.93466272763628,-0.3277063273281371,0.03731401804375997,55.85,14939700.0,56.84,10089500.0,58.7,8921100.0,24.664429530201375,-3.096410978184383,-6.166950596252141,-0.013786929274843374,0.009543835988742082
KO,2022-09-06,55.21,55.82,54.94,55.11,55.11,12181800,Consumer Goods,55.52,56.504999999999995,57.194,56.8886,56.37665541564535,56.79950252558915,-0.4228471099437954,-0.054718207553751105,55.08,11809800.0,56.5,9115900.0,57.83,9087900.0,18.659420289855177,-2.4601769911504423,-4.703441120525675,0.0005446623093681158,0.009252669380440195
KO,2022-09-07,55.23,56.29,55.23,56.12,56.12,13290700,Consumer Goods,55.548,56.327999999999996,57.1605,56.8778,56.337169967084535,56.74916900517513,-0.4119990380905989,-0.12617437366112066,55.11,12181800.0,55.98,8456800.0,57.89,8443800.0,31.87500000000003,0.25008931761343334,-3.0575228882363192,0.018326982398838565,0.011739105016963992
KO,2022-09-08,55.92,56.12,55.25,55.95,55.95,17193500,Consumer Goods,55.622,56.126,57.091499999999996,56.87480000000001,56.27760535676384,56.689971301088086,-0.4123659443242431,-0.18341268779374514,56.12,13290700.0,55.58,14633600.0,57.97,6844700.0,27.635782747603884,0.6657070888808958,-3.4845609798171417,-0.0030292230933712805,0.011636990411622234
KO,2022-09-09,56.0,56.64,55.72,56.13,56.13,11855900,Consumer Goods,55.678,55.914,57.051,56.867399999999996,56.25489684033864,56.64849194545194,-0.39359510511329887,-0.2254491712576559,55.95,17193500.0,55.85,14939700.0,58.25,7913900.0,29.89045383411583,0.5013428827215671,-3.6394849785407635,0.0032171581769437907,0.011519608254352434
KO,2022-09-12,56.23,56.57,56.09,56.3,56.3,13026900,Consumer Goods,55.922000000000004,55.86,56.997,56.86019999999999,56.261835787978846,56.622677727270315,-0.36084193929146835,-0.2525277248644184,56.13,11855900.0,55.08,11809800.0,56.84,10089500.0,36.55536028119506,2.214960058097315,-0.950035186488396,0.003028683413504263,0.0090779564414269
KO,2022-09-13,56.03,56.04,54.3,54.47,54.47,18532800,Consumer Goods,55.794000000000004,55.657000000000004,56.81550000000001,56.78980000000001,55.98616874367441,56.46322011784289,-0.4770513741684752,-0.2974324547252297,56.3,13026900.0,55.11,12181800.0,56.5,9115900.0,27.077747989276105,-1.161313736164038,-3.5929203539822985,-0.032504440497335696,0.013513143963428724
KO,2022-09-14,54.62,55.02,54.44,54.76,54.76,12881600,Consumer Goods,55.522000000000006,55.535000000000004,56.625,56.745,55.797527398493735,56.33705566466934,-0.5395282661756085,-0.3458516170153055,54.47,18532800.0,56.12,13290700.0,55.98,8456800.0,29.074315514993458,-2.42337847469708,-2.179349767774208,0.005324031577014887,0.013620616151515835
KO,2022-09-15,54.8,54.8,53.86,54.01,54.01,11451900,Consumer Goods,55.134,55.378,56.40350000000001,56.68280000000001,55.52252318334085,56.16468117099013,-0.6421579876492771,-0.4051128911420998,54.76,12881600.0,55.95,17193500.0,55.58,14633600.0,23.95577395577392,-3.467381590705998,-2.824757106872977,-0.013696128560993448,0.01404039890713372
KO,2022-09-16,54.13,54.26,53.63,54.02,54.02,20493500,Consumer Goods,54.712,55.19499999999999,56.16700000000001,56.63,55.291365770519185,56.005815899064935,-0.7144501285457494,-0.4669803386228297,54.01,11451900.0,56.13,11855900.0,55.85,14939700.0,29.080118694362028,-3.759130589702475,-3.2766338406445827,0.00018515089798198936,0.013834514864476139
KO,2022-09-19,53.88,54.53,53.74,54.43,54.43,12596200,Consumer Goods,54.338,55.129999999999995,55.9535,56.581199999999995,55.15884795967008,55.889088795430496,-0.7302408357604193,-0.5196324380503476,54.02,20493500.0,56.3,13026900.0,55.08,11809800.0,34.801762114537425,-3.321492007104787,-1.1801016702977507,0.007589781562384212,0.013674192076254537
KO,2022-09-20,54.15,54.46,53.82,54.35,54.35,11984600,Consumer Goods,54.314,55.053999999999995,55.779500000000006,56.5344,55.03440981202853,55.7750822179912,-0.7406724059626697,-0.5638404316328121,54.43,12596200.0,54.47,18532800.0,55.11,12181800.0,37.205651491365785,-0.22030475491096047,-1.3790600616947923,-0.0014697776961234421,0.013662082197602397
KO,2022-09-21,54.56,55.07,53.88,53.89,53.89,14165300,Consumer Goods,54.14000000000001,54.830999999999996,55.579499999999996,56.4832,54.858346764024134,55.63544649814,-0.7770997341158647,-0.6064922921294227,54.35,11984600.0,54.76,12881600.0,56.12,13290700.0,36.85847589424572,-1.588750913075232,-3.973627940128288,-0.008463661453541826,0.011897942393191351
KO,2022-09-22,54.03,54.19,53.71,53.77,53.77,11657600,Consumer Goods,54.092,54.613,55.369499999999995,56.434799999999996,54.69090880032811,55.49726527605556,-0.8063564757274477,-0.6464651288490277,53.89,14165300.0,54.01,11451900.0,55.95,17193500.0,33.43949044585986,-0.4443621551564414,-3.896336014298485,-0.0022267582111709094,0.011907783360156078
KO,2022-09-23,53.49,53.62,52.62,53.17,53.17,14824000,Consumer Goods,53.922000000000004,54.31699999999999,55.1155,56.37799999999999,54.45692283104686,55.324875255607,-0.8679524245601371,-0.6907625879912497,53.77,11657600.0,54.02,20493500.0,56.13,11855900.0,34.36988543371521,-1.5734912995187034,-5.273472296454662,-0.01115863864608524,0.011820318627977073
KO,2022-09-26,53.07,53.14,52.34,52.51,52.51,18670100,Consumer Goods,53.538,53.938,54.899,56.3022,54.157396241655036,55.116365977413885,-0.9589697357588491,-0.7444040175447697,53.17,14824000.0,54.43,12596200.0,56.3,13026900.0,30.712166172106777,-3.5274664706963055,-6.731793960923627,-0.012413014858002724,0.011612507242163788
KO,2022-09-27,52.7,52.96,51.09,51.15,51.15,23829300,Consumer Goods,52.898,53.60600000000001,54.6315,56.2146,53.69471989678503,54.82256109019804,-1.127841193413012,-0.8210914527184181,52.51,18670100.0,54.35,11984600.0,54.47,18532800.0,14.950634696755955,-5.887764489420433,-6.095098219203232,-0.02589982860407536,0.010080106658237248
KO,2022-09-28,51.41,51.94,50.73,51.7,51.7,21480100,Consumer Goods,52.46,53.3,54.417500000000004,56.1222,53.38783991266426,54.591260268701895,-1.2034203560376326,-0.8975572333822611,51.15,23829300.0,53.89,14165300.0,54.76,12881600.0,21.55287817938421,-4.06383373538689,-5.588020452885312,0.010752688172043001,0.010885100502219185
KO,2022-09-29,51.8,51.98,50.81,51.33,51.33,14570700,Consumer Goods,51.972,53.032000000000004,54.205,56.041,53.071249156869754,54.34968543398323,-1.278436277113478,-0.9737330421285046,51.7,21480100.0,53.77,11657600.0,54.01,11451900.0,18.66840731070495,-4.537846382741318,-4.962044065913718,-0.007156673114120049,0.01054100332675409
KO,2022-09-30,51.6,51.83,50.81,50.83,50.83,16124600,Consumer Goods,51.504,52.713,53.95399999999999,55.95219999999999,52.726441594274405,54.08896799442891,-1.3625264001545077,-1.0514917137337052,51.33,14570700.0,53.17,14824000.0,54.02,20493500.0,15.769712140175272,-4.400977995110034,-5.905220288781942,-0.009740892265731493,0.010462816644585954
KO,2022-10-03,51.14,51.58,50.86,51.4,51.4,16277600,Consumer Goods,51.282000000000004,52.410000000000004,53.77,55.870599999999996,52.52237365669373,53.88978518002678,-1.3674115233330468,-1.1146756756535736,50.83,16124600.0,52.51,18670100.0,54.43,12596200.0,27.191679049034207,-2.1138830698914535,-5.566783024067612,0.011213850088530375,0.011033742445061738
KO,2022-10-04,51.67,52.45,51.23,51.52,51.52,18861400,Consumer Goods,51.35600000000001,52.126999999999995,53.5905,55.78059999999999,52.36816232489469,53.71424553706183,-1.3460832121671373,-1.1609571829562864,51.4,16277600.0,51.15,23829300.0,54.35,11984600.0,25.304878048780594,0.723362658846538,-5.206991720331189,0.0023346303501945442,0.011257450247362338
KO,2022-10-05,51.26,51.4,50.36,51.03,51.03,14324900,Consumer Goods,51.222,51.84100000000001,53.336,55.662600000000005,52.16229119798781,53.51541253431651,-1.353121336328698,-1.1993900136307687,51.52,18861400.0,51.7,21480100.0,53.89,14165300.0,26.349206349206455,-1.2959381044487461,-5.3071070699573175,-0.009510869565217406,0.011295206954042103
KO,2022-10-06,50.81,50.9,49.78,49.93,49.93,17192800,Consumer Goods,50.942,51.456999999999994,53.035000000000004,55.526199999999996,51.81886178291276,53.24982642066344,-1.4309646377506766,-1.2457049384547503,51.03,14324900.0,51.33,14570700.0,53.77,11657600.0,22.32746955345064,-2.727449834404827,-7.141528733494518,-0.021555947481873394,0.012304337991821967
KO,2022-10-07,49.89,49.98,49.22,49.46,49.46,11479800,Consumer Goods,50.668,51.086,52.701499999999996,55.3614,51.455959970156954,52.969098537651334,-1.51313856749438,-1.2991916642626762,49.93,17192800.0,50.83,16124600.0,53.17,14824000.0,16.644295302013518,-2.695258705488879,-6.977618958059062,-0.009413178449829696,0.012256016163763718
KO,2022-10-10,49.54,49.86,49.01,49.35,49.35,10239100,Consumer Goods,50.257999999999996,50.769999999999996,52.354,55.1924,51.13196612859434,52.70101716449198,-1.5690510358976368,-1.3531635385896685,49.46,11479800.0,51.4,16277600.0,52.51,18670100.0,16.577540106951943,-3.988326848249024,-6.017901352123401,-0.002224019409623912,0.012192201838707081
KO,2022-10-11,49.41,50.1,49.21,49.43,49.43,14303900,Consumer Goods,49.84,50.598,52.102,55.0188,50.87012518573368,52.458719596751834,-1.588594411018157,-1.4002497130753664,49.35,10239100.0,51.52,18861400.0,51.15,23829300.0,18.591549295774712,-4.056677018633548,-3.362658846529809,0.001621073961499464,0.01016962794191734
KO,2022-10-12,50.11,50.84,49.94,50.03,50.03,18377400,Consumer Goods,49.64,50.431,51.8655,54.873000000000005,50.740875157159266,52.278814441436886,-1.5379392842776198,-1.427787627315817,49.43,14303900.0,51.03,14324900.0,51.7,21480100.0,25.329815303430124,-1.9596315892612237,-3.230174081237913,0.01213837750354041,0.010390453439397715
KO,2022-10-13,49.43,50.88,49.23,50.69,50.69,16220700,Consumer Goods,49.792,50.367,51.6995,54.7354,50.73304820990399,52.16112448281193,-1.428076272907937,-1.4278453564342413,50.03,18377400.0,49.93,17192800.0,51.33,14570700.0,33.76963350785341,1.5221309833767238,-1.2468342100136365,0.013192084749150457,0.011472124503853175
KO,2022-10-14,51.07,51.23,49.85,49.88,49.88,15997900,Consumer Goods,49.876,50.272000000000006,51.49250000000001,54.586000000000006,50.60181002376492,51.99215229889993,-1.390342275135012,-1.4203447401743956,50.69,16220700.0,49.46,11479800.0,50.83,16124600.0,33.119383825417245,0.8491710473109704,-1.8689750147550588,-0.015979483132767758,0.012138779941273636
KO,2022-10-17,50.47,51.01,50.42,50.53,50.53,13721400,Consumer Goods,50.112,50.185,51.2975,54.4548,50.59076232780109,51.88384472120364,-1.2930823934025497,-1.3948922708200264,49.88,15997900.0,49.35,10239100.0,51.4,16277600.0,45.621468926553696,2.3910840932117594,-1.6926070038910446,0.013031275060144232,0.012367037826078316
KO,2022-10-18,51.09,51.52,50.9,51.21,51.21,11823100,Consumer Goods,50.468,50.153999999999996,51.140499999999996,54.3446,50.686029661985536,51.833930297410774,-1.1479006354252377,-1.3454939437410687,50.53,13721400.0,49.43,14303900.0,51.52,18861400.0,46.6019417475728,3.601051992716986,-0.6017080745341685,0.013457352068078299,0.013233702646063465
KO,2022-10-19,51.09,51.3,50.56,50.77,50.77,10182300,Consumer Goods,50.616,50.128,50.9845,54.2242,50.698948175526226,51.75512064575072,-1.056172470224496,-1.2876296490377541,51.21,11823100.0,50.03,18377400.0,51.03,14324900.0,46.15384615384618,1.4791125324805199,-0.509504213207912,-0.008592071860964556,0.013167401348074799
KO,2022-10-20,50.6,50.74,49.86,49.97,49.97,16905100,Consumer Goods,50.472,50.132,50.7945,54.077,50.58680230236835,51.62288948680622,-1.036087184437875,-1.2373211561177784,50.77,10182300.0,50.69,16220700.0,49.93,17192800.0,44.32717678100265,-1.4203985006904674,0.08011215701981822,-0.015757337010045336,0.012227981549236766
KO,2022-10-21,49.9,50.91,49.89,50.77,50.77,15034100,Consumer Goods,50.65,50.263000000000005,50.6745,53.95360000000001,50.61498656354245,51.55971248778354,-0.9447259242410908,-1.1788021097424408,49.97,16905100.0,49.88,15997900.0,49.46,11479800.0,45.966709346991074,1.7842822774659206,2.6486049332794304,0.016009605763458223,0.012654751136666226
KO,2022-10-24,51.39,52.38,51.33,52.23,52.23,17416700,Consumer Goods,50.989999999999995,50.551,50.6605,53.85060000000001,50.86345016915131,51.60936341461439,-0.7459132454630861,-1.0922243368865698,50.77,15034100.0,50.53,13721400.0,49.35,10239100.0,53.879781420765,3.364338017019586,5.835866261398159,0.02875714004333263,0.014909612807478453
KO,2022-10-25,53.57,53.63,52.4,53.48,53.48,28829900,Consumer Goods,51.443999999999996,50.956,50.777,53.75820000000001,51.26599629697418,51.74792908760592,-0.48193279063173833,-0.9701660276356036,52.23,17416700.0,51.21,11823100.0,49.43,14303900.0,62.361251261352166,4.432727982815843,8.193404814889726,0.023932605782117644,0.015856161914343136
KO,2022-10-26,53.54,54.24,53.4,53.88,53.88,15831400,Consumer Goods,52.06600000000001,51.34100000000001,50.886,53.66440000000001,51.66815071282431,51.90586026630177,-0.23770955347746536,-0.823674732803976,53.48,28829900.0,50.77,10182300.0,50.03,18377400.0,71.44408251900111,6.125664762655103,7.695382770337811,0.007479431563201411,0.015789981707715964
KO,2022-10-27,54.23,54.29,53.88,54.01,54.01,16026100,Consumer Goods,52.874,51.673,51.019999999999996,53.5758,52.02843521854365,52.06172246879794,-0.0332872502542898,-0.6655972362940388,53.88,15831400.0,49.97,16905100.0,50.69,16220700.0,75.64825253664037,8.084850910546336,6.549615308739387,0.0024127691165551912,0.015730071459847686
KO,2022-10-28,54.05,55.26,53.96,55.13,55.13,12888900,Consumer Goods,53.746,52.198,51.235,53.5034,52.5055990310754,52.28900228592402,0.21659674515137795,-0.48915844000495545,54.01,16026100.0,50.77,15034100.0,49.88,15997900.0,79.251012145749,8.587748670474692,10.52526062550121,0.02073690057396793,0.014107900038533655
KO,2022-10-31,54.9,54.95,54.14,54.3,54.3,14016400,Consumer Goods,54.15999999999999,52.575,51.379999999999995,53.4154,52.78166071860226,52.43796507955928,0.34369563904298417,-0.3225876241953676,55.13,12888900.0,52.23,17416700.0,50.53,13721400.0,72.90686735653809,3.9632395175186685,7.460914308331668,-0.01505532378015606,0.01612187915416707
KO,2022-11-01,54.46,54.7,53.87,54.11,54.11,10659500,Consumer Goods,54.286,52.864999999999995,51.5095,53.341,52.986020608048065,52.56181951811044,0.4242010899376254,-0.17322988136876896,54.3,14016400.0,53.48,28829900.0,51.21,11823100.0,69.96086105675147,1.1780104712041828,5.6629564538176025,-0.003499079189686838,0.016297519521638434
KO,2022-11-02,54.11,54.65,53.32,53.36,53.36,14549200,Consumer Goods,54.181999999999995,53.124,51.626,53.2504,53.04355589911759,52.62094399825041,0.4226119008671816,-0.05406152492157884,54.11,10659500.0,53.88,15831400.0,50.77,10182300.0,62.94859359844811,-0.965107646622132,5.101437857002167,-0.013860654222879298,0.01688344388679618
KO,2022-11-03,52.72,53.53,52.71,53.33,53.33,9194000,Consumer Goods,54.04600000000001,53.46,51.79599999999999,53.1576,53.08762422233027,52.67346666504668,0.4141575572835876,0.03958229151945444,53.36,14549200.0,54.01,16026100.0,49.97,16905100.0,68.1007345225603,-1.2590261062766173,6.724034420652392,-0.0005622188905547443,0.01541617075080404
KO,2022-11-04,53.8,54.07,53.13,53.77,53.77,9725900,Consumer Goods,53.774,53.760000000000005,52.0115,53.068000000000005,53.19260511120253,52.75469135652471,0.43791375467782245,0.11924858415112806,53.33,9194000.0,55.13,12888900.0,50.77,15034100.0,67.38197424892702,-2.4668964266279736,5.909001378766998,0.008250515657228563,0.01508359307831127
KO,2022-11-07,53.77,54.23,53.75,53.97,53.97,8849700,Consumer Goods,53.708000000000006,53.934000000000005,52.24249999999999,53.0106,53.31220432486368,52.84471421900436,0.46749010585931927,0.1888968884927663,53.77,9725900.0,54.3,14016400.0,52.23,17416700.0,65.61085972850675,-0.6077348066298338,3.3314187248707716,0.0037195462153616354,0.012759344309635672
KO,2022-11-08,54.21,54.25,53.48,54.07,54.07,10081600,Consumer Goods,53.7,53.992999999999995,52.4745,52.961999999999996,53.42878827488465,52.93547612870774,0.4933121461769119,0.24977994002959544,53.97,8849700.0,54.11,10659500.0,53.48,28829900.0,69.4117647058823,-0.07392348918868752,1.1032161555721842,0.0018528812303131303,0.010516097303237949
KO,2022-11-09,54.07,54.11,53.3,53.32,53.32,10115200,Consumer Goods,53.69199999999999,53.937,52.638999999999996,52.9088,53.41205161721009,52.96395937843309,0.4480922387770008,0.28944239977907654,54.07,10081600.0,53.36,14549200.0,53.88,15831400.0,69.82248520710058,-0.07496251874062887,-1.0393466963622866,-0.013870908082115774,0.011230757650482483
KO,2022-11-10,54.66,55.38,54.15,55.24,55.24,16804800,Consumer Goods,54.074,54.06,52.866499999999995,52.902,53.69327444533162,53.13255498003063,0.5607194653009842,0.3436978128834581,53.32,10115200.0,53.33,9194000.0,54.01,16026100.0,73.3542319749216,3.581473842115135,2.277356045176826,0.03600900225056258,0.01625997730097985
KO,2022-11-11,55.68,55.75,54.63,55.64,55.64,18972100,Consumer Goods,54.448,54.111000000000004,53.154500000000006,52.897800000000004,53.99277068451137,53.31829164817651,0.6744790363348585,0.40985405757373816,55.24,16804800.0,53.77,9725900.0,55.13,12888900.0,70.0352526439483,3.477775711363207,0.9250861599854776,0.007241129616220032,0.015083872216549077
KO,2022-11-14,55.64,56.0,55.08,55.1,55.1,16361000,Consumer Goods,54.674,54.190999999999995,53.383,52.8982,54.163113656125006,53.45027004460788,0.7128436115171226,0.4704519683624151,55.64,18972100.0,53.97,8849700.0,54.3,14016400.0,60.3846153846154,2.0937557902538595,1.4732965009208288,-0.009705248023004986,0.014535148033975749
KO,2022-11-15,55.46,55.75,54.44,55.01,55.01,13295800,Consumer Goods,54.862,54.28099999999999,53.573,52.8962,54.29340386287501,53.56580559685915,0.7275982660158604,0.5218812278931042,55.1,16361000.0,54.07,10081600.0,54.11,10659500.0,57.543391188250965,1.7384871462918339,1.6632785067455247,-0.0016333938294011974,0.014474880540462904
KO,2022-11-16,55.15,55.37,54.7,54.91,54.91,14199500,Consumer Goods,55.17999999999999,54.436,53.78000000000001,52.87200000000001,54.38826480704808,53.66537555264736,0.7228892544007195,0.5620828331946273,55.01,13295800.0,53.32,10115200.0,53.36,14549200.0,56.03217158176942,2.981995498874701,2.9047976011993937,-0.0018178512997637508,0.013500520857419481
KO,2022-11-17,54.61,55.11,54.56,55.08,55.08,11212600,Consumer Goods,55.148,54.611000000000004,54.0355,52.8546,54.49468560596376,53.77016254874756,0.7245230572162029,0.5945708779989425,54.91,14199500.0,55.24,16804800.0,53.33,9194000.0,49.615975422427006,-0.2896451846488124,3.281455090943175,0.003095975232198178,0.0134442720751739
KO,2022-11-18,55.34,55.68,55.16,55.47,55.47,10415600,Consumer Goods,55.114,54.78099999999999,54.270500000000006,52.8414,54.64473397427703,53.89607643402552,0.7486575402515143,0.6253882104494569,55.08,11212600.0,55.64,18972100.0,53.77,9725900.0,59.637561779242176,-0.3055355859094222,3.1616142830574567,0.007080610021786393,0.013401566022967359
KO,2022-11-21,55.72,56.44,55.53,56.32,56.32,15399400,Consumer Goods,55.358000000000004,55.016,54.475,52.841800000000006,54.902467209003646,54.0756263278014,0.8268408812022443,0.6656787446000144,55.47,10415600.0,55.1,16361000.0,53.97,8849700.0,66.41901931649329,2.214156079854801,4.3542708912358785,0.015323598341445921,0.01394325655840373
KO,2022-11-22,56.68,56.71,56.3,56.57,56.57,12319600,Consumer Goods,55.67,55.266,54.62949999999999,52.883799999999994,55.159010715310785,54.260394747964256,0.8986159673465295,0.7122661891493174,56.32,15399400.0,55.01,13295800.0,54.07,10081600.0,75.76243980738359,2.835848027631349,4.623636027371925,0.004438920454545414,0.013915594664843546
KO,2022-11-23,56.7,56.97,56.52,56.82,56.82,8990400,Consumer Goods,56.052,55.616,54.77650000000001,52.925,55.414547528339895,54.44999513700394,0.9645523913359568,0.7627234295866454,56.57,12319600.0,54.91,14199500.0,53.32,10115200.0,77.05426356589145,3.478419231469676,6.564141035258819,0.004419303517765538,0.012327056950611405
KO,2022-11-25,56.91,56.99,56.6,56.88,56.88,5165500,Consumer Goods,56.412,55.779999999999994,54.919999999999995,52.9824,55.64000175474914,54.62999549722587,1.0100062575232727,0.8121799951739709,56.82,8990400.0,55.08,11212600.0,55.24,16804800.0,75.61779242174626,3.267973856209161,2.9688631426502576,0.0010559662090814381,0.006670509605764867
KO,2022-11-28,56.88,57.25,56.76,56.89,56.89,12267500,Consumer Goods,56.696000000000005,55.904999999999994,55.008,53.03979999999999,55.832309177095425,54.7974032381721,1.0349059389233233,0.8567251839238414,56.88,5165500.0,55.47,10415600.0,55.64,18972100.0,74.8299319727891,2.5599423111591912,2.2465851905104195,0.00017580872011246917,0.0065383514312770995
KO,2022-11-29,56.72,56.77,56.23,56.69,56.69,10969600,Consumer Goods,56.77,56.064,55.1275,53.085,55.96426161138844,54.937595590900095,1.0266660204883422,0.8907133512367417,56.89,12267500.0,56.32,15399400.0,55.1,16361000.0,71.90635451505011,0.6569602272727293,2.8856624319419266,-0.0035155563367903486,0.005490546418024465
KO,2022-11-30,56.66,58.19,56.42,58.12,58.12,30433900,Consumer Goods,57.080000000000005,56.375,55.327999999999996,53.1604,56.29591367117483,55.17332925083342,1.1225844203414113,0.9370875650576757,56.69,10969600.0,56.57,12319600.0,55.01,13295800.0,86.03603603603595,2.7399681810146737,5.653517542265041,0.02522490739107419,0.008686202116140513
KO,2022-12-01,58.12,58.58,57.96,58.29,58.29,12001400,Consumer Goods,57.374,56.713,55.5745,53.248400000000004,56.60269618330178,55.40419375077168,1.1985024325300984,0.9893705385521603,58.12,30433900.0,56.82,8990400.0,54.91,14199500.0,81.05906313645612,2.5871172122492014,6.1555272263704275,0.0029249827942188222,0.008362777153429968
KO,2022-12-02,58.12,58.95,57.93,58.8,58.8,13643500,Consumer Goods,57.757999999999996,57.084999999999994,55.848,53.349000000000004,56.94074292433227,55.65573495441822,1.285007969914048,1.048498024824538,58.29,12001400.0,56.88,5165500.0,55.08,11212600.0,81.47410358565728,3.3755274261603185,6.753812636165568,0.008749356664951025,0.0083340003080442
KO,2022-12-05,57.94,58.3,57.8,57.99,57.99,9185100,Consumer Goods,57.977999999999994,57.33699999999999,56.05899999999999,53.4454,57.10216708981961,55.828643476313175,1.273523613506434,1.0935031425609172,58.8,13643500.0,56.89,12267500.0,55.47,10415600.0,77.31568998109638,1.9335559852346584,4.5429962141698255,-0.01377551020408152,0.010519946078668057
KO,2022-12-06,58.04,58.37,57.77,57.97,57.97,10099500,Consumer Goods,58.234,57.501999999999995,56.259,53.5546,57.23567984523197,55.987262478067755,1.2484173671642154,1.124485987481577,57.99,9185100.0,56.69,10969600.0,56.32,15399400.0,78.35249042145591,2.257893808431821,2.9296875,-0.0003448870494913159,0.00987625738692779
KO,2022-12-07,57.98,58.22,57.79,58.06,58.06,12307600,Consumer Goods,58.222,57.650999999999996,56.458499999999994,53.6928,57.3624983305809,56.14079859080348,1.2216997397774207,1.1439287379407457,57.97,10099500.0,58.12,30433900.0,56.57,12319600.0,80.23032629558543,-0.10323468685476955,2.6339048965883016,0.0015525271692256037,0.009869607489800813
KO,2022-12-08,58.11,58.34,57.88,58.3,58.3,9946200,Consumer Goods,58.224000000000004,57.799,56.7075,53.8248,57.50672935664537,56.300739435929145,1.2059899207162275,1.1563409744958422,58.06,12307600.0,58.29,12001400.0,56.82,8990400.0,80.49242424242422,0.01715560130381988,2.604716649067229,0.004133654839820755,0.009864319057397151
KO,2022-12-09,58.12,58.33,57.65,57.69,57.69,13914900,Consumer Goods,58.001999999999995,57.88000000000001,56.83,53.952,57.53492484023839,56.40364762586032,1.1312772143780663,1.1513282224722872,58.3,9946200.0,58.8,13643500.0,56.88,5165500.0,70.18181818181817,-1.8877551020408112,1.4240506329113778,-0.010463121783876539,0.010703856278957898
KO,2022-12-12,57.84,58.49,57.57,58.45,58.45,11647900,Consumer Goods,58.093999999999994,58.036,56.9705,54.104400000000005,57.67570563404787,56.555229283204,1.120476350843873,1.1451578481466043,57.69,13914900.0,57.99,9185100.0,56.89,12267500.0,69.68576709796673,0.7932402138299821,2.7421339426964453,0.01317386028774492,0.01130222051338
KO,2022-12-13,59.02,59.12,58.3,58.47,58.47,17521600,Consumer Goods,58.193999999999996,58.214,57.138999999999996,54.2458,57.79790476727128,56.697064151114816,1.1008406161564608,1.1362944017485757,58.45,11647900.0,57.97,10099500.0,56.69,10969600.0,68.33976833976833,0.862515094014138,3.1398835773505107,0.0003421727972625632,0.011128493522642115
KO,2022-12-14,58.65,59.07,58.09,58.47,58.47,12826700,Consumer Goods,58.275999999999996,58.249,57.312,54.384800000000006,57.90130403384492,56.82839273251372,1.072911301331203,1.1236177816651012,58.47,17521600.0,58.06,12307600.0,58.12,30433900.0,66.73427991886408,0.7061660351360688,0.6022023399862464,0.0,0.00798381837615432
KO,2022-12-15,58.1,58.38,57.1,57.67,57.67,12212300,Consumer Goods,58.15,58.187,57.45,54.5176,57.86571879786878,56.89073401158677,0.9749847862820076,1.0938911825884825,58.47,12826700.0,58.3,9946200.0,58.29,12001400.0,56.96649029982363,-1.080617495711833,-1.0636472808371877,-0.013682230203523105,0.009102149353335455
KO,2022-12-16,57.34,57.69,56.95,57.34,57.34,33631500,Consumer Goods,58.080000000000005,58.041,57.563,54.6658,57.78483898281205,56.924012973691454,0.8608260091205935,1.0472781478949047,57.67,12212300.0,57.69,13914900.0,58.8,13643500.0,53.75626043405679,-0.6066909343040328,-2.4829931972789043,-0.005722212588867626,0.008505158448477646
KO,2022-12-19,57.41,57.94,57.08,57.42,57.42,10919700,Consumer Goods,57.874,57.984,57.6605,54.825,57.72870990853327,56.960752753418014,0.7679571551152549,0.9914139493389748,57.34,33631500.0,58.45,11647900.0,57.99,9185100.0,56.218057921635484,-1.7621899059024781,-0.9829280910501836,0.0013951866062085205,0.007567545852042283
KO,2022-12-20,57.4,57.7,57.34,57.37,57.37,10286500,Consumer Goods,57.653999999999996,57.924,57.713,54.9854,57.673523768758926,56.99106736427594,0.6824564044829842,0.9296224403677766,57.42,10919700.0,58.47,17521600.0,57.97,10099500.0,41.64810690423162,-1.881306652984438,-1.0350181128169766,-0.0008707767328457461,0.007564611394427805
KO,2022-12-21,57.63,58.52,57.63,58.3,58.3,10411300,Consumer Goods,57.620000000000005,57.948,57.7995,55.1628,57.7699047274114,57.088025337292535,0.6818793901188656,0.8800738303179945,57.37,10286500.0,58.47,12826700.0,58.06,12307600.0,50.09523809523807,-0.29074739182487486,0.4133654839820755,0.01621056301202728,0.009331104330680767
KO,2022-12-22,57.95,58.1,57.25,57.88,57.88,9666700,Consumer Goods,57.662,57.906000000000006,57.8525,55.31980000000001,57.78684246165581,57.14669012712272,0.6401523345330915,0.8320895311610139,58.3,10411300.0,57.67,12212300.0,58.3,9946200.0,41.08527131782949,0.364140801109758,-0.720411663807885,-0.00720411663807885,0.00952088943809028
KO,2022-12-23,58.02,58.36,57.75,58.31,58.31,6463300,Consumer Goods,57.85600000000001,57.967999999999996,57.924,55.4722,57.86732823678568,57.232861228817335,0.6344670079683468,0.7925650265224805,57.88,9666700.0,57.34,33631500.0,57.69,13914900.0,53.34728033472804,1.691663760027895,1.0747096550528745,0.007429163787145754,0.009152629761124166
KO,2022-12-27,58.41,58.74,58.21,58.67,58.67,7320700,Consumer Goods,58.105999999999995,57.989999999999995,58.013,55.648,57.990816200357116,57.339315952608644,0.6515002477484728,0.764352070767679,58.31,6463300.0,57.42,10919700.0,58.45,11647900.0,56.835937500000036,2.176941832114254,0.37639007698888616,0.0061738981306809215,0.008360637474275692
KO,2022-12-28,58.9,59.07,58.01,58.09,58.09,7159400,Consumer Goods,58.25,57.952,58.083000000000006,55.7992,58.00607524645602,57.39492217834134,0.6111530681146817,0.7337122702370795,58.67,7320700.0,57.37,10286500.0,58.47,17521600.0,50.2673796791444,1.2550113299633958,-0.6499059346673386,-0.009885801943071426,0.008972687723300463
KO,2022-12-29,58.3,58.62,58.2,58.43,58.43,7169300,Consumer Goods,58.275999999999996,57.948,58.0985,55.9436,58.07129443930894,57.47159460957531,0.5996998297336305,0.7069097821363897,58.09,7159400.0,58.3,10411300.0,58.47,12826700.0,51.13835376532403,0.2229845626072091,-0.06841115101761108,0.005852986744706357,0.009205194263334741
KO,2022-12-30,58.41,58.41,57.72,58.12,58.12,7650200,Consumer Goods,58.324,57.99300000000001,58.089999999999996,56.0906,58.078787602492184,57.51962463849566,0.5591629639965277,0.6773604185084173,58.43,7169300.0,57.88,9666700.0,57.67,12212300.0,53.97412199630315,0.4146510020732519,0.7803017166637671,-0.00530549375320899,0.00814491307950164
KO,2023-01-03,58.08,58.08,56.82,57.52,57.52,12180500,Consumer Goods,58.16600000000001,58.011,58.025999999999996,56.2416,57.992820279031854,57.519652443051534,0.47316783598031975,0.6365219020027979,58.12,7650200.0,58.31,6463300.0,57.34,33631500.0,41.14285714285711,-1.354827645343848,0.3139169863969338,-0.010323468685478177,0.008667943289070452
KO,2023-01-04,57.7,57.87,57.12,57.49,57.49,13387900,Consumer Goods,57.92999999999999,58.01800000000001,58.001,56.376,57.915463313026954,57.51745596578846,0.3980073472384973,0.5888189910499377,57.52,12180500.0,58.67,7320700.0,57.42,10919700.0,40.68441064638783,-2.0112493608317683,0.12190874259840889,-0.0005215577190542664,0.008663385884161105
KO,2023-01-05,57.2,57.38,56.72,56.83,56.83,9814700,Consumer Goods,57.678,57.964,57.944,56.468,57.748468957176655,57.46653330165598,0.2819356555206767,0.5274423239440855,57.49,13387900.0,58.09,7159400.0,57.37,10286500.0,36.14864864864861,-2.1690480289206504,-0.9412584974725413,-0.011480257436075947,0.009419664033887198
KO,2023-01-06,57.48,58.18,57.18,57.93,57.93,9990000,Consumer Goods,57.577999999999996,57.927,57.9375,56.556999999999995,57.77639680991871,57.50086416819998,0.27553264171872627,0.4770603874990137,56.83,9814700.0,58.43,7169300.0,58.3,10411300.0,52.090032154340825,-0.8557247989046668,-0.634648370497426,0.01935597395741695,0.010083806664213579
KO,2023-01-09,57.84,58.22,57.18,57.21,57.21,9442600,Consumer Goods,57.396,57.85999999999999,57.882999999999996,56.6236,57.68925883916199,57.47931867425925,0.20994016490273992,0.42363634297975894,57.93,9990000.0,58.12,7650200.0,57.88,9666700.0,49.01664145234491,-1.5657260839642029,-1.1575673807878384,-0.012428793371310198,0.0105873095583382
KO,2023-01-10,57.2,57.32,56.58,56.77,56.77,10134600,Consumer Goods,57.246,57.706,57.837,56.6788,57.54783440236784,57.42677655024004,0.12105785212779807,0.3631206448093668,57.21,9442600.0,57.52,12180500.0,58.31,6463300.0,45.33715925394549,-1.3038942976355994,-2.6410564225690214,-0.007690963118335947,0.010307759723496297
KO,2023-01-11,57.0,57.16,56.11,56.66,56.66,10823000,Consumer Goods,57.08,57.50500000000001,57.7475,56.709399999999995,57.41124449431125,57.36997828725929,0.041266207051954495,0.29874975725788433,56.77,10134600.0,57.49,13387900.0,58.67,7320700.0,44.95021337126599,-1.4437293442337906,-3.425941707857516,-0.0019376431213670164,0.00984725395784164
KO,2023-01-12,56.75,56.82,55.71,55.93,55.93,13907300,Consumer Goods,56.9,57.289,57.62050000000001,56.742000000000004,57.18336072595567,57.26331322894379,-0.07995250298811385,0.2230093052086847,56.66,10823000.0,56.83,9814700.0,58.09,7159400.0,32.65007320644217,-1.5836705965159181,-3.7183680495782467,-0.01288386869043412,0.010107621561803093
KO,2023-01-13,55.46,56.16,55.36,56.13,56.13,13986400,Consumer Goods,56.54,57.05899999999999,57.503499999999995,56.782399999999996,57.0213052296548,57.17936410087388,-0.15805887121908313,0.14679566992313114,55.93,13907300.0,57.93,9990000.0,58.43,7169300.0,36.7624810892587,-3.107198342827544,-3.9363340749614895,0.003575898444484249,0.009890912757778089
KO,2023-01-17,56.4,57.0,56.25,56.36,56.36,18327800,Consumer Goods,56.370000000000005,56.882999999999996,57.438,56.8424,56.919565963554064,57.11867046377211,-0.19910450021804849,0.07761563589489523,56.13,13986400.0,57.21,9442600.0,58.12,7650200.0,34.78939157566299,-1.4857542387694433,-3.028217481073636,0.004097630500623506,0.010191609452982553
KO,2023-01-18,56.2,56.28,54.53,54.65,54.65,19679400,Consumer Goods,55.946000000000005,56.59599999999999,57.3035,56.8688,56.57040196916113,56.93580598497418,-0.3654040158130485,-0.010988294446693518,56.36,18327800.0,56.77,10134600.0,57.52,12180500.0,24.097938144329873,-3.7343667429980743,-4.989568845618919,-0.030340667139815536,0.013281905734711495
KO,2023-01-19,54.58,55.41,54.56,54.57,54.57,14894500,Consumer Goods,55.528,56.303999999999995,57.16099999999999,56.8848,56.26264782005942,56.76056109719831,-0.4979132771388919,-0.10837329098513321,54.65,19679400.0,56.66,10823000.0,57.49,13387900.0,25.757575757575736,-3.6886692552064893,-5.079144198991137,-0.0014638609332112695,0.013249705676098789
KO,2023-01-20,54.57,54.91,54.28,54.9,54.9,14237700,Consumer Goods,55.322,56.111000000000004,57.0375,56.903400000000005,56.053009693896435,56.62274175666511,-0.5697320627686722,-0.20064504534184102,54.57,14894500.0,55.93,13907300.0,56.83,9814700.0,25.655172413793096,-1.8415876989093527,-3.3960936125285945,0.006047278724574001,0.013472251320503247
KO,2023-01-23,55.08,55.34,54.87,55.03,55.03,12613400,Consumer Goods,55.102,55.821000000000005,56.874,56.9226,55.895623587143135,56.504760885801026,-0.6091372986578918,-0.2823434960050512,54.9,14237700.0,56.13,13986400.0,57.93,9990000.0,28.147100424328187,-1.9597363263851753,-5.0060417745554915,0.0023679417122040025,0.011161511423450647
KO,2023-01-24,54.9,56.51,54.64,55.33,55.33,10103300,Consumer Goods,54.896,55.633,56.746500000000005,56.962799999999994,55.8086045737365,56.41774156092688,-0.6091369871903751,-0.347702194242116,55.03,12613400.0,56.36,18327800.0,57.21,9442600.0,33.82570162481532,-1.8275372604684148,-3.2861387869253633,0.005451571869889094,0.011282441229262996
KO,2023-01-25,55.01,55.68,54.72,55.67,55.67,11265800,Consumer Goods,55.1,55.523,56.6145,56.9714,55.787280793161656,56.36235329715452,-0.5750725039928639,-0.3931762561922656,55.33,10103300.0,54.65,19679400.0,56.77,10134600.0,37.14689265536724,1.8664226898444713,-1.9376431213669165,0.006144948490873103,0.011526812262426994
KO,2023-01-26,55.56,55.83,55.34,55.56,55.56,11884800,Consumer Goods,55.298,55.413,56.45899999999999,56.969800000000006,55.752314517290635,56.30291971958752,-0.5506052022968859,-0.4246620454131897,55.67,11265800.0,54.57,14894500.0,56.66,10823000.0,40.27565084226649,1.8141836173721781,-1.9414048711613008,-0.00197592958505477,0.011526834699235357
KO,2023-01-27,55.59,55.7,55.16,55.27,55.27,14087000,Consumer Goods,55.372,55.347,56.318000000000005,56.9732,55.67811228386131,56.226407147766224,-0.5482948639049141,-0.44938860911153455,55.56,11884800.0,54.9,14237700.0,55.93,13907300.0,26.74825174825176,0.6739526411657648,-1.1800464866797755,-0.0052195824334052565,0.010955867469881187
KO,2023-01-30,55.32,55.89,55.24,55.41,55.41,15632000,Consumer Goods,55.448,55.275,56.166999999999994,56.9812,55.636864240190334,56.165932544227985,-0.5290683040376507,-0.4653245480967578,55.27,14087000.0,55.03,12613400.0,56.13,13986400.0,32.49027237354079,0.69053243685262,-1.2827365045430361,0.0025330197213677685,0.010910951079474221
KO,2023-01-31,55.72,56.05,55.29,56.03,56.03,14344400,Consumer Goods,55.588,55.242,56.0625,57.0036,55.69734666477643,56.15586346687776,-0.45851680210132884,-0.463962998897672,55.41,15632000.0,55.33,10103300.0,56.36,18327800.0,43.04511278195487,1.2651364540032572,-0.5855216465578406,0.01118931600794082,0.011510130851491886
KO,2023-02-01,55.87,56.27,55.39,56.04,56.04,12535400,Consumer Goods,55.662,55.38099999999999,55.9885,57.0228,55.75006256250314,56.14728098784978,-0.39721842534664376,-0.4506140841874664,56.03,14344400.0,55.67,11265800.0,54.65,19679400.0,44.06130268199235,0.6646308604275175,2.54345837145471,0.0001784758165268574,0.004839932407489918
KO,2023-02-02,55.55,55.76,54.74,55.08,55.08,16947200,Consumer Goods,55.565999999999995,55.432,55.86800000000001,57.015,55.64697601442573,56.06822313689795,-0.4212471224722165,-0.44474069184441645,56.04,12535400.0,55.56,11884800.0,54.57,14894500.0,42.20183486238531,-0.8639308855291628,0.9345794392523255,-0.017130620985010725,0.00786498683508722
KO,2023-02-03,55.14,55.21,54.12,54.67,54.67,15404400,Consumer Goods,55.446000000000005,55.409000000000006,55.75999999999999,56.982,55.49667201220639,55.96465105268329,-0.467979040476898,-0.4493883615709128,55.08,16947200.0,55.27,14087000.0,54.9,14237700.0,37.10247349823319,-1.0855798805862182,-0.4189435336976244,-0.007443718228031915,0.008050030319288633
KO,2023-02-06,54.63,55.13,54.57,54.98,54.98,11330900,Consumer Goods,55.35999999999999,55.403999999999996,55.6125,56.9502,55.417184010328484,55.89171393766971,-0.4745299273412229,-0.4544166747249748,54.67,15404400.0,55.41,15632000.0,55.03,12613400.0,37.979094076655,-0.7760332070023468,-0.09085953116482193,0.005670385952075918,0.008241233310749024
KO,2023-02-07,54.52,55.04,54.4,54.89,54.89,14922700,Consumer Goods,55.132000000000005,55.36,55.496500000000005,56.9116,55.33607877797026,55.81751290524973,-0.48143412727947066,-0.459820165235874,54.98,11330900.0,56.03,14344400.0,55.33,10103300.0,52.91262135922334,-2.0346243084062077,-0.7952286282306154,-0.001636958894143281,0.008016254056475294
KO,2023-02-08,54.75,54.75,54.45,54.57,54.57,11012000,Consumer Goods,54.838,55.25,55.3865,56.8654,55.21822050443637,55.7251045418979,-0.506884037461532,-0.46923293968100566,54.89,14922700.0,56.04,12535400.0,55.67,11265800.0,50.0,-2.623126338329762,-1.975929585054792,-0.005829841501184152,0.007758946411379969
KO,2023-02-09,54.96,55.12,54.46,54.48,54.48,12515300,Consumer Goods,54.718,55.141999999999996,55.277499999999996,56.8172,55.10464811913847,55.63287457583139,-0.52822645669292,-0.4810316430833886,54.57,11012000.0,55.08,16947200.0,55.56,11884800.0,44.902912621359185,-1.089324618736387,-1.9438444924406162,-0.0016492578339747377,0.007759590171263681
KO,2023-02-10,54.57,54.73,53.8,54.48,54.48,14420700,Consumer Goods,54.67999999999999,55.063,55.205,56.773,55.00854840850178,55.54747645910314,-0.5389280506013563,-0.49261092458698214,54.48,12515300.0,54.67,15404400.0,55.27,14087000.0,43.10776942355882,-0.3475397841595118,-1.4293468427718614,0.0,0.007689247799747429
KO,2023-02-13,54.73,55.52,54.58,55.37,55.37,16191800,Consumer Goods,54.757999999999996,55.05899999999999,55.16700000000001,56.718,55.06415634565535,55.534330054725125,-0.4701737090697762,-0.488123481483541,54.48,14420700.0,54.98,11330900.0,55.41,15632000.0,50.436681222707406,0.7093488541287662,-0.07218913553510564,0.016336270190895785,0.009501482449681312
KO,2023-02-14,55.02,55.65,54.42,54.45,54.45,20505700,Consumer Goods,54.67,54.900999999999996,55.07149999999999,56.6412,54.969670754016065,55.45400930993067,-0.4843385559146043,-0.4873664963697537,55.37,16191800.0,54.89,14922700.0,56.03,14344400.0,38.17829457364338,-0.8016032064128265,-2.8199179011243913,-0.016615495755824328,0.00991244832579223
KO,2023-02-15,54.73,54.76,54.12,54.45,54.45,13171400,Consumer Goods,54.646,54.742,55.0615,56.5542,54.88972140724436,55.3796382499358,-0.48991684269144287,-0.4878765656340916,54.45,20505700.0,54.57,11012000.0,56.04,12535400.0,39.00990099009897,-0.21990104452995762,-2.8372591006423864,0.0,0.009906624451233694
KO,2023-02-16,54.12,54.66,53.86,54.11,54.11,16538300,Consumer Goods,54.572,54.645,55.0385,56.476600000000005,54.7697642676683,55.28559097216278,-0.5158267044944793,-0.49346659340616916,54.45,13171400.0,54.48,12515300.0,55.08,16947200.0,38.62745098039209,-0.6791483113068986,-1.7610748002904852,-0.006244260789715406,0.008683108399996024
KO,2023-02-17,54.37,55.03,54.26,54.93,54.93,16814700,Consumer Goods,54.662,54.67100000000001,55.04,56.4158,54.794415918796254,55.25925090015072,-0.4648349813544641,-0.4877402709958282,54.11,16538300.0,54.48,14420700.0,54.67,15404400.0,45.84775086505192,0.825991189427322,0.4755807572708992,0.015154315283681496,0.009890758408945028
KO,2023-02-21,54.81,55.03,54.57,54.64,54.64,14278300,Consumer Goods,54.516,54.637,55.020500000000006,56.3474,54.770659623596835,55.21338046310252,-0.4427208395056823,-0.478736384697799,54.93,16814700.0,55.37,16191800.0,54.98,11330900.0,37.24770642201831,-1.3184034675817191,-0.6184066933430321,-0.005279446568359769,0.009863111028941624
KO,2023-02-22,54.69,55.15,54.6,54.81,54.81,12409600,Consumer Goods,54.588,54.629,54.994499999999995,56.27759999999999,54.776711989197324,55.18350042879863,-0.40678843960130706,-0.4643467956785007,54.64,14278300.0,54.45,20505700.0,54.89,14922700.0,39.03743315508023,0.6611570247933907,-0.1457460375296038,0.0031112737920937494,0.009920511052158841
KO,2023-02-23,54.83,55.21,54.65,54.91,54.91,12222800,Consumer Goods,54.67999999999999,54.663,54.956500000000005,56.22200000000001,54.79721783701312,55.16324113777651,-0.36602330076338774,-0.44468209669547815,54.81,12409600.0,54.45,13171400.0,54.57,11012000.0,48.21052631578945,0.8448117539026523,0.6230529595015577,0.0018244845831052459,0.00972275518005443
KO,2023-02-24,54.53,54.74,54.27,54.68,54.68,9736200,Consumer Goods,54.794,54.68299999999999,54.9125,56.1466,54.77918432362649,55.12744549794121,-0.3482611743147217,-0.4253979122193269,54.91,12222800.0,54.11,16538300.0,54.48,12515300.0,50.10940919037197,1.053409720938836,0.36710719530104186,-0.004188672372973934,0.00982253103904165
KO,2023-02-27,54.99,55.1,54.59,54.66,54.66,8849800,Consumer Goods,54.739999999999995,54.701,54.88199999999999,56.0704,54.760848273837794,55.09281990550112,-0.331971631663329,-0.4067126561081273,54.68,9736200.0,54.93,16814700.0,54.48,14420700.0,46.261682242990645,-0.49153468050245896,0.33039647577093323,-0.00036576444769576,0.009824907487197691
KO,2023-02-28,54.55,54.55,54.04,54.38,54.38,16082200,Consumer Goods,54.688,54.602,54.83050000000001,55.9886,54.7022562317089,55.04001843101956,-0.3377621993106601,-0.39292256474863385,54.66,8849800.0,54.64,14278300.0,55.37,16191800.0,44.295302013422834,-0.47584187408491463,-1.7879718258984933,-0.005122575923893091,0.00815201420684837
KO,2023-03-01,54.03,54.07,53.33,53.78,53.78,13275800,Consumer Goods,54.48199999999999,54.535000000000004,54.718,55.9108,54.56037065759983,54.94668373242552,-0.38631307482568644,-0.3916006667640444,54.38,16082200.0,54.81,12409600.0,54.45,20505700.0,41.68421052631579,-1.8792191205984299,-1.2304866850321394,-0.011033468186833373,0.007152578411453014
KO,2023-03-02,53.76,54.62,53.73,54.57,54.57,11758300,Consumer Goods,54.414,54.547000000000004,54.64450000000001,55.8554,54.56185209489217,54.91878123372733,-0.356929138835163,-0.3846663611782682,53.78,13275800.0,54.91,12222800.0,54.45,13171400.0,50.82568807339453,-0.6191950464396245,0.22038567493112282,0.014689475641502359,0.008757949796604802
KO,2023-03-03,54.41,54.53,54.1,54.31,54.31,13101800,Consumer Goods,54.339999999999996,54.56700000000001,54.605999999999995,55.7932,54.52310561875491,54.873686327525306,-0.35058070877039427,-0.37784923069669346,54.57,11758300.0,54.68,9736200.0,54.11,16538300.0,48.51138353765328,-0.6766642282370117,0.3696174459434598,-0.004764522631482415,0.00864775365045117
KO,2023-03-06,54.15,55.17,54.11,55.15,55.15,16282700,Consumer Goods,54.438,54.589,54.63000000000001,55.7488,54.61955090817723,54.894154006967874,-0.27460309879064226,-0.35720000431548327,54.31,13101800.0,54.66,8849800.0,54.93,16814700.0,48.0565371024735,0.8964507866813021,0.4005097396686752,0.015466764868348193,0.00870733434128664
KO,2023-03-07,55.27,55.34,54.6,54.83,54.83,13961200,Consumer Goods,54.528,54.608000000000004,54.6225,55.679399999999994,54.65192769153458,54.889401858303586,-0.23747416676900457,-0.3332548368061875,55.15,16282700.0,54.38,16082200.0,54.64,14278300.0,53.75494071146242,0.8275101140124974,0.3477306002928282,-0.005802357207615572,0.008746936743796632
KO,2023-03-08,54.86,55.13,54.58,54.86,54.86,10851600,Consumer Goods,54.74399999999999,54.613,54.621,55.619,54.683938815913876,54.88722394287369,-0.2032851269598126,-0.30726089483691255,54.83,13961200.0,53.78,13275800.0,54.81,12409600.0,54.027504911591336,2.008181480104132,0.09122422915526229,0.0005471457231442933,0.008695453692654493
KO,2023-03-09,55.32,55.32,54.17,54.33,54.33,13900900,Consumer Goods,54.696000000000005,54.55499999999999,54.609,55.53939999999999,54.62948669038867,54.84594809525341,-0.21646140486474508,-0.28910099684247903,54.86,10851600.0,54.57,11758300.0,54.91,12222800.0,52.08333333333332,-0.43980208905992635,-1.056273902749949,-0.00966095515858556,0.009190481451668328
KO,2023-03-10,54.55,54.95,53.9,54.1,54.1,13745800,Consumer Goods,54.653999999999996,54.497,54.589999999999996,55.44799999999999,54.54802719955964,54.790692680790194,-0.24266548123055287,-0.2798138937200938,54.33,13900900.0,54.31,13101800.0,54.68,9736200.0,41.15138592750532,-0.3866691217087159,-1.060716898317482,-0.004233388551444839,0.009192203295657553
KO,2023-03-13,54.17,55.62,54.14,54.65,54.65,21956000,Consumer Goods,54.553999999999995,54.496,54.5985,55.3792,54.56371532270431,54.78027100073166,-0.21655567802734765,-0.2671622505815446,54.1,13745800.0,55.15,16282700.0,54.66,8849800.0,50.10101010101007,-0.9066183136899331,-0.018294914013905483,0.010166358595194103,0.009855913136407737
KO,2023-03-14,54.82,55.24,54.23,54.85,54.85,19496900,Consumer Goods,54.55800000000001,54.543000000000006,54.57249999999999,55.307599999999994,54.60775911921134,54.78543611178858,-0.1776769925772399,-0.24926519898068367,54.65,21956000.0,54.83,13961200.0,54.38,16082200.0,50.4016064257028,0.03647638154296029,0.8642883413019442,0.0036596523330283404,0.009736798864412727
KO,2023-03-15,54.3,55.26,54.13,55.22,55.22,21089900,Consumer Goods,54.629999999999995,54.687,54.611000000000004,55.2496,54.70195002394806,54.81762602943387,-0.1156760054858097,-0.22254736028170888,54.85,19496900.0,54.86,10851600.0,53.78,13275800.0,52.952380952380985,0.6562158220925873,2.677575306805502,0.006745670009115745,0.008902423402985108
KO,2023-03-16,55.33,55.56,54.97,55.52,55.52,15658300,Consumer Goods,54.86800000000001,54.782000000000004,54.6645,55.2096,54.82780386641758,54.86965373095728,-0.04184986453969941,-0.186407861133307,55.22,21089900.0,54.33,13900900.0,54.57,11758300.0,57.89473684210531,2.190318424443216,1.7408832691955256,0.005432814197754432,0.007944850280892545
KO,2023-03-17,55.53,55.57,54.91,55.26,55.26,27351200,Consumer Goods,55.1,54.876999999999995,54.721999999999994,55.165,54.89429557927641,54.89856826940489,-0.0042726901284808605,-0.1499808269323418,55.52,15658300.0,54.1,13745800.0,54.31,13101800.0,55.39568345323743,2.144177449168194,1.749217455348906,-0.004682997118155674,0.007937454557532782
KO,2023-03-20,55.39,55.8,55.22,55.8,55.8,12904100,Consumer Goods,55.33,54.94200000000001,54.765499999999996,55.1444,55.03363472092619,54.965340990189716,0.06829373073647105,-0.10632591539857925,55.26,27351200.0,54.65,21956000.0,55.15,16282700.0,62.19931271477659,2.1043000914912957,1.1786038077969074,0.009771986970684043,0.006993220785147127
KO,2023-03-21,55.77,55.93,55.13,55.54,55.54,13716500,Consumer Goods,55.467999999999996,55.013,54.810500000000005,55.096599999999995,55.111537071552924,55.00790832424974,0.10362874730318339,-0.06433498285822672,55.8,12904100.0,54.85,19496900.0,54.83,13961200.0,66.05839416058393,1.2579762989972654,1.2949115447747683,-0.004659498207885249,0.006874503204129432
KO,2023-03-22,55.61,56.05,55.27,55.29,55.29,10494200,Consumer Goods,55.482000000000006,55.056000000000004,54.834500000000006,55.0582,55.13899290669863,55.028804003934944,0.11018890276368865,-0.029430205733843653,55.54,13716500.0,55.22,21089900.0,54.86,10851600.0,57.28744939271254,0.12676566461427008,0.7838133430550398,-0.004501260352898773,0.007117708506684623
KO,2023-03-23,55.33,55.6,54.99,55.17,55.17,15479000,Consumer Goods,55.412,55.14,54.84749999999999,55.026199999999996,55.143763228744994,55.03926296660643,0.10450026213856489,-0.0026441121593619443,55.29,10494200.0,55.52,15658300.0,54.33,13900900.0,58.958333333333336,-0.6304034582132578,1.5461071231363865,-0.0021703743895821193,0.00623323644190072
KO,2023-03-24,55.47,56.18,55.16,56.07,56.07,12975600,Consumer Goods,55.574,55.337,54.91700000000001,55.0144,55.28626119355346,55.11561385796892,0.17064733558454037,0.03201417738941852,55.17,15479000.0,55.26,27351200.0,54.1,13745800.0,59.4650205761317,1.4657980456026065,3.6414048059149717,0.01631321370309946,0.007392554196298835
KO,2023-03-27,56.29,56.61,56.12,56.49,56.49,12777400,Consumer Goods,55.712,55.521,55.008500000000005,55.0256,55.47145177916062,55.21742023886011,0.25403154030050956,0.07641764997163673,56.07,12975600.0,55.8,12904100.0,54.65,21956000.0,66.73387096774196,1.236559139784954,3.3668801463861087,0.0074906367041198685,0.007173974541408563
KO,2023-03-28,56.52,56.85,56.41,56.55,56.55,10925700,Consumer Goods,55.914,55.690999999999995,55.117,55.034000000000006,55.637382274674366,55.3161298507964,0.32125242387796504,0.12538460475290242,56.49,12777400.0,55.54,13716500.0,54.85,19496900.0,66.93386773547093,1.8185091825711153,3.0993618960802216,0.0010621348911310502,0.007208057971775261
KO,2023-03-29,56.83,57.04,56.71,56.96,56.96,9441000,Consumer Goods,56.248000000000005,55.864999999999995,55.275999999999996,55.04600000000001,55.840861924724464,55.437898009996665,0.402963914727799,0.18090046674788174,56.55,10925700.0,55.29,10494200.0,55.22,21089900.0,77.00205338809039,3.020437692168576,3.1510322346975705,0.007250221043324512,0.007238268765709792
KO,2023-03-30,56.98,57.17,56.77,56.95,56.95,9870700,Consumer Goods,56.604,56.008,55.395,55.092,56.01149855168993,55.54990556481172,0.46159298687820893,0.2370389707739472,56.96,9441000.0,55.17,15479000.0,55.52,15658300.0,80.6451612903226,3.2263911546130064,2.5756484149855874,-0.000175561797752799,0.0072573252205861425
KO,2023-03-31,57.14,57.32,56.97,57.11,57.11,14440900,Consumer Goods,56.812,56.193000000000005,55.535000000000004,55.142799999999994,56.180498774506866,55.66546811556641,0.5150306589404536,0.2926373084072485,56.95,9870700.0,56.07,12975600.0,55.26,27351200.0,78.87323943661974,1.8548243267344278,3.3478103510676815,0.002809482001755903,0.006797539014558018
KO,2023-04-03,57.36,57.56,56.96,57.45,57.45,12300700,Consumer Goods,57.004,56.358000000000004,55.65,55.1938,56.37580665535196,55.79765566256149,0.5781509927904693,0.3497400452838927,57.11,14440900.0,56.49,12777400.0,55.8,12904100.0,79.54545454545456,1.6994158258098802,2.9569892473118475,0.005953423218350684,0.00649530241103525
KO,2023-04-04,57.44,57.77,57.16,57.28,57.28,11433400,Consumer Goods,57.15,56.532,55.7725,55.2388,56.514913323759345,55.90745894681619,0.6074543769431529,0.40128291161574475,57.45,12300700.0,56.55,10925700.0,55.54,13716500.0,74.52380952380953,1.2908930150309583,3.132877205617568,-0.0029590948651001536,0.006293451369555481
KO,2023-04-05,57.57,58.02,57.55,57.82,57.82,12789600,Consumer Goods,57.322,56.785000000000004,55.92049999999999,55.288599999999995,56.71569588933483,56.04912865445944,0.6665672348753944,0.45433977626767474,57.28,11433400.0,56.96,9441000.0,55.29,10494200.0,75.90090090090088,1.5098314606741603,4.575872671369141,0.00942737430167595,0.005954650231957886
KO,2023-04-06,57.88,58.04,57.44,57.86,57.86,9644200,Consumer Goods,57.504,57.05400000000001,56.097,55.3324,56.891742675591004,56.183267272647626,0.7084754029433782,0.5051669016028155,57.82,12789600.0,56.95,9870700.0,55.17,15479000.0,80.80568720379155,1.5978928884986754,4.875838317926395,0.0006918021445865286,0.005659889797090862
KO,2023-04-10,57.54,57.72,57.1,57.72,57.72,7952600,Consumer Goods,57.626,57.21900000000001,56.278000000000006,55.375600000000006,57.01916687934624,56.29709932652558,0.7220675528206542,0.5485470318463833,57.86,9644200.0,57.11,14440900.0,56.07,12975600.0,75.1308900523561,1.0681141656452509,2.9427501337613737,-0.0024196335983408535,0.004375123118504057
KO,2023-04-11,57.68,57.74,57.45,57.62,57.62,9913000,Consumer Goods,57.660000000000004,57.33200000000001,56.4265,55.4226,57.111602744062196,56.39509196900517,0.7165107750570243,0.5821397804885116,57.72,7952600.0,57.45,12300700.0,56.49,12777400.0,78.4153005464481,0.29590948650999316,2.0003540449637036,-0.0017325017325017233,0.004273900992940121
KO,2023-04-12,57.53,58.03,57.37,57.72,57.72,9593700,Consumer Goods,57.748000000000005,57.449,56.57000000000001,55.4688,57.20520232189878,56.49323330463442,0.7119690172643587,0.608105627843681,57.62,9913000.0,57.28,11433400.0,56.55,10925700.0,84.61538461538463,0.7681564245810124,2.0689655172413834,0.001735508503991623,0.004262934913180335
KO,2023-04-13,57.79,58.15,57.53,58.14,58.14,9871400,Consumer Goods,57.812,57.56699999999999,56.715999999999994,55.510999999999996,57.349017349298975,56.61521602280965,0.7338013264893277,0.6332447675728105,57.72,9593700.0,57.82,12789600.0,56.96,9441000.0,88.97637795275587,0.5534417156693117,2.0716292134831393,0.007276507276507305,0.004266498838410559
KO,2023-04-14,58.05,58.14,57.8,58.05,58.05,8946000,Consumer Goods,57.85,57.677,56.84250000000001,55.5512,57.45686083402221,56.72149631741634,0.7353645166058698,0.6536687173794223,58.14,9871400.0,57.86,9644200.0,56.95,9870700.0,82.99999999999987,0.3283788454891079,1.9315188762071944,-0.001547987616099089,0.004367310373745225
KO,2023-04-17,58.3,58.49,58.14,58.43,58.43,9452400,Consumer Goods,57.992000000000004,57.80899999999999,57.001,55.618199999999995,57.60657455186494,56.848052145755865,0.7585224061090727,0.6746394551253525,58.05,8946000.0,57.72,7952600.0,57.11,14440900.0,82.77027027027015,1.230076230076227,2.311329014183161,0.006546080964685563,0.004604922035092714
KO,2023-04-18,58.48,58.56,58.18,58.52,58.52,9035700,Consumer Goods,58.172000000000004,57.916,57.136999999999986,55.69519999999999,57.74710154388572,56.971900134959135,0.7752014089265842,0.6947518458855988,58.43,9452400.0,57.62,9913000.0,57.45,12300700.0,82.94314381270895,1.561957653592505,1.862489120974753,0.0015403046380284557,0.00442348107198297
KO,2023-04-19,58.68,58.77,58.4,58.63,58.63,9769500,Consumer Goods,58.354,58.051,57.2915,55.7682,57.88293207559561,57.09472234718439,0.7882097284112248,0.713443422390724,58.52,9035700.0,57.72,9593700.0,57.28,11433400.0,81.04089219330844,1.5765765765765938,2.3568435754189876,0.001879699248120259,0.004090371899727945
KO,2023-04-20,58.59,58.93,58.41,58.89,58.89,10706400,Consumer Goods,58.504,58.158,57.471500000000006,55.848200000000006,58.03786560242706,57.22770587702258,0.8101597254044819,0.7327866829934756,58.63,9769500.0,58.14,9871400.0,57.82,12789600.0,82.9931972789114,1.2899896800825594,1.8505707367692859,0.0044345898004434225,0.0033704777269826223
KO,2023-04-21,58.93,59.18,58.74,58.97,58.97,12931100,Consumer Goods,58.688,58.26899999999999,57.661500000000004,55.9362,58.18127089436136,57.356764700946826,0.8245061934145355,0.7511305850776876,58.89,10706400.0,58.05,8946000.0,57.86,9644200.0,82.51748251748235,1.5848406546080884,1.918423781541656,0.001358464934623882,0.0033517751869611137
KO,2023-04-24,59.62,59.84,58.58,58.88,58.88,15532300,Consumer Goods,58.778,58.38499999999999,57.802,56.0242,58.28876767984423,57.469596945321136,0.819170734523091,0.7647386149667683,58.97,12931100.0,58.43,9452400.0,57.72,7952600.0,77.3946360153256,0.7701523190142057,2.009702009702008,-0.0015261997625910517,0.003233447894350815
KO,2023-04-25,59.08,59.08,58.59,58.79,58.79,12818900,Consumer Goods,58.831999999999994,58.501999999999995,57.916999999999994,56.1104,58.36588034448358,57.56740457900106,0.7984757654825216,0.771486045069919,58.88,15532300.0,58.52,9035700.0,57.62,9913000.0,79.84189723320145,0.461380724538607,2.0305449496702543,-0.0015285326086956763,0.003207853729933724
KO,2023-04-26,58.52,58.72,58.37,58.51,58.51,13179600,Consumer Goods,58.80800000000001,58.581,58.015,56.173199999999994,58.38805259917841,57.637226462038015,0.7508261371403933,0.7673540634840139,58.79,12818900.0,58.63,9769500.0,57.72,9593700.0,65.19823788546245,-0.20467337540509556,1.3686763686763692,-0.004762714747406083,0.0038625481021661214
KO,2023-04-27,58.49,58.71,58.11,58.63,58.63,13795800,Consumer Goods,58.75600000000001,58.63000000000001,58.0985,56.256800000000005,58.425275276227886,57.710765242627794,0.7145100336000922,0.7567852575072296,58.51,13179600.0,58.89,10706400.0,58.14,9871400.0,66.38297872340422,-0.44150110375275053,0.842793257653951,0.0020509314647070287,0.003284450639208077
KO,2023-04-28,58.57,59.07,58.45,59.07,59.07,13687600,Consumer Goods,58.775999999999996,58.73199999999999,58.204499999999996,56.3492,58.52446369526975,57.81144929872944,0.7130143965403093,0.7480310853138457,58.63,13795800.0,58.97,12931100.0,58.05,8946000.0,75.47169811320745,0.16957775139900821,1.7571059431524594,0.007504690431519689,0.0037642801301362707
KO,2023-05-01,59.07,59.56,58.98,59.2,59.2,9091500,Consumer Goods,58.839999999999996,58.809000000000005,58.309000000000005,56.45099999999999,58.628392357535944,57.91430490623097,0.7140874513049766,0.7412423585120719,59.07,13687600.0,58.88,15532300.0,58.43,9452400.0,79.47761194029846,0.5434782608695565,1.3178161903131924,0.00220077873709168,0.0033803115209469626
KO,2023-05-02,59.06,59.06,58.25,58.94,58.94,10948400,Consumer Goods,58.870000000000005,58.85100000000001,58.383500000000005,56.5312,58.67633199483811,57.99028232058423,0.68604967425388,0.7302038216604335,59.2,9091500.0,58.79,12818900.0,58.52,9035700.0,71.47887323943647,0.25514543289675284,0.7177033492822948,-0.00439189189189193,0.0038273823140879213
KO,2023-05-03,58.95,59.09,58.54,58.6,58.6,11084600,Consumer Goods,58.888,58.848,58.4495,56.6104,58.66458861101685,58.03544659313354,0.6291420178833107,0.709991460905009,58.94,10948400.0,58.51,13179600.0,58.63,9769500.0,58.33333333333331,0.1538198598530327,-0.051168343851271114,-0.00576857821513399,0.004304740791609268
KO,2023-05-04,58.69,58.86,58.48,58.67,58.67,11938300,Consumer Goods,58.896,58.826,58.492000000000004,56.6876,58.665421132398876,58.08245054919772,0.5829705832011527,0.6845872853642377,58.6,11084600.0,58.63,13795800.0,58.89,10706400.0,61.31386861313874,0.06822445846836889,-0.37357785702156754,0.0011945392491468088,0.00404435184332079
KO,2023-05-05,58.6,59.12,58.59,58.95,58.95,9039000,Consumer Goods,58.872,58.824,58.546499999999995,56.76839999999999,58.709202496645204,58.14671347147937,0.5624890251658314,0.6601676333245565,58.67,11938300.0,59.07,13687600.0,58.97,12931100.0,59.84848484848488,-0.2031488065007525,-0.03391555027979498,0.004772456110448298,0.004339499037448334
KO,2023-05-08,58.75,58.98,58.57,58.85,58.85,7240700,Consumer Goods,58.802,58.821000000000005,58.602999999999994,56.851800000000004,58.73086365100748,58.19880876988831,0.5320548811191728,0.6345450828834798,58.95,9039000.0,59.2,9091500.0,58.88,15532300.0,56.22641509433958,-0.5912162162162171,-0.05095108695651884,-0.0016963528413910245,0.004346365500686225
KO,2023-05-09,58.6,58.7,58.26,58.37,58.37,9067700,Consumer Goods,58.688,58.778999999999996,58.640499999999996,56.926,58.675346166237105,58.21148960174844,0.4638565644886654,0.6004073792045169,58.85,7240700.0,58.94,10948400.0,58.79,12818900.0,45.69536423841053,-0.9670851713607043,-0.7144072121109013,-0.008156329651656802,0.0050470193475076015
KO,2023-05-10,58.3,58.6,58.0,58.47,58.47,10134000,Consumer Goods,58.662,58.775,58.678,57.007799999999996,58.64375444835447,58.23063852013745,0.4131159282170245,0.5629490890070185,58.37,9067700.0,58.6,11084600.0,58.51,13179600.0,42.65734265734267,-0.22184300341296925,-0.06836438215689356,0.0017132088401576873,0.004881299529836222
KO,2023-05-11,58.54,58.86,58.02,58.8,58.8,9581500,Consumer Goods,58.688,58.791999999999994,58.711,57.1082,58.667792225530704,58.27281344457171,0.3949787809589935,0.5293550273974135,58.47,10134000.0,58.67,11938300.0,58.63,13795800.0,47.26688102893889,0.22157831941365114,0.2899539484905178,0.005643919958953303,0.005177028617917447
KO,2023-05-12,58.8,59.1,58.65,59.03,59.03,8740800,Consumer Goods,58.70399999999999,58.78800000000001,58.75999999999999,57.197399999999995,58.72351649852598,58.32890133756639,0.3946151609595887,0.5024070541098485,58.8,9581500.0,58.95,9039000.0,59.07,13687600.0,52.307692307692264,0.13570822731128196,-0.06771626883358417,0.0039115646258505166,0.004726652821371561
KO,2023-05-15,59.13,59.16,58.66,58.87,58.87,8150000,Consumer Goods,58.70799999999999,58.754999999999995,58.782000000000004,57.2886,58.746052421829674,58.368982719968876,0.3770697018607976,0.47733958366003837,59.03,8740800.0,58.85,7240700.0,59.2,9091500.0,51.2048192771084,0.03398470688189548,-0.5574324324324365,-0.002710486193461037,0.004721064233096285
KO,2023-05-16,58.84,58.84,58.15,58.21,58.21,9129600,Consumer Goods,58.676,58.681999999999995,58.76650000000001,57.3498,58.66358281847126,58.3572062221934,0.3063765962778646,0.44314698618360365,58.87,8150000.0,58.37,9067700.0,58.94,10948400.0,45.945945945946,-0.2741134144252144,-1.2385476756022973,-0.01121114319687444,0.005723849558740224
KO,2023-05-17,58.37,58.39,57.76,58.14,58.14,11583000,Consumer Goods,58.61,58.636,58.742,57.416000000000004,58.58303161562954,58.341116872401294,0.2419147432282429,0.4029005375925315,58.21,9129600.0,58.47,10134000.0,58.6,11084600.0,43.287671232876704,-0.5643919958953303,-0.7849829351535886,-0.0012025425184676308,0.005499352019720319
KO,2023-05-18,58.02,58.04,57.61,57.82,57.82,13595100,Consumer Goods,58.414,58.551,58.6885,57.4752,58.465642136301916,58.30251562259379,0.16312651370812858,0.35494573281565095,58.14,11583000.0,58.8,9581500.0,58.67,11938300.0,32.29461756373945,-1.6666666666666607,-1.4487813192432308,-0.005503955968352292,0.005639096115750756
KO,2023-05-19,58.04,58.1,57.65,57.85,57.85,14251400,Consumer Goods,58.178,58.44100000000001,58.63250000000001,57.54560000000001,58.37092796148624,58.2689959468461,0.10193201464014123,0.30434298918054903,57.82,13595100.0,59.03,8740800.0,58.95,9039000.0,30.320699708454868,-1.9989835676774481,-1.8659881255301158,0.0005188516084400074,0.005266182238234643
KO,2023-05-22,57.81,57.89,56.57,56.63,56.63,15055400,Consumer Goods,57.73,58.21900000000001,58.52,57.59620000000001,58.103092890488355,58.14758883967231,-0.04449594918395405,0.23457520150764843,57.85,14251400.0,58.87,8150000.0,58.85,7240700.0,23.690205011389637,-3.8049940546967864,-3.7723024638912417,-0.02108902333621432,0.008037089970102641
KO,2023-05-23,56.63,56.78,56.32,56.53,56.53,13932700,Consumer Goods,57.394000000000005,58.035000000000004,58.407000000000004,57.6338,57.861078599643996,58.02776744414103,-0.16668884449703114,0.15432239230671252,56.63,15055400.0,58.21,9129600.0,58.37,9067700.0,25.06024096385549,-2.8861020443222807,-3.1523042658900047,-0.001765848490199562,0.007905971795869559
KO,2023-05-24,56.51,56.56,55.91,56.05,56.05,11090100,Consumer Goods,56.976,57.79299999999999,58.284000000000006,57.65780000000001,57.58245112277569,57.88126615198243,-0.2988150292067431,0.06369490800402142,56.53,13932700.0,58.14,11583000.0,58.47,10134000.0,21.271929824561454,-3.594771241830075,-4.13887463656576,-0.008491066690253013,0.007864152740468991
KO,2023-05-25,55.68,55.92,55.38,55.62,55.62,14463600,Consumer Goods,56.536,57.475,58.13349999999999,57.6658,57.28053556542558,57.71376495553928,-0.4332293901137021,-0.03568995161952329,56.05,11090100.0,57.82,13595100.0,58.8,9581500.0,14.649681528662484,-3.804911795226573,-5.40816326530612,-0.007671721677074084,0.007104697790890133
KO,2023-05-26,55.66,55.83,55.35,55.48,55.48,12570300,Consumer Goods,56.062,57.120000000000005,57.95399999999999,57.665,57.003530093821645,57.548300884758596,-0.5447707909369512,-0.1375061194830089,55.62,14463600.0,57.85,14251400.0,59.03,8740800.0,14.526315789473742,-4.096802074330174,-6.013891241741498,-0.002517080186983156,0.006413537600543238
KO,2023-05-30,55.33,55.43,54.8,55.04,55.04,15634200,Consumer Goods,55.74399999999999,56.737,57.745999999999995,57.6606,56.70144854092601,57.36250081922093,-0.6610522782949175,-0.24221535124539062,55.48,12570300.0,56.63,15055400.0,58.87,8150000.0,14.649681528662498,-2.8076990994172712,-6.50586037030746,-0.007930785868781487,0.006312831810277291
KO,2023-05-31,55.17,55.5,54.66,54.93,54.93,59432200,Consumer Goods,55.424,56.409000000000006,57.54549999999999,57.6432,56.42891799616816,57.18231557335271,-0.7533975771845505,-0.3444517964332226,55.04,15634200.0,56.53,13932700.0,58.21,9129600.0,12.500000000000057,-2.8303555634176525,-5.634770657962552,-0.0019985465116278966,0.006251068065009249
KO,2023-06-01,55.19,55.4,55.03,55.24,55.24,13402700,Consumer Goods,55.262,56.11900000000001,57.3775,57.6372,56.24600753521921,57.038440345696955,-0.7924328104777416,-0.43404799924212645,54.93,59432200.0,56.05,11090100.0,58.14,11583000.0,12.127659574468211,-1.445138269402313,-4.987960096319222,0.0056435463316948375,0.007120682239618705
KO,2023-06-02,55.49,56.46,55.32,56.31,56.31,15259800,Consumer Goods,55.4,55.967999999999996,57.25949999999999,57.6576,56.25585252980087,56.984481801571256,-0.7286292717703873,-0.49296425374777864,55.24,13402700.0,55.62,14463600.0,57.82,13595100.0,25.451263537906172,1.24056094929883,-2.6115530958145894,0.019370021723388753,0.01049929838414871
KO,2023-06-05,56.16,56.57,55.75,55.93,55.93,12915600,Consumer Goods,55.489999999999995,55.775999999999996,57.10850000000001,57.672799999999995,56.20572137136997,56.9063720384919,-0.7006506671219341,-0.5345015364226098,56.31,15259800.0,55.48,12570300.0,57.85,14251400.0,24.4791666666667,0.8111031002163038,-3.3189282627484884,-0.006748357307760688,0.010511460083231857
KO,2023-06-06,56.12,56.16,55.35,55.53,55.53,10943500,Consumer Goods,55.588,55.666,56.942499999999995,57.662,56.10176423731305,56.80441855415917,-0.7026543168461217,-0.5681320925073122,55.93,12915600.0,55.04,15634200.0,56.63,15055400.0,25.636363636363683,0.8902616279069742,-1.942433339219496,-0.007151796888968276,0.008653411752529518
KO,2023-06-07,55.25,55.58,55.08,55.45,55.45,16817900,Consumer Goods,55.69200000000001,55.55800000000001,56.7965,57.6412,56.00149281618796,56.70409125385108,-0.70259843766312,-0.5950253615384737,55.53,10943500.0,54.93,59432200.0,56.53,13932700.0,25.589836660617095,0.9466593846714,-1.9104900053069085,-0.00144066270484422,0.008654692049251676
KO,2023-06-08,55.36,55.62,55.23,55.58,55.58,15585900,Consumer Goods,55.760000000000005,55.511,56.652,57.62179999999999,55.93664776754366,56.6208252350473,-0.6841774675036376,-0.6128557827315065,55.45,16817900.0,55.24,13402700.0,56.05,11090100.0,28.947368421052616,0.6154960173787138,-0.8385370205173936,0.0023444544634805276,0.008411816503310562
KO,2023-06-09,55.49,55.86,55.4,55.68,55.68,12581500,Consumer Goods,55.634,55.516999999999996,56.496,57.596199999999996,55.89716349561387,56.55113447689565,-0.6539709812817804,-0.6210788224415613,55.58,15585900.0,56.31,15259800.0,55.62,14463600.0,29.87012987012986,-1.1188066062866375,0.10787486515642097,0.0017992083483266974,0.00808004787690866
KO,2023-06-12,55.79,55.84,55.26,55.44,55.44,14208900,Consumer Goods,55.536,55.513,56.3165,57.566,55.82683065013481,56.46882821934783,-0.641997569213018,-0.6252625717958527,55.68,12581500.0,55.93,12915600.0,55.48,12570300.0,36.50793650793646,-0.8760951188986232,-0.07209805335255393,-0.004310344827586188,0.008164950284321616
KO,2023-06-13,55.44,55.86,55.28,55.66,55.66,13397800,Consumer Goods,55.562,55.575,56.15599999999999,57.537,55.801164396267914,56.40891501791465,-0.607750621646737,-0.6217601817660295,55.44,14208900.0,55.53,10943500.0,55.04,15634200.0,40.39735099337743,0.23410768953717742,1.1264534883720811,0.003968253968253954,0.007743785778875227
KO,2023-06-14,55.92,56.24,55.8,56.04,56.04,14099700,Consumer Goods,55.67999999999999,55.686,56.0475,57.5088,55.837908335303624,56.38158797955061,-0.5436796442469856,-0.6061440742622207,55.66,13397800.0,55.45,16817900.0,54.93,59432200.0,49.88713318284426,1.064021641118118,2.020753686510113,0.00682716492993185,0.007847620019403295
KO,2023-06-15,56.23,56.87,55.98,56.81,56.81,15271400,Consumer Goods,55.926,55.842999999999996,55.98100000000001,57.499399999999994,55.98746089910307,56.4133222032876,-0.4258613041845294,-0.5700875202466824,56.04,14099700.0,55.58,15585900.0,55.24,13402700.0,62.47379454926629,2.2130262684418867,2.8421433743664126,0.013740185581727404,0.008639566750037143
KO,2023-06-16,57.15,57.68,57.04,57.21,57.21,26738000,Consumer Goods,56.23199999999999,55.93300000000001,55.9505,57.4872,56.1755438377026,56.472335373414445,-0.29679153571184713,-0.5154283233397153,56.81,15271400.0,55.68,12581500.0,56.31,15259800.0,67.1968190854871,2.74784482758621,1.5982951518380473,0.007041013906002425,0.00667483550525985
KO,2023-06-20,57.14,57.48,56.82,56.83,56.83,13971800,Consumer Goods,56.50999999999999,56.023,55.8995,57.4666,56.276229401132966,56.498829049457825,-0.22259964832485934,-0.45686258833674415,57.21,26738000.0,55.44,14208900.0,55.93,12915600.0,68.00804828973841,2.5072150072150023,1.6091543000178676,-0.006642195420381136,0.0066601383219280184
KO,2023-06-21,56.88,57.26,56.57,56.99,56.99,13948700,Consumer Goods,56.775999999999996,56.169,55.9175,57.452,56.386040262497126,56.53521208283132,-0.14917182033419607,-0.3953244347362345,56.83,13971800.0,55.66,13397800.0,55.53,10943500.0,70.51792828685257,2.3895077254761254,2.6292094363407292,0.0028154143938061704,0.005904953873472812
KO,2023-06-22,57.34,57.61,57.14,57.38,57.38,15193400,Consumer Goods,57.044000000000004,56.362,55.959999999999994,57.447199999999995,56.538957145189876,56.597788965584556,-0.058831820394679823,-0.32802591186792357,56.99,13948700.0,56.04,14099700.0,55.45,16817900.0,70.98039215686272,2.3911491791577477,3.4806131650135352,0.0068433058431303095,0.005853740657967966
KO,2023-06-23,57.46,57.49,56.76,56.78,56.78,25112100,Consumer Goods,57.038,56.482000000000006,55.996500000000005,57.4284,56.576040661314515,56.611286079244955,-0.035245417930440226,-0.2694698130804269,57.38,15193400.0,56.81,15271400.0,55.58,15585900.0,55.07559395248378,-0.05280760429502429,2.1590500179920813,-0.010456605088881132,0.007333280029120496
KO,2023-06-26,56.79,56.86,56.03,56.8,56.8,12856100,Consumer Goods,56.956,56.59400000000001,56.05550000000001,57.40160000000001,56.61049594418921,56.625264888189776,-0.014768944000564943,-0.2185296392644545,56.78,25112100.0,57.21,26738000.0,55.68,12581500.0,60.187353629976535,-0.7166579269358597,2.011494252873569,0.00035223670306439026,0.007355487594578716
KO,2023-06-27,56.8,56.93,56.57,56.68,56.68,9068500,Consumer Goods,56.926,56.718,56.11550000000001,57.3742,56.621188875852404,56.62931934091646,-0.008130465064056125,-0.17644980442437483,56.8,12856100.0,56.83,13971800.0,55.44,14208900.0,64.41102756892228,-0.263945099419316,2.236652236652237,-0.0021126760563380254,0.007176048366936957
KO,2023-06-28,56.48,56.63,56.04,56.15,56.15,11173200,Consumer Goods,56.757999999999996,56.766999999999996,56.17100000000001,57.32860000000001,56.54869827956742,56.593814204552274,-0.04511592498485584,-0.15018302853647103,56.68,9068500.0,56.99,13948700.0,55.66,13397800.0,57.882882882882825,-1.4739427969819308,0.8803449514912076,-0.009350741002117191,0.008007053944843037
KO,2023-06-29,55.87,55.99,55.45,55.68,55.68,17142300,Consumer Goods,56.41799999999999,56.73100000000001,56.2085,57.271800000000006,56.4150523904032,56.52612426347432,-0.11107187307112554,-0.14236079744340194,56.15,11173200.0,57.38,15193400.0,56.04,14099700.0,51.04602510460253,-2.9627047751830005,-0.6423982869378952,-0.00837043633125556,0.008198257140409648
KO,2023-06-30,55.66,55.99,55.54,55.87,55.87,19739200,Consumer Goods,56.236000000000004,56.637,56.239999999999995,57.2166,56.331198176495015,56.47752246617993,-0.1463242896849124,-0.14315349589170404,55.68,17142300.0,56.78,25112100.0,56.81,15271400.0,51.950718685831596,-1.6026769989432976,-1.6546382679105909,0.003412356321839116,0.0067032682700015975
KO,2023-07-03,55.85,56.25,55.69,56.2,56.2,9694500,Consumer Goods,56.116,56.536,56.234500000000004,57.1628,56.311013841649626,56.4569652464629,-0.14595140481327462,-0.14371307767601815,55.87,19739200.0,56.8,12856100.0,57.21,26738000.0,57.66129032258068,-1.0563380281690016,-1.7654256248907485,0.005906568820476243,0.00654769466532045
KO,2023-07-05,55.92,56.69,55.81,56.62,56.62,14716600,Consumer Goods,56.104,56.515,56.269000000000005,57.1158,56.35855017370353,56.46904189487306,-0.11049172116953088,-0.1370688063747207,56.2,9694500.0,56.68,9068500.0,56.83,13971800.0,59.30232558139535,-0.10585744530698937,-0.3695231391870557,0.007473309608540868,0.006890831267166338
KO,2023-07-06,56.34,56.61,56.13,56.18,56.18,12603900,Consumer Goods,56.11,56.434000000000005,56.3015,57.06179999999999,56.33108091621068,56.44763138414172,-0.11655046793104162,-0.1329651386859849,56.62,14716600.0,56.15,11173200.0,56.99,13948700.0,51.340996168582386,0.05342831700800854,-1.4213019828040019,-0.0077711056163899395,0.0071587124831430544
KO,2023-07-07,55.95,56.13,55.41,55.44,55.44,14574000,Consumer Goods,56.062,56.239999999999995,56.301,56.9948,56.19399154448596,56.37299202235345,-0.17900047786748985,-0.14217220652228588,56.18,12603900.0,55.68,17142300.0,57.38,15193400.0,36.80154142581884,-0.4310344827586188,-3.3809689787382413,-0.01317194731221083,0.0073898934278106695
KO,2023-07-10,55.64,55.8,54.87,55.02,55.02,15480600,Consumer Goods,55.891999999999996,56.064,56.273,56.925,56.01337746071889,56.27277039106801,-0.25939293034911515,-0.16561635128765173,55.44,14574000.0,55.87,19739200.0,56.78,25112100.0,28.982725527831093,-1.5213889386074708,-3.0996829869672338,-0.007575757575757458,0.007136427472925013
KO,2023-07-11,55.16,55.26,54.59,55.22,55.22,15967700,Consumer Goods,55.696000000000005,55.906000000000006,56.25,56.8568,55.89131938983906,56.19478739913705,-0.3034680092979869,-0.19318668288971877,55.02,15480600.0,56.2,9694500.0,56.8,12856100.0,33.99602385685881,-1.7437722419928914,-2.7816901408450723,0.0036350418029806875,0.007385114409925742
KO,2023-07-12,55.43,55.71,55.15,55.52,55.52,14241300,Consumer Goods,55.476,55.79,56.254,56.7858,55.83419332986382,56.144803147349116,-0.31060981748529315,-0.21667130980883365,55.22,15967700.0,56.62,14716600.0,56.68,9068500.0,35.783365570599585,-1.9427764040974793,-2.0465772759350687,0.005432814197754432,0.007834113499472595
KO,2023-07-13,55.78,56.09,55.65,55.99,55.99,11269800,Consumer Goods,55.438,55.774,56.270500000000006,56.721599999999995,55.85816358680785,56.13333624754548,-0.27517266073763125,-0.22837157999459318,55.52,14241300.0,56.18,12603900.0,56.15,11173200.0,36.76190476190472,-0.33819864720541215,-0.2849510240427344,0.008465417867435043,0.0080101581094468
KO,2023-07-14,55.79,56.63,55.75,56.5,56.5,11634200,Consumer Goods,55.65,55.85600000000001,56.293499999999995,56.672799999999995,55.956907650375875,56.160496525505074,-0.2035888751291992,-0.22341503902151438,55.99,11269800.0,55.44,14574000.0,55.68,17142300.0,47.28682170542634,1.9119769119769092,1.4727011494252817,0.00910876942311134,0.007949698321670213
KO,2023-07-17,56.37,56.69,56.12,56.42,56.42,10014300,Consumer Goods,55.93000000000001,55.911,56.274,56.6292,56.02815262724113,56.17971900509729,-0.15156637785616311,-0.20904530678844413,56.5,11634200.0,55.02,15480600.0,55.87,19739200.0,46.360153256705004,2.5445292620865034,0.9844281367460184,-0.001415929203539834,0.00796668063865067
KO,2023-07-18,56.56,56.82,56.05,56.19,56.19,11152900,Consumer Goods,56.124,55.910000000000004,56.223,56.5796,56.05305222305019,56.180480560275264,-0.1274283372250764,-0.19272191287577062,56.42,10014300.0,55.22,15967700.0,56.2,9694500.0,45.40337711069416,1.7566099239405997,-0.0177935943060592,-0.004076568592697671,0.007910028103696927
KO,2023-07-19,56.38,57.33,56.3,57.19,57.19,12936000,Consumer Goods,56.458000000000006,55.967000000000006,56.241,56.5444,56.22796726565785,56.25525977803265,-0.02729251237479957,-0.15963603277557642,56.19,11152900.0,55.52,14241300.0,56.62,14716600.0,58.96551724137932,3.0079250720461026,1.0067114093959662,0.017796760989500005,0.009505080874692116
KO,2023-07-20,57.22,57.9,57.21,57.88,57.88,11563000,Consumer Goods,56.836,56.137,56.2855,56.525,56.482126147864335,56.37561090558579,0.10651524227854736,-0.10640577776475167,57.19,12936000.0,55.99,11269800.0,56.18,12603900.0,68.27242524916947,3.3756027862118287,3.025987896048421,0.01206504633677219,0.009531111344408604
KO,2023-07-21,57.95,58.15,57.74,57.93,57.93,12815100,Consumer Goods,57.122,56.386,56.313,56.5162,56.70487597126982,56.49075083850536,0.21412513276445821,-0.04229959565890969,57.88,11563000.0,56.5,11634200.0,55.44,14574000.0,67.51700680272111,2.530973451327423,4.491341991342002,0.000863856254319284,0.007747182291162071
KO,2023-07-24,57.91,58.27,57.89,57.95,57.95,10251100,Consumer Goods,57.428,56.678999999999995,56.37149999999999,56.5058,56.89643351415139,56.598843368986444,0.2975901451649463,0.025678352505861507,57.93,12815100.0,56.42,10014300.0,55.02,15480600.0,65.7091561938959,2.711804324707545,5.325336241366774,0.00034524426031423694,0.006720145149580596
KO,2023-07-25,57.8,57.88,57.57,57.75,57.75,13422700,Consumer Goods,57.739999999999995,56.932,56.419,56.48479999999999,57.02775143505118,56.684114230543,0.3436372045081768,0.08927012290632458,57.95,10251100.0,56.19,11152900.0,55.22,15967700.0,60.56074766355142,2.776294714361982,4.581673306772904,-0.00345125107851596,0.007258168526631093
KO,2023-07-26,57.39,58.61,56.95,58.49,58.49,17145500,Consumer Goods,58.0,57.229000000000006,56.50949999999999,56.474000000000004,57.25271275273562,56.817883546799074,0.43482920593654484,0.15838193951236865,57.75,13422700.0,57.19,12936000.0,55.52,14241300.0,70.4424778761062,2.273124672145488,5.349423631123917,0.012813852813852833,0.007722500154508341
KO,2023-07-27,58.49,58.7,57.87,57.93,57.93,11517100,Consumer Goods,58.010000000000005,57.423,56.5985,56.4552,57.35691079077629,56.900262543332474,0.45664824744381605,0.21803520109865812,58.49,17145500.0,57.88,11563000.0,55.99,11269800.0,72.76051188299817,0.0863856254319284,3.4649044472227164,-0.009574286202769788,0.008904838710497444
KO,2023-07-28,58.07,58.23,57.72,57.97,57.97,9721800,Consumer Goods,58.01800000000001,57.57000000000001,56.713,56.4504,57.451232207579935,56.97950235493748,0.47172985264245426,0.26877413140741735,57.93,11517100.0,57.93,12815100.0,56.5,11634200.0,78.97838899803526,0.06904885206282518,2.6017699115044257,0.0006904885206282518,0.008705876693559598
KO,2023-07-31,57.94,57.94,57.27,57.46,57.46,15577900,Consumer Goods,57.92,57.674,56.792500000000004,56.436800000000005,57.45258109872148,57.01509477309026,0.4374863256312196,0.3025165702521778,57.97,9721800.0,57.95,10251100.0,56.42,10014300.0,70.74074074074072,-0.8455565142364119,1.8433179723502224,-0.008797653958944274,0.00937221016942718
KO,2023-08-01,57.6,57.85,57.17,57.31,57.31,9281600,Consumer Goods,57.831999999999994,57.786,56.848,56.4266,57.430645545072025,57.036939604713204,0.3937059403588208,0.3207544442735064,57.46,15577900.0,57.75,13422700.0,56.19,11152900.0,67.04761904761901,-0.7619047619047525,1.9932372308240076,-0.002610511660285364,0.009279909436582143
KO,2023-08-02,57.11,58.07,57.11,57.48,57.48,11059400,Consumer Goods,57.629999999999995,57.815,56.891,56.419200000000004,57.43823853813787,57.06975889325297,0.3684796448848999,0.33029948439578516,57.31,9281600.0,58.49,17145500.0,57.19,12936000.0,65.050505050505,-1.7267909044281216,0.5070816576324466,0.002966323503751367,0.007489787467310286
KO,2023-08-03,57.4,57.63,57.08,57.19,57.19,8037400,Consumer Goods,57.482000000000006,57.745999999999995,56.941500000000005,56.4304,57.40004799380896,57.0786656419009,0.3213823519080634,0.3285160578982408,57.48,11059400.0,57.93,11517100.0,57.88,11563000.0,57.29386892177586,-1.2774037631624435,-1.1921216309606186,-0.005045233124565063,0.006443429260570954
KO,2023-08-04,57.22,57.42,56.24,56.32,56.32,9359300,Consumer Goods,57.152,57.585,56.9855,56.4262,57.2338867639922,57.022468186945275,0.21141857704692768,0.30509656172797817,57.19,8037400.0,57.97,9721800.0,57.93,12815100.0,49.09420289855071,-2.8462998102466774,-2.7792162955290856,-0.01521244972897351,0.00774991202695796
KO,2023-08-07,56.4,56.9,56.35,56.77,56.77,6982600,Consumer Goods,57.013999999999996,57.467,57.073,56.440599999999996,57.16251956953187,57.00376683976415,0.1587527297677198,0.2758277953359265,56.32,9359300.0,57.46,15577900.0,57.95,10251100.0,55.052264808362416,-1.2008353637312896,-2.0362381363244197,0.007990056818181879,0.008439643785813633
KO,2023-08-08,56.77,56.92,56.24,56.52,56.52,7956100,Consumer Goods,56.855999999999995,57.343999999999994,57.138,56.4586,57.06367040498851,56.96793225904088,0.09573814594762808,0.23980986545826682,56.77,6982600.0,57.31,9281600.0,57.75,13422700.0,43.286573146292646,-1.3784679811551181,-2.129870129870126,-0.004403734366743017,0.008462895689844499
KO,2023-08-09,56.51,57.18,56.36,56.65,56.65,7904100,Consumer Goods,56.69,57.15999999999999,57.194500000000005,56.482,57.000028804221046,56.944381721334146,0.05564708288689957,0.2029773089439934,56.52,7956100.0,57.48,11059400.0,58.49,17145500.0,36.11738148984192,-1.443980514961718,-3.145836895195764,0.002300070771408258,0.006912822004008208
KO,2023-08-10,56.92,57.27,56.4,56.52,56.52,7870300,Consumer Goods,56.556000000000004,57.019000000000005,57.221000000000004,56.5116,56.926178218956274,56.91294603827236,0.013232180683914407,0.16502828329197763,56.65,7904100.0,57.19,8037400.0,57.93,11517100.0,34.36807095343681,-1.1715334848749648,-2.433972035214904,-0.0022947925860546947,0.006536491631256333
KO,2023-08-11,56.44,56.78,56.31,56.75,56.75,8483900,Consumer Goods,56.64200000000001,56.897000000000006,57.23350000000001,56.548,56.89907387757839,56.9008759613633,-0.001802083784909314,0.13166220987660024,56.52,7870300.0,56.32,9359300.0,57.97,9721800.0,37.28813559322027,0.7634943181818121,-2.10453682939451,0.004069355980183875,0.006798475079315698
KO,2023-08-14,56.89,57.04,56.36,56.48,56.48,7176300,Consumer Goods,56.584,56.799,57.2365,56.5728,56.834600973335554,56.869699964225276,-0.035098990889721904,0.09830996972333582,56.75,8483900.0,56.77,6982600.0,57.46,15577900.0,36.74321503131517,-0.5108331865422033,-1.7055342847198118,-0.004757709251101416,0.00646853296113851
KO,2023-08-15,56.31,56.5,56.01,56.1,56.1,7187400,Consumer Goods,56.5,56.678,57.23199999999999,56.568599999999996,56.72158543897624,56.81268515206044,-0.09109971308419773,0.06042803316182912,56.48,7176300.0,56.52,7956100.0,57.31,9281600.0,23.024830699774128,-0.7430997876857748,-2.111324376199619,-0.006728045325778975,0.006661124374793503
KO,2023-08-16,56.17,56.43,56.04,56.11,56.11,8372300,Consumer Goods,56.391999999999996,56.541,57.17800000000001,56.5722,56.627495371441434,56.76063440005596,-0.1331390286145293,0.021714620806557436,56.1,7187400.0,56.65,7904100.0,57.48,11059400.0,26.546391752577165,-0.9532215357458074,-2.3834377174669408,0.00017825311942964994,0.006480877000512378
KO,2023-08-17,56.2,56.61,56.08,56.23,56.23,12873500,Consumer Goods,56.334,56.44499999999999,57.095499999999994,56.5862,56.56634223737352,56.721328148199966,-0.15498591082644708,-0.01362548552004347,56.11,8372300.0,56.52,7870300.0,57.19,8037400.0,28.030303030302846,-0.513092710544949,-1.6786151425074336,0.002138656211013945,0.006551671644637325
KO,2023-08-18,56.17,56.68,56.01,56.55,56.55,11083800,Consumer Goods,56.294000000000004,56.467999999999996,57.0265,56.608200000000004,56.56382804700836,56.70863717425923,-0.14480912725087336,-0.039862213866209445,56.23,12873500.0,56.75,8483900.0,56.32,9359300.0,37.931034482758484,-0.35242290748899174,0.40838068181816567,0.005690912324382014,0.004870485615058024
KO,2023-08-21,56.46,56.53,55.96,56.06,56.06,8648500,Consumer Goods,56.21,56.397000000000006,56.932,56.61780000000001,56.4863160397763,56.66058997616595,-0.17427393638965327,-0.06674455837089821,56.55,11083800.0,56.48,7176300.0,56.77,6982600.0,34.79318734793176,-0.7436260623229329,-1.2506605601550147,-0.008664898320070669,0.0048411314954746034
KO,2023-08-22,55.98,56.2,55.65,55.72,55.72,9411500,Consumer Goods,56.134,56.31700000000001,56.83050000000001,56.618599999999994,56.368421264426104,56.59091664459811,-0.2224953801720062,-0.09789472273111982,56.06,8648500.0,56.1,7187400.0,56.52,7956100.0,29.439252336448533,-0.6773618538324477,-1.415428167020527,-0.0060649304316804376,0.004987761357705622
KO,2023-08-23,55.85,56.07,55.81,55.92,55.92,7749500,Consumer Goods,56.09599999999999,56.24399999999999,56.702,56.6282,56.29943337759131,56.54121911536862,-0.24178573777730605,-0.12667292574035707,55.72,9411500.0,56.11,8372300.0,56.65,7904100.0,34.84486873508352,-0.33862056674389684,-1.288614298323032,0.003589375448671994,0.005109591325644452
KO,2023-08-24,55.92,56.48,55.75,55.77,55.77,8955100,Consumer Goods,56.004,56.169000000000004,56.59400000000001,56.6304,56.21798208873111,56.48409177348946,-0.26610968475834795,-0.15456027754395527,55.92,7749500.0,56.23,12873500.0,56.52,7870300.0,42.07492795389049,-0.8180686466298992,-1.3269639065817462,-0.002682403433476366,0.005119568358276437
KO,2023-08-25,56.05,56.19,55.67,56.03,56.03,7629200,Consumer Goods,55.9,56.097,56.497,56.6302,56.18906176738787,56.45045534582357,-0.2613935784357011,-0.17592693772230444,55.77,8955100.0,56.55,11083800.0,56.75,8483900.0,38.71951219512186,-0.9195402298850519,-1.268722466960348,0.004662004662004726,0.005191848804191909
KO,2023-08-28,56.18,56.34,56.01,56.18,56.18,6254300,Consumer Goods,55.924,56.06699999999999,56.43299999999999,56.6176,56.1876676493282,56.4304216165033,-0.2427539671751049,-0.18929234361286454,56.03,7629200.0,56.06,8648500.0,56.48,7176300.0,44.65408805031438,0.2140563681769514,-0.5311614730878156,0.002677137247902861,0.005168222385208736
KO,2023-08-29,56.18,56.25,55.8,56.13,56.13,8189600,Consumer Goods,56.00600000000001,56.06999999999999,56.374,56.596000000000004,56.17879570327771,56.40816816342898,-0.229372460151275,-0.19730836692054665,56.18,6254300.0,55.72,9411500.0,56.1,7187400.0,41.61290322580646,0.7358219669777455,0.05347593582887278,-0.0008899964400141958,0.004697376234009077
KO,2023-08-30,56.26,56.35,55.93,56.1,56.1,9447900,Consumer Goods,56.041999999999994,56.069,56.30499999999999,56.5814,56.16667328738883,56.385340892063866,-0.21866760467503354,-0.20158021447144403,56.13,8189600.0,55.92,7749500.0,56.11,8372300.0,42.999999999999936,0.32188841201716833,-0.017822135091782876,-0.0005344735435596215,0.004700845913181175
KO,2023-08-31,55.94,56.1,55.49,55.51,55.51,14663500,Consumer Goods,55.99000000000001,55.997,56.22099999999999,56.55179999999999,56.06564662779055,56.320500825985064,-0.25485419819451494,-0.2122350112160582,56.1,9447900.0,55.77,8955100.0,56.23,12873500.0,31.54761904761898,-0.4662004662004726,-1.2804552729859475,-0.010516934046345905,0.005663707447844873
KO,2023-09-01,55.66,55.79,54.85,55.02,55.02,11262300,Consumer Goods,55.788,55.843999999999994,56.15599999999999,56.5046,55.90477791582277,56.22416743146765,-0.31938951564487894,-0.23366591210182236,55.51,14663500.0,56.03,7629200.0,56.55,11083800.0,29.60893854748602,-1.802605746921293,-2.705570291777182,-0.008827238335434973,0.005539542664517806
KO,2023-09-05,54.97,55.03,54.43,54.57,54.57,12474600,Consumer Goods,55.46600000000001,55.69500000000001,56.04600000000001,56.4604,55.69942746723465,56.10163651061819,-0.402209043383543,-0.2673745383581665,55.02,11262300.0,56.18,6254300.0,56.06,8648500.0,29.0410958904109,-2.865788536845848,-2.6578665715305094,-0.008178844056706658,0.005483484532871457
KO,2023-09-06,54.38,54.58,54.2,54.53,54.53,13923500,Consumer Goods,55.146,55.576,55.9465,56.415,55.51951554919855,55.98521899131314,-0.46570344211458803,-0.30704031910945084,54.57,12474600.0,56.13,8189600.0,55.72,9411500.0,28.532608695652144,-2.850525565651174,-2.1356783919597944,-0.0007330034817665254,0.00537557838180491
KO,2023-09-07,54.69,54.89,54.09,54.12,54.12,17628600,Consumer Goods,54.75,55.396,55.81999999999999,56.3638,55.30420546470646,55.847054621586246,-0.5428491568797824,-0.35420208666351716,54.53,13923500.0,56.1,9447900.0,55.92,7749500.0,23.42569269521411,-3.529411764705892,-3.2188841201716833,-0.007518796992481258,0.005204290752688737
KO,2023-09-08,54.09,54.19,53.82,54.12,54.12,14312300,Consumer Goods,54.472,55.23100000000001,55.7,56.3232,55.12202000859777,55.719124649616894,-0.5971046410191221,-0.4027825975346382,54.12,17628600.0,55.51,14663500.0,55.77,8955100.0,16.71232876712328,-2.5040533237254525,-2.95857988165682,0.0,0.005305190454973584
KO,2023-09-11,54.18,54.73,54.02,54.63,54.63,14767400,Consumer Goods,54.39399999999999,55.090999999999994,55.593999999999994,56.3022,55.046324622659654,55.63844874964527,-0.5921241269856168,-0.44065090342483393,54.12,14312300.0,55.02,11262300.0,56.03,7629200.0,30.517711171662185,-0.7088331515812452,-2.498661431376048,0.00942350332594244,0.006205214299068337
KO,2023-09-12,54.73,54.74,53.99,54.09,54.09,12292700,Consumer Goods,54.298,54.88199999999999,55.4745,56.26660000000001,54.89919775763509,55.52374884226414,-0.6245510846290472,-0.4774309396656766,54.63,14767400.0,54.57,12474600.0,56.18,6254300.0,28.94056847545228,-0.8796041781198416,-3.7201851192595115,-0.009884678747940634,0.006309121554466356
KO,2023-09-13,54.18,54.44,54.12,54.22,54.22,12641400,Consumer Goods,54.236000000000004,54.690999999999995,55.380500000000005,56.227,54.794705794922,55.42717485394828,-0.6324690590262776,-0.5084385635377968,54.09,12292700.0,54.53,13923500.0,56.13,8189600.0,27.631578947368382,-0.5684944067485875,-3.4028148939960867,0.0024034017378442574,0.006557022628797095
KO,2023-09-14,54.46,54.79,54.41,54.67,54.67,12311600,Consumer Goods,54.346000000000004,54.548,55.308499999999995,56.188,54.775520288010924,55.37108782772989,-0.5955675397189637,-0.5258643587740303,54.22,12641400.0,54.12,17628600.0,56.1,9447900.0,36.58536585365852,1.0162601626016343,-2.5490196078431393,0.008299520472150546,0.0075163749585213805
KO,2023-09-15,54.62,54.83,54.0,54.18,54.18,55727500,Consumer Goods,54.35799999999999,54.415000000000006,55.206,56.148,54.68390178216309,55.2828590997499,-0.5989573175868088,-0.540482950536586,54.67,12311600.0,54.12,14312300.0,55.51,14663500.0,28.63741339491918,0.11086474501109667,-2.395964691046659,-0.008962868117797784,0.007347597026625037
KO,2023-09-18,54.22,54.56,53.89,54.52,54.52,13617400,Consumer Goods,54.336,54.364999999999995,55.104499999999994,56.1296,54.65868612336877,55.22635101828695,-0.5676648949181811,-0.545919339412905,54.18,55727500.0,54.63,14767400.0,55.02,11262300.0,31.637168141592994,-0.20135456708767485,-0.908760450745183,0.006275378368401752,0.007430904792820803
KO,2023-09-19,54.48,54.6,54.16,54.4,54.4,11998900,Consumer Goods,54.398,54.348,55.0215,56.117200000000004,54.61888825823511,55.165139831747176,-0.5462515735120661,-0.5459857862327373,54.52,13617400.0,54.09,12292700.0,54.57,12474600.0,31.154684095860603,0.573118875947487,-0.31152647975077885,-0.0022010271460015662,0.007007575259063709
KO,2023-09-20,54.52,55.01,54.31,54.65,54.65,14766600,Consumer Goods,54.484,54.36,54.967999999999996,56.1058,54.62367468004509,55.12698132569183,-0.5033066456467381,-0.5374499581155375,54.4,11998900.0,54.22,12641400.0,54.53,13923500.0,34.92723492723495,0.7930652895610457,0.22006235099945037,0.004595588235294157,0.007170826754572954
KO,2023-09-21,54.58,54.63,53.69,53.81,53.81,15941800,Consumer Goods,54.312,54.32900000000001,54.86250000000001,56.0716,54.49849396003816,55.02942715341836,-0.5309331933802,-0.53614660516847,54.65,14766600.0,54.67,12311600.0,54.12,17628600.0,33.201581027668055,-1.5730748125114324,-0.5728011825572699,-0.015370539798719052,0.008433787776102472
KO,2023-09-22,54.1,54.21,53.77,53.86,53.86,14644100,Consumer Goods,54.248000000000005,54.303,54.766999999999996,56.029,54.40026412003229,54.94280291983182,-0.5425387997995301,-0.5374250440946821,53.81,15941800.0,54.18,55727500.0,54.12,14312300.0,37.44588744588743,-0.5906238464377989,-0.48041389504803744,0.0009291953168555356,0.008445535424717108
KO,2023-09-25,53.68,53.76,53.06,53.3,53.3,12358800,Consumer Goods,54.004,54.17,54.6305,55.965,54.2309927169504,54.82111381465909,-0.5901210977086961,-0.5479642548174849,53.86,14644100.0,54.52,13617400.0,54.63,14767400.0,36.575052854122625,-2.2377109317681665,-2.434559765696509,-0.01039732640178248,0.00819315398346625
KO,2023-09-26,53.05,53.21,52.74,52.86,52.86,11194700,Consumer Goods,53.696000000000005,54.047000000000004,54.46450000000001,55.8938,54.02007076049649,54.67584612468435,-0.6557753641878605,-0.56952647669156,53.3,12358800.0,54.4,11998900.0,54.09,12292700.0,33.72319688109164,-2.8308823529411775,-2.273987798114263,-0.008255159474671592,0.008043278884563396
KO,2023-09-27,52.76,52.86,52.07,52.32,52.32,13766300,Consumer Goods,53.23,53.857000000000006,54.274,55.8164,53.758521412727795,54.50133900433736,-0.7428175916095654,-0.6041846996751611,52.86,11194700.0,54.65,14766600.0,54.22,12641400.0,32.88973384030423,-4.263494967978043,-3.504241977130207,-0.010215664018161208,0.008216910886431488
KO,2023-09-28,52.58,52.67,52.09,52.19,52.19,12484800,Consumer Goods,52.90599999999999,53.609,54.078500000000005,55.7164,53.51721042615429,54.33012870771978,-0.8129182815654872,-0.6459314160532263,52.32,13766300.0,53.81,15941800.0,54.67,12311600.0,32.09647495361784,-3.0105928266121573,-4.536308761660878,-0.00248470948012236,0.00712723630681874
KO,2023-09-29,52.5,52.62,52.01,52.35,52.35,12271600,Consumer Goods,52.604,53.426,53.920500000000004,55.6058,53.337639591361324,54.18345250714795,-0.8458129157866239,-0.6859077159999059,52.19,12484800.0,53.86,14644100.0,54.18,55727500.0,27.380952380952408,-2.80356479762347,-3.3776301218161664,0.003065721402567556,0.007323076633629718
KO,2023-10-02,52.28,52.38,51.51,51.88,51.88,11792500,Consumer Goods,52.32000000000001,53.162,53.7635,55.48480000000001,53.113387346536506,54.01282639550736,-0.899439048970855,-0.7286139825940958,52.35,12271600.0,53.3,12358800.0,54.52,13617400.0,27.76659959758554,-2.6641651031894864,-4.842259721203224,-0.00897803247373441,0.006639137425880153
KO,2023-10-03,51.58,51.83,51.23,51.32,51.32,13604200,Consumer Goods,52.012,52.854,53.601,55.3522,52.8374816009155,53.81335777361792,-0.9758761727024208,-0.7780664206157608,51.88,11792500.0,52.86,11194700.0,54.4,11998900.0,23.148148148148223,-2.9133560348089227,-5.661764705882355,-0.010794140323824308,0.006800649129074795
KO,2023-10-04,51.33,51.69,51.16,51.47,51.47,12100500,Consumer Goods,51.842,52.536,53.448,55.226600000000005,52.62709981615927,53.6397757163129,-1.0126759001536243,-0.8249883165233336,51.32,13604200.0,52.32,13766300.0,54.65,14766600.0,18.627450980392183,-1.6246177370030646,-5.8188472095150985,0.002922837100545639,0.006532066541568461
KO,2023-10-05,51.19,51.38,48.85,48.98,48.98,29878100,Consumer Goods,51.2,52.053,53.190999999999995,55.0364,52.066007536750156,53.294607144734165,-1.228599607984009,-0.9057105748154687,51.47,12100500.0,52.19,12484800.0,53.81,15941800.0,13.380281690140862,-6.150603563901136,-8.976026760825139,-0.04837769574509432,0.014854527519073112
KO,2023-10-06,48.66,49.83,48.2,49.69,49.69,30298900,Consumer Goods,50.668,51.636,52.9695,54.8716,51.70046791571167,53.02759920808719,-1.327131292375519,-0.9899947183274788,48.98,29878100.0,52.35,12271600.0,53.86,14644100.0,17.670682730923673,-5.081184336198675,-7.74229483847011,0.014495712535728789,0.016424849934816067
KO,2023-10-09,49.52,49.7,48.73,49.45,49.45,15704700,Consumer Goods,50.181999999999995,51.251,52.7105,54.7012,51.35424208252526,52.76259185933999,-1.408349776814731,-1.0736657300249293,49.69,30298900.0,51.88,11792500.0,53.3,12358800.0,17.391304347826107,-4.683885890516581,-7.223264540337704,-0.004829945663111235,0.016425220551100163
KO,2023-10-10,50.62,50.8,50.08,50.52,50.52,20909700,Consumer Goods,50.022,51.017,52.532000000000004,54.5624,51.22589714675214,52.59647394383333,-1.370576797081192,-1.1330479434361818,49.45,15704700.0,51.32,13604200.0,52.86,11194700.0,25.4458977407848,-1.5588464536243074,-4.426787741203175,0.02163801820020228,0.01879102626194046
KO,2023-10-11,50.7,50.76,49.58,50.22,50.22,21138900,Consumer Goods,49.772,50.807,52.33200000000001,54.42059999999999,51.0711437395595,52.42043883688271,-1.349295097323207,-1.1762973742135867,50.52,20909700.0,51.47,12100500.0,52.32,13766300.0,27.191867852604815,-2.428599183990676,-4.013761467889909,-0.005938242280285166,0.01869123504782553
KO,2023-10-12,50.27,50.34,49.03,49.38,49.38,19330400,Consumer Goods,49.852,50.525999999999996,52.067499999999995,54.258599999999994,50.81096777962727,52.19522114526177,-1.3842533656344997,-1.2178885724977695,50.22,21138900.0,48.98,29878100.0,52.19,12484800.0,24.133949191685943,0.8166598611678344,-5.384173213259236,-0.016726403823177916,0.01910698684820529
KO,2023-10-13,49.32,49.95,49.22,49.46,49.46,14494600,Consumer Goods,49.806,50.237,51.831500000000005,54.104,50.60312658276153,51.992612171538674,-1.3894855887771413,-1.252207975753644,49.38,19330400.0,49.69,30298900.0,52.35,12271600.0,26.528117359413216,-0.4628697927148262,-5.520534861509074,0.001620089104900746,0.019041577016988085
KO,2023-10-16,49.58,50.08,49.41,49.96,49.96,12816800,Consumer Goods,49.908,50.045,51.6035,53.976800000000004,50.50418403156745,51.84204830698025,-1.3378642754128052,-1.2693392356854762,49.46,14494600.0,49.45,15704700.0,51.88,11792500.0,32.402912621359235,1.0313447927199126,-3.7008481110254454,0.010109179134654367,0.01960223793212809
KO,2023-10-17,49.85,50.59,49.76,50.56,50.56,16457200,Consumer Goods,49.916000000000004,49.96900000000001,51.411500000000004,53.8526,50.512771103633995,51.747081765722456,-1.2343106620884612,-1.2623335209660733,49.96,12816800.0,50.52,20909700.0,51.32,13604200.0,39.3975903614458,0.07917656373712667,-1.4809041309430948,0.012009607686148893,0.019993299158664546
KO,2023-10-18,50.59,50.99,50.42,50.54,50.54,12809500,Consumer Goods,49.980000000000004,49.876,51.205999999999996,53.733000000000004,50.51696016461338,51.65766830159487,-1.1407081369814875,-1.2380084441691561,50.56,16457200.0,50.22,21138900.0,51.47,12100500.0,39.92673992673994,0.6371963361210708,-1.8068777928890611,-0.0003955696202532222,0.01994275574484061
KO,2023-10-19,50.65,51.21,50.36,50.82,50.82,16202200,Consumer Goods,50.267999999999994,50.059999999999995,51.0565,53.616400000000006,50.56358167774979,51.59561879777302,-1.032037120023233,-1.1968141793399716,50.54,12809500.0,49.38,19330400.0,48.98,29878100.0,40.7942238267148,2.916160388821387,3.756635361371985,0.005540166204986097,0.01133234967707394
KO,2023-10-20,50.99,51.45,50.91,51.03,51.03,15686400,Consumer Goods,50.58200000000001,50.194,50.915,53.5066,50.63533834271136,51.55372110904909,-0.9183827663377357,-1.1411278967395244,50.82,16202200.0,49.46,14494600.0,49.69,30298900.0,44.72049689440993,3.174282248281446,2.6967196619038125,0.004132231404958775,0.010696737812123283
KO,2023-10-23,50.85,51.33,50.54,50.57,50.57,21212700,Consumer Goods,50.704,50.306,50.7785,53.383,50.62528628998653,51.48085287874916,-0.8555665887626276,-1.084015635144145,51.03,15686400.0,49.96,12816800.0,49.45,15704700.0,45.283018867924525,1.2209767814251427,2.2649140546006086,-0.009014305310601656,0.011098993701976513
KO,2023-10-24,52.04,52.53,51.71,52.03,52.03,25290800,Consumer Goods,50.998000000000005,50.457,50.737,53.294000000000004,50.841396091527066,51.52153044328627,-0.6801343517592002,-1.003239378467156,50.57,21212700.0,50.56,16457200.0,50.52,20909700.0,53.023758099352065,2.9074367088607556,2.988915281076787,0.02887087205853267,0.012629534711585738
KO,2023-10-25,52.14,52.57,51.95,52.48,52.48,16701000,Consumer Goods,51.386,50.683,50.745,53.221599999999995,51.0934890005229,51.59252818822802,-0.49903918770512234,-0.9023993403147494,52.03,25290800.0,50.54,12809500.0,50.22,21138900.0,74.23822714681441,3.8385437277403955,4.500199123855042,0.008648856428983276,0.012318367741391065
KO,2023-10-26,52.71,52.96,52.1,52.16,52.16,16228400,Consumer Goods,51.653999999999996,50.961,50.7435,53.1426,51.25756761582707,51.63456313724817,-0.37699552142110093,-0.7973185765360198,52.48,16701000.0,50.82,16202200.0,49.38,19330400.0,68.08199121522694,2.636757182211724,5.62980963953017,-0.0060975609756097615,0.010627881959319931
KO,2023-10-27,51.95,52.5,51.52,51.66,51.66,13626500,Consumer Goods,51.779999999999994,51.181,50.709,53.0512,51.31948029031521,51.636447349303864,-0.3169670589886522,-0.7012482730265462,52.16,16228400.0,51.03,15686400.0,49.46,14494600.0,65.5853314527503,1.2345679012345512,4.448038819247868,-0.009585889570552175,0.01163084562139703
KO,2023-10-30,51.83,52.63,51.82,52.51,52.51,15014300,Consumer Goods,52.16799999999999,51.436,50.740500000000004,52.9704,51.502637168728256,51.70115495305914,-0.19851778433088185,-0.6007021752874133,51.66,13626500.0,50.57,21212700.0,49.96,12816800.0,64.4832605531295,3.836266561202284,5.104083266613291,0.016453735965931138,0.01213757029432836
KO,2023-10-31,52.9,53.04,52.51,52.82,52.82,16639400,Consumer Goods,52.326,51.662,50.8155,52.90559999999999,51.705308373539296,51.78403236394365,-0.07872399040435596,-0.4963065383108019,52.51,15014300.0,52.03,25290800.0,50.56,16457200.0,68.8953488372093,1.5183547953103949,4.469936708860756,0.00590363740239952,0.011900166546095046
KO,2023-11-01,53.11,53.19,52.61,52.78,52.78,14110800,Consumer Goods,52.386,51.886,50.881,52.8468,51.87064554684095,51.85780774439227,0.01283780244867927,-0.3944776701589057,52.82,16639400.0,52.48,16701000.0,50.54,12809500.0,77.96052631578944,0.5716463414634276,4.432132963988922,-0.0007572889057174681,0.011917054691115045
KO,2023-11-02,52.83,53.44,52.7,53.39,53.39,13087200,Consumer Goods,52.63199999999999,52.14300000000001,51.1015,52.7962,52.10439238578849,51.971303467029884,0.1330889187586095,-0.2889643523754027,52.78,14110800.0,52.16,16228400.0,50.82,16202200.0,79.72768532526472,2.3581288343558438,5.057064147973245,0.011557408109132306,0.0121304935005037
KO,2023-11-03,53.68,53.85,53.02,53.06,53.06,13958700,Consumer Goods,52.912,52.346000000000004,51.27,52.742,52.25140894182103,52.0519476546573,0.1994612871637358,-0.191279224467575,53.39,13087200.0,51.66,13626500.0,51.03,15686400.0,74.06832298136645,2.7100271002710175,3.978052126200282,-0.0061809327589436025,0.012641177607327705
KO,2023-11-06,53.1,53.56,53.06,53.27,53.27,12673200,Consumer Goods,53.064,52.616,51.461,52.68679999999999,52.40811525846395,52.14217375431232,0.265941504151634,-0.09983507874373321,53.06,13958700.0,52.51,15014300.0,50.57,21212700.0,72.39669421487602,1.4473433631689403,5.339133873838242,0.003957783641161061,0.011796982491010183
KO,2023-11-07,53.23,53.68,53.05,53.47,53.47,10449300,Consumer Goods,53.194,52.760000000000005,51.60849999999999,52.632600000000004,52.57148214177718,52.240531253992884,0.33095088778429727,-0.013677885438127119,53.27,12673200.0,52.82,16639400.0,52.03,25290800.0,73.51524879614769,1.2305944717909911,2.7676340572746483,0.0037544584193729413,0.008400305518413288
KO,2023-11-08,53.6,53.74,53.23,53.39,53.39,13744000,Consumer Goods,53.315999999999995,52.851,51.76700000000001,52.577799999999996,52.69740796611916,52.32567708703045,0.37173087908870883,0.06340386746724007,53.47,10449300.0,52.78,14110800.0,52.48,16701000.0,71.31011608623551,1.1557408109132306,1.7339939024390238,-0.0014961660744342575,0.008221518881419799
KO,2023-11-09,53.33,53.43,52.71,52.98,52.98,12021100,Consumer Goods,53.234,52.93300000000001,51.947,52.5154,52.74088366363929,52.374145450954124,0.3667382126851635,0.12407073651082476,53.39,13744000.0,53.39,13087200.0,52.16,16228400.0,65.65008025682181,-0.7679340700505799,1.5720858895705625,-0.007679340700505799,0.008402521515313018
KO,2023-11-10,53.18,53.24,52.42,53.04,53.04,11678900,Consumer Goods,53.23,53.071000000000005,52.126,52.466,52.78690156154093,52.42346801014271,0.36343355139821654,0.17194329948830311,52.98,12021100.0,53.06,13958700.0,51.66,13626500.0,71.1835334476844,-0.03769317753486989,2.6713124274099886,0.0011325028312572094,0.007447467609087865
KO,2023-11-13,52.95,53.39,52.93,53.24,53.24,12798200,Consumer Goods,53.224000000000004,53.144000000000005,52.29,52.430400000000006,52.85660901361156,52.483951861243256,0.3726571523683049,0.21208607006430347,53.04,11678900.0,53.27,12673200.0,52.51,15014300.0,63.23851203501095,-0.05631687629059634,1.3902113883069944,0.0037707390648566985,0.005717224301556748
KO,2023-11-14,53.32,53.53,53.12,53.39,53.39,12697100,Consumer Goods,53.20799999999999,53.201,52.43150000000001,52.406800000000004,52.93866916536363,52.5510665381882,0.3876026271754256,0.24718938148652791,53.24,12798200.0,53.47,10449300.0,52.82,16639400.0,60.65573770491807,-0.14961660744342575,1.0791366906474753,0.002817430503380791,0.0055270126023781235
KO,2023-11-15,53.58,53.62,53.07,53.5,53.5,10201900,Consumer Goods,53.23,53.273,52.579499999999996,52.3862,53.02502775530769,52.621357905729816,0.40366984957787366,0.2784854751047971,53.39,12697100.0,53.39,13744000.0,52.78,14110800.0,66.50246305418722,0.20603109196477565,1.3641530882910091,0.0020603109196477565,0.005494230757388693
KO,2023-11-16,53.54,53.8,53.12,53.44,53.44,16010400,Consumer Goods,53.322,53.278,52.7105,52.372600000000006,53.088869639106505,52.68199806086094,0.4068715782455641,0.3041626957329505,53.5,10201900.0,52.98,12021100.0,53.39,13087200.0,74.585635359116,0.8682521706304236,0.09365049634761924,-0.0011214953271028172,0.004190110412631365
KO,2023-11-17,53.48,53.62,53.02,53.54,53.54,14475800,Consumer Goods,53.422000000000004,53.326,52.836,52.361000000000004,53.1582743100132,52.745553760056424,0.41272054995677365,0.3258742665777152,53.44,16010400.0,53.04,11678900.0,53.06,13958700.0,67.94425087108013,0.9426847662141746,0.9046362608367886,0.0018712574850299202,0.003577585513857719
KO,2023-11-20,53.35,53.84,53.26,53.68,53.68,13051000,Consumer Goods,53.50999999999999,53.367000000000004,52.991499999999995,52.342,53.2385398007804,52.814772000052244,0.42376780072815734,0.3454529734078036,53.54,14475800.0,53.24,12798200.0,53.27,12673200.0,65.9259259259259,0.8264462809917328,0.7696639759714685,0.0026148673888681806,0.0034740398216620803
KO,2023-11-21,53.73,54.27,53.61,54.26,54.26,13891600,Consumer Goods,53.684000000000005,53.446000000000005,53.102999999999994,52.3454,53.39568752373726,52.9218259259743,0.4738615977629621,0.37113469827883533,53.68,13051000.0,53.39,12697100.0,53.47,10449300.0,72.83950617283944,1.629518636448779,1.4774639985038363,0.0108047690014903,0.00465957610831758
KO,2023-11-22,54.48,54.74,54.36,54.63,54.63,11320600,Consumer Goods,53.910000000000004,53.57000000000001,53.2105,52.3536,53.5855817508546,53.04835733886509,0.5372244119895129,0.40435264102097085,54.26,13891600.0,53.5,10201900.0,53.39,13744000.0,70.66666666666664,2.1121495327102835,2.3225323094212547,0.006819019535569515,0.004809480951001464
KO,2023-11-24,54.67,54.94,54.55,54.77,54.77,4816000,Consumer Goods,54.176,53.749,53.340999999999994,52.355599999999995,53.767799943030816,53.17588642487508,0.5919135181557351,0.44186481644792375,54.63,11320600.0,53.44,16010400.0,52.98,12021100.0,80.4270462633451,2.488772455089827,3.378633446583623,0.0025626944902068516,0.003299618181264871
KO,2023-11-27,54.74,54.88,54.49,54.67,54.67,16246500,Consumer Goods,54.402,53.912,53.491499999999995,52.3654,53.90659995179531,53.28656150451396,0.6200384472813454,0.47749954261460814,54.77,4816000.0,53.54,14475800.0,53.04,11678900.0,75.92592592592581,2.1105715353007204,3.0731523378582315,-0.00182581705313134,0.0036344738468038176
KO,2023-11-28,54.61,55.01,54.57,54.78,54.78,13739600,Consumer Goods,54.622,54.065999999999995,53.605,52.3706,54.04096918998064,53.397186578253674,0.6437826117269694,0.5107561564370804,54.67,16246500.0,53.68,13051000.0,53.24,12798200.0,75.09578544061294,2.049180327868849,2.892561983471076,0.002012072434607548,0.0036375929480819192
KO,2023-11-29,54.78,54.86,54.33,54.45,54.45,11263600,Consumer Goods,54.660000000000004,54.172000000000004,53.6865,52.3716,54.1038970069067,53.47517275764229,0.6287242492644083,0.534349775002546,54.78,13739600.0,54.26,13891600.0,53.39,12697100.0,68.53146853146848,0.3501658680427733,1.9853905225697632,-0.0060240963855421326,0.004597385207939133
KO,2023-11-30,54.63,55.1,54.29,55.08,55.08,22727500,Consumer Goods,54.75,54.330000000000005,53.8015,52.380199999999995,54.254066698151824,53.59404884966879,0.6600178484830366,0.5594833896986442,54.45,11263600.0,54.63,11320600.0,53.5,10201900.0,84.09090909090905,0.8237232289950436,2.953271028037374,0.01157024793388417,0.005509550474822894
KO,2023-12-01,54.92,55.32,54.89,55.27,55.27,15371200,Consumer Goods,54.85,54.513,53.89549999999999,52.4094,54.41036412920539,53.71819337932295,0.6921707498824432,0.586020861735404,55.08,22727500.0,54.77,4816000.0,53.44,16010400.0,84.73520249221181,0.9129085265656478,3.4244011976048094,0.003449527959332066,0.005322669067137657
KO,2023-12-04,55.22,55.57,55.08,55.21,55.21,14942200,Consumer Goods,54.958000000000006,54.68000000000001,54.003,52.43639999999999,54.53338503240457,53.82869757344717,0.7046874589573946,0.6097541811798022,55.27,15371200.0,54.67,16246500.0,53.54,14475800.0,82.08469055374583,0.987744649716471,3.119163242435574,-0.0010855798805862182,0.00549545589847962
KO,2023-12-05,55.19,55.45,55.06,55.29,55.29,11891500,Consumer Goods,55.06,54.840999999999994,54.104,52.4762,54.649787335111554,53.93694219763627,0.7128451374752842,0.6303723724388985,55.21,14942200.0,54.78,13739600.0,53.68,13051000.0,81.66666666666657,0.9309967141292397,2.9992548435171296,0.0014490128599891072,0.005518966800229088
KO,2023-12-06,55.2,55.36,54.87,55.23,55.23,14868500,Consumer Goods,55.215999999999994,54.938,54.19199999999999,52.523599999999995,54.73905082201747,54.03272425707062,0.7063265649468491,0.6455632109404887,55.29,11891500.0,54.45,11263600.0,54.26,13891600.0,79.32203389830494,1.4325068870523205,1.7876889052709233,-0.0010851871947911151,0.004889109485747499
KO,2023-12-07,55.3,55.51,55.04,55.37,55.37,11587900,Consumer Goods,55.274,55.012,54.291,52.5846,54.83611992632247,54.13178171950983,0.7043382068126363,0.6573182101149183,55.23,14868500.0,55.08,22727500.0,54.63,11320600.0,81.84818481848176,0.5265068990559119,1.354567087680758,0.0025348542458809575,0.004576620546816523
KO,2023-12-08,55.37,55.38,55.02,55.24,55.24,11178700,Consumer Goods,55.26800000000001,55.059000000000005,54.40400000000001,52.645599999999995,54.89825532227286,54.2138719625091,0.684383359763757,0.6627312400446861,55.37,11587900.0,55.27,15371200.0,54.77,4816000.0,77.7777777777778,-0.05427899402931091,0.8581340149717009,-0.00234784179158376,0.004694652590030662
KO,2023-12-11,55.45,55.7,55.14,55.65,55.65,14524800,Consumer Goods,55.355999999999995,55.157000000000004,54.534499999999994,52.7116,55.0139083496155,54.32025181713806,0.6936565324774406,0.668916298531237,55.24,11178700.0,55.21,14942200.0,54.67,16246500.0,79.57957957957957,0.796957072994009,1.7925736235595346,0.007422157856625589,0.0050062891202092095
KO,2023-12-12,55.8,56.01,55.52,56.01,56.01,12899000,Consumer Goods,55.5,55.279999999999994,54.67299999999999,52.79419999999999,55.167153218905426,54.44541834920191,0.7217348697035177,0.6794800127656933,55.65,14524800.0,55.29,11891500.0,54.78,13739600.0,78.13504823151126,1.302224633749316,2.2453450164293454,0.006469002695417725,0.005222047398209956
KO,2023-12-13,56.03,56.57,55.86,56.49,56.49,16196800,Consumer Goods,55.751999999999995,55.484,54.827999999999996,52.897600000000004,55.370668108304585,54.59686884185362,0.7737992664509648,0.6983438635027476,56.01,12899000.0,55.23,14868500.0,54.45,11263600.0,78.88198757763975,2.281368821292795,3.746556473829199,0.008569898232458462,0.004667162847068365
KO,2023-12-14,56.53,56.59,55.39,55.65,55.65,22478300,Consumer Goods,55.80799999999999,55.541,54.935500000000005,52.9812,55.4136422454885,54.67487855727187,0.7387636882166291,0.706427828445524,56.49,16196800.0,55.37,11587900.0,55.08,22727500.0,61.22448979591831,0.5056890012642201,1.0348583877995754,-0.014869888475836479,0.006739176452898081
KO,2023-12-15,55.45,55.77,54.48,55.23,55.23,65177400,Consumer Goods,55.806,55.537,55.025,53.1062,55.385389592336416,54.71599866414062,0.6693909281957957,0.6990204483955784,55.65,22478300.0,55.24,11178700.0,55.27,15371200.0,56.6037735849056,-0.018102824040555632,-0.07237199203908862,-0.007547169811320753,0.007186580487285295
KO,2023-12-18,55.42,56.07,55.25,55.63,55.63,16717700,Consumer Goods,55.802,55.57899999999999,55.12949999999999,53.225,55.423021962746205,54.783702466796875,0.63931949594933,0.6870802579063289,55.23,65177400.0,55.65,14524800.0,55.21,14942200.0,59.38189845474613,-0.03593890386341947,0.7607317514942924,0.007242440702516895,0.0075275693549352336
KO,2023-12-19,55.61,55.8,55.27,55.45,55.45,14612200,Consumer Goods,55.69,55.59499999999999,55.217999999999996,53.345,55.42717243001602,54.83305783962674,0.5941145903892817,0.6684871244029195,55.63,16717700.0,56.01,12899000.0,55.29,11891500.0,61.41552511415522,-0.9998214604534872,0.28938325194429737,-0.0032356642099586885,0.00762668555337185
KO,2023-12-20,55.14,55.3,54.26,54.3,54.3,17701000,Consumer Goods,55.251999999999995,55.501999999999995,55.21999999999999,53.42059999999999,55.25376128693664,54.79357207372847,0.4601892132081673,0.6268275421639691,55.45,14612200.0,56.49,16196800.0,55.23,14868500.0,42.04081632653063,-3.8767923526287884,-1.6838674633351425,-0.020739404869251632,0.010144543332275649
KO,2023-12-21,54.53,54.73,54.17,54.66,54.66,11725100,Consumer Goods,55.053999999999995,55.431000000000004,55.221500000000006,53.50940000000001,55.16241339663869,54.78367784604488,0.3787355505938095,0.5772091438499372,54.3,17701000.0,55.65,22478300.0,55.37,11587900.0,43.98422090729778,-1.7789757412398965,-1.2822828246342843,0.006629834254143541,0.010411387579101586
KO,2023-12-22,54.78,55.1,54.69,54.97,54.97,9029400,Consumer Goods,55.001999999999995,55.403999999999996,55.231500000000004,53.6212,55.132811335617355,54.7974794870786,0.3353318485387575,0.5288336847877012,54.66,11725100.0,55.23,65177400.0,55.24,11178700.0,47.74436090225563,-0.4707586456635826,-0.48877624909486883,0.005671423344310256,0.010623313785207731
KO,2023-12-26,54.72,55.34,54.72,55.2,55.2,6422500,Consumer Goods,54.916,55.359,55.258,53.736000000000004,55.14314805321468,54.82729582136907,0.31585223184561073,0.48623739419928313,54.97,9029400.0,55.63,16717700.0,55.65,14524800.0,49.177330895795286,-0.7729642279345694,-0.8086253369272156,0.004184100418410219,0.010404174472466774
KO,2023-12-27,55.27,55.39,55.05,55.34,55.34,8560100,Consumer Goods,54.89399999999999,55.291999999999994,55.286,53.843599999999995,55.17343296810473,54.865273908675064,0.3081590594296628,0.4506217272453591,55.2,6422500.0,55.45,14612200.0,56.01,12899000.0,50.990990990991044,-0.19837691614066344,-1.1962149616139839,0.002536231884058049,0.010172193109109407
KO,2023-12-28,55.28,55.49,55.17,55.38,55.38,8400100,Consumer Goods,55.11,55.181,55.3325,53.94,55.205212511473235,54.903401767291726,0.301810744181509,0.42085953063258913,55.34,8560100.0,54.3,17701000.0,56.49,16196800.0,50.091743119266106,1.9889502762431066,-1.964949548592665,0.0007228044813878398,0.009626604125596185
KO,2023-12-29,55.37,55.59,55.26,55.54,55.54,9244300,Consumer Goods,55.286,55.17,55.355500000000006,54.04,55.25671827893889,54.95055719193679,0.30616108700210276,0.3979198419064919,55.38,8400100.0,54.66,11725100.0,55.65,22478300.0,52.73722627737223,1.6099524332235715,-0.1976639712488737,0.002889129649692901,0.008554807386369614
KO,2024-01-02,55.42,56.44,55.3,56.38,56.38,16322600,Consumer Goods,55.568000000000005,55.285000000000004,55.411,54.151199999999996,55.42953085140983,55.056441844385915,0.3730890070239141,0.39295367492997635,55.54,9244300.0,54.97,9029400.0,55.23,65177400.0,56.17597292724197,2.565035473894861,2.082201701973574,0.015124234785740098,0.009348265919455015
KO,2024-01-03,56.49,56.74,56.33,56.52,56.52,14830600,Consumer Goods,55.83200000000001,55.374,55.4765,54.261,55.59729533580832,55.16485355961659,0.4324417761917303,0.4008512951823272,56.38,16322600.0,55.2,6422500.0,55.63,16717700.0,54.481546572934995,2.3913043478260843,1.5998561927017763,0.0024831500532103146,0.009177094824483957
KO,2024-01-04,56.6,56.8,56.23,56.33,56.33,12912900,Consumer Goods,56.029999999999994,55.462,55.52850000000001,54.3762,55.710019130299344,55.251160703348695,0.4588584269506484,0.4124527215359915,56.52,14830600.0,55.34,8560100.0,55.45,14612200.0,48.51851851851849,1.788941091434748,1.5870153291253297,-0.0033616418966738726,0.009184594454581306
KO,2024-01-05,56.36,56.51,55.7,56.24,56.24,10412800,Consumer Goods,56.202,55.65599999999999,55.57900000000001,54.4604,55.79155464871483,55.324408058656196,0.4671465900586327,0.4233914952405198,56.33,12912900.0,55.38,8400100.0,54.3,17701000.0,56.34408602150538,1.5529071867099953,3.572744014732976,-0.0015977276761938164,0.0050904224928930595
KO,2024-01-08,56.25,56.72,56.01,56.66,56.66,11554600,Consumer Goods,56.426,55.85600000000001,55.643499999999996,54.544,55.92516162583563,55.423340795052034,0.5018208307835934,0.4390773623491345,56.24,10412800.0,55.54,9244300.0,54.66,11725100.0,65.37634408602146,2.0165646380986724,3.65898280278083,0.0074679943100994794,0.0051536748546301995
KO,2024-01-09,56.54,56.69,56.2,56.55,56.55,10493700,Consumer Goods,56.46,56.013999999999996,55.70899999999999,54.631800000000005,56.0212906064763,55.50679703245559,0.5144935740207117,0.45416060468345,56.66,11554600.0,56.38,16322600.0,54.97,9029400.0,60.55045871559625,0.30152536360410487,2.874295070038202,-0.0019414048711613452,0.005373250502051204
KO,2024-01-10,56.76,56.94,56.53,56.74,56.74,12258000,Consumer Goods,56.504,56.16799999999999,55.7635,54.7334,56.13186128240302,55.59814540042184,0.5337158819811805,0.4700716601429961,56.55,10493700.0,56.52,14830600.0,55.2,6422500.0,64.75972540045761,0.38924274593064023,2.789855072463765,0.003359858532272497,0.005356820321837147
KO,2024-01-11,56.79,56.8,56.26,56.37,56.37,13754200,Consumer Goods,56.512,56.271,55.78150000000001,54.810599999999994,56.16849800818717,55.65531981520541,0.513178192981762,0.47869296671074935,56.74,12258000.0,56.33,12912900.0,55.34,8560100.0,78.83008356545953,0.07101011894194986,1.861221539573532,-0.006520972858653606,0.006112759723304131
KO,2024-01-12,56.63,56.99,56.43,56.92,56.92,13218000,Consumer Goods,56.648,56.425,55.80300000000001,54.8926,56.2841136992353,55.7489998288939,0.535113870341398,0.4899771474368791,56.37,13754200.0,56.24,10412800.0,55.38,8400100.0,79.89417989417984,1.2091038406827792,2.7807872878295337,0.009756962923541002,0.006575660110473523
KO,2024-01-16,56.92,56.96,56.41,56.54,56.54,11826900,Consumer Goods,56.624,56.525,55.847500000000004,54.9678,56.323480822429865,55.80759243416102,0.5158883882688414,0.4951593956032716,56.92,13218000.0,56.66,11554600.0,55.54,9244300.0,70.38961038961031,-0.2117896223085003,1.8005041411595313,-0.006676036542515806,0.007219884639740439
KO,2024-01-17,56.42,56.75,56.38,56.54,56.54,8982100,Consumer Goods,56.622,56.541,55.913,55.0308,56.35679146513296,55.86184484644539,0.49494661868756396,0.4951168402201301,56.54,11826900.0,56.55,10493700.0,56.38,16322600.0,68.50828729281757,-0.01768346595932835,0.28378857750974706,0.0,0.005500067916122794
KO,2024-01-18,56.26,56.77,56.11,56.7,56.7,10397700,Consumer Goods,56.614,56.55899999999999,55.96650000000001,55.10360000000001,56.40959277818943,55.923930413375366,0.4856623648140612,0.4932259451389163,56.54,8982100.0,56.74,12258000.0,56.52,14830600.0,68.6813186813186,-0.07049700387733449,0.31847133757960666,0.0028298549699328213,0.005516448061459808
KO,2024-01-19,56.8,56.82,56.21,56.39,56.39,14392600,Consumer Goods,56.617999999999995,56.565,56.0135,55.166000000000004,56.40657850462182,55.95845408645867,0.44812441816314674,0.4842056397437624,56.7,10397700.0,56.37,13754200.0,56.33,12912900.0,62.91560102301782,0.03547986517651314,0.1065151784129359,-0.005467372134038806,0.0057098919873448065
KO,2024-01-22,56.33,56.62,56.03,56.15,56.15,14314300,Consumer Goods,56.464,56.556,56.10600000000001,55.2196,56.36710488852616,55.97264267264692,0.394462215879237,0.4662569549708574,56.39,14392600.0,56.92,13218000.0,56.24,10412800.0,57.64411027568917,-1.3527758257203093,-0.16002844950213646,-0.004256073771945368,0.005858749232320126
KO,2024-01-23,56.11,56.55,56.04,56.41,56.41,14481600,Consumer Goods,56.438,56.531000000000006,56.19350000000001,55.28,56.37370413644521,56.00503951171011,0.36866462473510353,0.44673848892370666,56.15,14314300.0,56.54,11826900.0,56.66,11554600.0,50.43988269794713,-0.2299257163070445,-0.44122837980938856,0.004630454140694518,0.0055072497126954206
KO,2024-01-24,56.36,56.37,55.51,55.53,55.53,16370500,Consumer Goods,56.236000000000004,56.428999999999995,56.221500000000006,55.331,56.243903500069024,55.96985139973158,0.27405210033744254,0.4122012112064538,56.41,14481600.0,56.54,8982100.0,56.55,10493700.0,38.07228915662652,-1.786345949770074,-1.8037135278514471,-0.015600070909413177,0.007319689581500901
KO,2024-01-25,55.62,55.77,55.29,55.76,55.76,14899700,Consumer Goods,56.048,56.330999999999996,56.2495,55.3854,56.16945680775071,55.95430685160332,0.21514995614739263,0.3727909601946416,55.53,16370500.0,56.7,10397700.0,56.74,12258000.0,43.19809069212411,-1.6578483245149989,-1.727176594994717,0.004141905276427105,0.007384764986904184
KO,2024-01-26,55.85,56.07,55.73,55.96,55.96,13025100,Consumer Goods,55.962,56.29,56.2805,55.4398,56.13723268348137,55.95472856629937,0.182504117181999,0.3347335915921131,55.76,14899700.0,56.39,14392600.0,56.37,13754200.0,46.74418604651162,-0.7625465508068752,-0.7273372361184971,0.0035868005738881603,0.007345676986206185
KO,2024-01-29,55.93,56.36,55.77,56.3,56.3,14547100,Consumer Goods,55.992,56.227999999999994,56.326499999999996,55.498000000000005,56.162273809099624,55.980304228054976,0.18196958104464755,0.30418078948262,55.96,13025100.0,56.15,14314300.0,56.92,13218000.0,45.734597156398124,0.2671415850400649,-1.089248067463111,0.006075768406004212,0.006837796377677366
KO,2024-01-30,56.41,56.57,56.03,56.46,56.46,22061500,Consumer Goods,56.001999999999995,56.220000000000006,56.3725,55.5572,56.20807783846891,56.015837248199055,0.1922405902698543,0.28179274964006684,56.3,14547100.0,56.41,14481600.0,56.54,11826900.0,48.94613583138178,0.08863676653076968,-0.14149274849664106,0.002841918294849144,0.006630582630381763
KO,2024-01-31,56.65,56.98,55.88,56.07,56.07,22837000,Consumer Goods,56.11,56.173,56.357000000000006,55.60979999999999,56.186835094089076,56.019849303888016,0.16698579020106052,0.25883135775226557,56.46,22061500.0,55.53,16370500.0,56.54,8982100.0,42.50559284116331,0.9724473257698429,-0.8312698974177524,-0.006907545164718365,0.006967730024278763
KO,2024-02-01,56.15,57.51,55.95,57.48,57.48,15870900,Consumer Goods,56.45399999999999,56.251,56.40500000000001,55.688599999999994,56.38578354115229,56.12800861471112,0.25777492644117217,0.2586200714900469,56.07,22837000.0,55.76,14899700.0,56.7,10397700.0,60.072595281306704,3.0846484935437513,1.3756613756613634,0.025147137506688066,0.010789760680071118
KO,2024-02-02,57.33,57.37,56.77,57.06,57.06,17544900,Consumer Goods,56.674,56.318000000000005,56.4415,55.7562,56.48950915020579,56.197045013621405,0.2924641365843854,0.2653888845089146,57.48,15870900.0,55.96,13025100.0,56.39,14392600.0,51.30111524163569,1.96568977841316,1.188153928001423,-0.007306889352818313,0.010934919277060418
KO,2024-02-05,56.91,56.91,56.44,56.59,56.59,12759600,Consumer Goods,56.73199999999999,56.362,56.45899999999999,55.8028,56.504969280943364,56.22615279039019,0.2788164905531758,0.26807440571776686,57.06,17544900.0,56.3,14547100.0,56.15,14314300.0,50.457038391224906,0.5150976909414018,0.7836153161175474,-0.008236943568173838,0.011225644939110407
KO,2024-02-06,56.52,56.6,56.25,56.5,56.5,12775200,Consumer Goods,56.74000000000001,56.371,56.451,55.8402,56.504204776182846,56.2464377688798,0.2577670073030447,0.2660129260348224,56.59,12759600.0,56.46,22061500.0,56.41,14481600.0,49.64028776978419,0.0708466170740385,0.15954617975537655,-0.001590386994168691,0.011164283923743986
KO,2024-02-07,56.62,56.75,56.5,56.54,56.54,10259900,Consumer Goods,56.834,56.472,56.4505,55.875600000000006,56.50971173369317,56.268183119333145,0.24152861436002837,0.2611160636998636,56.5,12775200.0,56.07,22837000.0,55.53,16370500.0,48.52941176470585,0.8382379168895948,1.8188366648658416,0.000707964601769806,0.009691330251478985
KO,2024-02-08,56.45,56.53,56.0,56.39,56.39,12874800,Consumer Goods,56.616,56.535000000000004,56.43300000000001,55.91,56.49129454389422,56.27720659197514,0.21408795191908325,0.25171044134370757,56.54,10259900.0,57.48,15870900.0,55.76,14899700.0,50.0,-1.8963117606123792,1.1298421807747427,-0.002652989034311992,0.009750494194408817
KO,2024-02-09,56.05,56.16,55.64,56.14,56.14,15235300,Consumer Goods,56.432,56.553,56.4215,55.937200000000004,56.43724922944895,56.26704314071772,0.17020608873123422,0.23540957082121292,56.39,12874800.0,57.06,17544900.0,55.96,13025100.0,49.905482041587916,-1.6123378899404184,0.32165832737669486,-0.004433410179109809,0.009858542433258522
KO,2024-02-12,56.23,56.33,55.57,56.27,56.27,13516800,Consumer Goods,56.36800000000001,56.55,56.388999999999996,55.973600000000005,56.4115185787645,56.26726216733122,0.1442564114332825,0.21717893894362686,56.14,15235300.0,56.59,12759600.0,56.3,14547100.0,48.64341085271324,-0.5654709312599371,-0.053285968028404795,0.002315639472746822,0.00968671455183624
KO,2024-02-13,56.08,57.18,55.41,55.94,55.94,24195700,Consumer Goods,56.25599999999999,56.498000000000005,56.358999999999995,55.9908,56.33897725895458,56.24302052530669,0.09595673364788837,0.19293449788447917,56.27,13516800.0,56.5,12775200.0,56.46,22061500.0,54.44685466377437,-0.9911504424778839,-0.9210060219624561,-0.005864581482139752,0.009792442232953549
KO,2024-02-14,55.77,56.17,55.65,55.88,55.88,15872500,Consumer Goods,56.124,56.479000000000006,56.326,56.003,56.26836537296157,56.216130116024715,0.0522352569368536,0.16479464969495408,55.94,24195700.0,56.54,10259900.0,56.07,22837000.0,51.35135135135141,-1.1673151750972721,-0.3388621366149369,-0.0010725777618876275,0.009564715850720718
KO,2024-02-15,56.01,56.17,55.73,55.99,55.99,13695800,Consumer Goods,56.044000000000004,56.33,56.290499999999994,56.018600000000006,56.22553993096748,56.19937973705992,0.026160193907557527,0.1370677585374748,55.88,15872500.0,56.39,12874800.0,57.48,15870900.0,50.344827586206904,-0.709345628657565,-2.592205984690321,0.0019685039370078705,0.0037605938515939056
KO,2024-02-16,55.94,56.2,55.57,55.98,55.98,13947100,Consumer Goods,56.012,56.222,56.27,56.03240000000001,56.18776455697248,56.1831293861666,0.004635170805883604,0.11058124099115656,55.99,13695800.0,56.14,15235300.0,57.06,17544900.0,46.019900497512445,-0.2850017812611405,-1.8927444794952786,-0.00017860332202190854,0.0034341729153499053
KO,2024-02-20,56.18,57.35,56.09,57.21,57.21,18339300,Consumer Goods,56.2,56.28399999999999,56.323,56.07200000000001,56.34503154820749,56.25919387608018,0.08583767212730464,0.10563252721838617,55.98,13947100.0,56.27,13516800.0,56.59,12759600.0,57.36738703339882,1.6705171494579618,1.0955999293161378,0.021972132904608754,0.007780537022500189
KO,2024-02-21,57.49,57.76,57.34,57.72,57.72,14373000,Consumer Goods,56.556,56.40599999999999,56.3885,56.119,56.556565156175566,56.36740173711128,0.18916341906428613,0.12233870558756618,57.21,18339300.0,55.94,24195700.0,56.5,12775200.0,65.8349328214971,3.181980693600295,2.1592920353982192,0.008914525432616616,0.008077839315692932
KO,2024-02-22,57.49,57.73,57.02,57.64,57.64,12982800,Consumer Goods,56.908,56.516,56.49399999999999,56.167,56.72324743984086,56.46166827510304,0.2615791647378245,0.15018679741761784,57.72,14373000.0,55.88,15872500.0,56.54,10259900.0,52.06185567010314,3.149606299212593,1.9455252918287869,-0.001386001386001312,0.008146728881649513
KO,2024-02-23,57.58,58.08,57.5,57.68,57.68,13612900,Consumer Goods,57.246,56.645,56.589999999999996,56.2076,56.870440141403805,56.55191506953985,0.3185250718639523,0.18385445230688474,57.64,12982800.0,55.99,13695800.0,56.39,12874800.0,58.857142857142804,3.0183961421682337,2.2876396524206477,0.000693962526023606,0.008003730514824321
KO,2024-02-26,57.72,57.75,57.18,57.22,57.22,10336100,Consumer Goods,57.49400000000001,56.753,56.653,56.2318,56.92421858118783,56.60140284216653,0.32281573902130134,0.21164670964976806,57.68,13612900.0,55.98,13947100.0,56.14,15235300.0,59.025787965615955,2.215076813147565,1.923762023512654,-0.007975034674063797,0.008402847803218271
KO,2024-02-27,57.06,57.29,56.67,56.87,56.87,9931100,Consumer Goods,57.426,56.813,56.68149999999999,56.239399999999996,56.915877261005086,56.621298927931974,0.29457833307311176,0.2282330343344368,57.22,10336100.0,57.21,18339300.0,56.27,13516800.0,54.93333333333329,-0.5943016955077818,1.0662875422072116,-0.006116742397763053,0.008775659847515544
KO,2024-02-28,56.9,57.02,56.61,56.93,56.93,8076500,Consumer Goods,57.267999999999994,56.912,56.705,56.265,56.91804999008123,56.64416567401109,0.27388431607013786,0.23736329068157705,56.87,9931100.0,57.72,14373000.0,55.94,24195700.0,55.17241379310344,-1.3686763686763692,1.7697533071147742,0.0010550378055214082,0.008431948725427529
KO,2024-02-29,56.88,57.16,56.46,56.57,56.57,18152700,Consumer Goods,57.053999999999995,56.980999999999995,56.73,56.291799999999995,56.864503837761035,56.638671920380645,0.22583191738038977,0.2350570160213396,56.93,8076500.0,57.64,12982800.0,55.88,15872500.0,52.26130653266331,-1.8563497571131182,1.2347888332140178,-0.006323555243281209,0.008785922723536507
KO,2024-03-01,56.46,56.46,55.93,56.11,56.11,10927600,Consumer Goods,56.739999999999995,56.992999999999995,56.661500000000004,56.3014,56.748426324259334,56.59951103738949,0.148915286869844,0.2178286701910405,56.57,18152700.0,57.68,13612900.0,55.99,13695800.0,49.642004773269676,-2.7219140083217797,0.21432398642613482,-0.00813151847268867,0.009263299597201255
KO,2024-03-04,55.83,56.51,55.82,56.37,56.37,10150200,Consumer Goods,56.57000000000001,57.032000000000004,56.626999999999995,56.319799999999994,56.690206889757896,56.58251021980508,0.10769666995281568,0.19580227014339552,56.11,10927600.0,57.22,10336100.0,55.98,13947100.0,51.15740740740734,-1.4854945823138843,0.6966773847802754,0.00463375512386377,0.009362887189893298
KO,2024-03-05,56.47,56.66,56.01,56.1,56.1,12310000,Consumer Goods,56.416,56.92100000000001,56.602500000000006,56.35580000000001,56.599405829795145,56.54676872204175,0.05263710775339803,0.16716923766539601,56.37,10150200.0,56.87,9931100.0,57.21,18339300.0,51.877934272300514,-1.3539651837524147,-1.9402202412165725,-0.004789781798829051,0.005742515645711467
KO,2024-03-06,56.1,56.55,55.97,56.13,56.13,12378800,Consumer Goods,56.25599999999999,56.762,56.584,56.3852,56.5271895482882,56.51589696485347,0.01129258343473083,0.13599390681926296,56.1,12310000.0,56.93,8076500.0,57.72,14373000.0,52.955082742316776,-1.4052344985069354,-2.754677754677748,0.0005347593582887278,0.004447565457086169
KO,2024-03-07,56.26,56.34,55.84,56.03,56.03,13686900,Consumer Goods,56.148,56.601,56.558499999999995,56.406400000000005,56.45069884855155,56.479904597086545,-0.02920574853499147,0.10295397574841207,56.13,12378800.0,56.57,18152700.0,57.64,12982800.0,50.473933649289094,-0.9545695598373705,-2.793199167244964,-0.0017815784785319977,0.004435527110430563
KO,2024-03-08,55.89,56.36,55.58,56.1,56.1,13239000,Consumer Goods,56.146,56.443,56.544000000000004,56.4244,56.39674517954362,56.45176351582087,-0.05501833627725006,0.07135951334327964,56.03,13686900.0,56.11,10927600.0,57.68,13612900.0,51.40186915887856,-0.017822135091782876,-2.739251040221913,0.0012493307156880018,0.0044875860934879466
KO,2024-03-11,56.35,56.83,56.16,56.78,56.78,14114300,Consumer Goods,56.227999999999994,56.399,56.576,56.45320000000001,56.45570745961383,56.47607732946377,-0.020369869849936606,0.053013636704636394,56.1,13239000.0,56.37,10150200.0,57.22,10336100.0,44.23592493297588,0.7273372361185082,-0.7689619014330629,0.0121212121212122,0.006103696687897691
KO,2024-03-12,56.85,57.26,56.75,57.02,57.02,12684600,Consumer Goods,56.412,56.414,56.6135,56.486000000000004,56.54252169659632,56.51636789765164,0.02615379894467651,0.047641669152644416,56.78,14114300.0,56.1,12310000.0,56.87,9931100.0,39.88439306358388,1.6399286987522244,0.26375945138035206,0.004226840436773571,0.005969046087325275
KO,2024-03-13,57.38,57.69,57.31,57.61,57.61,13909500,Consumer Goods,56.708000000000006,56.482000000000006,56.69699999999999,56.5274,56.70674912788919,56.59737768301078,0.10937144487841266,0.05998762429779807,57.02,12684600.0,56.13,12378800.0,56.93,8076500.0,49.62216624685137,2.6367361482273255,1.194449323730895,0.010347246580147296,0.006772411969515074
KO,2024-03-14,57.56,57.77,57.39,57.48,57.48,13996600,Consumer Goods,56.998000000000005,56.573,56.777,56.5494,56.82571080052162,56.66275711389886,0.16295368662275678,0.08058083676278982,57.61,13909500.0,56.03,13686900.0,56.57,18152700.0,47.53694581280784,2.5878993396394767,1.6086264804666683,-0.0022565526818261183,0.006380607483151148
KO,2024-03-15,57.02,57.43,56.66,56.89,56.89,36849900,Consumer Goods,57.15599999999999,56.650999999999996,56.822,56.5568,56.83560144659522,56.679589920276726,0.15601152631849402,0.09566697467393068,57.48,13996600.0,56.1,13239000.0,56.11,10927600.0,46.062052505966605,1.4081996434937682,1.3901265371591531,-0.010264439805149572,0.006766604950108822
KO,2024-03-18,56.9,57.39,56.82,57.13,57.13,15856700,Consumer Goods,57.226,56.727,56.87949999999999,56.5728,56.880893531734415,56.71295362988585,0.16793990184856256,0.11012156010885706,56.89,36849900.0,56.78,14114300.0,56.37,10150200.0,53.18627450980398,0.6164142303628051,1.348234876707477,0.004218667604148463,0.0067458192329980194
KO,2024-03-19,57.23,57.34,57.06,57.22,57.22,15030600,Consumer Goods,57.266,56.839,56.879999999999995,56.5924,56.933063757621426,56.75051262026468,0.18255113735674655,0.12460747555843496,57.13,15856700.0,57.02,12684600.0,56.1,12310000.0,53.527980535279795,0.3507541213609189,1.9964349376114132,0.0015753544547523202,0.006392030612153311
KO,2024-03-20,57.18,57.78,57.16,57.72,57.72,15258800,Consumer Goods,57.288,56.998000000000005,56.879999999999995,56.6136,57.054130871833515,56.822326500245076,0.23180437158843858,0.14604685476443569,57.22,15030600.0,57.61,13909500.0,56.13,12378800.0,63.529411764705884,0.1909390730775895,2.8327097808658497,0.00873820342537579,0.006702380554800828
KO,2024-03-21,57.54,57.95,57.31,57.45,57.45,13067100,Consumer Goods,57.282,57.14000000000001,56.87050000000001,56.631600000000006,57.115033814628354,56.86882083356025,0.24621298106810485,0.16608008002516952,57.72,15258800.0,57.48,13996600.0,56.03,13686900.0,66.50246305418727,-0.05219206680583399,2.5343565946814195,-0.004677754677754664,0.0069800132725976035
KO,2024-03-22,57.5,57.76,57.41,57.47,57.47,11502800,Consumer Goods,57.398,57.277,56.86,56.6462,57.16964399699322,56.913352623666896,0.25629137332632723,0.18412233868540107,57.45,13067100.0,56.89,36849900.0,56.1,13239000.0,64.39790575916237,1.0195113376691767,2.4420677361853826,0.0003481288076587763,0.007004130157555824
KO,2024-03-25,57.46,57.68,57.12,57.39,57.39,13144700,Consumer Goods,57.45,57.33800000000001,56.8685,56.666599999999995,57.20354492053273,56.94865983672861,0.254885083804119,0.19827488770914467,57.47,11502800.0,57.13,15856700.0,56.78,14114300.0,67.76859504132236,0.4551023980395641,1.0743219443466012,-0.0013920306246737457,0.006183813608921773
KO,2024-03-26,57.48,57.68,57.37,57.52,57.52,13277400,Consumer Goods,57.510000000000005,57.388,56.900999999999996,56.678599999999996,57.25223031737385,56.99098133030427,0.2612489870695782,0.21086970758123139,57.39,13144700.0,57.22,15030600.0,57.02,12684600.0,68.63270777479899,0.5242922055225474,0.8768853034023083,0.0022652029970378074,0.006103716836329341
KO,2024-03-27,57.76,58.36,57.67,57.98,57.98,12551200,Consumer Goods,57.562,57.425,56.9535,56.7074,57.364194883931724,57.06424197250396,0.29995291142776637,0.22868634835053842,57.52,13277400.0,57.72,15258800.0,57.61,13909500.0,73.83863080684603,0.45045045045044585,0.642249609442791,0.007997218358831493,0.005733139162312974
KO,2024-03-28,58.09,58.2,57.96,58.13,58.13,13683500,Consumer Goods,57.698,57.49000000000001,57.03150000000001,56.739200000000004,57.48201105563454,57.14318701157774,0.3388240440567998,0.2507138874917907,57.98,12551200.0,57.45,13067100.0,57.48,13996600.0,74.34052757793773,1.1836379460400392,1.1308281141266585,0.0025870989996552574,0.005663997389636173
KO,2024-04-01,58.13,58.24,57.6,57.65,57.65,11668700,Consumer Goods,57.734,57.565999999999995,57.10849999999999,56.758199999999995,57.50785550861384,57.180728714423836,0.3271267941900007,0.2659964688314327,58.13,13683500.0,57.47,11502800.0,56.89,36849900.0,60.95717884130981,0.31320689055158724,1.3359114079803058,-0.008257354206089862,0.005234243272937872
KO,2024-04-02,57.43,57.7,57.11,57.15,57.15,13017300,Consumer Goods,57.686,57.568,57.1475,56.7734,57.45280081498094,57.1784525133554,0.2743483016255368,0.26766683539025354,57.65,11668700.0,57.39,13144700.0,57.13,15856700.0,51.53664302600469,-0.4181913225300593,0.03500787677226391,-0.008673026886383384,0.0059808692925055725
KO,2024-04-03,57.05,57.38,56.8,56.84,56.84,13672900,Consumer Goods,57.55,57.53000000000001,57.18449999999999,56.78719999999999,57.35852376652233,57.153381956810556,0.2051418097117761,0.2551618302545581,57.15,13017300.0,57.52,13277400.0,57.22,15030600.0,40.25316455696205,-1.182197496522952,-0.6641034603285467,-0.005424321959754952,0.006188650735690127
KO,2024-04-04,57.09,57.15,56.22,56.34,56.34,14320700,Consumer Goods,57.222,57.39200000000001,57.19500000000001,56.7858,57.20182780244197,57.09313144149125,0.10869636095071655,0.2258687363937898,56.84,13672900.0,57.98,12551200.0,57.72,15258800.0,36.8055555555556,-2.8285615729561786,-2.3908523908523827,-0.008796622097114737,0.005698113847323115
KO,2024-04-05,56.29,56.7,55.97,56.54,56.54,10157800,Consumer Goods,56.90400000000001,57.301,57.2205,56.806,57.10000814052782,57.052158742121534,0.047849398406285104,0.19026486879628887,56.34,14320700.0,58.13,13683500.0,57.45,13067100.0,45.54707379134856,-2.7352485807672466,-1.5839860748476986,0.0035498757543486192,0.00592263627284071
KO,2024-04-08,56.44,56.5,56.12,56.31,56.31,10284500,Consumer Goods,56.636,57.185,57.230999999999995,56.817,56.97846842660046,56.9971840204829,-0.018715593882440373,0.14846877626054303,56.54,10157800.0,57.65,11668700.0,57.47,11502800.0,39.54081632653055,-2.324371205550735,-2.01844440577692,-0.004067916519278292,0.005927564314133326
KO,2024-04-09,56.51,56.76,56.18,56.74,56.74,10779100,Consumer Goods,56.553999999999995,57.11999999999999,57.229,56.8326,56.94178097635424,56.97813335229898,-0.03635237594474461,0.1115045458194855,56.31,10284500.0,57.15,13017300.0,57.39,13144700.0,44.366197183098606,-0.7174103237095331,-1.1326014985189037,0.007636299058781715,0.006674531236078676
KO,2024-04-10,56.36,56.43,55.76,55.98,55.98,11861900,Consumer Goods,56.382000000000005,56.965999999999994,57.177,56.8262,56.79381467229973,56.90419754842499,-0.11038287612525721,0.06712706143053696,56.74,10779100.0,56.84,13672900.0,57.52,13277400.0,30.75221238938046,-1.5130190007037414,-2.677329624478453,-0.013394430736693774,0.00756949634212225
KO,2024-04-11,56.2,56.41,55.86,56.1,56.1,11109000,Consumer Goods,56.334,56.778,57.1015,56.818999999999996,56.687073953484386,56.84462735965276,-0.15755340616837543,0.022190967910754485,55.98,11861900.0,56.34,14320700.0,57.98,12551200.0,34.55377574370708,-0.42598509052182987,-3.242497412900991,0.002143622722400984,0.006843186457536668
KO,2024-04-12,56.01,56.07,55.23,55.37,55.37,12250900,Consumer Goods,56.1,56.501999999999995,56.996,56.805,56.48444719140986,56.73539570338218,-0.25094851197231804,-0.03243692806586002,56.1,11109000.0,56.54,10157800.0,58.13,13683500.0,29.330708661417333,-2.069331446763356,-4.74797866850164,-0.013012477718360116,0.007131685565672795
KO,2024-04-15,55.69,55.88,55.14,55.24,55.24,12425000,Consumer Goods,55.886,56.261,56.9135,56.760200000000005,56.29299377734681,56.62462565127979,-0.33163187393298443,-0.09227591723928491,55.37,12250900.0,56.31,10284500.0,57.65,11668700.0,29.044834307992218,-1.9001953471852295,-4.180398959236764,-0.00234784179158376,0.007060581176923896
KO,2024-04-16,55.34,55.47,55.04,55.16,55.16,11236800,Consumer Goods,55.57000000000001,56.062,56.81500000000001,56.7222,56.118687042370375,56.516134862296106,-0.39744781992573053,-0.15331029777657407,55.24,12425000.0,56.74,10779100.0,57.15,13017300.0,26.77165354330704,-2.7846316531547455,-3.482064741907265,-0.0014482259232441175,0.0069247522523088086
KO,2024-04-17,55.37,55.64,55.2,55.59,55.59,13805100,Consumer Goods,55.492000000000004,55.937,56.73350000000001,56.702200000000005,56.03735057431339,56.4475322799038,-0.41018170559040357,-0.20468457933933998,55.16,11236800.0,55.98,11861900.0,56.84,13672900.0,26.336633663366484,-0.6966773847802643,-2.199155524278673,0.007795503988397456,0.0077345342844197425
KO,2024-04-18,55.69,56.04,55.62,55.97,55.97,11125900,Consumer Goods,55.465999999999994,55.9,56.646,56.6916,56.026988947495944,56.41215951842944,-0.3851705709334965,-0.2407817776581713,55.59,13805100.0,56.1,11109000.0,56.34,14320700.0,29.545454545454547,-0.2317290552584672,-0.6567270145545034,0.006835761827666875,0.007830985055640819
KO,2024-04-19,56.15,57.35,56.06,57.17,57.17,21207900,Consumer Goods,55.826,55.963,56.63199999999999,56.7042,56.202836801727344,56.468295850397624,-0.26545904867028014,-0.24571723186059308,55.97,11125900.0,55.37,12250900.0,56.54,10157800.0,46.000000000000036,3.250857865270018,1.1142553944110345,0.02144005717348585,0.01048578040014009
KO,2024-04-22,57.14,57.6,56.74,57.53,57.53,15624500,Consumer Goods,56.284000000000006,56.085,56.635000000000005,56.727000000000004,56.407015755307754,56.546940602220026,-0.13992484691227247,-0.22455875487092897,57.17,21207900.0,55.24,12425000.0,56.31,10284500.0,53.24232081911265,4.145546705286018,2.1665778724915707,0.00629700892076257,0.010423902163474844
KO,2024-04-23,57.51,57.65,57.13,57.61,57.61,13689100,Consumer Goods,56.774,56.172000000000004,56.646,56.75639999999999,56.592090254491175,56.625685742796314,-0.03359548830513859,-0.1863661015577709,57.53,15624500.0,55.16,11236800.0,56.74,10779100.0,56.83836589698041,4.441624365482233,1.5333098343320417,0.0013905788284374054,0.010247233684279473
KO,2024-04-24,57.31,58.57,56.85,58.48,58.48,19548300,Consumer Goods,57.352,56.422000000000004,56.694,56.800599999999996,56.88253790764637,56.76304235444103,0.11949555320533989,-0.12519377060514875,57.61,13689100.0,55.59,13805100.0,55.98,11861900.0,67.83333333333326,5.198776758409784,4.465880671668443,0.01510154487068216,0.00956278180957524
KO,2024-04-25,58.78,59.47,58.31,58.66,58.66,19048500,Consumer Goods,57.89,56.678,56.72800000000001,56.85500000000001,57.15599361416231,56.90355773559355,0.25243587856876104,-0.049667840770366796,58.48,19548300.0,55.97,11125900.0,56.1,11109000.0,67.72575250836115,4.806146149723056,4.563279857397506,0.0030779753761969175,0.00954261688602036
KO,2024-04-26,58.48,58.84,58.29,58.66,58.66,10994300,Consumer Goods,58.188,57.00699999999999,56.75449999999999,56.9106,57.3873792119835,57.03366456999403,0.35371464198946967,0.031008655781600496,58.66,19048500.0,57.17,21207900.0,55.37,12250900.0,70.43478260869554,2.6062620255378643,5.941845764854614,0.0,0.007570751270923375
KO,2024-04-29,58.83,58.95,58.46,58.94,58.94,13409300,Consumer Goods,58.470000000000006,57.376999999999995,56.819,56.9696,57.62624394860143,57.17487460184633,0.45136934675510076,0.11508079397630055,58.66,10994300.0,57.53,15624500.0,55.24,12425000.0,69.64285714285705,2.450895185120805,6.698044895003608,0.004773269689737569,0.00703356668418298
KO,2024-04-30,59.04,59.69,58.4,58.69,58.69,19349200,Consumer Goods,58.686,57.73,56.896,57.0238,57.78989872573967,57.28710611282067,0.502792612918995,0.19262315776483946,58.94,13409300.0,57.61,13689100.0,55.16,11236800.0,76.62082514734769,1.874674535670895,6.399564902102983,-0.004241601628775071,0.007429776091609785
KO,2024-05-01,58.72,59.45,58.16,58.84,58.84,16729800,Consumer Goods,58.758,58.05499999999999,56.996,57.0564,57.95145276793357,57.40213528964877,0.5493174782847987,0.26396202186883133,58.69,19349200.0,58.48,19548300.0,55.59,13805100.0,76.75781249999996,0.6155950752394057,5.846375247346636,0.002555801669790414,0.007492929194396365
KO,2024-05-02,59.08,59.29,58.64,58.9,58.9,10991300,Consumer Goods,58.806,58.34799999999999,57.124,57.08,58.097383111328405,57.51308823115627,0.5842948801721377,0.32802859352949265,58.84,16729800.0,58.66,19048500.0,55.97,11125900.0,89.6629213483146,0.4091374019774996,5.234947293192782,0.0010197144799455327,0.0076215802372155556
KO,2024-05-03,58.9,59.22,58.56,59.07,59.07,11628700,Consumer Goods,58.888,58.538,57.2505,57.1086,58.24701647881634,57.628415028848394,0.6186014499679473,0.3861431648171836,58.9,10991300.0,58.66,10994300.0,57.17,21207900.0,92.65033407572372,0.6989430617115655,3.3234213748469354,0.0028862478777589295,0.005031155884146023
KO,2024-05-06,59.19,59.27,58.81,59.24,59.24,9310700,Consumer Goods,58.948,58.709,57.397000000000006,57.139799999999994,58.39978317438306,57.74779169337814,0.6519914810049201,0.43931282805473093,59.07,11628700.0,58.94,13409300.0,57.53,15624500.0,94.54148471615721,0.5089921954530174,2.97236224578481,0.0028779414254274105,0.004918722394166731
KO,2024-05-07,59.63,59.68,59.14,59.49,59.49,9807000,Consumer Goods,59.108000000000004,58.897000000000006,57.5345,57.1852,58.56750883986259,57.87684416053531,0.690664679327277,0.48958319830924013,59.24,9310700.0,58.69,19349200.0,57.61,13689100.0,94.31818181818181,1.3630942238882282,3.263322339871544,0.004220121539500354,0.0049007751565898275
KO,2024-05-08,59.71,59.83,59.36,59.71,59.71,10484400,Consumer Goods,59.282000000000004,59.019999999999996,57.721000000000004,57.242000000000004,58.743276710652964,58.01263348197714,0.7306432286758238,0.5377952043825569,59.49,9807000.0,58.84,16729800.0,58.48,19548300.0,94.10377358490567,1.4785859959211445,2.103283173734627,0.0036981005210958706,0.0026325727871074085
KO,2024-05-09,59.68,60.0,59.62,59.74,59.74,9113700,Consumer Goods,59.45,59.128,57.903000000000006,57.298199999999994,58.89661875516789,58.14058655738624,0.75603219778165,0.5814426030623756,59.71,10484400.0,58.9,10991300.0,58.66,19048500.0,91.85667752442997,1.4261460101867574,1.8411183088987482,0.0005024284039525373,0.0026507482133413004
KO,2024-05-10,59.78,60.2,59.66,60.1,60.1,8371700,Consumer Goods,59.656000000000006,59.272000000000006,58.1395,57.3688,59.081754331295905,58.28572829387615,0.7960260374197574,0.624359289933852,59.74,9113700.0,59.07,11628700.0,58.66,10994300.0,91.85667752442997,1.7436939224648729,2.4548244118649976,0.006026113157013624,0.0028650163727443542
KO,2024-05-13,60.08,60.44,60.03,60.41,60.41,10137600,Consumer Goods,59.89,59.419,58.398,57.454800000000006,59.28609981878884,58.44308175358903,0.8430180651998143,0.6680910449870445,60.1,8371700.0,59.24,9310700.0,58.94,13409300.0,92.42424242424242,1.9750168804861579,2.494061757719712,0.005158069883527405,0.002902300214998907
KO,2024-05-14,60.41,60.58,59.67,59.95,59.95,10852200,Consumer Goods,59.98199999999999,59.545,58.6375,57.5264,59.38823830820594,58.55470532739725,0.8335329808086911,0.7011794321513739,60.41,10137600.0,59.49,9807000.0,58.69,19349200.0,75.43252595155725,0.7732391998655164,2.146873402623961,-0.00761463333885104,0.0038199563587784616
KO,2024-05-15,59.91,60.23,59.86,59.98,59.98,9838900,Consumer Goods,60.036,59.659000000000006,58.85699999999999,57.604,59.47927856848195,58.660282710553005,0.8189958579289467,0.7247427173068886,59.95,10852200.0,59.71,10484400.0,58.84,16729800.0,74.08759124087602,0.45218556355719475,1.9374575118966675,0.000500417014178467,0.003849858089654824
KO,2024-05-16,60.08,60.55,59.92,60.16,60.16,10228000,Consumer Goods,60.120000000000005,59.785000000000004,59.0665,57.6846,59.58400494256165,58.77137288014167,0.8126320624199792,0.7423205863295068,59.98,9838900.0,59.74,9113700.0,58.9,10991300.0,75.68493150684944,0.7030465349849191,2.139219015280136,0.0030010003334444146,0.0038489339746092493
KO,2024-05-17,60.18,60.21,59.8,59.88,59.88,11539000,Consumer Goods,60.076,59.866,59.20200000000001,57.7616,59.62954264370602,58.85349340753858,0.776049236167438,0.7490663162970931,60.16,10228000.0,60.1,8371700.0,59.07,11628700.0,66.0958904109591,-0.3660565723793696,1.3712544438801544,-0.00465425531914887,0.004384699121023941
KO,2024-05-20,59.79,59.87,59.34,59.45,59.45,11000900,Consumer Goods,59.884,59.887,59.29799999999999,57.828599999999994,59.60192069852047,58.89767908105424,0.7042416174662307,0.7401013765309207,59.88,11539000.0,60.41,10137600.0,59.24,9310700.0,62.25806451612919,-1.5891408707167543,0.3544902093180369,-0.007181028724114857,0.005096719882216034
KO,2024-05-21,59.68,59.84,59.32,59.77,59.77,9796200,Consumer Goods,59.848,59.915,59.40599999999999,57.88839999999999,59.62777905259425,58.962295445420594,0.6654836071736554,0.7251778226594676,59.45,11000900.0,59.95,10852200.0,59.49,9807000.0,64.22018348623864,-0.3002502085070913,0.4706673390485916,0.005382674516400288,0.005206485826423828
KO,2024-05-22,59.58,59.87,59.53,59.86,59.86,7419400,Consumer Goods,59.824,59.93000000000001,59.475,57.94519999999999,59.66350535219514,59.028792079093144,0.634713273101994,0.7070849127479729,59.77,9796200.0,59.98,9838900.0,59.71,10484400.0,64.54545454545467,-0.2000666888962943,0.25121420197622424,0.001505772126484839,0.005101101625230991
KO,2024-05-23,59.37,59.74,58.95,58.99,58.99,9834300,Consumer Goods,59.59000000000001,59.855000000000004,59.491499999999995,57.97280000000001,59.55988914416511,59.02591859175291,0.5339705524121996,0.6724620406808183,59.86,7419400.0,60.16,10228000.0,59.74,9113700.0,49.000000000000014,-1.9448138297872286,-1.2554402410445253,-0.014533912462412202,0.00691586683773159
KO,2024-05-24,59.11,59.3,58.88,58.91,58.91,8203100,Consumer Goods,59.396,59.736000000000004,59.504,58.001400000000004,59.45990619890894,59.01733202940085,0.4425741695080916,0.626484466446273,58.99,9834300.0,59.88,11539000.0,60.1,8371700.0,45.78005115089504,-1.6199064796259321,-1.980033277870219,-0.0013561620613664616,0.006430964828639656
KO,2024-05-28,58.71,59.03,58.34,58.73,58.73,12347000,Consumer Goods,59.251999999999995,59.568000000000005,59.4935,58.038199999999996,59.34761293753833,58.99604817537116,0.3515647621671718,0.5715005255904528,58.91,8203100.0,59.45,11000900.0,60.41,10137600.0,40.104166666666536,-1.2111017661900814,-2.780996523754342,-0.0030555084026481216,0.005922529619793208
KO,2024-05-29,58.4,58.79,58.02,58.62,58.62,11861800,Consumer Goods,59.022000000000006,59.435,59.489999999999995,58.068000000000005,59.235672485609356,58.96819275497329,0.2674797306360688,0.5106963665995761,58.73,12347000.0,59.77,9796200.0,59.95,10852200.0,35.388739946380554,-1.9240421616195547,-2.2185154295246146,-0.0018729780350758007,0.005677202961632859
KO,2024-05-30,58.76,58.98,58.53,58.88,58.88,9433800,Consumer Goods,58.826,59.325,59.492,58.1012,59.18095364166946,58.9616599583086,0.21929368336085986,0.4524158299518329,58.62,11861800.0,59.86,7419400.0,59.98,9838900.0,39.14141414141409,-1.6371533578349418,-1.8339446482160682,0.004435346298191867,0.0060136017321133235
KO,2024-05-31,58.9,59.88,58.61,59.79,59.79,19816600,Consumer Goods,58.986000000000004,59.288,59.536500000000004,58.1426,59.274653081412616,59.023018479915365,0.25163460149725125,0.4122595842609166,58.88,9433800.0,58.99,9834300.0,60.16,10228000.0,46.56319290465627,1.3561620613663283,-0.6150265957446721,0.01545516304347827,0.00806550057318529
KO,2024-06-03,59.58,59.94,59.33,59.79,59.79,9369000,Consumer Goods,59.162,59.278999999999996,59.572500000000005,58.1894,59.35393722273375,59.07983192584756,0.2741052968861908,0.3846287267859715,59.79,19816600.0,58.91,8203100.0,59.88,11539000.0,42.61904761904761,1.493804107961294,-0.1503006012024133,0.0,0.007938031104369279
KO,2024-06-04,60.05,60.78,59.8,60.75,60.75,11895600,Consumer Goods,59.565999999999995,59.40899999999999,59.648,58.255,59.56871611154394,59.20354807948848,0.36516803205546466,0.3807365878398702,59.79,9369000.0,58.73,12347000.0,59.45,11000900.0,58.51063829787233,3.4394687553209735,2.186711522287621,0.016056196688409408,0.008975406412896849
KO,2024-06-05,60.8,60.87,60.19,60.73,60.73,9632500,Consumer Goods,59.988,59.504999999999995,59.71,58.3218,59.74737517130641,59.31661859211896,0.43075657918745236,0.39074058610938667,60.75,11895600.0,58.62,11861800.0,59.77,9796200.0,57.99573560767592,3.5994541112248424,1.606156934917169,-0.0003292181069959321,0.008932121758177569
KO,2024-06-06,60.73,61.15,60.65,60.95,60.95,8658500,Consumer Goods,60.402,59.614,59.77199999999999,58.3904,59.932394375720804,59.43760980751755,0.4947845682032508,0.41154938252815954,60.73,9632500.0,58.88,9433800.0,59.86,7419400.0,58.350951374207256,3.515625,1.8209154694286633,0.0036225917997696477,0.008953894866138795
KO,2024-06-07,60.89,61.02,60.63,60.72,60.72,9523100,Consumer Goods,60.588,59.787,59.82099999999999,58.44520000000001,60.05356447176376,59.53260167362736,0.5209627981363951,0.4334320656498067,60.95,8658500.0,59.79,19816600.0,58.99,9834300.0,58.974358974358914,1.5554440541896586,2.9327004577046845,-0.0037735849056604875,0.0072520698266396325
KO,2024-06-10,60.75,60.8,60.21,60.42,60.42,15685300,Consumer Goods,60.714,59.938,59.837,58.49100000000001,60.109939168415494,59.5983348829883,0.5116042854271967,0.4490665096052847,60.72,9523100.0,59.79,9369000.0,58.91,8203100.0,60.65934065934062,1.0536879076768813,2.5632320488881533,-0.004940711462450564,0.007568501683954131
KO,2024-06-11,60.42,60.47,59.92,60.38,60.38,8396000,Consumer Goods,60.64,60.102999999999994,59.8355,58.54560000000001,60.151486988659265,59.65623600276694,0.4952509858923264,0.4583034048626931,60.42,15685300.0,60.75,11895600.0,58.73,12347000.0,57.142857142857125,-0.6090534979423801,2.809467052613668,-0.0006620324395895105,0.007407323248095307
KO,2024-06-12,60.51,60.51,59.56,59.74,59.74,9569600,Consumer Goods,60.44200000000001,60.214999999999996,59.825,58.5974,60.0881812980963,59.662440743302724,0.42574055479357753,0.45179083484887,60.38,8396000.0,60.73,9632500.0,58.62,11861800.0,48.75518672199173,-1.6301663098962527,1.9106107130672179,-0.010599536270288201,0.008458364707956925
KO,2024-06-13,59.72,59.89,59.33,59.85,59.85,9668900,Consumer Goods,60.222,60.312,59.81850000000001,58.6576,60.0515380214661,59.676334021576594,0.37520399988950714,0.4364734678569974,59.74,9569600.0,60.95,8658500.0,58.88,9433800.0,60.591133004926064,-1.8047579983593076,1.6474184782608647,0.0018413123535319098,0.008412523999135522
KO,2024-06-14,59.73,60.02,59.45,59.89,59.89,8179200,Consumer Goods,60.056,60.322,59.80499999999999,58.7286,60.02668601816362,59.69216113108944,0.33452488707418127,0.4160837517004342,59.85,9668900.0,60.72,9523100.0,59.79,19816600.0,62.18905472636818,-1.3669301712779913,0.16725204883760725,0.000668337510442818,0.006879554575704136
KO,2024-06-17,59.72,60.22,59.54,59.96,59.96,10532700,Consumer Goods,59.964,60.33900000000001,59.80899999999999,58.797,60.016426630753834,59.71200104730504,0.304425583448797,0.3937521180501068,59.89,8179200.0,60.42,15685300.0,59.79,9369000.0,65.72890025575448,-0.761337305527976,0.2843284830239101,0.0011688094840540675,0.0068859251602541695
KO,2024-06-18,59.87,60.15,59.78,59.97,59.97,10651700,Consumer Goods,59.882000000000005,60.261,59.835,58.870200000000004,60.009284072176314,59.731112080837995,0.2781719913383185,0.37063609270774917,59.96,10532700.0,60.38,8396000.0,60.75,11895600.0,67.71653543307085,-0.6790327923153372,-1.2839506172839577,0.00016677785190122307,0.004128789329851279
KO,2024-06-20,59.75,60.07,59.32,59.54,59.54,13306300,Consumer Goods,59.842,60.14200000000001,59.8235,58.9262,59.93708652261073,59.71695563040556,0.22013089220516946,0.34053505260723327,59.97,10651700.0,59.74,9569600.0,60.73,9632500.0,58.291457286432106,-0.33478406427854823,-1.9594928371480247,-0.0071702517925629206,0.004502866325752611
KO,2024-06-21,59.54,60.42,59.54,60.1,60.1,28278100,Consumer Goods,59.89200000000001,60.056999999999995,59.8355,59.008599999999994,59.96215013451677,59.74532928741255,0.21682084710421634,0.3157922115066299,59.54,13306300.0,59.85,9668900.0,60.95,8658500.0,54.26997245179066,0.41771094402673903,-1.3945857260049266,0.009405441719852137,0.005550141046201657
KO,2024-06-24,60.31,61.34,60.23,61.25,61.25,13212500,Consumer Goods,60.164,60.10999999999999,59.9485,59.111599999999996,60.16028088305265,59.856786377233846,0.3034945058188043,0.3133326703690648,60.1,28278100.0,59.89,8179200.0,60.72,9523100.0,65.27196652719664,2.2708298547336803,0.8728590250329349,0.019134775374376023,0.00843485703610137
KO,2024-06-25,61.22,61.34,60.81,61.12,61.12,10235300,Consumer Goods,60.396,60.17999999999999,60.05899999999999,59.2266,60.307929977967625,59.950357756698004,0.3575722212696206,0.322180580549176,61.25,13212500.0,59.96,10532700.0,60.42,15685300.0,54.683544303797426,1.9346230820546984,1.1585567692816934,-0.0021224489795919066,0.008263312910936658
KO,2024-06-26,60.7,61.38,60.54,61.33,61.33,9402500,Consumer Goods,60.66799999999999,60.275,60.18900000000001,59.3484,60.46517151981876,60.05255347842407,0.41261804139468694,0.3402680727182782,61.12,10235300.0,59.97,10651700.0,60.38,8396000.0,57.24637681159421,2.267800566950151,1.5733686651209,0.0034358638743454684,0.008263252432320399
KO,2024-06-27,61.33,61.54,60.91,61.19,61.19,8494100,Consumer Goods,60.998000000000005,60.42,60.317499999999995,59.468999999999994,60.57668359369279,60.13680877631859,0.43987481737420353,0.3601894216494633,61.33,9402500.0,59.54,13306300.0,59.74,9569600.0,52.95566502463048,2.7712462210278677,2.4271844660194164,-0.0022827327572150224,0.007257027528132008
KO,2024-06-28,61.18,61.34,60.82,60.94,60.94,17358800,Consumer Goods,61.166,60.528999999999996,60.420500000000004,59.57599999999999,60.63257842543236,60.19630442251721,0.4362740029151482,0.3754063379026003,61.19,8494100.0,60.1,28278100.0,59.85,9668900.0,52.69607843137254,1.3976705490848618,1.8212197159565457,-0.00408563490766467,0.007546227636226892
KO,2024-07-01,61.31,61.57,60.44,60.59,60.59,10033400,Consumer Goods,61.034000000000006,60.599000000000004,60.46049999999999,59.6684,60.62602789844276,60.225467057886306,0.4005608405564516,0.38043723843337063,60.94,17358800.0,61.25,13212500.0,59.89,8179200.0,52.05811138014529,-1.0775510204081629,1.168809484054112,-0.005743354118805333,0.00791924169966653
KO,2024-07-02,60.57,60.68,60.19,60.46,60.46,8878200,Consumer Goods,60.902,60.649,60.49399999999999,59.7342,60.60048514483618,60.24283986841325,0.35764527642292876,0.3758788460312823,60.59,10033400.0,61.12,10235300.0,59.96,10532700.0,50.94786729857818,-1.0798429319371694,0.8338892595063374,-0.0021455685756726073,0.007989307878537136
KO,2024-07-03,60.5,60.96,60.25,60.64,60.64,9154200,Consumer Goods,60.763999999999996,60.71600000000001,60.4885,59.79639999999999,60.606564353322916,60.27225913741968,0.33430521590323536,0.3675641200056729,60.46,8878200.0,61.33,9402500.0,59.97,10651700.0,61.96808510638297,-1.1250611446274261,1.117225279306333,0.0029771749917300028,0.008011640226836926
KO,2024-07-05,60.64,61.08,60.32,61.05,61.05,11735500,Consumer Goods,60.736000000000004,60.867,60.50449999999999,59.8652,60.67478522204247,60.329869571684895,0.3449156503575779,0.3630344260760539,60.64,9154200.0,61.19,8494100.0,59.54,13306300.0,64.77832512315268,-0.22879555482921976,2.53611017803157,0.006761213720316572,0.007606996056617355
KO,2024-07-08,60.89,60.89,60.17,60.28,60.28,11235100,Consumer Goods,60.604,60.88499999999999,60.471000000000004,59.901199999999996,60.61404903403594,60.32617552933787,0.2878735046980765,0.34800224180045847,61.05,11735500.0,60.94,17358800.0,60.1,28278100.0,54.07098121085596,-1.0830324909747224,0.299500831946764,-0.012612612612612595,0.008527719417629516
KO,2024-07-09,60.38,60.54,59.93,60.02,60.02,11657500,Consumer Goods,60.489999999999995,60.761999999999986,60.436,59.92839999999999,60.5226568749535,60.303495860498025,0.21916101445547298,0.32223399633146144,60.28,11235100.0,60.59,10033400.0,61.25,13212500.0,50.60240963855424,-0.9407492985641253,-2.0081632653061177,-0.00431320504313204,0.005452167637897625
KO,2024-07-10,60.05,60.19,59.64,60.16,60.16,11930400,Consumer Goods,60.42999999999999,60.66600000000001,60.423,59.958400000000005,60.46686350957604,60.29286653749817,0.17399697207786602,0.2925865914807424,60.02,11657500.0,60.46,8878200.0,61.12,10235300.0,51.85909980430526,-0.49619583195501527,-1.5706806282722474,0.0023325558147282432,0.005621620162696622
KO,2024-07-11,59.98,60.76,59.75,60.42,60.42,11431600,Consumer Goods,60.386,60.575,60.425,59.988,60.459653738872035,60.30228383101682,0.15736990785521243,0.2655432547556364,60.16,11930400.0,60.64,9154200.0,61.33,9402500.0,58.90688259109315,-0.36279683377308247,-1.4837762921897868,0.0043218085106384585,0.005715432951856051
KO,2024-07-12,60.76,61.38,60.69,60.99,60.99,9201500,Consumer Goods,60.374,60.55499999999999,60.4875,60.034,60.541245471353264,60.353225769460025,0.18801970189323924,0.25003854418315696,60.42,11431600.0,61.05,11735500.0,61.19,8494100.0,58.98989898989901,-0.09828009828009021,-0.32685079261316474,0.009433962264151052,0.006655950229255325
KO,2024-07-15,61.08,61.22,60.66,60.71,60.71,8207500,Consumer Goods,60.46,60.532000000000004,60.530499999999996,60.071400000000004,60.567207706529686,60.37965349024076,0.18755421628892321,0.23754167860431022,60.99,9201500.0,60.28,11235100.0,60.94,17358800.0,43.38235294117647,0.713337757133381,-0.3774204135214898,-0.0045909165436957,0.006689652203730849
KO,2024-07-16,60.73,61.57,60.69,61.54,61.54,9025100,Consumer Goods,60.763999999999996,60.626999999999995,60.613000000000014,60.1242,60.71686805937127,60.46560508355626,0.2512629758150098,0.24028593804645015,60.71,8207500.0,60.02,11657500.0,60.59,10033400.0,54.39330543933057,2.532489170276575,1.5679154976068643,0.013671553286114246,0.007694813355280769
KO,2024-07-17,61.73,62.61,61.67,62.44,62.44,12508200,Consumer Goods,61.220000000000006,60.825,60.737,60.1916,60.98196528100646,60.61185655884839,0.3701087221580721,0.26625049486877456,61.54,9025100.0,60.16,11930400.0,60.46,8878200.0,60.14625228519198,3.7898936170212894,3.2748924909030697,0.0146246343841403,0.008569515717100693
KO,2024-07-18,62.04,63.01,61.97,62.42,62.42,11128200,Consumer Goods,61.620000000000005,61.003,60.859500000000004,60.2552,61.20320139162085,60.7457931100448,0.4574082815760505,0.3044820522102297,62.44,12508200.0,60.42,11431600.0,60.64,9154200.0,61.49532710280382,3.310162197947708,2.9353562005277167,-0.00032030749519529333,0.008644746237610896
KO,2024-07-19,62.85,62.85,62.06,62.51,62.51,13775700,Consumer Goods,61.924,61.149,61.008,60.315599999999996,61.404247331371494,60.876475101893334,0.5277722294781597,0.34914008766381577,62.42,11128200.0,60.99,9201500.0,61.05,11735500.0,65.12524084778428,2.492211838006231,2.3914823914823913,0.0014418455623197435,0.008545959513281728
KO,2024-07-22,62.47,62.51,61.58,62.02,62.02,11794200,Consumer Goods,62.186,61.323,61.104,60.361799999999995,61.49897851116049,60.96118064990123,0.5377978612592571,0.38687164238290406,62.51,13775700.0,60.71,8207500.0,60.28,11235100.0,63.41463414634152,2.157799374073477,2.8865295288653003,-0.007838745800671787,0.007706313518954614
KO,2024-07-23,62.65,63.23,62.09,62.2,62.2,11810300,Consumer Goods,62.318000000000005,61.54100000000001,61.1515,60.411,61.60682797098195,61.05294504620484,0.5538829247771133,0.42027389886174593,62.02,11794200.0,61.54,9025100.0,60.02,11657500.0,66.17100371747222,1.0724731881702976,3.6321226257914008,0.00290228958400518,0.007284614700462808
KO,2024-07-24,62.32,63.16,62.07,63.01,63.01,13244600,Consumer Goods,62.432,61.826,61.246,60.4692,61.822700590830884,61.1979120798193,0.6247885110115874,0.4611768212917143,62.2,11810300.0,62.44,12508200.0,60.16,11930400.0,69.71713810316147,0.912876361306858,4.737367021276606,0.013022508038585068,0.00784138465671015
KO,2024-07-25,63.23,64.04,63.06,63.26,63.26,16328600,Consumer Goods,62.6,62.11,61.342499999999994,60.526199999999996,62.0438235768569,61.35065933316602,0.6931642436908803,0.5075743057715475,63.01,13244600.0,62.42,11128200.0,60.42,11431600.0,68.88888888888899,1.3457225248317828,4.700430321085736,0.003967624186637098,0.007843915885726534
KO,2024-07-26,63.26,64.26,63.2,64.2,64.2,13530100,Consumer Goods,62.938,62.431,61.49300000000001,60.6112,62.37554302657122,61.56172160478335,0.8138214217878712,0.5688237289748123,63.26,16328600.0,62.51,13775700.0,60.99,9201500.0,82.55813953488384,2.70356742921134,5.263157894736836,0.0148593107809043,0.008382155492189755
KO,2024-07-29,64.04,64.18,63.57,63.99,63.99,12140200,Consumer Goods,63.33200000000001,62.75899999999999,61.645500000000006,60.6914,62.623921022483344,61.741594078503105,0.8823269439802388,0.6315243719758976,64.2,13530100.0,62.02,11794200.0,60.71,8207500.0,83.24958123953107,3.1763947113834234,5.402734310657231,-0.003271028037383217,0.008220134650107352
KO,2024-07-30,63.65,64.94,63.54,64.8,64.8,13258000,Consumer Goods,63.852,63.085,61.85600000000001,60.7842,62.958702403639755,61.96814266528065,0.9905597383591029,0.7033314452525388,63.99,12140200.0,62.2,11810300.0,61.54,9025100.0,84.93975903614465,4.1800643086816525,5.297367565810851,0.012658227848101111,0.008111073012680681
KO,2024-07-31,64.63,64.73,63.78,63.9,63.9,15576800,Consumer Goods,64.03,63.23100000000001,62.028,60.8646,63.103517418464406,62.111243208593194,0.9922742098712121,0.7611199981762735,64.8,13258000.0,63.01,13244600.0,62.44,12508200.0,73.90109890109895,1.4124742104427934,2.338244714926341,-0.01388888888888884,0.009348973595030766
KO,2024-08-01,64.15,65.21,63.86,65.07,65.07,16495900,Consumer Goods,64.39200000000001,63.496,62.2495,60.977000000000004,63.406053200239114,62.33041037832703,1.0756428219120835,0.8240245629234355,63.9,15576800.0,63.26,16328600.0,62.42,11128200.0,75.88832487309648,2.8612077141953796,4.2454341557192965,0.018309859154929553,0.010537687230473757
KO,2024-08-02,65.62,66.71,64.81,66.38,66.38,22514800,Consumer Goods,64.828,63.882999999999996,62.516,61.1092,63.8635834771254,62.630379979932435,1.2332034971929673,0.9058603497773419,65.07,16495900.0,64.2,13530100.0,62.51,13775700.0,81.81818181818187,3.3956386292834706,6.191009438489847,0.020132165360381205,0.011595353608499177
KO,2024-08-05,66.06,66.59,64.85,65.2,65.2,25484300,Consumer Goods,65.07000000000001,64.201,62.762,61.216,64.06918601910611,62.82072220364115,1.2484638154649659,0.9743810429148667,66.38,22514800.0,63.99,12140200.0,62.02,11794200.0,69.76241900647956,1.89092045632131,5.127378265075788,-0.017776438686351148,0.013231689301238166
KO,2024-08-06,65.25,65.91,64.89,65.16,65.16,12969100,Consumer Goods,65.142,64.49699999999999,63.019000000000005,61.3394,64.23700355462825,62.99400204040847,1.2430015142197774,1.028105137175849,65.2,25484300.0,64.8,13258000.0,62.2,11810300.0,66.19047619047623,0.5555555555555536,4.758842443729883,-0.0006134969325154449,0.013342568179734216
KO,2024-08-07,65.16,66.24,64.94,65.55,65.55,13365300,Consumer Goods,65.47200000000001,64.751,63.2885,61.4722,64.43900300776237,63.183335222600434,1.2556677851619327,1.0736176667730657,65.16,12969100.0,63.9,15576800.0,63.01,13244600.0,67.84492588369443,2.5821596244131495,4.031106173623233,0.005985267034990693,0.013039322511141828
KO,2024-08-08,65.11,65.93,64.96,65.81,65.81,15240900,Consumer Goods,65.61999999999999,65.006,63.55799999999999,61.6138,64.64992562195278,63.377902983889285,1.2720226380634898,1.1132986610311506,65.55,13365300.0,65.07,16495900.0,63.26,16328600.0,68.45637583892622,1.1372368218841356,4.030983243755926,0.003966437833714753,0.013039323210393021
KO,2024-08-09,65.78,65.86,65.35,65.76,65.76,12080400,Consumer Goods,65.49600000000001,65.16199999999999,63.7965,61.7566,64.8207062954985,63.5543546147123,1.2663516807861939,1.1439092649821594,65.81,15240900.0,66.38,22514800.0,64.2,13530100.0,72.00000000000003,-0.9340162699608134,2.4299065420560817,-0.0007597629539582984,0.01252410879216697
KO,2024-08-12,65.54,65.62,64.94,65.27,65.27,11012300,Consumer Goods,65.50999999999999,65.29,64.0245,61.8844,64.88982840388334,63.68143945806695,1.2083889458163952,1.1568052011490066,65.76,12080400.0,65.2,25484300.0,63.99,12140200.0,67.42338251986375,0.10736196319016678,2.0003125488357476,-0.007451338199513491,0.01280382390406005
KO,2024-08-13,65.18,65.69,65.12,65.55,65.55,9877600,Consumer Goods,65.588,65.365,64.225,61.9996,64.99139326482437,63.81985135006199,1.1715419147623791,1.1597525438716811,65.27,11012300.0,65.16,12969100.0,64.8,13258000.0,65.33816425120771,0.5985267034990693,1.157407407407418,0.004289872835912423,0.012297355520688532
KO,2024-08-14,65.33,65.96,65.23,65.66,65.66,14328000,Consumer Goods,65.61,65.541,64.386,62.117,65.09425583946677,63.956158657464805,1.1380971820019639,1.1554214714977378,65.55,9877600.0,65.55,13365300.0,63.9,15576800.0,64.74201474201473,0.16781083142638487,2.7543035993740084,0.0016781083142638487,0.011099261547993946
KO,2024-08-15,65.7,65.99,65.59,65.73,65.73,11285100,Consumer Goods,65.59400000000001,65.607,64.5515,62.2166,65.19206263339495,64.0875543124674,1.1045083209275504,1.1452388413837005,65.66,14328000.0,65.81,15240900.0,65.07,16495900.0,60.522696011004115,-0.12156207263334107,1.0142923005993731,0.0010660980810235365,0.009664557474289553
KO,2024-08-16,65.91,66.35,65.72,66.24,66.24,12651200,Consumer Goods,65.69,65.593,64.738,62.326800000000006,65.3532837667188,64.24699473376612,1.106289032952688,1.137448879697498,65.73,11285100.0,65.76,12080400.0,66.38,22514800.0,64.8612945838837,0.7299270072992581,-0.21090689966857257,0.007759014148790433,0.007499979571312462
KO,2024-08-19,66.4,66.47,65.92,66.05,66.05,9843900,Consumer Goods,65.84599999999999,65.678,64.9395,62.4288,65.46047087953129,64.38055067941306,1.0799202001182238,1.1259431437816432,66.24,12651200.0,65.27,11012300.0,65.2,25484300.0,58.992805755395686,1.1950360042898733,1.303680981595079,-0.0028683574879226903,0.004494224032204355
KO,2024-08-20,66.06,66.44,65.84,66.43,66.43,11957400,Consumer Goods,66.022,65.805,65.151,62.543,65.60962920575724,64.53236174019729,1.077267465559956,1.1162080081373058,66.05,9843900.0,65.55,9877600.0,65.16,12969100.0,69.67340590979785,1.3424866514111455,1.9490484960098309,0.005753217259651944,0.004640792579058096
KO,2024-08-21,66.52,67.15,66.38,66.61,66.61,8792400,Consumer Goods,66.212,65.911,65.33099999999999,62.666799999999995,65.76353240487151,64.68626087055304,1.07727153431847,1.1084207133735386,66.43,11957400.0,65.66,14328000.0,65.55,13365300.0,64.15441176470591,1.4468473956746886,1.6170861937452319,0.002709619147975184,0.004434710316852073
KO,2024-08-22,66.95,66.95,65.86,66.38,66.38,12509200,Consumer Goods,66.34200000000001,65.968,65.487,62.78679999999999,65.85837357335282,64.81172302828985,1.046650545062974,1.0960666797114258,66.61,8792400.0,65.73,11285100.0,65.81,15240900.0,50.0,0.9888939601399471,0.8661297675125246,-0.003452934994745638,0.004614462459047222
KO,2024-08-23,66.45,66.88,66.01,66.82,66.82,11834700,Consumer Goods,66.458,66.074,65.618,62.9284,66.0063161005293,64.96048428545356,1.0458318150757435,1.0860197067842894,66.38,12509200.0,66.24,12651200.0,65.76,12080400.0,72.37569060773455,0.8756038647342868,1.6119221411192042,0.006628502561012217,0.004906347063113039
KO,2024-08-26,66.86,67.9,66.76,67.83,67.83,12912200,Consumer Goods,66.814,66.33000000000001,65.80999999999999,63.088,66.28688285429402,65.1730410050496,1.113841849244423,1.0915841352763163,66.82,11834700.0,66.05,9843900.0,65.27,11012300.0,79.08496732026134,2.694928084784265,3.922169449977031,0.015115234959593105,0.005436046437469519
KO,2024-08-27,68.29,68.49,68.03,68.46,68.46,16988400,Consumer Goods,67.22,66.621,65.993,63.25940000000001,66.62120856901802,65.41651944912,1.2046891198980205,1.1142051322006572,67.83,12912200.0,66.43,11957400.0,65.55,9877600.0,80.12422360248436,3.0558482613276983,4.439359267734555,0.009287925696594312,0.005702402973031909
KO,2024-08-28,68.56,68.76,68.27,68.7,68.7,13272600,Consumer Goods,67.63799999999999,66.925,66.233,63.434200000000004,66.94102263532295,65.65974023066667,1.281282404656281,1.1476205866917821,68.46,16988400.0,66.61,8792400.0,65.66,14328000.0,80.04158004157995,3.1376670169644294,4.629911666159003,0.0035056967572306696,0.00563552170901752
KO,2024-08-29,68.84,69.15,68.2,68.99,68.99,17201700,Consumer Goods,68.16,67.251,66.429,63.6146,67.25624992219635,65.90642613950618,1.3498237826901658,1.188061225891459,68.7,13272600.0,66.38,12509200.0,65.73,11285100.0,81.9801980198018,3.9319072009641465,4.959683553932748,0.004221251819505056,0.005505597286883407
KO,2024-08-30,69.13,69.48,68.73,69.39,69.39,18624200,Consumer Goods,68.674,67.566,66.57950000000001,63.8116,67.58451916493537,66.16446864769091,1.4200505172444622,1.2344590841620597,68.99,17201700.0,66.82,11834700.0,66.24,12651200.0,91.53225806451611,3.8461538461538547,4.755434782608714,0.005797941730685707,0.005425438966362391
KO,2024-09-03,69.36,70.17,69.18,69.9,69.9,14755800,Consumer Goods,69.088,67.951,66.8145,64.0076,67.94074698571455,66.44117467378788,1.49957231192667,1.2874817297149819,69.39,18624200.0,67.83,12912200.0,66.05,9843900.0,91.90751445086704,3.0517470145953185,5.828917486752472,0.007349762213575417,0.004770693809072093
KO,2024-09-04,70.18,70.4,68.85,69.47,69.47,18140800,Consumer Goods,69.29,68.255,67.03,64.172,68.17601668022,66.66553210535915,1.510484574860854,1.3320822987441563,69.9,14755800.0,68.46,16988400.0,66.43,11957400.0,84.57350272232294,1.4753140520011865,4.576245672136081,-0.006151645207439271,0.006063756418543277
KO,2024-09-05,69.53,69.59,67.96,68.14,68.14,23866100,Consumer Goods,69.178,68.40799999999999,67.15950000000001,64.31240000000001,68.17047565249385,66.77475194940662,1.3957237030872278,1.3448105796127707,69.47,18140800.0,68.7,13272600.0,66.61,8792400.0,67.79911373707529,-0.8151382823871955,2.2969524095481253,-0.019144954656686308,0.009655672397265197
KO,2024-09-06,67.97,68.62,67.87,68.11,68.11,17485700,Consumer Goods,69.002,68.58099999999999,67.2745,64.448,68.16117170595633,66.87365921241354,1.287512493542792,1.333350962398775,68.14,23866100.0,68.99,17201700.0,66.38,12509200.0,64.86486486486484,-1.2755471807508245,2.606206688761681,-0.00044027003228652717,0.00950145499451924
KO,2024-09-09,68.2,69.23,67.96,68.79,68.79,12939300,Consumer Goods,68.882,68.77799999999999,67.426,64.6,68.25791452042459,67.01561038186439,1.2423041385602005,1.31514159763106,68.11,17485700.0,69.39,18624200.0,66.82,11834700.0,70.2064896755162,-0.8646779074794608,2.94821909607903,0.009983849654970012,0.009715689948762343
KO,2024-09-10,68.91,69.34,68.48,68.51,68.51,10277600,Consumer Goods,68.604,68.846,67.588,64.7514,68.29669690189773,67.12630590913369,1.170390992764041,1.2861914766576563,68.79,12939300.0,69.9,14755800.0,67.83,12912200.0,65.56886227544905,-1.9885550786838402,1.0025062656641603,-0.004070359063817475,0.00890774077869604
KO,2024-09-11,68.32,68.33,67.57,68.06,68.06,11418200,Consumer Goods,68.322,68.80600000000001,67.7135,64.9008,68.26028199391347,67.19546843438305,1.0648135595304211,1.2419158932322092,68.51,10277600.0,69.47,18140800.0,68.46,16988400.0,60.431654676258965,-2.0296530876637298,-0.5842827928717376,-0.006568384177492392,0.00868366775466142
KO,2024-09-12,67.98,68.34,67.65,68.2,68.2,12337800,Consumer Goods,68.334,68.756,67.84049999999999,65.0556,68.2510078410037,67.2698781799843,0.9811296610193949,1.1897586467896464,68.06,11418200.0,68.14,23866100.0,68.7,13272600.0,63.26530612244898,0.08805400645730543,-0.727802037845704,0.0020570085218925005,0.008620310389208142
KO,2024-09-13,68.29,68.9,67.94,68.84,68.84,11073800,Consumer Goods,68.48,68.741,67.99600000000001,65.2196,68.34162201931082,67.38618349998546,0.9554385193253552,1.1428946212967883,68.2,12337800.0,68.11,17485700.0,68.99,17201700.0,64.3059490084986,1.0717956247247251,-0.21742281490070292,0.009384164222873803,0.009089423205396005
KO,2024-09-16,69.19,69.64,69.04,69.51,69.51,10786500,Consumer Goods,68.624,68.753,68.15950000000001,65.3888,68.52137247787839,67.54350324072728,0.9778692371511113,1.1098895444676529,68.84,11073800.0,68.79,12939300.0,69.39,18624200.0,62.5,1.0466637592673411,0.17293558149589217,0.009732713538640247,0.009454796895883272
KO,2024-09-17,69.31,69.75,69.14,69.22,69.22,12974400,Consumer Goods,68.766,68.685,68.31800000000001,65.5676,68.62885363512787,67.6676881858586,0.9611654492692736,1.080144725427977,69.51,10786500.0,68.51,10277600.0,69.9,14755800.0,55.95611285266459,1.036345059115451,-0.9728183118741129,-0.004172061573874397,0.009186724422996008
KO,2024-09-18,69.3,69.78,68.71,69.17,69.17,10719700,Consumer Goods,68.988,68.655,68.455,65.7506,68.71210692203127,67.77897054246166,0.9331363795696035,1.0507430562563025,69.22,12974400.0,68.06,11418200.0,69.47,18140800.0,53.79644588045232,1.6309138995004302,-0.4318410824816432,-0.0007223345853799579,0.009003027988114596
KO,2024-09-19,68.99,69.35,68.06,68.08,68.08,13635600,Consumer Goods,68.964,68.649,68.52850000000001,65.90899999999999,68.61485970325722,67.80126902079783,0.8135906824593917,1.0033125814969204,69.17,10719700.0,68.2,12337800.0,68.14,23866100.0,43.49070100143067,-0.17595307917889214,-0.08805400645729433,-0.015758276709556207,0.008251736034804672
KO,2024-09-20,67.88,69.22,67.85,69.06,69.06,48578500,Consumer Goods,69.00800000000001,68.744,68.6625,66.08179999999999,68.68334282583304,67.89450835259059,0.7888344732424457,0.9604169598460255,68.08,13635600.0,68.84,11073800.0,68.11,17485700.0,47.820343461030404,0.31958163858221145,1.3948025253266882,0.014394829612220938,0.009425335323853338
KO,2024-09-23,68.98,69.6,68.62,69.15,69.15,11613000,Consumer Goods,68.93599999999999,68.78,68.779,66.245,68.75513623724333,67.98750773388018,0.7676285033631558,0.9218592685494515,69.06,48578500.0,69.51,10786500.0,68.79,12939300.0,44.75524475524478,-0.5179110919292129,0.5233318796336706,0.0013032145960034658,0.008936675073438956
KO,2024-09-24,68.66,69.24,68.06,68.76,68.76,13330600,Consumer Goods,68.84400000000001,68.80499999999999,68.8255,66.406,68.75588450843667,68.04472938322239,0.711155125214276,0.8797184398824165,69.15,11613000.0,69.22,12974400.0,68.51,10277600.0,45.007032348804564,-0.6645478185495435,0.3649102320829156,-0.00563991323210411,0.009040179967261629
KO,2024-09-25,69.13,69.33,68.75,68.88,68.88,12329100,Consumer Goods,68.786,68.887,68.8465,66.55279999999999,68.7749791994464,68.10660128076147,0.6683779186849392,0.837450335642921,68.76,13330600.0,69.17,10719700.0,68.06,11418200.0,56.2711864406779,-0.4192569032817839,1.2048192771084265,0.0017452006980800405,0.00870405447259036
KO,2024-09-26,68.31,69.03,68.29,68.83,68.83,10815200,Consumer Goods,68.936,68.95,68.853,66.6806,68.78344393799311,68.16018637107544,0.6232575669176725,0.7946117818978714,68.88,12329100.0,68.08,13635600.0,68.2,12337800.0,56.08108108108105,1.1016451233842428,0.9237536656891532,-0.0007259001161439294,0.008719237248907294
KO,2024-09-27,68.97,69.6,68.89,69.21,69.21,11175700,Consumer Goods,68.966,68.987,68.864,66.81639999999999,68.84906794753263,68.23795034358837,0.6111176039442654,0.7579129463071503,68.83,10815200.0,69.06,48578500.0,68.84,11073800.0,53.73665480427036,0.2172024326672295,0.5374782103428011,0.005520848467237993,0.008383337067494933
KO,2024-09-30,69.41,69.6,69.11,69.28,69.28,18015300,Consumer Goods,68.99199999999999,68.964,68.85849999999999,66.9518,68.91536518637376,68.31513920702626,0.6002259793474991,0.7263755529152202,69.21,11175700.0,69.15,11613000.0,69.51,10786500.0,57.11645101663581,0.18799710773680367,-0.3308876420658913,0.0010114145354718218,0.007753985863310617
KO,2024-10-01,69.51,70.13,69.05,69.13,69.13,13294500,Consumer Goods,69.066,68.95500000000001,68.82000000000001,67.09400000000001,68.94838592693164,68.37549926576506,0.5728866611665779,0.6956777745654917,69.28,18015300.0,68.76,13330600.0,69.22,12974400.0,60.46966731898229,0.538103548574731,-0.13002022536839908,-0.002165127020785307,0.007668253322685016
KO,2024-10-02,68.82,68.86,67.88,68.46,68.46,11155500,Consumer Goods,68.982,68.88399999999999,68.76950000000001,67.2192,68.87324963048061,68.3817585794121,0.49149105106852176,0.6548404298660977,69.13,13294500.0,68.88,12329100.0,69.17,10719700.0,52.304964539007,-0.6097560975609762,-1.026456556310551,-0.009691884854621802,0.008251100892597119
KO,2024-10-03,68.31,68.44,67.67,67.98,67.98,9374800,Consumer Goods,68.812,68.874,68.7615,67.3186,68.73582661040668,68.35199868464083,0.3838279257658428,0.6006379290460467,68.46,11155500.0,68.83,10815200.0,68.08,13635600.0,42.15328467153286,-1.2349266308295692,-0.1468860164512309,-0.007011393514460895,0.006859017612689075
KO,2024-10-04,67.44,67.75,67.21,67.65,67.65,12684800,Consumer Goods,68.5,68.73299999999999,68.7385,67.40639999999999,68.5687763626518,68.29999878207484,0.2687775805769661,0.5342658593522306,67.98,9374800.0,69.21,11175700.0,69.06,48578500.0,31.906614785992232,-2.254009536194179,-2.041702867072104,-0.004854368932038833,0.004688874329168405
KO,2024-10-07,67.53,67.58,66.39,66.53,66.53,14512000,Consumer Goods,67.95,68.471,68.6255,67.453,68.25511846070538,68.1688877611804,0.08623069952497531,0.4446588273867796,67.65,12684800.0,69.28,18015300.0,69.15,11613000.0,27.470686767169184,-3.969399538106233,-3.7888647866956005,-0.016555801921655622,0.006369383588807769
KO,2024-10-08,66.56,66.94,66.38,66.69,66.69,13549700,Consumer Goods,67.462,68.264,68.53450000000001,67.507,68.01433100521224,68.05934051961148,-0.04500951439923995,0.34672515902957574,66.53,14512000.0,69.13,13294500.0,68.76,13330600.0,29.605263157894697,-3.5295819470562706,-3.010471204188492,0.002404930106718828,0.006619463929850958
KO,2024-10-09,66.7,67.23,66.59,67.07,67.07,9037700,Consumer Goods,67.184,68.083,68.485,67.55239999999999,67.86904931210266,67.9860560366773,-0.11700672457463668,0.2539787823087333,66.69,13549700.0,68.46,11155500.0,68.88,12329100.0,40.59590316573551,-2.0303827052293277,-2.6277584204413507,0.005698005698005604,0.007041040462039203
KO,2024-10-10,67.32,67.4,66.51,66.76,66.76,8635200,Consumer Goods,66.94,67.876,68.413,67.6096,67.69842634100993,67.8952370709975,-0.19681072998756122,0.16382087984947438,67.07,9037700.0,67.98,9374800.0,68.83,10815200.0,25.531914893616914,-1.7946454839658732,-3.007409559784968,-0.004622036678097352,0.007031333838058502
KO,2024-10-11,66.96,67.09,66.52,67.07,67.07,8786300,Consumer Goods,66.824,67.662,68.3245,67.6496,67.60174536546994,67.83410839907175,-0.2323630336018141,0.08458409715921669,66.76,8635200.0,67.65,12684800.0,69.21,11175700.0,28.86178861788588,-0.857354028085755,-3.09203872272793,0.004643499101258053,0.006917382078803552
KO,2024-10-14,67.07,67.94,66.97,67.81,67.81,7659300,Consumer Goods,67.08,67.515,68.23949999999999,67.6782,67.63378454001302,67.8323225917331,-0.1985380517200781,0.027959667383357728,67.07,8786300.0,66.53,14512000.0,69.28,18015300.0,40.986717267552095,1.9239440853750178,-2.1218244803695163,0.011033248844490862,0.0081903669768023
KO,2024-10-15,67.93,68.65,67.64,67.81,67.81,10358700,Consumer Goods,67.304,67.383,68.169,67.7304,67.66089461078025,67.83066906641953,-0.16977445563928484,-0.011587157221170784,67.81,7659300.0,66.69,13549700.0,69.13,13294500.0,39.61165048543691,1.6794122057280036,-1.9094459713583034,0.0,0.008217382303555072
KO,2024-10-16,67.57,68.16,67.45,68.03,68.03,7937300,Consumer Goods,67.49600000000001,67.34,68.112,67.7878,67.7176800552756,67.84543432075883,-0.1277542654832331,-0.034820578873583245,67.81,10358700.0,67.07,9037700.0,68.46,11155500.0,42.4812030075188,1.4313403906366595,-0.6281040023371154,0.0032443592390503095,0.007864338057462422
KO,2024-10-17,68.09,68.15,67.08,67.39,67.39,14674600,Consumer Goods,67.622,67.281,68.0775,67.8246,67.66726773907935,67.81169844514706,-0.14443070606770902,-0.05674260431240841,68.03,7937300.0,66.76,8635200.0,67.98,9374800.0,33.69175627240145,0.9436788496105297,-0.8679023242130102,-0.009407614287814225,0.00811387604251901
KO,2024-10-18,67.36,68.01,67.11,67.91,67.91,15087500,Consumer Goods,67.78999999999999,67.307,68.02,67.8666,67.70461116383638,67.81898004180283,-0.11436887796645578,-0.06826785904321789,67.39,14674600.0,67.07,8786300.0,67.65,12684800.0,38.64013266998333,1.252422841807066,0.38433111603841663,0.007716278379581443,0.00839210710082149
KO,2024-10-21,67.48,67.8,66.82,66.95,66.95,11981200,Consumer Goods,67.61800000000001,67.349,67.91,67.8904,67.58851713863078,67.75461114981744,-0.166094011186658,-0.08783308947190592,67.91,15087500.0,67.81,7659300.0,66.53,14512000.0,34.064327485380076,-1.2682495207196554,0.631294153013684,-0.01413635694301274,0.007866901819498867
KO,2024-10-22,66.52,67.24,66.21,66.95,66.95,18603300,Consumer Goods,67.446,67.375,67.81949999999999,67.924,67.49028373268759,67.69501032390504,-0.20472659121745096,-0.11121178982101493,66.95,11981200.0,67.81,10358700.0,66.69,13549700.0,37.76337115072933,-1.2682495207196554,0.3898635477582957,0.0,0.00784427174803349
KO,2024-10-23,64.58,66.23,64.19,65.56,65.56,24655200,Consumer Goods,66.95200000000001,67.224,67.6535,67.9242,67.1933170045818,67.53686141102318,-0.3435444064413815,-0.15767831314508823,66.95,18603300.0,68.03,7937300.0,67.07,9037700.0,32.909604519773936,-3.630751139203292,-2.2513791561055485,-0.02076176250933537,0.010024576227861844
KO,2024-10-24,65.22,65.59,64.54,64.88,64.88,17568800,Consumer Goods,66.45,67.036,67.456,67.9086,66.83742208079998,67.3400568620585,-0.5026347812585215,-0.2266696067677749,65.56,24655200.0,67.39,14674600.0,66.76,8635200.0,31.35935397039019,-3.7245882178364775,-2.8160575194727477,-0.010372178157413203,0.010337133858078532
KO,2024-10-25,64.66,65.26,64.39,64.51,64.51,11138100,Consumer Goods,65.77000000000001,66.78,67.221,67.8842,66.47935714529228,67.13042302042454,-0.6510658751322609,-0.3115488604406721,64.88,17568800.0,67.91,15087500.0,67.07,8786300.0,34.88023952095804,-5.006626417317028,-3.816907708364381,-0.005702836004932044,0.010021860998070791
KO,2024-10-28,64.55,64.98,64.2,64.27,64.27,10761400,Consumer Goods,65.234,66.426,66.9705,67.84479999999999,66.13945604601655,66.91853983372643,-0.7790837877098795,-0.4050558458945136,64.51,11138100.0,66.95,11981200.0,67.81,7659300.0,32.100591715976265,-4.002987303958183,-5.22046895738093,-0.003720353433576351,0.008570050920983204
KO,2024-10-29,63.91,63.95,63.16,63.2,63.2,16525900,Consumer Goods,64.484,65.965,66.674,67.7878,65.68723203893708,66.64309243863558,-0.9558603996984942,-0.5152167566553097,64.27,10761400.0,66.95,18603300.0,67.81,10358700.0,24.026845637583875,-5.601194921583275,-6.7984073145553765,-0.0166485140812197,0.009027893333681695
KO,2024-10-30,63.15,64.15,62.97,63.55,63.55,14177800,Consumer Goods,64.082,65.51700000000001,66.4285,67.7302,65.35842710986984,66.41397448021813,-1.0555473703482932,-0.6232828793939065,63.2,16525900.0,65.56,24655200.0,68.03,7937300.0,28.57142857142847,-3.065893837705924,-6.585330001469947,0.005537974683544222,0.009340216315653202
KO,2024-10-31,63.44,63.62,62.91,62.96,62.96,13383700,Consumer Goods,63.698,65.074,66.1775,67.6572,64.98943832373601,66.15812451872048,-1.168686194984474,-0.7323635425120201,63.55,14177800.0,64.88,17568800.0,67.39,14674600.0,23.552123552123575,-2.95930949445129,-6.573675619528119,-0.009284028324154203,0.009336389447716826
KO,2024-11-01,63.12,63.3,62.56,62.67,62.67,12163100,Consumer Goods,63.33,64.55,65.9285,67.583,64.63260165854585,65.89974492474119,-1.2671432661953332,-0.8393194872486827,62.96,13383700.0,64.51,11138100.0,67.91,15087500.0,14.89071038251356,-2.8522709657417544,-7.716094831394482,-0.0046060991105463245,0.007923022132341181
KO,2024-11-04,62.74,63.07,62.32,62.77,62.77,10984500,Consumer Goods,63.03000000000001,64.13199999999999,65.74050000000001,67.502,64.34604755723112,65.66791196735295,-1.321864410121833,-0.9358284718233127,62.67,12163100.0,64.27,10761400.0,66.95,11981200.0,16.03773584905653,-2.3339038431616554,-6.243465272591486,0.0015956598053294968,0.008121838719035638
KO,2024-11-05,62.31,63.12,62.31,63.02,63.02,8780200,Consumer Goods,62.99400000000001,63.739,65.557,67.4058,64.14204024073402,65.47177034014162,-1.3297300994075982,-1.0146087973401698,62.77,10984500.0,63.2,16525900.0,66.95,18603300.0,16.375838926174424,-0.28481012658228,-5.870052277819271,0.003982794328500905,0.008556377547387486
KO,2024-11-06,62.1,62.53,60.91,61.41,61.41,22899300,Consumer Goods,62.565999999999995,63.324,65.274,67.2648,63.72172635754417,65.17089846309409,-1.4491721055499198,-1.1015214589821198,63.02,8780200.0,63.55,14177800.0,65.56,24655200.0,14.489311163895408,-3.367427222659325,-6.330079316656512,-0.025547445255474588,0.009550025305711106
KO,2024-11-07,61.98,62.07,61.31,61.37,61.37,14856100,Consumer Goods,62.248000000000005,62.973,65.00450000000001,67.1182,63.35992230253738,64.88935042879082,-1.5294281262534426,-1.1871027924363844,61.41,22899300.0,62.96,13383700.0,64.88,17568800.0,8.816120906800961,-2.5254129606099185,-5.40998766954377,-0.0006513597134016891,0.00960401200691688
KO,2024-11-08,61.61,61.93,61.45,61.62,61.62,14719300,Consumer Goods,62.038,62.68399999999999,64.732,66.9708,63.09224194830085,64.64717632295446,-1.5549343746536124,-1.26066910887983,61.37,14856100.0,62.67,12163100.0,64.51,11138100.0,13.13969571230976,-1.6754427955959827,-4.479925592931345,0.004073651621313346,0.010067966525330737
KO,2024-11-11,61.69,61.81,60.97,61.08,61.08,13980900,Consumer Goods,61.7,62.364999999999995,64.3955,66.8046,62.78266626394688,64.38294103977265,-1.600274775825767,-1.3285902422690177,61.62,14719300.0,62.77,10984500.0,64.27,10761400.0,12.226512226512185,-2.692368966066605,-4.963435506457126,-0.008763388510223957,0.010149060922039455
KO,2024-11-12,61.39,61.46,60.85,60.93,60.93,15021000,Consumer Goods,61.282,62.13800000000001,64.0515,66.62519999999999,62.49764068487813,64.12716762941912,-1.6295269445409915,-1.3887775827234123,61.08,13980900.0,63.02,8780200.0,63.2,16525900.0,14.548238897396587,-3.316407489685824,-3.591772151898742,-0.0024557956777996326,0.009300864945084936
KO,2024-11-13,60.78,60.98,60.24,60.73,60.73,13177600,Consumer Goods,61.146,61.855999999999995,63.6865,66.4504,62.225695964127645,63.875525582795476,-1.6498296186678303,-1.4409879899122962,60.93,15021000.0,61.41,22899300.0,63.55,14177800.0,15.702479338842934,-1.107311512782938,-4.43745082612117,-0.003282455276546914,0.008737942978646468
KO,2024-11-14,60.84,60.84,60.18,60.3,60.3,15910800,Consumer Goods,60.931999999999995,61.589999999999996,63.331999999999994,66.2936,61.929435046569544,63.610671835921735,-1.681236789352191,-1.4890377498002751,60.73,13177600.0,61.37,14856100.0,62.96,13383700.0,15.54828150572824,-1.7435228939221115,-4.224904701397714,-0.007080520335912999,0.008630851141578046
KO,2024-11-15,60.24,60.38,59.18,59.52,59.52,26284300,Consumer Goods,60.512,61.275,62.9125,66.12180000000001,61.558752731712694,63.30765910733494,-1.7489063756222478,-1.5410114749646697,60.3,15910800.0,61.62,14719300.0,62.67,12163100.0,14.285714285714263,-3.40798442064264,-5.026328386787937,-0.012935323383084452,0.009057859429882178
KO,2024-11-18,59.63,59.9,59.35,59.63,59.63,16062100,Consumer Goods,60.222,60.961,62.5465,65.93860000000001,61.262021542218434,63.035239914199025,-1.7732183719805903,-1.5874528543678539,59.52,26284300.0,61.08,13980900.0,62.77,10984500.0,18.629173989455126,-2.373935821872941,-5.0023896765970965,0.001848118279569988,0.009078942128853488
KO,2024-11-19,59.67,60.37,59.41,60.34,60.34,16254800,Consumer Goods,60.104,60.693000000000005,62.215999999999994,65.7752,61.12017207418483,62.83559251314725,-1.7154204389624184,-1.6130463712867669,59.63,16062100.0,60.93,15021000.0,63.02,8780200.0,23.471074380165334,-0.9683243065813141,-4.25261821643923,0.01190675834311583,0.010230673318760273
KO,2024-11-20,60.44,60.74,59.79,60.72,60.72,18904900,Consumer Goods,60.102,60.62399999999999,61.974000000000004,65.6284,61.05860713969486,62.67888195661782,-1.620274816922965,-1.6144920604140067,60.34,16254800.0,60.73,13177600.0,61.41,22899300.0,30.82191780821914,-0.01646632636258527,-1.1235955056179692,0.006297646668876222,0.007459002218475675
KO,2024-11-21,60.88,61.51,60.69,61.47,61.47,17292300,Consumer Goods,60.336,60.63399999999999,61.8035,65.49380000000001,61.12189834897257,62.589335145016506,-1.467436796043934,-1.5850810075399921,60.72,18904900.0,60.3,15910800.0,61.37,14856100.0,40.47619047619045,1.94029850746269,0.1629460648525427,0.012351778656126466,0.008593811084199566
KO,2024-11-22,61.93,62.16,61.36,61.62,61.62,19562200,Consumer Goods,60.75600000000001,60.634,61.659000000000006,65.3494,61.19852937220756,62.517532541681945,-1.3190031694743851,-1.531865439926871,61.47,17292300.0,59.52,26284300.0,61.62,14719300.0,40.94488188976373,3.5282258064516014,0.0,0.0024402147388971063,0.008527185026726843
KO,2024-11-25,62.01,62.38,61.54,62.06,62.06,36805300,Consumer Goods,61.242,60.732000000000006,61.548500000000004,65.2004,61.331063314944856,62.48364124229809,-1.152577927353235,-1.456007937412144,61.62,19562200.0,59.63,16062100.0,61.08,13980900.0,42.66055045871559,4.075129968136837,1.6044531761624237,0.007140538786108541,0.008180414024698199
KO,2024-11-26,62.0,62.31,61.76,62.23,62.23,14473300,Consumer Goods,61.61999999999999,60.862,61.5,65.06060000000001,61.4693612664918,62.46485300212786,-0.9954917356360582,-1.3639046970569269,62.06,36805300.0,60.34,16254800.0,60.93,15021000.0,58.03921568627454,3.132250580046403,2.1335959297554608,0.002739284563325617,0.008056620434478275
KO,2024-11-27,62.62,62.76,61.94,62.11,62.11,13263400,Consumer Goods,61.898,61.0,61.428,64.9194,61.567921071646914,62.438567594562834,-0.8706465229159193,-1.2652530622287252,62.23,14473300.0,60.72,18904900.0,60.73,13177600.0,57.14285714285719,2.2891963109354485,2.2723530380372114,-0.001928330387273025,0.00796617898336704
KO,2024-11-29,62.19,62.41,61.94,62.24,62.24,10648400,Consumer Goods,62.052,61.193999999999996,61.391999999999996,64.8026,61.67131782985508,62.42385888385447,-0.7525410539993942,-1.1627106605828592,62.11,13263400.0,61.47,17292300.0,60.3,15910800.0,56.12648221343879,1.2526435659671487,3.2172470978441225,0.002093060698760363,0.0072661819768693
KO,2024-12-02,62.21,62.35,61.53,61.83,61.83,16500100,Consumer Goods,62.093999999999994,61.425,61.35,64.658,61.695730471415835,62.37986933690229,-0.6841388654864531,-1.066996301563578,62.24,10648400.0,61.62,19562200.0,59.52,26284300.0,57.60649087221096,0.3407984420642718,3.881048387096775,-0.006587403598971808,0.0058371447241366515
KO,2024-12-03,61.89,62.24,61.22,61.7,61.7,24874500,Consumer Goods,62.022000000000006,61.63199999999999,61.296499999999995,64.509,61.69638732196725,62.329508645279894,-0.6331213233126434,-0.9802213059133911,61.83,16500100.0,62.06,36805300.0,59.63,16062100.0,57.841140529531614,-0.5800837898807587,3.471407009894345,-0.0021025392204431226,0.0061133555134571076
KO,2024-12-04,61.47,61.53,60.13,60.43,60.43,28137700,Consumer Goods,61.662,61.641,61.166999999999994,64.3424,61.50155850320306,62.18880430118509,-0.6872457979820297,-0.9216262043271188,61.7,24874500.0,62.23,14473300.0,60.34,16254800.0,47.49163879598664,-2.8924955809095265,0.14915478952601813,-0.02058346839546199,0.009042610550641435
KO,2024-12-05,60.68,61.31,60.32,61.12,61.12,21040400,Consumer Goods,61.464,61.681000000000004,61.152499999999996,64.1872,61.44285719501797,62.10963361220841,-0.6667764171904409,-0.8706562468997834,60.43,28137700.0,62.11,13263400.0,60.72,18904900.0,56.57051282051283,-1.5939462244405123,0.6587615283267345,0.0114181697832203,0.009557462971710425
KO,2024-12-06,61.03,61.54,60.72,60.74,60.74,15581100,Consumer Goods,61.164,61.608000000000004,61.120999999999995,64.0254,61.334725318861366,62.008179270563346,-0.6734539517019797,-0.8312157878602228,61.12,21040400.0,62.24,10648400.0,61.47,17292300.0,60.44520547945206,-2.410025706940877,-1.18757117292988,-0.0062172774869109215,0.00881690457204761
KO,2024-12-09,60.89,61.13,60.13,60.81,60.81,22348300,Consumer Goods,60.96,61.527,61.08050000000001,63.857400000000005,61.25399834672885,61.91942525052162,-0.6654269037927705,-0.7980580110467324,60.74,15581100.0,61.83,16500100.0,61.62,19562200.0,60.17241379310346,-1.6496846191169312,-1.314508276533588,0.0011524530786961584,0.008767765907265468
KO,2024-12-10,60.9,61.23,60.02,61.11,61.11,14949400,Consumer Goods,60.842,61.431999999999995,61.081999999999994,63.693999999999996,61.23184475492441,61.85946782455705,-0.6276230696326408,-0.763971022763914,60.81,22348300.0,61.7,24874500.0,62.06,36805300.0,57.142857142857125,-0.9562398703403585,-1.5307766677408963,0.0049333991119882015,0.008557283099329559
KO,2024-12-11,61.19,61.81,60.61,60.84,60.84,32819000,Consumer Goods,60.924,61.293000000000006,61.0775,63.5282,61.1715609464745,61.78395168940468,-0.6123907429301809,-0.7336549667971675,61.11,14949400.0,60.43,28137700.0,62.23,14473300.0,51.13636363636368,0.6784709581333814,-2.233649365257906,-0.004418262150220897,0.008461331667925042
KO,2024-12-12,61.73,62.09,61.41,62.01,62.01,17542100,Consumer Goods,61.102,61.283,61.14149999999999,63.3992,61.30055157009381,61.80069600870804,-0.5001444386142282,-0.6869528611605796,60.84,32819000.0,61.12,21040400.0,62.11,13263400.0,54.736842105263165,1.456151832460728,-0.16100466913541167,0.019230769230769162,0.010851507807217347
KO,2024-12-13,61.75,62.01,61.3,61.31,61.31,13429000,Consumer Goods,61.21600000000001,61.19000000000001,61.19200000000001,63.2658,61.30200517469476,61.76434815621115,-0.462342981516386,-0.6420308852317409,62.01,17542100.0,60.74,15581100.0,62.24,10648400.0,47.52000000000003,0.9384260783668052,-1.4942159383033449,-0.011288501854539557,0.011362933824814493
KO,2024-12-16,61.42,62.03,60.56,60.76,60.76,24559700,Consumer Goods,61.206,61.083000000000006,61.254000000000005,63.128,61.21861976320326,61.6899519964918,-0.47133223328854257,-0.6078911548431013,61.31,13429000.0,60.81,22348300.0,61.83,16500100.0,39.77987421383641,-0.0822233185331478,-1.7305515122108983,-0.008970804110259412,0.01150683711446552
KO,2024-12-17,60.66,61.73,60.53,61.58,61.58,21902400,Consumer Goods,61.3,61.071000000000005,61.3515,63.028999999999996,61.27421672271045,61.68180740415907,-0.40759068144862454,-0.5678310601642059,60.76,24559700.0,61.11,14949400.0,61.7,24874500.0,45.363766048502136,0.7691048928162303,-0.1944894651539797,0.013495720868992755,0.012461508708289075
KO,2024-12-18,61.01,61.82,60.99,61.05,61.05,20946100,Consumer Goods,61.342,61.133,61.387,62.916199999999996,61.23972184229346,61.63500685570284,-0.39528501340937794,-0.5333218508132404,61.58,21902400.0,60.84,32819000.0,60.43,28137700.0,42.857142857142826,0.34516765285994566,1.0259804732748679,-0.008606690483923374,0.010732315437600046
KO,2024-12-19,60.9,61.36,60.61,60.66,60.66,21300600,Consumer Goods,61.072,61.087,61.384,62.788000000000004,61.15053386655601,61.56278412565078,-0.412250259094769,-0.5091075324695461,61.05,20946100.0,62.01,17542100.0,61.12,21040400.0,39.71354166666661,-2.1770682148040676,-0.7526178010471174,-0.006388206388206363,0.010293363907381262
KO,2024-12-20,60.68,61.25,60.5,60.76,60.76,42458100,Consumer Goods,60.962,61.089,61.3485,62.668,61.090451733239696,61.50331863486183,-0.4128669016221309,-0.4898594063000631,60.66,21300600.0,61.31,13429000.0,60.74,15581100.0,42.740841248303916,-0.8970804110259412,0.03292723081989024,0.0016485328058029047,0.010124722142231096
KO,2024-12-23,60.71,60.96,59.77,60.59,60.59,13010800,Consumer Goods,60.928,61.06700000000001,61.29699999999999,62.538399999999996,61.01345915889513,61.43566540264984,-0.42220624375470805,-0.4763287737909921,60.76,42458100.0,60.76,24559700.0,60.81,22348300.0,42.510121457489866,-0.2797893350888647,-0.36178260154580144,-0.002797893350888647,0.010155198012957289
KO,2024-12-24,60.42,61.04,60.23,61.04,61.04,5019100,Consumer Goods,60.81999999999999,61.06,61.245999999999995,62.40299999999999,61.01754236521896,61.40635685430541,-0.38881448908644956,-0.4588259168500836,60.59,13010800.0,61.58,21902400.0,61.11,14949400.0,54.62822458270108,-0.8769080870412505,-0.11454753722794919,0.007426968146558854,0.01032757345835663
KO,2024-12-26,60.83,60.94,60.61,60.78,60.78,7943800,Consumer Goods,60.766,61.053999999999995,61.173500000000004,62.2624,60.9809973859545,61.35996005028279,-0.3789626643282844,-0.4428532663457238,61.04,5019100.0,61.05,20946100.0,60.84,32819000.0,47.24025974025976,-0.4422604422604337,-0.09861932938856066,-0.004259501965923951,0.010320260440041083
KO,2024-12-27,60.66,61.15,60.43,60.66,60.66,8542800,Consumer Goods,60.766,60.919,61.101,62.115,60.931613172730735,61.308111157669245,-0.37649798493850994,-0.42958221006428104,60.78,7943800.0,60.66,21300600.0,62.01,17542100.0,49.32203389830504,0.0,-2.1770682148040676,-0.001974333662388972,0.007785446501717286
KO,2024-12-30,60.55,60.55,59.91,60.25,60.25,8972200,Consumer Goods,60.664,60.81299999999999,61.0015,61.972199999999994,60.826749607695234,61.22973255339745,-0.40298294570221316,-0.4242623571918675,60.66,8542800.0,60.76,42458100.0,61.31,13429000.0,45.51282051282048,-0.8393680052666164,-1.7289186103408904,-0.006758984503791532,0.0073135488488220365
KO,2024-12-31,60.24,60.64,60.03,60.48,60.48,9256700,Consumer Goods,60.641999999999996,60.78499999999999,60.934000000000005,61.8236,60.773403514203665,61.17419680870134,-0.4007932944976744,-0.4195685446530289,60.25,8972200.0,60.59,13010800.0,60.76,24559700.0,44.894651539708235,-0.18154811024923,-0.4608294930875556,0.0038174273858919694,0.007016560998622451
