Ticker,Date,Open,High,Low,Close,Adj Close,Volume,Sector,SMA_5,SMA_10,SMA_20,SMA_50,EMA_12,EMA_26,MACD,MACD_signal,Close_lag_1,Volume_lag_1,Close_lag_5,Volume_lag_5,Close_lag_10,Volume_lag_10,RSI_14,ROC_5,ROC_10,Daily_Return,Volatility_10
PFE,2019-03-14,28.7,28.75,28.1,28.14,28.14,32119596,Healthcare,28.328000000000003,28.688,28.919,28.753600000000002,28.63969970665256,28.763112039311586,-0.12341233265902574,-0.015643823849339676,28.7,23715316.0,28.28,29046132.0,29.62,39002427.0,32.66475644699136,-0.4950495049504955,-4.9966239027684045,-0.019512195121951126,0.012126090998153963
PFE,2019-03-15,28.17,28.61,27.92,28.55,28.55,74768652,Healthcare,28.45,28.580000000000002,28.9125,28.7388,28.625899751782935,28.747325962325544,-0.12142621054260871,-0.03680030118799349,28.14,32119596.0,27.94,31306119.0,29.63,26667781.0,38.481675392670155,2.183249821045097,-3.6449544380695142,0.014570007107320482,0.013576661858272597
PFE,2019-03-18,28.54,28.74,28.46,28.57,28.57,18994345,Healthcare,28.494,28.494,28.892499999999995,28.7408,28.617299789970176,28.73419070585698,-0.11689091588680611,-0.05281842412775602,28.55,74768652.0,28.35,29161545.0,29.43,22805820.0,39.210526315789465,0.7760141093474449,-2.922188243289159,0.0007005253940455258,0.013590417088974963
PFE,2019-03-19,28.68,28.99,28.53,28.9,28.9,26403227,Healthcare,28.572000000000003,28.454,28.882000000000005,28.7362,28.660792129974766,28.7464728757935,-0.08568074581873475,-0.059390888465951766,28.57,18994345.0,28.51,24170539.0,29.3,26529812.0,44.717444717444714,1.3679410733075992,-1.3651877133105894,0.011550577528876449,0.014308538147252723
PFE,2019-03-20,28.83,28.97,28.55,28.81,28.81,23499035,Healthcare,28.594,28.475,28.881,28.726799999999997,28.683747186901723,28.751178588697687,-0.06743140179596452,-0.060998991131954325,28.9,26403227.0,28.7,23715316.0,28.6,22410359.0,39.53488372093018,0.3832752613240453,0.7342657342657155,-0.0031141868512111204,0.011979629871156701
PFE,2019-03-21,28.65,29.13,28.61,28.94,28.94,24262553,Healthcare,28.754,28.541000000000004,28.888500000000004,28.717200000000002,28.723170696609152,28.765165359905268,-0.041994663296115675,-0.057198125564786595,28.81,23499035.0,28.14,32119596.0,28.28,29046132.0,41.35338345864664,2.842928216062557,2.333804809052342,0.004512322110378442,0.011240348054829728
PFE,2019-03-22,28.83,29.12,28.58,28.59,28.59,19620105,Healthcare,28.762,28.606,28.8505,28.7018,28.70268289713082,28.752190148060436,-0.049507250929615054,-0.05565995063775229,28.94,24262553.0,28.55,74768652.0,27.94,31306119.0,39.85507246376811,0.14010507880910517,2.326413743736566,-0.012093987560469976,0.011250515791662547
PFE,2019-03-25,28.57,28.8,28.47,28.62,28.62,19823316,Healthcare,28.772000000000002,28.633000000000003,28.809999999999995,28.701000000000004,28.68996245141839,28.742398285241144,-0.05243583382275574,-0.05501512727475298,28.59,19620105.0,28.57,18994345.0,28.35,29161545.0,41.58415841584158,0.17500875043752195,0.952380952380949,0.0010493179433368471,0.010385172843497393
PFE,2019-03-26,28.83,29.17,28.78,28.98,28.98,20849279,Healthcare,28.788,28.68,28.789499999999997,28.6998,28.734583612738636,28.759998412260316,-0.025414799521680465,-0.04909506172413848,28.62,19823316.0,28.9,26403227.0,28.51,24170539.0,55.13513513513512,0.27681660899654403,1.6485443703963432,0.012578616352201255,0.010946324170229855
PFE,2019-03-27,28.93,29.13,28.64,28.71,28.71,19455048,Healthcare,28.768,28.681,28.758500000000005,28.7,28.730801518471154,28.756294826166958,-0.025493307695803935,-0.044374710918471574,28.98,20849279.0,28.81,23499035.0,28.7,23715316.0,55.89041095890411,-0.3471017007983246,0.03484320557491927,-0.009316770186335366,0.01130034725637712
PFE,2019-03-28,28.82,28.95,28.74,28.89,28.89,16915541,Healthcare,28.758000000000003,28.756,28.722,28.699,28.755293592552515,28.766198913117552,-0.010905320565036902,-0.03768083284778464,28.71,19455048.0,28.94,24262553.0,28.14,32119596.0,63.61031518624642,-0.1727712508638568,2.6652452025586415,0.006269592476489061,0.009046957523090936
PFE,2019-03-29,28.97,29.09,28.83,29.02,29.02,21681834,Healthcare,28.844,28.802999999999997,28.6915,28.709,28.796017655236746,28.78499899362736,0.01101866160938414,-0.027940933956350885,28.89,16915541.0,28.59,19620105.0,28.55,74768652.0,60.436137071651075,1.504022385449466,1.6462346760069968,0.004499826929733386,0.008084527894039295
PFE,2019-04-01,29.09,29.34,29.07,29.27,29.27,20345046,Healthcare,28.974,28.872999999999998,28.6835,28.719,28.868938015969555,28.82092499409941,0.048013021870144,-0.012750142791051907,29.02,21681834.0,28.62,19823316.0,28.57,18994345.0,61.5151515151515,2.271139063591887,2.4501225061253074,0.008614748449345289,0.0083623763460187
PFE,2019-04-02,29.35,29.5,29.2,29.32,29.32,18625129,Healthcare,29.042,28.915000000000003,28.684500000000003,28.729199999999995,28.938332167358855,28.85789351305501,0.080438654303844,0.0058876166279272744,29.27,20345046.0,28.98,20849279.0,28.9,26403227.0,59.81012658227849,1.1732229123533555,1.453287197231834,0.001708233686368299,0.007728052162704807
PFE,2019-04-03,29.37,29.43,29.07,29.27,29.27,16200402,Healthcare,29.154000000000003,28.961000000000002,28.718,28.741999999999997,28.98935798776518,28.88841991949538,0.10093806826980156,0.024897706956302133,29.32,18625129.0,28.71,19455048.0,28.81,23499035.0,71.3207547169811,1.9505398815743646,1.5966678236723375,-0.0017053206002728416,0.007647601948513169
PFE,2019-04-04,29.24,29.32,29.04,29.2,29.2,12990972,Healthcare,29.216,28.987000000000002,28.764000000000003,28.7548,29.021764451185923,28.911499925458685,0.11026452572723855,0.041971070710489417,29.27,16200402.0,28.89,16915541.0,28.94,24262553.0,64.06926406926402,1.0730356524748963,0.8984105044920421,-0.0023915271609156186,0.00766824378843716
PFE,2019-04-05,29.37,29.57,29.3,29.37,29.37,15559043,Healthcare,29.286,29.064999999999998,28.835500000000003,28.7874,29.075339151003476,28.945462893943226,0.12987625706024986,0.05955210798044151,29.2,12990972.0,29.02,21681834.0,28.59,19620105.0,66.260162601626,1.2060647829083448,2.728226652675758,0.005821917808219279,0.006251568777079314
PFE,2019-04-08,29.43,29.57,29.32,29.48,29.48,15410323,Healthcare,29.327999999999996,29.151,28.891999999999996,28.826400000000003,29.13759466623371,28.985058235132616,0.15253643110109394,0.078148972604572,29.37,15559043.0,29.27,20345046.0,28.62,19823316.0,62.946428571428584,0.7174581482746856,3.0048916841369566,0.0037453183520599342,0.0062299522610672125
PFE,2019-04-09,29.37,29.38,29.09,29.27,29.27,18825072,Healthcare,29.318,29.18,28.929999999999996,28.876400000000004,29.157964717582367,29.006165032530202,0.1517996850521648,0.09287911509409057,29.48,15410323.0,29.32,18625129.0,28.98,20849279.0,59.7457627118644,-0.17053206002728416,1.000690131124915,-0.0071234735413839845,0.005967852119130777
PFE,2019-04-10,29.32,29.32,29.14,29.19,29.19,13202615,Healthcare,29.302,29.227999999999998,28.954500000000003,28.908,29.162893222569696,29.019782437527965,0.14311078504173125,0.10292544908361871,29.27,18825072.0,29.27,16200402.0,28.71,19455048.0,55.41125541125541,-0.27331738981891673,1.6718913270637348,-0.0027331738981891673,0.004983778548130428
PFE,2019-04-11,29.24,29.26,28.69,28.88,28.88,20214877,Healthcare,29.238,29.226999999999997,28.991500000000002,28.922399999999996,29.119371188328206,29.009428182896265,0.10994300543194058,0.1043289603532831,29.19,13202615.0,29.2,12990972.0,28.89,16915541.0,56.387665198237855,-1.0958904109588996,-0.03461405330564826,-0.010620075368276916,0.006008575354631846
PFE,2019-04-12,28.93,28.93,28.41,28.5,28.5,21338546,Healthcare,29.064,29.175,28.988999999999997,28.912399999999998,29.02408331320079,28.971692761940986,0.05239055125980485,0.09394127853458745,28.88,20214877.0,29.37,15559043.0,29.02,21681834.0,47.709923664122115,-2.962206332992856,-1.791867677463821,-0.013157894736842035,0.007039420038510476
PFE,2019-04-15,28.6,28.78,28.33,28.76,28.76,18362788,Healthcare,28.919999999999998,29.124000000000002,28.9985,28.9016,28.9834551111699,28.956011816612026,0.027443294557873088,0.08064168173924458,28.5,21338546.0,29.48,15410323.0,29.27,20345046.0,45.63492063492066,-2.4423337856173677,-1.7423983600956539,0.009122807017543977,0.0071241349936705415
PFE,2019-04-16,28.85,28.9,27.9,27.96,27.96,27506976,Healthcare,28.657999999999998,28.988,28.9515,28.8808,28.826000478682225,28.882233163529655,-0.05623268484742994,0.05326680842190968,28.76,18362788.0,29.27,18825072.0,29.32,18625129.0,37.7049180327869,-4.475572258284933,-4.638472032742158,-0.02781641168289295,0.01073981519842744
PFE,2019-04-17,27.94,28.01,26.91,27.25,27.25,42412117,Healthcare,28.27,28.786,28.8735,28.8504,28.583538866577268,28.7613270032682,-0.17778813669093196,0.0070558193993413496,27.96,27506976.0,29.19,13202615.0,29.27,16200402.0,27.094972067039137,-6.646111682082911,-6.901264092927906,-0.02539341917024318,0.012480665467787618
PFE,2019-04-18,27.28,27.28,26.25,26.91,26.91,50579774,Healthcare,27.875999999999998,28.557,28.772,28.8102,28.326071348642305,28.624191669692777,-0.29812032105047237,-0.05397940869062139,27.25,42412117.0,28.88,20214877.0,29.2,12990972.0,22.163588390501374,-6.821329639889195,-7.842465753424655,-0.012477064220183465,0.012469475152474273
PFE,2019-04-22,26.67,26.99,26.52,26.63,26.63,31018904,Healthcare,27.502000000000002,28.282999999999998,28.674,28.773000000000003,28.065137295005027,28.47647376823405,-0.41133647322902434,-0.12545082159830198,26.91,50579774.0,28.5,21338546.0,29.37,15559043.0,15.445026178010522,-6.561403508771935,-9.329247531494733,-0.010405053883314808,0.011478232244432899
PFE,2019-04-23,26.71,27.08,26.56,26.93,26.93,26672102,Healthcare,27.136000000000003,28.028000000000002,28.589500000000005,28.7346,27.890500788081177,28.361920155772268,-0.47141936769109094,-0.19464453081685978,26.63,31018904.0,28.76,18362788.0,29.48,15410323.0,20.63882063882069,-6.363004172461761,-8.649932157394847,0.011265490048817162,0.012643203351468523
PFE,2019-04-24,26.99,27.08,26.76,26.9,26.9,21196994,Healthcare,26.924,27.791000000000004,28.485500000000002,28.702999999999996,27.738116051453304,28.253629773863214,-0.51551372240991,-0.25881836913546985,26.93,26672102.0,27.96,27506976.0,29.27,18825072.0,20.74074074074079,-3.791130185979974,-8.097027673385726,-0.0011139992573339086,0.012879424876578806
PFE,2019-04-25,26.82,27.21,26.76,27.06,27.06,18130065,Healthcare,26.886000000000003,27.577999999999996,28.403,28.672000000000004,27.633790505075872,28.165212753577052,-0.5314222485011797,-0.3133391450086118,26.9,21196994.0,27.25,42412117.0,29.19,13202615.0,24.15458937198072,-0.6972477064220217,-7.29701952723536,0.005947955390334547,0.013572707943969333
PFE,2019-04-26,27.1,27.32,26.95,27.31,27.31,20053193,Healthcare,26.965999999999998,27.421,28.324,28.648400000000002,27.583976581218046,28.101863660719495,-0.517887079501449,-0.35424873190717926,27.06,18130065.0,26.91,50579774.0,28.88,20214877.0,25.592417061611386,1.4864362690449662,-5.4362880886426606,0.009238728750923908,0.014482093085580395
PFE,2019-04-29,27.31,27.34,27.05,27.05,27.05,23229001,Healthcare,27.05,27.276,28.2255,28.6158,27.501826337953734,28.023947833999532,-0.5221214960457985,-0.38782328473490313,27.31,20053193.0,26.63,31018904.0,28.5,21338546.0,22.196796338672797,1.5771686068344115,-5.087719298245608,-0.009520322226290623,0.014312473273091635
PFE,2019-04-30,27.6,28.14,27.19,27.75,27.75,34360400,Healthcare,27.214,27.175,28.1495,28.5914,27.540006901345468,28.003655401851418,-0.4636485005059505,-0.40298832788911265,27.05,23229001.0,26.93,26672102.0,28.76,18362788.0,34.36213991769549,3.044931303379128,-3.5118219749652346,0.025878003696857554,0.016909575883091617
PFE,2019-05-01,27.73,27.96,27.45,27.86,27.86,20703406,Healthcare,27.406,27.165,28.0765,28.5664,27.58923660883078,27.99301426097354,-0.4037776521427574,-0.40314619273984165,27.75,34360400.0,26.9,21196994.0,27.96,27506976.0,36.40081799591001,3.5687732342007505,-0.3576537911301858,0.0039639639639639235,0.014655256853998159
PFE,2019-05-02,27.88,28.03,27.73,28.02,28.02,20471210,Healthcare,27.598000000000003,27.242,28.014,28.5502,27.65550789977989,27.99501320460513,-0.3395053048252379,-0.3904180151569209,27.86,20703406.0,27.06,18130065.0,27.25,42412117.0,40.9282700421941,3.5476718403547602,2.8256880733944945,0.005743000717875146,0.01174018005179228
PFE,2019-05-03,28.16,28.35,28.03,28.28,28.28,18664759,Healthcare,27.792,27.378999999999998,27.967999999999996,28.54,27.751583607506063,28.016123337597342,-0.26453973009127907,-0.3652423581437925,28.02,20471210.0,27.31,20053193.0,26.91,50579774.0,47.619047619047635,3.551812522885389,5.091044221479013,0.009279086366880795,0.010538171939645161
PFE,2019-05-06,27.95,28.54,27.9,28.46,28.46,25973406,Healthcare,28.074,27.562,27.922500000000003,28.5222,27.860570744812826,28.04900309036791,-0.1884323455550856,-0.32988035562605117,28.28,18664759.0,27.05,23229001.0,26.63,31018904.0,46.69603524229074,5.212569316081339,6.871948929778449,0.006364922206506307,0.009036796154223169
PFE,2019-05-07,28.28,28.5,27.67,27.9,27.9,27603838,Healthcare,28.104000000000003,27.659000000000002,27.8435,28.4916,27.86663678407239,28.037965824414734,-0.17132904034234286,-0.29817009256930954,28.46,25973406.0,27.75,34360400.0,26.93,26672102.0,49.30232558139532,0.540540540540535,3.601930932046038,-0.01967673928320457,0.01208492856425531
PFE,2019-05-08,27.88,28.03,27.63,27.98,27.98,23811968,Healthcare,28.127999999999997,27.767000000000003,27.778999999999996,28.4634,27.884077278830485,28.033672059643273,-0.14959478081278732,-0.2684550302180051,27.9,27603838.0,27.86,20703406.0,26.9,21196994.0,59.94550408719344,0.4307250538406304,4.014869888475836,0.0028673835125447855,0.011977089202511984
PFE,2019-05-09,27.78,28.15,27.73,28.01,28.01,19732461,Healthcare,28.125999999999998,27.862000000000002,27.72,28.436999999999998,27.903450005164256,28.03191857374377,-0.12846856857951394,-0.2404577378903069,27.98,23811968.0,28.02,20471210.0,27.06,18130065.0,66.36904761904762,-0.035688793718768874,3.510716925351076,0.001072194424589057,0.011988605929865923
PFE,2019-05-10,28.01,28.14,27.48,28.07,28.07,17391527,Healthcare,28.084000000000003,27.938,27.6795,28.406,27.92907308129283,28.03473942013312,-0.10566633884029031,-0.2134994580803036,28.01,19732461.0,28.28,18664759.0,27.31,20053193.0,72.92993630573247,-0.7425742574257432,2.782863419992676,0.002142092109960636,0.011821417024899854
PFE,2019-05-13,27.73,28.02,27.68,27.96,27.96,28010788,Healthcare,27.983999999999998,28.028999999999996,27.652499999999996,28.3726,27.93383106878624,28.029203166789927,-0.09537209800368629,-0.18987398606498013,28.07,17391527.0,28.46,25973406.0,27.05,23229001.0,67.45762711864407,-1.7568517217146917,3.3641404805915043,-0.003918774492340571,0.011293064295292948
PFE,2019-05-14,27.98,28.17,27.96,28.03,28.03,26772759,Healthcare,28.01,28.057,27.616000000000003,28.3446,27.948626288972974,28.029262191472153,-0.08063590249917851,-0.1680263693518198,27.96,28010788.0,27.9,27603838.0,27.75,34360400.0,68.89632107023414,0.465949820788536,1.009009009009021,0.002503576537911334,0.008078603642972922
PFE,2019-05-15,28.16,28.46,28.05,28.36,28.36,33520678,Healthcare,28.086000000000002,28.107,27.636000000000003,28.3258,28.011914552207898,28.053761288400143,-0.04184673619224455,-0.14279044271990474,28.03,26772759.0,27.98,23811968.0,27.86,20703406.0,70.56962025316457,1.3581129378127166,1.794687724335975,0.011773100249732327,0.008743370523633753
PFE,2019-05-16,28.36,28.94,28.36,28.7,28.7,25508486,Healthcare,28.224,28.175,27.708499999999997,28.327800000000003,28.117773851868222,28.101630822592725,0.016143029275497156,-0.11100374832082437,28.36,33520678.0,28.01,19732461.0,28.02,20471210.0,71.38461538461539,2.4634059264548203,2.4268379728765055,0.011988716502115748,0.009262789184022643
PFE,2019-05-17,28.47,28.82,28.43,28.59,28.59,29187684,Healthcare,28.328000000000003,28.206,27.7925,28.334,28.19042402850388,28.137806317215485,0.052617711288394986,-0.0782794563989805,28.7,25508486.0,28.07,17391527.0,28.28,18664759.0,74.83870967741933,1.852511578197369,1.0961810466760813,-0.0038327526132404532,0.009113872294923036
PFE,2019-05-20,28.54,28.75,28.45,28.67,28.67,24251591,Healthcare,28.47,28.227000000000004,27.8945,28.3486,28.264204947195594,28.17722807149582,0.08697687569977575,-0.045228189979229255,28.59,29187684.0,27.96,28010788.0,28.46,25973406.0,68.5483870967742,2.539341917024318,0.7378777231201727,0.0027981811822315183,0.008954568379428754
PFE,2019-05-21,28.75,28.82,28.6,28.72,28.72,28785056,Healthcare,28.607999999999997,28.309000000000005,27.983999999999998,28.356000000000005,28.33432726301166,28.217433399533164,0.11689386347849506,-0.012803779287684388,28.67,24251591.0,28.03,26772759.0,27.9,27603838.0,67.7685950413223,2.4616482340349632,2.939068100358422,0.0017439832577605952,0.005360147983513347
PFE,2019-05-22,28.74,29.1,28.64,28.94,28.94,25274604,Healthcare,28.724,28.405,28.086000000000002,28.3646,28.42750768408679,28.270956851419594,0.15655083266719672,0.02106714310329183,28.72,28785056.0,28.36,33520678.0,27.98,23811968.0,68.5483870967742,2.0451339915373845,3.431022158684782,0.0076601671309193264,0.005565865546544891
PFE,2019-05-23,28.84,28.94,28.71,28.9,28.9,25495944,Healthcare,28.764,28.494,28.178000000000004,28.3686,28.500198809611902,28.317552640203328,0.18264616940857437,0.05338294836434834,28.94,25274604.0,28.7,25508486.0,28.01,19732461.0,63.71681415929195,0.6968641114982521,3.1774366297750767,-0.0013821700069109877,0.005731236931300983
PFE,2019-05-24,28.99,29.16,28.86,28.92,28.92,15383341,Healthcare,28.830000000000002,28.579,28.258499999999998,28.3842,28.564783608133148,28.362178370558638,0.20260523757450954,0.08322740620638058,28.9,25495944.0,28.59,29187684.0,28.07,17391527.0,60.952380952380935,1.1542497376705096,3.02814392589954,0.0006920415224913601,0.005777659871083515
PFE,2019-05-28,29.05,29.28,28.87,28.88,28.88,49440610,Healthcare,28.872000000000003,28.671000000000003,28.35,28.3908,28.613278437651125,28.400535528295034,0.2127429093560913,0.10913050683632274,28.92,15383341.0,28.67,24251591.0,27.96,28010788.0,81.01265822784794,0.7324729682594899,3.290414878397696,-0.0013831258644537714,0.00548855741259991
PFE,2019-05-29,28.74,28.84,28.45,28.76,28.76,26895761,Healthcare,28.880000000000003,28.744,28.4005,28.3946,28.6358509857048,28.42716252619911,0.20868845950569082,0.12904209737019637,28.88,49440610.0,28.72,28785056.0,28.03,26772759.0,74.07407407407405,0.1392757660167332,2.6043524794862716,-0.0041551246537395725,0.005972580378960339
PFE,2019-05-30,28.73,28.92,28.66,28.88,28.88,17344308,Healthcare,28.868000000000002,28.796,28.4515,28.3942,28.673412372519444,28.460706042776952,0.21270632974249182,0.14577494384465547,28.76,26895761.0,28.94,25274604.0,28.36,33520678.0,75.43859649122798,-0.20732550103663705,1.833568406205921,0.004172461752433909,0.005093000836361693
PFE,2019-05-31,28.74,28.94,28.57,28.62,28.62,22639288,Healthcare,28.812,28.788,28.4815,28.3904,28.665195084439528,28.472505595163845,0.19268948927568275,0.15515785293086093,28.88,17344308.0,28.9,25495944.0,28.7,25508486.0,64.39790575916231,-0.9688581314878819,-0.2787456445992986,-0.009002770083102463,0.004755617005195071
PFE,2019-06-03,28.7,29.08,28.65,28.9,28.9,22643082,Healthcare,28.808,28.819,28.5125,28.3896,28.701318917602677,28.50417184737393,0.19714707022874833,0.16355569639043843,28.62,22639288.0,28.92,15383341.0,28.59,29187684.0,72.59615384615381,-0.06915629322269412,1.0842952081147272,0.009783368273934334,0.005511105053866923
PFE,2019-06-04,29.28,29.47,28.98,29.11,29.11,18453537,Healthcare,28.854000000000003,28.863,28.544999999999998,28.4,28.764192930279187,28.549048006827714,0.21514492345147218,0.1738735418026452,28.9,22643082.0,28.88,49440610.0,28.67,24251591.0,74.3243243243243,0.7963988919667653,1.5347052668294392,0.00726643598615917,0.005836288003292799
PFE,2019-06-05,29.36,29.53,29.23,29.28,29.28,21418861,Healthcare,28.958,28.919,28.614000000000004,28.413199999999996,28.84354786408239,28.603192598914553,0.24035526516783534,0.18716988647568322,29.11,18453537.0,28.76,26895761.0,28.72,28785056.0,72.33009708737865,1.8080667593880273,1.9498607242339983,0.005839917554105067,0.005993832106572651
PFE,2019-06-06,29.5,29.7,29.28,29.44,29.44,24494222,Healthcare,29.07,28.969,28.687,28.422399999999996,28.93530973114664,28.665178332328292,0.27013139881834647,0.20376218894421588,29.28,21418861.0,28.88,17344308.0,28.94,25274604.0,69.6808510638298,1.939058171745156,1.727712508638568,0.005464480874316946,0.00579840791879979
PFE,2019-06-07,29.63,29.81,29.54,29.58,29.58,20023470,Healthcare,29.262,29.037,28.765500000000003,28.4398,29.03449284943177,28.732942900303975,0.3015499491277964,0.22331974098093202,29.44,24494222.0,28.62,22639288.0,28.9,25495944.0,75.9162303664921,3.3542976939203273,2.35294117647058,0.004755434782608647,0.005757120699594627
PFE,2019-06-10,29.81,29.81,29.41,29.69,29.69,15275727,Healthcare,29.419999999999998,29.113999999999997,28.8465,28.4558,29.135340103365344,28.803836018799977,0.33150408456536695,0.24495660969781902,29.58,20023470.0,28.9,22643082.0,28.92,15383341.0,76.2886597938144,2.733564013840839,2.662517289073296,0.0037187288708588895,0.005740198819707655
PFE,2019-06-11,29.78,29.85,29.33,29.41,29.41,18813162,Healthcare,29.48,29.167,28.919000000000004,28.4636,29.177595472078366,28.848737054444424,0.32885841763394197,0.26173697128504364,29.69,15275727.0,29.11,18453537.0,28.88,49440610.0,65.89861751152073,1.0305736860185544,1.835180055401664,-0.009430784776018886,0.006828754778801188
PFE,2019-06-12,29.27,29.76,29.27,29.7,29.7,16296843,Healthcare,29.564,29.261000000000003,29.002499999999998,28.4722,29.257965399450924,28.911793568930023,0.34617183052090184,0.2786239431322153,29.41,18813162.0,29.28,21418861.0,28.76,26895761.0,66.96428571428565,1.434426229508201,3.2684283727399066,0.009860591635498128,0.006899253683519572
PFE,2019-06-13,29.69,29.74,29.21,29.3,29.3,14464042,Healthcare,29.536,29.303000000000004,29.049500000000002,28.4718,29.264432261073857,28.940549600861132,0.3238826602127247,0.2876756865483172,29.7,16296843.0,29.44,24494222.0,28.88,17344308.0,57.692307692307736,-0.47554347826087584,1.454293628808867,-0.013468013468013407,0.008664520342855562
PFE,2019-06-14,29.31,29.55,29.28,29.47,29.47,13197872,Healthcare,29.514,29.387999999999998,29.088,28.475800000000003,29.296058067062496,28.979768148945496,0.31628991811700047,0.29339853286205386,29.3,14464042.0,29.58,20023470.0,28.62,22639288.0,59.99999999999997,-0.37187288708586674,2.9699510831586284,0.005802047781569897,0.007906227636364753
PFE,2019-06-17,29.43,29.57,29.19,29.56,29.56,14094931,Healthcare,29.488,29.454,29.1365,28.483,29.33666451828365,29.022748286060644,0.3139162322230078,0.29750207273424467,29.47,13197872.0,29.69,15275727.0,28.9,22643082.0,62.14285714285718,-0.43785786460088794,2.283737024221444,0.00305395317271806,0.007538695738988723
PFE,2019-06-18,29.52,29.87,29.52,29.69,29.69,22833434,Healthcare,29.544,29.512,29.1875,28.4894,29.39102382316309,29.07217433894504,0.31884948421804893,0.3017715550310055,29.56,14094931.0,29.41,18813162.0,29.11,18453537.0,66.54804270462637,0.9520571234274078,1.9924424596358792,0.004397834912043486,0.007381066017113743
PFE,2019-06-19,29.76,30.05,29.7,29.98,29.98,21753611,Healthcare,29.6,29.582,29.2505,28.4994,29.481635542676457,29.13942068420837,0.3422148584680862,0.30986021571842165,29.69,22833434.0,29.7,16296843.0,29.28,21418861.0,68.45637583892622,0.9427609427609562,2.390710382513661,0.009767598518019449,0.0077055083832081065
PFE,2019-06-20,30.21,30.41,29.99,30.05,30.05,23500300,Healthcare,29.75,29.643,29.306,28.515,29.56907622841854,29.206871003896637,0.3622052245219045,0.32032921747911824,29.98,21753611.0,29.3,14464042.0,29.44,24494222.0,75.62724014336918,2.5597269624573427,2.0720108695652106,0.002334889926617789,0.00763004729699583
PFE,2019-06-21,30.02,30.33,29.85,30.1,30.1,38141203,Healthcare,29.875999999999998,29.695,29.365999999999996,28.533199999999997,29.650756808661843,29.273028707311703,0.3777281013501401,0.33180899425332266,30.05,23500300.0,29.47,13197872.0,29.58,20023470.0,73.43750000000003,2.13776722090262,1.7579445571332064,0.0016638935108153063,0.007571975038690819
PFE,2019-06-24,30.12,30.26,29.96,30.16,30.16,24624075,Healthcare,29.996000000000002,29.742,29.428000000000004,28.5588,29.72910191502156,29.33873028454787,0.3903716304736875,0.3435215214973957,30.1,38141203.0,29.56,14094931.0,29.69,15275727.0,71.78423236514524,2.0297699594046037,1.583024587403159,0.001993355481727521,0.007542237815493956
PFE,2019-06-25,30.23,30.53,30.16,30.16,30.16,28429015,Healthcare,30.090000000000003,29.816999999999997,29.492,28.592,29.795393928095166,29.399565078285065,0.39582884981010125,0.3539829871599368,30.16,24624075.0,29.69,22833434.0,29.41,18813162.0,69.64285714285714,1.583024587403159,2.5501530091805558,0.0,0.006531993406344842
PFE,2019-06-26,30.11,30.19,29.3,29.63,29.63,41009348,Healthcare,30.02,29.809999999999995,29.535500000000003,28.6094,29.769948708388217,29.41663433174543,0.35331437664278553,0.3538492650565066,30.16,28429015.0,29.98,21753611.0,29.7,16296843.0,53.639846743294974,-1.1674449633088724,-0.2356902356902335,-0.017572944297082227,0.008561644241696054
PFE,2019-06-27,29.65,30.03,29.65,29.94,29.94,21994977,Healthcare,29.998,29.873999999999995,29.5885,28.649,29.796110445559258,29.455402159023546,0.34070828653571184,0.3512210693523477,29.63,41009348.0,30.05,23500300.0,29.3,14464042.0,56.47482014388493,-0.3660565723793696,2.1843003412969297,0.010462369220384904,0.007747590648169966
PFE,2019-06-28,29.95,30.14,29.63,29.86,29.86,39726209,Healthcare,29.95,29.913,29.6505,28.7012,29.80593960778091,29.485372369466244,0.32056723831466627,0.34509030314481143,29.94,21994977.0,30.1,38141203.0,29.47,13197872.0,53.09090909090906,-0.7973421926910418,1.3233797081778187,-0.002672010688042792,0.007772049787926098
PFE,2019-07-01,29.99,30.25,29.87,30.17,30.17,21341392,Healthcare,29.951999999999998,29.974,29.714000000000006,28.766399999999997,29.86194889889154,29.53608552728356,0.32586337160797996,0.3412449168374452,29.86,39726209.0,30.16,24624075.0,29.56,14094931.0,63.66906474820144,0.03315649867374759,2.063599458728027,0.010381781647689214,0.008280142785329533
PFE,2019-07-02,30.11,30.48,30.09,30.48,30.48,16541898,Healthcare,30.016000000000002,30.053000000000004,29.782500000000006,28.843400000000003,29.95703368367746,29.60600511785515,0.35102856582230757,0.34320164663441766,30.17,21341392.0,30.16,28429015.0,29.69,22833434.0,63.92857142857142,1.0610079575596787,2.6608285618053173,0.01027510772290352,0.00866301779744028
PFE,2019-07-03,30.58,30.72,30.32,30.6,30.6,10297580,Healthcare,30.21,30.115,29.848499999999994,28.9168,30.055951578496312,29.6796343683844,0.3763172101119139,0.3498247593299169,30.48,16541898.0,29.63,41009348.0,29.98,21753611.0,75.79365079365074,3.273709078636533,2.068045363575721,0.003937007874015741,0.008321216563015684
PFE,2019-07-05,30.54,30.57,30.18,30.27,30.27,18295227,Healthcare,30.276,30.137,29.890000000000004,28.9842,30.088882104881492,29.72336515591148,0.3655169489700114,0.3529631972579358,30.6,10297580.0,29.94,21994977.0,30.05,23500300.0,64.92537313432831,1.1022044088176308,0.7321131447587392,-0.010784313725490269,0.009258072197946832
PFE,2019-07-08,30.19,30.24,29.63,29.85,29.85,23955312,Healthcare,30.274,30.112000000000002,29.903499999999998,29.04,30.0521310118228,29.732745514732855,0.31938549708994657,0.3462476572243379,30.27,18295227.0,29.86,39726209.0,30.1,38141203.0,54.81727574750833,-0.033489618218340844,-0.830564784053156,-0.013875123885034646,0.010332756173254277
PFE,2019-07-09,29.93,30.19,29.85,29.9,29.9,14223308,Healthcare,30.22,30.086000000000002,29.914000000000005,29.0918,30.02872624077314,29.745134735863754,0.2835915049093849,0.33371642676134733,29.85,23955312.0,30.17,21341392.0,30.16,24624075.0,53.58361774744023,-0.894928737156131,-0.8620689655172487,0.0016750418760467234,0.010323730817903255
PFE,2019-07-10,30.09,30.41,29.94,30.37,30.37,15298599,Healthcare,30.198,30.107000000000006,29.962,29.1582,30.08122989603881,29.7914210517257,0.2898088443131108,0.3249349102717,29.9,14223308.0,30.48,16541898.0,30.16,28429015.0,56.270096463022504,-0.3608923884514392,0.696286472148544,0.015719063545150513,0.011582023767791461
PFE,2019-07-11,29.86,30.03,29.21,29.63,29.63,38383518,Healthcare,30.004,30.107000000000006,29.958500000000004,29.1958,30.01180991203284,29.779463936783056,0.2323459752497854,0.30641712326731707,30.37,15298599.0,30.6,10297580.0,29.63,41009348.0,44.44444444444443,-3.1699346405228868,0.0,-0.024366150806717224,0.012900593950778944
PFE,2019-07-12,29.58,29.63,28.96,29.23,29.23,33580967,Healthcare,29.796000000000003,30.036,29.954999999999995,29.2232,29.89153146402779,29.738762904428754,0.15276855959903557,0.2756874105336608,29.63,38383518.0,30.27,18295227.0,29.94,21994977.0,39.46731234866829,-3.435744962008591,-2.371409485637943,-0.013499831252109296,0.012982043607256985
PFE,2019-07-15,29.14,29.48,29.12,29.47,29.47,20363912,Healthcare,29.72,29.997000000000003,29.955000000000002,29.2522,29.82668046956198,29.718854541137738,0.10782592842424066,0.2421151141117768,29.23,33580967.0,29.85,23955312.0,29.86,39726209.0,41.995359628770295,-1.2730318257956563,-1.306095110515737,0.008210742387957604,0.013398801016426539
PFE,2019-07-16,29.5,29.62,29.28,29.54,29.54,19553386,Healthcare,29.648000000000003,29.933999999999997,29.953999999999997,29.277399999999997,29.782575781937062,29.705606056609017,0.0769697253280448,0.2090860363550304,29.47,20363912.0,29.9,14223308.0,30.17,21341392.0,42.922374429223744,-1.2040133779264162,-2.088167053364276,0.002375296912114022,0.012855878107043382
PFE,2019-07-17,29.7,29.77,29.45,29.46,29.46,16341532,Healthcare,29.465999999999998,29.832,29.942500000000003,29.297399999999996,29.73294873856213,29.68741301537872,0.04553572318340926,0.17637597372070618,29.54,19553386.0,30.37,15298599.0,30.48,16541898.0,47.83715012722649,-2.996378004609812,-3.34645669291338,-0.0027081922816519777,0.01210860104941661
PFE,2019-07-18,29.54,29.68,29.33,29.68,29.68,13728877,Healthcare,29.476,29.740000000000002,29.927500000000002,29.333000000000002,29.72480277878334,29.686863903128444,0.037938875654894844,0.14868855410754392,29.46,16341532.0,29.63,38383518.0,30.6,10297580.0,46.614583333333314,0.1687478906513773,-3.0065359477124187,0.00746775288526802,0.01239225136490933
PFE,2019-07-19,29.77,29.78,29.48,29.48,29.48,23552579,Healthcare,29.526,29.660999999999994,29.898999999999994,29.363000000000003,29.687140812816672,29.671540651044854,0.015600161771818222,0.12207087564039878,29.68,13728877.0,29.23,33580967.0,30.27,18295227.0,45.202020202020215,0.855285665412242,-2.6098447307565165,-0.006738544474393482,0.012173203744671249
PFE,2019-07-22,29.52,29.65,29.33,29.52,29.52,12552086,Healthcare,29.536,29.628000000000004,29.870000000000005,29.3932,29.66142684161411,29.660315417634123,0.0011114239799852044,0.09787898530831607,29.48,23552579.0,29.47,20363912.0,29.85,23955312.0,41.1924119241192,0.1696640651509984,-1.1055276381909618,0.0013568521031206426,0.01153842240977481
PFE,2019-07-23,29.54,29.8,29.47,29.7,29.7,19586904,Healthcare,29.568,29.607999999999997,29.846999999999998,29.425800000000002,29.667361173673477,29.66325501632789,0.004106157345585615,0.07912441971576999,29.52,12552086.0,29.54,19553386.0,29.9,14223308.0,39.04494382022469,0.5416384563303955,-0.6688963210702337,0.0060975609756097615,0.011737545083178341
PFE,2019-07-24,29.64,29.64,29.21,29.56,29.56,18117838,Healthcare,29.588,29.527000000000005,29.817,29.457800000000002,29.650844070031404,29.655606496599898,-0.004762426568493794,0.06234705045891723,29.7,19586904.0,29.46,16341532.0,30.37,15298599.0,35.47486033519547,0.33944331296673624,-2.667105696410943,-0.004713804713804781,0.010265594246906267
PFE,2019-07-25,29.52,29.64,29.32,29.41,29.41,17514634,Healthcare,29.534,29.504999999999995,29.806,29.4854,29.613791136180417,29.637413422777684,-0.023622286597266395,0.04515318304768051,29.56,18117838.0,29.68,13728877.0,29.63,38383518.0,37.352941176470566,-0.9097035040431245,-0.7424907188660068,-0.005074424898511509,0.007036271635396127
PFE,2019-07-26,29.41,29.76,29.25,29.7,29.7,21062187,Healthcare,29.577999999999996,29.552,29.794000000000004,29.512199999999996,29.627054038306504,29.642049465534893,-0.014995427228388536,0.0331234609924667,29.41,17514634.0,29.48,23552579.0,29.23,33580967.0,47.70642201834858,0.746268656716409,1.6079370509750168,0.009860591635498128,0.006144195139930769
PFE,2019-07-29,29.07,29.64,28.5,28.57,28.57,64559186,Healthcare,29.387999999999998,29.462,29.7295,29.5096,29.4644303401055,29.56263839401379,-0.09820805390828724,0.006857158012315911,29.7,21062187.0,29.52,12552086.0,29.47,20363912.0,34.712643678160916,-3.2181571815718124,-3.053953172718016,-0.038047138047137996,0.013561435677743958
PFE,2019-07-30,27.45,27.74,26.61,26.74,26.74,95739668,Healthcare,28.796,29.182,29.558,29.472599999999996,29.0452872108585,29.353554068531285,-0.30826685767278406,-0.05616764512470408,28.57,64559186.0,29.7,19586904.0,29.54,19553386.0,18.213660245183817,-9.966329966329967,-9.478672985781989,-0.06405320266013304,0.023359247351841632
PFE,2019-07-31,26.61,27.34,26.55,26.77,26.77,56309423,Healthcare,28.238,28.913,29.372499999999995,29.4346,28.695243024572576,29.16217969308452,-0.46693666851194493,-0.13832144980215227,26.74,95739668.0,29.56,18117838.0,29.46,16341532.0,21.399999999999963,-9.438430311231393,-9.131025118805159,0.0011219147344803115,0.023516681233865147
PFE,2019-08-01,26.65,26.87,26.22,26.61,26.61,51624920,Healthcare,27.677999999999997,28.605999999999995,29.173000000000002,29.3924,28.374436405407565,28.97312934544863,-0.5986929400410652,-0.23039574784993488,26.77,56309423.0,29.41,17514634.0,29.68,13728877.0,22.478991596638608,-9.520571234274055,-10.343665768194066,-0.005976839745984286,0.022827530031518342
PFE,2019-08-02,26.61,26.81,26.26,26.44,26.44,29153640,Healthcare,27.026,28.302000000000003,28.9815,29.3424,28.076830804575632,28.78549013467466,-0.708659330099028,-0.32604846429975354,26.61,51624920.0,29.7,21062187.0,29.48,23552579.0,17.697228144989325,-10.976430976430972,-10.312075983717772,-0.0063885757234122265,0.022834403491515037
PFE,2019-08-05,26.27,26.32,25.33,25.71,25.71,46030183,Healthcare,26.454,27.921,28.7745,29.2786,27.712702988487074,28.557676050624686,-0.8449730621376119,-0.4298333838673252,26.44,29153640.0,28.57,64559186.0,29.52,12552086.0,14.205607476635493,-10.010500525026245,-12.906504065040647,-0.02760968229954619,0.022988418833874927
PFE,2019-08-06,25.87,25.96,25.37,25.71,25.71,31985843,Healthcare,26.248,27.522,28.564999999999998,29.214399999999998,27.40459483641214,28.346737083911744,-0.9421422474996035,-0.5322951565937809,25.71,46030183.0,26.74,95739668.0,29.7,19586904.0,14.421252371916495,-3.8519072550486033,-13.434343434343432,0.0,0.022486880334714746
PFE,2019-08-07,25.5,25.59,24.95,25.45,25.45,32017253,Healthcare,25.984,27.111,28.319000000000006,29.145799999999998,27.10388793850258,28.13216396658495,-1.0282760280823702,-0.6314913308914988,25.71,31985843.0,26.77,56309423.0,29.56,18117838.0,10.169491525423709,-4.930892790437058,-13.903924221921516,-0.010112796577207428,0.02230084359127593
PFE,2019-08-08,25.53,25.71,25.46,25.65,25.65,23356429,Healthcare,25.792,26.734999999999996,28.119999999999997,29.0836,26.880212871040648,27.948299969060137,-1.0680870980194896,-0.7188104843170969,25.45,32017253.0,26.61,51624920.0,29.41,17514634.0,13.935969868173245,-3.6076662908680945,-12.784767086025163,0.007858546168958647,0.02327038367759637
PFE,2019-08-09,25.58,25.62,25.12,25.29,25.29,25391703,Healthcare,25.562,26.294,27.923000000000002,29.011799999999997,26.635564737034393,27.751388860240866,-1.1158241232064725,-0.7982132120949721,25.65,23356429.0,26.44,29153640.0,29.7,21062187.0,12.433392539964473,-4.34947049924358,-14.848484848484844,-0.014035087719298178,0.021804598332513324
PFE,2019-08-12,25.26,25.27,24.2,24.62,24.62,44212665,Healthcare,25.344,25.899,27.680500000000002,28.9318,26.325477854413716,27.51943412985265,-1.1939562754389357,-0.8773618247637649,25.29,25391703.0,25.71,46030183.0,28.57,64559186.0,8.496732026143775,-4.239595488136915,-13.825691284564224,-0.02649268485567413,0.02077194350250406
PFE,2019-08-13,24.65,24.91,24.46,24.49,24.49,45549453,Healthcare,25.1,25.674,27.428000000000004,28.843599999999995,26.043096646042375,27.29503160171542,-1.2519349556730432,-0.9522764509456205,24.62,44212665.0,25.71,31985843.0,26.74,95739668.0,8.510638297872333,-4.745235316997287,-8.414360508601348,-0.005280259951259247,0.01142809659383102
PFE,2019-08-14,24.3,24.34,23.79,23.82,23.82,38633421,Healthcare,24.774,25.379,27.145999999999997,28.737800000000004,25.70108177742047,27.0376218534402,-1.3365400760197303,-1.0291291759604424,24.49,45549453.0,25.45,32017253.0,26.77,56309423.0,7.843137254901947,-6.404715127701377,-11.019798281658566,-0.027358105349121975,0.012231279408745134
PFE,2019-08-15,23.86,24.06,23.63,23.99,23.99,30713665,Healthcare,24.442,25.116999999999997,26.861499999999996,28.632,25.43783842704809,26.811872086518704,-1.3740336594706157,-1.098110072662477,23.82,38633421.0,25.65,23356429.0,26.61,51624920.0,6.144393241167421,-6.471734892787529,-9.845922585494183,0.00713685978169587,0.01352818191211736
PFE,2019-08-16,24.16,24.36,24.0,24.11,24.11,30012334,Healthcare,24.206,24.884,26.593,28.5254,25.23355559211761,26.611733413443247,-1.378177821325636,-1.1541236223951088,23.99,30713665.0,25.29,25391703.0,26.44,29153640.0,9.454545454545453,-4.665875840253064,-8.812405446293504,0.005002084201750856,0.014342435076177067
PFE,2019-08-19,24.27,24.57,24.23,24.48,24.48,21997296,Healthcare,24.177999999999997,24.761,26.341,28.4234,25.117623962561055,26.45382723466967,-1.336203272108616,-1.1905395523378104,24.11,30012334.0,24.62,44212665.0,25.71,46030183.0,22.029702970297052,-0.5686433793663737,-4.784130688448074,0.015346329323931984,0.014609382171680002
PFE,2019-08-20,24.42,24.46,24.05,24.08,24.08,19932510,Healthcare,24.095999999999997,24.598,26.060000000000002,28.3112,24.95798950678243,26.277988180249697,-1.3199986734672677,-1.2164313765637018,24.48,21997296.0,24.49,45549453.0,25.71,31985843.0,19.501133786848058,-1.6741527153940394,-6.339945546479974,-0.016339869281045805,0.014924059321618275
PFE,2019-08-21,24.31,24.43,24.23,24.26,24.26,19208728,Healthcare,24.184,24.479,25.794999999999998,28.208199999999998,24.850606505738977,26.128507574305274,-1.2779010685662975,-1.228725314964221,24.08,19932510.0,23.82,38633421.0,25.45,32017253.0,23.476297968397333,1.8471872376154552,-4.675834970530445,0.007475083056478482,0.015467941463699059
PFE,2019-08-22,24.32,24.51,24.21,24.41,24.41,16933142,Healthcare,24.268,24.354999999999997,25.544999999999998,28.1024,24.782820889471445,26.00121071694933,-1.2183898274778855,-1.226658217466954,24.26,19208728.0,23.99,30713665.0,25.65,23356429.0,26.984126984126988,1.7507294706127663,-4.834307992202724,0.006183017312448413,0.015325585054688859
PFE,2019-08-23,24.5,24.59,23.77,23.89,23.89,27765311,Healthcare,24.224,24.215,25.2545,27.9942,24.64546382955276,25.84482473791605,-1.199360908363289,-1.2211987556462212,24.41,16933142.0,24.11,30012334.0,25.29,25391703.0,28.333333333333343,-0.9124844462878423,-5.53578489521549,-0.021302744776730775,0.015969090881848693
PFE,2019-08-26,24.09,24.25,23.99,24.24,24.24,17468680,Healthcare,24.176000000000002,24.177,25.038,27.8896,24.58308477885234,25.72594883140375,-1.1428640525514098,-1.205531815027259,23.89,27765311.0,24.48,21997296.0,24.62,44212665.0,33.846153846153825,-0.9803921568627527,-1.543460601137292,0.014650481372959323,0.015262030851418598
PFE,2019-08-27,24.36,24.41,23.87,23.89,23.89,24715351,Healthcare,24.138,24.116999999999997,24.8955,27.7762,24.476456351336594,25.58995262167014,-1.1134962703335454,-1.1871247060885164,24.24,17468680.0,24.08,19932510.0,24.49,45549453.0,33.189655172413794,-0.7890365448504855,-2.449979583503459,-0.014438943894389378,0.015783407177948752
PFE,2019-08-28,23.91,24.46,23.85,24.41,24.41,26047924,Healthcare,24.168,24.176,24.7775,27.6706,24.46623229728481,25.502548723768648,-1.036316426483836,-1.1569630501675805,23.89,24715351.0,24.26,19208728.0,23.82,38633421.0,37.5,0.6183017312448413,2.4769101595297993,0.021766429468396797,0.014751086125218667
PFE,2019-08-29,24.9,24.9,24.51,24.58,24.58,19610302,Healthcare,24.202,24.235000000000003,24.676,27.562599999999996,24.483735020779456,25.434211781267265,-0.9504767604878097,-1.1156657922316264,24.41,26047924.0,24.41,16933142.0,23.99,30713665.0,42.55765199161424,0.696435886931579,2.4593580658607728,0.00696435886931579,0.014745223139259134
PFE,2019-08-30,24.78,24.85,24.55,24.73,24.73,18873346,Healthcare,24.37,24.297,24.5905,27.4562,24.52162194065954,25.38204794561784,-0.860426004958299,-1.064617834776961,24.58,19610302.0,23.89,27765311.0,24.11,30012334.0,51.29411764705882,3.5161155295102553,2.5715470759021253,0.0061025223759154645,0.014769802895164066
PFE,2019-09-03,24.78,25.24,24.71,25.13,25.13,26624989,Healthcare,24.548,24.362000000000002,24.561500000000002,27.356800000000003,24.615218565173457,25.363377727423924,-0.7481591622504666,-1.0013261002716622,24.73,18873346.0,24.24,17468680.0,24.48,21997296.0,57.079646017699126,3.6716171617161786,2.655228758169925,0.016174686615446854,0.014851078948315468
PFE,2019-09-04,25.26,25.33,24.84,24.93,24.93,20649441,Healthcare,24.756,24.447,24.5225,27.2522,24.663646478223693,25.33127567354067,-0.6676291953169766,-0.9345867192807251,25.13,26624989.0,23.89,24715351.0,24.08,19932510.0,63.70370370370371,4.3532858936793595,3.5299003322259104,-0.007958615200954977,0.01385905990393184
PFE,2019-09-05,25.12,25.38,24.97,25.28,25.28,22096794,Healthcare,24.93,24.549,24.514,27.154600000000002,24.75847009695851,25.327477475500622,-0.5690073785421106,-0.8614708511330023,24.93,20649441.0,24.41,26047924.0,24.26,19208728.0,65.24822695035465,3.5641130684145983,4.204451772464957,0.014039310068191035,0.014215874000985059
PFE,2019-09-06,25.3,25.44,25.12,25.39,25.39,20873416,Healthcare,25.092000000000002,24.647,24.501,27.0698,24.855628543580277,25.332108773611687,-0.4764802300314095,-0.7844727269126838,25.28,22096794.0,24.58,19610302.0,24.41,16933142.0,65.1658767772512,3.295362082994324,4.0147480540762,0.004351265822784889,0.014199533567774767
PFE,2019-09-09,25.46,25.63,25.14,25.62,25.62,24675616,Healthcare,25.27,24.82,24.517500000000002,26.983399999999996,24.973224152260237,25.353434049640448,-0.3802098973802117,-0.7036201610061894,25.39,20873416.0,24.73,18873346.0,23.89,27765311.0,63.97058823529414,3.59886777193692,7.241523650062787,0.009058684521465077,0.011084036693262914
PFE,2019-09-10,25.46,26.01,25.06,26.01,26.01,32250397,Healthcare,25.446,24.997000000000003,24.587,26.906399999999998,25.132728128835584,25.402068564481898,-0.2693404356463134,-0.6167642159342143,25.62,24675616.0,25.13,26624989.0,24.24,17468680.0,73.71007371007377,3.5017906884202255,7.30198019801982,0.015222482435597318,0.011128882411981546
PFE,2019-09-11,26.26,26.27,25.67,26.03,26.03,16963181,Healthcare,25.666000000000004,25.211000000000002,24.663999999999998,26.823600000000003,25.27076995516857,25.448582004149905,-0.17781204898133396,-0.5289737825436382,26.01,32250397.0,24.93,20649441.0,23.89,24715351.0,72.63427109974428,4.412354592860024,8.957722896609454,0.0007689350249904248,0.008607737217319993
PFE,2019-09-12,26.14,26.17,25.78,25.94,25.94,16692303,Healthcare,25.798000000000002,25.364,24.77,26.732799999999997,25.373728423604177,25.48498333717584,-0.1112549135716634,-0.4454300087492433,26.03,16963181.0,25.28,22096794.0,24.41,26047924.0,69.87012987012992,2.610759493670889,6.2679229823842775,-0.0034575489819439476,0.00801190243896178
PFE,2019-09-13,26.01,26.16,25.47,25.68,25.68,24099605,Healthcare,25.856,25.473999999999997,24.854499999999998,26.6344,25.420847127665073,25.499429015903555,-0.07858188823848167,-0.372060384647091,25.94,16692303.0,25.39,20873416.0,24.58,19610302.0,74.93036211699166,1.1421819614021222,4.475183075671274,-0.010023130300694016,0.009480799153632013
PFE,2019-09-16,25.37,25.76,25.29,25.62,25.62,19877070,Healthcare,25.856,25.563,24.93,26.541400000000003,25.45148603110122,25.508360199910697,-0.05687416880947893,-0.3090231414795686,25.68,24099605.0,25.62,24675616.0,24.73,18873346.0,70.90909090909096,0.0,3.59886777193692,-0.002336448598130758,0.009688479493658092
PFE,2019-09-17,25.6,25.6,25.29,25.39,25.39,22091945,Healthcare,25.732,25.589000000000002,24.9755,26.452199999999998,25.44202664170103,25.499592777695092,-0.057566135994061796,-0.25873174038246727,25.62,19877070.0,26.01,32250397.0,25.13,26624989.0,73.58490566037736,-2.3836985774702057,1.0346199761241515,-0.00897736143637784,0.00931425233582614
PFE,2019-09-18,25.44,25.55,25.23,25.31,25.31,19679550,Healthcare,25.588,25.627,25.037,26.3604,25.421714850670103,25.485548868236197,-0.0638340175660943,-0.21975219581919267,25.39,22091945.0,26.03,16963181.0,24.93,20649441.0,66.42335766423355,-2.766039185555136,1.524267950260727,-0.003150846790074935,0.008911900966525456
PFE,2019-09-19,25.34,25.58,25.28,25.4,25.4,17746409,Healthcare,25.48,25.639,25.094,26.261,25.418374104413164,25.479211915033517,-0.06083781062035243,-0.18796931877942463,25.31,19679550.0,25.94,16692303.0,25.28,22096794.0,65.41353383458645,-2.0817270624518214,0.4746835443037778,0.0035559067562227487,0.00783041551430465
PFE,2019-09-20,25.67,25.92,25.38,25.53,25.53,45990658,Healthcare,25.45,25.653000000000002,25.15,26.179000000000002,25.435547319118832,25.482973995401405,-0.0474266762825728,-0.1598607902800543,25.4,17746409.0,25.68,24099605.0,25.39,20873416.0,65.15151515151514,-0.5841121495327006,0.551398188263108,0.005118110236220552,0.007875931844926404
PFE,2019-09-23,25.31,25.46,25.21,25.21,25.21,17295191,Healthcare,25.368,25.612000000000002,25.216,26.0986,25.40084773156209,25.46275369944575,-0.0619059678836571,-0.14026982580077485,25.53,45990658.0,25.62,19877070.0,25.62,24675616.0,51.56250000000003,-1.6003122560499627,-1.6003122560499627,-0.012534273403838614,0.008243863618219237
PFE,2019-09-24,25.23,25.45,25.03,25.05,25.05,24186560,Healthcare,25.3,25.516000000000002,25.2565,26.0102,25.34687115747562,25.432179351338654,-0.08530819386303534,-0.12927749941322697,25.21,17295191.0,25.39,22091945.0,26.01,32250397.0,52.380952380952394,-1.3391098857818085,-3.6908881199538723,-0.006346687822292751,0.0058258563852062175
PFE,2019-09-25,24.98,25.29,24.84,24.98,24.98,20269685,Healthcare,25.234,25.410999999999998,25.311,25.919,25.290429440940905,25.398684584572827,-0.10825514363192212,-0.125073028256966,25.05,24186560.0,25.31,19679550.0,26.03,16963181.0,43.30357142857143,-1.3038324772816967,-4.033807145601232,-0.0027944111776446734,0.005625054986554769
PFE,2019-09-26,25.1,25.21,24.75,24.89,24.89,17059728,Healthcare,25.131999999999998,25.306,25.335,25.827600000000004,25.22882491156538,25.36100424497484,-0.13217933340946075,-0.12649428928746495,24.98,20269685.0,25.4,17746409.0,25.94,16692303.0,38.73873873873877,-2.0078740157480235,-4.047802621434082,-0.0036028823058447124,0.005623413479268617
PFE,2019-09-27,24.95,25.28,24.85,25.2,25.2,17583671,Healthcare,25.066,25.258000000000003,25.366000000000003,25.737999999999996,25.22439030978609,25.349078004606334,-0.124687694820242,-0.12613297039402036,24.89,17059728.0,25.53,45990658.0,25.68,24099605.0,40.86956521739129,-1.292596944770863,-1.869158878504673,0.012454801124949677,0.007253129176500713
PFE,2019-09-30,25.24,25.26,24.99,25.0,25.0,17205391,Healthcare,25.024,25.196,25.3795,25.648399999999995,25.189868723665153,25.323220374635493,-0.13335165097034007,-0.12757670650928432,25.2,17583671.0,25.21,17295191.0,25.62,19877070.0,26.066350710900466,-0.8330027766759285,-2.4199843871975046,-0.007936507936507908,0.007505672224253814
PFE,2019-10-01,25.0,25.06,24.65,24.65,24.65,22013001,Healthcare,24.944,25.122,25.3555,25.551,25.106811996947435,25.273352198736568,-0.16654020178913242,-0.13536940556525395,25.0,17205391.0,25.05,24186560.0,25.39,22091945.0,21.721311475409834,-1.5968063872255578,-2.9145332808192315,-0.014000000000000012,0.008134812325809265
PFE,2019-10-02,24.53,24.54,24.11,24.14,24.14,22458000,Healthcare,24.776,25.005,25.316,25.4398,24.958071689724754,25.18940018401534,-0.23132849429058666,-0.15456122331032052,24.65,22013001.0,24.98,20269685.0,25.31,19679550.0,18.531468531468562,-3.3626901521216945,-4.622678783089684,-0.020689655172413723,0.009890477259385843
PFE,2019-10-03,24.15,24.68,24.07,24.66,24.66,22076135,Healthcare,24.73,24.931,25.285000000000004,25.3418,24.912214506690177,25.15018535556976,-0.2379708488795842,-0.17124314842417326,24.14,22458000.0,24.89,17059728.0,25.4,17746409.0,33.65384615384616,-0.9240658899156262,-2.913385826771653,0.02154101077050541,0.012770064580331803
PFE,2019-10-04,24.69,25.03,24.66,25.0,25.0,18065349,Healthcare,24.69,24.878,25.2655,25.253600000000002,24.92571996719938,25.139060514416446,-0.21334054721706508,-0.17966262818275164,24.66,22076135.0,25.2,17583671.0,25.53,45990658.0,40.882352941176464,-0.7936507936507908,-2.075989032510772,0.013787510137875048,0.01363807880944741
PFE,2019-10-07,24.92,25.23,24.91,24.93,24.93,11759373,Healthcare,24.676,24.85,25.231,25.1582,24.92637843378409,25.123574550385598,-0.19719611660150704,-0.18316932586650272,25.0,18065349.0,25.0,17205391.0,25.21,17295191.0,42.90123456790122,-0.28000000000000247,-1.1106703689012343,-0.0028000000000000247,0.013141976742880293
PFE,2019-10-08,24.8,24.96,24.64,24.65,24.65,14761270,Healthcare,24.676,24.81,25.163,25.079799999999995,24.883858674740384,25.08849495406074,-0.20463627932035422,-0.18746271655727303,24.93,11759373.0,24.65,22013001.0,25.05,24186560.0,40.406976744186046,0.0,-1.5968063872255578,-0.011231448054552784,0.013448401135235592
PFE,2019-10-09,24.8,24.97,24.72,24.83,24.83,13634333,Healthcare,24.814,24.794999999999998,25.103,25.041600000000003,24.875572724780326,25.069347179685867,-0.19377445490554024,-0.18872506422692648,24.65,14761270.0,24.14,22458000.0,24.98,20269685.0,41.926345609065145,2.858326429163216,-0.6004803843074558,0.007302231237322543,0.01371897877640867
PFE,2019-10-10,24.82,25.05,24.77,24.9,24.9,12198680,Healthcare,24.862,24.796,25.051000000000002,25.004199999999997,24.879330767121814,25.05680294415358,-0.17747217703176688,-0.18647448678789458,24.83,13634333.0,24.66,22076135.0,24.89,17059728.0,40.922190201729066,0.9732360097323589,0.04017677782242046,0.002819170358437484,0.013708808361633266
PFE,2019-10-11,25.14,25.45,25.1,25.12,25.12,18446054,Healthcare,24.886,24.788,25.023000000000003,24.9744,24.916356802949228,25.061484207549615,-0.14512740460038742,-0.17820507035039315,24.9,12198680.0,25.0,18065349.0,25.2,17583671.0,48.66468842729971,0.48000000000001375,-0.31746031746030523,0.008835341365462046,0.013391194254384682
PFE,2019-10-14,25.16,25.29,25.03,25.26,25.26,8700981,Healthcare,24.952,24.814,25.005000000000003,24.9508,24.969224987110884,25.07618908106446,-0.1069640939535752,-0.16395687507102957,25.12,18446054.0,24.93,11759373.0,25.0,17205391.0,53.13432835820896,1.3237063778580138,1.0399999999999965,0.005573248407643394,0.013208365643485126
PFE,2019-10-15,25.36,25.56,25.33,25.39,25.39,15178232,Healthcare,25.1,24.887999999999998,25.005000000000003,24.944399999999995,25.03395960447844,25.099434334318943,-0.06547472984050273,-0.14426044602492422,25.26,8700981.0,24.65,14761270.0,24.65,22013001.0,56.011730205278596,3.0020283975659368,3.0020283975659368,0.005146476642913678,0.012116688873668445
PFE,2019-10-16,25.49,25.57,25.27,25.28,25.28,14435795,Healthcare,25.19,25.002000000000002,25.0035,24.935800000000004,25.07181197302022,25.112809568813837,-0.04099759579361617,-0.12360787597866262,25.39,15178232.0,24.83,13634333.0,24.14,22458000.0,55.68513119533528,1.812323801852611,4.722452361226193,-0.004332414336352897,0.009346462379222705
PFE,2019-10-17,25.39,25.61,25.3,25.37,25.37,15312090,Healthcare,25.284000000000002,25.073,25.002,24.9342,25.117687054094034,25.131860711864665,-0.014173657770630399,-0.10172103233705618,25.28,14435795.0,24.9,12198680.0,24.66,22076135.0,52.647975077881654,1.887550200803223,2.87915652879156,0.0035601265822784445,0.0072285322515861575
PFE,2019-10-18,25.35,25.53,25.29,25.37,25.37,14219198,Healthcare,25.334,25.110000000000003,24.994,24.928600000000003,25.156504430387262,25.14950065913395,0.007003771253312863,-0.07997607161898238,25.37,15312090.0,25.12,18446054.0,25.0,18065349.0,56.14617940199337,0.9952229299363013,1.4800000000000146,0.0,0.006148087359261107
PFE,2019-10-21,25.5,25.52,25.3,25.37,25.37,13237081,Healthcare,25.356,25.154000000000003,25.002,24.9302,25.189349902635374,25.165833943642546,0.02351595899282799,-0.05927766549662031,25.37,14219198.0,25.26,8700981.0,24.93,11759373.0,63.53383458646621,0.4354711005542411,1.7649418371440184,0.0,0.005992940973068887
PFE,2019-10-22,25.33,25.53,25.22,25.35,25.35,14549416,Healthcare,25.348000000000003,25.224,25.017000000000003,24.9448,25.214065302229933,25.179475873743097,0.03458942848683577,-0.040504246699929095,25.37,13237081.0,25.39,15178232.0,24.65,14761270.0,77.88018433179724,-0.15754233950373564,2.8397565922920975,-0.0007883326763894472,0.004081075217766268
PFE,2019-10-23,25.26,25.59,25.2,25.58,25.58,14000598,Healthcare,25.407999999999998,25.299,25.047,24.966600000000003,25.270362948040713,25.209144327539907,0.06121862050080651,-0.020159673259781977,25.35,14549416.0,25.28,14435795.0,24.83,13634333.0,74.46808510638294,1.186708860759489,3.0205396697543296,0.009072978303747314,0.004328486561429438
PFE,2019-10-24,25.57,25.63,25.23,25.32,25.32,19998385,Healthcare,25.398,25.341,25.0685,24.996599999999997,25.27799941757291,25.217355858833244,0.06064355873966676,-0.003999026859892228,25.58,14000598.0,25.37,15312090.0,24.9,12198680.0,58.88888888888891,-0.19708316909736734,1.6867469879518149,-0.010164190774042181,0.006006793741073507
PFE,2019-10-25,25.33,25.66,25.26,25.58,25.58,17497665,Healthcare,25.44,25.387,25.0875,25.028399999999998,25.324461045638614,25.24421838780856,0.08024265783005546,0.01284931007809731,25.32,19998385.0,25.37,14219198.0,25.12,18446054.0,66.3316582914573,0.8277493102089029,1.8312101910827883,0.010268562401263726,0.006209881283097007
PFE,2019-10-28,25.65,26.08,25.62,25.94,25.94,25800339,Healthcare,25.554,25.455000000000002,25.1345,25.065,25.4191593463096,25.295757766489405,0.12340157982019306,0.03495976402651646,25.58,17497665.0,25.37,13237081.0,25.26,8700981.0,81.15942028985519,2.2467481277098855,2.692003167062551,0.014073494917904661,0.00726993424628104
PFE,2019-10-29,26.44,26.97,26.38,26.58,26.58,32212032,Healthcare,25.8,25.574,25.231,25.107,25.59775021610812,25.39088682082352,0.20686339528459996,0.06934049027813316,25.94,25800339.0,25.35,14549416.0,25.39,15178232.0,84.58498023715423,4.852071005917158,4.686884600236296,0.024672320740169562,0.010082862123449032
PFE,2019-10-30,26.72,27.01,26.65,26.77,26.77,22019430,Healthcare,26.038,25.723000000000003,25.3625,25.160800000000005,25.77809633670687,25.49304335261437,0.28505298409249846,0.11248298904100623,26.58,32212032.0,25.58,14000598.0,25.28,14435795.0,85.28301886792461,4.6520719311962555,5.8939873417721556,0.007148231753197898,0.009589748360742632
PFE,2019-10-31,26.71,26.84,26.56,26.7,26.7,24539860,Healthcare,26.314,25.856,25.464499999999997,25.209600000000002,25.919927669521197,25.58244754871701,0.3374801208041873,0.15748241539364247,26.77,22019430.0,25.32,19998385.0,25.37,15312090.0,81.60000000000005,5.450236966824651,5.24241229798974,-0.0026148673888681806,0.00994124801673569
PFE,2019-11-01,26.92,27.09,26.71,26.71,26.71,19263220,Healthcare,26.54,25.99,25.55,25.2556,26.04147725882563,25.665969952515752,0.3755073063098777,0.20108739357688954,26.7,24539860.0,25.58,17497665.0,25.37,14219198.0,80.59071729957813,4.417513682564511,5.281828931809218,0.0003745318352059712,0.009920302856648747
PFE,2019-11-04,26.93,26.95,26.46,26.46,26.46,17709730,Healthcare,26.644,26.099,25.6265,25.307,26.105865372852456,25.724786993070143,0.38107837978231274,0.2370855908179742,26.71,19263220.0,25.94,25800339.0,25.37,13237081.0,71.48594377510045,2.004626060138781,4.296413086322426,-0.009359790340696339,0.010862671010073708
PFE,2019-11-05,26.46,26.51,26.07,26.08,26.08,21688474,Healthcare,26.544,26.171999999999997,25.698,25.343799999999998,26.101886084721308,25.75109906765754,0.3507870170637659,0.25982587606713253,26.46,17709730.0,26.58,32212032.0,25.35,14549416.0,64.49275362318836,-1.8811136192626088,2.8796844181459447,-0.014361300075585892,0.012315520233509023
PFE,2019-11-06,26.17,26.25,25.99,26.17,26.17,18757722,Healthcare,26.424,26.231,25.765000000000004,25.389400000000002,26.112365148610337,25.782128766349576,0.330236382260761,0.27390797730585825,26.08,21688474.0,26.77,22019430.0,25.58,14000598.0,64.4927536231884,-2.241314904744107,2.3064894448788342,0.0034509202453989474,0.012129894654588828
PFE,2019-11-07,26.27,26.4,25.91,25.93,25.93,22727297,Healthcare,26.27,26.292,25.816499999999998,25.4198,26.084308971901052,25.79308219106442,0.2912267808366309,0.27737173801201276,26.17,18757722.0,26.7,24539860.0,25.32,19998385.0,59.3333333333333,-2.883895131086145,2.4091627172195818,-0.009170806266717735,0.012019598927290556
PFE,2019-11-08,25.91,26.1,25.87,26.03,26.03,26626886,Healthcare,26.133999999999997,26.337,25.862000000000002,25.448800000000002,26.075953745454736,25.810631658392985,0.265322087061751,0.2749618078219604,25.93,22727297.0,26.71,19263220.0,25.58,17497665.0,60.64516129032257,-2.5458629726694104,1.7591868647380826,0.0038565368299268155,0.01172343267053643
PFE,2019-11-11,25.93,26.0,25.82,25.94,25.94,12542916,Healthcare,26.03,26.337,25.895999999999997,25.473000000000003,26.055037784615546,25.820214498512023,0.23482328610352354,0.266934103478273,26.03,26626886.0,26.46,17709730.0,25.94,25800339.0,59.30599369085172,-1.9652305366591016,0.0,-0.0034575489819439476,0.01097199535672628
PFE,2019-11-12,25.87,26.05,25.78,25.97,25.97,13338370,Healthcare,26.008000000000003,26.276,25.925,25.489799999999995,26.041955048520848,25.831309720844466,0.21064532767638156,0.25567634831789476,25.94,12542916.0,26.08,21688474.0,26.58,32212032.0,56.56565656565656,-0.4217791411042948,-2.2949586155003754,0.0011565150346952713,0.006858152635572463
PFE,2019-11-13,25.96,25.96,25.5,25.71,25.71,25855252,Healthcare,25.916000000000004,26.169999999999998,25.946500000000004,25.505399999999998,25.990885041056103,25.82232381559673,0.16856122545937424,0.23825332374619065,25.97,13338370.0,26.17,18757722.0,26.77,22019430.0,56.56565656565656,-1.7577378677875455,-3.9596563317146005,-0.010011551790527484,0.006360803603406586
PFE,2019-11-14,25.68,25.82,25.51,25.68,25.68,25190600,Healthcare,25.865999999999996,26.068,25.962,25.5134,25.943056573201318,25.81178131073771,0.13127526246360688,0.21685771148967392,25.71,25855252.0,25.93,22727297.0,26.7,24539860.0,51.824817518248196,-0.9641342074816817,-3.8202247191011174,-0.001166861143523934,0.006412458303429055
PFE,2019-11-15,25.73,26.32,25.65,26.19,26.19,36378810,Healthcare,25.898000000000003,26.016000000000002,26.003000000000004,25.5294,25.981047869631887,25.839797509942326,0.14125035968956112,0.20173624112965138,25.68,25190600.0,26.03,26626886.0,26.71,19263220.0,54.32525951557093,0.614675374567808,-1.9468363908648478,0.01985981308411211,0.009872270187515733
PFE,2019-11-18,26.27,26.3,25.96,26.15,26.15,18084532,Healthcare,25.939999999999998,25.985000000000003,26.042,25.54,26.007040505073135,25.86277547216882,0.1442650329043147,0.19024199948458403,26.19,36378810.0,25.94,12542916.0,26.46,17709730.0,40.61135371179046,0.8095605242868009,-1.171579743008322,-0.00152730049637273,0.009520917274604362
PFE,2019-11-19,26.29,26.47,26.22,26.46,26.46,26475110,Healthcare,26.038,26.023000000000003,26.097500000000004,25.549,26.076726581215727,25.90701432608224,0.16971225513348642,0.18613605061436453,26.15,18084532.0,25.97,13338370.0,26.08,21688474.0,43.568464730290515,1.8867924528301883,1.4570552147239457,0.011854684512428326,0.009073851710993532
PFE,2019-11-20,26.39,26.48,26.0,26.03,26.03,19947582,Healthcare,26.101999999999997,26.009000000000004,26.119999999999997,25.548999999999996,26.069537876413307,25.916124376002074,0.15341350041123292,0.17959154057373822,26.46,26475110.0,25.71,25855252.0,26.17,18757722.0,37.906137184115615,1.2446518864255074,-0.534963698891866,-0.016250944822373437,0.010608558125053763
PFE,2019-11-21,26.14,26.65,26.02,26.51,26.51,20942664,Healthcare,26.268,26.067,26.1795,25.5604,26.137301280042028,25.960115162964883,0.17718611707714516,0.17911045587441962,26.03,19947582.0,25.68,25190600.0,25.93,22727297.0,46.9135802469136,3.2320872274143264,2.236791361357504,0.01844026123703424,0.011639969191326439
PFE,2019-11-22,26.55,26.98,26.48,26.93,26.93,25544006,Healthcare,26.416000000000004,26.157,26.246999999999996,25.5854,26.25925492926633,26.03195848422674,0.22729644503958824,0.18874765370745336,26.51,20942664.0,26.19,36378810.0,26.03,26626886.0,56.89149560117299,2.825505918289428,3.457548981943903,0.015843078083741968,0.012412426897543485
PFE,2019-11-25,27.03,27.31,27.01,27.17,27.17,31592385,Healthcare,26.619999999999997,26.28,26.3085,25.6164,26.39936955553305,26.116257855765504,0.28311169976754513,0.20762046291947173,26.93,25544006.0,26.15,18084532.0,25.94,12542916.0,66.66666666666666,3.9005736137667446,4.741711642251345,0.008911994058670603,0.012260322471534548
PFE,2019-11-26,27.07,27.11,26.73,26.9,26.9,34620633,Healthcare,26.708000000000006,26.373,26.3245,25.6466,26.476389623912578,26.174312829412504,0.3020767945000742,0.22651172923559224,27.17,31592385.0,26.46,26475110.0,25.97,13338370.0,60.57971014492746,1.6628873771730834,3.581055063534855,-0.009937430990062723,0.013091445359541426
PFE,2019-11-27,26.96,27.19,26.93,27.14,27.14,19201034,Healthcare,26.93,26.516,26.343,25.683200000000003,26.57848352792603,26.245845212418985,0.3326383155070438,0.2477370464898826,26.9,34620633.0,26.03,19947582.0,25.71,25855252.0,67.53623188405794,4.264310411064165,5.56203811746403,0.008921933085501932,0.012245701331527538
PFE,2019-11-29,27.07,27.31,27.05,27.06,27.06,9793873,Healthcare,27.04,26.653999999999996,26.361,25.7164,26.652562985168178,26.306152974462023,0.34641001070615474,0.267471639333137,27.14,19201034.0,26.51,20942664.0,25.68,25190600.0,65.01457725947513,2.0746887966804906,5.373831775700921,-0.0029476787030214835,0.012365704513892068
PFE,2019-12-02,27.25,27.26,26.87,26.9,26.9,15645998,Healthcare,27.034,26.725,26.3705,25.7438,26.690630218219226,26.350141643020393,0.34048857519883313,0.28207502650627625,27.06,9793873.0,26.93,25544006.0,26.19,36378810.0,63.71428571428563,-0.11139992573339086,2.710958381061457,-0.00591278640059123,0.011663712170290358
PFE,2019-12-03,26.67,26.83,26.58,26.73,26.73,20869832,Healthcare,26.946000000000005,26.783000000000005,26.384000000000004,25.7742,26.69668710772396,26.378279299092956,0.3184078086310045,0.2893415829312219,26.9,15645998.0,27.17,31592385.0,26.15,18084532.0,60.43956043956043,-1.619433198380571,2.2179732313575506,-0.00631970260223047,0.011953368952319882
PFE,2019-12-04,26.86,26.88,26.62,26.79,26.79,14501248,Healthcare,26.924,26.816000000000003,26.4195,25.809,26.71104293730489,26.408777128789776,0.30226580851511287,0.2919264280480001,26.73,20869832.0,26.9,34620633.0,26.46,26475110.0,65.69767441860458,-0.4089219330855043,1.2471655328798015,0.002244668911335568,0.011472967440919085
PFE,2019-12-05,26.95,26.95,26.55,26.72,26.72,13098058,Healthcare,26.839999999999996,26.885,26.447000000000003,25.8438,26.71242094695029,26.431830674805347,0.28059027214494137,0.2896591968673884,26.79,14501248.0,27.14,19201034.0,26.03,19947582.0,64.94252873563212,-1.547531319086226,2.6507875528236635,-0.0026129152668906697,0.009850857369470825
PFE,2019-12-06,26.89,27.06,26.85,26.9,26.9,12868708,Healthcare,26.808,26.924,26.4955,25.883999999999997,26.74127926280409,26.466509884079027,0.27476937872506113,0.2866812332389229,26.72,13098058.0,27.06,9793873.0,26.51,20942664.0,61.269841269841194,-0.591278640059123,1.4711429649188812,0.006736526946107713,0.00834886389740049
PFE,2019-12-09,26.76,26.96,26.76,26.92,26.92,15641571,Healthcare,26.812,26.923000000000002,26.540000000000003,25.918400000000002,26.76877476083423,26.500101744517618,0.2686730163166118,0.2830795898544607,26.9,12868708.0,26.9,15645998.0,26.93,25544006.0,62.3003194888179,0.07434944237918462,-0.03713330857778585,0.0007434944237918462,0.006659680052604057
PFE,2019-12-10,26.88,27.1,26.83,27.03,27.03,19171311,Healthcare,26.872000000000003,26.909,26.5945,25.959,26.808963259167424,26.539353467145943,0.2696097920214804,0.2803856302878646,26.92,15641571.0,26.73,20869832.0,27.17,31592385.0,59.72696245733787,1.122334455667784,-0.5152741994847276,0.004086181277860312,0.006091346594056034
PFE,2019-12-11,26.95,27.09,26.83,26.85,26.85,15569372,Healthcare,26.884000000000004,26.904000000000003,26.6385,26.003,26.8152766039109,26.56236432143143,0.2529122824794676,0.27489096072618524,27.03,19171311.0,26.79,14501248.0,26.9,34620633.0,65.29850746268653,0.22396416573349232,-0.18587360594793934,-0.006659267480577102,0.005594996422598104
PFE,2019-12-12,26.81,27.13,26.81,27.07,27.07,13414469,Healthcare,26.954,26.897000000000002,26.7065,26.0616,26.854464818693838,26.59996696428836,0.25449785440547856,0.2708123394620439,26.85,15569372.0,26.72,13098058.0,27.14,19201034.0,61.570247933884254,1.3098802395209663,-0.2579218865143673,0.00819366852886394,0.005466744764879591
PFE,2019-12-13,27.06,27.17,26.74,26.93,26.93,16678496,Healthcare,26.96,26.883999999999997,26.769,26.107000000000003,26.866085615817862,26.624413855822553,0.24167175999530954,0.26498422356869705,27.07,13414469.0,26.9,12868708.0,27.06,9793873.0,50.0,0.11152416356878803,-0.48041389504803744,-0.005171776874769107,0.005631682754695043
PFE,2019-12-16,27.19,27.68,27.16,27.49,27.49,24187824,Healthcare,27.074,26.943,26.834000000000003,26.156800000000004,26.962072444153577,26.688531347983844,0.2735410961697333,0.2666955980889043,26.93,16678496.0,26.92,15641571.0,26.9,15645998.0,56.504065040650325,2.117384843982162,2.1933085501858685,0.02079465280356474,0.008409818400784586
PFE,2019-12-17,27.71,27.71,27.28,27.33,27.33,29038016,Healthcare,27.133999999999997,27.002999999999997,26.893,26.2048,27.018676683514563,26.736047544429486,0.2826291390850777,0.26988230628813903,27.49,24187824.0,27.03,19171311.0,26.73,20869832.0,59.14893617021276,1.1098779134295134,2.244668911335568,-0.005820298290287407,0.008354883952528497
PFE,2019-12-18,27.4,27.45,27.14,27.32,27.32,27339390,Healthcare,27.228,27.056,26.936,26.258200000000002,27.065034116820016,26.77930328187915,0.28573083494086404,0.27305201201868406,27.33,29038016.0,26.85,15569372.0,26.79,14501248.0,54.24528301886793,1.7504655493482346,1.9783501306457785,-0.00036589828027799864,0.008395874661933212
PFE,2019-12-19,27.4,27.5,27.26,27.38,27.38,22022276,Healthcare,27.29,27.122000000000003,27.003500000000003,26.3092,27.113490406540013,26.82379933507329,0.28969107146672357,0.27637982390829197,27.32,27339390.0,27.07,13414469.0,26.72,13098058.0,57.61904761904764,1.1451791651274412,2.470059880239517,0.002196193265007196,0.00823903917540272
PFE,2019-12-20,27.64,27.78,27.38,27.56,27.56,58199772,Healthcare,27.415999999999997,27.188,27.056,26.3624,27.182184190149243,26.878332717660456,0.3038514724887875,0.28187415362439106,27.38,22022276.0,26.93,16678496.0,26.9,12868708.0,65.56603773584911,2.3393984404010304,2.4535315985130035,0.006574141709276837,0.00822985807969873
PFE,2019-12-23,27.69,27.76,27.49,27.62,27.62,17454345,Healthcare,27.441999999999997,27.258,27.0905,26.412399999999998,27.24954046858782,26.933271034870792,0.31626943371702865,0.2887532096429186,27.56,58199772.0,27.49,24187824.0,26.92,15641571.0,72.1393034825871,0.47289923608586637,2.600297176820199,0.002177068214804123,0.008209151467462256
PFE,2019-12-24,27.63,27.71,27.54,27.6,27.6,5187683,Healthcare,27.496,27.315000000000005,27.112000000000002,26.4592,27.30345731957431,26.982658365621102,0.3207989539532079,0.2951623585049765,27.62,17454345.0,27.33,29038016.0,27.03,19171311.0,70.55837563451783,0.9879253567508295,2.1087680355160954,-0.0007241129616220032,0.008253235711245165
PFE,2019-12-26,27.61,27.8,27.54,27.66,27.66,9384078,Healthcare,27.564,27.395999999999997,27.15,26.5046,27.358310039639804,27.03283182001954,0.32547821962026546,0.3012255307280343,27.6,5187683.0,27.32,27339390.0,26.85,15569372.0,73.97959183673476,1.2445095168374776,3.016759776536304,0.0021739130434781373,0.007660707130787517
PFE,2019-12-27,27.7,27.83,27.57,27.62,27.62,10117662,Healthcare,27.612000000000002,27.451,27.173999999999996,26.551399999999997,27.39857003354137,27.07632575927735,0.3222442742640226,0.305429279435232,27.66,9384078.0,27.38,22022276.0,27.07,13414469.0,69.78021978021988,0.8765522279035931,2.0317694865164437,-0.001446131597975353,0.007540500572647689
PFE,2019-12-30,27.61,27.69,27.32,27.33,27.33,11554264,Healthcare,27.566000000000003,27.490999999999996,27.1875,26.5906,27.38802079761193,27.095116443775325,0.2929043538366045,0.3029242943155065,27.62,10117662.0,27.56,58199772.0,26.93,16678496.0,59.808612440191325,-0.834542815674888,1.485332343111767,-0.010499637943519269,0.00826043764996345
PFE,2019-12-31,27.25,27.54,27.19,27.52,27.52,15175703,Healthcare,27.546,27.494,27.2185,26.633599999999998,27.408325290287017,27.126589299791966,0.2817359904950507,0.29868663355141534,27.33,11554264.0,27.62,17454345.0,27.49,24187824.0,61.29032258064513,-0.3620564808110127,0.10913059294288541,0.00695206732528364,0.005297368025122015
PFE,2020-01-02,27.61,27.64,27.31,27.49,27.49,16514072,Healthcare,27.524,27.51,27.2565,26.676,27.42089063024286,27.153508610918486,0.2673820193243728,0.2924257107060068,27.52,15175703.0,27.6,5187683.0,27.33,29038016.0,65.84158415841577,-0.3985507246376918,0.5854372484449311,-0.0010901162790698526,0.004904446697931662
PFE,2020-01-03,27.2,27.57,27.16,27.35,27.35,14922848,Healthcare,27.462,27.512999999999998,27.2845,26.716000000000005,27.409984379436267,27.168063528628227,0.2419208508080395,0.2823247387264134,27.49,16514072.0,27.66,9384078.0,27.32,27339390.0,57.21649484536087,-1.1207519884309458,0.10980966325035979,-0.005092761004001356,0.005224652855348658
PFE,2020-01-06,27.27,27.4,27.19,27.31,27.31,15771951,Healthcare,27.4,27.506,27.314,26.7506,27.394602167215304,27.178577341322434,0.21602482589286964,0.26906475615970465,27.35,14922848.0,27.62,10117662.0,27.38,22022276.0,60.32608695652171,-1.1223750905141272,-0.2556610664718795,-0.001462522851919612,0.005191266685245314
PFE,2020-01-07,27.48,27.49,27.17,27.22,27.22,20108107,Healthcare,27.378000000000004,27.472,27.330000000000002,26.788600000000002,27.367740295336027,27.181645686409663,0.1860946089263642,0.2524707267130366,27.31,15771951.0,27.33,11554264.0,27.56,58199772.0,40.145985401459875,-0.4024881083058873,-1.2336719883889735,-0.003295496155254485,0.004662267104798499
PFE,2020-01-08,27.23,27.55,27.22,27.44,27.44,16403507,Healthcare,27.362000000000002,27.454,27.356,26.825800000000005,27.378857172976637,27.20078304297191,0.1780741300047275,0.2375914073713748,27.22,20108107.0,27.52,15175703.0,27.62,17454345.0,53.846153846153946,-0.29069767441859407,-0.651701665459814,0.008082292432035398,0.005449395990450397
PFE,2020-01-09,27.59,27.59,27.25,27.32,27.32,21971895,Healthcare,27.327999999999996,27.426,27.3705,26.8534,27.369802223287927,27.209613928677694,0.16018829461023287,0.22211078481914642,27.44,16403507.0,27.49,16514072.0,27.6,5187683.0,50.0,-0.6184066933430321,-1.0144927536231974,-0.004373177842565634,0.00557633287907341
PFE,2020-01-10,27.38,27.84,27.38,27.74,27.74,21557357,Healthcare,27.406,27.434000000000005,27.415,26.876600000000003,27.426755727397477,27.24890178581268,0.17785394158479662,0.21325941617227645,27.32,21971895.0,27.35,14922848.0,27.66,9384078.0,59.473684210526265,1.4259597806215663,0.2892263195950706,0.015373352855051259,0.007605451080981454
PFE,2020-01-13,27.83,27.94,27.54,27.68,27.68,15392405,Healthcare,27.48,27.439999999999998,27.4455,26.894799999999996,27.465716384720942,27.280834986863592,0.18488139785734958,0.2075838125092911,27.74,21557357.0,27.31,15771951.0,27.62,10117662.0,53.370786516853954,1.354815086049066,0.21723388848660097,-0.002162941600576729,0.007627238456173695
PFE,2020-01-14,27.7,28.16,27.61,28.15,28.15,20919160,Healthcare,27.666000000000004,27.522,27.5065,26.9238,27.570990787071565,27.345217580429253,0.22577320664231237,0.21122169133589536,27.68,15392405.0,27.22,20108107.0,27.33,11554264.0,62.100456621004504,3.4166054371785437,3.000365898280277,0.01697976878612706,0.008251400274537642
PFE,2020-01-15,28.23,28.71,28.22,28.57,28.57,23925800,Healthcare,27.892000000000003,27.627,27.560499999999998,26.961,27.72468451213748,27.43594220410116,0.2887423080363192,0.22672581467598013,28.15,20919160.0,27.44,16403507.0,27.52,15175703.0,68.72586872586868,4.118075801749277,3.8154069767441845,0.01492007104795734,0.00902486373988133
PFE,2020-01-16,28.65,28.66,28.32,28.53,28.53,16216422,Healthcare,28.133999999999997,27.731,27.6205,27.002399999999998,27.848579202577866,27.51698352231589,0.3315956802619766,0.24769978779317942,28.57,23925800.0,27.32,21971895.0,27.49,16514072.0,66.9260700389105,4.428989751098089,3.7831938886867977,-0.0014000700035001756,0.00904399026748331
PFE,2020-01-17,28.5,28.67,28.39,28.46,28.46,23083970,Healthcare,28.278000000000002,27.842000000000002,27.6775,27.05,27.94264394064281,27.586836594736937,0.35580734590587326,0.2693212994157182,28.53,16216422.0,27.74,21557357.0,27.35,14922848.0,66.15384615384612,2.595529920692141,4.058500914076779,-0.002453557658604999,0.008792047165802888
PFE,2020-01-21,28.37,28.56,28.23,28.34,28.34,23115696,Healthcare,28.410000000000004,27.945,27.7255,27.093400000000003,28.003775642082378,27.642626476608275,0.36114916547410303,0.2876868726273952,28.46,23083970.0,27.68,15392405.0,27.31,15771951.0,70.78189300411523,2.384393063583823,3.7715122665690215,-0.0042164441321153046,0.00902298077551426
PFE,2020-01-22,28.32,28.39,28.08,28.23,28.23,18097812,Healthcare,28.426,28.046,27.759000000000004,27.139400000000002,28.03857938945432,27.686135626489143,0.35244376296517643,0.3006382506949514,28.34,23115696.0,28.15,20919160.0,27.22,20108107.0,65.10638297872342,0.2841918294849144,3.710506980161643,-0.003881439661256203,0.009075533327113814
PFE,2020-01-23,28.23,28.68,28.19,28.6,28.6,27148510,Healthcare,28.432,28.162,27.808000000000003,27.1908,28.124951791076732,27.753829283786246,0.3711225072904867,0.3147351020140585,28.23,18097812.0,28.57,23925800.0,27.44,16403507.0,70.6319702602231,0.10500525026251317,4.2274052478134205,0.013106624158696567,0.009476146870265378
PFE,2020-01-24,28.76,28.78,27.85,27.97,27.97,34143698,Healthcare,28.32,28.227000000000004,27.8265,27.231399999999997,28.101113053988005,27.769841929431706,0.3312711245562987,0.3180423065225066,28.6,27148510.0,28.53,16216422.0,27.32,21971895.0,59.74842767295592,-1.962846126883988,2.3792093704245953,-0.02202797202797213,0.012432187217921688
PFE,2020-01-27,27.68,28.4,27.57,28.21,28.21,31964026,Healthcare,28.27,28.274,27.854000000000003,27.2762,28.117864891836003,27.802446230955283,0.3154186608807201,0.3175175773941493,27.97,34143698.0,28.46,23083970.0,27.74,21557357.0,63.31360946745563,-0.8784258608573459,1.6943042537851616,0.008580622095101909,0.011816345105748936
PFE,2020-01-28,27.62,27.74,26.66,26.79,26.79,70202408,Healthcare,27.96,28.185000000000002,27.8125,27.297800000000002,27.913577985399698,27.727450213847487,0.18612777155221139,0.2912396162257617,28.21,31964026.0,28.34,23115696.0,27.68,15392405.0,45.435244161358824,-5.4693013408609765,-3.2153179190751446,-0.050336760014179416,0.02033537887394953
PFE,2020-01-29,26.78,26.96,26.38,26.4,26.4,34165726,Healthcare,27.594,28.009999999999998,27.766,27.312199999999997,27.680719833799746,27.629120568377303,0.05159926542244264,0.24331154606509792,26.79,70202408.0,28.23,18097812.0,28.15,20919160.0,39.344262295081954,-6.482465462274178,-6.216696269982236,-0.014557670772676445,0.019299041822863985
PFE,2020-01-30,26.33,26.38,26.04,26.31,26.31,32316589,Healthcare,27.136000000000003,27.784,27.7055,27.3146,27.469839859369017,27.531407933682686,-0.061568074313669285,0.1823356219893445,26.4,34165726.0,28.6,27148510.0,28.57,23925800.0,39.58762886597938,-8.006993006993014,-7.910395519775992,-0.003409090909090917,0.017886170301229642
PFE,2020-01-31,26.21,26.58,26.19,26.43,26.43,33894005,Healthcare,26.827999999999996,27.574,27.652499999999996,27.3202,27.309864496389167,27.449822160817302,-0.13995766442813462,0.11787696470584869,26.31,32316589.0,27.97,34143698.0,28.53,16216422.0,35.60439560439565,-5.5058991776903765,-7.360672975814941,0.004561003420752607,0.018228830511282452
PFE,2020-02-03,26.58,27.0,26.47,26.62,26.62,20875735,Healthcare,26.509999999999998,27.389999999999997,27.615999999999996,27.323400000000003,27.203731496944677,27.388353852608613,-0.1846223556639366,0.057377100631891644,26.43,33894005.0,28.21,31964026.0,28.46,23083970.0,38.67521367521371,-5.636299184686278,-6.465214335910052,0.007188800605372636,0.018770262039421195
PFE,2020-02-04,27.02,27.14,26.7,26.75,26.75,31150865,Healthcare,26.502,27.231,27.588,27.3378,27.133926651260882,27.341068382045012,-0.20714173078413012,0.00447333434868729,26.62,20875735.0,26.79,70202408.0,28.34,23115696.0,33.870967741935544,-0.1493094438223208,-5.610444601270292,0.00488354620586029,0.019110730503067126
PFE,2020-02-05,26.86,27.37,26.84,27.09,27.09,29443490,Healthcare,26.639999999999997,27.117,27.5815,27.3494,27.127168704913053,27.322470724115753,-0.19530201920269974,-0.03548173636159012,26.75,31150865.0,26.4,34165726.0,28.23,18097812.0,32.629107981220685,2.6136363636363624,-4.038257173219984,0.012710280373831706,0.01997611718583861
PFE,2020-02-06,27.28,27.32,26.99,27.15,27.15,21047748,Healthcare,26.808,26.972,27.566999999999997,27.3538,27.130681211849506,27.309695114921993,-0.17901390307248732,-0.06418816970376956,27.09,29443490.0,26.31,32316589.0,28.6,27148510.0,33.87850467289719,3.192702394526803,-5.069930069930084,0.00221483942414169,0.019226877506946086
PFE,2020-02-07,27.22,27.25,26.92,27.0,27.0,21903596,Healthcare,26.922000000000004,26.875,27.551,27.3504,27.110576410026503,27.286754736038883,-0.17617832601237993,-0.08658620096549163,27.15,21047748.0,26.43,33894005.0,27.97,34143698.0,33.25688073394497,2.156640181611813,-3.4680014301036732,-0.0055248618784530246,0.018290188010409353
PFE,2020-02-10,27.12,27.12,26.77,26.83,26.83,19998385,Healthcare,26.964,26.737000000000002,27.5055,27.349,27.067410808483963,27.252921051887853,-0.18551024340388977,-0.10637100945317127,27.0,21903596.0,26.62,20875735.0,28.21,31964026.0,32.87981859410432,0.788880540946657,-4.891882311237161,-0.006296296296296355,0.01780893730257461
PFE,2020-02-11,26.89,27.06,26.8,27.03,27.03,16027335,Healthcare,27.02,26.761000000000003,27.473000000000003,27.346799999999998,27.06165529948643,27.236408381377643,-0.17475308189121463,-0.12004742394077994,26.83,19998385.0,26.75,31150865.0,26.79,70202408.0,36.6666666666667,1.0467289719626294,0.8958566629339471,0.00745434215430496,0.008189151691484275
PFE,2020-02-12,27.03,27.1,26.77,26.78,26.78,22944315,Healthcare,26.958,26.799,27.404499999999995,27.3412,27.018323714950057,27.202600353127448,-0.1842766381773906,-0.1328932667881021,27.03,16027335.0,27.09,29443490.0,26.4,34165726.0,29.223744292237484,-1.1443337024732325,1.4393939393939403,-0.009248982611912648,0.007184590899428309
PFE,2020-02-13,26.67,26.67,26.18,26.21,26.21,22099745,Healthcare,26.77,26.788999999999998,27.2865,27.327399999999997,26.893966220342357,27.129074401043933,-0.23510818070157669,-0.15333624957079703,26.78,22944315.0,27.15,21047748.0,26.31,32316589.0,29.62962962962969,-3.462246777163891,-0.3800836183960432,-0.021284540702016463,0.010143309654564898
PFE,2020-02-14,26.24,26.29,25.85,25.91,25.91,21006747,Healthcare,26.552,26.737000000000002,27.1555,27.311,26.74258680182815,27.038772593559198,-0.2961857917310482,-0.18190615800284726,26.21,22099745.0,27.0,21903596.0,26.43,33894005.0,23.74429223744295,-4.037037037037039,-1.9674612183125273,-0.01144601297214809,0.010540229328951328
PFE,2020-02-18,25.94,26.02,25.74,25.77,25.77,17988513,Healthcare,26.339999999999996,26.651999999999997,27.021000000000004,27.290599999999998,26.59295806308536,26.94478943848074,-0.35183137539538123,-0.21589120148135407,25.91,21006747.0,26.83,19998385.0,26.62,20875735.0,33.54838709677422,-3.9508013417815846,-3.193087903831715,-0.005403319181783162,0.01007086042575458
PFE,2020-02-19,25.83,25.9,25.7,25.71,25.71,17750941,Healthcare,26.076,26.548000000000002,26.889499999999998,27.2704,26.457118361072226,26.853323554148833,-0.3962051930766073,-0.2519539998004047,25.77,17988513.0,27.03,16027335.0,26.75,31150865.0,37.54512635379067,-4.883462819089901,-3.887850467289722,-0.002328288707799664,0.009678729623992278
PFE,2020-02-20,25.34,25.59,25.13,25.44,25.44,42953135,Healthcare,25.808,26.383,26.75,27.241200000000003,26.30063861321496,26.74863292050818,-0.447994307293218,-0.2911620612989674,25.71,17750941.0,26.78,22944315.0,27.09,29443490.0,35.254237288135656,-5.003734129947723,-6.0908084163898035,-0.010501750291715295,0.007861245116692358
PFE,2020-02-21,25.38,25.42,25.21,25.35,25.35,32425256,Healthcare,25.636000000000003,26.203000000000003,26.5875,27.2098,26.154386518874198,26.645030481952016,-0.49064396307781877,-0.33105844165473763,25.44,42953135.0,26.21,22099745.0,27.15,21047748.0,31.506849315068536,-3.2811903853490976,-6.62983425414364,-0.003537735849056589,0.007369167743289446
PFE,2020-02-24,24.87,25.12,24.55,24.6,24.6,37969296,Healthcare,25.374000000000002,25.963,26.419,27.161199999999997,25.91525013135509,26.493546742548165,-0.5782966111930747,-0.38050607556240507,25.35,32425256.0,25.91,21006747.0,27.0,21903596.0,20.977011494252878,-5.055962948668458,-8.888888888888879,-0.029585798816568087,0.010262392547136463
PFE,2020-02-25,24.61,24.65,23.92,24.08,24.08,41878898,Healthcare,25.036,25.688,26.2125,27.1058,25.63290395730046,26.314765502359414,-0.681861545058954,-0.4407771694617149,24.6,37969296.0,25.77,17988513.0,26.83,19998385.0,15.503875968992261,-6.558013193636015,-10.24972046216921,-0.021138211382113914,0.01084938272029713
PFE,2020-02-26,24.3,24.99,24.14,24.64,24.64,47920005,Healthcare,24.822,25.448999999999998,26.105,27.057199999999998,25.48014950233116,26.190708798480937,-0.7105592961497784,-0.49473359479932766,24.08,41878898.0,25.71,17750941.0,27.03,16027335.0,20.04889975550128,-4.161804745235321,-8.842027376988536,0.023255813953488413,0.014367767199088466
PFE,2020-02-27,24.44,25.34,24.2,24.2,24.2,55444827,Healthcare,24.574,25.191,25.994999999999997,27.002599999999997,25.283203425049443,26.04324888748235,-0.760045462432906,-0.5477959683260434,24.64,47920005.0,25.44,42953135.0,26.78,22944315.0,17.002237136465396,-4.874213836477992,-9.634055265123232,-0.017857142857142905,0.014631674859260892
PFE,2020-02-28,23.77,24.09,23.08,23.72,23.72,66057447,Healthcare,24.248,24.942,25.865499999999997,26.9272,25.042710590426452,25.871156377298473,-0.8284457868720203,-0.6039259320352388,24.2,55444827.0,25.35,32425256.0,26.21,22099745.0,15.833333333333414,-6.4299802761341285,-9.500190766882877,-0.01983471074380172,0.014513953020800505
PFE,2020-03-02,24.06,24.8,23.74,24.75,24.75,42034469,Healthcare,24.278,24.826,25.7815,26.8756,24.997678191899304,25.788107756757842,-0.7904295648585382,-0.6412266585998987,23.72,66057447.0,24.6,37969296.0,25.91,21006747.0,31.625441696113114,0.6097560975609762,-4.477035893477421,0.04342327150084313,0.022183516875233733
PFE,2020-03-03,24.97,25.39,24.03,24.34,24.34,46174475,Healthcare,24.33,24.683,25.6675,26.816,24.896496931607103,25.68084051551652,-0.7843435839094148,-0.6698500436618019,24.75,42034469.0,24.08,41878898.0,25.77,17988513.0,27.08688245315163,1.0797342192691017,-5.549088086922782,-0.01656565656565656,0.02252063552538632
PFE,2020-03-04,24.91,25.87,24.8,25.83,25.83,38712155,Healthcare,24.567999999999998,24.695,25.621499999999997,26.785,25.040112788282933,25.691889366218998,-0.6517765779360651,-0.6662353505166546,24.34,46174475.0,24.64,47920005.0,25.71,17750941.0,43.31926863572432,4.829545454545436,0.4667444574095514,0.06121610517666376,0.030907765823900805
PFE,2020-03-05,25.3,25.68,24.95,25.16,25.16,35096303,Healthcare,24.759999999999998,24.666999999999998,25.525,26.737,25.05855697470094,25.652490153906477,-0.5939331792055356,-0.6517749162544308,25.83,38712155.0,24.2,55444827.0,25.44,42953135.0,42.71844660194174,3.966942148760344,-1.1006289308176154,-0.025938830816879532,0.03190909663482482
PFE,2020-03-06,24.62,24.96,24.21,24.85,24.85,40931036,Healthcare,24.985999999999997,24.617,25.410000000000004,26.681600000000003,25.026471286285414,25.593046438802293,-0.5665751525168794,-0.6347349635069206,25.16,35096303.0,23.72,66057447.0,25.35,32425256.0,42.659279778393355,4.7639123102867,-1.9723865877712021,-0.012321144674085849,0.03211743264284072
PFE,2020-03-09,23.74,24.62,23.53,23.96,23.96,43183856,Healthcare,24.828000000000003,24.553,25.258000000000003,26.608800000000002,24.862398780703042,25.472080035928048,-0.6096812552250057,-0.6297242218505377,24.85,40931036.0,24.75,42034469.0,24.6,37969296.0,38.64491844416564,-3.1919191919191903,-2.601626016260161,-0.035814889336016065,0.03277558925802343
PFE,2020-03-10,24.53,24.6,23.43,24.55,24.55,40548329,Healthcare,24.87,24.6,25.144,26.5466,24.81433742982565,25.403777811044492,-0.5894403812188429,-0.6216674537241987,23.96,43183856.0,24.34,46174475.0,24.08,41878898.0,43.1764705882353,0.8627773212818379,1.9518272425249172,0.024624373956594336,0.03302480015806913
PFE,2020-03-11,23.96,24.04,22.47,22.83,22.83,65350213,Healthcare,24.270000000000003,24.419,24.934,26.4508,24.50905474831401,25.21312760281897,-0.704072854504961,-0.6381485338803512,24.55,40548329.0,25.83,38712155.0,24.64,47920005.0,36.88442211055276,-11.614401858304301,-7.3457792207792245,-0.07006109979633413,0.03910679365420906
PFE,2020-03-12,21.63,22.71,21.29,21.3,21.3,62731445,Healthcare,23.497999999999998,24.128999999999998,24.66,26.3302,24.01535401780416,24.92326629890646,-0.9079122811022984,-0.6921012833247406,22.83,65350213.0,25.16,35096303.0,24.2,55444827.0,32.22124670763829,-15.341812400635924,-11.983471074380159,-0.06701708278580809,0.0434806866916277
PFE,2020-03-13,22.19,23.33,21.45,23.21,23.21,60553038,Healthcare,23.169999999999998,24.078,24.509999999999998,26.244,23.891453399680444,24.796357684172648,-0.9049042844922042,-0.7346618835582335,21.3,62731445.0,24.85,40931036.0,23.72,66057447.0,44.46215139442231,-6.599597585513084,-2.1500843170320305,0.08967136150234745,0.05380437577654969
PFE,2020-03-16,21.25,22.91,21.04,21.42,21.42,50995050,Healthcare,22.662,23.744999999999997,24.2855,26.122600000000002,23.511229799729605,24.546257114974672,-1.0350273152450669,-0.7947349698956001,23.21,60553038.0,23.96,43183856.0,24.75,42034469.0,40.37626628075254,-10.601001669449072,-13.454545454545453,-0.07712193020249891,0.05622527184789222
PFE,2020-03-17,22.45,23.17,21.71,22.82,22.82,54220606,Healthcare,22.316,23.593,24.137999999999998,26.031999999999996,23.404886753617358,24.41838621756914,-1.0134994639517814,-0.8384878687068364,21.42,50995050.0,24.55,40548329.0,24.34,46174475.0,43.79263301500682,-7.046843177189411,-6.244864420706653,0.065359477124183,0.06137032761937011
PFE,2020-03-18,21.84,23.14,21.51,22.96,22.96,43884976,Healthcare,22.342000000000002,23.306,24.000500000000002,25.945,23.336442637676228,24.310357608860315,-0.9739149711840867,-0.8655732892022865,22.82,54220606.0,22.83,65350213.0,25.83,38712155.0,45.6824512534819,0.5694261936049161,-11.111111111111105,0.006134969325153339,0.057117303941877
PFE,2020-03-19,22.86,22.89,21.3,21.59,21.59,59820929,Healthcare,22.4,22.949,23.808,25.832399999999996,23.06775915495681,24.108849637833625,-1.0410904828768146,-0.9006767279371922,22.96,43884976.0,21.3,62731445.0,25.16,35096303.0,43.01639344262295,1.3615023474178312,-14.18918918918919,-0.059668989547038365,0.05910809778102431
PFE,2020-03-20,21.49,21.76,20.52,20.59,20.59,52488989,Healthcare,21.875999999999998,22.523,23.57,25.6954,22.68656543880961,23.84819410910521,-1.1616286702956025,-0.9528671164088743,21.59,59820929.0,23.21,60553038.0,24.85,40931036.0,36.33377135348226,-11.288237828522195,-17.14285714285715,-0.04631773969430297,0.05999600138372014
PFE,2020-03-23,20.41,20.99,19.79,20.22,20.22,52853041,Healthcare,21.636000000000003,22.149,23.351,25.5534,22.307093832838902,23.579438989912234,-1.2723451570733317,-1.0167627245417659,20.59,52488989.0,21.42,50995050.0,23.96,43183856.0,36.429512516469025,-5.602240896358557,-15.609348914858101,-0.017969888295289005,0.059639223553637696
PFE,2020-03-24,20.94,21.32,20.51,21.08,21.08,44466784,Healthcare,21.288,21.802,23.201,25.4202,22.118310166248303,23.394295361029847,-1.2759851947815442,-1.0686072185897215,20.22,52853041.0,22.82,54220606.0,24.55,40548329.0,33.67697594501719,-7.62489044697634,-14.13441955193484,0.04253214638971303,0.061217097123649505
PFE,2020-03-25,20.93,21.8,20.58,21.11,21.11,44601275,Healthcare,20.918,21.630000000000003,23.0245,25.288800000000002,21.963185525287027,23.22508829724986,-1.2619027719628342,-1.107266329264344,21.08,44466784.0,22.96,43884976.0,22.83,65350213.0,35.442127965492446,-8.057491289198616,-7.533946561541827,0.0014231499051233776,0.05795841576413894
PFE,2020-03-26,21.21,22.7,21.2,22.53,22.53,43269967,Healthcare,21.106,21.753,22.941000000000003,25.176399999999997,22.050387752165946,23.173600275231355,-1.1232125230654084,-1.1104555680245571,21.11,44601275.0,21.59,59820929.0,21.3,62731445.0,42.27696404793608,4.353867531264477,5.774647887323936,0.06726669824727627,0.05788321484161197
PFE,2020-03-27,21.86,22.52,21.76,21.93,21.93,38290344,Healthcare,21.374000000000002,21.625,22.851499999999998,25.0436,22.031866559525028,23.08148173632533,-1.0496151768003017,-1.0982874897797061,22.53,43269967.0,20.59,52488989.0,23.21,60553038.0,43.10930074677529,6.508013598834395,-5.5148642826368,-0.026631158455392878,0.05069355225338122
PFE,2020-03-30,22.03,23.31,22.03,23.18,23.18,29943508,Healthcare,21.966,21.801,22.773,24.936600000000002,22.208502473444252,23.08877938548642,-0.8802769120421665,-1.0546853742321982,21.93,38290344.0,20.22,52853041.0,21.42,50995050.0,45.549057829759576,14.638971315529181,8.216619981325856,0.05699954400364793,0.04694883466358192
PFE,2020-03-31,22.99,23.42,22.88,23.16,23.16,29466151,Healthcare,22.381999999999998,21.835,22.714000000000002,24.8306,22.354886708298984,23.094054986561495,-0.7391682782625111,-0.9915819550382607,23.18,29943508.0,21.08,44466784.0,22.82,54220606.0,51.20525931336743,9.86717267552184,1.4899211218229569,-0.0008628127696289623,0.04256829353890516
PFE,2020-04-01,22.65,22.91,22.38,22.53,22.53,26709625,Healthcare,22.666,21.792,22.549,24.7144,22.381827214714527,23.05227313570509,-0.6704459209905629,-0.9273547482287212,23.16,29466151.0,21.11,44601275.0,22.96,43884976.0,54.80844409695074,6.726669824727627,-1.8728222996515664,-0.02720207253886009,0.04352832885470478
PFE,2020-04-02,22.64,23.42,22.53,23.33,23.33,27186876,Healthcare,22.826,21.966,22.457500000000003,24.6164,22.527699950912293,23.07284549602323,-0.5451455451109375,-0.8509129076051646,22.53,26709625.0,22.53,43269967.0,21.59,59820929.0,50.513698630136986,3.550821127385695,8.05928670680871,0.03550821127385695,0.039504675570940534
PFE,2020-04-03,23.16,24.05,23.16,23.87,23.87,32837370,Healthcare,23.214,22.294,22.408499999999997,24.5218,22.734207650771943,23.131893977799287,-0.3976863270273441,-0.7602675914896005,23.33,27186876.0,21.93,38290344.0,20.59,52488989.0,61.744966442953015,8.846329229366168,15.93006313744536,0.02314616373767686,0.03460267226107073
PFE,2020-04-06,24.07,24.77,23.97,24.53,24.53,40503217,Healthcare,23.484,22.725,22.437,24.453000000000003,23.01048339680703,23.23545738685119,-0.22497399004416252,-0.6532088712005131,23.87,32837370.0,23.18,29943508.0,20.22,52853041.0,58.82352941176471,5.8239861949956895,21.31552917903068,0.02764976958525356,0.03266425260328432
PFE,2020-04-07,24.84,24.96,23.84,23.85,23.85,24226295,Healthcare,23.622000000000003,23.002000000000002,22.402,24.3658,23.139639797298255,23.28097906189925,-0.14133926460099389,-0.5508349498806092,24.53,40503217.0,23.16,29466151.0,21.08,44466784.0,54.349951124144674,2.9792746113989743,13.14041745730552,-0.027721157766000815,0.03476307988367945
PFE,2020-04-08,24.12,24.7,23.73,24.55,24.55,25523980,Healthcare,24.026000000000003,23.346,22.488,24.320999999999998,23.3566182900216,23.374980612869678,-0.01836232284807693,-0.44434042447410277,23.85,24226295.0,22.53,26709625.0,21.11,44601275.0,65.48117154811715,8.965823346648904,16.295594504973955,0.029350104821803003,0.03485513325639626
PFE,2020-04-09,24.86,25.38,24.73,25.11,25.11,30648107,Healthcare,24.382,23.604,22.6785,24.295200000000005,23.62636932232597,23.503500567471924,0.12286875485404636,-0.330898588608473,24.55,25523980.0,23.33,27186876.0,22.53,43269967.0,74.78070175438596,7.6296613801971835,11.451398135818902,0.02281059063136448,0.03005956914302298
PFE,2020-04-13,25.52,25.53,24.64,24.94,24.94,18270141,Healthcare,24.596,23.905,22.765,24.267799999999998,23.828466349660438,23.609907932844372,0.21855841681606591,-0.22100718752356524,25.11,30648107.0,23.87,32837370.0,21.93,38290344.0,76.45739910313902,4.482614160033527,13.72549019607845,-0.006770211071286281,0.027849448187125904
PFE,2020-04-14,25.5,25.99,25.08,25.86,25.86,21845309,Healthcare,24.862000000000002,24.173,22.987000000000002,24.256400000000003,24.141009988174215,23.776581419300346,0.3644285688738691,-0.10392003624407839,24.94,18270141.0,24.53,40503217.0,23.18,29943508.0,76.61469933184857,5.421932327761914,11.561691113028472,0.0368885324779471,0.02491380652197112
PFE,2020-04-15,25.59,25.71,25.25,25.53,25.53,21312196,Healthcare,25.198,24.41,23.122500000000002,24.2346,24.354700759224336,23.90646427712995,0.44823648209438716,0.006511267423614714,25.86,21845309.0,23.85,24226295.0,23.16,29466151.0,73.81465517241382,7.044025157232703,10.233160621761673,-0.012761020881670415,0.025825566550646765
PFE,2020-04-16,25.63,25.73,25.25,25.46,25.46,20657451,Healthcare,25.380000000000003,24.703,23.2475,24.2088,24.524746796266744,24.021540997342544,0.5032057989241991,0.10585017372373161,25.53,21312196.0,24.55,25523980.0,22.53,26709625.0,68.47414880201767,3.7067209775967447,13.004882379050153,-0.0027418723070896656,0.02289292091718257
PFE,2020-04-17,25.9,26.26,25.63,26.19,26.19,24404843,Healthcare,25.596,24.989,23.4775,24.1908,24.780939596841094,24.182167590131986,0.5987720067091082,0.20443454032080693,25.46,20657451.0,25.11,30648107.0,23.33,27186876.0,76.4267990074442,4.301075268817223,12.258894127732557,0.02867242733699915,0.022223011695058453
PFE,2020-04-20,25.82,26.19,25.6,25.6,25.6,22530620,Healthcare,25.728,25.162,23.728,24.1598,24.906948889634773,24.28719221308517,0.6197566765496028,0.2874989675665661,26.19,24404843.0,24.94,18270141.0,23.87,32837370.0,66.35135135135138,2.646351242983158,7.24759111855886,-0.02252768232149671,0.024245469283975342
PFE,2020-04-21,25.39,25.5,25.1,25.28,25.28,23975233,Healthcare,25.612000000000002,25.237000000000002,23.981,24.1254,24.964341368152503,24.360733530634416,0.6036078375180871,0.35072074155687033,25.6,22530620.0,25.86,21845309.0,24.53,40503217.0,63.76623376623378,-2.2428460943542117,3.057480635955967,-0.012499999999999956,0.023818999980529228
PFE,2020-04-22,26.23,26.26,25.63,25.72,25.72,20182624,Healthcare,25.65,25.424,24.213,24.1032,25.080596542282887,24.461419935772607,0.6191766065102797,0.4044119145475522,25.28,23975233.0,25.53,21312196.0,23.85,24226295.0,71.23834886817578,0.7442224833529076,7.8406708595387675,0.01740506329113911,0.02145231409828187
PFE,2020-04-23,25.75,26.54,25.75,26.04,26.04,20185365,Healthcare,25.766,25.573,24.4595,24.0834,25.228197074239365,24.578351792382044,0.6498452818573206,0.45349858800950593,25.72,20182624.0,25.46,20657451.0,24.55,25523980.0,69.27453769559035,2.278083267871156,6.06924643584521,0.012441679626749691,0.020192892220295824
PFE,2020-04-24,26.14,26.56,26.1,26.53,26.53,17353794,Healthcare,25.833999999999996,25.715000000000003,24.6595,24.078400000000002,25.428474447433306,24.722918326279668,0.7055561211536379,0.5039100946383324,26.04,20185365.0,26.19,24404843.0,25.11,30648107.0,69.054441260745,1.298205421916765,5.655117483074479,0.018817204301075252,0.019862300731326846
PFE,2020-04-27,26.68,27.35,26.66,27.2,27.2,23394057,Healthcare,26.154000000000003,25.941000000000003,24.923000000000002,24.098200000000002,25.701016840135875,24.90640585766636,0.7946109824695142,0.5620502722045687,26.53,17353794.0,25.6,22530620.0,24.94,18270141.0,69.09871244635194,6.25,9.061748195669605,0.025254428948360275,0.020208349997545862
PFE,2020-04-28,27.71,27.83,26.53,26.9,26.9,35666728,Healthcare,26.477999999999998,26.044999999999998,25.109,24.118000000000002,25.885475787807277,25.054079497839226,0.8313962899680511,0.6159194757572652,27.2,23394057.0,25.28,23975233.0,25.86,21845309.0,73.071104387292,6.4082278481012445,4.021655065738594,-0.011029411764705954,0.018436425879867678
PFE,2020-04-29,27.29,27.36,26.76,27.05,27.05,26518535,Healthcare,26.744,26.197000000000003,25.3035,24.143600000000003,26.064633358913852,25.201925460962247,0.862707897951605,0.6652771601961333,26.9,35666728.0,25.72,20182624.0,25.53,21312196.0,70.62706270627064,5.171073094867817,5.95377986682335,0.005576208178438735,0.017458722572007934
PFE,2020-04-30,26.97,27.33,26.51,27.22,27.22,29450973,Healthcare,26.98,26.373,25.538000000000004,24.1738,26.242382072927107,25.351412463853933,0.8909696090731742,0.7104156499715415,27.05,26518535.0,26.04,20185365.0,25.46,20657451.0,68.60670194003528,4.531490015360973,6.912804399057326,0.0062846580406654695,0.01719146005707619
PFE,2020-05-01,26.86,26.92,26.53,26.71,26.71,22679867,Healthcare,27.016,26.425,25.707,24.199199999999998,26.314323292476782,25.452048577642532,0.8622747148342498,0.7407874629440832,27.22,29450973.0,26.53,17353794.0,26.19,24404843.0,64.72545757071549,0.6784771956275915,1.98549064528446,-0.018736223365172555,0.01703785184608473
PFE,2020-05-04,26.68,26.91,26.55,26.7,26.7,19893512,Healthcare,26.916000000000004,26.535000000000004,25.8485,24.2262,26.373658170557277,25.544489423743087,0.8291687468141902,0.7584637197181046,26.71,22679867.0,27.2,23394057.0,25.6,22530620.0,58.23529411764706,-1.8382352941176516,4.296875,-0.0003743916136279557,0.014769266023941564
PFE,2020-05-05,27.54,27.58,27.16,27.33,27.33,24123952,Healthcare,27.002,26.74,25.9885,24.280800000000003,26.520787682779233,25.676749466428785,0.8440382163504481,0.7755786190445733,26.7,19893512.0,26.9,35666728.0,25.28,23975233.0,66.66666666666666,1.5985130111524137,8.109177215189867,0.02359550561797752,0.014613403066443303
PFE,2020-05-06,27.66,27.68,27.33,27.33,27.33,24047432,Healthcare,27.058,26.901,26.1625,24.3458,26.64528188542858,25.79921246891554,0.8460694165130391,0.7896767785382666,27.33,24123952.0,27.05,26518535.0,25.72,20182624.0,67.54221388367728,1.0351201478743022,6.259720062208407,0.0,0.014393482936291923
PFE,2020-05-07,27.53,27.59,26.44,26.49,26.49,33546080,Healthcare,26.912,26.945999999999998,26.259500000000003,24.382800000000003,26.62139236459341,25.85038191566254,0.7710104489308733,0.785943512616788,27.33,24047432.0,27.22,29450973.0,26.04,20185365.0,52.75735294117644,-2.6818515797207954,1.7281105990783363,-0.03073545554335899,0.01826326913247115
PFE,2020-05-08,26.7,26.79,26.55,26.68,26.68,19893618,Healthcare,26.906,26.961000000000002,26.338,24.4324,26.630408923886733,25.911835107094944,0.718573816791789,0.7724695734517881,26.49,33546080.0,26.71,22679867.0,26.53,17353794.0,60.7142857142857,-0.1123174840883645,0.5653976630229929,0.0071725179312949194,0.017413792470811346
PFE,2020-05-11,26.7,27.39,26.63,27.31,27.31,25620421,Healthcare,27.028,26.971999999999998,26.4565,24.5042,26.734961397134928,26.015402876939763,0.7195585201951644,0.7618873628004634,26.68,19893618.0,26.7,19893512.0,27.2,23394057.0,68.97196261682241,2.2846441947565577,0.4044117647058698,0.02361319340329837,0.017162585831392622
PFE,2020-05-12,27.32,27.41,26.76,26.78,26.78,19335314,Healthcare,26.917999999999996,26.96,26.502499999999998,24.5448,26.741890412960323,26.07203970087015,0.6698507120901738,0.7434800326584056,27.31,25620421.0,27.33,24123952.0,26.9,35666728.0,59.74264705882356,-2.0124405415294477,-0.4460966542750855,-0.019406810692054077,0.017975103458708435
PFE,2020-05-13,26.74,26.82,26.22,26.55,26.55,24596882,Healthcare,26.762,26.910000000000004,26.553500000000003,24.589000000000002,26.712368810966428,26.10744416747236,0.6049246434940692,0.7157689548255383,26.78,19335314.0,27.33,24047432.0,27.05,26518535.0,54.76635514018693,-2.8540065861690334,-1.8484288354898348,-0.008588498879760986,0.01801855219075471
PFE,2020-05-14,26.38,27.21,26.36,27.18,27.18,22362507,Healthcare,26.9,26.906,26.639499999999998,24.616,26.784312070817748,26.18689274765959,0.5974193231581566,0.692099028492062,26.55,24596882.0,26.49,33546080.0,27.22,29450973.0,55.919854280510016,2.604756511891293,-0.14695077149154967,0.023728813559322104,0.019649897522903196
PFE,2020-05-15,27.21,27.36,26.8,27.06,27.06,25460002,Healthcare,26.976,26.940999999999995,26.683,24.654,26.826725598384247,26.251567358944065,0.5751582394401815,0.6687108706816859,27.18,22362507.0,26.68,19893618.0,26.71,22679867.0,48.582995951417,1.4242878560719596,1.3103706476974786,-0.004415011037527616,0.018625649334627223
PFE,2020-05-18,27.48,27.57,26.97,27.29,27.29,22635177,Healthcare,26.972,27.0,26.767499999999995,24.702799999999996,26.89799858324821,26.32848829531858,0.5695102879296314,0.648870754131275,27.06,25460002.0,27.31,25620421.0,26.7,19893512.0,54.004106776180706,-0.0732332478945441,2.2097378277153634,0.008499630450850004,0.01873964273169673
PFE,2020-05-19,27.13,27.25,26.74,27.01,27.01,19476234,Healthcare,27.018,26.968,26.854000000000003,24.763799999999996,26.915229570440793,26.3789706438135,0.5362589266272941,0.6263483886304789,27.29,22635177.0,26.78,19335314.0,27.33,24123952.0,49.60000000000001,0.8588498879761097,-1.170874496889851,-0.010260168559911964,0.01749078335494255
PFE,2020-05-20,27.2,27.38,26.91,26.97,26.97,17504200,Healthcare,27.101999999999997,26.932,26.916499999999996,24.812199999999997,26.92365579037298,26.42275059612361,0.5009051942493699,0.6012597497542571,27.01,19476234.0,26.55,24596882.0,27.33,24047432.0,47.43326488706366,1.5819209039547921,-1.3172338090010949,-0.0014809329877824018,0.017487276196179846
PFE,2020-05-21,26.93,26.98,26.55,26.71,26.71,17652181,Healthcare,27.008,26.954,26.95,24.8898,26.890785668777138,26.444028329744086,0.44675733903305215,0.5703592676100161,26.97,17504200.0,27.18,22362507.0,26.49,33546080.0,50.0,-1.7292126563649646,0.8305020762551907,-0.009640341119762641,0.014552977207311513
PFE,2020-05-22,26.6,26.9,26.49,26.88,26.88,15781226,Healthcare,26.971999999999998,26.974,26.9675,25.001400000000004,26.889126335119116,26.47632252754082,0.41280380757829604,0.538848175603672,26.71,17652181.0,27.06,25460002.0,26.68,19893618.0,51.88284518828452,-0.6651884700665134,0.7496251874062887,0.0063646574316733595,0.01451662257364381
PFE,2020-05-26,26.98,27.14,26.84,26.87,26.87,23260094,Healthcare,26.887999999999998,26.93,26.951,25.0746,26.886183822023867,26.505483821797057,0.3807000002268097,0.5072185405282996,26.88,15781226.0,27.29,22635177.0,27.31,25620421.0,44.47115384615387,-1.5390252839868057,-1.6111314536799592,-0.00037202380952372494,0.012119691445153093
PFE,2020-05-27,26.81,26.91,26.5,26.81,26.81,25904158,Healthcare,26.848000000000003,26.933000000000003,26.946500000000004,25.182399999999998,26.874463234020194,26.528040575738014,0.34642265828217944,0.4750593640790756,26.87,23260094.0,27.01,19476234.0,26.78,19335314.0,43.838862559241704,-0.7404664938911565,0.11202389843165683,-0.0022329735764794467,0.010404762648622199
PFE,2020-05-28,27.12,27.55,27.03,27.36,27.36,22521767,Healthcare,26.926,27.014,26.962,25.273200000000003,26.949161198017087,26.58966719975742,0.35949399825966566,0.45194629091519367,26.81,25904158.0,26.97,17504200.0,26.55,24596882.0,61.06870229007636,1.4460511679644128,3.050847457627115,0.02051473330846698,0.011678054211011481
PFE,2020-05-29,27.43,27.54,26.93,27.37,27.37,48333067,Healthcare,27.058,27.032999999999998,26.9695,25.3614,27.01390562909138,26.647469629405023,0.366435999686356,0.4348442326694262,27.36,22521767.0,26.71,17652181.0,27.18,22362507.0,59.20000000000003,2.4709846499438415,0.6990434142752022,0.0003654970760234022,0.009149169256553784
PFE,2020-06-01,25.44,25.61,25.02,25.41,25.41,76884979,Healthcare,26.764,26.868000000000002,26.904500000000002,25.437800000000003,26.767150916923477,26.555805212412057,0.21134570451141954,0.3901445270378249,27.37,48333067.0,26.88,15781226.0,27.06,25460002.0,31.2992125984252,-5.46875,-6.097560975609751,-0.07161125319693096,0.02474132115563212
PFE,2020-06-02,25.47,25.92,25.26,25.92,25.92,42690900,Healthcare,26.574,26.731,26.865499999999997,25.544399999999996,26.63682000662756,26.508708530011162,0.12811147661639666,0.3377379169535392,25.41,76884979.0,26.87,23260094.0,27.29,22635177.0,41.501976284584984,-3.535541496092298,-5.02015390252839,0.02007083825265643,0.025744291715004607
PFE,2020-06-03,26.01,26.1,25.47,25.92,25.92,38751996,Healthcare,26.396000000000004,26.622000000000003,26.794999999999998,25.6584,26.526540005607934,26.465100490751077,0.06143951485685761,0.2824782365342029,25.92,42690900.0,26.81,25904158.0,27.01,19476234.0,43.47826086956523,-3.3196568444610164,-4.03554239170677,0.0,0.02570818084825036
PFE,2020-06-04,25.59,26.01,25.59,25.81,25.81,27013388,Healthcare,26.086000000000002,26.506,26.719,25.752999999999997,26.416303081668254,26.41657452847322,-0.0002714468049660468,0.22592829986636911,25.92,38751996.0,27.36,22521767.0,26.97,17504200.0,34.10672853828308,-5.665204678362579,-4.3010752688172005,-0.004243827160493985,0.025695305601521945
PFE,2020-06-05,25.97,26.15,25.72,25.79,25.79,36705655,Healthcare,25.77,26.413999999999998,26.684000000000005,25.846600000000002,26.3199487614116,26.370161600438166,-0.05021283902656748,0.17070007208778182,25.81,27013388.0,27.37,48333067.0,26.71,17652181.0,34.916864608076025,-5.772743880160769,-3.444402845376271,-0.0007748934521503159,0.02563495475635683
PFE,2020-06-08,25.66,26.23,25.57,26.22,26.22,30194149,Healthcare,25.932,26.348000000000003,26.661,25.9204,26.30457202888674,26.35903851892423,-0.054466490037491155,0.12566675966272725,25.79,36705655.0,25.41,76884979.0,26.88,15781226.0,37.86848072562359,3.1877213695395534,-2.4553571428571397,0.01667312911981389,0.026261555735316612
PFE,2020-06-09,26.16,26.28,25.92,25.95,25.95,21675088,Healthcare,25.938,26.256,26.593,26.000799999999998,26.250022485981084,26.328739369374286,-0.07871688339320215,0.08479003105154137,26.22,30194149.0,25.92,42690900.0,26.87,23260094.0,37.95454545454544,0.11574074074072183,-3.423892817268337,-0.010297482837528626,0.026373751039136643
PFE,2020-06-10,26.06,26.12,25.72,25.74,25.74,29557217,Healthcare,25.901999999999997,26.149,26.540999999999997,26.052,26.17155748813784,26.285129045716932,-0.11357155757909254,0.04511771332541459,25.95,21675088.0,25.92,38751996.0,26.81,25904158.0,36.54266958424508,-0.6944444444444531,-3.991048116374485,-0.008092485549133,0.026416081111998262
PFE,2020-06-11,25.52,25.57,23.85,23.87,23.87,63166642,Healthcare,25.514,25.8,26.407,26.066200000000002,25.81747172073202,26.106230597886046,-0.28875887715402726,-0.02165760477047378,25.74,29557217.0,25.81,27013388.0,27.36,22521767.0,27.022653721682858,-7.516466485858187,-12.75584795321637,-0.0726495726495725,0.03261329260274581
PFE,2020-06-12,24.43,24.44,23.69,24.19,24.19,37902472,Healthcare,25.194,25.482000000000003,26.2575,26.099399999999996,25.567091456004015,25.96428759063523,-0.3971961346312156,-0.09676531074262215,23.87,63166642.0,25.79,36705655.0,27.37,48333067.0,28.751974723538737,-6.203955021326091,-11.61856046766533,0.01340594888981994,0.033459319641596166
PFE,2020-06-15,23.87,24.17,23.48,23.91,23.91,36247482,Healthcare,24.732,25.332,26.1,26.111,25.312154308926473,25.812118139477064,-0.4999638305505911,-0.17740501470421596,24.19,37902472.0,26.22,30194149.0,25.41,76884979.0,27.575757575757592,-8.810068649885583,-5.903187721369541,-0.011575031004547376,0.02610278006738929
PFE,2020-06-16,24.07,24.34,23.45,23.94,23.94,55616945,Healthcare,24.330000000000002,25.134,25.932499999999997,26.1124,25.10105364601471,25.673442721738024,-0.572389075723315,-0.25640182690803576,23.91,36247482.0,25.95,21675088.0,25.92,42690900.0,28.158295281582994,-7.745664739884384,-7.638888888888895,0.0012547051442910462,0.02467388233019623
PFE,2020-06-17,24.07,24.2,23.88,24.05,24.05,27509822,Healthcare,23.992,24.947000000000003,25.7845,26.102800000000002,24.93935308508937,25.553187705312986,-0.6138346202236171,-0.3278883855711521,23.94,55616945.0,25.74,29557217.0,25.92,38751996.0,23.001631321370354,-6.565656565656552,-7.214506172839508,0.0045948203842940405,0.024873729712822295
PFE,2020-06-18,23.85,23.99,23.64,23.82,23.82,32278855,Healthcare,23.982,24.748,25.627,26.102199999999996,24.767144918152542,25.424803430845355,-0.6576585126928123,-0.3938424109954841,24.05,27509822.0,23.87,63166642.0,25.81,27013388.0,22.047244094488207,-0.20946795140344143,-7.7101898488957765,-0.00956340956340962,0.024861065065611948
PFE,2020-06-19,24.15,24.18,23.74,23.95,23.95,43986266,Healthcare,23.934,24.564,25.489,26.0902,24.64143031535984,25.31555873226422,-0.6741284169043773,-0.44989961217726276,23.82,32278855.0,24.19,37902472.0,25.79,36705655.0,33.84955752212389,-0.992145514675491,-7.1345482745250095,0.005457598656591012,0.025130689883307255
PFE,2020-06-22,23.89,23.91,23.59,23.73,23.73,23332503,Healthcare,23.898,24.314999999999998,25.3315,26.062599999999996,24.501210266842943,25.198109937281686,-0.6968996704387429,-0.49929962382955884,23.95,43986266.0,23.91,36247482.0,26.22,30194149.0,24.11347517730495,-0.7528230865746499,-9.49656750572082,-0.009185803757828737,0.02370504284550664
PFE,2020-06-23,23.8,23.83,23.47,23.49,23.49,37690408,Healthcare,23.808,24.069,25.1625,26.0336,24.345639456559415,25.071583275260817,-0.7259438187014027,-0.5446284628039276,23.73,23332503.0,23.94,55616945.0,25.95,21675088.0,22.818791946308707,-1.8796992481203145,-9.479768786127174,-0.010113780025284513,0.02370456947799676
PFE,2020-06-24,23.44,23.46,22.94,23.07,23.07,30817695,Healthcare,23.612000000000002,23.802,24.9755,25.9778,24.14938723247335,24.92331784746372,-0.7739306149903697,-0.5904888932412161,23.49,37690408.0,24.05,27509822.0,25.74,29557217.0,21.338912133891228,-4.074844074844075,-10.372960372960371,-0.017879948914431565,0.023834967006719738
PFE,2020-06-25,23.01,23.21,22.81,23.16,23.16,27418651,Healthcare,23.48,23.731,24.7655,25.9304,23.997173812092836,24.79270171061456,-0.7955278985217227,-0.6314966942973175,23.07,30817695.0,23.82,32278855.0,23.87,63166642.0,22.886597938144334,-2.7707808564231717,-2.974444909928786,0.0039011703511053764,0.009949761231421498
PFE,2020-06-26,23.11,23.14,22.66,22.96,22.96,42153992,Healthcare,23.282,23.607999999999997,24.544999999999998,25.880399999999998,23.8376086102324,24.656946028346812,-0.8193374181144115,-0.6690648390607363,23.16,27418651.0,23.95,43986266.0,24.19,37902472.0,14.718614718614731,-4.133611691022954,-5.0847457627118615,-0.008635578583765069,0.008207770573596045
PFE,2020-06-29,23.26,23.42,23.08,23.39,23.39,23956261,Healthcare,23.214,23.556,24.444,25.8244,23.768745747119723,24.563098174395197,-0.7943524272754736,-0.6941223567036838,22.96,42153992.0,23.73,23332503.0,23.91,36247482.0,23.221757322175733,-1.432785503581968,-2.1748222501045578,0.018728222996515775,0.010774732215213061
PFE,2020-06-30,23.31,23.57,23.1,23.44,23.44,25451676,Healthcare,23.204,23.506,24.32,25.7812,23.718169478332072,24.47990571703259,-0.761736238700518,-0.7076451331030507,23.39,23956261.0,23.49,37690408.0,23.94,55616945.0,25.108225108225128,-0.21285653469560462,-2.088554720133673,0.0021376656690894613,0.010809242675035175
PFE,2020-07-01,24.76,24.76,24.17,24.18,24.18,73503009,Healthcare,23.426,23.519,24.232999999999997,25.7592,23.789220327819443,24.45769047873388,-0.6684701509144375,-0.6998101366653281,23.44,25451676.0,23.07,30817695.0,24.05,27509822.0,54.441260744985655,4.811443433029905,0.540540540540535,0.031569965870307026,0.015148372491263622
PFE,2020-07-02,24.81,24.98,24.4,24.73,24.73,45270881,Healthcare,23.740000000000002,23.61,24.179,25.7394,23.93395566200107,24.47786155438322,-0.5439058923821527,-0.668629287808693,24.18,73503009.0,23.16,27418651.0,23.82,32278855.0,57.258064516129025,6.778929188255622,3.820319059613775,0.022746071133167955,0.016142880123642466
PFE,2020-07-06,25.05,25.08,24.64,24.73,24.73,27150935,Healthcare,24.094,23.688,24.126,25.7132,24.05642402169321,24.49653847628076,-0.44011445458755105,-0.6229263211644647,24.73,45270881.0,22.96,42153992.0,23.95,43986266.0,61.9186046511628,7.709059233449467,3.256784968684756,0.0,0.016175561213528655
PFE,2020-07-07,24.4,24.62,24.34,24.39,24.39,25148018,Healthcare,24.294000000000004,23.753999999999998,24.0345,25.6704,24.107743402971177,24.488646737297003,-0.3809033343258257,-0.5745217237967369,24.73,27150935.0,23.39,23956261.0,23.73,23332503.0,55.99999999999999,4.275331338178701,2.7812895069532217,-0.013748483623129748,0.01662580746403935
PFE,2020-07-08,24.38,24.63,24.06,24.19,24.19,24256545,Healthcare,24.444,23.824,23.9465,25.6102,24.120398264052536,24.466524756756485,-0.3461264927039487,-0.5288426775781794,24.39,25148018.0,23.44,25451676.0,23.49,37690408.0,51.82291666666668,3.1996587030716617,2.97999148573862,-0.008200082000820008,0.01647003063426808
PFE,2020-07-09,24.18,24.28,23.72,23.98,23.98,20363702,Healthcare,24.404000000000003,23.915,23.8585,25.5518,24.098798531121375,24.43048588588563,-0.3316873547642558,-0.4894116130153947,24.19,24256545.0,24.18,73503009.0,23.07,30817695.0,52.09424083769634,-0.8271298593879206,3.9445166883398386,-0.008681273253410504,0.01539204951779763
PFE,2020-07-10,24.12,24.4,24.0,24.25,24.25,24459019,Healthcare,24.308,24.024,23.8775,25.4958,24.12206029556424,24.417116561005216,-0.2950562654409765,-0.4505405435005111,23.98,20363702.0,24.73,45270881.0,23.16,27418651.0,53.7878787878788,-1.940962393853618,4.706390328151988,0.011259382819015729,0.015562703099062821
PFE,2020-07-13,24.89,25.6,24.74,25.24,25.24,56569129,Healthcare,24.41,24.252000000000002,23.93,25.4562,24.29405101932359,24.478070889819644,-0.18401987049605495,-0.39723640889961986,24.25,24459019.0,24.73,27150935.0,22.96,42153992.0,65.96194503171247,2.0622725434694678,9.93031358885017,0.040824742268041225,0.018440796073177602
PFE,2020-07-14,25.35,25.39,25.0,25.25,25.25,32854129,Healthcare,24.582,24.438,23.997000000000003,25.427000000000003,24.44112009327381,24.535250823907077,-0.09413073063326749,-0.33661527324634943,25.24,56569129.0,24.39,25148018.0,23.39,23956261.0,69.55555555555559,3.5260352603526,7.952116289012401,0.0003961965134706702,0.018350532759331958
PFE,2020-07-15,25.79,25.8,25.42,25.6,25.6,26294454,Healthcare,24.863999999999997,24.654,24.080000000000002,25.405,24.619409309693225,24.61412113324729,0.005288176445933601,-0.26823458330789285,25.25,32854129.0,24.19,24256545.0,23.44,25451676.0,78.55530474040633,5.828854898718472,9.215017064846421,0.013861386138613874,0.018320901984507452
PFE,2020-07-16,25.52,25.54,25.27,25.52,25.52,18421812,Healthcare,25.172,24.788,24.1535,25.368799999999997,24.757961723586572,24.68122327152527,0.07673845206130281,-0.19923997623405373,25.6,26294454.0,23.98,20363702.0,24.18,73503009.0,76.6968325791855,6.422018348623859,5.541770057899087,-0.0031250000000000444,0.016793950247636764
PFE,2020-07-17,25.7,26.04,25.61,25.98,25.98,23347365,Healthcare,25.518,24.913,24.2615,25.3418,24.945967612265562,24.77742895511599,0.16853865714957195,-0.1256842495573286,25.52,18421812.0,24.25,24459019.0,24.73,45270881.0,82.26495726495723,7.134020618556702,5.054589567327139,0.018025078369906078,0.016315865104986903
PFE,2020-07-20,26.87,26.96,26.03,26.16,26.16,36815693,Healthcare,25.701999999999998,25.056,24.372,25.3352,25.132741825763166,24.8798416251074,0.2529002006557661,-0.04996735951470966,25.98,23347365.0,25.24,56569129.0,24.73,27150935.0,81.26410835214443,3.645007923930277,5.7824504650222375,0.006928406466512715,0.0162239109998151
PFE,2020-07-21,26.48,26.58,26.17,26.3,26.3,23588520,Healthcare,25.912,25.247,24.5005,25.327599999999997,25.312320006414986,24.985038541766112,0.3272814646488733,0.025482405318006926,26.16,36815693.0,25.25,32854129.0,24.39,25148018.0,81.6371681415929,4.158415841584162,7.831078310783113,0.005351681957186605,0.014728165012987252
PFE,2020-07-22,27.4,27.76,26.89,27.64,27.64,90705554,Healthcare,26.320000000000004,25.592000000000002,24.708000000000002,25.3342,25.67042462081268,25.18170235348714,0.4887222673255387,0.11813037771951328,26.3,23588520.0,25.6,26294454.0,24.19,24256545.0,83.78906249999997,7.968749999999991,14.262091773460096,0.05095057034220529,0.0189280555018113
PFE,2020-07-23,28.12,28.25,27.36,27.53,27.53,59639536,Healthcare,26.722,25.947000000000003,24.931,25.3492,25.956513140687655,25.355650327302907,0.6008628133847473,0.2146768648525601,27.64,90705554.0,25.52,18421812.0,23.98,20363702.0,79.91452991452991,7.876175548589348,14.804003336113425,-0.00397973950795949,0.01836367062638474
PFE,2020-07-24,27.26,27.34,26.76,26.99,26.99,33870501,Healthcare,26.924,26.221000000000004,25.1225,25.358,26.115511119043397,25.47671326602121,0.6387978530221865,0.2995010624864854,27.53,59639536.0,25.98,23347365.0,24.25,24459019.0,71.64750957854402,3.887605850654352,11.298969072164944,-0.01961496549219044,0.02125295891931928
PFE,2020-07-27,26.78,27.06,26.68,26.91,26.91,27640307,Healthcare,27.074,26.387999999999998,25.32,25.3526,26.237740177652107,25.582882653723342,0.6548575239287651,0.3705723547749413,26.99,33870501.0,26.16,36815693.0,25.24,56569129.0,75.40322580645159,2.8669724770642224,6.616481774960392,-0.002964060763245624,0.0187841122064106
PFE,2020-07-28,27.62,28.2,27.28,27.97,27.97,56393954,Healthcare,27.407999999999998,26.660000000000004,25.549,25.3708,26.50424168878255,25.759706160854947,0.7445355279276029,0.44536498940547364,26.91,27640307.0,26.3,23588520.0,25.25,32854129.0,82.47422680412367,6.3498098859315455,10.77227722772276,0.039390561129691415,0.021243542295297124
PFE,2020-07-29,28.17,28.27,27.56,28.14,28.14,37033660,Healthcare,27.508,26.913999999999998,25.784000000000002,25.387800000000002,26.755896813585235,25.93602422301384,0.8198725905713964,0.5202665096386583,27.97,56393954.0,27.64,90705554.0,25.6,26294454.0,85.98615916955015,1.808972503617956,9.921874999999991,0.006077940650697222,0.021248571688170726
PFE,2020-07-30,27.7,28.18,27.65,28.04,28.04,32273796,Healthcare,27.610000000000003,27.165999999999997,25.976999999999997,25.4084,26.953451149956738,26.09187428056837,0.8615768693883687,0.5885285815886003,28.14,37033660.0,27.53,59639536.0,25.52,18421812.0,83.77896613190725,1.852524518706855,9.874608150470209,-0.003553660270078196,0.021277740506413505
PFE,2020-07-31,27.7,28.04,27.4,27.85,27.85,28472124,Healthcare,27.782,27.353,26.133,25.426,27.091381742271086,26.222105815341084,0.8692759269300012,0.6446780506568806,28.04,32273796.0,26.99,33870501.0,25.98,23347365.0,77.13097713097713,3.186365320489082,7.19784449576597,-0.006776034236804507,0.0216368973199256
PFE,2020-08-03,27.94,27.98,27.66,27.75,27.75,31036400,Healthcare,27.95,27.512,26.284,25.4468,27.192707628075535,26.33528316235286,0.8574244657226764,0.6872273336700397,27.85,28472124.0,26.91,27640307.0,26.16,36815693.0,75.51020408163262,3.121516164994431,6.077981651376141,-0.0035906642728905647,0.02190458923691124
PFE,2020-08-04,27.73,27.99,27.57,27.78,27.78,29448549,Healthcare,27.912,27.660000000000004,26.453500000000002,25.4648,27.2830603006793,26.4422992244008,0.8407610762785005,0.7179340821917319,27.75,31036400.0,27.97,56393954.0,26.3,23588520.0,73.79912663755455,-0.6792992491955641,5.627376425855513,0.00108108108108107,0.021962984308068992
PFE,2020-08-05,27.84,27.89,27.6,27.83,27.83,24292697,Healthcare,27.85,27.679000000000002,26.6355,25.484,27.36720486980556,26.545091874445184,0.8221129953603743,0.7387698648254605,27.78,29448549.0,28.14,37033660.0,27.64,90705554.0,75.38461538461536,-1.1016346837242397,0.6874095513748069,0.0017998560115188855,0.01515687803935803
PFE,2020-08-06,28.06,28.3,27.61,27.7,27.7,20922111,Healthcare,27.782,27.695999999999998,26.821499999999997,25.501800000000003,27.418404120604702,26.63064062448628,0.7877634961184228,0.7485685910840529,27.83,24292697.0,28.04,32273796.0,27.53,59639536.0,70.37914691943126,-1.2125534950071293,0.6175081729022924,-0.004671218109953301,0.015182596526958133
PFE,2020-08-07,27.72,27.95,27.62,27.83,27.83,23097251,Healthcare,27.778000000000002,27.78,27.0005,25.5112,27.48172656358859,26.71948205970952,0.7622445038790708,0.7513037736430566,27.7,20922111.0,27.85,28472124.0,26.99,33870501.0,70.02398081534771,-0.0718132854578224,3.112263801407922,0.004693140794223893,0.013407670488932388
PFE,2020-08-10,27.9,27.98,27.69,27.78,27.78,19964552,Healthcare,27.784000000000002,27.867,27.127499999999998,25.5194,27.52761478457496,26.79803894417548,0.7295758403994803,0.7469581869943414,27.83,23097251.0,27.75,31036400.0,26.91,27640307.0,68.13725490196082,0.108108108108107,3.232998885172811,-0.0017966223499819023,0.013353504503598946
PFE,2020-08-11,27.91,27.92,27.26,27.35,27.35,21326847,Healthcare,27.698,27.805,27.232499999999998,25.558199999999996,27.50028943310189,26.83892494831063,0.6613644847912603,0.7298394465537251,27.78,19964552.0,27.78,29448549.0,27.97,56393954.0,45.42586750788644,-1.5478761699064036,-2.216660707901319,-0.015478761699064036,0.006236995269220528
PFE,2020-08-12,27.38,27.9,27.36,27.74,27.74,19957595,Healthcare,27.679999999999996,27.764999999999997,27.339499999999997,25.594599999999996,27.537167981855447,26.90567124843577,0.6314967334196773,0.7101709039269156,27.35,21326847.0,27.83,24292697.0,28.14,37033660.0,53.04347826086953,-0.3233920229967602,-1.4214641080312784,0.014259597806215663,0.007789970860353625
PFE,2020-08-13,27.55,27.63,27.41,27.62,27.62,15340021,Healthcare,27.663999999999998,27.723000000000003,27.444499999999998,25.628600000000002,27.5499113692623,26.958584489292377,0.5913268799699232,0.6864020991355172,27.74,19957595.0,27.7,20922111.0,28.04,32273796.0,60.39603960396048,-0.2888086642599208,-1.4978601997146845,-0.004325883201153458,0.007817434791276725
PFE,2020-08-14,27.51,27.78,27.45,27.55,27.55,12901276,Healthcare,27.608000000000004,27.693,27.522999999999996,25.663400000000003,27.549925004760407,27.002393045641092,0.5475319591193148,0.6586280711322768,27.62,15340021.0,27.83,23097251.0,27.85,28472124.0,60.59602649006627,-1.0061085159899341,-1.0771992818671472,-0.0025343953656770113,0.007610518117130876
PFE,2020-08-17,27.53,27.8,27.47,27.75,27.75,17494187,Healthcare,27.601999999999997,27.693,27.6025,25.702599999999997,27.580705773258806,27.05777133855657,0.5229344347022362,0.6314893438462688,27.55,12901276.0,27.78,19964552.0,27.75,31036400.0,44.907407407407405,-0.1079913606911509,0.0,0.007259528130671544,0.007973839784912683
PFE,2020-08-18,27.83,27.83,27.62,27.76,27.76,10846398,Healthcare,27.683999999999997,27.691000000000003,27.6755,25.733400000000003,27.608289500449757,27.109788276441268,0.4985012240084892,0.6048917198787128,27.75,17494187.0,27.35,21326847.0,27.78,29448549.0,40.49999999999998,1.4990859232175469,-0.07199424046075986,0.0003603603603603567,0.00796652398398532
PFE,2020-08-19,27.85,27.94,27.59,27.69,27.69,15690055,Healthcare,27.674,27.677,27.678000000000004,25.7682,27.62086034653441,27.152766922630803,0.468093423903607,0.5775320606836917,27.76,10846398.0,27.74,19957595.0,27.83,24292697.0,41.11675126903553,-0.18024513338138481,-0.5030542579949615,-0.002521613832852987,0.007972631217271162
PFE,2020-08-20,27.63,28.07,27.6,28.02,28.02,21957455,Healthcare,27.754,27.709000000000003,27.702499999999997,25.8138,27.68226644706758,27.21700640984334,0.46526003722424036,0.5550776559918015,27.69,15690055.0,27.62,15340021.0,27.7,20922111.0,54.02843601895732,1.4482259232440287,1.1552346570397054,0.011917659804983716,0.008695693616491366
PFE,2020-08-21,28.16,28.23,27.91,28.14,28.14,25467170,Healthcare,27.872000000000003,27.74,27.759999999999998,25.8992,27.752686993672565,27.285376305410498,0.46731068826206723,0.5375242624458547,28.02,21957455.0,27.55,12901276.0,27.83,23097251.0,59.15492957746485,2.1415607985481033,1.1139058569888727,0.004282655246252709,0.008678235604135037
PFE,2020-08-24,28.24,28.25,27.89,28.11,28.11,25011947,Healthcare,27.944,27.773000000000003,27.82,25.977600000000002,27.807658225415246,27.346459542046755,0.46119868336849024,0.5222591466303819,28.14,25467170.0,27.75,17494187.0,27.78,19964552.0,57.74647887323945,1.2972972972973063,1.1879049676025932,-0.0010660980810235365,0.008653787989831945
PFE,2020-08-25,27.87,27.91,27.47,27.8,27.8,26221201,Healthcare,27.951999999999998,27.818,27.811499999999995,26.0554,27.806480036889823,27.380055131524774,0.4264249053650495,0.5030922983773154,28.11,25011947.0,27.76,10846398.0,27.35,21326847.0,49.37238493723854,0.14409221902016434,1.645338208409508,-0.01102810387762354,0.007769032417833345
PFE,2020-08-26,27.64,27.7,27.26,27.54,27.54,24083689,Healthcare,27.922000000000004,27.798000000000002,27.7815,26.127399999999998,27.76548310813754,27.391902899559977,0.3735802085775646,0.47718988041736526,27.8,26221201.0,27.69,15690055.0,27.74,19957595.0,46.825396825396815,-0.5417118093174467,-0.7209805335255948,-0.009352517985611541,0.007071152464993194
PFE,2020-08-27,27.47,27.5,27.27,27.4,27.4,22156556,Healthcare,27.798000000000002,27.776,27.7495,26.1944,27.70925493765484,27.392502684777757,0.31675225287708386,0.445102354909309,27.54,24083689.0,28.02,21957455.0,27.62,15340021.0,41.50197628458497,-2.212705210563881,-0.7965242577842258,-0.005083514887436524,0.0071182104000659255
PFE,2020-08-28,27.41,27.55,27.07,27.44,27.44,32830519,Healthcare,27.657999999999998,27.764999999999997,27.728999999999996,26.266800000000003,27.667831101092556,27.39602100442385,0.27181009666870537,0.4104439032611883,27.4,22156556.0,28.14,25467170.0,27.55,12901276.0,43.25396825396825,-2.487562189054726,-0.39927404718692605,0.0014598540145986938,0.007120680251843105
PFE,2020-08-31,27.39,27.52,27.14,27.35,27.35,30032465,Healthcare,27.506,27.725,27.708999999999996,26.3348,27.61893400861678,27.392612041133194,0.22632196748358524,0.37361951610566774,27.44,32830519.0,28.11,25011947.0,27.75,17494187.0,50.0,-2.7036641764496605,-1.4414414414414378,-0.003279883381924198,0.006627679838140464
PFE,2020-09-01,27.35,27.37,26.42,26.69,26.69,36145560,Healthcare,27.284,27.618000000000002,27.654500000000002,26.394000000000002,27.476021084214196,27.340566704752955,0.1354543794612404,0.32598648877678227,27.35,30032465.0,27.8,26221201.0,27.76,10846398.0,28.571428571428655,-3.9928057553956786,-3.854466858789629,-0.02413162705667271,0.00970368270000716
PFE,2020-09-02,26.61,27.0,26.34,26.92,26.92,29068688,Healthcare,27.160000000000004,27.541000000000004,27.608999999999998,26.462600000000002,27.390479378950474,27.309413615511996,0.08106576343847749,0.27700234370912136,26.69,36145560.0,27.54,24083689.0,27.69,15690055.0,36.32812500000005,-2.251270878721845,-2.7807872878295448,0.008617459722742637,0.010484875980131222
PFE,2020-09-03,27.05,27.13,26.13,26.34,26.34,35956788,Healthcare,26.948,27.373,27.541000000000004,26.528000000000002,27.228867166804246,27.237605199548145,-0.008738032743899282,0.21985426841851724,26.92,29068688.0,27.4,22156556.0,28.02,21957455.0,30.29315960912055,-3.8686131386861278,-5.995717344753748,-0.021545319465081758,0.010616768419503802
PFE,2020-09-04,26.41,26.51,25.96,26.31,26.31,26872257,Healthcare,26.722,27.189999999999998,27.464999999999996,26.590999999999998,27.087502987295903,27.16889370328532,-0.08139071598941783,0.15960527153693024,26.34,35956788.0,27.44,32830519.0,28.14,25467170.0,25.172413793103516,-4.118075801749277,-6.503198294243074,-0.001138952164009166,0.010155333658196982
PFE,2020-09-08,26.44,26.5,25.82,26.0,26.0,26736818,Healthcare,26.451999999999998,26.979000000000003,27.375999999999998,26.651799999999998,26.920194835404224,27.082308984523447,-0.16211414911922262,0.09526138740569967,26.31,26872257.0,27.35,30032465.0,28.11,25011947.0,22.500000000000043,-4.936014625228524,-7.506225542511558,-0.01178259217027744,0.010065077397413347
PFE,2020-09-09,26.26,26.52,26.16,26.18,26.18,27490533,Healthcare,26.35,26.817,27.317500000000003,26.707600000000003,26.8063187068805,27.015471281966153,-0.20915257508565333,0.034378594907429075,26.0,26736818.0,26.69,36145560.0,27.8,26221201.0,27.190332326283993,-1.9108280254777177,-5.827338129496407,0.00692307692307681,0.010970859289593229
PFE,2020-09-10,26.2,26.29,25.75,25.8,25.8,21650741,Healthcare,26.125999999999998,26.643,27.220499999999998,26.7548,26.6515004442835,26.925436372190884,-0.2739359279073845,-0.027284309655533648,26.18,27490533.0,26.92,29068688.0,27.54,24083689.0,16.964285714285793,-4.16047548291234,-6.3180827886710205,-0.014514896867838023,0.011267184996065096
PFE,2020-09-11,25.87,26.13,25.66,26.1,26.1,24109301,Healthcare,26.078000000000003,26.512999999999998,27.1445,26.793200000000002,26.566654222086036,26.864292937213783,-0.2976387151277464,-0.08135519074997621,25.8,21650741.0,26.34,35956788.0,27.4,22156556.0,21.186440677966175,-0.9111617312072884,-4.744525547445244,0.011627906976744207,0.012646837563133022
PFE,2020-09-14,26.31,27.17,26.26,26.79,26.79,29565543,Healthcare,26.174,26.448,27.1065,26.834400000000002,26.601015110995874,26.85878975667943,-0.2577746456835541,-0.1166390817366918,26.1,24109301.0,26.31,26872257.0,27.44,32830519.0,34.28571428571429,1.8244013683010207,-2.3688046647230343,0.02643678160919527,0.016029398397295724
PFE,2020-09-15,26.92,27.03,26.64,26.75,26.75,22003726,Healthcare,26.324,26.387999999999998,27.0565,26.8748,26.623935863150358,26.850731256184655,-0.22679539303429763,-0.13867034399621297,26.79,29565543.0,26.0,26736818.0,27.35,30032465.0,36.641221374045806,2.8846153846153744,-2.1937842778793515,-0.001493094438223208,0.016026957973731482
PFE,2020-09-16,26.98,27.0,26.58,26.62,26.62,22208412,Healthcare,26.412,26.381,26.9995,26.9194,26.62333034574261,26.83364005202283,-0.2103097062802206,-0.1529982164530145,26.75,22003726.0,26.18,27490533.0,26.69,36145560.0,37.89473684210529,1.680672268907557,-0.26227051330086626,-0.004859813084112097,0.014129791135544365
PFE,2020-09-17,26.62,26.76,26.45,26.65,26.65,17894390,Healthcare,26.582,26.353999999999996,26.9475,26.968600000000002,26.627433369474517,26.820037085206323,-0.19260371573180635,-0.16091931630877288,26.62,22208412.0,25.8,21650741.0,26.92,29068688.0,39.83739837398373,3.2945736434108364,-1.0029717682020878,0.001126972201352272,0.013806869536441497
PFE,2020-09-18,26.62,26.83,26.47,26.51,26.51,31694623,Healthcare,26.663999999999998,26.371,26.872000000000003,27.0192,26.60936669724767,26.79707137519104,-0.18770467794337264,-0.16627638863569283,26.65,17894390.0,26.1,24109301.0,26.34,35956788.0,37.730870712401035,1.5708812260536442,0.6454062262718274,-0.005253283302063649,0.011937626118425759
PFE,2020-09-21,26.32,26.4,25.61,26.07,26.07,26608968,Healthcare,26.52,26.346999999999998,26.7685,27.0556,26.526387205363413,26.743214236288,-0.21682703092458766,-0.1763865170934718,26.51,31694623.0,26.79,29565543.0,26.31,26872257.0,34.54106280193234,-2.6875699888017857,-0.9122006841505104,-0.016597510373444035,0.013143272905172265
PFE,2020-09-22,25.92,26.29,25.87,26.24,26.24,22727297,Healthcare,26.418,26.371,26.675,27.075599999999998,26.482327635307502,26.705939107674077,-0.2236114723665743,-0.1858315081480923,26.07,26608968.0,26.75,22003726.0,26.0,26736818.0,43.83561643835612,-1.906542056074767,0.9230769230769154,0.00652090525508231,0.012717450005035462
PFE,2020-09-23,26.3,26.33,26.03,26.05,26.05,23102521,Healthcare,26.303999999999995,26.357999999999997,26.5875,27.0916,26.41581569141404,26.657351025624145,-0.24153533421010565,-0.19697227336049497,26.24,22727297.0,26.62,22208412.0,26.18,27490533.0,37.95013850415507,-2.1412471825694945,-0.49656226126814085,-0.00724085365853655,0.012772078719924921
PFE,2020-09-24,26.02,26.08,25.72,25.88,25.88,20859925,Healthcare,26.15,26.365999999999996,26.5045,27.0972,26.333382508119573,26.599769468170503,-0.2663869600509301,-0.210855210698582,26.05,23102521.0,26.65,17894390.0,25.8,21650741.0,42.812499999999964,-2.8893058161350793,0.31007751937983663,-0.006525911708253451,0.0120205496220288
PFE,2020-09-25,25.72,26.16,25.71,26.09,26.09,14365598,Healthcare,26.065999999999995,26.365,26.439,27.108600000000003,26.295939045331945,26.56200876682454,-0.26606972149259533,-0.2218981128573847,25.88,20859925.0,26.51,31694623.0,26.1,24109301.0,46.74556213017751,-1.584307808374208,-0.03831417624521327,0.008114374034003058,0.011702195761806774
PFE,2020-09-28,26.17,26.47,26.17,26.34,26.34,15044269,Healthcare,26.119999999999997,26.32,26.383999999999997,27.1158,26.302717653742416,26.545563672985686,-0.2428460192432702,-0.2260876941345618,26.09,14365598.0,26.07,26608968.0,26.79,29565543.0,55.12048192771086,1.0356731875719172,-1.6797312430011146,0.009582215408202366,0.008149647155841733
PFE,2020-09-29,26.37,26.45,26.08,26.18,26.18,13512491,Healthcare,26.107999999999997,26.262999999999998,26.325499999999998,27.1162,26.283838014705122,26.518484882394155,-0.2346468676890332,-0.22779952884545612,26.34,15044269.0,26.24,22727297.0,26.75,22003726.0,50.0,-0.22865853658535773,-2.1308411214953304,-0.0060744115413818855,0.008266984143700364
PFE,2020-09-30,26.25,26.75,26.24,26.56,26.56,22629275,Healthcare,26.209999999999997,26.256999999999998,26.319,27.121399999999998,26.326324473981256,26.521560076290886,-0.19523560230963,-0.22128674353829092,26.18,13512491.0,26.05,23102521.0,26.62,22208412.0,61.51515151515152,1.957773512475991,-0.22539444027047661,0.014514896867837912,0.009699890452080558
PFE,2020-10-01,26.71,26.84,26.17,26.32,26.32,22520396,Healthcare,26.298000000000002,26.224,26.288999999999998,27.095,26.325351477984142,26.50662970026934,-0.1812782222851972,-0.21328503928767217,26.56,22629275.0,25.88,20859925.0,26.65,17894390.0,53.395061728395056,1.7001545595054068,-1.2382739212007388,-0.009036144578313143,0.010072618670061432
PFE,2020-10-02,26.1,26.53,26.08,26.33,26.33,21461759,Healthcare,26.345999999999997,26.206,26.2885,27.070999999999998,26.32606663521735,26.493546018767905,-0.16747938355055325,-0.2041239081402484,26.32,22520396.0,26.09,14365598.0,26.51,31694623.0,41.01562499999994,0.9198926791874174,-0.6789890607318161,0.0003799392097263432,0.00997779638697321
PFE,2020-10-05,26.44,26.69,26.3,26.6,26.6,19400029,Healthcare,26.397999999999996,26.258999999999997,26.302999999999997,27.0632,26.368210229799296,26.501431498859173,-0.1332212690598773,-0.18994338032417418,26.33,21461759.0,26.34,15044269.0,26.07,26608968.0,47.31182795698926,0.9870918754745661,2.0329881089374835,0.010254462590201463,0.008741667367625118
PFE,2020-10-06,26.78,26.8,26.12,26.18,26.18,25233392,Healthcare,26.398000000000003,26.253000000000004,26.312,27.0486,26.339254809830173,26.47762175820294,-0.13836694837276653,-0.17962809393389267,26.6,19400029.0,26.18,13512491.0,26.24,22727297.0,42.857142857142826,0.0,-0.22865853658535773,-0.015789473684210575,0.010199053794393103
PFE,2020-10-07,26.24,26.48,26.08,26.39,26.39,22160034,Healthcare,26.363999999999997,26.287,26.322499999999998,27.017000000000003,26.347061762163996,26.471131257595314,-0.12406949543131773,-0.1685163742333777,26.18,25233392.0,26.56,22629275.0,26.05,23102521.0,46.01226993865033,-0.6400602409638467,1.305182341650668,0.008021390374331583,0.010167287646794306
PFE,2020-10-08,26.49,26.91,26.42,26.7,26.7,17857395,Healthcare,26.439999999999998,26.369,26.3675,26.988199999999996,26.401359952600302,26.48808449777344,-0.0867245451731371,-0.1521580084213296,26.39,22160034.0,26.32,22520396.0,25.88,20859925.0,52.76967930029151,1.4437689969604817,3.16846986089645,0.011746873815839276,0.010237477776638363
PFE,2020-10-09,26.65,26.86,26.48,26.63,26.63,23667465,Healthcare,26.5,26.423000000000002,26.394,26.96,26.43653534450795,26.49859675719763,-0.06206141268968324,-0.13413868927500033,26.7,17857395.0,26.33,21461759.0,26.09,14365598.0,59.1503267973856,1.1393847322445971,2.0697585281717057,-0.0026217228464419096,0.010224451772650371
PFE,2020-10-12,26.56,26.91,26.39,26.65,26.65,19413837,Healthcare,26.509999999999998,26.453999999999997,26.387,26.936000000000003,26.469376060737495,26.50981181222003,-0.04043575148253353,-0.11539810171650698,26.63,23667465.0,26.6,19400029.0,26.34,15044269.0,57.044673539518904,0.1879699248120259,1.1769172361427493,0.0007510326699211589,0.009881818889522795
PFE,2020-10-13,26.54,26.87,26.51,26.71,26.71,21543233,Healthcare,26.616000000000003,26.506999999999998,26.384999999999998,26.9152,26.506395128316342,26.5246405668704,-0.018245438554057358,-0.09596756908401706,26.65,19413837.0,26.18,25233392.0,26.18,13512491.0,61.87050359712229,2.024446142093206,2.024446142093206,0.002251407129455929,0.009544428576564262
PFE,2020-10-14,26.79,27.0,26.47,26.68,26.68,22120298,Healthcare,26.674,26.519,26.387999999999998,26.893199999999997,26.533103570113827,26.536148673028148,-0.0030451029143208075,-0.07738307585007781,26.71,21543233.0,26.39,22160034.0,26.56,22629275.0,65.15151515151514,1.098901098901095,0.45180722891566827,-0.001123174840883645,0.008498496622037402
PFE,2020-10-15,26.51,26.59,26.35,26.45,26.45,16089205,Healthcare,26.624000000000002,26.532,26.377999999999997,26.8656,26.52031840548093,26.529767289840876,-0.00944888435994784,-0.06379623755205183,26.68,22120298.0,26.7,17857395.0,26.32,22520396.0,56.766917293233064,-0.9363295880149836,0.4939209726443794,-0.008620689655172376,0.008447651966304565
PFE,2020-10-16,26.83,27.59,26.79,27.47,27.47,42993503,Healthcare,26.792,26.645999999999997,26.426,26.861,26.66642326617617,26.59941415726007,0.06700910891609979,-0.0376351682584215,26.45,16089205.0,26.63,23667465.0,26.33,21461759.0,66.47230320699705,3.154337213668801,4.3296619825294425,0.03856332703213616,0.014694523704302133
PFE,2020-10-19,27.81,28.12,27.24,27.36,27.36,31931352,Healthcare,26.933999999999997,26.722,26.490500000000004,26.851599999999998,26.773127379072143,26.65575384931488,0.11737352975726267,-0.006633428655284667,27.47,42993503.0,26.65,19413837.0,26.6,19400029.0,67.45562130177512,2.6641651031894975,2.857142857142847,-0.004004368401892999,0.014748908713500411
PFE,2020-10-20,27.41,27.42,27.03,27.13,27.13,22384852,Healthcare,27.018,26.817,26.535000000000004,26.8386,26.828030859214888,26.690883193810073,0.1371476654048145,0.022122790156735163,27.36,31931352.0,26.71,21543233.0,26.18,25233392.0,58.8235294117647,1.572444777236992,3.6287242169595,-0.008406432748538029,0.013866839027652003
PFE,2020-10-21,27.03,27.1,26.82,26.84,26.84,18984859,Healthcare,27.05,26.862000000000002,26.5745,26.828400000000002,26.82987226548952,26.701928883157475,0.12794338233204527,0.04328690859179719,27.13,22384852.0,26.68,22120298.0,26.39,22160034.0,57.926829268292664,0.599700149925031,1.705191360363778,-0.010689273866568372,0.014461886895298674
PFE,2020-10-22,26.84,27.19,26.8,27.09,27.09,19243616,Healthcare,27.178000000000004,26.901,26.635,26.815400000000004,26.869891916952668,26.730674891812477,0.13921702514019074,0.0624729319014759,26.84,18984859.0,26.45,16089205.0,26.7,17857395.0,60.79545454545455,2.419659735349722,1.4606741573033766,0.009314456035767416,0.014295205862201975
PFE,2020-10-23,27.45,27.7,27.25,27.63,27.63,30557884,Healthcare,27.21,27.000999999999998,26.712,26.8156,26.98683162203687,26.797291566493033,0.18954005554383713,0.08788635662994815,27.09,19243616.0,27.47,42993503.0,26.63,23667465.0,63.58839050131922,0.5824535857298807,3.7551633496057057,0.019933554817275656,0.015308818733883773
PFE,2020-10-26,27.41,27.52,27.13,27.44,27.44,33783124,Healthcare,27.226,27.080000000000002,26.767000000000003,26.8134,27.0565498340312,26.844899598604663,0.21165023542653572,0.11263913238926566,27.63,30557884.0,27.36,31931352.0,26.65,19413837.0,67.69662921348316,0.29239766081872176,2.9643527204502806,-0.006876583423814586,0.015663363289220644
PFE,2020-10-27,26.81,27.59,26.68,27.09,27.09,36851529,Healthcare,27.218,27.118000000000002,26.8125,26.8002,27.061696013411016,26.863055183893206,0.19864082951781015,0.12983947181497457,27.44,33783124.0,27.13,22384852.0,26.71,21543233.0,59.459459459459445,-0.14743826022852735,1.4226881317858542,-0.012755102040816424,0.01644600246869722
PFE,2020-10-28,26.63,26.87,25.56,25.66,25.66,33857537,Healthcare,26.982,27.016000000000002,26.767500000000002,26.758200000000002,26.846050472886244,26.7739399850863,0.072110487799943,0.11829367501196827,27.09,36851529.0,26.84,18984859.0,26.68,22120298.0,39.21161825726142,-4.3964232488822645,-3.8230884557721168,-0.052787006275378356,0.023830397660840445
PFE,2020-10-29,25.68,25.79,25.04,25.53,25.53,27545341,Healthcare,26.669999999999998,26.924,26.727999999999998,26.715,26.643581169365284,26.681796282487316,-0.03821511312203185,0.08699191738516825,25.66,33857537.0,27.09,19243616.0,26.45,16089205.0,38.729508196721326,-5.75858250276855,-3.4782608695652084,-0.005066250974279041,0.023774176217468874
PFE,2020-10-30,25.5,25.71,25.21,25.68,25.68,25631067,Healthcare,26.28,26.744999999999997,26.6955,26.668200000000002,26.495337912539856,26.60758915045122,-0.11225123791136227,0.047143286325862135,25.53,27545341.0,27.63,30557884.0,27.47,42993503.0,40.31936127744512,-7.057546145494031,-6.516199490353114,0.005875440658049236,0.01918675309332386
PFE,2020-11-02,26.0,26.24,25.72,26.22,26.22,21430666,Healthcare,26.036,26.631,26.676499999999997,26.6298,26.452978233687574,26.578878843010386,-0.12590060932281233,0.012534507196127243,25.68,25631067.0,27.44,33783124.0,27.36,31931352.0,45.53734061930781,-4.446064139941697,-4.166666666666674,0.02102803738317749,0.02109343447647206
PFE,2020-11-03,26.37,26.5,26.11,26.19,26.19,21636617,Healthcare,25.856,26.537,26.677,26.5914,26.412520043889486,26.550073002787396,-0.13755295889790986,-0.017482986022680176,26.22,21430666.0,27.09,36851529.0,27.13,22384852.0,45.53734061930784,-3.322259136212624,-3.4647991153704316,-0.0011441647597253413,0.021051485113763535
PFE,2020-11-04,26.82,27.59,26.75,27.02,27.02,40870536,Healthcare,26.127999999999997,26.555,26.708499999999997,26.5758,26.505978498675717,26.584882409988328,-0.07890391131261154,-0.02976717108066645,26.19,21636617.0,25.66,33857537.0,26.84,18984859.0,54.67980295566504,5.3000779423226785,0.6706408345752646,0.03169148529973276,0.023523250048562826
PFE,2020-11-05,27.24,27.27,26.61,26.61,26.61,33926995,Healthcare,26.344,26.506999999999998,26.704,26.5572,26.52198180657176,26.586742972211415,-0.06476116563965562,-0.03676596999246429,27.02,40870536.0,25.53,27545341.0,27.09,19243616.0,42.15328467153284,4.230317273795525,-1.7718715393133966,-0.015173945225758656,0.02382514440097149
PFE,2020-11-06,26.61,26.85,26.39,26.61,26.61,23870676,Healthcare,26.53,26.405,26.702999999999996,26.5414,26.53552306709918,26.588465715010567,-0.05294264791138659,-0.04000130557624875,26.61,33926995.0,25.68,25631067.0,27.63,30557884.0,43.0167597765363,3.6214953271028083,-3.6916395222584164,0.0,0.022634195194211986
PFE,2020-11-09,30.61,30.7,28.06,28.66,28.66,230153864,Healthcare,27.018,26.526999999999997,26.803500000000003,26.5658,26.862365672160845,26.74191269908386,0.12045297307698632,-0.007910449845601734,26.61,23870676.0,26.22,21430666.0,27.44,33783124.0,60.639777468706555,9.305873379099939,4.446064139941686,0.0770387072529124,0.03396919839114039
PFE,2020-11-10,29.58,29.64,28.12,28.28,28.28,80091668,Healthcare,27.436,26.646000000000004,26.881999999999998,26.584400000000002,27.080463261059176,26.855845091744314,0.22461816931486212,0.03859527398649104,28.66,230153864.0,26.19,21636617.0,27.09,36851529.0,59.890109890109905,7.980145093547164,4.392764857881137,-0.013258897418004123,0.03399860454373768
PFE,2020-11-11,28.43,29.39,27.71,28.15,28.15,58980997,Healthcare,27.662,26.895,26.9555,26.6136,27.24500737474238,26.951708418281772,0.2932989564606068,0.0895360104813142,28.28,80091668.0,27.02,40870536.0,25.66,33857537.0,57.402234636871505,4.1820873427091065,9.703819173811379,-0.004596888260254728,0.027770878105629372
PFE,2020-11-12,27.99,28.03,27.23,27.46,27.46,46767877,Healthcare,27.832,27.088,27.006,26.624399999999994,27.27808316324355,26.989359646557197,0.2887235166863533,0.12937351172232203,28.15,58980997.0,26.61,33926995.0,25.53,27545341.0,48.8372093023256,3.1942878617061243,7.559733646690159,-0.024511545293072756,0.029539450329976773
PFE,2020-11-13,27.69,28.27,27.57,28.24,28.24,40175634,Healthcare,28.157999999999998,27.344,27.0445,26.662399999999998,27.426070368898387,27.081999672738142,0.34407069616024444,0.17231294860990654,27.46,46767877.0,26.61,23870676.0,25.68,25631067.0,55.06329113924049,6.1255167230364505,9.968847352024923,0.028404952658412252,0.03023620633367749
PFE,2020-11-16,27.68,27.75,26.94,27.29,27.29,75530167,Healthcare,27.883999999999997,27.451,27.041000000000004,26.682000000000002,27.405136465990942,27.097407104387166,0.3077293616037764,0.19939623120868052,28.24,40175634.0,28.66,230153864.0,26.22,21430666.0,51.17647058823529,-4.780181437543618,4.080854309687254,-0.03364022662889521,0.03284024162881749
PFE,2020-11-17,28.12,28.13,27.6,27.77,27.77,46984500,Healthcare,27.782,27.609,27.073,26.7174,27.46126931737695,27.147228800358487,0.31404051701846214,0.22232508837063686,27.29,75530167.0,28.28,80091668.0,26.19,21636617.0,63.97350993377486,-1.803394625176813,6.032836960672006,0.01758886038842067,0.03301753085113645
PFE,2020-11-18,28.46,28.84,27.97,27.99,27.99,63442700,Healthcare,27.75,27.706,27.1305,26.753600000000002,27.542612499318956,27.20965629662823,0.33295620269072757,0.24445131123465502,27.77,46984500.0,28.15,58980997.0,27.02,40870536.0,66.09947643979058,-0.5683836589698066,3.5899333826795,0.00792221822110184,0.03182487030731946
PFE,2020-11-19,28.21,28.23,27.64,27.89,27.89,43261800,Healthcare,27.836000000000002,27.834000000000003,27.170499999999997,26.7954,27.596056730192963,27.260052126507617,0.3360046036853461,0.26276196972479327,27.99,63442700.0,27.46,46767877.0,26.61,33926995.0,64.5586297760211,1.5659140568099028,4.810221721157459,-0.0035727045373347144,0.031255531563929836
PFE,2020-11-20,28.28,28.75,28.08,28.28,28.28,60633800,Healthcare,27.844,28.000999999999998,27.202999999999996,26.838999999999995,27.701278771701737,27.335603820840387,0.3656749508613508,0.2833445659521048,27.89,43261800.0,28.24,40175634.0,26.61,23870676.0,63.84408602150541,0.14164305949009304,6.2758361518226335,0.013983506633201914,0.03131290083056372
PFE,2020-11-23,28.54,28.58,27.91,28.14,28.14,43673100,Healthcare,28.014,27.949,27.238,26.866,27.768774345286086,27.395188723000356,0.3735856222857308,0.30139277721883,28.28,60633800.0,27.29,75530167.0,28.66,230153864.0,62.91390728476822,3.1146940271161716,-1.8143754361479414,-0.004950495049504955,0.01918776132145573
PFE,2020-11-24,27.84,28.31,27.76,28.21,28.21,42485300,Healthcare,28.101999999999997,27.942,27.294,26.8952,27.83665521524207,27.45554511388922,0.38111010135285284,0.3173362420456346,28.14,43673100.0,27.77,46984500.0,28.28,80091668.0,58.762886597938156,1.5844436442203902,-0.24752475247524774,0.0024875621890547706,0.018772032184994916
PFE,2020-11-25,28.15,28.18,27.93,28.15,28.15,26955800,Healthcare,28.134000000000004,27.942,27.4185,26.9258,27.88486210520483,27.50698621656409,0.37787588864074095,0.32944417136465587,28.21,42485300.0,27.99,63442700.0,28.15,58980997.0,61.95652173913043,0.5716327259735587,0.0,-0.002126905352711872,0.018722304175005797
PFE,2020-11-27,28.34,28.71,28.32,28.69,28.69,25277000,Healthcare,28.294,28.065000000000005,27.576500000000003,26.9666,28.008729473634858,27.59461686718897,0.41411260644588666,0.346377858380902,28.15,26955800.0,27.89,43261800.0,27.46,46767877.0,64.89971346704873,2.868411617067057,4.479242534595773,0.019182948490231055,0.017375326499626063
PFE,2020-11-30,29.25,29.9,28.98,29.52,29.52,65425900,Healthcare,28.542,28.193,27.7685,27.026799999999998,28.241232631537187,27.73723783998979,0.5039947915473988,0.3779012450142014,28.69,25277000.0,28.28,60633800.0,28.24,40175634.0,57.46527777777777,4.38472418670437,4.532577903682733,0.028929940745904492,0.017456091108505205
PFE,2020-12-01,30.36,31.21,30.06,30.37,30.37,72499700,Healthcare,28.988,28.500999999999998,27.976,27.112800000000004,28.568735303608392,27.932257259249806,0.6364780443585865,0.4296166048830784,29.52,65425900.0,28.14,43673100.0,27.29,75530167.0,66.77367576243981,7.924662402274341,11.286185415903272,0.02879403794037949,0.012815387754979552
PFE,2020-12-02,31.19,31.91,31.06,31.44,31.44,84347500,Healthcare,29.633999999999997,28.868000000000002,28.2385,27.2168,29.010468333822487,28.192090054860934,0.8183782789615535,0.5073689396987735,30.37,72499700.0,28.21,42485300.0,27.77,46984500.0,72.94281729428175,11.449840482098539,13.215700396110908,0.035232136977280115,0.014895847293143803
PFE,2020-12-03,31.58,31.62,30.46,30.9,30.9,68570100,Healthcare,30.184000000000005,29.159000000000002,28.432499999999997,27.3138,29.301165513234412,28.392675976723087,0.9084895365113255,0.5875930590612839,31.44,84347500.0,28.15,26955800.0,27.99,63442700.0,74.50142450142448,9.769094138543522,10.396570203644151,-0.01717557251908408,0.017632351875437654
PFE,2020-12-04,30.74,31.17,30.74,31.09,31.09,35368100,Healthcare,30.663999999999998,29.478999999999996,28.6565,27.417999999999996,29.576370818890656,28.59247775622508,0.983893062665576,0.6668530597821424,30.9,68570100.0,28.69,25277000.0,27.89,43261800.0,72.16174183514772,8.365284071104906,11.473646468268184,0.00614886731391584,0.017054602781719302
PFE,2020-12-07,31.33,31.91,31.11,31.79,31.79,48253700,Healthcare,31.118000000000002,29.830000000000002,28.915499999999998,27.531999999999996,29.91692915444594,28.829331255763964,1.0875978986819739,0.7510020275621088,31.09,35368100.0,29.52,65425900.0,28.28,60633800.0,86.40776699029122,7.6897018970189635,12.411598302687409,0.022515278224509494,0.017426968342527962
PFE,2020-12-08,31.91,32.96,31.87,32.8,32.8,87039300,Healthcare,31.603999999999996,30.296000000000003,29.122500000000002,27.661200000000004,30.360478515300407,29.123454866448117,1.2370236488522899,0.848206351820145,31.79,48253700.0,30.37,72499700.0,28.14,43673100.0,87.48137108792842,8.001317089232774,16.560056858564298,0.03177099716892107,0.017349626860090683
PFE,2020-12-09,33.19,33.2,31.7,32.25,32.25,86118500,Healthcare,31.766,30.7,29.321000000000005,27.782600000000002,30.651174128331114,29.355050802266774,1.2961233260643397,0.937789746668984,32.8,87039300.0,31.44,84347500.0,28.21,42485300.0,80.25568181818181,2.57633587786259,14.321162708259472,-0.01676829268292679,0.019851813547182868
PFE,2020-12-10,32.23,32.54,31.94,32.16,32.16,57749200,Healthcare,32.018,31.101,29.521499999999996,27.8946,30.88330118551094,29.56282481691368,1.3204763685972623,1.0143270710546397,32.25,86118500.0,30.9,68570100.0,28.15,26955800.0,80.3698435277382,4.077669902912606,14.245115452930722,-0.0027906976744187517,0.01991145036766633
PFE,2020-12-11,32.34,32.42,31.36,31.69,31.69,60737000,Healthcare,32.138,31.401,29.733000000000004,28.002,31.007408695432336,29.720393348994147,1.2870153464381886,1.0688647261313495,32.16,57749200.0,31.09,35368100.0,28.69,25277000.0,73.98030942334739,1.9298809906722392,10.456605088881133,-0.014614427860696333,0.02164811292781231
PFE,2020-12-14,32.07,32.11,30.11,30.22,30.22,94809700,Healthcare,31.824,31.471000000000004,29.832,28.0798,30.886268896135054,29.757401249068653,1.1288676470664,1.0808653103183596,31.69,60737000.0,31.79,48253700.0,29.52,65425900.0,62.32227488151657,-4.9386599559610005,2.371273712737132,-0.04638687283054599,0.02687916394281173
PFE,2020-12-15,30.1,30.19,29.45,29.83,29.83,65712800,Healthcare,31.229999999999997,31.417,29.958999999999996,28.1444,30.723765989037354,29.762778934322824,0.9609870547145292,1.0568896591975936,30.22,94809700.0,32.8,87039300.0,30.37,72499700.0,59.24657534246573,-9.054878048780491,-1.778070464273962,-0.01290536068828596,0.025579635758457526
PFE,2020-12-16,29.42,29.65,29.08,29.16,29.16,56515300,Healthcare,30.612000000000002,31.189,30.028499999999998,28.204,30.483186606108532,29.718128642891504,0.7650579632170285,0.9985233200014806,29.83,65712800.0,32.25,86118500.0,31.44,84347500.0,55.389541088580586,-9.581395348837207,-7.251908396946572,-0.022460610124036107,0.022721532897022105
PFE,2020-12-17,29.15,29.38,28.75,29.31,29.31,52036400,Healthcare,30.041999999999994,31.029999999999994,30.0945,28.2624,30.30269635901491,29.687896891566204,0.6147994674487052,0.9217785494909255,29.16,56515300.0,32.16,57749200.0,30.9,68570100.0,53.45211581291758,-8.861940298507454,-5.145631067961165,0.005144032921810648,0.022736253958817215
PFE,2020-12-18,29.28,29.35,28.9,29.04,29.04,60259200,Healthcare,29.512,30.825,30.151999999999997,28.3092,30.108435380704922,29.639904529227966,0.46853085147695595,0.8311290098881317,29.31,52036400.0,31.69,60737000.0,31.09,35368100.0,47.14964370546318,-8.362259387819504,-6.593760051463493,-0.0092118730808598,0.02241333009700743
PFE,2020-12-21,28.73,28.82,28.44,28.81,28.81,40891800,Healthcare,29.229999999999997,30.526999999999997,30.178499999999996,28.3528,29.908676091365702,29.578430119655525,0.3302459717101769,0.7309524022525408,29.04,60259200.0,30.22,94809700.0,31.79,48253700.0,39.99999999999998,-4.665784248841831,-9.374016986473732,-0.007920110192837448,0.019956638423167174
PFE,2020-12-22,28.68,28.77,28.21,28.31,28.31,33634400,Healthcare,28.926,30.077999999999996,30.187,28.386,29.662725923463285,29.484472333014374,0.17825359044891087,0.6204126398918148,28.81,40891800.0,29.83,65712800.0,32.8,87039300.0,28.35408022130011,-5.095541401273884,-13.689024390243897,-0.017355085039916673,0.01370419391394884
PFE,2020-12-23,28.52,29.02,28.42,28.85,28.85,36182000,Healthcare,28.863999999999997,29.738,30.219,28.428800000000003,29.537691166007395,29.437474382420714,0.1002167835866814,0.5163734686307881,28.31,33634400.0,29.16,56515300.0,32.25,86118500.0,35.822959889349946,-1.063100137174211,-10.542635658914723,0.01907453196750275,0.01727492752700953
PFE,2020-12-24,28.82,28.95,28.65,28.72,28.72,14790100,Healthcare,28.746,29.394,30.247500000000002,28.4696,29.411892525083182,29.38432813187103,0.027564393212152538,0.41861165354706104,28.85,36182000.0,29.31,52036400.0,32.16,57749200.0,33.47280334728032,-2.0129648584100934,-10.696517412935314,-0.0045060658578857105,0.017193309870960467
PFE,2020-12-28,28.79,28.96,28.27,28.38,28.38,26993700,Healthcare,28.613999999999997,29.063,30.232,28.508200000000002,29.253139828916538,29.309933455436138,-0.05679362651959963,0.3235305975337289,28.72,14790100.0,29.04,60259200.0,31.69,60737000.0,24.963289280469894,-2.2727272727272707,-10.444935310823611,-0.011838440111420656,0.01715287915041353
PFE,2020-12-29,28.44,28.67,28.35,28.55,28.55,23152100,Healthcare,28.562,28.895999999999997,30.1835,28.5298,29.144964470621687,29.253642088366792,-0.10867761774510498,0.23708895447796216,28.38,26993700.0,28.81,40891800.0,30.22,94809700.0,14.405360134003388,-0.9024644220756661,-5.526141628060877,0.005990133897110672,0.012440845901837192
PFE,2020-12-30,28.54,28.7,28.28,28.31,28.31,24889800,Healthcare,28.562,28.744,30.080499999999994,28.5488,29.01650839821835,29.183742674413697,-0.16723427619534803,0.15622430834330014,28.55,23152100.0,28.31,33634400.0,29.83,65712800.0,15.194346289752687,0.0,-5.095541401273884,-0.008406304728546532,0.012226767927396924
PFE,2020-12-31,28.25,28.45,27.97,28.37,28.37,30796500,Healthcare,28.466,28.665,29.927,28.573599999999995,28.91704556772322,29.123465439271943,-0.20641987154872155,0.0836954723648958,28.31,24889800.0,28.85,36182000.0,29.16,56515300.0,16.34103019538196,-1.663778162911611,-2.7091906721536274,0.0021193924408338116,0.01074018252425185
PFE,2021-01-04,28.41,28.47,27.95,28.37,28.37,33565700,Healthcare,28.396000000000004,28.571000000000005,29.8005,28.604200000000002,28.83288471115042,29.06765318451106,-0.23476847336063855,0.020002683219788937,28.37,30796500.0,28.72,14790100.0,29.31,52036400.0,17.829457364341152,-1.2186629526462323,-3.2070965540771046,0.0,0.01044228336492914
PFE,2021-01-05,28.3,28.8,28.21,28.66,28.66,29909400,Healthcare,28.452000000000005,28.532999999999998,29.679000000000002,28.6356,28.806287063281125,29.037456652325055,-0.2311695890439296,-0.030231771232954768,28.37,33565700.0,28.38,26993700.0,29.04,60259200.0,30.402010050251306,0.9866102889358741,-1.308539944903575,0.010222065562213611,0.010994049680616154
PFE,2021-01-06,28.38,28.88,28.34,28.41,28.41,34962500,Healthcare,28.424,28.493000000000002,29.51,28.6512,28.745319822776338,28.99097838178246,-0.24565855900612021,-0.07331712878758787,28.66,29909400.0,28.55,23152100.0,28.81,40891800.0,31.51041666666673,-0.4903677758318792,-1.3884068031933317,-0.008722958827634297,0.011050858151948978
PFE,2021-01-07,28.55,28.63,28.26,28.56,28.56,27809500,Healthcare,28.474,28.518,29.297999999999995,28.673599999999997,28.716809080810748,28.95905405720598,-0.2422449763952308,-0.10710269830911645,28.41,34962500.0,28.31,24889800.0,28.31,33634400.0,40.963855421686745,0.8830801836806845,0.8830801836806845,0.0052798310454065245,0.009633860228685728
PFE,2021-01-08,28.64,28.92,28.44,28.61,28.61,33462400,Healthcare,28.522000000000002,28.494,29.115999999999996,28.704,28.70037691453217,28.933198201116646,-0.23282128658447476,-0.13224641596418812,28.56,27809500.0,28.37,30796500.0,28.85,36182000.0,39.130434782608745,0.8459640465280138,-0.8318890814558166,0.0017507002801120386,0.007275797804566133
PFE,2021-01-11,28.68,29.15,28.63,29.11,29.11,47286900,Healthcare,28.669999999999998,28.532999999999998,28.9635,28.772999999999996,28.76339585075799,28.946294630663562,-0.18289877990557102,-0.1423768887524647,28.61,33462400.0,28.37,33565700.0,28.72,14790100.0,51.01449275362319,2.608389143461398,1.3579387186629654,0.01747640685075158,0.00912198302135318
PFE,2021-01-12,29.05,29.12,28.38,28.65,28.65,47831100,Healthcare,28.668,28.560000000000002,28.811499999999995,28.8354,28.74595033525676,28.924346880244038,-0.17839654498727597,-0.14958081999942696,29.11,47286900.0,28.66,29909400.0,28.38,26993700.0,47.82608695652175,-0.034891835310546515,0.9513742071881603,-0.015802129852284463,0.009819926785221965
PFE,2021-01-13,28.51,28.65,28.24,28.41,28.41,31027900,Healthcare,28.668,28.546,28.721000000000004,28.89,28.694265668294182,28.88624711133707,-0.1919814430428879,-0.15806094460811915,28.65,47831100.0,28.41,34962500.0,28.55,23152100.0,51.46198830409359,0.0,-0.4903677758318792,-0.008376963350785305,0.010055382640034017
PFE,2021-01-14,28.34,28.48,28.21,28.32,28.32,30272000,Healthcare,28.619999999999997,28.546999999999997,28.6455,28.932,28.63668633471046,28.84430288086766,-0.2076165461571975,-0.16797206491793482,28.41,31027900.0,28.56,27809500.0,28.31,24889800.0,41.07744107744107,-0.8403361344537785,0.03532320734722649,-0.0031678986272438703,0.009725651249003951
PFE,2021-01-15,28.27,28.34,28.05,28.28,28.28,34287800,Healthcare,28.554000000000002,28.538,28.601499999999998,28.9738,28.581811513985773,28.802502667470055,-0.2206911534842817,-0.17851588263120421,28.32,30272000.0,28.61,33462400.0,28.37,30796500.0,42.36111111111116,-1.1534428521495887,-0.3172365174480052,-0.0014124293785310327,0.009707386946864977
PFE,2021-01-19,28.33,28.51,28.22,28.31,28.31,33451300,Healthcare,28.394,28.532,28.551499999999997,28.9996,28.53999435798796,28.7660209883982,-0.22602663041023874,-0.18801803218701113,28.28,34287800.0,29.11,47286900.0,28.37,33565700.0,48.63813229571984,-2.748196496049471,-0.21149101163201456,0.0010608203677509032,0.009716522156868518
PFE,2021-01-20,28.35,28.37,28.1,28.13,28.13,35400100,Healthcare,28.29,28.479000000000003,28.506,29.03,28.476918302912892,28.718908322590927,-0.24199001967803468,-0.19881242968521587,28.31,33451300.0,28.65,47831100.0,28.66,29909400.0,41.86046511627903,-1.8150087260034864,-1.849267271458488,-0.00635817732250088,0.009144093277660031
PFE,2021-01-21,28.04,28.2,27.86,28.11,28.11,33829700,Healthcare,28.23,28.449,28.470999999999997,29.06,28.420469333233985,28.673804002399006,-0.2533346691650209,-0.2097168775811769,28.13,35400100.0,28.41,31027900.0,28.41,34962500.0,45.76271186440679,-1.055966209081316,-1.055966209081316,-0.0007109847138286884,0.008817952210550917
PFE,2021-01-22,27.99,28.38,27.94,28.17,28.17,26271200,Healthcare,28.2,28.409999999999997,28.464,29.0502,28.381935589659527,28.636485187406485,-0.2545495977469585,-0.21868342161433324,28.11,33829700.0,28.32,30272000.0,28.56,27809500.0,45.76271186440679,-0.5296610169491456,-1.36554621848739,0.002134471718249875,0.008621947187076947
PFE,2021-01-25,28.17,28.74,27.99,28.73,28.73,31728500,Healthcare,28.290000000000003,28.422000000000004,28.458,29.0592,28.435483960481136,28.64341221056156,-0.2079282500804247,-0.21653238730755153,28.17,26271200.0,28.28,34287800.0,28.61,33462400.0,56.16438356164384,1.591230551626599,0.41943376441804237,0.019879304224352135,0.010938748642012188
PFE,2021-01-26,28.72,28.98,28.64,28.75,28.75,27718700,Healthcare,28.378000000000004,28.386000000000003,28.4595,29.071199999999997,28.483871043484037,28.651307602371816,-0.16743655888777909,-0.20671322162359707,28.73,31728500.0,28.31,33451300.0,29.11,47286900.0,51.698113207547166,1.554221123277988,-1.2366884232222541,0.0006961364427426897,0.009187290468354963
PFE,2021-01-27,28.51,28.55,27.87,27.93,27.93,50561200,Healthcare,28.338,28.314,28.436999999999994,29.0806,28.398660113717263,28.597877409603534,-0.19921729588627102,-0.20521403647613187,28.75,27718700.0,28.13,35400100.0,28.65,47831100.0,42.54658385093166,-0.7109847138286551,-2.5130890052356025,-0.028521739130434764,0.011909781111375303
PFE,2021-01-28,28.01,28.3,27.92,27.94,27.94,39466700,Healthcare,28.303999999999995,28.266999999999996,28.4065,29.0746,28.32809701929922,28.549145749632903,-0.22104873033368122,-0.20838097524764176,27.93,50561200.0,28.11,33829700.0,28.41,31027900.0,39.93506493506497,-0.6047669868374128,-1.6543470608940458,0.0003580379520229382,0.01174827105568766
PFE,2021-01-29,28.73,28.73,27.75,27.97,27.97,60251900,Healthcare,28.264,28.232,28.389500000000005,29.088199999999997,28.273005170176262,28.506246064474908,-0.23324089429864614,-0.21335295905784263,27.94,39466700.0,28.17,26271200.0,28.32,30272000.0,39.54248366013069,-0.709975150869735,-1.2358757062146952,0.0010737294201861314,0.011762106084296533
PFE,2021-02-01,27.99,28.19,27.83,27.89,27.89,40395800,Healthcare,28.096000000000004,28.193,28.365500000000004,29.0906,28.214081297841453,28.460598207847134,-0.2465169100056812,-0.21998574924741035,27.97,60251900.0,28.73,31728500.0,28.28,34287800.0,26.893939393939363,-2.923773059519663,-1.379066478076385,-0.0028602073650338955,0.01177418778824228
PFE,2021-02-02,27.86,27.87,26.7,27.26,27.26,84062400,Healthcare,27.798000000000002,28.088,28.310000000000002,29.076,28.067299559711998,28.371665007265868,-0.3043654475538702,-0.23686168890870235,27.89,40395800.0,28.75,27718700.0,28.31,33451300.0,25.266903914590728,-5.182608695652169,-3.7089367714588373,-0.02258874148440293,0.013491620651677515
PFE,2021-02-03,27.26,27.49,27.09,27.14,27.14,38524200,Healthcare,27.639999999999997,27.988999999999997,28.233999999999998,29.061,27.924638088987074,28.28043056228321,-0.3557924732961375,-0.2606478457861894,27.26,84062400.0,27.93,50561200.0,28.13,35400100.0,26.394052044609623,-2.828499820981023,-3.51937433345183,-0.0044020542920030215,0.013462783861852103
PFE,2021-02-04,27.12,27.33,27.03,27.18,27.18,34284900,Healthcare,27.488,27.896000000000004,28.172500000000003,29.039,27.81007838298906,28.19891718729927,-0.38883880431020756,-0.286286037490993,27.14,38524200.0,27.94,39466700.0,28.11,33829700.0,28.40909090909085,-2.7201145311381625,-3.3084311632870844,0.0014738393515105752,0.013530528225234796
PFE,2021-02-05,27.2,27.33,27.09,27.2,27.2,31749600,Healthcare,27.334000000000003,27.799,28.1045,29.0202,27.71622017022151,28.124923321573398,-0.4087031513518866,-0.31076946026317176,27.18,34284900.0,27.97,60251900.0,28.17,26271200.0,29.389312977099152,-2.7529495888451883,-3.443379481718145,0.0007358351729211954,0.013475506678019724
PFE,2021-02-08,27.24,27.27,27.06,27.13,27.13,31633900,Healthcare,27.182,27.639,28.0305,28.998599999999996,27.626032451725894,28.051225297753145,-0.42519284602725094,-0.3336541374159876,27.2,31749600.0,27.89,40395800.0,28.73,31728500.0,27.819548872180434,-2.7249910362136975,-5.569091541942228,-0.0025735294117646967,0.010759738215933963
PFE,2021-02-09,27.11,27.31,27.08,27.24,27.24,30170200,Healthcare,27.177999999999997,27.488,27.937,28.9804,27.566642843768065,27.991134534956615,-0.4244916911885497,-0.3518216481705,27.13,31633900.0,27.26,84062400.0,28.75,27718700.0,32.81853281853279,-0.07336757153338924,-5.252173913043478,0.004054552156284474,0.011029242418627006
PFE,2021-02-10,27.27,27.33,27.03,27.06,27.06,29039900,Healthcare,27.162,27.401,27.857500000000005,28.9478,27.488697790880668,27.92216160644131,-0.43346381556064273,-0.3681500816485285,27.24,30170200.0,27.14,38524200.0,27.93,50561200.0,30.909090909090864,-0.29476787030214835,-3.1149301825993625,-0.0066079295154184425,0.007530195573826345
PFE,2021-02-11,27.11,27.12,26.71,26.82,26.82,30885200,Healthcare,27.089999999999996,27.288999999999998,27.778,28.893800000000002,27.385821207668258,27.840520005964176,-0.45469879829591875,-0.3854598249780066,27.06,29039900.0,27.18,34284900.0,27.94,39466700.0,26.962457337883876,-1.3245033112582738,-4.008589835361487,-0.008869179600886845,0.007619601390254844
PFE,2021-02-12,26.83,27.23,26.77,27.05,27.05,25578600,Healthcare,27.060000000000002,27.197000000000003,27.714499999999997,28.827399999999997,27.33415640648853,27.78196296848535,-0.44780656199682056,-0.39792917238176945,26.82,30885200.0,27.2,31749600.0,27.97,60251900.0,17.692307692307622,-0.5514705882352922,-3.2892384697890575,0.008575689783743456,0.008499333175504296
PFE,2021-02-16,27.15,27.16,26.92,27.02,27.02,28730300,Healthcare,27.038,27.110000000000003,27.651500000000006,28.739,27.28582465164414,27.72552126711606,-0.4396966154719202,-0.4062826609997996,27.05,25578600.0,27.13,31633900.0,27.89,40395800.0,16.858237547892656,-0.40545521562845854,-3.1193976335604168,-0.0011090573012939586,0.00852753551454263
PFE,2021-02-17,26.93,27.27,26.85,27.18,27.18,26389400,Healthcare,27.026,27.101999999999997,27.595,28.6646,27.26954393600658,27.68511228436672,-0.41556834836013934,-0.4081397984718676,27.02,28730300.0,27.24,30170200.0,27.26,84062400.0,30.76923076923073,-0.22026431718060735,-0.29347028613353476,0.005921539600296066,0.005543105766449151
PFE,2021-02-18,27.09,27.17,26.89,26.92,26.92,24052500,Healthcare,26.998,27.080000000000002,27.534499999999998,28.5812,27.215767945851724,27.628437300339556,-0.41266935448783215,-0.40904570967506054,27.18,26389400.0,27.06,29039900.0,27.14,38524200.0,26.818181818181742,-0.5173688100517215,-0.8106116433308719,-0.009565857247976428,0.0061743485243299645
PFE,2021-02-19,27.0,27.02,26.8,26.83,26.83,28145300,Healthcare,27.0,27.044999999999998,27.470499999999998,28.482000000000003,27.156419031105305,27.569293796610697,-0.4128747655053928,-0.40981152084112704,26.92,24052500.0,26.82,30885200.0,27.18,34284900.0,24.77876106194688,0.037285607755399575,-1.2877115526122251,-0.0033432392273403666,0.006165451254719513
PFE,2021-02-22,26.74,26.78,26.52,26.69,26.69,34322500,Healthcare,26.927999999999997,26.994,27.396500000000003,28.3598,27.084662257089107,27.504160922787683,-0.4194986656985762,-0.4117489498126169,26.83,28145300.0,27.05,25578600.0,27.2,31749600.0,24.137931034482747,-1.3308687615526726,-1.8749999999999933,-0.005218039508013361,0.006236427213944688
PFE,2021-02-23,26.49,26.64,26.24,26.42,26.42,37624200,Healthcare,26.808000000000003,26.923000000000002,27.281,28.243199999999998,26.982406525229244,27.42385270628489,-0.44144618105564604,-0.41768839606122277,26.69,34322500.0,27.02,28730300.0,27.13,31633900.0,28.57142857142854,-2.2205773501110193,-2.61702911905638,-0.010116148370176048,0.0067642790912447156
PFE,2021-02-24,26.39,26.53,26.23,26.29,26.29,30686100,Healthcare,26.630000000000003,26.828000000000003,27.157999999999998,28.125799999999998,26.875882444424743,27.339863616930455,-0.46398117250571147,-0.4269469513501205,26.42,37624200.0,27.18,26389400.0,27.24,30170200.0,28.426395939086248,-3.2744665194996303,-3.4875183553597644,-0.004920514761544426,0.00636262844334601
PFE,2021-02-25,26.35,26.57,26.13,26.35,26.35,37506100,Healthcare,26.516,26.756999999999998,27.079,28.019000000000002,26.794977452974784,27.266540386046717,-0.4715629330719331,-0.43587014769448307,26.29,30686100.0,26.92,24052500.0,27.06,29039900.0,29.145728643216145,-2.117384843982173,-2.6237989652623694,0.0022822365918599985,0.006503573961301831
PFE,2021-02-26,26.36,26.41,25.99,26.09,26.09,41462800,Healthcare,26.368000000000002,26.684000000000005,26.9865,27.9364,26.686519383286356,27.179389246339554,-0.4928698630531976,-0.44727009076622604,26.35,37506100.0,26.83,28145300.0,26.82,30885200.0,25.112107623318437,-2.758106597092802,-2.7218493661446685,-0.00986717267552184,0.006616523816787267
PFE,2021-03-01,26.17,26.43,26.11,26.25,26.25,30407800,Healthcare,26.28,26.604000000000003,26.9005,27.8648,26.619362555088458,27.110545598462547,-0.4911830433740896,-0.4560526812877988,26.09,41462800.0,26.69,34322500.0,27.05,25578600.0,31.03448275862074,-1.6485575121768514,-2.957486136783738,0.006132617861249523,0.006183368450752361
PFE,2021-03-02,26.24,26.4,26.1,26.11,26.11,27670400,Healthcare,26.218,26.512999999999998,26.811500000000002,27.803800000000003,26.540999085074848,27.03643110968754,-0.4954320246126933,-0.4639285499527777,26.25,30407800.0,26.42,37624200.0,27.02,28730300.0,25.95744680851071,-1.1733535200605716,-3.3678756476683946,-0.005333333333333301,0.006185616271238707
PFE,2021-03-03,26.11,26.84,26.05,26.79,26.79,46020200,Healthcare,26.318,26.474,26.788,27.753400000000003,26.579306918140254,27.01817695341439,-0.43887003527413526,-0.45891684701704927,26.11,27670400.0,26.29,30686100.0,27.18,26389400.0,45.263157894736864,1.901863826550021,-1.4348785871964753,0.026043661432401333,0.010974804899357808
PFE,2021-03-04,26.69,27.34,26.36,26.64,26.64,45449600,Healthcare,26.375999999999998,26.445999999999998,26.762999999999998,27.7054,26.588644315349445,26.990163845754065,-0.4015195304046202,-0.4474373836945635,26.79,46020200.0,26.35,37506100.0,26.92,24052500.0,46.739130434782616,1.1005692599620476,-1.0401188707280906,-0.005599104143336975,0.010715098791671086
PFE,2021-03-05,26.71,26.92,26.46,26.79,26.79,30589900,Healthcare,26.516,26.442,26.7435,27.665,26.61962211298799,26.975336894216728,-0.35571478122873756,-0.42909286320139833,26.64,45449600.0,26.09,41462800.0,26.83,28145300.0,45.149253731343265,2.683020314296658,-0.1490868430860992,0.005630630630630629,0.010871124449341464
PFE,2021-03-08,26.86,27.17,26.74,26.76,26.76,24352300,Healthcare,26.618000000000002,26.449,26.721500000000002,27.634,26.64121871098984,26.959386013163638,-0.31816730217379785,-0.4069077509958783,26.79,30589900.0,26.25,30407800.0,26.69,34322500.0,45.149253731343315,1.9428571428571573,0.26227051330085516,-0.0011198208286673506,0.010732969643819727
PFE,2021-03-09,26.91,27.15,26.83,26.84,26.84,25167100,Healthcare,26.764,26.491000000000003,26.707,27.5938,26.671800447760635,26.95054260478115,-0.2787421570205133,-0.3812746322008053,26.76,24352300.0,26.11,27670400.0,26.42,37624200.0,43.46153846153846,2.7958636537725123,1.5897047691143085,0.002989536621823552,0.010099408950023637
PFE,2021-03-10,26.99,27.38,26.89,27.21,27.21,33501800,Healthcare,26.848000000000003,26.583,26.7055,27.5636,26.754600378874382,26.969761671093654,-0.21516129221927116,-0.3480519642044985,26.84,25167100.0,26.79,46020200.0,26.29,30686100.0,55.35055350553503,1.5677491601343796,3.499429440852042,0.013785394932935846,0.010477833859005194
PFE,2021-03-11,27.32,27.36,27.0,27.04,27.04,24557900,Healthcare,26.928000000000004,26.651999999999997,26.704500000000003,27.5368,26.79850801289371,26.974964510271903,-0.1764564973781937,-0.31373287083923757,27.21,33501800.0,26.64,45449600.0,26.35,37506100.0,53.76344086021507,1.501501501501501,2.6185958254269392,-0.006247703050349163,0.01092514617245542
PFE,2021-03-12,26.92,27.25,26.88,27.22,27.22,16342400,Healthcare,27.014,26.765000000000004,26.7245,27.5102,26.86335293398698,26.9931152872888,-0.1297623533018175,-0.27693876733175354,27.04,24557900.0,26.79,30589900.0,26.09,41462800.0,59.36395759717309,1.6050765210899653,4.331161364507463,0.006656804733727872,0.010036499688027306
PFE,2021-03-15,27.27,27.6,27.24,27.59,27.59,21896100,Healthcare,27.18,26.899,26.7515,27.4958,26.975144790296675,27.03732896971185,-0.06218417941517629,-0.23398784974843811,27.22,16342400.0,26.76,24352300.0,26.25,30407800.0,69.96587030716718,3.101644245141988,5.104761904761901,0.013592946362968483,0.010456832608692283
PFE,2021-03-16,27.63,27.94,27.51,27.91,27.91,25022400,Healthcare,27.394,27.079,26.796000000000003,27.486600000000003,27.118968668712572,27.101971268251717,0.016997400460855516,-0.18379079970657938,27.59,21896100.0,26.84,25167100.0,26.11,27670400.0,75.96153846153848,3.9865871833084876,6.893910379165069,0.011598405219282348,0.009949035310580015
PFE,2021-03-17,27.91,28.01,27.36,27.88,27.88,42540100,Healthcare,27.528,27.188,26.831,27.476799999999997,27.236050411987563,27.159603026158997,0.07644738582856547,-0.1317431625995504,27.91,25022400.0,27.21,33501800.0,26.79,46020200.0,74.75728155339802,2.462330025725823,4.06868234415827,-0.001074883554281647,0.007493505803695331
PFE,2021-03-18,27.68,28.02,27.67,27.87,27.87,24729800,Healthcare,27.694,27.311,26.878500000000003,27.461,27.333581117835628,27.212225024221294,0.12135609361433453,-0.08112331135677343,27.88,42540100.0,27.04,24557900.0,26.64,45449600.0,81.33802816901414,3.0695266272189325,4.61711711711712,-0.000358680057388705,0.00690619962418804
PFE,2021-03-19,27.85,27.91,27.63,27.68,27.68,48348900,Healthcare,27.786,27.4,26.921,27.446399999999997,27.3868763304763,27.246875022427123,0.14000130804917887,-0.03689838747558297,27.87,24729800.0,27.22,16342400.0,26.79,30589900.0,74.91289198606273,1.6899338721528379,3.3221351250466657,-0.006817366343738862,0.007758124068789589
PFE,2021-03-22,27.64,28.05,27.55,28.05,28.05,25427500,Healthcare,27.877999999999997,27.529000000000003,26.988999999999997,27.436200000000003,27.48889535655687,27.306365761506598,0.18252959505027277,0.006987209029588184,27.68,48348900.0,27.59,21896100.0,26.76,24352300.0,81.29032258064521,1.6672707502718431,4.820627802690569,0.013367052023121495,0.008182004283371222
PFE,2021-03-23,27.91,27.99,27.52,27.55,27.55,27970500,Healthcare,27.806,27.6,27.045499999999997,27.415,27.49829607093274,27.32441274213574,0.1738833287970003,0.04036643298307061,28.05,25427500.0,27.91,25022400.0,26.84,25167100.0,63.013698630137014,-1.2898602651379432,2.6453055141579807,-0.017825311942959,0.010881641400945115
PFE,2021-03-24,27.64,27.99,27.55,27.74,27.74,22883400,Healthcare,27.778000000000002,27.653,27.118000000000002,27.387600000000003,27.53548129078924,27.355196983459017,0.18028430733022205,0.06835000785250091,27.55,27970500.0,27.88,42540100.0,27.21,33501800.0,68.58108108108107,-0.5021520803443313,1.9478133039323664,0.006896551724137945,0.010302238352604222
PFE,2021-03-25,27.77,27.88,27.46,27.79,27.79,24875300,Healthcare,27.762,27.727999999999998,27.189999999999998,27.3704,27.5746380152832,27.387404614313905,0.1872334009692942,0.09212668647585957,27.74,22883400.0,27.87,24729800.0,27.04,24557900.0,67.4825174825175,-0.2870470039469053,2.7736686390532617,0.0018024513338139592,0.00989444614804987
PFE,2021-03-26,27.8,28.27,27.76,28.24,28.24,27944500,Healthcare,27.874000000000002,27.830000000000002,27.297500000000003,27.366999999999997,27.677001397547322,27.450559828068428,0.2264415694788937,0.11898966307646641,27.79,24875300.0,27.68,48348900.0,27.22,16342400.0,72.56097560975604,2.023121387283222,3.7472446730345332,0.0161928751349405,0.010733178600332826
PFE,2021-03-29,28.07,28.62,27.97,28.53,28.53,27004800,Healthcare,27.97,27.924,27.4115,27.371199999999998,27.808231951770807,27.53051835932262,0.27771359244818683,0.1507344489508105,28.24,27944500.0,28.05,25427500.0,27.59,21896100.0,74.21203438395413,1.7112299465240621,3.4070315331641954,0.010269121813031301,0.010441567289179473
PFE,2021-03-30,28.5,28.54,28.06,28.13,28.13,26303300,Healthcare,28.086000000000002,27.945999999999998,27.5125,27.3682,27.857734728421455,27.574924406780205,0.2828103216412501,0.17714962348889843,28.53,27004800.0,27.55,27970500.0,27.91,25022400.0,63.06818181818177,2.105263157894721,0.788247939806519,-0.014020329477742788,0.011314279630732777
PFE,2021-03-31,28.16,28.38,28.08,28.22,28.22,26582700,Healthcare,28.182,27.98,27.583999999999996,27.3664,27.913467847125847,27.622707784055745,0.2907600630701026,0.1998717114051393,28.13,26303300.0,27.74,22883400.0,27.88,42540100.0,67.15116279069764,1.7303532804614274,1.2195121951219523,0.003199431212228987,0.011314506717603505
PFE,2021-04-01,28.28,28.4,28.06,28.28,28.28,21319900,Healthcare,28.28,28.020999999999997,27.665999999999997,27.3694,27.969857409106485,27.671396096347912,0.29846131275857246,0.21958963167582596,28.22,26582700.0,27.79,24875300.0,27.87,24729800.0,65.96385542168676,1.7632241813602123,1.471115895227837,0.002126151665485576,0.011302028521522213
PFE,2021-04-05,28.39,28.49,28.12,28.26,28.26,22096900,Healthcare,28.284000000000002,28.079,27.7395,27.372400000000003,28.014494730782413,27.714996385507327,0.29949834527508656,0.2355713743956781,28.28,21319900.0,28.24,27944500.0,27.68,48348900.0,61.27946127946129,0.07082152974504652,2.095375722543369,-0.0007072135785006761,0.010961293001199284
PFE,2021-04-06,28.25,28.36,28.05,28.08,28.08,20722900,Healthcare,28.194,28.082,27.805500000000002,27.3706,28.024572464508196,27.74203369028456,0.28253877422363516,0.24496485436126952,28.26,22096900.0,28.53,27004800.0,28.05,25427500.0,53.00353356890455,-1.5772870662460692,0.10695187165774556,-0.006369426751592466,0.010479443551501336
PFE,2021-04-07,28.07,28.23,27.86,27.98,27.98,21933800,Healthcare,28.163999999999998,28.125,27.8625,27.3556,28.017715162276165,27.759660824337555,0.25805433793861,0.2475827510767376,28.08,20722900.0,28.13,26303300.0,27.55,27970500.0,51.7241379310345,-0.533238535371483,1.5607985480943665,-0.0035612535612534746,0.00855375435906435
PFE,2021-04-08,28.01,28.16,27.94,28.01,28.01,18129400,Healthcare,28.122000000000003,28.151999999999997,27.902500000000003,27.340799999999998,28.016528214233677,27.77820446697922,0.2383237472544586,0.24573095031228182,27.98,21933800.0,28.22,26582700.0,27.74,22883400.0,52.397260273972606,-0.7441530829199072,0.9733237202595557,0.001072194424589057,0.008347543140733948
PFE,2021-04-09,27.97,28.68,27.97,28.51,28.51,31686700,Healthcare,28.168,28.224,27.976,27.352400000000003,28.09244695050542,27.832411543499276,0.2600354070061428,0.24859184165105402,28.01,18129400.0,28.28,21319900.0,27.79,24875300.0,62.84829721362229,0.8132956152758108,2.590860021590502,0.017850767583005966,0.009914467751530608
PFE,2021-04-12,28.42,28.85,28.3,28.8,28.8,29944900,Healthcare,28.276,28.28,28.054999999999996,27.369600000000002,28.201301265812276,27.90408476249933,0.2972165033129457,0.2583167739834324,28.51,31686700.0,28.26,22096900.0,28.24,27944500.0,61.90476190476188,1.9108280254777066,1.9830028328611915,0.010171869519466803,0.009151045731634489
PFE,2021-04-13,29.14,29.33,28.74,28.95,28.95,33967400,Healthcare,28.45,28.321999999999996,28.123,27.389200000000002,28.31648568645654,27.98155996527716,0.33492572117938124,0.27363856342262216,28.8,29944900.0,28.08,20722900.0,28.53,27004800.0,74.99999999999994,3.0982905982906095,1.4721345951629772,0.005208333333333259,0.008775346176130835
PFE,2021-04-14,28.96,29.12,28.79,28.96,28.96,23842900,Healthcare,28.646000000000004,28.405,28.1755,27.4106,28.415487888540152,28.054037004886258,0.36145088365389455,0.29120102746887666,28.95,33967400.0,27.98,21933800.0,28.13,26303300.0,73.28244274809157,3.5025017869907193,2.9505865623889127,0.0003454231433506205,0.006935896387683921
PFE,2021-04-15,29.03,29.4,29.03,29.29,29.29,24945800,Healthcare,28.901999999999997,28.512,28.246,27.4512,28.55002821338013,28.145589819339126,0.404438394041005,0.31384850078330234,28.96,23842900.0,28.01,18129400.0,28.22,26582700.0,75.86206896551718,4.5697965012495345,3.791637136782433,0.011395027624309328,0.007436903368707266
PFE,2021-04-16,29.5,30.15,29.46,30.05,30.05,52829500,Healthcare,29.21,28.689000000000004,28.354999999999997,27.5094,28.78079310362934,28.286657240128818,0.49413586350052086,0.34990597332674606,29.29,24945800.0,28.51,31686700.0,28.28,21319900.0,78.19314641744545,5.401613468958266,6.258840169731261,0.025947422328439718,0.01017054195794633
PFE,2021-04-19,30.07,30.35,29.86,30.33,30.33,30905100,Healthcare,29.516,28.895999999999997,28.4875,27.5724,29.019132626147904,28.43801596308224,0.5811166630656643,0.39614811127452976,30.05,52829500.0,28.8,29944900.0,28.26,22096900.0,78.12499999999993,5.312499999999987,7.3248407643311975,0.009317803660565671,0.009911930325663069
PFE,2021-04-20,30.19,30.57,30.19,30.41,30.41,26459400,Healthcare,29.808000000000003,29.128999999999998,28.6055,27.636599999999998,29.23311222212515,28.584088854705776,0.6490233674193746,0.44672316250349875,30.33,30905100.0,28.95,33967400.0,28.08,20722900.0,89.58333333333331,5.043177892918838,8.297720797720798,0.002637652489284603,0.008906367135091513
PFE,2021-04-21,30.49,30.9,30.48,30.8,30.8,29365000,Healthcare,30.176,29.410999999999994,28.768,27.71,29.474171880259743,28.748230421023866,0.7259414592358766,0.5025668218499744,30.41,26459400.0,28.96,23842900.0,27.98,21933800.0,90.56603773584905,6.353591160220984,10.078627591136534,0.012824728707661937,0.007995924327502641
PFE,2021-04-22,30.76,30.77,30.01,30.1,30.1,33373600,Healthcare,30.338,29.619999999999997,28.885999999999996,27.767200000000003,29.570453129450552,28.848361500948023,0.722091628502529,0.5464717831804853,30.8,29365000.0,29.29,24945800.0,28.01,18129400.0,73.82198952879583,2.7654489586889763,7.461620849696526,-0.022727272727272707,0.012887426350457885
PFE,2021-04-23,30.09,30.25,29.94,30.12,30.12,24375000,Healthcare,30.351999999999997,29.781,29.002499999999998,27.8284,29.654998801842776,28.942556945322245,0.712441856520531,0.5796657978484945,30.1,33373600.0,30.05,52829500.0,28.51,31686700.0,74.34554973821989,0.23294509151414733,5.647141353910912,0.0006644518272425071,0.012462608948643332
PFE,2021-04-26,30.17,30.18,29.99,30.13,30.13,19773400,Healthcare,30.312,29.913999999999998,29.096999999999998,27.8946,29.72807590925158,29.030515690113187,0.6975602191383921,0.6032446821064741,30.12,24375000.0,30.33,30905100.0,28.8,29944900.0,78.08219178082197,-0.6594131223211286,4.618055555555545,0.00033200531208499307,0.012448091474381112
PFE,2021-04-27,30.0,30.08,29.88,29.95,29.95,19061500,Healthcare,30.22,30.014,29.168,27.952600000000004,29.76221807705903,29.098625638993692,0.6635924380653364,0.6153142332982465,30.13,19773400.0,30.41,26459400.0,28.95,33967400.0,76.40750670241287,-1.5126603091088486,3.4542314335060498,-0.0059741121805508834,0.012881555215933344
PFE,2021-04-28,30.02,30.34,30.01,30.23,30.23,21963300,Healthcare,30.106,30.141000000000002,29.273000000000003,28.0168,29.834184526742256,29.18243114721638,0.651753379525875,0.6226020625437723,29.95,19061500.0,30.8,29365000.0,28.96,23842900.0,77.8894472361809,-1.850649350649347,4.385359116022092,0.009348914858096968,0.012952858447635846
PFE,2021-04-29,30.37,30.38,29.84,30.07,30.07,23569400,Healthcare,30.1,30.219,29.365499999999997,28.0746,29.870463830320368,29.248176988163316,0.6222868421570524,0.6225390184664283,30.23,21963300.0,30.1,33373600.0,29.29,24945800.0,71.42857142857143,-0.09966777408638716,2.663024923181978,-0.005292755540853511,0.013022974796137309
PFE,2021-04-30,29.99,30.3,29.99,30.11,30.11,28413200,Healthcare,30.097999999999995,30.225,29.457,28.1384,29.90731554873262,29.312015729780846,0.5952998189517729,0.6170911785634973,30.07,23569400.0,30.12,24375000.0,30.05,52829500.0,69.32153392330383,-0.033200531208499307,0.19966722129782788,0.0013302294645827217,0.010152186510457958
PFE,2021-05-03,30.41,31.04,30.35,31.03,31.03,46638600,Healthcare,30.278,30.294999999999998,29.595500000000005,28.222399999999997,30.080036233542984,29.439273823871154,0.6407624096718294,0.6218254247851637,30.11,28413200.0,30.13,19773400.0,30.33,30905100.0,75.00000000000003,2.987056090275475,2.307945928123978,0.030554633012288335,0.013819512570592116
PFE,2021-05-04,31.16,31.29,30.72,31.12,31.12,52802200,Healthcare,30.512,30.365999999999996,29.747500000000002,28.311,30.240030659151756,29.563772059139957,0.6762586000117992,0.6327120598304908,31.03,46638600.0,29.95,19061500.0,30.41,26459400.0,75.47169811320755,3.9065108514190428,2.3347583031897434,0.002900418949403738,0.013820328148204431
PFE,2021-05-05,31.3,32.01,30.33,31.14,31.14,76627500,Healthcare,30.694,30.4,29.9055,28.4054,30.378487480820716,29.68052968438885,0.6979577964318651,0.6457612071507657,31.12,52802200.0,30.23,21963300.0,30.8,29365000.0,73.53689567430027,3.010254713860405,1.103896103896096,0.0006426735218509894,0.013327047604993276
PFE,2021-05-06,30.27,30.86,29.86,30.83,30.83,54944900,Healthcare,30.845999999999997,30.473000000000003,30.046499999999998,28.4962,30.447950945309838,29.76567563369338,0.6822753116164577,0.6530640280439041,31.14,76627500.0,30.07,23569400.0,30.1,33373600.0,61.20689655172411,2.527435982707016,2.4252491694352063,-0.009955041746949389,0.011228255156792509
PFE,2021-05-07,30.72,31.37,30.72,31.14,31.14,33807800,Healthcare,31.052,30.575,30.177999999999997,28.592,30.55442003064679,29.86747743860498,0.6869425920418095,0.6598397408434853,30.83,54944900.0,30.11,28413200.0,30.12,24375000.0,61.53846153846156,3.420790435071419,3.3864541832669293,0.010055141096334763,0.011452308549454247
PFE,2021-05-10,31.33,31.69,31.3,31.36,31.36,30831900,Healthcare,31.118000000000002,30.698,30.306,28.697400000000002,30.678355410547283,29.978034665374977,0.7003207451723057,0.6679359417092494,31.14,33807800.0,31.03,46638600.0,30.13,19773400.0,63.01369863013697,1.0634869481147113,4.082309990043154,0.007064868336544627,0.01145019078708153
PFE,2021-05-11,31.22,31.52,30.86,30.96,30.96,30568600,Healthcare,31.086000000000002,30.799,30.4065,28.7916,30.721685347386163,30.050772838310163,0.6709125090760004,0.6685312551825996,31.36,30831900.0,31.12,52802200.0,29.95,19061500.0,52.18579234972678,-0.5141388174807249,3.37228714524207,-0.012755102040816313,0.012281556010895351
PFE,2021-05-12,31.03,31.41,30.93,31.22,31.22,26208600,Healthcare,31.101999999999997,30.898000000000003,30.5195,28.893799999999995,30.798349140095983,30.137382257694597,0.6609668824013859,0.6670183806263569,30.96,30568600.0,31.14,76627500.0,30.23,21963300.0,67.39130434782605,0.25690430314706525,3.2748924909030697,0.008397932816537335,0.01223387240212826
PFE,2021-05-13,31.08,31.69,31.08,31.55,31.55,25415000,Healthcare,31.246,31.046,30.6325,28.989,30.91398773392737,30.242020608976482,0.6719671249508892,0.6680081294912633,31.22,26208600.0,30.83,54944900.0,30.07,23569400.0,70.25495750708214,2.3353876094712955,4.921849018955782,0.0105701473414479,0.01202333830151469
PFE,2021-05-14,31.66,31.72,31.41,31.48,31.48,18041100,Healthcare,31.314,31.183,30.704,29.0858,31.00106654409239,30.333722786089336,0.667343758003053,0.6678752551936213,31.55,25415000.0,31.14,33807800.0,30.11,28413200.0,68.80222841225627,1.0918432883750828,4.549983394221191,-0.0022187004754358197,0.012190986427586977
PFE,2021-05-17,31.52,31.78,31.48,31.56,31.56,18095000,Healthcare,31.353999999999996,31.236,30.765499999999996,29.181200000000004,31.08705630653971,30.424558135267905,0.6624981712718068,0.6667998384092585,31.48,18041100.0,31.36,30831900.0,31.03,46638600.0,73.06590257879654,0.6377551020408045,1.7080244924266852,0.0025412960609909607,0.008065970959556322
PFE,2021-05-18,31.61,31.74,31.33,31.51,31.51,15805500,Healthcare,31.464,31.275,30.820500000000003,29.2762,31.152124567072065,30.504961236359172,0.6471633307128926,0.6628725368699854,31.56,18095000.0,30.96,30568600.0,31.12,52802200.0,69.63190184049083,1.7764857881136908,1.2532133676092627,-0.0015842839036754874,0.008117825187099708
PFE,2021-05-19,31.39,31.39,31.02,31.33,31.33,20209500,Healthcare,31.486,31.294,30.846999999999998,29.366,31.179490018291748,30.566075218851083,0.6134147994406653,0.6529809893841214,31.51,15805500.0,31.22,26208600.0,31.14,76627500.0,69.2073170731707,0.3523382447149226,0.6101477199742966,-0.0057124722310378795,0.008416183267539646
PFE,2021-05-20,31.26,31.67,31.25,31.56,31.56,18621100,Healthcare,31.488,31.366999999999997,30.920000000000005,29.452999999999996,31.238030015477634,30.639699276713966,0.5983307387636678,0.6420509392600307,31.33,20209500.0,31.55,25415000.0,30.83,54944900.0,70.89337175792505,0.03169572107764029,2.367823548491721,0.007341206511330967,0.007747482829235221
PFE,2021-05-21,31.63,31.94,31.4,31.43,31.43,21144800,Healthcare,31.477999999999998,31.395999999999997,30.985500000000002,29.5408,31.267563859250306,30.69824007103145,0.5693237882188562,0.6275055090517958,31.56,18621100.0,31.48,18041100.0,31.14,33807800.0,57.46268656716415,-0.15883100381194337,0.9312780989081615,-0.004119138149556334,0.00747713557561666
PFE,2021-05-24,31.53,31.58,31.3,31.32,31.32,16922300,Healthcare,31.43,31.391999999999996,31.045000000000005,29.622799999999998,31.27563095782718,30.74429636206616,0.5313345957610203,0.6082713263936408,31.43,21144800.0,31.56,18095000.0,31.36,30831900.0,53.70370370370369,-0.760456273764254,-0.12755102040815647,-0.003499840916321939,0.0072607819158060525
PFE,2021-05-25,31.33,31.36,30.87,30.94,30.94,25916300,Healthcare,31.316000000000003,31.389999999999997,31.0945,29.6898,31.22399542585377,30.758792927839036,0.4652024980147331,0.5796575607178593,31.32,16922300.0,31.51,15805500.0,30.96,30568600.0,46.732026143790854,-1.8089495398286304,-0.06459948320413078,-0.012132822477650018,0.007142003456610755
PFE,2021-05-26,30.91,30.92,30.51,30.62,30.62,28036500,Healthcare,31.174,31.329999999999995,31.113999999999997,29.744,31.131073052645498,30.74851197022133,0.38256108242416786,0.5402382650591211,30.94,25916300.0,31.33,20209500.0,31.22,26208600.0,46.57980456026063,-2.2661985317586897,-1.9218449711723151,-0.010342598577892659,0.0071401485718697155
PFE,2021-05-27,30.66,30.82,30.37,30.41,30.41,38471200,Healthcare,30.944,31.216,31.131,29.7946,31.02013873685388,30.72343700946419,0.2967017273896886,0.4915309575252346,30.62,28036500.0,31.56,18621100.0,31.55,25415000.0,37.71043771043769,-3.643852978453732,-3.6133122028526143,-0.006858262573481433,0.005744488832271561
PFE,2021-05-28,30.49,30.7,30.43,30.47,30.47,16154100,Healthcare,30.752,31.115,31.149,29.8466,30.93550200810713,30.70466389765203,0.2308381104550996,0.4393923881112077,30.41,38471200.0,31.43,21144800.0,31.48,18041100.0,34.16370106761562,-3.0544066178810114,-3.208386277001274,0.0019730351857940587,0.006008114749842622
PFE,2021-06-01,30.63,30.68,30.27,30.29,30.29,23642400,Healthcare,30.546000000000003,30.988,31.112000000000002,29.8988,30.836194006859877,30.67394805338151,0.16224595347836868,0.38396310118463994,30.47,16154100.0,31.32,16922300.0,31.56,18095000.0,37.06563706563702,-3.2886334610472523,-4.024081115335864,-0.005907449950771193,0.005690548687252823
PFE,2021-06-02,30.4,30.63,30.32,30.52,30.52,19629000,Healthcare,30.462,30.889,31.082,29.948199999999996,30.78754877503528,30.662544493871767,0.1250042811635126,0.3321713371804145,30.29,23642400.0,30.94,25916300.0,31.51,15805500.0,36.32812500000001,-1.3574660633484226,-3.1418597270707727,0.0075932651039947174,0.006775225461299429
PFE,2021-06-03,30.49,30.71,30.39,30.66,30.66,17376300,Healthcare,30.47,30.822000000000003,31.058,30.0104,30.767925886568314,30.662356012844228,0.105569873724086,0.28685104448914883,30.52,19629000.0,30.62,28036500.0,31.33,20209500.0,31.223628691983095,0.1306335728282093,-2.1385253750398903,0.004587155963302836,0.00711931842395319
PFE,2021-06-04,30.72,31.08,30.7,30.8,30.8,19375300,Healthcare,30.548000000000002,30.746000000000002,31.0565,30.0716,30.772860365557804,30.672551863744655,0.10030850181314932,0.24954253595394893,30.66,17376300.0,30.41,38471200.0,31.56,18621100.0,36.065573770491795,1.2824728707661937,-2.4081115335868097,0.004566210045662045,0.0067535286613231845
PFE,2021-06-07,30.74,31.15,30.66,30.67,30.67,24110700,Healthcare,30.588,30.669999999999998,31.033000000000005,30.1292,30.757035693933528,30.67236283680061,0.08467285713291872,0.21656860018974292,30.8,19375300.0,30.47,16154100.0,31.43,21144800.0,32.128514056224944,0.6563833278634856,-2.418071905822461,-0.004220779220779236,0.006756455820532101
PFE,2021-06-08,30.74,30.77,30.27,30.56,30.56,18880300,Healthcare,30.642000000000003,30.594,30.993000000000002,30.1756,30.726722510251445,30.66403966370427,0.06268284654717604,0.18579144946122955,30.67,24110700.0,30.29,23642400.0,31.32,16922300.0,31.372549019607817,0.8913832948167721,-2.4265644955300147,-0.003586566677535097,0.006758045382713606
PFE,2021-06-09,30.68,31.34,30.67,31.32,31.32,29824000,Healthcare,30.802,30.632000000000005,31.011000000000003,30.231399999999997,30.81799597021276,30.712629318244694,0.10536665196806538,0.16970648996259674,30.56,18880300.0,30.52,19629000.0,30.94,25916300.0,49.840255591054344,2.6212319790301475,1.2281835811247532,0.02486910994764413,0.01014032743716679
PFE,2021-06-10,31.39,32.03,31.38,32.0,32.0,42613700,Healthcare,31.070000000000004,30.770000000000003,31.05,30.308799999999998,30.999842744026182,30.80799010948583,0.1918526345403535,0.1741357188781481,31.32,29824000.0,30.66,17376300.0,30.62,28036500.0,56.145251396648064,4.370515329419433,4.506858262573488,0.02171136653895278,0.011084823679370377
PFE,2021-06-11,31.99,32.0,31.43,31.59,31.59,21386900,Healthcare,31.227999999999998,30.887999999999998,31.052,30.376200000000004,31.090636168022154,30.865916768042435,0.22471939997971901,0.18425245509846228,32.0,42613700.0,30.8,19375300.0,30.41,38471200.0,52.07253886010363,2.56493506493507,3.880302532061819,-0.012812500000000004,0.011891650088066034
PFE,2021-06-14,31.49,31.52,30.98,31.18,31.18,23408300,Healthcare,31.330000000000002,30.959000000000003,31.037,30.434199999999997,31.104384449864902,30.889182192631885,0.21520225723301678,0.19044241552537317,31.59,21386900.0,30.67,24110700.0,30.47,16154100.0,48.31730769230769,1.6628627323117096,2.3301608139153274,-0.012978790756568492,0.013042015351447469
PFE,2021-06-15,31.24,31.34,30.99,31.15,31.15,20206900,Healthcare,31.447999999999997,31.044999999999998,31.0165,30.491999999999997,31.111402226808764,30.90850203021471,0.20290019659405445,0.19293397173910942,31.18,23408300.0,30.56,18880300.0,30.29,23642400.0,52.75590551181099,1.9306282722513002,2.8392208649719253,-0.0009621552277101486,0.012783971169373078
PFE,2021-06-16,31.17,31.34,30.9,30.92,30.92,19177500,Healthcare,31.368000000000002,31.085,30.986999999999995,30.5488,31.081955730376645,30.909353731680284,0.1726019986963614,0.18886757713055985,31.15,20206900.0,31.32,29824000.0,30.52,19629000.0,54.03225806451614,-1.2771392081736832,1.3106159895150737,-0.0073836276083466545,0.013044644813384427
PFE,2021-06-17,30.89,31.15,30.74,31.06,31.06,19580100,Healthcare,31.18,31.125,30.9735,30.6104,31.078577925703314,30.92051271451878,0.15806521118453531,0.18270710394135495,30.92,19177500.0,32.0,42613700.0,30.66,17376300.0,58.904109589041084,-2.937500000000004,1.304631441617743,0.004527813712807083,0.01304303657930158
PFE,2021-06-18,30.92,31.03,30.45,30.53,30.53,37775900,Healthcare,30.968,31.097999999999995,30.921999999999997,30.6608,30.994181321748957,30.891585846776646,0.10259547497231125,0.1666847781475462,31.06,19580100.0,31.59,21386900.0,30.8,19375300.0,50.72815533980585,-3.355492244381131,-0.8766233766233755,-0.0170637475853187,0.014197101201144676
PFE,2021-06-21,30.59,31.06,30.59,31.01,31.01,19488100,Healthcare,30.934000000000005,31.132000000000005,30.901,30.7108,30.996614964556812,30.90035726553393,0.09625769902288184,0.15259936232261334,30.53,37775900.0,31.18,23408300.0,30.67,24110700.0,58.14479638009053,-0.5452212957023694,1.1085751548744804,0.015722240419259847,0.01503747203162021
PFE,2021-06-22,31.0,31.22,30.89,31.16,31.16,15975900,Healthcare,30.936,31.192,30.893,30.758000000000003,31.021751123855765,30.919590060679568,0.10216106317619733,0.14251170249333014,31.01,19488100.0,31.15,20206900.0,30.56,18880300.0,57.37327188940094,0.03210272873195308,1.963350785340312,0.004837149306675226,0.014975087226091232
PFE,2021-06-23,31.18,31.2,30.67,30.72,30.72,22025400,Healthcare,30.895999999999997,31.132000000000005,30.881999999999998,30.793400000000002,30.9753278740318,30.90480561174034,0.07052226229146186,0.1281138144529565,31.16,15975900.0,30.92,19177500.0,31.32,29824000.0,50.646551724137915,-0.6468305304010435,-1.9157088122605415,-0.01412066752246477,0.01336154988286705
PFE,2021-06-24,30.79,30.96,30.74,30.83,30.83,13436500,Healthcare,30.85,31.015000000000004,30.892500000000002,30.8308,30.952969739565372,30.89926445531513,0.0537052842502419,0.11323210841241359,30.72,22025400.0,31.06,19580100.0,32.0,42613700.0,50.32537960954444,-0.740502253702513,-3.6562500000000053,0.0035807291666667407,0.010791863479220792
PFE,2021-06-25,30.78,31.0,30.6,30.67,30.67,22774300,Healthcare,30.877999999999997,30.923000000000002,30.9055,30.858400000000003,30.90943593347839,30.882281903069565,0.027154030408826912,0.09601649281169626,30.83,13436500.0,30.53,37775900.0,31.59,21386900.0,50.0,0.45856534556174555,-2.9123140234251332,-0.005189750243269398,0.01033345028590102
PFE,2021-06-28,30.69,30.85,30.6,30.78,30.78,19225700,Healthcare,30.832,30.883,30.921000000000003,30.873,30.889522712943254,30.874705465805153,0.014817247138100953,0.0797766436769772,30.67,22774300.0,31.01,19488100.0,31.18,23408300.0,52.37068965517245,-0.7416962270235472,-1.2828736369467575,0.003586566677534986,0.009855490485325545
PFE,2021-06-29,30.78,30.9,30.67,30.76,30.76,14516600,Healthcare,30.752000000000002,30.844,30.944500000000005,30.881600000000002,30.869596141721214,30.8662087646344,0.003387377086813359,0.06449879035894443,30.78,19225700.0,31.16,15975900.0,31.15,20206900.0,42.82051282051281,-1.2836970474967901,-1.252006420545737,-0.0006497725795970855,0.009856987007396798
PFE,2021-06-30,30.79,30.89,30.54,30.81,30.81,21248100,Healthcare,30.770000000000003,30.833,30.958999999999996,30.8896,30.860427504533334,30.862045152439258,-0.0016176479059240023,0.05127550270597075,30.76,14516600.0,30.72,22025400.0,30.92,19177500.0,31.80428134556564,0.29296875,-0.35575679172057395,0.0016254876462937773,0.009639889627986706
PFE,2021-07-01,30.82,31.18,30.77,31.12,31.12,20035900,Healthcare,30.827999999999996,30.839,30.982,30.896000000000004,30.900361734605127,30.88115291892524,0.019208815679888858,0.04486216530075437,30.81,21248100.0,30.83,13436500.0,31.06,19580100.0,42.58675078864352,0.9406422315926033,0.19317450096587585,0.01006166828951649,0.010096757449730943
PFE,2021-07-02,31.04,31.33,30.98,31.26,31.26,16592700,Healthcare,30.946000000000005,30.912,31.005000000000003,30.9192,30.95569069851203,30.909215665671518,0.04647503284051169,0.045184738808705834,31.12,20035900.0,30.67,22774300.0,30.53,37775900.0,51.37931034482763,1.9237039452233429,2.3910907304290907,0.004498714652956259,0.008095040539084096
PFE,2021-07-06,31.06,31.19,30.71,30.91,30.91,18931900,Healthcare,30.972,30.901999999999997,31.016999999999996,30.935,30.94866136027941,30.909273764510665,0.03938759576874418,0.0440253102007135,31.26,16592700.0,30.78,19225700.0,31.01,19488100.0,46.273291925465855,0.42235217673813885,-0.32247662044502245,-0.011196417146513205,0.0076334769943778285
PFE,2021-07-07,30.85,30.97,30.66,30.96,30.96,17665200,Healthcare,31.012,30.881999999999998,31.037,30.9516,30.95040576639027,30.9130312634358,0.037374502954467204,0.04269514875146424,30.91,18931900.0,30.76,14516600.0,31.16,15975900.0,50.657894736842096,0.6501950585175553,-0.6418485237483895,0.0016175994823681705,0.0074587888423918395
PFE,2021-07-08,30.68,30.93,30.63,30.88,30.88,23021200,Healthcare,31.026,30.897999999999996,31.014999999999997,30.9702,30.939574110022534,30.910584503181298,0.028989606841236082,0.03995404036941861,30.96,17665200.0,30.81,21248100.0,30.72,22025400.0,46.97986577181208,0.2271989613761738,0.5208333333333259,-0.0025839793281654533,0.005858979665580284
PFE,2021-07-09,31.1,31.55,31.04,31.16,31.16,21578700,Healthcare,31.034,30.931,30.972999999999995,30.9888,30.973485785403682,30.929059725167868,0.04442606023581419,0.04084844434269773,30.88,23021200.0,31.12,20035900.0,30.83,13436500.0,61.53846153846152,0.12853470437017567,1.0703859876743493,0.0090673575129534,0.006407133220879291
PFE,2021-07-12,31.2,31.67,31.15,31.28,31.28,24513000,Healthcare,31.038,30.991999999999997,30.957500000000003,31.012999999999998,31.020641818418497,30.95505530108136,0.06558651733713816,0.04579605894158582,31.16,21578700.0,31.26,16592700.0,30.67,22774300.0,55.696202531645554,0.0639795265515053,1.9889142484512456,0.0038510911424904926,0.006051537368125634
PFE,2021-07-13,31.29,31.31,31.1,31.19,31.19,12222000,Healthcare,31.094,31.033000000000005,30.958,31.0346,31.04669692327719,30.97245861211237,0.07423831116481949,0.05148450938623256,31.28,24513000.0,30.91,18931900.0,30.78,19225700.0,50.649350649350666,0.9058557101261799,1.3320337881741473,-0.002877237851662384,0.006205058967710095
PFE,2021-07-14,31.25,31.49,31.2,31.43,31.43,15888600,Healthcare,31.188,31.1,30.972,31.042600000000004,31.10566662738839,31.006350566770713,0.09931606061767795,0.06105081963252164,31.19,12222000.0,30.96,17665200.0,30.76,14516600.0,66.82464454976306,1.5180878552971455,2.1781534460338037,0.007694773966014701,0.0064632413931720225
PFE,2021-07-15,31.43,31.62,31.36,31.54,31.54,20250800,Healthcare,31.320000000000004,31.173000000000002,31.003000000000004,31.051,31.172487146251715,31.04588015441733,0.12660699183438595,0.0741620540728945,31.43,15888600.0,30.88,23021200.0,30.81,21248100.0,66.82464454976306,2.137305699481873,2.3693605972086917,0.00349984091632205,0.006472676997714037
PFE,2021-07-16,31.58,31.74,31.41,31.74,31.74,24270400,Healthcare,31.436,31.235000000000003,31.037,31.063000000000002,31.259796816059144,31.097296439275304,0.16250037678383933,0.09182971861508347,31.54,20250800.0,31.16,21578700.0,31.12,20035900.0,74.88372093023246,1.8613607188703307,1.9922879177377784,0.006341154090044432,0.006075766620126182
PFE,2021-07-19,31.52,31.74,31.22,31.59,31.59,29818400,Healthcare,31.498,31.268,31.090000000000003,31.078199999999995,31.3105973058962,31.133792999328985,0.17680430656721313,0.1088246362055094,31.74,24270400.0,31.28,24513000.0,31.26,16592700.0,68.49315068493146,0.9910485933503743,1.055662188099804,-0.004725897920604849,0.006346990038404925
PFE,2021-07-20,31.67,32.81,31.63,32.29,32.29,48804100,Healthcare,31.718,31.406,31.154000000000003,31.1012,31.46127464345063,31.21943796234165,0.24183668110897827,0.1354270451862032,31.59,29818400.0,31.19,12222000.0,30.91,18931900.0,76.65505226480832,3.5267714010900786,4.464574571336133,0.02215891104779999,0.0077864275295004455
PFE,2021-07-21,32.44,32.44,31.88,32.27,32.27,27530200,Healthcare,31.886000000000003,31.537,31.2095,31.1194,31.58569392907361,31.297257372538564,0.2884365565350464,0.16602894745597185,32.29,48804100.0,31.43,15888600.0,30.96,17665200.0,75.70422535211276,2.672605790645899,4.231266149870816,-0.0006193868070608621,0.00790659131445468
PFE,2021-07-22,32.35,32.69,32.18,32.63,32.63,18913300,Healthcare,32.104,31.712,31.305,31.152800000000003,31.746356401523823,31.39597904864682,0.350377352877004,0.20289862854017826,32.27,27530200.0,31.54,20250800.0,30.88,23021200.0,76.12456747404849,3.4559289790742076,5.667098445595875,0.011155872327238914,0.007793462301363112
PFE,2021-07-23,32.62,32.91,32.59,32.79,32.79,21609200,Healthcare,32.314,31.875,31.403,31.1842,31.906916955135543,31.499239859858164,0.4076770952773785,0.24385432188761832,32.63,18913300.0,31.74,24270400.0,31.16,21578700.0,76.28865979381445,3.3081285444234387,5.231065468549412,0.00490346307079359,0.0076955514023012974
PFE,2021-07-26,32.74,32.99,32.56,32.89,32.89,23720000,Healthcare,32.574,32.036,31.514000000000003,31.211,32.058160500499305,31.6022591294983,0.4559013710010049,0.2862637317102957,32.79,21609200.0,31.59,29818400.0,31.28,24513000.0,87.21804511278206,4.115226337448563,5.147058823529416,0.003049710277523765,0.007714593782408545
PFE,2021-07-27,32.9,33.2,32.71,33.12,33.12,32544100,Healthcare,32.739999999999995,32.229,31.631,31.2438,32.22152042349941,31.714684379165092,0.506836044334321,0.33037819423510073,32.89,23720000.0,32.29,48804100.0,31.19,12222000.0,88.0281690140846,2.570455249303194,6.187880731003514,0.006993006993006867,0.007200820315990551
PFE,2021-07-28,33.32,34.41,33.24,34.18,34.18,53822400,Healthcare,33.122,32.504000000000005,31.802,31.2962,32.52282497373027,31.897300351078787,0.6255246226514863,0.3894074799183779,33.12,32544100.0,32.27,27530200.0,31.43,15888600.0,93.19371727748704,5.918810040285094,8.749602290804969,0.03200483091787443,0.010948122412596637
PFE,2021-07-29,34.32,34.37,33.83,33.97,33.97,29015000,Healthcare,33.39,32.747,31.96,31.345399999999998,32.74546728546408,32.05083365840628,0.6946336270577973,0.4504527093462618,34.18,53822400.0,32.63,18913300.0,31.54,20250800.0,87.46666666666675,4.106650321789762,7.70450221940393,-0.006143943826799281,0.011824812433173557
PFE,2021-07-30,34.04,34.29,33.89,33.98,33.98,24763300,Healthcare,33.628,32.971,32.103,31.398400000000002,32.93539539539268,32.19373486889471,0.7416605264979736,0.5086942727766042,33.97,29015000.0,32.79,21609200.0,31.74,24270400.0,87.08791208791217,3.6291552302531116,7.057340894769992,0.00029437739181625844,0.012043900206781945
PFE,2021-08-02,34.37,35.04,34.33,34.9,34.9,43066900,Healthcare,34.03,33.302,32.285000000000004,31.4652,33.23764225763996,32.394198952680284,0.8434433049596777,0.5756440792132189,33.98,24763300.0,32.89,23720000.0,31.59,29818400.0,91.49888143176742,6.111280024323507,10.477999366888247,0.02707474985285474,0.012805291828561913
PFE,2021-08-03,35.06,36.41,34.98,36.26,36.26,45643300,Healthcare,34.658,33.699,32.5525,31.561799999999998,33.7026203718492,32.68055458581508,1.0220657860341191,0.664928420577399,34.9,43066900.0,33.12,32544100.0,32.29,48804100.0,93.20214669051884,9.480676328502424,12.294828120161029,0.03896848137535813,0.01540536307889075
PFE,2021-08-04,36.0,36.36,35.73,35.87,35.87,43391200,Healthcare,34.995999999999995,34.059000000000005,32.798,31.652800000000003,34.03606339156471,32.91680980168063,1.1192535898840816,0.7557934544387356,36.26,45643300.0,34.18,53822400.0,32.27,27530200.0,86.88245315161845,4.944411936805149,11.155872327238914,-0.010755653612796512,0.016598267944510265
PFE,2021-08-05,35.72,35.83,35.48,35.77,35.77,23505400,Healthcare,35.356,34.373000000000005,33.042500000000004,31.7494,34.30282286978552,33.12815722377836,1.1746656460071634,0.8395678927524213,35.87,43391200.0,33.97,29015000.0,32.63,18913300.0,84.92201039861365,5.298793052693562,9.623046276432735,-0.0027878449958180784,0.017137721481877873
PFE,2021-08-06,35.79,35.97,35.43,35.78,35.78,20413000,Healthcare,35.716,34.672,33.2735,31.8526,34.53008088981852,33.324590022017,1.2054908678015224,0.9127524877622416,35.77,23505400.0,33.98,24763300.0,32.79,21609200.0,87.21136767317951,5.297233666862877,9.118633729795667,0.0002795638803465561,0.0173325965277356
PFE,2021-08-09,35.81,36.54,35.81,36.5,36.5,32374300,Healthcare,36.036,35.033,33.534499999999994,31.9744,34.83314536830798,33.55980557594167,1.2733397923663148,0.9848699486830563,35.78,20413000.0,34.9,43066900.0,32.89,23720000.0,87.25663716814171,4.5845272206303855,10.975980541197927,0.020122973728339932,0.01753227919960689
PFE,2021-08-10,36.68,38.56,36.43,38.26,38.26,81189400,Healthcare,36.436,35.547000000000004,33.888,32.1302,35.360353773183675,33.90796812587191,1.4523856473117647,1.078373088408798,36.5,32374300.0,36.26,45643300.0,33.12,32544100.0,90.52774018944524,5.5157198014340825,15.519323671497599,0.04821917808219167,0.021077220563040826
PFE,2021-08-11,37.93,38.17,36.72,36.76,36.76,50878200,Healthcare,36.614,35.805,34.1545,32.2596,35.575683961924646,34.119229746177695,1.4564542157469518,1.153989313876429,38.26,81189400.0,35.87,43391200.0,34.18,53822400.0,74.20867526377492,2.4811820462782297,7.548273844353415,-0.03920543648719288,0.02603722269230492
PFE,2021-08-12,36.91,37.63,36.79,37.5,37.5,29676400,Healthcare,36.959999999999994,36.158,34.4525,32.3992,35.87173258316701,34.36965717238675,1.5020754107802574,1.2236065332571946,36.76,50878200.0,35.77,23505400.0,33.97,29015000.0,75.85071350164657,4.836455129997197,10.3915219311157,0.020130576713819348,0.025820250113938174
PFE,2021-08-13,37.64,38.5,37.56,38.49,38.49,35379200,Healthcare,37.501999999999995,36.609,34.79,32.5558,36.27454295498747,34.674867752209956,1.5996752027775116,1.298820267161258,37.5,29676400.0,35.78,20413000.0,33.98,24763300.0,78.00000000000003,7.574063722750135,13.272513243084184,0.02639999999999998,0.02602254557859939
PFE,2021-08-16,38.29,38.87,37.72,38.83,38.83,38045800,Healthcare,37.967999999999996,37.002,35.152,32.7164,36.667690192681704,34.98265532612033,1.6850348665613737,1.3760631870412812,38.49,35379200.0,36.5,32374300.0,34.9,43066900.0,78.2393669634026,6.383561643835622,11.260744985673355,0.008833463237204464,0.02554924580796653
PFE,2021-08-17,38.72,40.08,38.67,40.03,40.03,68817000,Healthcare,38.322,37.379,35.539,32.903600000000004,37.184968624576825,35.356532709370676,1.8284359152061498,1.466537732674255,38.83,38045800.0,38.26,81189400.0,36.26,45643300.0,78.53658536585368,4.62624150548876,10.397131825703255,0.0309039402523823,0.024681603563371568
PFE,2021-08-18,39.87,41.17,39.03,39.14,39.14,88598000,Healthcare,38.798,37.705999999999996,35.8825,33.0752,37.485742682334234,35.63678954571359,1.8489531366206435,1.5430208134635328,40.03,68817000.0,36.76,50878200.0,35.87,43391200.0,73.65050320219582,6.474428726877046,9.116253136325625,-0.022233325006245308,0.025996932660802184
PFE,2021-08-19,38.5,39.66,38.31,38.74,38.74,57741600,Healthcare,39.04600000000001,38.003,36.188,33.223600000000005,37.678705346590505,35.866656986771844,1.812048359818661,1.5968263227345585,39.14,88598000.0,37.5,29676400.0,35.77,23505400.0,71.02473498233219,3.30666666666668,8.30304724629578,-0.010219724067450198,0.02647529538376164
PFE,2021-08-20,38.88,39.48,38.63,38.68,38.68,35157500,Healthcare,39.084,38.293,36.4825,33.357200000000006,37.83275067788427,36.075052765529485,1.7576979123547858,1.629000640658604,38.74,57741600.0,38.49,35379200.0,35.78,20413000.0,68.06883365200767,0.49363471031436124,8.105086640581316,-0.0015487867836861957,0.026543241149691733
PFE,2021-08-23,39.92,40.77,39.37,39.64,39.64,88652400,Healthcare,39.246,38.607000000000006,36.82,33.5182,38.11078903513284,36.33912293104582,1.7716661040870179,1.657533733344287,38.68,35157500.0,38.83,38045800.0,36.5,32374300.0,66.79920477137179,2.0860159670357925,8.602739726027409,0.024819027921406445,0.02681890541985942
PFE,2021-08-24,39.49,39.73,38.29,38.41,38.41,52624100,Healthcare,38.922,38.622,37.0845,33.662800000000004,38.15682149126624,36.49252123244984,1.6643002588164038,1.6588870384387104,39.64,88652400.0,40.03,68817000.0,38.26,81189400.0,61.65137614678899,-4.046964776417694,0.3920543648719299,-0.03102926337033307,0.02548990789674913
PFE,2021-08-25,38.14,38.33,37.25,37.72,37.72,51036800,Healthcare,38.638,38.717999999999996,37.2615,33.794200000000004,38.08961818491759,36.5834455856017,1.5061725993158888,1.6283441506141463,38.41,52624100.0,39.14,88598000.0,36.76,50878200.0,58.48563968668405,-3.6280020439448224,2.611534276387384,-0.017964071856287345,0.022506882984644854
PFE,2021-08-26,37.87,38.23,37.55,37.61,37.61,29029300,Healthcare,38.412,38.729,37.4435,33.928,38.015830771853345,36.65948665333491,1.356344118518436,1.5739441441950044,37.72,51036800.0,38.74,57741600.0,37.5,29676400.0,57.89473684210525,-2.9168817759421817,0.29333333333332323,-0.002916224814421997,0.02170169521283785
PFE,2021-08-27,37.6,37.71,36.94,36.99,36.99,32924500,Healthcare,38.074,38.57899999999999,37.594,34.0466,37.85801065310668,36.683969123458255,1.1740415296484272,1.493963621285689,37.61,29029300.0,38.68,35157500.0,38.49,35379200.0,52.13228894691037,-4.369183040330915,-3.8971161340607963,-0.01648497739962773,0.02020128096597158
PFE,2021-08-30,36.68,37.44,36.64,37.12,37.12,25774400,Healthcare,37.57,38.408,37.705,34.1784,37.74447055262873,36.71626770690579,1.0282028457229373,1.4008114661731388,36.99,32924500.0,39.64,88652400.0,38.83,38045800.0,44.21906693711967,-6.3572149344096935,-4.403811485964459,0.003514463368477827,0.019899926992758683
PFE,2021-08-31,37.09,37.42,36.46,36.57,36.57,34547800,Healthcare,37.202,38.062,37.7205,34.2896,37.56378277530123,36.705433061949805,0.8583497133514228,1.2923191156087956,37.12,25774400.0,38.41,52624100.0,40.03,68817000.0,48.93378226711562,-4.79041916167664,-8.643517361978514,-0.014816810344827513,0.01572279890476644
PFE,2021-09-01,36.67,36.72,36.06,36.55,36.55,32900100,Healthcare,36.968,37.803000000000004,37.75449999999999,34.3974,37.407816194485655,36.693919501805375,0.7138966926802794,1.1766346310230924,36.57,34547800.0,37.72,51036800.0,39.14,88598000.0,44.20024420024418,-3.101802757158012,-6.617271333674002,-0.0005468963631393153,0.0151631955950139
PFE,2021-09-02,36.9,37.21,36.62,37.18,37.18,26106300,Healthcare,36.882000000000005,37.647000000000006,37.825,34.5266,37.37276754918017,36.72992546463461,0.6428420845455562,1.0698761217275852,36.55,32900100.0,37.61,29029300.0,38.74,57741600.0,41.63473818646231,-1.1433129486838611,-4.026845637583898,0.01723666210670327,0.01685082850455512
PFE,2021-09-03,37.23,37.33,36.79,37.18,37.18,20817200,Healthcare,36.92,37.497,37.894999999999996,34.653600000000004,37.34311100315245,36.76326431910612,0.5798466840463306,0.9718702341913343,37.18,26106300.0,36.99,32924500.0,38.68,35157500.0,38.985313751668905,0.5136523384698499,-3.877973112719757,0.0,0.01688268003740439
PFE,2021-09-07,37.3,37.71,36.95,37.11,37.11,26236900,Healthcare,36.918,37.244,37.9255,34.782399999999996,37.307247771898226,36.788948443616775,0.5182993282814508,0.8811560530093576,37.18,20817200.0,37.12,25774400.0,39.64,88652400.0,27.04402515723268,-0.026939655172408816,-6.382441977800202,-0.0018827326519634813,0.013652627950157285
PFE,2021-09-08,36.92,37.14,36.72,36.92,36.92,15839600,Healthcare,36.988,37.095,37.85850000000001,34.9052,37.247671191606194,36.79865596631183,0.4490152252943673,0.7947278874663596,37.11,26236900.0,36.57,34547800.0,38.41,52624100.0,30.388692579505303,0.9570686354935853,-3.879198125488137,-0.005119913769873308,0.010593855190862788
PFE,2021-09-09,36.89,37.09,36.4,36.54,36.54,21695300,Healthcare,36.986000000000004,36.977000000000004,37.847500000000004,35.0208,37.13879870058986,36.77949626510354,0.35930243548632035,0.7076427970703518,36.92,15839600.0,36.55,32900100.0,37.72,51036800.0,30.4964539007092,-0.027359781121749638,-3.1283138918345665,-0.010292524377031542,0.009702342102787281
PFE,2021-09-10,36.73,36.79,36.13,36.19,36.19,20801500,Healthcare,36.788,36.835,37.782,35.1284,36.99282966972988,36.73582987509587,0.25699979463401235,0.6175141965830839,36.54,21695300.0,37.18,26106300.0,37.61,29029300.0,29.005059021922406,-2.6627218934911268,-3.7755915979792665,-0.009578544061302763,0.009912430020561882
PFE,2021-09-13,36.31,36.38,35.09,35.39,35.39,37086200,Healthcare,36.43,36.675,37.626999999999995,35.2138,36.74624048977144,36.636138773236915,0.11010171653452261,0.5160317005733717,36.19,20801500.0,37.18,20817200.0,36.99,32924500.0,13.171577123050227,-4.814416352877893,-4.325493376588274,-0.02210555402044756,0.010828790228580628
PFE,2021-09-14,35.46,35.93,35.37,35.49,35.49,24100200,Healthcare,36.106,36.512,37.459999999999994,35.298399999999994,36.55297272211429,36.551239604848995,0.0017331172652959026,0.4131719839117565,35.39,37086200.0,37.11,26236900.0,37.12,25774400.0,18.534482758620697,-4.365400161681476,-4.391163793103436,0.002825656965244505,0.010775200180274036
PFE,2021-09-15,35.37,36.02,35.3,35.54,35.54,28674600,Healthcare,35.83,36.409000000000006,37.2355,35.391,36.39713076486594,36.47633296745278,-0.07920220258683486,0.31469714661203824,35.49,24100200.0,36.92,15839600.0,36.57,34547800.0,22.749999999999957,-3.7378114842903654,-2.8165162701668023,0.0014088475626936603,0.010245653780147254
PFE,2021-09-16,35.63,35.71,34.95,35.3,35.3,22424200,Healthcare,35.58200000000001,36.284,37.0435,35.4778,36.228341416425025,36.3891971920859,-0.1608557756608775,0.2195865621574551,35.54,28674600.0,36.54,21695300.0,36.55,32900100.0,22.03389830508469,-3.3935413245758106,-3.4199726402188824,-0.006752954417557744,0.010281538927736053
PFE,2021-09-17,35.06,35.29,34.38,34.84,34.84,56370500,Healthcare,35.312,36.05,36.8485,35.556999999999995,36.014750429282714,36.274441844523984,-0.2596914152412708,0.12373096667770993,35.3,22424200.0,36.19,20801500.0,37.18,26106300.0,22.92191435768258,-3.7303122409505285,-6.293706293706281,-0.013031161473087693,0.007638232744151364
PFE,2021-09-20,34.44,35.44,34.44,35.09,35.09,41873000,Healthcare,35.251999999999995,35.840999999999994,36.669,35.6356,35.872481132469986,36.18670541159628,-0.314224279126293,0.03613991751690934,34.84,56370500.0,35.39,37086200.0,37.18,20817200.0,25.183374083129635,-0.8476970895733182,-5.621301775147924,0.007175660160734676,0.008589605779262936
PFE,2021-09-21,35.13,35.51,34.81,34.87,34.87,23645600,Healthcare,35.128,35.617000000000004,36.4305,35.7074,35.71825326593614,36.08917167740396,-0.37091841146781945,-0.045271748280036425,35.09,41873000.0,35.49,24100200.0,37.11,26236900.0,27.393617021276583,-1.7469709777402254,-6.036108865534906,-0.006269592476489172,0.008482337814942956
PFE,2021-09-22,34.92,35.24,34.79,34.89,34.89,22616700,Healthcare,34.998000000000005,35.414,36.2545,35.7814,35.59082968656135,36.00034414574441,-0.4095144591830575,-0.11812029046064065,34.87,23645600.0,35.54,28674600.0,36.92,15839600.0,27.925531914893696,-1.828925154755201,-5.498374864572053,0.0005735589331805624,0.00874787259779491
PFE,2021-09-23,35.15,35.5,35.05,35.08,35.08,19719200,Healthcare,34.95399999999999,35.268,36.122499999999995,35.8544,35.51224050401345,35.932170505318894,-0.41993000130544544,-0.1784822326296016,34.89,22616700.0,35.3,22424200.0,36.54,21695300.0,18.373493975903585,-0.6232294617563694,-3.995621237000546,0.005445686443106945,0.00921407409995049
PFE,2021-09-24,34.98,35.25,34.78,34.88,34.88,16150700,Healthcare,34.962,35.137,35.986,35.9212,35.414972734165225,35.85423194936935,-0.4392592152041246,-0.2306376291445062,35.08,19719200.0,34.84,56370500.0,36.19,20801500.0,17.329545454545467,0.11481056257174327,-3.6197844708482863,-0.005701254275940593,0.009034516384792732
PFE,2021-09-27,34.87,35.03,34.54,34.59,34.59,19955900,Healthcare,34.862,35.057,35.866,35.9782,35.28805385198596,35.760585138304954,-0.472531286318997,-0.2790163605794044,34.88,16150700.0,35.09,41873000.0,35.39,37086200.0,16.310160427807503,-1.424907381020235,-2.2605255721955264,-0.008314220183486265,0.006637768510595253
PFE,2021-09-28,34.19,34.36,33.68,34.17,34.17,28512200,Healthcare,34.722,34.925,35.718500000000006,36.0298,35.11604556706504,35.64276401694903,-0.5267184498839868,-0.32855677844032083,34.59,19955900.0,34.87,23645600.0,35.49,24100200.0,15.365239294710307,-2.0074562661313355,-3.7193575655114164,-0.012142237640936693,0.007038083715134012
PFE,2021-09-29,34.31,34.68,34.2,34.56,34.56,18037200,Healthcare,34.656,34.827000000000005,35.618,36.0752,35.030500095208886,35.56255927495281,-0.5320591797439249,-0.3692572587010417,34.17,28512200.0,34.89,22616700.0,35.54,28674600.0,25.12562814070354,-0.9458297506448776,-2.757456387169377,0.011413520632133523,0.0084283670374218
PFE,2021-09-30,34.76,34.97,34.11,34.14,34.14,21103300,Healthcare,34.468,34.711,35.4975,36.1126,34.89350008056137,35.45718451384519,-0.5636844332838251,-0.40814269361759836,34.56,18037200.0,35.08,19719200.0,35.3,22424200.0,24.691358024691382,-2.6795895096921263,-3.286118980169961,-0.01215277777777779,0.008873793405872283
PFE,2021-10-01,33.75,34.21,33.1,34.08,34.08,38483000,Healthcare,34.30800000000001,34.635000000000005,35.3425,36.1416,34.76834622201346,35.35517084615295,-0.5868246241394885,-0.44387907972197643,34.14,21103300.0,34.88,16150700.0,34.84,56370500.0,30.211480362537742,-2.2935779816513846,-2.1814006888633886,-0.0017574692442883233,0.00818995673332793
PFE,2021-10-04,34.08,34.41,33.51,33.67,33.67,28906500,Healthcare,34.124,34.493,35.167,36.1592,34.59936988016524,35.230343376067545,-0.6309734959023032,-0.48129796295804184,34.08,38483000.0,34.59,19955900.0,35.09,41873000.0,24.861878453038656,-2.6597282451575666,-4.046736962097464,-0.012030516431924765,0.008003938909118087
PFE,2021-10-05,33.76,33.97,33.56,33.6,33.6,19342600,Healthcare,34.010000000000005,34.366,34.9915,36.173399999999994,34.44562066783213,35.10957720006254,-0.663956532230408,-0.5178296768125151,33.67,28906500.0,34.17,28512200.0,34.87,23645600.0,23.35164835164838,-1.668129938542584,-3.6420992256954277,-0.0020790020790021346,0.00798703334090132
PFE,2021-10-06,33.39,33.5,33.1,33.36,33.36,30483800,Healthcare,33.769999999999996,34.21300000000001,34.8135,36.178200000000004,34.27860210355026,34.979978888946796,-0.7013767853965334,-0.5545390985293188,33.6,19342600.0,34.56,18037200.0,34.89,22616700.0,23.35164835164838,-3.472222222222232,-4.38521066208083,-0.0071428571428572285,0.007903332266323561
PFE,2021-10-07,33.75,34.1,33.51,33.93,33.93,19778300,Healthcare,33.727999999999994,34.098,34.683,36.1732,34.22497101069638,34.902202674950736,-0.6772316642543572,-0.5790776116743266,33.36,30483800.0,34.14,21103300.0,35.08,19719200.0,37.866666666666646,-0.6151142355008798,-3.278221208665899,0.017086330935251803,0.010079748277487617
PFE,2021-10-08,33.92,34.06,33.61,33.7,33.7,12778600,Healthcare,33.652,33.980000000000004,34.5585,36.1678,34.144206239820015,34.81315062495438,-0.6689443851343668,-0.5970509663663346,33.93,19778300.0,34.08,38483000.0,34.88,16150700.0,31.367292225201084,-1.1150234741783893,-3.3830275229357776,-0.006778661951075682,0.010114179247931813
PFE,2021-10-11,33.7,33.83,33.35,33.39,33.39,11984200,Healthcare,33.596,33.86,34.4585,36.156,34.028174510616935,34.70773206014295,-0.6795575495260167,-0.613552282998271,33.7,12778600.0,33.67,28906500.0,34.59,19955900.0,30.628272251308942,-0.8316008316008316,-3.4692107545533424,-0.009198813056379929,0.010165770912062872
PFE,2021-10-12,33.47,33.51,33.07,33.22,33.22,16222300,Healthcare,33.519999999999996,33.765,34.345000000000006,36.1224,33.90383997052202,34.59752968531755,-0.693689714795525,-0.6295797693577219,33.39,11984200.0,33.6,19342600.0,34.17,28512200.0,28.967254408060427,-1.130952380952388,-2.7802165642376475,-0.005091344713986312,0.009733401511350352
PFE,2021-10-13,33.14,33.27,32.5,32.88,32.88,28205700,Healthcare,33.424,33.597,34.212,36.0548,33.74632612890325,34.47030526418291,-0.723979135279663,-0.6484596425421102,33.22,16222300.0,33.36,30483800.0,34.56,18037200.0,23.30097087378644,-1.4388489208633004,-4.861111111111105,-0.010234798314268434,0.008564793259411374
PFE,2021-10-14,32.99,33.31,32.96,33.08,33.08,17590300,Healthcare,33.254000000000005,33.491,34.101,35.999,33.643814416764286,34.36731968905825,-0.7235052722939628,-0.6634687684924807,32.88,28205700.0,33.93,19778300.0,34.14,21103300.0,28.15533980582518,-2.505157677571479,-3.104862331575875,0.006082725060827077,0.008796153384287431
PFE,2021-10-15,33.26,33.37,32.85,32.94,32.94,23550300,Healthcare,33.102,33.377,34.006,35.9424,33.535535275723625,34.26159230468356,-0.7260570289599357,-0.6759864205859718,33.08,17590300.0,33.7,12778600.0,34.08,38483000.0,29.219143576826113,-2.255192878338297,-3.3450704225352124,-0.004232164449818665,0.008788542746625029
PFE,2021-10-18,32.9,33.1,32.58,32.8,32.8,21733000,Healthcare,32.983999999999995,33.290000000000006,33.89149999999999,35.8828,33.42237600253537,34.15332620804033,-0.7309502055049606,-0.6869791775697696,32.94,23550300.0,33.39,11984200.0,33.67,28906500.0,31.436314363143566,-1.7669961066187567,-2.5839025839025975,-0.004250151791135415,0.008264631365254092
PFE,2021-10-19,33.02,33.5,32.98,33.41,33.41,17159800,Healthcare,33.022,33.271,33.8185,35.821,33.42047200214532,34.09826500744475,-0.677793005299435,-0.6851419431157028,32.8,21733000.0,33.22,16222300.0,33.6,19342600.0,35.29411764705874,0.5719446116797089,-0.5654761904761996,0.018597560975609717,0.010647813756291018
PFE,2021-10-20,33.44,34.22,33.42,33.98,33.98,22788300,Healthcare,33.242,33.333,33.772999999999996,35.7354,33.506553232584494,34.08950463652292,-0.5829514039384236,-0.664703835280247,33.41,17159800.0,32.88,28205700.0,33.36,30483800.0,48.02955665024626,3.345498783454981,1.8585131894484297,0.01706076025142167,0.01167542396016273
PFE,2021-10-21,34.18,34.21,33.68,34.02,34.02,22142300,Healthcare,33.42999999999999,33.342,33.720000000000006,35.6806,33.58554504295611,34.08435614492863,-0.4988111019725139,-0.6315252886187004,33.98,22788300.0,33.08,17590300.0,33.93,19778300.0,49.25742574257432,2.8415961305925164,0.2652519893899363,0.0011771630370809305,0.01038994850849862
PFE,2021-10-22,33.99,34.29,33.84,34.26,34.26,17183000,Healthcare,33.693999999999996,33.397999999999996,33.68900000000001,35.6158,33.68930734403979,34.09736680085984,-0.4080594568200482,-0.5868321222589701,34.02,22142300.0,32.94,23550300.0,33.7,12778600.0,57.622739018087806,4.007285974499086,1.6617210682492445,0.007054673721340166,0.010260903975425275
PFE,2021-10-25,34.29,34.33,33.79,34.25,34.25,22846200,Healthcare,33.984,33.483999999999995,33.672000000000004,35.531,33.77556775264905,34.10867296375911,-0.333105211110059,-0.5360867400291879,34.26,17183000.0,32.8,21733000.0,33.39,11984200.0,58.530183727034114,4.4207317073170715,2.5756214435459723,-0.0002918855808522469,0.009573613972925166
PFE,2021-10-26,34.4,34.74,34.07,34.58,34.58,29729100,Healthcare,34.218,33.620000000000005,33.692499999999995,35.446000000000005,33.89932655993381,34.14358607755473,-0.24425951762091813,-0.47772129554753395,34.25,22846200.0,33.41,17159800.0,33.22,16222300.0,65.64102564102566,3.5019455252918386,4.093919325707396,0.009635036496350224,0.009392139120835398
PFE,2021-10-27,34.5,34.58,33.88,34.11,34.11,22317500,Healthcare,34.24400000000001,33.742999999999995,33.67,35.3276,33.93173785840553,34.14109821995808,-0.2093603615525481,-0.42404910874853685,34.58,29729100.0,33.98,22788300.0,32.88,28205700.0,52.368421052631575,0.3825779870512136,3.7408759124087476,-0.013591671486408274,0.01000012865235129
PFE,2021-10-28,34.1,34.67,34.09,34.28,34.28,18023400,Healthcare,34.29600000000001,33.863,33.677,35.2304,33.98531664942007,34.15138724070193,-0.16607059128185853,-0.3724534052552012,34.11,22317500.0,34.02,22142300.0,33.08,17590300.0,57.754010695187155,0.7642563198118735,3.6275695284159637,0.004983875696276785,0.00997734413078935
PFE,2021-10-29,34.21,34.79,34.02,34.72,34.72,30307500,Healthcare,34.388,34.041,33.708999999999996,35.15,34.098344857201596,34.19350670435364,-0.0951618471520419,-0.31699509363456935,34.28,18023400.0,34.26,17183000.0,32.94,23550300.0,67.18346253229976,1.3426736719206023,5.403764420157864,0.012835472578763163,0.009945733239871794
PFE,2021-11-01,35.04,35.16,34.48,34.64,34.64,32681500,Healthcare,34.466,34.225,33.7575,35.0692,34.18167641763212,34.22658028180892,-0.0449038641768027,-0.26257684774301604,34.72,30307500.0,34.25,22846200.0,32.8,21733000.0,68.78306878306887,1.1386861313868568,5.609756097560981,-0.0023041474654377225,0.009754858598732409
PFE,2021-11-02,35.79,36.55,34.17,36.08,36.08,69248000,Healthcare,34.766,34.492000000000004,33.8815,34.998000000000005,34.47372619953487,34.36387063130456,0.10985556823031573,-0.1880903645483497,34.64,32681500.0,34.58,29729100.0,33.41,17159800.0,82.78688524590167,4.337767495662237,7.991619275665984,0.04157043879907607,0.014653213267471392
PFE,2021-11-03,36.14,36.51,35.31,35.58,35.58,44593100,Healthcare,35.059999999999995,34.652,33.99249999999999,34.9414,34.6439221688372,34.45395428824496,0.189967880592242,-0.11247871552023138,36.08,69248000.0,34.11,22317500.0,33.98,22788300.0,74.13127413127417,4.309586631486373,4.708652148322545,-0.013858093126385862,0.015709041394710015
PFE,2021-11-04,35.47,35.61,34.68,35.12,35.12,38172500,Healthcare,35.227999999999994,34.762,34.052,34.8894,34.71716491209301,34.50329100763422,0.21387390445879362,-0.04720819152442638,35.58,44593100.0,34.28,18023400.0,34.02,22142300.0,69.81818181818184,2.450408401400228,3.233392122280998,-0.012928611579539062,0.01666673662760962
PFE,2021-11-05,38.51,39.09,37.28,38.93,38.93,173959100,Healthcare,36.07000000000001,35.229,34.3135,34.9158,35.365293387155624,34.83119537743909,0.5340980097165371,0.0690530487237663,35.12,38172500.0,34.72,30307500.0,34.26,17183000.0,83.42420937840788,12.12557603686637,13.631056625802685,0.10848519362186804,0.03729596568432928
PFE,2021-11-08,38.93,39.07,38.12,38.7,38.7,57423300,Healthcare,36.882,35.674,34.57899999999999,34.95,35.878325173747065,35.11777349762878,0.7605516761182827,0.2073527742026696,38.93,173959100.0,34.64,32681500.0,34.25,22846200.0,80.09101251422076,11.720554272517326,12.99270072992702,-0.0059080400719239146,0.03756724589893
PFE,2021-11-09,38.7,38.74,37.76,37.88,37.88,29920400,Healthcare,37.242,36.004,34.812,34.9652,36.186275147016744,35.3223828681748,0.863892278841945,0.33866067513052467,38.7,57423300.0,36.08,69248000.0,34.58,29729100.0,71.57079646017704,4.988913525498906,9.543088490456931,-0.021188630490956095,0.039097527670289504
PFE,2021-11-10,37.96,39.41,37.96,39.26,39.26,42696200,Healthcare,37.977999999999994,36.519,35.131,35.019,36.65915589362955,35.61405821127296,1.045097682356591,0.47994807657573796,37.88,29920400.0,35.58,44593100.0,34.11,22317500.0,75.24084778420041,10.34288926363125,15.0982116681325,0.03643083421330506,0.03897064088912251
PFE,2021-11-11,39.42,40.44,39.02,40.18,40.18,42370400,Healthcare,38.989999999999995,37.108999999999995,35.486000000000004,35.0916,37.200824217686545,35.95227612154904,1.2485480961375046,0.6336680804880913,39.26,42696200.0,35.12,38172500.0,34.28,18023400.0,76.76311030741414,14.407744874715277,17.21120186697782,0.023433520122261964,0.03889030671499542
PFE,2021-11-12,40.38,40.43,39.7,39.82,39.82,27780600,Healthcare,39.16799999999999,37.619,35.83,35.1444,37.60377433804246,36.23877418661948,1.3650001514229828,0.7799344946750697,40.18,42370400.0,38.93,173959100.0,34.72,30307500.0,74.40841367221738,2.2861546365271046,14.688940092165904,-0.008959681433548972,0.039729924399420094
PFE,2021-11-15,39.82,40.12,39.54,39.76,39.76,27763200,Healthcare,39.38,38.13099999999999,36.178000000000004,35.196,37.93550136295901,36.49960572835137,1.4358956346076397,0.9111267226615838,39.82,27780600.0,38.7,57423300.0,34.64,32681500.0,73.2495511669659,2.739018087855283,14.780600461893755,-0.0015067805123054612,0.03969328566382042
PFE,2021-11-16,39.62,40.17,39.15,39.72,39.72,31297200,Healthcare,39.748000000000005,38.495,36.4935,35.248200000000004,38.210039614811464,36.738153452177194,1.47188616263427,1.0232786106561211,39.76,27763200.0,37.88,29920400.0,36.08,69248000.0,76.1904761904762,4.857444561774016,10.088691796008863,-0.001006036217303774,0.038745924821654155
PFE,2021-11-17,39.99,40.91,39.79,40.74,40.74,36889800,Healthcare,40.044000000000004,39.011,36.8315,35.324600000000004,38.59926428945585,37.0345865297937,1.5646777596621533,1.1315584404573276,39.72,31297200.0,39.26,42696200.0,35.58,44593100.0,77.94117647058826,3.7697401935812724,14.502529510961226,0.025679758308157163,0.038017349203591115
PFE,2021-11-18,40.92,41.41,40.53,41.17,41.17,32872600,Healthcare,40.242000000000004,39.616,37.189,35.4172,38.99476209107803,37.340913453512684,1.6538486375653463,1.2360164798789313,40.74,36889800.0,40.18,42370400.0,35.12,38172500.0,77.92207792207795,2.4639123942259866,17.226651480637823,0.010554737358861033,0.03685942178368067
PFE,2021-11-19,41.61,42.31,40.58,40.68,40.68,47966200,Healthcare,40.414,39.791,37.51,35.507,39.25402946168141,37.58825319769693,1.6657762639844833,1.3219684367000417,41.17,32872600.0,39.82,27780600.0,38.93,173959100.0,75.25083612040135,2.159718734304361,4.495247880811704,-0.011901870293903327,0.018702567276568105
PFE,2021-11-22,40.8,41.22,40.34,41.0,41.0,27287900,Healthcare,40.662,40.021,37.8475,35.6192,39.52264031373043,37.84097518305271,1.6816651306777146,1.3939077754955762,40.68,47966200.0,39.76,27763200.0,38.7,57423300.0,72.69372693726937,3.118712273641866,5.943152454780365,0.007866273352999054,0.01834961700683342
PFE,2021-11-23,40.5,41.2,40.28,40.91,40.91,24946200,Healthcare,40.9,40.324,38.164,35.7276,39.73608026546421,38.06831035467844,1.667769910785772,1.4486802025536154,41.0,27287900.0,39.72,31297200.0,37.88,29920400.0,75.55129434324063,2.9959718026183246,7.998944033790911,-0.002195121951219625,0.01607105821333652
PFE,2021-11-24,40.99,41.11,40.61,40.75,40.75,18556800,Healthcare,40.902,40.473,38.495999999999995,35.8318,39.89206791693125,38.266954032109666,1.6251138848215874,1.4839669390072099,40.91,24946200.0,40.74,36889800.0,39.26,42696200.0,77.78874629812438,0.02454590083456054,3.795211411105459,-0.003911024199462099,0.012833892579017377
PFE,2021-11-26,43.28,44.0,42.64,43.24,43.24,66561300,Healthcare,41.315999999999995,40.779,38.944,35.9906,40.40713439124952,38.63532780750895,1.7718065837405703,1.541534867953882,40.75,18556800.0,41.17,32872600.0,40.18,42370400.0,74.46083995459705,5.027932960893855,7.615729218516676,0.06110429447852761,0.02170092771218925
PFE,2021-11-29,44.16,44.6,41.73,41.96,41.96,72660800,Healthcare,41.571999999999996,40.993,39.306,36.133,40.64603679259575,38.881599821767544,1.764436970828207,1.586115288528747,43.24,66561300.0,40.68,47966200.0,39.82,27780600.0,66.53144016227179,3.1465093411995992,5.374183827222501,-0.029602220166512483,0.02427711740551787
PFE,2021-11-30,41.89,43.61,41.57,43.03,43.03,64598400,Healthcare,41.977999999999994,41.32000000000001,39.7255,36.2918,41.012800362965635,39.18888872385884,1.8239116391067967,1.633674558644357,41.96,72660800.0,41.0,27287900.0,39.76,27763200.0,75.46983184965379,4.951219512195126,8.224346076458765,0.025500476644423342,0.02490414465896252
PFE,2021-12-01,42.02,44.18,41.53,43.79,43.79,59810400,Healthcare,42.553999999999995,41.727,40.111000000000004,36.4702,41.44006184558631,39.52971178135078,1.91035006423553,1.6890096597625917,43.03,64598400.0,40.91,24946200.0,39.72,31297200.0,73.8672286617492,7.039843559032022,10.246727089627395,0.017662096211945144,0.02483622968566283
PFE,2021-12-02,43.1,44.11,42.26,42.47,42.47,46361700,Healthcare,42.898,41.9,40.4555,36.6218,41.59851386934226,39.74751090865812,1.8510029606841414,1.7214083199469017,43.79,59810400.0,40.75,18556800.0,40.74,36889800.0,61.57735085945397,4.220858895705515,4.246440844378974,-0.03014386846311945,0.027108933601523347
PFE,2021-12-03,43.01,43.57,42.52,43.46,43.46,37574800,Healthcare,42.94199999999999,42.129000000000005,40.8725,36.7894,41.88489635098192,40.022510100609374,1.8623862503725448,1.7496039060320305,42.47,46361700.0,43.24,66561300.0,41.17,32872600.0,67.30038022813687,0.5087881591119281,5.562302647558903,0.02331057216858956,0.027719075128803512
PFE,2021-12-06,43.07,43.16,41.04,41.23,41.23,53724000,Healthcare,42.79600000000001,42.184000000000005,40.9875,36.916399999999996,41.78414306621547,40.11195379686053,1.6721892693549378,1.734120978696612,43.46,37574800.0,41.96,72660800.0,40.68,47966200.0,55.79196217494089,-1.7397521448999087,1.3520157325467075,-0.051311550851357635,0.032839235305276014
PFE,2021-12-07,41.04,42.04,40.36,41.42,41.42,41575400,Healthcare,42.474000000000004,42.226,41.12349999999999,37.053,41.72812105602848,40.2088461082042,1.5192749478242789,1.6911517725221454,41.23,53724000.0,43.03,64598400.0,41.0,27287900.0,56.61993769470405,-3.741575644898909,1.02439024390244,0.004608294930875667,0.032788795823463154
PFE,2021-12-08,42.24,42.51,40.87,41.16,41.16,37429200,Healthcare,41.94799999999999,42.251,41.2875,37.192800000000005,41.64071781663948,40.279301952040925,1.3614158645985555,1.6252045909374275,41.42,41575400.0,43.79,59810400.0,40.91,24946200.0,51.73841059602646,-6.005937428636676,0.6110975311659717,-0.0062771607918881145,0.032865260454681786
PFE,2021-12-09,41.25,42.32,41.25,41.71,41.71,38325700,Healthcare,41.796,42.346999999999994,41.41,37.3358,41.65137661407956,40.385279585223074,1.2660970288564855,1.5533830785212392,41.16,37429200.0,42.47,46361700.0,40.75,18556800.0,52.21311475409835,-1.7894984695078886,2.355828220858891,0.013362487852283778,0.033026515473556006
PFE,2021-12-10,41.0,42.32,40.93,42.27,42.27,26079400,Healthcare,41.55800000000001,42.25,41.5145,37.498400000000004,41.746549442682706,40.52488850483618,1.2216609378465293,1.4870386503862973,41.71,38325700.0,43.46,37574800.0,43.24,66561300.0,56.47921760391198,-2.7381500230096556,-2.2432932469935163,0.013426036921601492,0.026467993078700763
PFE,2021-12-13,42.8,44.63,42.8,44.2,44.2,54923200,Healthcare,42.152,42.474000000000004,41.7335,37.7008,42.12400337457767,40.79711898595942,1.3268843886182466,1.4550077980326872,42.27,26079400.0,41.23,53724000.0,41.96,72660800.0,61.52737752161383,7.203492602473949,5.338417540514784,0.045658859711379174,0.02836272562511539
PFE,2021-12-14,43.86,44.81,43.5,44.48,44.48,48685700,Healthcare,42.763999999999996,42.619,41.9695,37.917,42.48646439387341,41.06992498699946,1.4165394068739516,1.4473141198009403,44.2,54923200.0,41.42,41575400.0,43.03,64598400.0,62.686567164179095,7.387735393529682,3.369742040436896,0.0063348416289590315,0.02750150639837235
PFE,2021-12-15,44.93,47.18,44.76,47.09,47.09,75202900,Healthcare,43.95,42.949,42.33800000000001,38.186800000000005,43.19470064096981,41.515856469443946,1.678844171525867,1.4936201301459258,44.48,48685700.0,41.16,37429200.0,43.79,59810400.0,69.18886198547213,14.407191448007794,7.5359671157798624,0.05867805755395694,0.032437018707518736
PFE,2021-12-16,46.74,49.19,46.25,49.05,49.05,75183600,Healthcare,45.418,43.607,42.7535,38.5006,44.09551592697446,42.07394117541106,2.0215747515633993,1.5992110544294207,47.09,75202900.0,41.71,38325700.0,42.47,46361700.0,68.16760475297058,17.59769839367058,15.49328938073935,0.041622425143342356,0.03102632163046801
PFE,2021-12-17,47.99,49.0,47.01,47.63,47.63,104192100,Healthcare,46.489999999999995,44.024,43.076499999999996,38.7746,44.639282707439925,42.485501088343575,2.1537816190963497,1.7101251673628066,49.05,75183600.0,42.27,26079400.0,43.46,37574800.0,67.5759454432734,12.680387982020335,9.595029912563291,-0.028950050968399532,0.03374245757152817
PFE,2021-12-20,48.53,49.42,47.91,48.87,48.87,55712200,Healthcare,47.424,44.788,43.486000000000004,39.078,45.2901622909107,42.95842693365146,2.331735357259241,1.8344472053420937,47.63,104192100.0,44.2,54923200.0,41.23,53724000.0,67.91411042944785,10.56561085972849,18.530196458889158,0.02603401217719914,0.026227176227890066
PFE,2021-12-21,48.06,48.08,45.77,47.21,47.21,63877900,Healthcare,47.970000000000006,45.367000000000004,43.7965,39.3544,45.5855219384629,43.273358271899504,2.312163666563393,1.9299904975863535,48.87,55712200.0,44.48,48685700.0,41.42,41575400.0,59.941860465116285,6.137589928057574,13.978754225012068,-0.0339676693267853,0.03076943440555587
PFE,2021-12-22,47.45,48.52,46.62,47.69,47.69,62594900,Healthcare,48.089999999999996,46.019999999999996,44.1355,39.6438,45.90928779408399,43.60051691842547,2.3087708756585172,2.005746573200786,47.21,63877900.0,47.09,75202900.0,41.16,37429200.0,65.95354523227384,1.274155871734961,15.864917395529643,0.010167337428510947,0.030019844182123848
PFE,2021-12-23,47.9,48.11,46.7,47.02,47.02,39203200,Healthcare,47.684,46.551,44.449,39.9266,46.08016659499414,43.853811961505066,2.2263546334890734,2.0498681852584437,47.69,62594900.0,49.05,75183600.0,41.71,38325700.0,61.09725685785537,-4.138634046890921,12.730760009590036,-0.01404906689033325,0.03142843707304608
PFE,2021-12-27,47.13,47.55,46.63,47.41,47.41,27362600,Healthcare,47.64,47.065,44.657500000000006,40.2132,46.284756349610426,44.11723329768988,2.167523051920547,2.0733991585908647,47.02,39203200.0,47.63,104192100.0,42.27,26079400.0,71.76056338028172,-0.46189376443419583,12.159924296191127,0.008294342832837032,0.031453440164299164
PFE,2021-12-28,47.29,47.61,45.71,46.45,46.45,36901700,Healthcare,47.156,47.29,44.882,40.4834,46.31017844967036,44.290030831194336,2.020147618476024,2.0627488505678966,47.41,27362600.0,48.87,55712200.0,44.2,54923200.0,66.80026720106883,-4.951913239206052,5.090497737556565,-0.02024889263868368,0.030503601214439294
PFE,2021-12-29,45.89,46.47,45.7,46.11,46.11,26170200,Healthcare,46.93599999999999,47.452999999999996,45.036,40.7496,46.27938176510568,44.42484336221698,1.8545384028887,2.0211067610320574,46.45,36901700.0,47.21,63877900.0,44.48,48685700.0,66.44518272425253,-2.3300148273670884,3.6645683453237377,-0.007319698600645963,0.03076120957950421
PFE,2021-12-30,46.25,47.04,46.07,46.77,46.77,24559000,Healthcare,46.752,47.42100000000001,45.184999999999995,41.0168,46.35486149355096,44.59855866871943,1.7563028248315362,1.9681459737919533,46.11,26170200.0,47.69,62594900.0,47.09,75202900.0,66.68865435356204,-1.9291256028517445,-0.6795497982586496,0.014313597918022225,0.02458193092144726
PFE,2021-12-31,46.87,47.89,46.8,47.29,47.29,28579600,Healthcare,46.806,47.245,45.426,41.283,46.498728956081585,44.79792469325873,1.7008042628228566,1.9146776315981342,46.77,24559000.0,47.02,39203200.0,49.05,75183600.0,66.60052910052913,0.5742237345810253,-3.5881753312945963,0.011118238186871743,0.020307482402106725
PFE,2022-01-03,46.85,46.89,45.12,45.37,45.37,57219200,Healthcare,46.398,47.019,45.5215,41.51,46.325078347453655,44.840300641906225,1.4847777055474296,1.8286976463879934,47.29,28579600.0,47.41,27362600.0,47.63,104192100.0,53.87160820648576,-4.302889685720313,-4.7449086710056765,-0.040600549799111874,0.02218014780861555
PFE,2022-01-04,45.02,45.19,43.2,43.67,43.67,66993100,Healthcare,45.842,46.499,45.6435,41.6982,45.91660475553771,44.75361170546873,1.1629930500689838,1.6955567271241914,45.37,57219200.0,46.45,36901700.0,48.87,55712200.0,47.54990925589838,-5.98493003229279,-10.640474728872507,-0.03746969363015196,0.021507237498435212
PFE,2022-01-05,44.72,45.2,44.34,44.55,44.55,52956400,Healthcare,45.53,46.233000000000004,45.8,41.9042,45.70635787007037,44.738529356915485,0.9678285131548847,1.55001108433033,43.67,66993100.0,46.11,26170200.0,47.21,63877900.0,41.41891891891888,-3.3832140533506916,-5.634399491633135,0.02015113350125941,0.02188472506509357
PFE,2022-01-06,44.17,44.55,43.64,43.92,43.92,37000400,Healthcare,44.96,45.856,45.938,42.091,45.43153358236724,44.67789755269952,0.7536360296677174,1.3907360733978078,44.55,52956400.0,46.77,24559000.0,47.69,62594900.0,30.957683741648054,-6.093649775497112,-7.90522122038162,-0.01414141414141401,0.021284998440309056
PFE,2022-01-07,44.33,44.66,43.75,44.62,44.62,27703400,Healthcare,44.426,45.616,46.0835,42.3012,45.306682262003044,44.673608845092154,0.6330734169108894,1.2392035421004242,43.92,37000400.0,47.29,28579600.0,47.02,39203200.0,38.19607843137249,-5.646013956439,-5.104210974053602,0.015938069216757667,0.022419460011538463
PFE,2022-01-10,44.61,45.05,43.84,45.04,45.04,34044700,Healthcare,44.36,45.379000000000005,46.222,42.5164,45.26565422169488,44.700748930640884,0.5649052910539965,1.1043438918911388,44.62,27703400.0,45.37,57219200.0,47.41,27362600.0,33.948030176026776,-0.727352876350007,-4.9989453701750675,0.009412819363514124,0.022495793526547188
PFE,2022-01-11,45.45,45.99,44.69,45.4,45.4,33576600,Healthcare,44.705999999999996,45.274,46.282,42.73,45.28632280297259,44.75254530614897,0.5337774968236246,0.990230612877636,45.04,34044700.0,43.67,66993100.0,46.45,36901700.0,41.486359360301,3.9615296542248712,-2.260495156081821,0.00799289520426294,0.022122279569789054
PFE,2022-01-12,45.12,45.77,44.77,45.37,45.37,27608500,Healthcare,44.87,45.2,46.326499999999996,42.9446,45.29919621789989,44.79828269087867,0.5009135270212184,0.8923671957063526,45.4,33576600.0,44.55,52956400.0,46.11,26170200.0,38.605108055009794,1.8406285072951833,-1.6048579483842973,-0.0006607929515418665,0.022046472780928528
PFE,2022-01-13,45.27,45.45,44.22,44.48,44.48,28117900,Healthcare,44.982,44.971000000000004,46.196,43.1126,45.17316603053067,44.77470619525803,0.3984598352726465,0.7935857236196114,45.37,27608500.0,43.92,37000400.0,46.77,24559000.0,37.78846153846148,1.2750455373406133,-4.896301047680152,-0.01961648666519733,0.02197116626100279
PFE,2022-01-14,44.03,44.35,43.65,44.0,44.0,27072500,Healthcare,44.858,44.642,45.9435,43.28099999999999,44.992678948910566,44.71732055116484,0.2753583977457268,0.6899402584448345,44.48,28117900.0,44.62,27703400.0,47.29,28579600.0,33.74642516682553,-1.389511429852075,-6.957073377035316,-0.010791366906474753,0.02129067800035201
PFE,2022-01-18,43.64,43.68,42.79,43.33,43.33,35598000,Healthcare,44.516000000000005,44.438,45.7285,43.44519999999999,44.73688218753971,44.614556065893375,0.12232612164633849,0.5764174310851353,44.0,27072500.0,45.04,34044700.0,45.37,57219200.0,34.70588235294113,-3.796625222024874,-4.496363235618251,-0.015227272727272756,0.018113403233289478
PFE,2022-01-19,42.96,43.64,42.8,42.88,42.88,27300400,Healthcare,44.012,44.358999999999995,45.428999999999995,43.5242,44.45120800484129,44.48607043138275,-0.03486242654145855,0.45416145955981657,43.33,35598000.0,45.4,33576600.0,43.67,66993100.0,34.33559650824441,-5.550660792951534,-1.8090222120448751,-0.010385414262635506,0.014235930510462826
PFE,2022-01-20,43.21,43.66,42.5,43.28,43.28,35105300,Healthcare,43.594,44.23199999999999,45.2325,43.6158,44.27102215794263,44.396731880909954,-0.12570972296732208,0.33818722305438886,42.88,27300400.0,45.37,27608500.0,44.55,52956400.0,32.63681592039795,-4.6065682168833995,-2.8507295173961777,0.009328358208955168,0.012717814511751944
PFE,2022-01-21,43.58,43.94,42.01,42.27,42.27,41059000,Healthcare,43.152,44.067,44.9615,43.70360000000001,43.96317259518223,44.23919618602773,-0.27602359084550443,0.2153450602744102,43.28,35105300.0,44.48,28117900.0,43.92,37000400.0,26.18595825426941,-4.968525179856098,-3.7568306010928976,-0.023336414048059084,0.013904715885419094
PFE,2022-01-24,41.44,41.69,39.9,41.27,41.27,59036400,Healthcare,42.60600000000001,43.732,44.674,43.7438,43.54883834976958,44.019255727803454,-0.47041737803387207,0.07819257261275374,42.27,41059000.0,44.0,27072500.0,44.62,27703400.0,28.690228690228665,-6.2045454545454515,-7.507844016136245,-0.023657440264963303,0.013304963364754974
PFE,2022-01-25,41.13,42.31,41.03,42.07,42.07,43983200,Healthcare,42.354,43.434999999999995,44.407,43.7816,43.321324757497344,43.87486641463283,-0.553541657135483,-0.04815427333689361,41.27,59036400.0,43.33,35598000.0,45.04,34044700.0,40.82568807339446,-2.9079159935379573,-6.59413854351687,0.019384540828689012,0.014995781839522049
PFE,2022-01-26,42.1,42.94,42.01,42.45,42.45,39644800,Healthcare,42.268,43.14,44.207,43.8342,43.18727479480545,43.76932075428966,-0.582045959484212,-0.1549326105663573,42.07,43983200.0,42.88,27300400.0,45.4,33576600.0,37.22627737226278,-1.0027985074626877,-6.497797356828183,0.009032564772997409,0.015112096796448015
PFE,2022-01-27,42.78,44.04,42.77,43.06,43.06,36957200,Healthcare,42.224000000000004,42.909000000000006,44.054500000000004,43.900200000000005,43.167694057143066,43.71677847619413,-0.5490844190510629,-0.23376297226329842,42.45,39644800.0,43.28,35105300.0,45.37,27608500.0,44.756097560975604,-0.5083179297597051,-5.091470134450072,0.014369846878680814,0.016455449121271754
PFE,2022-01-28,43.39,44.11,42.85,43.84,43.84,28590400,Healthcare,42.538,42.845,43.908,43.982600000000005,43.27112574065952,43.725905996476044,-0.45478025581652304,-0.27796642897394336,43.06,36957200.0,42.27,41059000.0,44.48,28117900.0,45.2898550724638,3.7142181215992442,-1.4388489208632893,0.018114259173246605,0.017068773476611565
PFE,2022-01-31,43.57,43.69,42.27,42.52,42.52,38644600,Healthcare,42.788000000000004,42.697,43.6695,44.01820000000001,43.15556793440421,43.63657962636671,-0.48101169196250027,-0.3185754815716547,43.84,28590400.0,41.27,59036400.0,44.0,27072500.0,36.274509803921575,3.0288345044826803,-3.3636363636363575,-0.030109489051094895,0.01921810051061854
PFE,2022-02-01,42.56,42.89,42.27,42.82,42.82,27883300,Healthcare,42.938,42.646,43.541999999999994,44.0512,43.103942098342024,43.57609224663584,-0.47215014829381374,-0.34929041491608653,42.52,38644600.0,42.07,43983200.0,43.33,35598000.0,35.855263157894726,1.7827430473021044,-1.1770136164320322,0.007055503292568099,0.018965038802355047
PFE,2022-02-02,42.64,43.68,42.32,43.46,43.46,32039300,Healthcare,43.14,42.704,43.5315,44.10679999999999,43.15872023705863,43.56749282095911,-0.408772583900479,-0.3611868487129651,42.82,27883300.0,42.45,39644800.0,42.88,27300400.0,40.18499486125386,2.3792697290930365,1.3526119402984982,0.014946286781877705,0.019264575316914712
PFE,2022-02-03,43.03,43.48,42.84,43.07,43.07,22635800,Healthcare,43.142,42.683,43.4575,44.148199999999996,43.145070969818846,43.53064150088806,-0.385570531069213,-0.3660635851842147,43.46,32039300.0,43.06,36957200.0,43.28,35105300.0,42.36186348862406,0.023223409196471145,-0.4852125693160847,-0.008973768982972863,0.01930890184136639
PFE,2022-02-04,42.78,43.11,42.47,42.77,42.77,24932200,Healthcare,42.928000000000004,42.733000000000004,43.4,44.1854,43.087367743692866,43.47429768600746,-0.38692994231459465,-0.3702368566102907,43.07,22635800.0,43.84,28590400.0,42.27,41059000.0,43.20441988950277,-2.4406934306569372,1.1828720132481596,-0.006965405154399695,0.017773336917458016
PFE,2022-02-07,43.01,43.23,42.15,42.93,42.93,32358500,Healthcare,43.010000000000005,42.899,43.3155,44.229,43.063157321586274,43.433979338895796,-0.37082201730952136,-0.37035388875013686,42.77,24932200.0,42.52,38644600.0,41.27,59036400.0,47.65807962529274,0.9642521166509876,4.022292221952983,0.003740939911152541,0.01545589368823993
PFE,2022-02-08,40.86,41.8,40.09,41.72,41.72,67922000,Healthcare,42.790000000000006,42.864000000000004,43.1495,44.198600000000006,42.85651773364992,43.307017906385,-0.4505001727350759,-0.3863831455471247,42.93,32358500.0,42.82,27883300.0,42.07,43983200.0,43.76344086021503,-2.568893040635223,-0.8319467554076532,-0.028185418122525063,0.017411848664895504
PFE,2022-02-09,41.67,41.73,41.07,41.53,41.53,38522200,Healthcare,42.404,42.772,42.956,44.19,42.652438082319165,43.17538695035648,-0.522948868037318,-0.4136962900451634,41.72,67922000.0,43.46,32039300.0,42.45,39644800.0,40.37403740374037,-4.4408651633686125,-2.167255594817441,-0.00455417066155317,0.017095460553031294
PFE,2022-02-10,41.18,41.45,40.66,40.83,40.83,34200600,Healthcare,41.956,42.549,42.729,44.145999999999994,42.3720629927316,43.00165458366341,-0.6295915909318097,-0.4568753502224927,41.53,38522200.0,43.07,22635800.0,43.06,36957200.0,41.799544419134364,-5.200835848618535,-5.178820250812832,-0.01685528533590186,0.01660653691144395
PFE,2022-02-11,40.61,41.35,40.41,40.97,40.97,34997800,Healthcare,41.596,42.262,42.5535,44.0896,42.156360993849816,42.851161651540195,-0.6948006576903794,-0.50446041171607,40.83,34200600.0,42.77,24932200.0,43.84,28590400.0,48.10606060606058,-4.208557400046775,-6.546532846715336,0.0034288513348028626,0.014877114465731946
PFE,2022-02-14,40.2,40.75,39.12,40.18,40.18,42973100,Healthcare,41.046,42.028000000000006,42.3625,44.043800000000005,41.852305456334456,42.65329782550018,-0.8009923691657264,-0.5637668032060013,40.97,34997800.0,42.93,32358500.0,42.52,38644600.0,38.05309734513273,-6.405776846028422,-5.503292568203211,-0.019282401757383383,0.013289107704098857
PFE,2022-02-15,40.18,40.38,39.71,40.18,40.18,29150000,Healthcare,40.738,41.763999999999996,42.205,43.97820000000001,41.59502769382146,42.470090579166836,-0.875062885345379,-0.6260260196338768,40.18,42973100.0,41.72,67922000.0,42.82,27883300.0,34.92695883134127,-3.691275167785235,-6.165343297524517,0.0,0.012719734456960057
PFE,2022-02-16,40.01,40.97,39.88,40.09,40.09,27672600,Healthcare,40.45,41.427,42.0655,43.9554,41.36348497169508,42.29378757330262,-0.9303026016075435,-0.6868813360286101,40.18,29150000.0,41.53,38522200.0,43.46,32039300.0,28.815977175463615,-3.467372983385497,-7.754256787850888,-0.0022399203583871596,0.010502368350950671
PFE,2022-02-17,40.19,40.31,39.34,39.46,39.46,21231700,Healthcare,40.176,41.066,41.8745,43.916199999999996,41.07064112989583,42.08387738268761,-1.0132362527917778,-0.7521523193812436,40.09,27672600.0,40.83,34200600.0,43.07,22635800.0,18.07580174927108,-3.35537594905706,-8.381704202461105,-0.015714642055375427,0.010785144716411756
PFE,2022-02-18,39.36,39.96,38.89,39.16,39.16,26955300,Healthcare,39.814,40.705,41.719,43.87620000000001,40.77669634068109,41.867293872858895,-1.090597532177803,-0.8198413619405556,39.46,21231700.0,40.97,34997800.0,42.77,24932200.0,21.232876712328704,-4.417866731754949,-8.44049567453824,-0.007602635580334582,0.010775880381016569
PFE,2022-02-22,38.36,38.98,38.21,38.35,38.35,34814800,Healthcare,39.448,40.247,41.573,43.809000000000005,40.403358442114765,41.60675358598046,-1.2033951438656914,-0.8965521183255828,39.16,26955300.0,40.18,42973100.0,42.93,32358500.0,14.8031496062992,-4.5545047287207545,-10.668530165385503,-0.020684371807967228,0.010397499631310687
PFE,2022-02-23,38.4,38.86,37.75,37.82,37.82,25793000,Healthcare,38.976,39.857,41.3605,43.72,40.00591868178942,41.32625332035227,-1.320334638562855,-0.9813086223730373,38.35,34814800.0,40.18,29150000.0,41.72,67922000.0,4.80769230769225,-5.873568939771035,-9.348034515819748,-0.013820078226857935,0.00862686631667602
PFE,2022-02-24,37.0,37.73,36.63,37.08,37.08,44227300,Healthcare,38.374,39.412,41.092,43.577600000000004,39.55577734612951,41.01171603736322,-1.4559386912337118,-1.0762346361451722,37.82,25793000.0,40.09,27672600.0,41.53,38522200.0,4.55235204855839,-7.508106759790478,-10.715145677823267,-0.019566367001586538,0.008926612403871126
PFE,2022-02-25,36.96,38.76,36.91,38.51,38.51,31199200,Healthcare,38.184000000000005,39.17999999999999,40.8645,43.4582,39.39488852364805,40.82640373829928,-1.4315152146512276,-1.1472907518463833,37.08,44227300.0,39.46,21231700.0,40.83,34200600.0,22.40932642487043,-2.407501267105938,-5.6820964976732835,0.038565264293419554,0.017821176286454937
PFE,2022-02-28,37.78,38.06,37.39,37.88,37.88,35296100,Healthcare,37.928,38.871,40.5665,43.27400000000001,39.16182875077912,40.60815160953637,-1.4463228587572488,-1.2070971732285565,38.51,31199200.0,39.16,26955300.0,40.97,34997800.0,19.169719169719173,-3.2686414708886447,-7.542103978520864,-0.01635938717216301,0.017794535173884327
PFE,2022-03-01,37.67,38.04,36.67,36.92,36.92,29854500,Healthcare,37.641999999999996,38.545,40.286500000000004,43.031400000000005,38.816932019890025,40.334955194015166,-1.5180231741251404,-1.2692823734078733,37.88,35296100.0,38.35,34814800.0,40.18,42973100.0,19.773299748110844,-3.7288135593220306,-8.113489298158283,-0.025343189017951406,0.018329163940950886
PFE,2022-03-02,37.21,38.67,37.12,38.49,38.49,36516200,Healthcare,37.775999999999996,38.376,40.07000000000001,42.8486,38.76663478606079,40.19829184631034,-1.4316570602495489,-1.3017573107762086,36.92,29854500.0,37.82,25793000.0,40.18,29150000.0,33.69098712446352,1.7715494447382296,-4.206072672971617,0.0425243770314192,0.02439267519419114
PFE,2022-03-03,38.47,39.21,38.31,38.59,38.59,30553300,Healthcare,38.078,38.226000000000006,39.826499999999996,42.643,38.7394602035899,40.07915911695402,-1.339698913364117,-1.3093456312937903,38.49,36516200.0,37.08,44227300.0,40.09,27672600.0,37.15596330275232,4.07227615965482,-3.741581441756048,0.0025980774227072345,0.02447981638968505
PFE,2022-03-04,38.33,39.35,38.25,39.26,39.26,33217300,Healthcare,38.227999999999994,38.206,39.635999999999996,42.483999999999995,38.819543249191454,40.01848066384631,-1.198937414654857,-1.2872639879660037,38.59,30553300.0,38.51,31199200.0,39.46,21231700.0,40.75675675675675,1.9475460919241794,-0.5068423720223092,0.017362010883648527,0.024883367663087786
PFE,2022-03-07,38.93,39.41,38.34,38.71,38.71,33171300,Healthcare,38.394,38.161,39.433,42.304399999999994,38.80269044162354,39.921556170228065,-1.1188657286045256,-1.2535843360937082,39.26,33217300.0,37.88,35296100.0,39.16,26955300.0,41.842397336293004,2.191129883843712,-1.1491317671092793,-0.014009169638308672,0.025174964573851228
PFE,2022-03-08,38.39,39.07,37.5,38.28,38.28,32913300,Healthcare,38.666000000000004,38.154,39.2005,42.1296,38.72227652752761,39.79995941687784,-1.0776828893502284,-1.2184040467450123,38.71,33171300.0,36.92,29854500.0,38.35,34814800.0,39.9364406779661,3.683640303358615,-0.18252933507171276,-0.011108240764660327,0.024511028062115883
PFE,2022-03-09,38.84,39.72,38.73,39.34,39.34,24718900,Healthcare,38.836,38.306,39.0815,41.9682,38.81731090790798,39.765888348960964,-0.9485774410529828,-1.1644387256066064,38.28,32913300.0,38.49,36516200.0,37.82,25793000.0,46.39769452449568,2.208365809301127,4.01903754627182,0.02769070010449326,0.02539374183311197
PFE,2022-03-10,38.98,39.77,38.77,39.7,39.7,24542300,Healthcare,39.05800000000001,38.568,38.99,41.8332,38.953109229768295,39.76100773051942,-0.8078985007511221,-1.0931306806355097,39.34,24718900.0,38.59,30553300.0,37.08,44227300.0,51.18343195266273,2.876392847888054,7.0658036677454295,0.009150991357397054,0.023987841689188587
PFE,2022-03-11,39.65,41.07,39.49,40.56,40.56,33701900,Healthcare,39.318000000000005,38.773,38.9765,41.7222,39.200323194419326,39.820192343073536,-0.6198691486542103,-0.9984783742392498,39.7,24542300.0,39.26,33217300.0,38.51,31199200.0,56.542056074766386,3.3112582781457123,5.323292651259415,0.021662468513853783,0.02204143222395511
PFE,2022-03-14,40.93,42.69,40.66,42.16,42.16,42314500,Healthcare,40.008,39.20100000000001,39.035999999999994,41.63,39.655658087585586,39.9935114287718,-0.3378533411862108,-0.866353367628642,40.56,33701900.0,38.71,33171300.0,37.88,35296100.0,66.57963446475196,8.912425729785568,11.298838437169989,0.03944773175542382,0.022961015311960733
PFE,2022-03-15,42.46,42.7,41.3,42.13,42.13,30172100,Healthcare,40.778000000000006,39.722,39.133500000000005,41.5268,40.03632607411088,40.15176984145537,-0.11544376734448747,-0.7161714475718112,42.16,42314500.0,38.28,32913300.0,36.92,29854500.0,69.6087352138308,10.057471264367823,14.111592632719393,-0.0007115749525615778,0.019722112242592467
PFE,2022-03-16,42.39,42.98,42.1,42.7,42.7,29891400,Healthcare,41.45,40.143,39.2595,41.4734,40.44612206270921,40.3405276309772,0.10559443173200833,-0.5518182717110472,42.13,30172100.0,39.34,24718900.0,38.49,36516200.0,75.97042513863224,8.540925266903908,10.937905949597294,0.013529551388559158,0.016904617987924454
PFE,2022-03-17,42.7,43.77,42.6,43.77,43.77,30598600,Healthcare,42.263999999999996,40.661,39.4435,41.4754,40.95748789921548,40.59456262127519,0.36292527794029183,-0.36886956178077945,42.7,29891400.0,39.7,24542300.0,38.59,30553300.0,75.14340344168266,10.251889168765738,13.423166623477577,0.025058548009367687,0.01721823011644254
PFE,2022-03-18,43.88,44.38,43.34,43.98,43.98,51815000,Healthcare,42.948,41.132999999999996,39.6695,41.464000000000006,41.42248976087464,40.84533576043999,0.5771540004346534,-0.1796648493376929,43.77,30598600.0,40.56,33701900.0,39.26,33217300.0,80.37848605577693,8.431952662721876,12.022414671421288,0.004797806716929198,0.017307120389935447
PFE,2022-03-21,43.77,44.62,43.49,43.73,43.73,34592500,Healthcare,43.262,41.635000000000005,39.898,41.46019999999999,41.7774913361247,41.059014592999986,0.718476743124711,-3.653084521210159e-05,43.98,51815000.0,42.16,42314500.0,38.71,33171300.0,86.49517684887466,3.7239089184060825,12.968225264789446,-0.005684402000909472,0.01609912474310253
PFE,2022-03-22,43.73,43.83,42.36,42.8,42.8,32253600,Healthcare,43.396,42.087,40.1205,41.4238,41.93480036133628,41.187976474999985,0.7468238863362942,0.14933555259108916,43.73,34592500.0,42.13,30172100.0,38.28,32913300.0,74.79861910241661,1.5903156895323844,11.807732497387669,-0.021266864852503953,0.017959209580705085
PFE,2022-03-23,42.78,43.17,42.09,42.11,42.11,29183700,Healthcare,43.278,42.364,40.334999999999994,41.3652,41.961754151899925,41.256274513888876,0.7054796380110488,0.2605643696750811,42.8,32253600.0,42.7,29891400.0,39.34,24718900.0,68.96551724137935,-1.3817330210772916,7.041179461108271,-0.01612149532710272,0.018856315326599375
PFE,2022-03-24,42.39,42.64,42.19,42.43,42.43,25177500,Healthcare,43.010000000000005,42.637,40.602500000000006,41.3058,42.03379197468455,41.3432171424897,0.6905748321948479,0.34656646217903453,42.11,29183700.0,43.77,30598600.0,39.7,24542300.0,67.74916013437854,-3.0614576193740084,6.8765743073047725,0.007599145096176763,0.018842901530292853
PFE,2022-03-25,42.56,42.97,42.37,42.59,42.59,17429600,Healthcare,42.73199999999999,42.84,40.8065,41.25020000000001,42.11936244011769,41.4355714282312,0.6837910118864912,0.41401137212052586,42.43,25177500.0,43.98,51815000.0,40.56,33701900.0,72.71662763466048,-3.160527512505673,5.004930966469434,0.0037709168041482055,0.01811346522823702
PFE,2022-03-28,42.39,43.22,42.36,42.99,42.99,21863700,Healthcare,42.583999999999996,42.923,41.062,41.2204,42.253306680099584,41.55071428539926,0.702592394700325,0.4717275766364857,42.59,17429600.0,43.73,34592500.0,42.16,42314500.0,77.67332549941251,-1.6922021495540673,1.9686907020872946,0.009391876027236457,0.013734410836964864
PFE,2022-03-29,43.57,43.64,42.46,42.56,42.56,39970000,Healthcare,42.536,42.966,41.344,41.1916,42.300490267776574,41.6254761901845,0.6750140775920741,0.5123848768276034,42.99,21863700.0,42.8,32253600.0,42.13,30172100.0,70.43147208121832,-0.5607476635513864,1.0206503679088597,-0.010002326122354077,0.014245674617189594
PFE,2022-03-30,42.93,43.35,41.93,42.31,42.31,27599600,Healthcare,42.576,42.92700000000001,41.535,41.1712,42.301953303503254,41.67618165757824,0.6257716459250133,0.5350622306470854,42.56,39970000.0,42.11,29183700.0,42.7,29891400.0,66.79536679536683,0.47494656851105876,-0.913348946135828,-0.005874060150375948,0.013675725882403943
PFE,2022-03-31,41.96,42.67,41.75,41.77,41.77,26055200,Healthcare,42.444,42.727,41.694,41.14900000000001,42.22011433373352,41.683131164424296,0.5369831693092237,0.535446418379513,42.31,27599600.0,42.43,25177500.0,43.77,30598600.0,58.120805369127545,-1.5555031817110487,-4.5693397304089505,-0.01276294020326163,0.010604650709553928
PFE,2022-04-01,42.06,42.09,41.23,41.61,41.61,19073100,Healthcare,42.248000000000005,42.49,41.8115,41.1156,42.126250590082215,41.677714041133605,0.44853654894860995,0.5180644444933324,41.77,26055200.0,42.59,17429600.0,43.98,51815000.0,45.42429284525792,-2.301009626672934,-5.388813096862199,-0.003830500359109479,0.010092314161282097
PFE,2022-04-04,41.78,41.85,40.64,41.1,41.1,20462800,Healthcare,41.870000000000005,42.227,41.931,41.092200000000005,41.96836588391572,41.63492040845704,0.33344547545868153,0.48114065068640227,41.61,19073100.0,42.99,21863700.0,43.73,34592500.0,42.064714946070865,-4.396371249127706,-6.0141779099016635,-0.012256669069935056,0.010318702941079977
PFE,2022-04-05,41.0,42.08,40.95,41.35,41.35,21176700,Healthcare,41.628,42.082,42.084500000000006,41.0938,41.87323267100561,41.61381519301578,0.25941747798982817,0.43679601614708746,41.1,20462800.0,42.56,39970000.0,42.8,32253600.0,39.059967585089126,-2.843045112781961,-3.3878504672897103,0.006082725060827299,0.009450432679459443
PFE,2022-04-06,41.28,42.84,41.28,42.66,42.66,31717500,Healthcare,41.698,42.137,42.2505,41.1056,41.994273798543205,41.6913103639035,0.30296343463970743,0.4100294998456115,41.35,21176700.0,42.31,27599600.0,42.11,29183700.0,41.34165366614658,0.8272276057669448,1.3061030634053505,0.03168077388149926,0.013516025379772645
PFE,2022-04-07,42.36,44.71,42.36,44.51,44.51,36305700,Healthcare,42.245999999999995,42.345000000000006,42.491,41.146800000000006,42.381308598767326,41.900102188799536,0.48120640996778974,0.4242648818700472,42.66,31717500.0,41.77,26055200.0,42.43,25177500.0,53.291925465838524,6.559731864974849,4.902191845392401,0.043366150961087646,0.018974794070758076
PFE,2022-04-08,44.26,44.85,43.94,44.52,44.52,24612200,Healthcare,42.828,42.538,42.689,41.176,42.71033804511082,42.094168693332904,0.6161693517779128,0.46264577585162037,44.51,36305700.0,41.61,19073100.0,42.59,17429600.0,55.057618437900175,6.993511175198286,4.5315801831415925,0.0002246686137947762,0.01903246639858143
PFE,2022-04-11,44.75,45.44,43.39,43.52,43.52,22054300,Healthcare,43.312,42.590999999999994,42.757000000000005,41.1696,42.834901422786075,42.1997858271601,0.635115595625976,0.4971397398064915,44.52,24612200.0,41.1,20462800.0,42.99,21863700.0,54.56852791878176,5.888077858880791,1.232844847638992,-0.02246181491464505,0.020731491016070035
PFE,2022-04-12,43.01,43.52,42.48,42.85,42.85,22810700,Healthcare,43.612,42.62,42.79299999999999,41.1762,42.83722428081899,42.247949839963056,0.589274440855931,0.5155666800163794,43.52,22054300.0,41.35,21176700.0,42.56,39970000.0,54.70737913486006,3.6275695284159637,0.6813909774435967,-0.015395220588235281,0.021127889921139634
PFE,2022-04-13,42.87,43.43,42.52,42.85,42.85,15777800,Healthcare,43.65,42.674,42.8005,41.1768,42.8391897760776,42.29254614811394,0.5466436279636611,0.5217820696058357,42.85,22810700.0,42.66,31717500.0,42.31,27599600.0,52.78514588859417,0.4453820909517292,1.276294020326163,0.0,0.02100060261780106
PFE,2022-04-14,43.09,43.5,42.8,42.86,42.86,17240100,Healthcare,43.32000000000001,42.783,42.755,41.16479999999999,42.84239134898874,42.33457976677217,0.5078115822165685,0.5189879721279823,42.85,15777800.0,44.51,36305700.0,41.77,26055200.0,51.826792963464115,-3.7070321276117646,2.609528369643277,0.00023337222870467578,0.020416298910363305
PFE,2022-04-18,42.63,42.85,41.66,41.83,41.83,17065000,Healthcare,42.782,42.805,42.6475,41.14,42.6866388337597,42.29720348775201,0.38943534600769425,0.49307744690392474,42.86,17240100.0,44.52,24612200.0,41.61,19073100.0,42.76807980049873,-6.0422282120395465,0.5287190579187584,-0.024031731217918795,0.022073504071669026
PFE,2022-04-19,41.68,41.86,39.84,40.49,40.49,33441500,Healthcare,42.176,42.74400000000001,42.4855,41.09439999999999,42.34869439779667,42.16333656273334,0.18535783506332848,0.4315335245358055,41.83,17065000.0,43.52,22054300.0,41.1,20462800.0,38.409854423292266,-6.962316176470596,-1.4841849148418462,-0.03203442505378906,0.024155645641394916
PFE,2022-04-20,40.34,40.47,39.71,40.14,40.14,24751800,Healthcare,41.634,42.623000000000005,42.352500000000006,41.038599999999995,42.008895259674105,42.01345978030865,-0.004564520634545488,0.34431391550173535,40.49,33441500.0,42.85,22810700.0,41.35,21176700.0,37.984496124031004,-6.324387397899656,-2.926239419588872,-0.008644109656705368,0.024108913731287807
PFE,2022-04-21,40.29,40.35,39.47,39.63,39.63,19105600,Healthcare,40.99,42.32000000000001,42.228500000000004,40.9968,41.64291137357039,41.83690720398949,-0.19399583041909807,0.23665196631756868,40.14,24751800.0,42.85,15777800.0,42.66,31717500.0,38.1111111111111,-7.514585764294046,-7.102672292545698,-0.012705530642750373,0.020954084059256826
PFE,2022-04-22,39.5,39.62,38.65,38.84,38.84,22156800,Healthcare,40.186,41.753,42.049,40.943,41.211694239174946,41.61491407776804,-0.4032198385930954,0.10867760533543586,39.63,19105600.0,42.86,17240100.0,44.51,36305700.0,35.617860851505725,-9.379374708352772,-12.738710402156805,-0.019934393136512685,0.011368456751843649
PFE,2022-04-25,38.61,39.69,38.02,39.5,39.5,27390600,Healthcare,39.720000000000006,41.251,41.89450000000001,40.916399999999996,40.94835666391727,41.45825377571115,-0.5098971117938831,-0.015037338090427926,38.84,22156800.0,41.83,17065000.0,44.52,24612200.0,41.820040899795494,-5.570164953382739,-11.275831087151843,0.016992790937178093,0.014436304223812584
PFE,2022-04-26,39.53,40.55,39.47,39.56,39.56,25366500,Healthcare,39.534000000000006,40.855000000000004,41.723,40.888200000000005,40.73476333100692,41.31764238491773,-0.5828790539108155,-0.12860568125450544,39.5,27390600.0,40.49,33441500.0,43.52,22054300.0,40.66736183524505,-2.296863423067419,-9.099264705882359,0.0015189873417722488,0.014459846034833699
PFE,2022-04-27,39.63,40.27,38.9,40.13,40.13,25819200,Healthcare,39.532000000000004,40.583000000000006,41.6015,40.8872,40.64172281854432,41.229668874923824,-0.5879460563795078,-0.22047375627950594,39.56,25366500.0,40.14,24751800.0,42.85,22810700.0,35.70621468926558,-0.02491280518185368,-6.347724620770123,0.014408493427704672,0.01606881530298121
PFE,2022-04-28,40.7,40.97,39.93,40.76,40.76,28225400,Healthcare,39.757999999999996,40.374,41.524,40.8988,40.65991930799904,41.194878587892426,-0.5349592798933855,-0.28337086100228187,40.13,25819200.0,39.63,19105600.0,42.85,15777800.0,25.42595019659238,2.851375220792307,-4.87747957993,0.015698978320458412,0.01747136575311823
PFE,2022-04-29,40.24,40.62,39.54,39.59,39.59,28343300,Healthcare,39.908,40.047000000000004,41.415000000000006,40.8888,40.49531633753765,41.07599869249299,-0.5806823549553357,-0.34283315979289264,40.76,28225400.0,38.84,22156800.0,42.86,17240100.0,21.956769055745127,1.9309989701338903,-7.629491367242169,-0.02870461236506361,0.01887594834338186
PFE,2022-05-02,38.47,39.34,38.3,39.01,39.01,36228400,Healthcare,39.81,39.765,41.285000000000004,40.8798,40.26680613176263,40.922961752308325,-0.6561556205456966,-0.40549765194345344,39.59,28343300.0,39.5,27390600.0,41.83,17065000.0,23.058542413381062,-1.2405063291139329,-6.741573033707871,-0.01465016418287457,0.0181973991502208
PFE,2022-05-03,39.43,40.38,38.49,39.77,39.77,33716900,Healthcare,39.852,39.693,41.2185,40.892,40.19037441918376,40.837557178063264,-0.6471827588795023,-0.45383467333066324,39.01,36228400.0,39.56,25366500.0,40.49,33441500.0,31.796690307328603,0.5308392315470201,-1.7782168436651036,0.0194821840553705,0.017541839308554016
PFE,2022-05-04,39.45,40.24,38.66,40.07,40.07,28613700,Healthcare,39.839999999999996,39.686,41.1545,40.9264,40.17185527777088,40.78070109079932,-0.608845813028438,-0.4848369012702182,39.77,33716900.0,40.13,25819200.0,40.14,24751800.0,34.13242009132418,-0.14951407924246318,-0.17438963627304238,0.007543374402816161,0.017571957584959327
PFE,2022-05-05,39.91,39.98,38.37,39.09,39.09,28333000,Healthcare,39.50600000000001,39.632,40.976000000000006,40.9518,40.005416004267666,40.65546397296233,-0.6500479686946647,-0.5178791147551076,40.07,28613700.0,40.76,28225400.0,39.63,19105600.0,30.62692702980472,-4.097154072620201,-1.362604087812258,-0.024457199900174587,0.018859288376694
PFE,2022-05-06,38.8,39.72,38.76,39.57,39.57,19891400,Healthcare,39.502,39.705,40.729,41.001599999999996,39.938428926688026,40.57505923422438,-0.6366303075363575,-0.5416293533113576,39.09,28333000.0,39.59,28343300.0,38.84,22156800.0,37.69063180827885,-0.05051780752716173,1.8795056642636476,0.012279355333844943,0.018039007518864506
PFE,2022-05-09,39.04,39.68,38.55,39.25,39.25,25012300,Healthcare,39.55,39.68,40.4655,41.016400000000004,39.832516784120635,40.47690669835591,-0.6443899142352763,-0.5621814654961415,39.57,19891400.0,39.01,36228400.0,39.5,27390600.0,42.40196078431371,0.6152268649064485,-0.6329113924050667,-0.008086934546373548,0.01745877067553522
PFE,2022-05-10,39.57,40.26,39.29,39.93,39.93,27335900,Healthcare,39.58200000000001,39.717,40.286,41.0574,39.84751420194823,40.43639509107029,-0.5888808891220592,-0.567521350221325,39.25,25012300.0,39.77,33716900.0,39.56,25366500.0,48.76325088339222,0.4023133014835256,0.9352881698685422,0.017324840764331162,0.018354053691176396
PFE,2022-05-11,39.59,40.54,39.56,39.9,39.9,29699500,Healthcare,39.548,39.694,40.13850000000001,41.117,39.855588940110046,40.39666212136138,-0.5410731812513347,-0.5622317164273269,39.93,27335900.0,40.07,28613700.0,40.13,25819200.0,51.68539325842695,-0.4242575492887535,-0.5731373037627829,-0.0007513148009016257,0.017747240007432077
PFE,2022-05-12,39.86,41.02,39.63,40.99,40.99,33468400,Healthcare,39.928,39.717,40.045500000000004,41.167,40.03011371855465,40.44061307533462,-0.4104993567799653,-0.5318852444978546,39.9,29699500.0,39.09,28333000.0,40.76,28225400.0,62.93622141997593,4.860578152980288,0.5642787046123754,0.02731829573934852,0.019238427455340622
PFE,2022-05-13,40.98,41.32,40.41,40.61,40.61,22423700,Healthcare,40.136,39.819,39.93300000000001,41.2074,40.11932699262317,40.453160254939455,-0.33383326231628274,-0.4922748480615402,40.99,33468400.0,39.57,19891400.0,39.59,28343300.0,56.91158156911582,2.6282537275713835,2.576408183884804,-0.009270553793608305,0.01675612220516126
PFE,2022-05-16,40.57,41.53,40.57,41.22,41.22,19435600,Healthcare,40.529999999999994,40.040000000000006,39.902499999999996,41.2466,40.288661301450375,40.50996319901802,-0.22130189756764196,-0.43808025796276057,40.61,22423700.0,39.25,25012300.0,39.01,36228400.0,59.673659673659664,5.01910828025478,5.665214047680078,0.015020930805220267,0.01595563118189099
PFE,2022-05-17,41.45,41.91,40.82,41.76,41.76,19918200,Healthcare,40.896,40.239,39.965999999999994,41.3076,40.51502110122724,40.602558517609275,-0.08753741638203394,-0.36797168964661525,41.22,19435600.0,39.93,27335900.0,39.77,33716900.0,59.53216374269004,4.583020285499617,5.003771687201386,0.013100436681222627,0.015460425051131817
PFE,2022-05-18,41.67,41.83,40.8,41.0,41.0,22276000,Healthcare,41.116,40.332,40.009,41.361999999999995,40.589633239499975,40.631998627415996,-0.04236538791602129,-0.3028504293004965,41.76,19918200.0,39.9,29699500.0,40.07,28613700.0,51.38248847926268,2.7568922305764465,2.3209383578737253,-0.018199233716475027,0.017051554168005776
PFE,2022-05-19,40.67,41.4,40.34,41.2,41.2,19865500,Healthcare,41.158,40.543,40.0875,41.3992,40.683535818038436,40.67407280316296,0.009463014875478848,-0.24038774046530142,41.0,22276000.0,40.99,33468400.0,39.09,28333000.0,60.44098573281451,0.5123200780678294,5.397799948836024,0.004878048780487809,0.014196794087281143
PFE,2022-05-20,41.71,42.87,41.59,42.68,42.68,31250400,Healthcare,41.572,40.854,40.2795,41.458800000000004,40.99068415372483,40.822660002928664,0.16802415079616395,-0.15870536221300835,41.2,19865500.0,40.61,22423700.0,39.57,19891400.0,71.3124274099884,5.0972666830829905,7.859489512256768,0.03592233009708723,0.017140447896594132
PFE,2022-05-23,42.77,43.68,42.69,43.02,43.02,24035800,Healthcare,41.932,41.231,40.4555,41.508,41.302886591613316,40.98542592863765,0.31746066297566244,-0.0634721571752742,42.68,31250400.0,41.22,19435600.0,39.25,25012300.0,69.84126984126985,4.366812227074246,9.605095541401276,0.007966260543580184,0.016222080398457902
PFE,2022-05-24,42.88,43.61,42.88,43.45,43.45,26729800,Healthcare,42.269999999999996,41.583000000000006,40.65,41.5338,41.633211731365115,41.1679869709608,0.46522476040431826,0.0422672263406443,43.02,24035800.0,41.76,19918200.0,39.93,27335900.0,70.31250000000001,4.046934865900398,8.81542699724518,0.00999535099953519,0.015984613512858056
PFE,2022-05-25,43.28,43.97,43.15,43.69,43.69,24003900,Healthcare,42.808,41.962,40.828,41.565,41.94964069577048,41.354802750889625,0.5948379448808581,0.15278137004868705,43.45,26729800.0,41.0,22276000.0,39.9,29699500.0,80.34300791556726,6.560975609756081,9.498746867167917,0.005523590333716744,0.015697398916127415
PFE,2022-05-26,43.98,44.68,43.83,43.92,43.92,23516300,Healthcare,43.352000000000004,42.254999999999995,40.986000000000004,41.589400000000005,42.25277289642118,41.54481736193483,0.7079555344863451,0.26381620293621866,43.69,24003900.0,41.2,19865500.0,40.99,33468400.0,79.6725784447476,6.601941747572804,7.148084898755802,0.005264362554360247,0.014365780186437239
PFE,2022-05-27,43.86,44.26,43.54,43.85,43.85,21407500,Healthcare,43.586,42.579,41.199,41.591,42.49850014312561,41.71557163142114,0.7829285117044691,0.3676386646898688,43.92,23516300.0,42.68,31250400.0,40.61,22423700.0,82.48587570621467,2.7413308341143416,7.978330460477712,-0.0015938069216757667,0.013582262563269458
PFE,2022-05-31,43.37,43.52,42.25,43.15,43.15,66058200,Healthcare,43.612,42.772,41.406,41.574400000000004,42.59873089033706,41.821825584649204,0.7769053056878548,0.44949199288946595,43.85,21407500.0,43.02,24035800.0,41.22,19435600.0,72.67605633802813,0.30218503021848253,4.682193110140709,-0.015963511972634015,0.015188100060105743
PFE,2022-06-01,43.32,43.34,42.17,42.6,42.6,17430600,Healthcare,43.442,42.856,41.5475,41.5518,42.59892613797751,41.87946813393445,0.7194580040430552,0.5034851951201839,43.15,66058200.0,43.45,26729800.0,41.76,19918200.0,67.71653543307087,-1.9562715765247485,2.011494252873569,-0.012746234067207318,0.015785208677684445
PFE,2022-06-02,42.6,42.9,41.52,42.85,42.85,21903400,Healthcare,43.274,43.041000000000004,41.6865,41.5528,42.637552885980966,41.951359383272646,0.6861935027083206,0.5400268566378112,42.6,17430600.0,43.69,24003900.0,41.0,22276000.0,63.716814159292035,-1.9226367589837423,4.5121951219512235,0.005868544600938996,0.014089182491601425
PFE,2022-06-03,42.67,43.55,42.67,43.28,43.28,18125000,Healthcare,43.146,43.249,41.896,41.5762,42.736390903522356,42.04977720673393,0.6866136967884273,0.5693442246679346,42.85,21903400.0,43.92,23516300.0,41.2,19865500.0,69.54612005856518,-1.4571948998178486,5.048543689320373,0.010035005834305721,0.014198047497675916
PFE,2022-06-06,43.27,43.7,43.11,43.33,43.33,16544400,Healthcare,43.042,43.314,42.084,41.5942,42.82771537990353,42.14460852475364,0.6831068551498873,0.5920967507643251,43.28,18125000.0,43.85,21407500.0,42.68,31250400.0,66.82615629984052,-1.1858608893956735,1.5229615745079528,0.001155268022181133,0.009152219868878443
PFE,2022-06-07,43.34,43.9,43.12,43.9,43.9,15091200,Healthcare,43.19199999999999,43.402,42.316500000000005,41.6204,42.99268224453375,42.27463752292004,0.7180447216137154,0.6172863449342032,43.33,16544400.0,43.15,66058200.0,43.02,24035800.0,66.98412698412699,1.7381228273464666,2.0455602045560184,0.013154858066005026,0.009687766177499498
PFE,2022-06-08,43.98,44.38,43.45,43.5,43.5,12789800,Healthcare,43.372,43.407,42.495,41.630599999999994,43.0707311299901,42.36540511381485,0.705326016175249,0.6348942791824124,43.9,15091200.0,42.6,17430600.0,43.45,26729800.0,71.04377104377105,2.1126760563380254,0.11507479861909697,-0.009111617312072884,0.009833954549463
PFE,2022-06-09,43.33,43.64,42.06,42.12,42.12,17572700,Healthcare,43.226,43.25,42.606,41.6218,42.92446480229931,42.347226957235975,0.5772378450633369,0.6233629923585973,43.5,12789800.0,42.85,21903400.0,43.69,24003900.0,56.46067415730334,-1.7036172695449325,-3.5934996566720057,-0.03172413793103457,0.013821681477168378
PFE,2022-06-10,41.74,41.79,40.63,40.65,40.65,23826000,Healthcare,42.7,42.923,42.589,41.58860000000001,42.57454714040711,42.22150644188516,0.3530406985219514,0.5692985335912681,42.12,17572700.0,43.28,18125000.0,43.92,23516300.0,35.724331926863556,-6.07670979667283,-7.445355191256842,-0.03490028490028485,0.0165391183822392
PFE,2022-06-13,39.71,40.09,38.81,38.97,38.97,26989000,Healthcare,41.827999999999996,42.435,42.507,41.5326,42.020001426498325,41.98065411285663,0.039347313641698634,0.46330828960135423,40.65,23826000.0,43.33,16544400.0,43.85,21407500.0,26.035502958579855,-10.06231248557581,-11.128848346636266,-0.04132841328413284,0.019456255697991254
PFE,2022-06-14,38.84,39.43,38.41,38.98,38.98,23290300,Healthcare,40.844,42.018,42.395,41.48,41.55230889934474,41.75838343783021,-0.20607453848547408,0.32943172398398857,38.97,26989000.0,43.9,15091200.0,43.15,66058200.0,22.166874221668678,-11.207289293849666,-9.663962920046353,0.0002566076469079359,0.019722285697197257
PFE,2022-06-15,38.95,39.84,38.38,39.46,39.46,25748000,Healthcare,40.035999999999994,41.70399999999999,42.28,41.4472,41.23041522252247,41.58813281280575,-0.3577175902832863,0.19200186113053358,38.98,23290300.0,43.5,12789800.0,42.6,17430600.0,24.425634824667497,-9.28735632183908,-7.37089201877934,0.012314007183170883,0.02088322717078393
PFE,2022-06-16,38.79,39.05,38.28,38.62,38.62,20424500,Healthcare,39.336,41.28099999999999,42.161,41.3926,40.82881288059593,41.36827112296829,-0.5394582423723548,0.045709840429955906,39.46,25748000.0,42.12,17572700.0,42.85,21903400.0,20.15765765765765,-8.309591642924975,-9.871645274212382,-0.021287379624936764,0.02072712017449703
PFE,2022-06-17,38.54,39.07,37.65,37.85,37.85,45047700,Healthcare,38.775999999999996,40.738,41.9935,41.296400000000006,40.37053397588887,41.10765844719286,-0.7371244713039928,-0.11085702191683386,38.62,20424500.0,40.65,23826000.0,43.28,18125000.0,18.684759916492695,-6.888068880688802,-12.546210720887242,-0.019937856033143353,0.019622648909969658
PFE,2022-06-21,38.49,39.4,38.19,39.14,39.14,19622100,Healthcare,38.81,40.319,41.816500000000005,41.18900000000001,40.18122105652135,40.96190596962302,-0.7806849131016662,-0.24482260015380036,37.85,45047700.0,38.97,26989000.0,43.33,16544400.0,30.28515240904622,0.43623299974340224,-9.669974613431798,0.03408190224570662,0.0244554722768411
PFE,2022-06-22,39.07,40.33,38.86,39.92,39.92,20382900,Healthcare,38.998000000000005,39.921,41.661500000000004,41.097,40.14103320167191,40.88472774965095,-0.7436945479790396,-0.3445969897188482,39.14,19622100.0,38.98,23290300.0,43.9,15091200.0,37.11538461538461,2.4114930733709627,-9.066059225512523,0.019928461931527863,0.02524447637783605
PFE,2022-06-23,40.05,40.81,39.84,40.75,40.75,20061700,Healthcare,39.256,39.646,41.5265,41.041599999999995,40.23472040141469,40.87474791634347,-0.6400275149287822,-0.4036830947608351,39.92,20382900.0,39.46,25748000.0,43.5,12789800.0,40.43715846994535,3.269133299543836,-6.3218390804597675,0.02079158316633256,0.0269647450851688
PFE,2022-06-24,41.2,42.01,40.92,41.97,41.97,24343200,Healthcare,39.926,39.63099999999999,41.4405,41.023999999999994,40.501686493504735,40.955877700318034,-0.4541912068132987,-0.4137847171713278,40.75,20061700.0,38.62,20424500.0,42.12,17572700.0,44.43500424808835,8.674262040393588,-0.35612535612534746,0.02993865030674847,0.027519224022181554
PFE,2022-06-27,41.88,42.49,41.7,42.2,42.2,16154300,Healthcare,40.79600000000001,39.786,41.3545,41.011,40.762965494504,41.04803490770188,-0.28506941319788126,-0.3880416563766385,41.97,24343200.0,37.85,45047700.0,40.65,23826000.0,45.271966527196675,11.492734478203449,3.813038130381319,0.005480104836788291,0.024643831595263996
PFE,2022-06-28,42.16,42.28,41.01,41.21,41.21,16417900,Healthcare,41.21,40.01,41.222500000000004,40.978,40.83174003381108,41.06003232194618,-0.22829228813510127,-0.3560917827283311,42.2,16154300.0,39.14,19622100.0,38.97,26989000.0,39.12691996766372,5.288707204905463,5.748011290736477,-0.02345971563981042,0.021428066882808103
PFE,2022-06-29,41.27,41.85,41.21,41.44,41.44,13925700,Healthcare,41.513999999999996,40.256,41.137,40.970200000000006,40.92531849014784,41.088178075876094,-0.1628595857282562,-0.3174453433283161,41.21,16417900.0,39.92,20382900.0,38.98,23290300.0,41.557377049180324,3.8076152304609145,6.310928681375061,0.00558116961902444,0.021340698662025558
PFE,2022-06-30,42.05,43.02,41.56,42.65,42.65,33495700,Healthcare,41.894,40.575,41.1395,41.013400000000004,41.19065410704817,41.203868588774164,-0.013214481725995597,-0.25659917100785196,41.44,13925700.0,40.75,20061700.0,39.46,25748000.0,52.202826267664186,4.66257668711656,8.08413583375569,0.029198841698841793,0.022501981270726217
PFE,2022-07-01,42.33,42.6,41.69,42.55,42.55,16143300,Healthcare,42.010000000000005,40.968,41.1245,41.0616,41.399784244425376,41.303582026642744,0.09620221778263272,-0.18603889324975503,42.65,33495700.0,41.97,24343200.0,38.62,20424500.0,58.91181988742963,1.3819394805813623,10.176074572760218,-0.0023446658851113966,0.020464698702381448
PFE,2022-07-05,42.1,42.21,41.0,42.01,42.01,18406800,Healthcare,41.972,41.384,41.061,41.1092,41.49366359143686,41.35590928392847,0.1377543075083878,-0.12128025309812647,42.55,16143300.0,42.2,16154300.0,37.85,45047700.0,65.96638655462183,-0.4502369668246575,10.99075297225891,-0.012690951821386576,0.019389751289932616
PFE,2022-07-06,42.01,43.08,41.96,42.91,42.91,21305500,Healthcare,42.312,41.761,41.04,41.1906,41.71156150044657,41.47102711474858,0.24053438569799113,-0.04891732533890296,42.01,18406800.0,41.21,16417900.0,39.14,19622100.0,68.87608069164264,4.1252123271050545,9.632089933571786,0.021423470602237593,0.01805751845323504
PFE,2022-07-07,43.07,43.55,42.94,43.46,43.46,17847600,Healthcare,42.715999999999994,42.114999999999995,41.018,41.269800000000004,41.980552038839406,41.61835843958202,0.36219359925738814,0.03330485958035527,42.91,21305500.0,41.44,13925700.0,39.92,20382900.0,69.08396946564885,4.874517374517384,8.867735470941884,0.012817525052435386,0.017733278543925313
PFE,2022-07-08,43.15,43.86,42.92,43.25,43.25,11322700,Healthcare,42.836,42.364999999999995,41.0055,41.343599999999995,42.1758517251718,41.739220777390756,0.4366309477810475,0.11397007722049372,43.46,17847600.0,42.65,33495700.0,40.75,20061700.0,73.502538071066,1.4067995310668158,6.134969325153383,-0.004832029452370046,0.01763872674586944
PFE,2022-07-11,43.11,43.72,42.91,43.02,43.02,12921400,Healthcare,42.92999999999999,42.47,41.0505,41.4014,42.30572069052999,41.83409331239885,0.47162737813113864,0.1855015374026227,43.25,11322700.0,42.55,16143300.0,41.97,24343200.0,77.76584317937701,1.1045828437132865,2.501786990707666,-0.0053179190751444505,0.015771633301266595
PFE,2022-07-12,42.86,42.94,42.06,42.33,42.33,14633500,Healthcare,42.994,42.483,41.134499999999996,41.4328,42.309455968909994,41.87082714111005,0.4386288277999455,0.23612699548208727,43.02,12921400.0,42.01,18406800.0,42.2,16154300.0,68.31228473019515,0.7617233991906724,0.30805687203789844,-0.016039051603905286,0.016769320865803496
PFE,2022-07-13,42.19,42.55,41.9,42.13,42.13,12927300,Healthcare,42.838,42.575,41.2925,41.483599999999996,42.281847358308454,41.890025130657456,0.39182222765099795,0.26726604191586945,42.33,14633500.0,42.91,21305500.0,41.21,16417900.0,63.59163591635916,-1.8177580983453567,2.232467847609798,-0.004724781478856466,0.014725288786236407
PFE,2022-07-14,41.28,41.97,41.19,41.8,41.8,14023800,Healthcare,42.50600000000001,42.611000000000004,41.433499999999995,41.53939999999999,42.207716995491765,41.88335660246061,0.3243603930311565,0.2786849121389269,42.13,12927300.0,43.46,17847600.0,41.44,13925700.0,56.880733944954095,-3.8196042337781955,0.8687258687258614,-0.00783289817232391,0.015002278006145472
PFE,2022-07-15,41.52,42.23,41.02,42.1,42.1,19885700,Healthcare,42.276,42.556,41.5655,41.58599999999999,42.191145150031495,41.899404261537605,0.2917408884938908,0.28129610740991967,41.8,14023800.0,43.25,11322700.0,42.65,33495700.0,50.96870342771984,-2.6589595375722475,-1.289566236811246,0.0071770334928231705,0.01163611168363925
PFE,2022-07-18,42.27,42.28,41.1,41.28,41.28,15742900,Healthcare,41.928000000000004,42.429,41.6985,41.61019999999999,42.05096897310357,41.85352246438667,0.19744650871690084,0.2645261876713159,42.1,19885700.0,43.02,12921400.0,42.55,16143300.0,43.698630136986296,-4.044630404463046,-2.984723854289062,-0.019477434679334937,0.012998909581555819
PFE,2022-07-19,41.52,41.9,41.17,41.79,41.79,13402100,Healthcare,41.82,42.407000000000004,41.8955,41.6642,42.01081990031841,41.84881709665433,0.16200280366408037,0.2440215108698688,41.28,15742900.0,42.33,14633500.0,42.01,18406800.0,54.25219941348972,-1.275690999291279,-0.5236848369435831,0.012354651162790553,0.01332227872310657
PFE,2022-07-20,41.8,41.86,41.09,41.34,41.34,12774400,Healthcare,41.662,42.25,42.0055,41.699600000000004,41.90761683873096,41.81112694134661,0.09648989738435176,0.21451518817276544,41.79,13402100.0,42.13,12927300.0,42.91,21305500.0,49.28977272727277,-1.875148350344169,-3.6588207876951606,-0.01076812634601565,0.011165650697692195
PFE,2022-07-21,41.14,41.6,40.82,41.58,41.58,15103800,Healthcare,41.617999999999995,42.062,42.0885,41.7462,41.857214248156964,41.79400642717278,0.0632078209841822,0.18425371473504878,41.34,12774400.0,41.8,14023800.0,43.46,17847600.0,41.18616144975288,-0.5263157894736858,-4.325816843074093,0.005805515239477366,0.010193438910290141
PFE,2022-07-22,41.7,41.92,41.45,41.67,41.67,10932100,Healthcare,41.532,41.904,42.134499999999996,41.781000000000006,41.82841205613282,41.784820765900726,0.04359129023209363,0.15612122983445778,41.58,15103800.0,42.1,19885700.0,43.25,11322700.0,42.73927392739278,-1.0213776722090229,-3.6531791907514433,0.0021645021645022577,0.010395960549291693
PFE,2022-07-25,41.76,42.2,41.76,42.11,42.11,12995800,Healthcare,41.698,41.813,42.1415,41.825199999999995,41.871733278266234,41.80890811657475,0.06282516169148522,0.13746201620586326,41.67,10932100.0,41.28,15742900.0,43.02,12921400.0,50.838926174496656,2.010658914728669,-2.115295211529533,0.010559155267578557,0.011289608224998748
PFE,2022-07-26,42.17,42.99,42.06,42.54,42.54,16632500,Healthcare,41.848,41.833999999999996,42.1585,41.85620000000001,41.97454354314835,41.86306307090255,0.11148047224580182,0.13226570741385096,42.11,12995800.0,41.79,13402100.0,42.33,14633500.0,46.630236794171246,1.794687724335975,0.49610205527994555,0.01021135122298733,0.010720248987694593
PFE,2022-07-27,42.25,42.5,41.64,42.26,42.26,19203500,Healthcare,42.032,41.847,42.211,41.8892,42.018459921125526,41.89246580639125,0.1259941147342758,0.13101138887793595,42.54,16632500.0,41.34,12774400.0,42.13,12927300.0,38.50574712643675,2.2254475084663605,0.30856871587940926,-0.006582040432534075,0.01083717807818224
PFE,2022-07-28,41.69,42.9,40.25,41.58,41.58,38984900,Healthcare,42.032,41.825,42.218,41.89639999999999,41.951004548644676,41.86932019110301,0.08168435754166836,0.12114598261068243,42.26,19203500.0,41.58,15103800.0,41.8,14023800.0,35.3251318101933,0.0,-0.5263157894736858,-0.016090866067203002,0.011802576023831066
PFE,2022-07-29,41.45,41.57,40.4,41.41,41.41,25037900,Healthcare,41.98,41.756,42.156,41.8894,41.867773079622424,41.835296473243524,0.03247660637889993,0.10341210736432593,41.58,38984900.0,41.67,10932100.0,42.1,19885700.0,35.701598579040805,-0.6239500839932965,-1.6389548693586775,-0.004088504088504141,0.011526556334496339
PFE,2022-08-01,41.25,42.06,41.11,41.49,41.49,19709900,Healthcare,41.855999999999995,41.777,42.102999999999994,41.8992,41.80965414429589,41.809718956706966,-6.481241107536562e-05,0.08271672340924567,41.41,25037900.0,42.11,12995800.0,41.28,15742900.0,41.63346613545821,-1.472334362384231,0.5087209302325535,0.0019319005071241069,0.00967477545038435
PFE,2022-08-02,41.73,42.19,40.69,40.74,40.74,17802000,Healthcare,41.495999999999995,41.672000000000004,42.0395,41.89,41.64509196825037,41.73048051546942,-0.08538854721904698,0.049095669283587134,41.49,19709900.0,42.54,16632500.0,41.79,13402100.0,37.52244165170558,-4.231311706629048,-2.5125628140703404,-0.018076644974692746,0.010313918724395642
PFE,2022-08-03,40.82,41.05,40.45,40.87,40.87,16500100,Healthcare,41.218,41.625,41.9375,41.8538,41.525847050058005,41.66674121802724,-0.14089416796923615,0.011097701833022475,40.74,17802000.0,42.26,19203500.0,41.34,12774400.0,41.34078212290503,-3.289162328442974,-1.1369134010643545,0.0031909671084928704,0.010009700308538181
PFE,2022-08-04,40.91,41.03,40.34,40.87,40.87,17026300,Healthcare,41.076,41.554,41.808,41.8108,41.42494750389524,41.607723350025225,-0.1827758461299851,-0.027677007759579035,40.87,16500100.0,41.58,38984900.0,41.58,15103800.0,37.86982248520705,-1.7075517075517133,-1.7075517075517133,0.0,0.009729278713724861
PFE,2022-08-05,40.69,40.96,40.22,40.39,40.39,16376600,Healthcare,40.872,41.426,41.665,41.7496,41.26572481098828,41.51752162039372,-0.251796809405441,-0.07250096808875144,40.87,17026300.0,41.41,25037900.0,41.67,10932100.0,40.59196617336149,-2.463173146582942,-3.0717542596592318,-0.011744555908979604,0.01010584987454766
PFE,2022-08-08,40.49,40.83,40.12,40.64,40.64,16071800,Healthcare,40.702,41.278999999999996,41.546,41.68860000000001,41.16945945545162,41.45252001888307,-0.28306056343144803,-0.11461288715729076,40.39,16376600.0,41.49,19709900.0,42.11,12995800.0,37.13646532438477,-2.048686430465174,-3.4908572785561587,0.006189650903688948,0.009529143749392958
PFE,2022-08-09,40.78,41.08,40.6,40.81,40.81,12095600,Healthcare,40.715999999999994,41.106,41.470000000000006,41.626400000000004,41.114158000766764,41.404925943410255,-0.29076794264349104,-0.14984389825453082,40.64,16071800.0,40.74,17802000.0,42.54,16632500.0,43.67541766109784,0.1718213058419238,-4.066760695815697,0.004183070866141669,0.008721396500143003
PFE,2022-08-10,40.93,41.03,40.48,40.95,40.95,17355100,Healthcare,40.732,40.975,41.410999999999994,41.568400000000004,41.088902923725726,41.37122772537987,-0.2823248016541413,-0.17634007893445292,40.81,12095600.0,40.87,16500100.0,42.26,19203500.0,42.29828850855752,0.19574259848300635,-3.0998580217699856,0.0034305317324185847,0.00897689811885603
PFE,2022-08-11,39.53,40.28,39.19,39.59,39.59,44048800,Healthcare,40.476000000000006,40.775999999999996,41.3005,41.4972,40.85830247392177,41.23928493090728,-0.3809824569855138,-0.21726855454466512,40.95,17355100.0,40.87,17026300.0,41.58,38984900.0,30.597014925373145,-3.1318815757279017,-4.785954785954772,-0.033211233211233204,0.012621060193799025
PFE,2022-08-12,39.8,41.31,39.8,41.08,41.08,25835500,Healthcare,40.614,40.743,41.2495,41.466800000000006,40.892409785626114,41.22748604713637,-0.3350762615102525,-0.2408300959377826,39.59,44048800.0,40.39,16376600.0,41.41,25037900.0,41.965678627145074,1.7083436494181647,-0.7969089591886025,0.03763576660772916,0.018443435292132222
PFE,2022-08-15,40.96,41.05,40.49,40.78,40.78,15797800,Healthcare,40.64200000000001,40.672000000000004,41.2245,41.425399999999996,40.87511597245286,41.194338932533675,-0.31922296008081474,-0.25650866876638906,41.08,25835500.0,40.64,16071800.0,41.49,19709900.0,35.98726114649682,0.34448818897638844,-1.7112557242709103,-0.007302823758519872,0.018530944054965092
PFE,2022-08-16,40.48,41.14,40.46,40.87,40.87,12874800,Healthcare,40.654,40.685,41.1785,41.3772,40.87432889976781,41.17031382642007,-0.2959849266522596,-0.2644039203435632,40.78,15797800.0,40.81,12095600.0,40.74,17802000.0,38.587848932676486,0.14702278853220285,0.31909671084928704,0.002206964198136152,0.01761072280597491
PFE,2022-08-17,40.7,40.87,40.37,40.39,40.39,13607200,Healthcare,40.542,40.637,41.131,41.318400000000004,40.799816761341994,41.1125128022408,-0.31269604089880687,-0.2740623444546119,40.87,12874800.0,40.95,17355100.0,40.87,16500100.0,39.8981324278438,-1.3675213675213738,-1.1744555908979604,-0.011744555908979604,0.017982582108170744
PFE,2022-08-18,40.49,40.6,39.66,39.83,39.83,18916300,Healthcare,40.589999999999996,40.533,41.0435,41.236999999999995,40.65061418267399,41.01751185392667,-0.3668976712526799,-0.2926294098142255,40.39,13607200.0,39.59,44048800.0,40.87,17026300.0,37.42038216560508,0.6062136903258297,-2.544653780278927,-0.013864818024263537,0.018422960007207796
PFE,2022-08-19,40.04,40.54,39.95,40.29,40.29,15350200,Healthcare,40.432,40.523,40.9745,41.172799999999995,40.59513507764722,40.96362208696914,-0.36848700932191747,-0.30780092971576395,39.83,18916300.0,41.08,25835500.0,40.39,16376600.0,40.990990990990944,-1.9230769230769162,-0.24758603614756236,0.011549083605322696,0.01858517985508841
PFE,2022-08-22,40.34,40.5,39.96,40.09,40.09,13601200,Healthcare,40.294,40.468,40.8735,41.132200000000005,40.517421988778416,40.898909339786236,-0.38148735100782005,-0.3225382139741752,40.29,15350200.0,40.78,15797800.0,40.64,16071800.0,44.68085106382978,-1.6920058852378572,-1.3533464566929054,-0.00496401092082388,0.018500746146363427
PFE,2022-08-23,39.69,39.78,39.15,39.36,39.36,16248900,Healthcare,39.992000000000004,40.323,40.7145,41.1064,40.33935706742789,40.78491605535763,-0.44555898792973636,-0.3471423687652875,40.09,13601200.0,40.87,12874800.0,40.81,12095600.0,38.74813710879283,-3.6946415463665283,-3.55305072286205,-0.01820902968321292,0.019120437443525814
PFE,2022-08-24,39.27,39.36,38.84,38.88,38.88,15551500,Healthcare,39.69,40.116,40.545500000000004,41.1046,40.11484059551591,40.64381116236817,-0.5289705668522657,-0.3835080083826831,39.36,16248900.0,40.39,13607200.0,40.95,17355100.0,36.161335187760784,-3.738549145828174,-5.054945054945059,-0.012195121951219412,0.019134379616064245
PFE,2022-08-25,38.96,39.31,38.75,39.27,39.27,14460000,Healthcare,39.578,40.084,40.43,41.1104,39.984865119282695,40.542047372563125,-0.5571822532804305,-0.4182428573622326,38.88,15551500.0,39.83,18916300.0,39.59,44048800.0,42.11267605633803,-1.4059753954305698,-0.8082849204344544,0.010030864197530853,0.01679632427075282
PFE,2022-08-26,39.04,39.32,38.28,38.38,38.38,16546700,Healthcare,39.196000000000005,39.81400000000001,40.2785,41.0888,39.7379627932392,40.38189571533623,-0.6439329220970293,-0.463380870309192,39.27,14460000.0,40.29,15350200.0,41.08,25835500.0,35.40051679586561,-4.740630429386938,-6.572541382667952,-0.022663610898905007,0.01149846672071072
PFE,2022-08-29,38.02,38.28,37.81,37.9,37.9,13400500,Healthcare,38.757999999999996,39.525999999999996,40.099000000000004,41.074400000000004,39.45519928658701,40.19805158827429,-0.7428523016872788,-0.5192751565848094,38.38,16546700.0,40.09,13601200.0,40.78,15797800.0,31.92546583850927,-5.462708904963842,-7.062285434036298,-0.01250651380927581,0.011644805909563731
PFE,2022-08-30,37.99,38.0,37.55,37.59,37.59,16303000,Healthcare,38.404,39.198,39.941500000000005,41.0692,39.16824555018901,40.00486258173545,-0.8366170315464387,-0.5827435315771353,37.9,13400500.0,39.36,16248900.0,40.87,12874800.0,29.562043795620397,-4.49695121951218,-8.025446537802772,-0.008179419525065845,0.011162162059706406
PFE,2022-08-31,37.72,37.95,37.0,37.08,37.08,26416800,Healthcare,38.044000000000004,38.867000000000004,39.751999999999995,41.028,38.84697700400609,39.788206094199495,-0.9412290901934028,-0.6544406433003889,37.59,16303000.0,38.88,15551500.0,40.39,13607200.0,32.97150610583441,-4.629629629629639,-8.195097796484285,-0.013567438148443856,0.011239739000915266
PFE,2022-09-01,37.01,38.24,37.01,38.23,38.23,19947600,Healthcare,37.836,38.707,39.62,40.9942,38.75205746492823,39.672783420555085,-0.9207259556268568,-0.7076977057656826,37.08,26416800.0,39.27,14460000.0,39.83,18916300.0,29.729729729729698,-2.648332060096781,-4.0170725583730915,0.03101402373247031,0.01654721160229203
PFE,2022-09-02,38.32,38.37,37.32,37.46,37.46,14667700,Healthcare,37.652,38.424,39.4735,40.928399999999996,38.55327939340081,39.508873537551004,-0.9555941441501972,-0.7572769934425856,38.23,19947600.0,38.38,16546700.0,40.29,15350200.0,27.866666666666646,-2.3970818134445016,-7.024075452965994,-0.02014125032696823,0.01627741279122605
PFE,2022-09-06,37.68,38.07,37.32,37.51,37.51,17153500,Healthcare,37.574,38.166000000000004,39.317,40.8392,38.39277487133914,39.36080883106575,-0.9680339597266041,-0.7994283866993893,37.46,14667700.0,37.9,13400500.0,40.09,13601200.0,27.479892761394083,-1.0290237467018515,-6.435520079820412,0.0013347570742123782,0.016491355781303386
PFE,2022-09-07,37.46,37.88,37.2,37.82,37.82,15378900,Healthcare,37.62,38.012,39.1675,40.7516,38.30465566036389,39.24667484357939,-0.9420191832154998,-0.8279465460026115,37.51,17153500.0,37.59,16303000.0,39.36,16248900.0,32.37311385459533,0.6118648576749042,-3.9126016260162544,0.008264462809917328,0.016529182358173477
PFE,2022-09-08,37.73,38.63,37.6,38.6,38.6,18271000,Healthcare,37.92399999999999,37.984,39.05,40.6994,38.35009325107714,39.19877300331425,-0.8486797522371106,-0.8320931872495114,37.82,15378900.0,37.08,26416800.0,38.88,15551500.0,41.81091877496673,4.099244875943908,-0.7201646090534974,0.02062400846113177,0.01789248259228147
PFE,2022-09-09,38.69,39.34,38.61,39.22,39.22,17501700,Healthcare,38.122,37.979,39.0315,40.655,38.48392505860374,39.20034537343912,-0.716420314835382,-0.8089586127666856,38.6,18271000.0,38.23,19947600.0,39.27,14460000.0,43.024771838331155,2.5895893277530835,-0.1273236567354341,0.016062176165803077,0.018384747282493803
PFE,2022-09-12,39.42,39.64,39.1,39.15,39.15,13744800,Healthcare,38.459999999999994,38.056,38.934999999999995,40.585,38.58639812651085,39.1966160865177,-0.6102179600068496,-0.7692104822147184,39.22,17501700.0,37.46,14667700.0,38.38,16546700.0,43.76657824933684,4.511478910838229,2.006253256904622,-0.001784803671596169,0.016623066386469612
PFE,2022-09-13,38.64,38.79,37.73,37.87,37.87,16603200,Healthcare,38.532,38.053,38.7895,40.4914,38.47618303012456,39.09834822825713,-0.6221651981325707,-0.739801425398289,39.15,13744800.0,37.51,17153500.0,37.9,13400500.0,40.791100123609375,0.9597440682484581,-0.07915567282321678,-0.03269476372924651,0.01956184025591662
PFE,2022-09-14,37.87,38.05,37.53,37.83,37.83,17162500,Healthcare,38.534,38.077,38.6375,40.407799999999995,38.37677025625924,39.00439650764549,-0.6276262513862463,-0.7173663905958805,37.87,16603200.0,37.82,15378900.0,37.59,16303000.0,43.13725490196075,0.026441036488633607,0.6384676775738063,-0.0010562450488512676,0.019355739110270158
PFE,2022-09-15,37.8,37.95,37.46,37.66,37.66,15802000,Healthcare,38.346,38.135,38.501,40.302800000000005,38.26649790914244,38.90481158115323,-0.6383136720107956,-0.7015558468788635,37.83,17162500.0,38.6,18271000.0,37.08,26416800.0,39.16554508748314,-2.4352331606217748,1.5641855447680708,-0.004493787998942733,0.01881214102651736
PFE,2022-09-16,37.78,38.22,37.42,37.73,37.73,30629500,Healthcare,38.048,38.085,38.396,40.1882,38.18395976927437,38.81778850106781,-0.633828731793443,-0.6880104238617795,37.66,15802000.0,39.22,17501700.0,38.23,19947600.0,45.083207261724624,-3.799082100968898,-1.307873397855086,0.0018587360594795044,0.015781598716531328
PFE,2022-09-19,37.45,37.61,36.71,37.25,37.25,16256200,Healthcare,37.66799999999999,38.064,38.244,40.068200000000004,38.04027365092447,38.70165601950723,-0.661382368582764,-0.6826848128059764,37.73,30629500.0,39.15,13744800.0,37.46,14667700.0,45.08320726172466,-4.853128991060018,-0.5605979711692521,-0.01272197190564528,0.014944525790597527
PFE,2022-09-20,36.89,37.11,36.43,36.7,36.7,15369000,Healthcare,37.434,37.983,38.0745,39.9418,37.83407770462839,38.553385203247444,-0.7193074986190524,-0.6900093499685915,37.25,16256200.0,37.87,16603200.0,37.51,17153500.0,43.50364963503649,-3.0895167678901325,-2.159424153559042,-0.014765100671140896,0.015583181604018177
PFE,2022-09-21,36.73,36.87,35.99,36.01,36.01,17505200,Healthcare,37.07,37.802,37.907000000000004,39.8154,37.55345036545479,38.36498629930319,-0.811535933848397,-0.7143146667445526,36.7,15369000.0,37.83,17162500.0,37.82,15378900.0,42.389758179231855,-4.810996563573888,-4.7858276044421055,-0.018801089918256242,0.015935126520233194
PFE,2022-09-22,35.8,36.89,35.68,36.54,36.54,18508100,Healthcare,36.846000000000004,37.596,37.79,39.7036,37.39753492461559,38.22980212898443,-0.8322672043688399,-0.73790517426941,36.01,17505200.0,37.66,15802000.0,38.6,18271000.0,36.81747269890797,-2.9739776951672847,-5.336787564766842,0.014718133851707949,0.01496927236152946
PFE,2022-09-23,36.43,36.53,35.73,36.14,36.14,18871700,Healthcare,36.528,37.288,37.6335,39.5904,37.20406801313627,38.075001971281885,-0.8709339581456135,-0.7645109310446507,36.54,18508100.0,37.73,30629500.0,39.22,17501700.0,39.0728476821192,-4.214153193745018,-7.853136155022944,-0.010946907498631586,0.012977080928808163
PFE,2022-09-26,35.91,36.34,35.8,35.93,35.93,18680200,Healthcare,36.263999999999996,36.966,37.510999999999996,39.467,37.00805754957685,37.916112936372116,-0.9080553867952688,-0.7932198221947744,36.14,18871700.0,37.25,16256200.0,39.15,13744800.0,37.25806451612906,-3.5436241610738217,-8.224776500638564,-0.005810736026563346,0.012821991765128604
PFE,2022-09-27,36.25,36.55,35.86,36.14,36.14,21562700,Healthcare,36.152,36.793,37.423,39.364200000000004,36.87451023425733,37.78454901515937,-0.9100387809020418,-0.8165836139362279,35.93,18680200.0,36.7,15369000.0,37.87,16603200.0,36.22950819672132,-1.5258855585831177,-4.568259836282007,0.005844698023935502,0.010270126568456422
PFE,2022-09-28,36.62,36.73,36.25,36.42,36.42,16532600,Healthcare,36.234,36.652,37.3645,39.2568,36.80458558283313,37.683471310332756,-0.8788857274996289,-0.8290440366489082,36.14,21562700.0,36.01,17505200.0,37.83,17162500.0,30.535714285714292,1.1385726187170375,-3.727200634417116,0.007747648035417942,0.010963280682868589
PFE,2022-09-29,36.41,36.58,36.03,36.2,36.2,13559900,Healthcare,36.166,36.506,37.3205,39.154,36.71157241624341,37.57358454660441,-0.8620121303609949,-0.8356376553913256,36.42,16532600.0,36.54,18508100.0,37.66,15802000.0,20.961538461538524,-0.9304871373836843,-3.876792352628766,-0.006040637012630357,0.01098603322531186
PFE,2022-09-30,36.21,36.57,35.85,35.87,35.87,22962300,Healthcare,36.112,36.32,37.2025,39.0398,36.58209973682135,37.447393098707785,-0.8652933618864367,-0.8415687966903479,36.2,13559900.0,36.14,18871700.0,37.73,30629500.0,19.96336996337,-0.7470946319867222,-4.929764113437585,-0.009116022099447618,0.01089555123646548
PFE,2022-10-03,36.13,36.3,35.65,36.19,36.19,22834300,Healthcare,36.164,36.214,37.138999999999996,38.930200000000006,36.52177670038729,37.35425286917387,-0.8324761687865774,-0.8397502711095938,35.87,22962300.0,35.93,18680200.0,37.25,16256200.0,31.33333333333337,0.7236292791539034,-2.845637583892624,0.008921103986618384,0.011329782723198885
PFE,2022-10-04,36.28,36.76,36.14,36.45,36.45,28198800,Healthcare,36.226,36.189,37.086,38.817,36.51073413109694,37.287271175160996,-0.7765370440640567,-0.8271076257004865,36.19,22834300.0,36.14,21562700.0,36.7,15369000.0,35.381355932203476,0.857775318206988,-0.6811989100817484,0.007184305056645579,0.010876649522806368
PFE,2022-10-05,36.17,36.37,35.81,36.17,36.17,15673400,Healthcare,36.176,36.205,37.0035,38.6896,36.458313495543564,37.2045103473713,-0.7461968518277331,-0.8109254709259359,36.45,28198800.0,36.42,16532600.0,36.01,17505200.0,34.57556935817814,-0.6864360241625511,0.4443210219383653,-0.007681755829904047,0.009260952867120571
PFE,2022-10-06,35.87,35.89,35.28,35.32,35.32,22068200,Healthcare,36.0,36.083,36.8395,38.5508,36.28318834238301,37.064916988306756,-0.7817286459237422,-0.8050861059254972,36.17,15673400.0,36.2,13559900.0,36.54,18508100.0,28.520499108734484,-2.4309392265193464,-3.3388067870826488,-0.023500138236107304,0.01053195007562853
PFE,2022-10-07,35.29,35.29,34.37,34.69,34.69,20095000,Healthcare,35.763999999999996,35.938,36.613,38.413000000000004,36.038082443554856,36.88899721139514,-0.8509147678402869,-0.8142518383084552,35.32,22068200.0,35.87,22962300.0,36.14,18871700.0,27.77777777777783,-3.2896570950655124,-4.012174875484231,-0.01783691959229905,0.011283460404728064
PFE,2022-10-10,34.72,34.94,34.23,34.23,34.23,17888000,Healthcare,35.372,35.768,36.367000000000004,38.2694,35.759915913777185,36.6920344549955,-0.9321185412183155,-0.8378251788904272,34.69,20095000.0,36.19,22834300.0,35.93,18680200.0,28.218694885361586,-5.4158607350096695,-4.731422209852498,-0.013260305563563057,0.011654009432707732
PFE,2022-10-11,34.15,34.9,33.98,34.37,34.37,20981200,Healthcare,34.956,35.591,36.192,38.126999999999995,35.546082696273004,36.52003190277362,-0.9739492065006132,-0.8650499844124645,34.23,17888000.0,36.45,28198800.0,36.14,21562700.0,33.98437500000004,-5.706447187928687,-4.897620365246269,0.004089979550102374,0.011488398005050944
PFE,2022-10-12,34.5,35.37,34.37,34.46,34.46,18803600,Healthcare,34.614,35.394999999999996,36.0235,38.0014,35.37899305069254,36.36743694701261,-0.9884438963200637,-0.8897287667939844,34.37,20981200.0,36.17,15673400.0,36.42,16532600.0,27.777777777777885,-4.727674868675702,-5.381658429434378,0.0026185627000292477,0.010960936538757356
PFE,2022-10-13,34.23,35.38,34.19,35.23,35.23,23135200,Healthcare,34.596,35.298,35.902,37.888600000000004,35.35607104289369,36.28318235834501,-0.9271113154513202,-0.8972052765254517,34.46,18803600.0,35.32,22068200.0,36.2,13559900.0,40.99009900990099,-0.2548131370328499,-2.679558011049743,0.02234474753337201,0.014038031369262611
PFE,2022-10-14,35.16,35.56,34.73,35.14,35.14,16980500,Healthcare,34.686,35.225,35.772499999999994,37.774,35.32282934398697,36.198502183652785,-0.8756728396658175,-0.8928987891535249,35.23,23135200.0,34.69,20095000.0,35.87,22962300.0,41.98782961460449,1.297203805131164,-2.0351268469472994,-0.002554640931024643,0.013852980190986427
PFE,2022-10-17,35.41,35.91,35.41,35.78,35.78,16678400,Healthcare,34.995999999999995,35.184,35.699,37.681799999999996,35.393163291065896,36.167502021900724,-0.7743387308348275,-0.8691867774897856,35.14,16980500.0,34.23,17888000.0,36.19,22834300.0,46.641791044776134,4.5281916447560855,-1.1329096435479302,0.01821286283437673,0.014933918606884602
PFE,2022-10-18,36.11,36.37,35.76,36.14,36.14,18442800,Healthcare,35.35,35.153000000000006,35.671,37.5918,35.50806124628653,36.16546483509327,-0.6574035888067371,-0.8268301397531759,35.78,16678400.0,34.37,20981200.0,36.45,28198800.0,47.42647058823529,5.149839976723891,-0.850480109739371,0.010061486864169966,0.01513628354381034
PFE,2022-10-19,36.0,36.13,35.04,35.34,35.34,23054700,Healthcare,35.525999999999996,35.07,35.6375,37.482400000000005,35.48220566993476,36.10431929175302,-0.622113621818265,-0.7858868361661937,36.14,18442800.0,34.46,18803600.0,36.17,15673400.0,42.85714285714287,2.5536854323853886,-2.294719380702237,-0.022136137244050835,0.016500406509116442
PFE,2022-10-20,35.47,35.59,35.1,35.18,35.18,17715000,Healthcare,35.516000000000005,35.056,35.5695,37.367,35.43571248994479,36.03585119606761,-0.60013870612282,-0.748737210157519,35.34,23054700.0,35.23,23135200.0,35.32,22068200.0,44.10256410256414,-0.14192449616803327,-0.3963759909399789,-0.004527447651386685,0.014779662014031737
PFE,2022-10-21,35.51,37.02,35.24,36.85,36.85,36575700,Healthcare,35.858,35.272000000000006,35.605000000000004,37.3122,35.653295183799436,36.096158514877416,-0.44286333107798015,-0.6875624343416112,35.18,17715000.0,35.14,16980500.0,34.69,20095000.0,54.58333333333336,4.866249288560054,6.226578264629579,0.04747015349630468,0.01975890550535618
PFE,2022-10-24,36.96,37.6,36.88,37.33,37.33,24972000,Healthcare,36.168,35.582,35.675,37.2372,35.91124977090721,36.18755418044205,-0.2763044095348377,-0.6053108293802566,36.85,36575700.0,35.78,16678400.0,34.23,17888000.0,55.92991913746627,4.332029066517595,9.056383289512127,0.013025780189959146,0.0185916428225721
PFE,2022-10-25,37.11,37.56,36.8,37.37,37.37,23127000,Healthcare,36.414,35.882,35.73649999999999,37.169000000000004,36.13567288307533,36.27514275966857,-0.13946987659323895,-0.5121426388228532,37.33,24972000.0,36.14,18442800.0,34.37,20981200.0,58.35654596100275,3.4034311012728136,8.728542333430322,0.0010715242432359773,0.018701877582503884
PFE,2022-10-26,37.64,38.24,37.4,37.76,37.76,21407900,Healthcare,36.898,36.212,35.8035,37.1068,36.3855693626022,36.3851321848783,0.000437177723895843,-0.40962667551350335,37.37,23127000.0,35.34,23054700.0,34.46,18803600.0,68.1547619047619,6.847764572722115,9.576320371445135,0.010436178753010505,0.018589036129619752
PFE,2022-10-27,37.55,37.8,37.45,37.5,37.5,20377700,Healthcare,37.362,36.439,35.8685,37.049,36.557020229894164,36.46771498599843,0.08930524389573691,-0.3098402916316553,37.76,21407900.0,35.18,17715000.0,35.23,23135200.0,72.12598425196855,6.594656054576475,6.443372126028968,-0.0068855932203388814,0.018615112938839107
PFE,2022-10-28,37.69,38.96,37.65,38.88,38.88,27854000,Healthcare,37.768,36.813,36.019000000000005,37.03,36.91440173298737,36.64640276481336,0.2679989681740125,-0.19427243967052174,37.5,20377700.0,36.85,36575700.0,35.14,16980500.0,81.98074277854201,5.508819538670284,10.643141718838933,0.036800000000000166,0.020565414976678
PFE,2022-10-31,38.6,38.85,38.15,38.16,38.16,29961700,Healthcare,37.934,37.051,36.1175,36.9874,37.1060322356047,36.75852107853089,0.34751115707381075,-0.08591572032165525,38.88,27854000.0,37.33,24972000.0,35.78,16678400.0,74.14012738853502,2.2234128047146973,6.65176076020122,-0.018518518518518712,0.022219324881820587
PFE,2022-11-01,39.35,39.69,38.86,39.36,39.36,30614500,Healthcare,38.33200000000001,37.373,36.263,36.9728,37.45279650705013,36.951223220861934,0.5015732861881972,0.031582080980315244,38.16,29961700.0,37.37,23127000.0,36.14,18442800.0,77.34374999999999,5.3251271073053275,8.9097952407305,0.03144654088050314,0.0235690749104355
PFE,2022-11-02,39.16,39.49,38.49,38.59,38.59,25813100,Healthcare,38.498000000000005,37.698,36.384,36.9574,37.62775089058088,37.072614093390676,0.555136797190201,0.1362930242222924,39.36,30614500.0,37.76,21407900.0,35.34,23054700.0,68.75000000000003,2.1980932203389925,9.196378041878894,-0.01956300813008116,0.02320481574315982
PFE,2022-11-03,38.33,38.69,38.17,38.5,38.5,20124600,Healthcare,38.698,38.03,36.54299999999999,36.9498,37.76194306126074,37.17834638276915,0.5835966784915882,0.22575375507615159,38.59,25813100.0,37.5,20377700.0,35.18,17715000.0,68.74999999999997,2.6666666666666616,9.437180216031837,-0.0023322104172066593,0.023071831697098956
PFE,2022-11-04,39.25,39.31,38.54,39.04,39.04,24528500,Healthcare,38.730000000000004,38.248999999999995,36.7605,36.9452,37.95856720568216,37.31624665071218,0.6423205549699773,0.30906711505491674,38.5,20124600.0,38.88,27854000.0,36.85,36575700.0,68.39729119638824,0.411522633744843,5.94301221166893,0.014025974025974053,0.01898531269971289
PFE,2022-11-07,38.99,39.4,38.65,38.93,38.93,20304400,Healthcare,38.884,38.409,36.9955,36.9562,38.108018404807986,37.43578393584461,0.6722344689633744,0.38170058583660826,39.04,24528500.0,38.16,29961700.0,37.33,24972000.0,66.20209059233449,2.017819706498969,4.28609697294402,-0.002817622950819665,0.01899035783849068
PFE,2022-11-08,38.89,39.48,38.65,39.15,39.15,18054500,Healthcare,38.842,38.587,37.2345,36.9812,38.26832326560675,37.56276290355982,0.7055603620469313,0.44647254107867285,38.93,20304400.0,39.36,30614500.0,37.37,23127000.0,73.72353673723532,-0.5335365853658569,4.763179020604769,0.005651168764448933,0.01895726480842497
PFE,2022-11-09,38.99,39.27,38.61,38.63,38.63,15348100,Healthcare,38.85,38.674,37.443,37.002,38.32396584012879,37.64181750329613,0.6821483368326611,0.49360770022947054,39.15,18054500.0,38.59,25813100.0,37.76,21407900.0,70.56019070321813,0.10365379632029104,2.3040254237288282,-0.013282247765006305,0.01964829108639451
PFE,2022-11-10,39.3,39.48,38.74,39.17,39.17,20480600,Healthcare,38.984,38.840999999999994,37.64,37.0438,38.45412494164744,37.75501620675568,0.699108734891766,0.5347079071619296,38.63,15348100.0,38.5,20124600.0,37.5,20377700.0,65.9779614325069,1.740259740259753,4.453333333333331,0.013978772974372333,0.019654298507268613
PFE,2022-11-11,38.92,39.44,38.29,39.36,39.36,20909800,Healthcare,39.048,38.888999999999996,37.851000000000006,37.0664,38.59349033524015,37.873903895144146,0.7195864400960019,0.5716836137487441,39.17,20480600.0,39.04,24528500.0,38.88,27854000.0,64.56241032998567,0.8196721311475308,1.2345679012345512,0.0048506510084247445,0.01610336268525783
PFE,2022-11-14,39.68,41.19,39.63,40.71,40.71,26143000,Healthcare,39.403999999999996,39.144000000000005,38.0975,37.131400000000006,38.919107206741664,38.08398508809643,0.8351221186452307,0.6243713147280414,39.36,20909800.0,38.93,20304400.0,38.16,29961700.0,70.16908212560388,4.572309273054209,6.682389937106925,0.03429878048780499,0.01746870566567614
PFE,2022-11-15,40.8,40.95,39.84,40.16,40.16,25440500,Healthcare,39.606,39.224000000000004,38.298500000000004,37.184400000000004,39.11001379031987,38.23776397045966,0.8722498198602082,0.6739470157544748,40.71,26143000.0,39.15,18054500.0,39.36,30614500.0,64.21800947867297,2.5798212005108567,2.0325203252032464,-0.01351019405551468,0.016102686374022554
PFE,2022-11-16,40.35,40.56,39.73,39.73,39.73,15822200,Healthcare,39.826,39.338,38.517999999999994,37.2226,39.205396284116816,38.34829997264784,0.8570963114689789,0.7105768748973756,40.16,25440500.0,38.63,15348100.0,38.59,25813100.0,62.95005807200926,2.8475278281128613,2.95413319512825,-0.010707171314741082,0.014981589605433691
PFE,2022-11-17,39.52,40.1,39.3,39.96,39.96,13231100,Healthcare,39.983999999999995,39.483999999999995,38.757,37.2498,39.32148916348346,38.46768515985911,0.8538040036243544,0.7392223006427714,39.73,15822200.0,39.17,20480600.0,38.5,20124600.0,57.238605898123296,2.01684962981874,3.7922077922077913,0.005789076264787418,0.014879254647332776
PFE,2022-11-18,40.22,40.37,39.58,39.88,39.88,20666500,Healthcare,40.088,39.568,38.9085,37.263000000000005,39.40741390756293,38.57230107394361,0.8351128336193199,0.7584004072380811,39.96,13231100.0,39.36,20909800.0,39.04,24528500.0,62.609970674486846,1.3211382113821113,2.1516393442623016,-0.002002002002001957,0.014517505147485524
PFE,2022-11-21,39.77,39.92,39.46,39.84,39.84,14736000,Healthcare,39.914,39.659000000000006,39.034000000000006,37.2768,39.47396561409172,38.66620469809594,0.8077609159957788,0.7682725089896207,39.88,20666500.0,40.71,26143000.0,38.93,20304400.0,54.2402826855124,-2.1370670596904895,2.337528898022101,-0.0010030090270811698,0.014458694428718975
PFE,2022-11-22,39.97,40.72,39.89,40.58,40.58,16358600,Healthcare,39.998000000000005,39.802,39.194500000000005,37.330999999999996,39.644124750385295,38.80796731305179,0.8361574373335046,0.7818494946583976,39.84,14736000.0,40.16,25440500.0,39.15,18054500.0,67.67317939609234,1.0458167330677393,3.6526181353767617,0.018574297188754807,0.015332089453294012
PFE,2022-11-23,40.48,40.7,40.12,40.39,40.39,10710800,Healthcare,40.129999999999995,39.977999999999994,39.32600000000001,37.382200000000005,39.75887478878756,38.9251549194924,0.8337198692951588,0.7922235695857498,40.58,16358600.0,39.73,15822200.0,38.63,15348100.0,66.49214659685867,1.6612131890259452,4.556044524980574,-0.00468210941350411,0.01449193616398758
PFE,2022-11-25,40.46,40.7,40.38,40.69,40.69,6760200,Healthcare,40.275999999999996,40.13,39.4855,37.442800000000005,39.90212482128178,39.05588418471518,0.8462406365665984,0.8030269829819197,40.39,10710800.0,39.96,13231100.0,39.17,20480600.0,65.0273224043716,1.8268268268268217,3.88052080673984,0.007427581084426871,0.014163124800511498
PFE,2022-11-28,40.66,41.13,40.56,40.99,40.99,20704000,Healthcare,40.498000000000005,40.293,39.590999999999994,37.508,40.06949023339228,39.199152022884434,0.8703382105078461,0.816489228487105,40.69,6760200.0,39.88,20666500.0,39.36,20909800.0,68.13380281690145,2.783350050150446,4.141260162601634,0.007372818874416431,0.014204261599475848
PFE,2022-11-29,40.93,41.07,40.6,40.92,40.92,17160900,Healthcare,40.714,40.314,39.729,37.5814,40.20033788979347,39.326622243411514,0.8737156463819531,0.8279345120660746,40.99,20704000.0,39.84,14736000.0,40.71,26143000.0,66.00361663652808,2.710843373493965,0.5158437730287346,-0.0017077335935593574,0.009498448800141354
PFE,2022-11-30,41.04,41.45,40.55,41.45,41.45,35572700,Healthcare,40.888,40.443,39.8335,37.6764,40.39259359905601,39.48390948464029,0.9086841144157205,0.8440844325360038,40.92,17160900.0,40.58,16358600.0,40.16,25440500.0,75.45126353790614,2.143913257762464,3.2121513944223246,0.01295210166177907,0.00880536249677962
PFE,2022-12-01,41.6,42.3,41.57,42.23,42.23,23592600,Healthcare,41.25600000000001,40.693,40.0155,37.8008,40.675271506893544,39.687323596889165,0.9879479100043795,0.8728571280296791,41.45,35572700.0,40.39,10710800.0,39.73,15822200.0,76.4705882352941,4.555583065115121,6.292474200855769,0.018817852834740467,0.008570382486613763
PFE,2022-12-02,41.8,42.44,41.74,42.09,42.09,16881600,Healthcare,41.536,40.906,40.19500000000001,37.9118,40.89292204429454,39.86529962674923,1.0276224175453095,0.9038101859328053,42.23,23592600.0,40.69,6760200.0,39.96,13231100.0,73.82198952879588,3.4406488080609643,5.330330330330346,-0.003315178782855588,0.009081755120898441
PFE,2022-12-05,42.09,42.19,41.63,41.94,41.94,17959800,Healthcare,41.726,41.112,40.339999999999996,38.0278,41.054010960556916,40.01898113587892,1.0350298246779985,0.930054113681844,42.09,16881600.0,40.99,20704000.0,39.88,20666500.0,63.576158940397335,2.3176384484020485,5.165496489468402,-0.0035637918745546893,0.009232379841036848
PFE,2022-12-06,41.89,42.04,40.66,41.1,41.1,21787100,Healthcare,41.762,41.238,40.4485,38.1312,41.06108619739432,40.099056607295296,0.9620295900990214,0.9364492089652796,41.94,17959800.0,40.92,17160900.0,39.84,14736000.0,59.75103734439841,0.4398826979472137,3.1626506024096335,-0.02002861230329034,0.012131917113710013
PFE,2022-12-07,41.13,42.29,41.13,41.54,41.54,15929900,Healthcare,41.78,41.334,40.568,38.239200000000004,41.13476524394903,40.205793154903056,0.9289720890459776,0.9349537849814193,41.1,21787100.0,41.45,35572700.0,40.58,16358600.0,68.73706004140794,0.21712907117008573,2.365697387875798,0.010705596107055904,0.011245658924378123
PFE,2022-12-08,41.49,42.89,41.36,42.81,42.81,26116800,Healthcare,41.896,41.576,40.777,38.367000000000004,41.39249366795688,40.398697365650975,0.9937963023059027,0.946722288446316,41.54,15929900.0,42.23,23592600.0,40.39,10710800.0,74.27597955706993,1.3734312100402768,5.991582074770996,0.030572941742898596,0.013974586197784092
PFE,2022-12-09,42.79,43.69,42.69,42.76,42.76,19933500,Healthcare,42.029999999999994,41.783,40.9565,38.498200000000004,41.602879257501975,40.57360867189905,1.029270585602923,0.9632319478776374,42.81,26116800.0,42.09,16881600.0,40.69,6760200.0,74.65753424657535,1.591827037301008,5.087245023347253,-0.0011679514132213464,0.014135208961642946
PFE,2022-12-12,43.09,43.48,42.79,43.13,43.13,18532200,Healthcare,42.267999999999994,41.997,41.144999999999996,38.6434,41.837820910193976,40.76297099249912,1.0748499176948556,0.9855555418410811,42.76,19933500.0,41.94,17959800.0,40.99,20704000.0,76.66126418152352,2.8373867429661637,5.220785557453045,0.008652946679139406,0.014164210427977131
PFE,2022-12-13,43.9,44.68,43.72,43.88,43.88,29461800,Healthcare,42.824,42.293,41.3035,38.797200000000004,42.15200230862567,40.993862030091776,1.1581402785338923,1.0200724891796433,43.13,18532200.0,41.1,21787100.0,40.92,17160900.0,76.69902912621363,6.763990267639897,7.233626588465292,0.017389288198469632,0.014415765253139432
PFE,2022-12-14,43.94,45.42,43.74,45.04,45.04,36260300,Healthcare,43.524,42.652,41.5475,38.969,42.59630964576018,41.29357595378868,1.302733691971497,1.0766047297380141,43.88,29461800.0,41.54,15929900.0,41.45,35572700.0,82.5174825174825,8.425613866153103,8.661037394451142,0.02643573381950759,0.015605306413754691
PFE,2022-12-15,44.71,45.0,44.15,44.33,44.33,21627100,Healthcare,43.827999999999996,42.862,41.7775,39.1322,42.863031238720154,41.51849625350803,1.3445349852121211,1.1301907808328355,45.04,36260300.0,42.81,26116800.0,42.23,23592600.0,74.07407407407408,3.550572296192467,4.972768174283693,-0.01576376554174075,0.01683563483980302
PFE,2022-12-16,43.83,43.94,42.5,42.5,42.5,65689500,Healthcare,43.775999999999996,42.903000000000006,41.9045,39.2758,42.80718027891705,41.591200234729655,1.215980044187397,1.1473486335037477,44.33,21627100.0,42.76,19933500.0,42.09,16881600.0,58.3058305830583,-0.6080449017773604,0.9741031123782218,-0.04128129934581548,0.02230842535260802
PFE,2022-12-19,42.6,42.84,41.92,42.47,42.47,16081900,Healthcare,43.644000000000005,42.956,42.034000000000006,39.4314,42.75530638985289,41.656296513638566,1.0990098762143248,1.1376808820458633,42.5,65689500.0,43.13,18532200.0,41.94,17959800.0,58.5635359116022,-1.530257361465348,1.2637100619933284,-0.0007058823529412228,0.022258936890780914
PFE,2022-12-20,42.34,42.59,42.04,42.43,42.43,12433800,Healthcare,43.354,43.089,42.1635,39.5954,42.705259252952445,41.71360788299867,0.9916513699537717,1.1084749796274451,42.47,16081900.0,43.88,29461800.0,41.1,21787100.0,55.72429906542054,-3.304466727438471,3.23600973236009,-0.0009418412997409531,0.020991856975583235
PFE,2022-12-21,42.67,43.13,42.33,42.71,42.71,12925000,Healthcare,42.888,43.206,42.27,39.7622,42.70598859865207,41.787414706480256,0.9185738921718141,1.070494762136319,42.43,12433800.0,45.04,36260300.0,41.54,15929900.0,52.977667493796545,-5.173179396092353,2.8165623495426173,0.006599104407259082,0.02087266456383008
PFE,2022-12-22,42.51,42.75,42.13,42.7,42.7,14822300,Healthcare,42.562,43.195,42.38549999999999,39.927,42.70506727578252,41.85501361711135,0.8500536586711718,1.0264065414432897,42.71,12925000.0,44.33,21627100.0,42.81,26116800.0,53.84615384615383,-3.6769681930972187,-0.2569493109086607,-0.0002341372044016854,0.01848422656310004
PFE,2022-12-23,42.63,42.95,42.37,42.85,42.85,10666500,Healthcare,42.632000000000005,43.20399999999999,42.4935,40.0794,42.72736461796982,41.92871631214014,0.7986483058296798,0.9808548943205678,42.7,14822300.0,42.5,65689500.0,42.76,19933500.0,55.73770491803281,0.8235294117647118,0.21047708138448584,0.003512880562060783,0.018513471729219
PFE,2022-12-27,42.88,42.94,42.21,42.28,42.28,12033800,Healthcare,42.594,43.119,42.558,40.2222,42.65853929212831,41.95473732605568,0.703801966072632,0.9254443086709807,42.85,10666500.0,42.47,16081900.0,43.13,18532200.0,57.70234986945169,-0.44737461737697215,-1.9707859958265739,-0.013302217036172737,0.01872222317410657
PFE,2022-12-28,42.21,42.49,41.96,42.0,42.0,10053900,Healthcare,42.508,42.931,42.612,40.346599999999995,42.557225554877796,41.958090116718225,0.5991354381595713,0.8601825345686989,42.28,12033800.0,42.43,12433800.0,43.88,29461800.0,53.06666666666667,-1.0134338911147789,-4.284412032816776,-0.0066225165562914245,0.017482254594353108
PFE,2022-12-29,42.18,42.72,42.16,42.44,42.44,8971300,Healthcare,42.454,42.671,42.661500000000004,40.4726,42.53919085412737,41.993787145109465,0.5454037090179042,0.79722676945854,42.0,10053900.0,42.71,12925000.0,45.04,36260300.0,47.226386806596665,-0.632170451884817,-5.7726465364120845,0.010476190476190528,0.014911086698256144
PFE,2022-12-30,42.41,42.5,41.96,42.37,42.37,11396200,Healthcare,42.388,42.475,42.6685,40.6132,42.51316149195392,42.02165476399024,0.49150672796368156,0.7360827611595683,42.44,8971300.0,42.7,14822300.0,44.33,21627100.0,47.08520179372197,-0.77283372365341,-4.421385066546357,-0.0016493873704053197,0.01452904269721561
PFE,2023-01-03,42.18,42.44,42.02,42.38,42.38,15603800,Healthcare,42.294,42.463,42.683,40.757200000000005,42.4926751085764,42.048198855546524,0.44447625302987603,0.6777614595336299,42.37,11396200.0,42.85,10666500.0,42.5,65689500.0,44.07582938388626,-1.0968494749124869,-0.2823529411764669,0.0002360160490915142,0.00658254834756628
PFE,2023-01-04,41.58,41.86,40.94,41.45,41.45,21808400,Healthcare,42.128,42.361000000000004,42.658500000000004,40.8492,42.3322635534108,42.003887829209745,0.3283757242010523,0.6078843124671144,42.38,15603800.0,42.28,12033800.0,42.47,16081900.0,31.336405529953907,-1.963103122043519,-2.4016953143395248,-0.021944313355356293,0.009514538517928509
PFE,2023-01-05,41.12,41.33,40.45,41.06,41.06,20057400,Healthcare,41.94,42.224000000000004,42.6565,40.9238,42.1365306990399,41.933970212231245,0.20256048680865746,0.526819547335423,41.45,21808400.0,42.0,10053900.0,42.43,12433800.0,15.331010452961706,-2.238095238095228,-3.2288475135517247,-0.009408926417370345,0.009745582634570678
PFE,2023-01-06,41.32,42.66,40.98,42.1,42.1,29635900,Healthcare,41.872,42.163,42.6845,41.0184,42.1309105914953,41.946268715028936,0.18464187646636532,0.45838401316161154,41.06,20057400.0,42.44,8971300.0,42.71,12925000.0,31.630971993410242,-0.8011310084825585,-1.4282369468508582,0.025328787140769693,0.013076017502518975
PFE,2023-01-09,41.38,41.56,39.94,40.01,40.01,30839100,Healthcare,41.4,41.894,42.5445,41.0634,41.804616654342176,41.80284140280457,0.001775251537608824,0.367062260836811,42.1,29635900.0,42.37,11396200.0,42.7,14822300.0,30.33175355450237,-5.569978758555583,-6.299765807962543,-0.049643705463182974,0.0200684464031974
PFE,2023-01-10,39.98,40.08,39.17,39.37,39.37,29212000,Healthcare,40.798,41.54600000000001,42.375,41.1008,41.43006024598184,41.622630928522746,-0.1925706825409037,0.25513567216126803,40.01,30839100.0,42.38,15603800.0,42.85,10666500.0,27.6657060518732,-7.102406795658345,-8.121353558926492,-0.01599600099975007,0.019956274297687145
PFE,2023-01-11,39.44,39.47,38.74,39.23,39.23,23022200,Healthcare,40.354,41.241,42.18,41.1078,41.09158943890771,41.44539900789143,-0.3538095689837206,0.13334662393227031,39.37,29212000.0,41.45,21808400.0,42.28,12033800.0,27.272727272727266,-5.355850422195429,-7.213812677388843,-0.0035560071120142034,0.01992022029577051
PFE,2023-01-12,39.08,39.46,38.51,39.45,39.45,23345300,Healthcare,40.032,40.986000000000004,41.9585,41.133599999999994,40.839037217537296,41.29759167397355,-0.4585544564362536,0.014966407858565525,39.23,23022200.0,41.06,20057400.0,42.0,10053900.0,26.647564469914087,-3.9210910862152892,-6.0714285714285605,0.005607953097119811,0.020336054315053562
PFE,2023-01-13,39.27,39.82,39.27,39.56,39.56,18737500,Healthcare,39.524,40.698,41.6845,41.1376,40.6422622609931,41.16888117960514,-0.5266189186120371,-0.09335065743555501,39.45,23345300.0,42.1,29635900.0,42.44,8971300.0,27.824858757062174,-6.033254156769596,-6.786050895381701,0.0027883396704688757,0.019779369079776645
PFE,2023-01-17,38.48,38.65,37.79,38.1,38.1,29391400,Healthcare,39.141999999999996,40.271,41.373000000000005,41.1278,40.25114499007108,40.941556647782534,-0.6904116577114507,-0.21276285749073418,39.56,18737500.0,40.01,30839100.0,42.37,11396200.0,21.692491060786693,-4.773806548362902,-10.07788529620013,-0.03690596562184023,0.021794178141105007
PFE,2023-01-18,37.66,37.91,37.18,37.21,37.21,33835000,Healthcare,38.709999999999994,39.754000000000005,41.1085,41.102,39.78327653006014,40.66514504424309,-0.8818685141829476,-0.3465839888291769,38.1,29391400.0,39.37,29212000.0,42.38,15603800.0,20.89552238805976,-5.486410972821942,-12.199150542708825,-0.0233595800524935,0.021798101801584476
PFE,2023-01-19,36.98,37.43,36.91,37.17,37.17,26614900,Healthcare,38.298,39.326,40.8435,41.0646,39.38123398697397,40.406245411336194,-1.0250114243622264,-0.48226947593578684,37.21,33835000.0,39.23,23022200.0,41.45,21808400.0,21.48760330578517,-5.25108335457557,-10.325693606755127,-0.0010749798441278546,0.021814672073128767
PFE,2023-01-20,37.44,37.56,36.98,37.3,37.3,25197600,Healthcare,37.868,38.95,40.587,41.032,39.06104414282412,40.176153158644624,-1.1151090158205008,-0.6088373839127297,37.17,26614900.0,39.45,23345300.0,41.06,20057400.0,18.504901960784352,-5.44993662864387,-9.157330735509028,0.0034974441754100916,0.022271429620341544
PFE,2023-01-23,37.24,37.47,37.06,37.19,37.19,19398600,Healthcare,37.394,38.458999999999996,40.311,40.992799999999995,38.77319119777425,39.95495662837465,-1.1817654306004002,-0.7234229932502638,37.3,25197600.0,39.56,18737500.0,42.1,29635900.0,18.4146341463415,-5.990899898887781,-11.662707838479813,-0.0029490616621983268,0.0189255641469414
PFE,2023-01-24,37.14,37.17,36.5,36.97,36.97,18853100,Healthcare,37.168,38.155,40.0245,40.9596,38.49577716734745,39.73384872997653,-1.2380715626290808,-0.8263527071260273,37.19,19398600.0,38.1,29391400.0,40.01,30839100.0,17.835909631391203,-2.9658792650918753,-7.598100474881275,-0.0059155687012637514,0.013606651875281102
PFE,2023-01-25,37.23,37.3,36.87,37.26,37.26,20828000,Healthcare,37.178,37.944,39.745,40.921400000000006,38.30565760314015,39.55060067590419,-1.2449430727640447,-0.9100707802536309,36.97,18853100.0,37.21,33835000.0,39.37,29212000.0,23.03732303732302,0.13437248051597628,-5.359410718821433,0.00784419799837699,0.014088405720999567
PFE,2023-01-26,36.88,36.96,36.39,36.92,36.92,38465500,Healthcare,37.128,37.713,39.477000000000004,40.8726,38.09247951034936,39.35574136657796,-1.2632618562286027,-0.9807089954486252,37.26,20828000.0,37.17,26614900.0,39.23,23022200.0,23.186528497409313,-0.6725854183481261,-5.888350751975513,-0.009125067096081518,0.014117353711500634
PFE,2023-01-27,36.9,37.0,36.53,36.54,36.54,23798600,Healthcare,36.976,37.422,39.204,40.7892,37.85363650875715,39.14716793201663,-1.2935314232594806,-1.0432734810107964,36.92,38465500.0,37.3,25197600.0,39.45,23345300.0,10.623229461756367,-2.037533512064338,-7.376425855513313,-0.010292524377031542,0.013553975707642905
PFE,2023-01-30,36.54,36.83,36.21,36.34,36.34,24402200,Healthcare,36.806,37.1,38.899,40.7128,37.620769353563745,38.939229566682066,-1.3184602131183212,-1.0983108274323015,36.54,23798600.0,37.19,19398600.0,39.56,18737500.0,14.50676982591878,-2.2855606345791757,-8.139534883720923,-0.005473453749315738,0.013097961357315504
PFE,2023-01-31,35.88,36.95,35.63,36.85,36.85,49722500,Healthcare,36.782000000000004,36.975,38.623000000000005,40.6552,37.502189453015475,38.78447182100191,-1.2822823679864328,-1.1351051355431279,36.34,24402200.0,36.97,18853100.0,38.1,29391400.0,25.0,-0.324587503381113,-3.2808398950131212,0.014034122179416464,0.01039614926008473
PFE,2023-02-01,36.64,36.86,36.22,36.69,36.69,24482300,Healthcare,36.668000000000006,36.922999999999995,38.338499999999996,40.5898,37.37723722947463,38.62932576018695,-1.2520885307123208,-1.1585018145769665,36.85,49722500.0,37.26,20828000.0,37.21,33835000.0,24.90118577075097,-1.5297906602254385,-1.397473797366311,-0.004341926729986567,0.007706745644286631
PFE,2023-02-02,36.41,37.1,36.3,37.0,37.0,35279200,Healthcare,36.684000000000005,36.906,38.116,40.532199999999996,37.31920073263238,38.50863496313607,-1.1894342305036858,-1.1646882977623103,36.69,24482300.0,36.92,38465500.0,37.17,26614900.0,26.213592233009635,0.21668472372697867,-0.4573580844767333,0.008449168710820354,0.008313228240287608
PFE,2023-02-03,37.01,37.04,36.61,36.76,36.76,23742000,Healthcare,36.728,36.852,37.900999999999996,40.4706,37.23316985068894,38.37910644734821,-1.1459365966592685,-1.160937957541702,37.0,35279200.0,36.54,23798600.0,37.3,25197600.0,23.484848484848413,0.6020799124247356,-1.4477211796246614,-0.006486486486486531,0.008388687960573252
PFE,2023-02-06,36.87,36.96,36.49,36.51,36.51,18071200,Healthcare,36.762,36.784000000000006,37.6215,40.3892,37.121912950582946,38.240654117915,-1.118741167332054,-1.1524985994997725,36.76,23742000.0,36.34,24402200.0,37.19,19398600.0,30.466830466830388,0.46780407264721546,-1.8284485076633494,-0.006800870511425416,0.008553227224867259
PFE,2023-02-07,36.56,36.63,36.09,36.37,36.37,22999500,Healthcare,36.666,36.724,37.439499999999995,40.3088,37.00623403510865,38.10208714621759,-1.0958531111089442,-1.141169501821607,36.51,18071200.0,36.85,49722500.0,36.97,18853100.0,37.34939759036137,-1.3025780189959368,-1.6229375169055982,-0.003834565872363749,0.008467144859902484
PFE,2023-02-08,36.34,36.8,36.32,36.7,36.7,19362300,Healthcare,36.66799999999999,36.668,37.306,40.229,36.95912110663039,37.998228839090366,-1.039107732459975,-1.1207571479492806,36.37,22999500.0,36.69,24482300.0,37.26,20828000.0,43.490304709141284,0.027255382938151662,-1.5029522275898932,0.009073412152873495,0.008626943392447052
PFE,2023-02-09,36.81,36.99,36.08,36.16,36.16,20809200,Healthcare,36.49999999999999,36.592,37.152499999999996,40.1324,36.83617939791802,37.86206373989848,-1.0258843419804577,-1.101782586755516,36.7,19362300.0,37.0,35279200.0,36.92,38465500.0,35.820895522388085,-2.2702702702702804,-2.0585048754062973,-0.014713896457765885,0.009329671037569237
PFE,2023-02-10,36.3,36.7,36.1,36.61,36.61,18619600,Healthcare,36.47,36.599000000000004,37.0105,40.0462,36.8013825674691,37.76931827768378,-0.9679357102146824,-1.0750132114473492,36.16,20809200.0,36.76,23742000.0,36.54,23798600.0,43.348623853211045,-0.4080522306855294,0.19157088122605526,0.01244469026548689,0.009850718162920054
PFE,2023-02-13,36.45,36.72,36.3,36.71,36.71,17878000,Healthcare,36.510000000000005,36.635999999999996,36.868,39.9514,36.78732371093539,37.69085025711461,-0.9035265461792221,-1.0407158783937238,36.61,18619600.0,36.51,18071200.0,36.34,24402200.0,46.93396226415098,0.5477951246233959,1.0181618051733565,0.0027314941272875704,0.009662317637478397
PFE,2023-02-14,36.79,36.88,36.36,36.48,36.48,17506900,Healthcare,36.532,36.599000000000004,36.78699999999999,39.8364,36.74004314002225,37.60115764547649,-0.8611145054542391,-1.0047956038058268,36.71,17878000.0,36.37,22999500.0,36.85,49722500.0,40.66985645933018,0.302447071762435,-1.0040705563093777,-0.006265322800326989,0.008718989998052918
PFE,2023-02-15,36.23,36.39,35.97,36.15,36.15,18994700,Healthcare,36.422000000000004,36.545,36.734,39.717600000000004,36.64926727232652,37.493664486552305,-0.8443972142257863,-0.9727159258898188,36.48,17506900.0,36.7,19362300.0,36.69,24482300.0,40.767386091127115,-1.498637602179853,-1.4717906786590351,-0.009046052631578871,0.009041787271188996
PFE,2023-02-16,36.0,36.03,35.69,35.84,35.84,17832000,Healthcare,36.358000000000004,36.429,36.6675,39.5956,36.52476461504552,37.371170820881765,-0.8464062058362458,-0.9474539818791042,36.15,18994700.0,36.16,20809200.0,37.0,35279200.0,41.463414634146424,-0.8849557522123686,-3.1351351351351253,-0.008575380359612583,0.008561897657031596
PFE,2023-02-17,35.79,36.19,35.53,36.05,36.05,18293400,Healthcare,36.245999999999995,36.358000000000004,36.605000000000004,39.4946,36.45172390503852,37.27330631563127,-0.8215824105927467,-0.9222796676218328,35.84,17832000.0,36.61,18619600.0,36.76,23742000.0,46.472019464720134,-1.5296367112810794,-1.9314472252448311,0.005859374999999778,0.008909936831553002
PFE,2023-02-21,35.72,35.82,35.56,35.63,35.63,17356600,Healthcare,36.029999999999994,36.27,36.527,39.3764,36.325304842724904,37.1515799218808,-0.8262750791558986,-0.903078749928646,36.05,18293400.0,36.71,17878000.0,36.51,18071200.0,34.82587064676622,-2.941977662762185,-2.410298548342904,-0.011650485436893065,0.009327742571301678
PFE,2023-02-22,35.65,35.79,35.3,35.36,35.36,17394200,Healthcare,35.806,36.169,36.4465,39.227399999999996,36.17679640538261,37.01887029803778,-0.8420738926551721,-0.8908777784739512,35.63,17356600.0,36.48,17506900.0,36.37,22999500.0,33.898305084745814,-3.0701754385964897,-2.777014022546054,-0.007577883805781727,0.009465902033274222
PFE,2023-02-23,35.29,35.67,35.23,35.3,35.3,21104300,Healthcare,35.635999999999996,36.028999999999996,36.3485,39.0782,36.04190465070836,36.891546572257205,-0.8496419215488444,-0.8826306070889299,35.36,17394200.0,36.15,18994700.0,36.7,19362300.0,28.092783505154657,-2.3513139695712337,-3.8147138964577776,-0.0016968325791856254,0.008535364230317156
PFE,2023-02-24,35.07,35.09,34.64,34.84,34.84,16806100,Healthcare,35.43599999999999,35.897000000000006,36.2445,38.912400000000005,35.85699624290707,36.739580159497415,-0.8825839165903417,-0.8826212689892123,35.3,21104300.0,35.84,17832000.0,36.16,20809200.0,26.585365853658615,-2.79017857142857,-3.6504424778760924,-0.013031161473087693,0.008311003660795029
PFE,2023-02-27,34.58,34.82,33.99,34.03,34.03,26370300,Healthcare,35.032,35.638999999999996,36.119,38.7154,35.57591989784444,36.538870518053166,-0.9629506202087228,-0.8986871392331145,34.84,16806100.0,36.05,18293400.0,36.61,18619600.0,23.390557939914217,-5.603328710124811,-7.047254848402074,-0.023249138920780732,0.008280778865070233
PFE,2023-02-28,33.79,33.97,33.45,33.85,33.85,31086900,Healthcare,34.676,35.353,35.9945,38.4916,35.31039375971453,36.3396949241233,-1.0293011644087713,-0.9248099442682459,34.03,26370300.0,35.63,17356600.0,36.71,17878000.0,23.191489361702182,-4.995790064552342,-7.790792699536908,-0.005289450484866287,0.0075639454256873455
PFE,2023-03-01,33.84,34.01,33.49,33.53,33.53,21104400,Healthcare,34.31,35.058,35.8285,38.275600000000004,35.036487027450754,36.13156937418824,-1.0950823467374846,-0.9588644247620938,33.85,31086900.0,35.36,17394200.0,36.48,17506900.0,16.204690831556462,-5.17533936651583,-8.08662280701753,-0.00945347119645501,0.007547430930089529
PFE,2023-03-02,33.43,34.03,33.22,33.89,33.89,19110600,Healthcare,34.028000000000006,34.83200000000001,35.6885,38.1034,34.86010440784295,35.96552719832244,-1.1054227904794942,-0.9881760979055739,33.53,21104400.0,35.3,21104300.0,36.15,18994700.0,24.83370288248335,-3.9943342776203927,-6.251728907330567,0.010736653742916769,0.009650483682551975
PFE,2023-03-03,34.14,34.36,33.99,34.34,34.34,20922000,Healthcare,33.928000000000004,34.682,35.5555,37.940799999999996,34.78008834509788,35.845117776224484,-1.0650294311266038,-1.00354676454978,33.89,19110600.0,34.84,16806100.0,35.84,17832000.0,24.83370288248335,-1.4351320321469574,-4.18526785714286,0.013278253172027243,0.011414484378356928
PFE,2023-03-06,34.29,34.43,34.06,34.3,34.3,19434800,Healthcare,33.982000000000006,34.507,35.4325,37.7782,34.70622859969821,35.73066460761526,-1.0244360079170534,-1.0077246132232347,34.34,20922000.0,34.03,26370300.0,36.05,18293400.0,22.921348314606675,0.7934175727299264,-4.854368932038833,-0.0011648223645895905,0.010932099869735964
PFE,2023-03-07,34.26,34.32,33.46,33.66,33.66,23205800,Healthcare,33.943999999999996,34.309999999999995,35.290000000000006,37.5972,34.54527035359079,35.5772820440882,-1.0320116904974128,-1.0125820286780705,34.3,19434800.0,33.85,31086900.0,35.63,17356600.0,20.987654320987602,-0.5612998522895318,-5.529048554588845,-0.01865889212827987,0.011615534187546704
PFE,2023-03-08,33.64,33.85,33.3,33.48,33.48,16756100,Healthcare,33.934000000000005,34.122,35.1455,37.4128,34.381382606884515,35.42192781860018,-1.040545211715667,-1.0181746652855899,33.66,23205800.0,33.53,21104400.0,35.36,17394200.0,21.65605095541396,-0.14912019087385264,-5.316742081447967,-0.005347593582887722,0.011594958628118431
PFE,2023-03-09,33.72,33.85,32.8,32.93,32.93,18585100,Healthcare,33.742,33.885000000000005,34.957,37.2144,34.15809297505613,35.237340572777946,-1.0792475977218174,-1.0303892517728355,33.48,16756100.0,33.89,19110600.0,35.3,21104300.0,20.606060606060552,-2.832694010032455,-6.713881019830026,-0.016427718040621153,0.012002540429824965
PFE,2023-03-10,32.78,33.32,32.73,32.87,32.87,26328100,Healthcare,33.44799999999999,33.688,34.792500000000004,37.026199999999996,33.959924825047494,35.06198201183143,-1.102057186783938,-1.044722838775056,32.93,18585100.0,34.34,20922000.0,34.84,16806100.0,16.87500000000003,-4.28072218986606,-5.654420206659028,-0.001822046765867058,0.011885091325685802
PFE,2023-03-13,32.76,33.8,32.76,33.26,33.26,35299400,Healthcare,33.239999999999995,33.611000000000004,34.625,36.8514,33.8522440827325,34.928501862806876,-1.0762577800743784,-1.0510298270349205,32.87,26328100.0,34.3,19434800.0,34.03,26370300.0,25.157232704402517,-3.0320699708454746,-2.262709374081706,0.01186492242166115,0.011310514897594234
PFE,2023-03-14,33.42,33.5,32.98,33.29,33.29,24583600,Healthcare,33.166,33.55499999999999,34.45399999999999,36.6684,33.76574499308134,34.80713135445081,-1.0413863613694687,-1.0491011339018301,33.26,35299400.0,33.66,23205800.0,33.85,31086900.0,27.15231788079474,-1.0992275698157972,-1.6543574593796184,0.0009019843656044024,0.01129378304639554
PFE,2023-03-15,33.18,33.82,32.93,33.61,33.61,25498400,Healthcare,33.19199999999999,33.563,34.310500000000005,36.4932,33.74178422491498,34.718454957824825,-0.9766707329098452,-1.0346150537034333,33.29,24583600.0,33.48,16756100.0,33.53,21104400.0,32.35908141962426,0.38829151732378,0.23859230539815535,0.009612496245118729,0.011430910186003004
PFE,2023-03-16,33.43,33.79,33.14,33.68,33.68,21095900,Healthcare,33.342,33.542,34.187,36.3192,33.73227895954344,34.64153236835632,-0.9092534088128801,-1.0095427247253226,33.61,25498400.0,32.93,18585100.0,33.89,19110600.0,36.81818181818181,2.277558457333728,-0.6196518146945995,0.0020827134781316037,0.010866412604090922
PFE,2023-03-17,33.9,34.04,33.37,33.46,33.46,57457800,Healthcare,33.46,33.45399999999999,34.068,36.1594,33.69038988884445,34.55401145218178,-0.8636215633373325,-0.9803584924477247,33.68,21095900.0,32.87,26328100.0,34.34,20922000.0,42.51968503937009,1.7949498022513,-2.5626092020966884,-0.0065320665083135054,0.00981673178046835
PFE,2023-03-20,33.49,34.09,33.33,34.05,34.05,20825400,Healthcare,33.618,33.428999999999995,33.968,36.0192,33.745714521329916,34.516677270538686,-0.7709627492087705,-0.9384793437999339,33.46,57457800.0,33.26,35299400.0,34.3,19434800.0,52.369668246445435,2.375225496091393,-0.7288629737609353,0.0176329946204421,0.011725466197896852
PFE,2023-03-21,34.09,34.14,33.63,33.93,33.93,19982000,Healthcare,33.745999999999995,33.456,33.882999999999996,35.8558,33.774066133433,34.473219694943225,-0.6991535615102222,-0.8906141873419916,34.05,20825400.0,33.29,24583600.0,33.66,23205800.0,54.975124378109435,1.9224992490237236,0.8021390374331583,-0.0035242290748898064,0.009994437529386797
PFE,2023-03-22,33.96,34.09,33.37,33.38,33.38,15444200,Healthcare,33.7,33.446,33.784,35.7232,33.71344057444331,34.39224045828077,-0.6787998838374563,-0.8482513266410846,33.93,19982000.0,33.61,25498400.0,33.48,16756100.0,43.94299287410929,-0.6843201428146317,-0.29868578255672906,-0.016209843796050616,0.011253153180421234
PFE,2023-03-23,33.52,33.79,33.38,33.53,33.53,16958100,Healthcare,33.67,33.506,33.695499999999996,35.6064,33.68521894760588,34.32837079470441,-0.6431518470985296,-0.8072314307325736,33.38,15444200.0,33.68,21095900.0,32.93,18585100.0,39.64194373401531,-0.4453681710213764,1.8220467658669914,0.0044937088076693055,0.009754675723122408
PFE,2023-03-24,33.45,33.76,33.27,33.7,33.7,17218100,Healthcare,33.718,33.589,33.6385,35.4958,33.687492955666514,34.28182480991149,-0.5943318542449774,-0.7646515154350544,33.53,16958100.0,33.46,57457800.0,32.87,26328100.0,42.57425742574263,0.7172743574417328,2.5250988743535263,0.005070086489710857,0.009709773381042666
PFE,2023-03-27,33.83,33.89,33.35,33.56,33.56,20262800,Healthcare,33.620000000000005,33.619,33.614999999999995,35.378,33.66787865479474,34.2283563054736,-0.5604776506788625,-0.723816742483816,33.7,17218100.0,34.05,20825400.0,33.26,35299400.0,48.587570621469006,-1.4390602055800117,0.9019843656043358,-0.004154302670623111,0.009313622469666362
PFE,2023-03-28,33.54,33.63,33.26,33.37,33.37,13537500,Healthcare,33.508,33.627,33.590999999999994,35.2542,33.622051169441704,34.16477435692,-0.5427231874782947,-0.6875980314827117,33.56,20262800.0,33.93,19982000.0,33.29,24583600.0,48.45070422535212,-1.6504568228706273,0.24031240612796267,-0.00566150178784286,0.009544793727967404
PFE,2023-03-29,33.51,33.6,33.37,33.58,33.58,14429500,Healthcare,33.548,33.624,33.5935,35.1638,33.61558175875837,34.12145773788889,-0.5058759791305221,-0.6512536210122738,33.37,13537500.0,33.38,15444200.0,33.61,25498400.0,60.124610591900286,0.5991611743559,-0.08925914906278143,0.006293077614623943,0.009236968140750156
PFE,2023-03-30,33.73,33.79,33.58,33.69,33.69,12634500,Healthcare,33.58,33.625,33.5835,35.0934,33.627030718949385,34.089497905452674,-0.46246718650328944,-0.6134963341104769,33.58,14429500.0,33.53,16958100.0,33.68,21095900.0,62.57668711656443,0.4771846107962885,0.02969121140141695,0.003275759380583665,0.00927521386863824
PFE,2023-03-31,33.84,34.07,33.61,34.04,34.04,23393600,Healthcare,33.647999999999996,33.68300000000001,33.5685,35.0308,33.69056445449563,34.08583139393766,-0.3952669394420312,-0.5698504551767878,33.69,12634500.0,33.7,17218100.0,33.46,57457800.0,62.11180124223605,1.008902077151319,1.7334130304841544,0.010388839418224993,0.009478519629092309
PFE,2023-04-03,33.95,34.6,33.92,34.5,34.5,20817200,Healthcare,33.836,33.728,33.578500000000005,34.9748,33.81509299995784,34.11651054994228,-0.3014175499844356,-0.5161638741383173,34.04,23393600.0,33.56,20262800.0,34.05,20825400.0,66.57534246575344,2.8009535160905763,1.3215859030837107,0.013513513513513598,0.008775476557656476
PFE,2023-04-04,34.58,34.65,34.01,34.13,34.13,19514500,Healthcare,33.988,33.748000000000005,33.602,34.913599999999995,33.863540230733555,34.11750976846507,-0.2539695377315141,-0.46372500685695667,34.5,20817200.0,33.37,13537500.0,33.93,19982000.0,57.027027027027074,2.277494755768661,0.5894488653109375,-0.010724637681159388,0.009486327184863586
PFE,2023-04-05,34.45,35.23,34.35,34.67,34.67,29697600,Healthcare,34.206,33.876999999999995,33.661500000000004,34.867599999999996,33.98761096446685,34.15843497080099,-0.1708240063341364,-0.40514480675239267,34.13,19514500.0,33.58,14429500.0,33.38,15444200.0,61.870503597122344,3.2459797498511023,3.864589574595567,0.015821857603281586,0.008528519876777961
PFE,2023-04-06,34.99,35.13,34.52,34.63,34.63,25931800,Healthcare,34.394,33.987,33.7465,34.815,34.086440046856566,34.19336571370462,-0.10692566684805627,-0.3455009787715254,34.67,29697600.0,33.69,12634500.0,33.53,16958100.0,64.66165413533838,2.790145443751868,3.2806441992245805,-0.0011537352177675153,0.00866568668131343
PFE,2023-04-10,34.34,34.83,34.31,34.82,34.82,15137300,Healthcare,34.55,34.099000000000004,33.844,34.773,34.19929542426325,34.23978306824502,-0.04048764398176985,-0.28449831181357427,34.63,25931800.0,34.04,23393600.0,33.7,17218100.0,60.724233983286965,2.291421856639242,3.323442136498511,0.0054865723361245955,0.008676310354158992
PFE,2023-04-11,34.88,35.04,34.79,34.87,34.87,15304100,Healthcare,34.624,34.230000000000004,33.9245,34.739599999999996,34.30248074360736,34.28646580393057,0.01601493967679346,-0.22439566151550072,34.82,15137300.0,34.5,20817200.0,33.56,20262800.0,63.35227272727271,1.0724637681159388,3.90345649582835,0.0014359563469270586,0.008314596629161092
PFE,2023-04-12,34.74,34.87,34.44,34.52,34.52,17035100,Healthcare,34.702000000000005,34.345,33.986000000000004,34.703199999999995,34.335945244590846,34.30376463326904,0.03218061132180594,-0.1730804069480394,34.87,15304100.0,34.13,19514500.0,33.37,13537500.0,67.16867469879523,1.1426897157925664,3.446209169913117,-0.010037281330656511,0.008961768129212459
PFE,2023-04-13,34.65,34.79,34.46,34.6,34.6,22880900,Healthcare,34.688,34.447,34.0355,34.6582,34.37656905311533,34.32570799376763,0.05086105934770302,-0.12829211368889093,34.52,17035100.0,34.67,29697600.0,33.58,14429500.0,66.46153846153851,-0.20190366310931518,3.037522334723053,0.002317497103128563,0.008908669031478035
PFE,2023-04-14,34.64,34.8,34.15,34.37,34.37,20627500,Healthcare,34.636,34.515,34.07,34.611799999999995,34.37555842955913,34.32898888311818,0.04656954644094924,-0.0933197816629229,34.6,22880900.0,34.63,25931800.0,33.69,12634500.0,60.12084592145008,-0.7507941091539294,2.0184030869694336,-0.00664739884393073,0.009416725709928445
PFE,2023-04-17,34.31,34.44,34.18,34.36,34.36,17608600,Healthcare,34.544000000000004,34.547,34.115,34.559,34.37316482501157,34.331286002887204,0.04187882212436733,-0.06628006090546486,34.37,20627500.0,34.82,15137300.0,34.04,23393600.0,62.57861635220124,-1.3210798391728895,0.9400705052879044,-0.0002909514111142375,0.008959163259948055
PFE,2023-04-18,34.44,34.49,33.82,33.84,33.84,18541500,Healthcare,34.338,34.481,34.104499999999994,34.5006,34.291139467317485,34.294894447117784,-0.0037549798002984858,-0.05377504468443158,34.36,17608600.0,34.87,15304100.0,34.5,20817200.0,56.69515669515681,-2.9538285058789637,-1.9130434782608563,-0.015133876600698426,0.00908264424620226
PFE,2023-04-19,33.73,33.84,33.54,33.58,33.58,17214300,Healthcare,34.15,34.426,34.087,34.442,34.181733395422484,34.24193930288684,-0.06020590746435772,-0.055061217240416814,33.84,18541500.0,34.52,17035100.0,34.13,19514500.0,50.0,-2.723059096176139,-1.611485496630538,-0.0076832151300237905,0.008800575397825198
PFE,2023-04-20,33.44,33.53,33.2,33.25,33.25,20131600,Healthcare,33.88,34.284000000000006,34.0805,34.3796,34.038389796126715,34.168462317487815,-0.13007252136110026,-0.07006347806455351,33.58,17214300.0,34.6,22880900.0,34.67,29697600.0,44.17989417989419,-3.9017341040462505,-4.095760023074712,-0.009827278141750995,0.0066334373725299494
PFE,2023-04-21,33.45,33.63,33.3,33.55,33.55,19227100,Healthcare,33.715999999999994,34.176,34.0815,34.3166,33.963252904414915,34.1226502939702,-0.15939738955528782,-0.08793026036270038,33.25,20131600.0,34.37,20627500.0,34.63,25931800.0,43.431635388739885,-2.3858015711376246,-3.11868322263934,0.009022556390977376,0.007819306454638962
PFE,2023-04-24,33.53,33.54,33.13,33.3,33.3,17633700,Healthcare,33.504,34.024,34.0615,34.2594,33.86121399604339,34.0617132351576,-0.2004992391142082,-0.11044405611300195,33.55,19227100.0,34.36,17608600.0,34.82,15137300.0,32.954545454545325,-3.0849825378347018,-4.365307294658249,-0.007451564828613977,0.007286337790627764
PFE,2023-04-25,33.17,33.31,32.78,32.82,32.82,24492400,Healthcare,33.3,33.819,34.0245,34.1836,33.70102722742133,33.96973447699777,-0.268707249576444,-0.14209669480569037,33.3,17633700.0,33.84,18541500.0,34.87,15304100.0,31.955922865013648,-3.0141843971631332,-5.878979065098933,-0.014414414414414267,0.007586436830116529
PFE,2023-04-26,32.68,32.7,32.04,32.23,32.23,22401400,Healthcare,33.029999999999994,33.589999999999996,33.9675,34.094,33.47471534627958,33.84086525647942,-0.36614991019983734,-0.18690733788451977,32.82,24492400.0,33.58,17214300.0,34.52,17035100.0,16.847826086956317,-4.020250148898164,-6.633835457705695,-0.017976843388178065,0.00842348546761681
PFE,2023-04-27,32.22,32.4,31.97,32.32,32.32,22434000,Healthcare,32.844,33.361999999999995,33.9045,34.010799999999996,33.29706683146734,33.728208570814274,-0.4311417393469341,-0.23575421817700265,32.23,22401400.0,33.25,20131600.0,34.6,22880900.0,19.034852546916767,-2.796992481203009,-6.589595375722546,0.0027924294135899252,0.008481794095396672
PFE,2023-04-28,32.29,32.47,32.22,32.45,32.45,21015300,Healthcare,32.624,33.17,33.8425,33.9368,33.16674885739544,33.63352645445766,-0.4667775970622188,-0.2819588939540459,32.32,22434000.0,33.55,19227100.0,34.37,20627500.0,17.711171662125338,-3.2786885245901454,-5.586267093395392,0.004022277227722748,0.009143003591054409
PFE,2023-05-01,32.54,32.98,32.42,32.72,32.72,23917800,Healthcare,32.507999999999996,33.006,33.7765,33.8744,33.09801826394999,33.56585782820154,-0.46783956425154827,-0.3191350280135464,32.45,21015300.0,33.3,17633700.0,34.36,17608600.0,22.365038560411293,-1.7417417417417314,-4.772991850989527,0.008320493066255708,0.010067271137370763
PFE,2023-05-02,32.78,33.48,32.23,32.59,32.59,38834100,Healthcare,32.462,32.881,33.681,33.8052,33.01986160795769,33.49357206314957,-0.4737104551918847,-0.35005011344921405,32.72,23917800.0,32.82,24492400.0,33.84,18541500.0,23.705722070844644,-0.7007921998781086,-3.6938534278959767,-0.003973105134474242,0.009394580907299454
PFE,2023-05-03,32.71,32.87,32.01,32.08,32.08,27721900,Healthcare,32.432,32.731,33.5785,33.7342,32.87526751442574,33.38886302143479,-0.5135955070090503,-0.3827591921611813,32.59,38834100.0,32.23,22401400.0,33.58,17214300.0,19.268292682926813,-0.46540490226496534,-4.466944609886836,-0.01564897207732452,0.010080901897431075
PFE,2023-05-04,31.85,32.07,31.72,31.9,31.9,23675100,Healthcare,32.348,32.596,33.440000000000005,33.665,32.72522635836024,33.278576871698874,-0.5533505133386356,-0.41687745639667223,32.08,27721900.0,32.32,22434000.0,33.25,20131600.0,19.506172839506164,-1.2995049504950562,-4.060150375939853,-0.005610972568578565,0.009920860428187454
PFE,2023-05-05,32.02,32.12,31.78,32.12,32.12,19225100,Healthcare,32.282,32.452999999999996,33.3145,33.6014,32.632114610920205,33.19275636268414,-0.5606417517639386,-0.44563031547012555,31.9,23675100.0,32.45,21015300.0,33.55,19227100.0,23.70892018779338,-1.0169491525423902,-4.262295081967215,0.006896551724137945,0.009627026399922387
PFE,2023-05-08,32.15,32.32,32.0,32.27,32.27,20101700,Healthcare,32.192,32.35,33.187,33.55,32.576404670778636,33.124404039522354,-0.5479993687437172,-0.4661041261248439,32.12,19225100.0,32.72,23917800.0,33.3,17633700.0,29.820051413881785,-1.3753056234718675,-3.09309309309308,0.004669987546700005,0.009944617814102927
PFE,2023-05-09,32.11,32.27,32.03,32.11,32.11,15987900,Healthcare,32.096000000000004,32.278999999999996,33.049,33.5116,32.504650106043464,33.04926299955773,-0.5446128935142696,-0.4818058796027291,32.27,20101700.0,32.59,38834100.0,32.82,24492400.0,30.606860158311406,-1.4728444308070077,-2.1633150517976873,-0.004958165478772925,0.00916761879975832
PFE,2023-05-10,32.27,32.31,31.77,31.96,31.96,15858200,Healthcare,32.071999999999996,32.252,32.921,33.473800000000004,32.42085778203678,32.96857685144234,-0.5477190694055665,-0.4949885175632966,32.11,15987900.0,32.08,27721900.0,32.23,22401400.0,32.1329639889197,-0.37406483790523026,-0.8377288240769332,-0.004671441918405406,0.007412323154649726
PFE,2023-05-11,31.71,31.76,31.38,31.7,31.7,28566400,Healthcare,32.032,32.190000000000005,32.775999999999996,33.4372,32.30995658480035,32.87460819577995,-0.5646516109796025,-0.5089211362465578,31.96,15858200.0,31.9,23675100.0,32.32,22434000.0,24.08963585434185,-0.6269592476489061,-1.9183168316831756,-0.008135168961201589,0.00762371326136769
PFE,2023-05-12,31.72,31.81,31.4,31.5,31.5,16541300,Healthcare,31.908000000000005,32.095,32.6325,33.3894,32.18534787944645,32.77278536646292,-0.5874374870164729,-0.5246244064005409,31.7,28566400.0,32.12,19225100.0,32.45,21015300.0,24.4318181818183,-1.9302615193026118,-2.927580893682602,-0.006309148264984188,0.0074281710036540995
PFE,2023-05-15,31.46,31.51,31.22,31.34,31.34,16650400,Healthcare,31.722,31.957,32.4815,33.3294,32.05529435953161,32.666653117095294,-0.6113587575636856,-0.5419712766331699,31.5,16541300.0,32.27,20101700.0,32.72,23917800.0,26.8750000000001,-2.8819336845367305,-4.217603911980438,-0.005079365079365128,0.006292576181309412
PFE,2023-05-16,31.22,31.41,31.06,31.22,31.22,25451700,Healthcare,31.544,31.82,32.3505,33.267799999999994,31.926787534988282,32.55949362694009,-0.6327060919518068,-0.5601182396968973,31.34,16650400.0,32.11,15987900.0,32.59,38834100.0,31.501831501831603,-2.7717222049205903,-4.203743479594979,-0.0038289725590300305,0.006293527271230092
PFE,2023-05-17,31.19,31.25,30.79,31.0,31.0,23206400,Healthcare,31.351999999999997,31.712,32.2215,33.2146,31.78420483729778,32.44397558050008,-0.6597707432023014,-0.5800487403979782,31.22,25451700.0,31.96,15858200.0,32.08,27721900.0,26.923076923076977,-3.0037546933667114,-3.366583541147128,-0.007046764894298452,0.005025094008156592
PFE,2023-05-18,30.96,31.02,30.51,30.77,30.77,27772400,Healthcare,31.166000000000004,31.599,32.097500000000004,33.1604,31.62817332386735,32.319977389351926,-0.6918040654845754,-0.6023998054152976,31.0,23206400.0,31.7,28566400.0,31.9,23675100.0,21.621621621621614,-2.933753943217665,-3.542319749216294,-0.007419354838709702,0.005144331812542381
PFE,2023-05-19,30.91,31.76,30.8,31.01,31.01,33068300,Healthcare,31.068,31.488,31.970500000000005,33.122,31.533069735580064,32.22294202717771,-0.689872291597645,-0.6198943026517671,30.77,27772400.0,31.5,16541300.0,32.12,19225100.0,20.8191126279865,-1.5555555555555545,-3.4557907845578995,0.007799805004874871,0.0053525940999681046
PFE,2023-05-22,31.09,32.78,31.0,32.68,32.68,85718600,Healthcare,31.336000000000002,31.529000000000003,31.9395,33.1182,31.709520545490825,32.256798173312696,-0.5472776278218703,-0.6053709676857878,31.01,33068300.0,31.34,16650400.0,32.27,20101700.0,51.006711409395926,4.275686024250169,1.2705299039355245,0.053853595614317795,0.01896905452404806
PFE,2023-05-23,32.51,33.86,32.05,33.43,33.43,75379500,Healthcare,31.778,31.661,31.970000000000006,33.1216,31.97420969233839,32.34370201232657,-0.36949231998817567,-0.5581952381462654,32.68,85718600.0,31.22,25451700.0,32.11,15987900.0,64.33121019108279,7.078795643818059,4.110868888196828,0.02294981640146876,0.019953734565612925
PFE,2023-05-24,33.82,33.86,32.56,32.58,32.58,39326400,Healthcare,32.094,31.722999999999995,31.9875,33.1074,32.06740820120941,32.36120556696904,-0.2937973657596302,-0.5053156636689384,33.43,75379500.0,31.0,23206400.0,31.96,15858200.0,56.319702602230464,5.096774193548392,1.9399249061326618,-0.025426263834878893,0.021958975722237515
PFE,2023-05-25,32.48,32.48,31.76,31.91,31.91,30266600,Healthcare,32.321999999999996,31.744,31.966999999999995,33.0734,32.0431915548695,32.32778293237874,-0.284591377509237,-0.4611708064369982,32.58,39326400.0,30.77,27772400.0,31.7,28566400.0,48.1989708404803,3.7049073773155694,0.662460567823353,-0.020564763658686203,0.022935036955787014
PFE,2023-05-26,32.08,32.42,31.68,31.71,31.71,20234600,Healthcare,32.462,31.764999999999997,31.93,33.034,31.99193131565881,32.28202123368402,-0.29008991802520967,-0.4269546287546405,31.91,30266600.0,31.01,33068300.0,31.5,16541300.0,45.23809523809521,2.2573363431151128,0.6666666666666599,-0.006267627702914447,0.022933591980863647
PFE,2023-05-30,31.51,31.51,31.14,31.22,31.22,24371100,Healthcare,32.17,31.753000000000004,31.855,32.9892,31.8731726517113,32.20335299415187,-0.3301803424405705,-0.4075997714918265,31.71,20234600.0,32.68,85718600.0,31.34,16650400.0,42.8341384863124,-4.467564259485924,-0.38289725590300305,-0.015452538631346657,0.02346244561456089
PFE,2023-05-31,31.29,32.24,31.1,32.07,32.07,46166300,Healthcare,31.898000000000003,31.838,31.828999999999997,32.949600000000004,31.903453782217255,32.19347499458507,-0.29002121236781164,-0.3840840596670236,31.22,24371100.0,33.43,75379500.0,31.22,25451700.0,50.795947901591894,-4.068202213580618,2.722613709160804,0.027226137091608038,0.024929347291501414
PFE,2023-06-01,32.15,32.23,31.8,32.07,32.07,20256100,Healthcare,31.796,31.945,31.828500000000002,32.912400000000005,31.929076277260755,32.184328698689875,-0.25525242142911964,-0.35831773201944284,32.07,46166300.0,32.58,39326400.0,31.0,23206400.0,52.78195488721805,-1.5653775322283514,3.451612903225798,0.0,0.024713555503720126
PFE,2023-06-02,32.26,32.61,32.19,32.35,32.35,22736400,Healthcare,31.884000000000004,32.102999999999994,31.851,32.891799999999996,31.99383377306679,32.19660064693507,-0.20276687386827774,-0.32720756038920984,32.07,20256100.0,31.91,30266600.0,30.77,27772400.0,56.315007429420504,1.3788780946411894,5.134871628209292,0.008730901153726212,0.024434488699553322
PFE,2023-06-05,32.46,32.91,32.45,32.6,32.6,18392200,Healthcare,32.062,32.262,31.875,32.873200000000004,32.0870901156719,32.22648208049544,-0.13939196482353822,-0.2896444412760755,32.35,22736400.0,31.71,20234600.0,31.01,33068300.0,59.2375366568915,2.8066855881425434,5.127378265075788,0.007727975270479082,0.024433677797941592
PFE,2023-06-06,32.73,32.78,32.3,32.36,32.36,19508200,Healthcare,32.29,32.230000000000004,31.879499999999997,32.846399999999996,32.129076251722374,32.236372296755036,-0.10729604503266188,-0.2531747620273928,32.6,18392200.0,31.22,24371100.0,32.68,85718600.0,58.21325648414985,3.65150544522741,-0.9791921664626724,-0.007361963190184118,0.01763346981746569
PFE,2023-06-07,32.35,32.94,32.16,32.8,32.8,25295100,Healthcare,32.436,32.167,31.913999999999998,32.831199999999995,32.23229528991893,32.2781224969954,-0.0458272070764707,-0.2117052510372084,32.36,19508200.0,32.07,46166300.0,33.43,75379500.0,62.5698324022346,2.276270657935764,-1.8845348489380909,0.013597033374536327,0.016438798078620198
PFE,2023-06-08,32.93,33.05,32.67,32.97,32.97,17347600,Healthcare,32.616,32.206,31.964500000000005,32.8232,32.345788322239095,32.32937268240315,0.01641563983594807,-0.16608107286257712,32.8,25295100.0,32.07,20256100.0,32.58,39326400.0,65.49295774647885,2.8063610851262855,1.1970534069981609,0.005182926829268242,0.014250522873202366
PFE,2023-06-09,33.13,33.39,32.78,32.87,32.87,19775100,Healthcare,32.720000000000006,32.302,32.023,32.809,32.42643627266385,32.36941915037328,0.0570171222905671,-0.12146143383194828,32.97,17347600.0,32.35,22736400.0,31.91,30266600.0,63.36206896551721,1.607418856259657,3.0084612973989344,-0.003033060357901185,0.012194288058126508
PFE,2023-06-12,32.9,33.8,32.89,33.65,33.65,28334600,Healthcare,32.92999999999999,32.495999999999995,32.1305,32.8082,32.61467684610018,32.46427699108637,0.15039985501380926,-0.06708917606279677,32.87,19775100.0,32.6,18392200.0,31.71,20234600.0,57.99011532125204,3.220858895705514,6.1179438662882335,0.0237298448433223,0.013291852696972495
PFE,2023-06-13,33.46,34.05,33.27,33.97,33.97,26533800,Healthcare,33.251999999999995,32.771,32.26199999999999,32.806799999999996,32.82318810054631,32.57581202878367,0.24737607176263765,-0.004196126497709889,33.65,28334600.0,32.36,19508200.0,31.22,24371100.0,54.78723404255317,4.9752781211372055,8.808456117873153,0.009509658246656727,0.010944920874801374
PFE,2023-06-14,34.01,34.02,33.16,33.2,33.2,22056400,Healthcare,33.332,32.884,32.361000000000004,32.7808,32.88115916200073,32.6220481747997,0.25911098720102643,0.04846529624203738,33.97,26533800.0,32.8,25295100.0,32.07,46166300.0,55.57553956834536,1.2195121951219745,3.523542251325229,-0.022667059169855674,0.012706052025481248
PFE,2023-06-15,33.24,33.59,33.13,33.53,33.53,19905900,Healthcare,33.444,33.03,32.4875,32.7688,32.98098082938523,32.689303865555274,0.291676963829957,0.09710762975962131,33.2,22056400.0,32.97,17347600.0,32.07,20256100.0,65.51724137931035,1.698513800424628,4.552541315871528,0.009939759036144524,0.01278674200223963
PFE,2023-06-16,33.62,34.04,33.61,33.79,33.79,60338600,Healthcare,33.628,33.174,32.6385,32.7512,33.10544531717212,32.77083691255118,0.334608404620937,0.14460778473188446,33.53,19905900.0,32.87,19775100.0,32.35,22736400.0,69.69696969696967,2.7989047763918418,4.451313755795971,0.007754249925439938,0.012754827901747692
PFE,2023-06-20,33.49,33.63,33.17,33.18,33.18,26881200,Healthcare,33.534000000000006,33.232,32.747,32.7222,33.11691526837641,32.801145289399244,0.3157699789771655,0.1788402235809407,33.79,60338600.0,33.65,28334600.0,32.6,18392200.0,68.14814814814815,-1.3967310549777068,1.7791411042944683,-0.018052678307191483,0.014501761968209126
PFE,2023-06-21,33.06,33.1,32.69,32.81,32.81,17982900,Healthcare,33.30200000000001,33.277,32.7535,32.681999999999995,33.06969753478004,32.80180119388819,0.267896340891852,0.19665144704312298,33.18,26881200.0,33.97,26533800.0,32.36,19508200.0,57.520325203252064,-3.414777745069164,1.3906056860321536,-0.011151295961422503,0.014815615778845452
PFE,2023-06-22,32.84,32.89,32.4,32.67,32.67,18039800,Healthcare,33.196,33.263999999999996,32.715500000000006,32.638000000000005,33.00820560635234,32.79203814248906,0.2161674638632789,0.20055465040715417,32.81,17982900.0,33.2,22056400.0,32.8,25295100.0,55.928853754940725,-1.5963855421686768,-0.39634146341461785,-0.004266991770801587,0.014258910752919638
PFE,2023-06-23,32.65,32.78,32.29,32.3,32.3,23492200,Healthcare,32.95,33.197,32.701499999999996,32.5936,32.89925089768275,32.75559087267506,0.1436600250076907,0.18917572532726148,32.67,18039800.0,33.53,19905900.0,32.97,17347600.0,49.514563106796075,-3.6683566954965774,-2.032150439793756,-0.011325374961738688,0.014506367956364983
PFE,2023-06-26,31.22,31.25,30.5,31.11,31.11,56135500,Healthcare,32.414,33.021,32.661500000000004,32.5238,32.62398152880848,32.633695252476905,-0.009713723668426155,0.14939783552812397,32.3,23492200.0,33.79,60338600.0,32.87,19775100.0,37.76683087027912,-7.931340633323469,-5.354426528749611,-0.03684210526315779,0.018243621698815608
PFE,2023-06-27,31.17,31.21,30.6,30.72,30.72,32414900,Healthcare,31.921999999999997,32.728,32.612,32.4508,32.33106129360718,32.491940048589726,-0.1608787549825479,0.08734251742598961,31.11,56135500.0,33.18,26881200.0,33.65,28334600.0,36.85897435897434,-7.414104882459316,-8.7072808320951,-0.012536162005785889,0.015168964203127404
PFE,2023-06-28,30.79,30.82,30.39,30.61,30.61,30062000,Healthcare,31.482,32.392,32.5815,32.3758,32.066282633052225,32.352537082027524,-0.28625444897529917,0.012623124145731857,30.72,32414900.0,32.81,17982900.0,33.97,26533800.0,31.472081218274127,-6.70527278268821,-9.89108036502796,-0.0035807291666666297,0.013910229018395176
PFE,2023-06-29,30.36,30.55,30.16,30.46,30.46,26284900,Healthcare,31.04,32.118,32.501,32.3082,31.81916222796727,32.21234915002549,-0.39318692205822003,-0.06853888509505852,30.61,30062000.0,32.67,18039800.0,33.2,22056400.0,28.692699490662136,-6.764615855524947,-8.253012048192776,-0.004900359359686357,0.013271236714464282
PFE,2023-06-30,30.54,31.0,30.48,30.94,30.94,30867900,Healthcare,30.768,31.858999999999998,32.4445,32.2554,31.68390650058769,32.11810106483841,-0.4341945642507241,-0.14167002092619166,30.46,26284900.0,32.3,23492200.0,33.53,19905900.0,34.6092503987241,-4.210526315789465,-7.724425887265129,0.01575837163493099,0.014260065398255176
PFE,2023-07-03,30.79,30.99,30.66,30.91,30.91,14115800,Healthcare,30.728,31.571000000000005,32.372499999999995,32.2086,31.564843962035738,32.0286120970726,-0.4637681350368652,-0.2060896437483264,30.94,30867900.0,31.11,56135500.0,33.79,60338600.0,25.181159420289845,-0.64288010286081,-8.523231725362535,-0.0009696186166774368,0.013438169558341165
PFE,2023-07-05,30.85,31.22,30.69,30.75,30.75,26829400,Healthcare,30.734,31.328000000000003,32.279999999999994,32.1526,31.439483352491777,31.93390008988204,-0.4944167373902637,-0.2637550624767139,30.91,14115800.0,30.72,32414900.0,33.18,26881200.0,19.96268656716414,0.09765625,-7.3236889692585905,-0.0051763183435781235,0.013063332491479694
PFE,2023-07-06,30.53,30.59,30.04,30.05,30.05,30177300,Healthcare,30.621999999999996,31.052,32.164500000000004,32.087599999999995,31.225716682877657,31.794351935075962,-0.5686352521983054,-0.3247311004210322,30.75,26829400.0,30.61,30062000.0,32.81,17982900.0,20.226843100188987,-1.8294674942829103,-8.412069491008845,-0.02276422764227637,0.013912649867596686
PFE,2023-07-07,29.96,30.17,29.82,29.97,29.97,22903300,Healthcare,30.524,30.782,32.022999999999996,32.0306,31.03252950089648,31.659214754699963,-0.6266852538034833,-0.38512193109752246,30.05,30177300.0,30.46,26284900.0,32.67,18039800.0,14.682539682539655,-1.6086671043992196,-8.264462809917362,-0.0026622296173045568,0.013978057278211498
PFE,2023-07-10,30.0,30.37,29.98,30.09,30.09,17777500,Healthcare,30.354000000000003,30.560999999999996,31.878999999999998,31.987800000000004,30.88752496229702,31.54297662472219,-0.6554516624251683,-0.43918787736305165,29.97,22903300.0,30.94,30867900.0,32.3,23492200.0,12.244897959183689,-2.7472527472527486,-6.842105263157883,0.004004004004004136,0.014465819221983952
PFE,2023-07-11,30.06,30.4,30.04,30.38,30.38,17731300,Healthcare,30.248,30.488,31.7545,31.949,30.80944419886671,31.456830208076102,-0.6473860092093915,-0.48082750373231964,30.09,17777500.0,30.91,14115800.0,31.11,56135500.0,19.43231441048036,-1.714655451310254,-2.346512375441978,0.009637753406447347,0.010803763290304741
PFE,2023-07-12,30.53,30.57,30.3,30.36,30.36,17229700,Healthcare,30.169999999999998,30.451999999999998,31.589999999999996,31.907200000000003,30.7402989375026,31.37558352599639,-0.6352845884937892,-0.5117189206846136,30.38,17731300.0,30.75,26829400.0,30.72,32414900.0,21.0401891252955,-1.2682926829268304,-1.171875,-0.0006583278472679366,0.010191225521887457
PFE,2023-07-13,30.37,30.67,30.3,30.41,30.41,16664400,Healthcare,30.241999999999997,30.432,31.412,31.861,30.689483716348356,31.30405882036703,-0.6145751040186731,-0.5322901573514255,30.36,17229700.0,30.05,30177300.0,30.61,30062000.0,22.705314009661848,1.1980033277870117,-0.6533812479581846,0.0016469038208168918,0.010185688319224508
PFE,2023-07-14,30.62,30.78,30.37,30.63,30.63,17915100,Healthcare,30.374000000000002,30.449,31.283499999999997,31.821800000000003,30.680332375371687,31.25412853737688,-0.5737961620051912,-0.5405913582821786,30.41,16664400.0,29.97,22903300.0,30.46,26284900.0,29.07268170426066,2.202202202202197,0.5581089954038054,0.0072344623479119186,0.010339237676378912
PFE,2023-07-17,30.46,30.46,30.18,30.25,30.25,20557300,Healthcare,30.406,30.380000000000003,31.1195,31.7852,30.614127394545275,31.179748645719332,-0.5656212511740577,-0.5455973368605544,30.63,17915100.0,30.09,17777500.0,30.94,30867900.0,36.47798742138365,0.5317381189763992,-2.2301228183581157,-0.012406137773424697,0.009559427876014335
PFE,2023-07-18,30.3,30.77,30.26,30.57,30.57,22808300,Healthcare,30.444,30.345999999999997,30.958499999999997,31.7586,30.607338564615233,31.13458207936975,-0.5272435147545167,-0.5419265724393469,30.25,20557300.0,30.38,17731300.0,30.91,14115800.0,47.58842443729906,0.6254114549045564,-1.099967648010347,0.010578512396694162,0.01038774517204301
PFE,2023-07-19,30.65,30.95,30.54,30.73,30.73,18589700,Healthcare,30.518,30.344,30.836000000000002,31.7308,30.62620955467443,31.104613036453472,-0.47840348177904346,-0.5292219543072862,30.57,22808300.0,30.36,17229700.0,30.75,26829400.0,51.8987341772152,1.218708827404491,-0.06504065040650042,0.005233889434085759,0.010450451140905767
PFE,2023-07-20,30.7,31.27,30.67,31.01,31.01,22358400,Healthcare,30.637999999999998,30.440000000000005,30.746,31.7056,30.68525423857067,31.097604663382842,-0.4123504248121712,-0.5058476484082632,30.73,18589700.0,30.41,16664400.0,30.05,30177300.0,58.358662613981764,1.9730351857941475,3.1946755407654015,0.009111617312072884,0.007048266984057905
PFE,2023-07-21,31.04,31.57,31.04,31.54,31.54,24149700,Healthcare,30.82,30.596999999999998,30.6895,31.694200000000002,30.816753586482875,31.13037468831745,-0.31362110183457403,-0.46740233909352547,31.01,22358400.0,30.63,17915100.0,29.97,22903300.0,58.98203592814368,2.9709435194253953,5.238571905238576,0.017091260883585813,0.007942770221009018
PFE,2023-07-24,31.55,31.88,31.52,31.64,31.64,19414700,Healthcare,31.098000000000003,30.752000000000002,30.6565,31.687800000000003,30.943406880870125,31.168124711405046,-0.2247178305349209,-0.4188654373818046,31.54,24149700.0,30.25,20557300.0,30.09,17777500.0,60.70381231671555,4.595041322314053,5.151213027583923,0.003170577045022327,0.007960453597201562
PFE,2023-07-25,31.54,31.81,31.25,31.26,31.26,21771000,Healthcare,31.236,30.840000000000003,30.663999999999998,31.679000000000002,30.992113514582414,31.174930288338004,-0.18281677375559013,-0.3716557046565617,31.64,19414700.0,30.57,22808300.0,30.38,17731300.0,57.02479338842978,2.257114818449457,2.896642527978943,-0.012010113780025256,0.009393051400790853
PFE,2023-07-26,31.1,31.5,31.0,31.38,31.38,20983700,Healthcare,31.366000000000003,30.942,30.696999999999996,31.676599999999997,31.051788358492814,31.190120637350006,-0.13833227885719168,-0.32499101949668774,31.26,21771000.0,30.73,18589700.0,30.36,17229700.0,71.80327868852459,2.1151968760169115,3.359683794466406,0.0038387715930900956,0.00931109584513656
PFE,2023-07-27,31.43,31.56,30.86,30.87,30.87,25346300,Healthcare,31.338,30.988,30.709999999999997,31.6672,31.02382091872469,31.1664079975463,-0.14258707882160948,-0.2885102313616721,31.38,20983700.0,31.01,22358400.0,30.41,16664400.0,62.931034482758676,-0.4514672686230292,1.5126603091088375,-0.016252390057361343,0.011202908958330692
PFE,2023-07-28,31.0,31.09,30.72,30.76,30.76,24054100,Healthcare,31.182,31.000999999999998,30.725000000000005,31.658,30.98323308507474,31.13630370143176,-0.15307061635702013,-0.2614223083607417,30.87,25346300.0,31.54,24149700.0,30.63,17915100.0,59.65417867435163,-2.473050095117302,0.42442050277506915,-0.003563330093942274,0.011115133093789895
PFE,2023-07-31,30.86,30.86,30.63,30.75,30.75,40265200,Healthcare,31.004,31.051,30.715500000000002,31.653000000000002,30.94735107198632,31.107688612436817,-0.16033754045049875,-0.24120535477869312,30.76,24054100.0,31.64,19414700.0,30.25,20557300.0,55.799373040752386,-2.8128950695322397,1.6528925619834656,-0.00032509752925879987,0.010175864022963745
PFE,2023-08-01,30.6,31.49,30.16,30.37,30.37,40931600,Healthcare,30.826,31.031,30.688499999999998,31.645,30.858527830142272,31.05304501151557,-0.19451718137329976,-0.23186772009761444,30.75,40265200.0,31.26,21771000.0,30.57,22808300.0,50.140845070422564,-2.847088931541908,-0.6542361792607143,-0.012357723577235746,0.010527947004195575
PFE,2023-08-02,30.39,30.61,30.09,30.15,30.15,34301600,Healthcare,30.580000000000002,30.972999999999995,30.658500000000004,31.6278,30.749523548581923,30.986152788440346,-0.23662923985842355,-0.23282002404977628,30.37,40931600.0,31.38,20983700.0,30.73,18589700.0,46.505376344085995,-3.9196940726577423,-1.8874064432151005,-0.007243990780375409,0.010498261977575177
PFE,2023-08-03,30.0,30.09,29.78,29.85,29.85,25676500,Healthcare,30.375999999999998,30.857,30.648500000000002,31.571199999999997,30.61113531033855,30.901993322629952,-0.29085801229140174,-0.2444276216981014,30.15,34301600.0,30.87,25346300.0,31.01,22358400.0,39.73684210526317,-3.3041788143828965,-3.740728797162207,-0.00995024875621886,0.010004937396163675
PFE,2023-08-04,29.81,30.14,29.56,29.87,29.87,25746500,Healthcare,30.198,30.690000000000005,30.6435,31.5,30.49711449336339,30.82554937280551,-0.3284348794421206,-0.26122907324690525,29.85,25676500.0,30.76,24054100.0,31.54,24149700.0,44.47674418604652,-2.893368010403119,-5.294863665187055,0.0006700167504187782,0.00713960540548444
PFE,2023-08-07,29.86,30.57,29.76,30.43,30.43,31069100,Healthcare,30.134000000000004,30.569,30.660500000000003,31.456999999999997,30.4867891866921,30.796249419264363,-0.3094602325722633,-0.2708753051119769,29.87,25746500.0,30.75,40265200.0,31.64,19414700.0,48.09782608695651,-1.0406504065040623,-3.82427307206068,0.018747907599598213,0.010242831207613063
PFE,2023-08-08,31.02,31.02,30.18,30.39,30.39,25225500,Healthcare,30.137999999999998,30.482,30.661,31.426599999999997,30.471898542585624,30.766156869689226,-0.2942583271036021,-0.27555190951030195,30.43,31069100.0,30.37,40931600.0,31.26,21771000.0,45.22471910112359,0.06585446163978048,-2.7831094049904026,-0.0013144922773578038,0.009846189015098919
PFE,2023-08-09,30.36,30.75,30.28,30.57,30.57,17210500,Healthcare,30.221999999999998,30.401,30.6715,31.403799999999997,30.486991074495528,30.751626731193728,-0.2646356566982,-0.27336865894788154,30.39,25225500.0,30.15,34301600.0,31.38,20983700.0,43.64161849710979,1.3930348258706537,-2.581261950286806,0.005923000987166915,0.01002223100541805
PFE,2023-08-10,30.55,30.78,30.36,30.46,30.46,18955200,Healthcare,30.344,30.360000000000003,30.674,31.3886,30.482838601496216,30.7300247511053,-0.24718614960908525,-0.2681321570801223,30.57,17210500.0,29.85,25676500.0,30.87,25346300.0,32.236842105263136,2.043551088777207,-1.3281503077421486,-0.00359829898593389,0.008830237572025198
PFE,2023-08-11,30.38,30.94,30.35,30.74,30.74,16609400,Healthcare,30.518,30.357999999999997,30.6795,31.362,30.522401893573722,30.730763658430835,-0.20836176485711277,-0.2561780786355204,30.46,18955200.0,29.87,25746500.0,30.76,24054100.0,36.02484472049681,2.9126213592232997,-0.06501950585177108,0.009192383453709763,0.009371859493641483
PFE,2023-08-14,30.55,31.14,30.55,30.76,30.76,20295500,Healthcare,30.584000000000003,30.359,30.705000000000002,31.3358,30.558955448408533,30.732929313361883,-0.17397386495335,-0.23973723589908633,30.74,16609400.0,30.43,31069100.0,30.75,40265200.0,41.25874125874123,1.0844561288202437,0.032520325203266864,0.0006506180871830303,0.00937347456826537
PFE,2023-08-15,30.6,30.63,30.16,30.18,30.18,20484300,Healthcare,30.542,30.339999999999996,30.6855,31.2924,30.500654610191834,30.69197158644619,-0.19131697625435606,-0.2300531839701403,30.76,20295500.0,30.39,25225500.0,30.37,40931600.0,31.92771084337349,-0.691016781836129,-0.6256173855778813,-0.01885565669700917,0.010489640393587324
PFE,2023-08-16,29.97,30.4,29.84,30.26,30.26,22215600,Healthcare,30.48,30.351000000000006,30.662,31.2456,30.463630824008476,30.65997369115388,-0.19634286714540394,-0.22331112060519304,30.18,20484300.0,30.57,17210500.0,30.15,34301600.0,39.44636678200693,-1.0140660778541033,0.3648424543946982,0.002650762094102088,0.010255022648755914
PFE,2023-08-17,30.36,31.32,30.35,31.14,31.14,31113600,Healthcare,30.616000000000003,30.48,30.6685,31.2212,30.567687620314864,30.69553119551285,-0.12784357519798561,-0.20421761152375156,30.26,22215600.0,30.46,18955200.0,29.85,25676500.0,55.19125683060108,2.2324359816152217,4.321608040201008,0.02908129543952409,0.012947444402107919
PFE,2023-08-18,31.09,31.43,30.97,31.26,31.26,24145100,Healthcare,30.72,30.619,30.654500000000002,31.190400000000004,30.6741972171895,30.737343699548934,-0.0631464823594321,-0.1760033856908877,31.14,31113600.0,30.74,16609400.0,29.87,25746500.0,56.763925729442995,1.6916070266753458,4.653498493471719,0.003853564547206201,0.012886866439242826
PFE,2023-08-21,31.31,31.72,31.25,31.56,31.56,28496500,Healthcare,30.880000000000003,30.732,30.6505,31.162200000000002,30.810474568391115,30.79828120328605,0.012193365105066079,-0.13836403553169693,31.26,24145100.0,30.76,20295500.0,30.43,31069100.0,66.12466124661245,2.6007802340702213,3.7134406835359846,0.00959692898272535,0.012072373684611238
PFE,2023-08-22,31.56,31.68,30.46,31.42,31.42,18524100,Healthcare,31.127999999999997,30.835,30.658500000000004,31.1332,30.904247711715563,30.844334447487082,0.059913264228480756,-0.09870857557966141,31.56,28496500.0,30.18,20484300.0,30.39,25225500.0,67.59002770083111,4.108681245858192,3.3892727871010164,-0.004435994930291454,0.012255915579806338
PFE,2023-08-23,31.63,31.67,31.18,31.26,31.26,19370900,Healthcare,31.328000000000003,30.904000000000003,30.652500000000003,31.0854,30.95897883299009,30.875124488413963,0.08385434457612817,-0.0621959915485035,31.42,18524100.0,30.26,22215600.0,30.57,17210500.0,70.31700288184442,3.304692663582287,2.257114818449457,-0.005092297899427112,0.012497182859588053
PFE,2023-08-24,31.11,31.25,30.75,30.84,30.84,19380800,Healthcare,31.268,30.941999999999997,30.651000000000003,31.022800000000004,30.940674397145465,30.87252267445737,0.06815172268809278,-0.03612644870118425,31.26,19370900.0,31.14,31113600.0,30.46,18955200.0,62.53229974160206,-0.9633911368015391,1.2475377544320487,-0.013435700575815779,0.013370142147762236
PFE,2023-08-25,30.82,31.29,30.67,31.03,31.03,16421300,Healthcare,31.222,30.971000000000004,30.664499999999997,30.979400000000002,30.954416797584624,30.884187661534604,0.07022913605002046,-0.014855331750943309,30.84,19380800.0,31.26,24145100.0,30.74,16609400.0,58.57142857142859,-0.7357645553422887,0.9433962264151052,0.006160830090791158,0.013205176053177272
PFE,2023-08-28,31.08,31.15,30.73,30.88,30.88,15101900,Healthcare,31.086000000000002,30.982999999999997,30.671,30.926399999999997,30.94296805949468,30.883877464383893,0.05909059511078851,-6.614637859694503e-05,31.03,16421300.0,31.56,28496500.0,30.76,20295500.0,56.78670360110801,-2.154626108998736,0.39011703511051543,-0.004834031582339748,0.013335362506971867
PFE,2023-08-29,30.92,31.5,30.7,30.83,30.83,21076500,Healthcare,30.968,31.048000000000002,30.694,30.867200000000004,30.925588358033963,30.879886541096198,0.04570181693776476,0.009087446284675395,30.88,15101900.0,31.42,18524100.0,30.18,20484300.0,53.73563218390801,-1.877784850413755,2.153744201457908,-0.0016191709844559643,0.011555164946081567
PFE,2023-08-30,30.86,30.92,30.55,30.62,30.62,16833000,Healthcare,30.839999999999996,31.083999999999996,30.7175,30.816,30.878574764490274,30.860635686200183,0.017939078290091004,0.010857772685758518,30.83,21076500.0,31.26,19370900.0,30.26,22215600.0,52.23463687150838,-2.047344849648114,1.1896893588896118,-0.006811547194291223,0.011895882141477668
PFE,2023-08-31,30.65,30.69,30.17,30.17,30.17,27919500,Healthcare,30.706,30.987000000000002,30.7335,30.7632,30.769563262261002,30.80947748722239,-0.03991422496138952,0.0007033731563289101,30.62,16833000.0,30.84,19380800.0,31.14,31113600.0,42.40000000000005,-2.1725032425421453,-3.114964675658316,-0.014696276943174325,0.00789758739751949
PFE,2023-09-01,30.39,30.75,30.36,30.51,30.51,17522500,Healthcare,30.601999999999997,30.912,30.765500000000003,30.72,30.729630452682386,30.787293969650364,-0.05766351696797756,-0.010970004868532383,30.17,27919500.0,31.03,16421300.0,31.26,24145100.0,46.928746928746925,-1.6757976152110832,-2.399232245681382,0.011269472986410234,0.00890968495139734
PFE,2023-09-05,30.67,30.95,30.15,30.17,30.17,25856100,Healthcare,30.46,30.773000000000003,30.752499999999998,30.677400000000002,30.643533459962022,30.741568490417002,-0.09803503045498019,-0.028383009985821946,30.51,17522500.0,30.88,15101900.0,31.56,28496500.0,49.869451697127964,-2.299222797927447,-4.4043092522179865,-0.011143887250081974,0.008194696650060267
PFE,2023-09-06,30.07,30.09,29.22,29.31,29.31,35370200,Healthcare,30.156,30.562,30.698500000000003,30.641399999999997,30.43837446612171,30.63552638001574,-0.19715191389402875,-0.06213679076746331,30.17,25856100.0,30.83,21076500.0,31.42,18524100.0,39.696312364425125,-4.930262731106061,-6.715467854869517,-0.028505137553861526,0.011177493981503044
PFE,2023-09-07,29.4,29.54,29.03,29.24,29.24,26777700,Healthcare,29.880000000000003,30.360000000000003,30.631999999999998,30.611800000000002,30.254009163641445,30.53215405557013,-0.2781448919286831,-0.10533841099970727,29.31,35370200.0,30.62,16833000.0,31.26,19370900.0,24.999999999999986,-4.506858262573488,-6.461932181701869,-0.0023882633913340223,0.011257718798664194
PFE,2023-09-08,29.19,29.33,29.04,29.21,29.21,19467700,Healthcare,29.688,30.197000000000003,30.569499999999998,30.5838,30.09339236923507,30.43421671812049,-0.3408243488854197,-0.15243559857684977,29.24,26777700.0,30.17,27919500.0,30.84,19380800.0,22.37196765498649,-3.1819688432217497,-5.285343709468215,-0.0010259917920655282,0.011103442833615633
PFE,2023-09-11,29.2,29.25,28.6,28.95,28.95,27574400,Healthcare,29.375999999999998,29.988999999999997,30.48,30.553600000000003,29.91748585089121,30.324274739000455,-0.40678888810924363,-0.20330625648332856,29.21,19467700.0,30.51,17522500.0,31.03,16421300.0,14.441416893732992,-5.113077679449363,-6.703190460844355,-0.008901061280383482,0.01036403814510581
PFE,2023-09-12,28.97,29.18,28.78,29.12,29.12,17987200,Healthcare,29.166000000000004,29.813,30.398000000000003,30.5172,29.794795719984872,30.2350692027782,-0.44027348279332656,-0.2506997017453282,28.95,27574400.0,30.17,25856100.0,30.88,15101900.0,18.918918918918962,-3.480278422273786,-5.699481865284972,0.005872193436960327,0.01112245547024334
PFE,2023-09-13,29.18,29.52,29.0,29.06,29.06,23853300,Healthcare,29.115999999999996,29.636000000000003,30.341999999999995,30.4802,29.681750224602585,30.148027039609445,-0.4662768150068608,-0.2938151243976347,29.12,17987200.0,29.31,35370200.0,30.83,21076500.0,19.44444444444447,-0.8529512111907223,-5.74116120661693,-0.002060439560439664,0.01110490928588028
PFE,2023-09-14,29.2,29.32,28.98,29.12,29.12,23759900,Healthcare,29.092000000000002,29.486,30.284999999999997,30.4476,29.595327113125265,30.071876888527264,-0.47654977540199894,-0.33036205459850754,29.06,23853300.0,29.24,26777700.0,30.62,16833000.0,23.456790123456884,-0.41039671682625567,-4.898758981058126,0.002064693737095835,0.011370119317812316
PFE,2023-09-15,29.05,29.35,28.83,29.06,29.06,58063800,Healthcare,29.062,29.375,30.181,30.4278,29.512969095721377,29.99692304493265,-0.48395394921127277,-0.36108043352106056,29.12,23759900.0,29.21,19467700.0,30.17,27919500.0,18.3279742765274,-0.5135227661759778,-3.679151474975151,-0.002060439560439664,0.010857393127267466
PFE,2023-09-18,29.1,29.1,28.52,28.69,28.69,25421900,Healthcare,29.01,29.193,30.0525,30.402200000000004,29.386358465610396,29.900113930493195,-0.5137554648827987,-0.3916154397934082,29.06,58063800.0,28.95,27574400.0,30.51,17522500.0,17.11711711711719,-0.898100172711569,-5.965257292690918,-0.012732278045423207,0.009783301549912702
PFE,2023-09-19,28.61,29.0,28.59,28.99,28.99,30323300,Healthcare,28.984,29.075,29.924,30.3802,29.325380240131874,29.832698083789996,-0.5073178436581216,-0.4147559205663509,28.69,25421900.0,29.12,17987200.0,30.17,25856100.0,24.301675977653645,-0.44642857142858094,-3.9111700364600654,0.010456605088881021,0.010867501902384204
PFE,2023-09-20,29.06,29.07,28.61,28.67,28.67,24651400,Healthcare,28.906,29.011000000000003,29.7865,30.346,29.22455251088082,29.746572299805553,-0.5220197889247338,-0.4362086942380275,28.99,30323300.0,29.06,23853300.0,29.31,35370200.0,23.57723577235774,-1.3420509291121707,-2.183555100648238,-0.011038289065194773,0.0072948629905385835
PFE,2023-09-21,28.54,28.65,28.0,28.02,28.02,26980600,Healthcare,28.686,28.889,29.6245,30.299199999999995,29.03923673997608,29.618678055375515,-0.5794413153994356,-0.4648552184703091,28.67,24651400.0,29.12,23759900.0,29.24,26777700.0,22.365038560411307,-3.7774725274725363,-4.172366621067026,-0.022671782350889513,0.009761654324624548
PFE,2023-09-22,28.21,28.22,27.72,27.88,27.88,28570800,Healthcare,28.45,28.756,29.476499999999998,30.2486,28.860892626133605,29.489887088310663,-0.628994462177058,-0.4976830672116589,28.02,26980600.0,29.06,58063800.0,29.21,19467700.0,14.36314363143633,-4.060564349621476,-4.553235193426919,-0.0049964311206281975,0.009698314473712565
PFE,2023-09-25,27.88,28.13,27.64,28.13,28.13,19443700,Healthcare,28.338,28.674,29.3315,30.198599999999995,28.748447606728433,29.389154711398763,-0.6407071046703301,-0.5262878747033931,27.88,28570800.0,28.69,25421900.0,28.95,27574400.0,21.66666666666667,-1.9518996165911573,-2.832469775474955,0.00896700143472029,0.010437079281478962
PFE,2023-09-26,27.9,28.11,27.6,27.63,27.63,26015500,Healthcare,28.065999999999995,28.525,29.169,30.1462,28.576378744154827,29.258846954998855,-0.6824682108440285,-0.5575239419315202,28.13,19443700.0,28.99,30323300.0,29.12,17987200.0,24.07407407407409,-4.6912728527078285,-5.116758241758246,-0.017774617845716323,0.010916688342959183
PFE,2023-09-27,27.66,27.72,27.21,27.38,27.38,26430100,Healthcare,27.808,28.357,28.996499999999997,30.082400000000003,28.392320475823315,29.11967310648042,-0.727352630657105,-0.5914896796766372,27.63,26015500.0,28.67,24651400.0,29.06,23853300.0,22.807017543859672,-4.4994768050226845,-5.781142463867861,-0.009048136083966707,0.010918132387537107
PFE,2023-09-28,27.34,27.56,27.09,27.37,27.37,28197600,Healthcare,27.677999999999997,28.182,28.833999999999996,30.0152,28.235040402619727,28.990067691185573,-0.7550272885658451,-0.6241972014544788,27.38,26430100.0,28.02,26980600.0,29.12,23759900.0,22.941176470588246,-2.319771591720199,-6.009615384615385,-0.00036523009495970093,0.010747290325539754
PFE,2023-09-29,27.59,28.34,27.55,28.29,28.29,42421400,Healthcare,27.76,28.105,28.74,29.9608,28.243495725293617,28.938210825171826,-0.6947150998782092,-0.638300781139225,27.37,28197600.0,27.88,28570800.0,29.06,58063800.0,41.87192118226601,1.4705882352941124,-2.649690295939433,0.03361344537815114,0.016583110695564163
PFE,2023-10-02,28.1,28.96,27.94,28.95,28.95,44620600,Healthcare,27.924,28.131,28.662,29.909000000000002,28.35218869063306,28.939084097381322,-0.5868954067482619,-0.6280197062610323,28.29,42421400.0,28.13,19443700.0,28.69,25421900.0,48.13186813186811,2.915037326697467,0.9062391077030219,0.02332979851537642,0.017986664618155037
PFE,2023-10-03,28.86,29.09,28.75,28.91,28.91,31059900,Healthcare,28.18,28.122999999999998,28.599,29.854400000000002,28.43800581515105,28.93692971979752,-0.4989239046464675,-0.6022005459381194,28.95,44620600.0,27.63,26015500.0,28.99,30323300.0,48.34437086092717,4.632645674990954,-0.27595722662986377,-0.001381692573402371,0.017685618401253756
PFE,2023-10-04,28.95,29.06,28.15,28.41,28.41,23722300,Healthcare,28.386000000000003,28.096999999999998,28.553999999999995,29.797399999999996,28.433697228204736,28.897897888701404,-0.46420066049666886,-0.5746005688498294,28.91,31059900.0,27.38,26430100.0,28.67,24651400.0,42.85714285714284,3.7618699780862075,-0.9068712940355828,-0.01729505361466621,0.018216844959950965
PFE,2023-10-05,28.53,28.81,28.19,28.54,28.54,21279400,Healthcare,28.619999999999997,28.149,28.519,29.7406,28.45005150078862,28.871386933982784,-0.42133543319416233,-0.543947541718696,28.41,23722300.0,27.37,28197600.0,28.02,26980600.0,44.841269841269835,4.274753379612717,1.855817273376159,0.00457585357268564,0.01653584127207055
PFE,2023-10-06,28.59,28.62,28.2,28.25,28.25,23760400,Healthcare,28.612000000000002,28.186,28.471000000000004,29.6882,28.41927434682114,28.82535827220628,-0.4060839253851398,-0.5163748184519847,28.54,21279400.0,28.29,42421400.0,27.88,28570800.0,45.56451612903223,-0.14139271827500188,1.3271162123386082,-0.010161177295024526,0.01685492253581247
PFE,2023-10-09,28.19,28.54,27.95,28.31,28.31,17468100,Healthcare,28.484,28.203999999999997,28.439,29.639200000000002,28.40246290884866,28.787183585376184,-0.3847206765275253,-0.49004399006709287,28.25,23760400.0,28.95,44620600.0,28.13,19443700.0,42.796610169491515,-2.2107081174438714,0.6398862424457974,0.00212389380530964,0.016653352182957187
PFE,2023-10-10,28.21,28.48,28.15,28.29,28.29,19212100,Healthcare,28.360000000000003,28.27,28.3975,29.59,28.385160922871943,28.750355171644614,-0.3651942487726707,-0.46507404180820844,28.31,17468100.0,28.91,31059900.0,27.63,26015500.0,45.701357466063314,-2.144586648218616,2.3887079261672106,-0.0007064641469445299,0.015367480831809418
PFE,2023-10-11,28.35,28.42,27.99,28.24,28.24,24221200,Healthcare,28.326,28.356,28.3565,29.547400000000003,28.362828473199336,28.712551084856123,-0.3497226116567873,-0.4420037557779242,28.29,19212100.0,28.41,23722300.0,27.38,26430100.0,52.879581151832454,-0.598380851812752,3.140978816654494,-0.0017674089784376346,0.014927394569600395
PFE,2023-10-12,28.24,28.33,27.95,28.08,28.08,21809900,Healthcare,28.233999999999998,28.427,28.3045,29.506,28.319316400399437,28.665695448940852,-0.3463790485414151,-0.4228788143306224,28.24,24221200.0,28.54,21279400.0,27.37,28197600.0,52.60416666666666,-1.6117729502452716,2.5940811107051376,-0.005665722379603388,0.015160213068922672
PFE,2023-10-13,28.09,28.13,27.31,27.38,27.38,32388100,Healthcare,28.060000000000002,28.336000000000002,28.220499999999998,29.4566,28.17480618495337,28.570458749019306,-0.3956525640659372,-0.4174335642776854,28.08,21809900.0,28.25,23760400.0,28.29,42421400.0,41.25874125874124,-3.0796460176991225,-3.2166843407564483,-0.024928774928774877,0.013036532798555942
PFE,2023-10-16,28.0,28.93,27.77,28.37,28.37,63317400,Healthcare,28.071999999999996,28.278,28.204500000000003,29.426599999999997,28.204836002652854,28.555609952795653,-0.35077395014279844,-0.40410164145070804,27.38,32388100.0,28.31,17468100.0,28.95,44620600.0,57.740585774058616,0.21193924408338116,-2.003454231433499,0.03615777940102283,0.016186391240873038
PFE,2023-10-17,28.14,28.31,27.46,27.93,27.93,40015800,Healthcare,28.0,28.18,28.151500000000006,29.376600000000003,28.162553540706263,28.50926847481079,-0.3467149341045257,-0.39262429998147164,28.37,63317400.0,28.29,19212100.0,28.91,31059900.0,55.53319919517104,-1.2725344644750725,-3.3898305084745783,-0.015509340853013809,0.01674263364024482
PFE,2023-10-18,27.75,27.87,26.77,26.79,26.79,30307600,Healthcare,27.709999999999997,28.018,28.057499999999997,29.3046,27.951391457520685,28.381915254454434,-0.4305237969337483,-0.40020419937192697,27.93,40015800.0,28.24,24221200.0,28.41,23722300.0,45.24590163934425,-5.134560906515584,-5.7022175290390775,-0.04081632653061229,0.020216330941379892
PFE,2023-10-19,26.76,26.86,26.36,26.6,26.6,26880300,Healthcare,27.413999999999998,27.824,27.9865,29.2252,27.74348507944058,28.249921531902256,-0.5064364524616778,-0.42145064998987714,26.79,30307600.0,28.08,21809900.0,28.54,21279400.0,34.264432029795174,-5.270655270655256,-6.797477224947435,-0.007092198581560183,0.019893428603371375
PFE,2023-10-20,26.49,26.53,25.99,26.14,26.14,39407900,Healthcare,27.166000000000004,27.613,27.8995,29.1388,27.49679506721895,28.09363104805764,-0.5968359808386907,-0.4565277161596399,26.6,26880300.0,27.38,32388100.0,28.25,23760400.0,22.823984526112184,-4.528853177501824,-7.469026548672564,-0.017293233082706805,0.02015202946440477
PFE,2023-10-23,26.24,26.77,26.04,26.3,26.3,29412100,Healthcare,26.752,27.412,27.808,29.05,27.312672749185264,27.96076948894226,-0.6480967397569977,-0.4948415208791115,26.14,39407900.0,28.37,63317400.0,28.31,17468100.0,25.330812854442343,-7.296439901304197,-7.099964676792647,0.006120887528691776,0.020403290068942467
PFE,2023-10-24,26.34,26.46,25.86,25.95,25.95,26923800,Healthcare,26.356,27.178000000000004,27.724,28.9538,27.10303078777215,27.81182360087246,-0.7087928131003132,-0.5376317793233518,26.3,29412100.0,27.93,40015800.0,28.29,19212100.0,26.07003891050583,-7.08915145005371,-8.271474019088021,-0.013307984790874583,0.020350178754887257
PFE,2023-10-25,25.98,26.44,25.77,26.21,26.21,28857900,Healthcare,26.24,26.975,27.665499999999998,28.8744,26.965641435807203,27.693170000807836,-0.7275285650006325,-0.5756111364588079,25.95,26923800.0,26.79,30307600.0,28.24,24221200.0,27.893738140417497,-2.164986935423663,-7.1883852691218,0.010019267822735989,0.021105014614108006
PFE,2023-10-26,26.11,26.75,26.01,26.57,26.57,27162700,Healthcare,26.234,26.824,27.6255,28.8006,26.904773522606096,27.60997222297022,-0.7051987003641251,-0.6015286492398714,26.21,28857900.0,26.6,26880300.0,28.08,21809900.0,34.26966292134833,-0.11278195488721998,-5.377492877492873,0.01373521556657753,0.02213169960753168
PFE,2023-10-27,26.49,26.55,25.6,25.68,25.68,33877100,Healthcare,26.142000000000003,26.654000000000003,27.494999999999997,28.6914,26.716346826820544,27.467011317565017,-0.7506644907444731,-0.6313558175407917,26.57,27162700.0,26.14,39407900.0,27.38,32388100.0,28.68719611021072,-1.7597551644988552,-6.208911614317014,-0.03349642453895374,0.023120131648221545
PFE,2023-10-30,25.79,26.16,25.68,26.05,26.05,33063500,Healthcare,26.091999999999995,26.422000000000004,27.35,28.5872,26.613831930386617,27.362047516263907,-0.7482155858772899,-0.6547277712080913,25.68,33877100.0,26.3,29412100.0,28.37,63317400.0,32.82208588957059,-0.9505703422053258,-8.17765244977089,0.014408099688473452,0.019425995002087613
PFE,2023-10-31,25.83,26.28,25.33,26.06,26.06,42648200,Healthcare,26.113999999999997,26.235000000000003,27.2075,28.477199999999996,26.528627018019446,27.26559955209621,-0.736972534076763,-0.6711767237818257,26.05,33063500.0,25.95,26923800.0,27.93,40015800.0,33.17901234567903,0.42389210019266876,-6.6953097028285,0.00038387715930898736,0.01942288681733657
PFE,2023-11-01,26.06,26.51,25.99,26.02,26.02,23568300,Healthcare,26.076,26.158000000000005,27.088,28.3692,26.450376707554916,27.173332918607603,-0.7229562110526864,-0.6815326212359979,26.06,42648200.0,26.21,28857900.0,26.79,30307600.0,33.805031446540895,-0.7249141549027116,-2.874206793579692,-0.0015349194167305624,0.015298329906136558
PFE,2023-11-02,26.02,26.14,25.76,26.01,26.01,29640900,Healthcare,25.964,26.099,26.9615,28.264200000000002,26.38262644485416,27.087160109821852,-0.7045336649676912,-0.6861328299823366,26.02,23568300.0,26.57,27162700.0,26.6,26880300.0,37.91887125220461,-2.107640195709437,-2.2180451127819523,-0.0003843197540353005,0.015236433248474117
PFE,2023-11-03,26.35,26.77,26.3,26.66,26.66,28071000,Healthcare,26.160000000000004,26.151,26.881999999999998,28.1806,26.425299299491982,27.05551862020542,-0.6302193207134366,-0.6749501281285566,26.01,29640900.0,25.68,33877100.0,26.14,39407900.0,33.95872420262663,3.816199376947038,1.9892884468247773,0.024990388312187584,0.01638617417862705
PFE,2023-11-06,26.71,26.79,26.4,26.59,26.59,27381200,Healthcare,26.268,26.18,26.796000000000003,28.0918,26.45063786880091,27.02103575944946,-0.5703978906485503,-0.6540396806325554,26.66,28071000.0,26.05,33063500.0,26.3,29412100.0,36.491935483870954,2.0729366602687094,1.1026615969581766,-0.0026256564141035055,0.016380744541693578
PFE,2023-11-07,26.51,26.77,26.34,26.65,26.65,18086400,Healthcare,26.386000000000003,26.25,26.714,28.0072,26.48130896590846,26.99355162911987,-0.5122426632114099,-0.6256802771483263,26.59,27381200.0,26.06,42648200.0,25.95,26923800.0,48.19587628865978,2.2640061396776767,2.6974951830443183,0.002256487401278706,0.015566290450841853
PFE,2023-11-08,26.37,26.69,26.05,26.28,26.28,29398300,Healthcare,26.438,26.256999999999998,26.616000000000003,27.9162,26.4503383557687,26.940695952888767,-0.49035759712006666,-0.5986157411426745,26.65,18086400.0,26.02,23568300.0,26.21,28857900.0,46.0591133004926,0.9992313604919367,0.26707363601679024,-0.013883677298311303,0.016154432680071575
PFE,2023-11-09,26.35,26.37,25.61,25.65,25.65,28737700,Healthcare,26.365999999999996,26.165,26.4945,27.816800000000004,26.327209377958134,26.845088845267377,-0.5178794673092426,-0.5824684863759881,26.28,29398300.0,26.01,29640900.0,26.57,27162700.0,44.20803782505907,-1.384083044982709,-3.4625517500941005,-0.023972602739726123,0.017067060047590687
PFE,2023-11-10,25.71,25.77,25.09,25.48,25.48,33844100,Healthcare,26.130000000000003,26.145,26.3995,27.723000000000003,26.196869473656886,26.74397115302535,-0.5471016793684633,-0.5753951249744832,25.65,28737700.0,26.66,28071000.0,25.68,33877100.0,40.33018867924527,-4.426106526631656,-0.7788161993769416,-0.00662768031189076,0.013553318583478493
PFE,2023-11-13,25.36,25.38,25.01,25.05,25.05,35519900,Healthcare,25.821999999999996,26.044999999999998,26.2335,27.6138,26.02042801617121,26.618491808356804,-0.5980637921855951,-0.5799288584167056,25.48,33844100.0,26.59,27381200.0,26.05,33063500.0,39.583333333333336,-5.79165099661526,-3.8387715930902067,-0.01687598116169542,0.013286722142232733
PFE,2023-11-14,25.14,25.68,25.06,25.29,25.29,40084300,Healthcare,25.55,25.968,26.101499999999998,27.516199999999998,25.908054475221793,26.520085007737784,-0.6120305325159912,-0.5863491932365628,25.05,35519900.0,26.65,18086400.0,26.06,42648200.0,39.3023255813953,-5.103189493433391,-2.9547198772064465,0.009580838323353325,0.01391410400613772
PFE,2023-11-15,25.25,26.23,25.25,26.09,26.09,43614600,Healthcare,25.512,25.975,26.066499999999998,27.4518,25.936046094418437,26.488226859016464,-0.5521807645980275,-0.5795155075088557,25.29,40084300.0,26.28,29398300.0,26.02,23568300.0,44.93670886075948,-0.7229832572298367,0.26902382782474366,0.031633056544088545,0.017712485559141188
PFE,2023-11-16,26.16,26.32,25.47,25.73,25.73,32407200,Healthcare,25.528,25.947000000000003,26.023000000000003,27.3816,25.904346695277138,26.432061906496724,-0.5277152112195864,-0.5691554482510018,26.09,43614600.0,25.65,28737700.0,26.01,29640900.0,50.59382422802852,0.311890838206641,-1.0765090349865503,-0.013798390187811371,0.01827815466456739
PFE,2023-11-17,25.86,25.94,25.71,25.86,25.86,27009200,Healthcare,25.603999999999996,25.866999999999997,26.008999999999997,27.3146,25.89752412677296,26.389686950459932,-0.4921628236869715,-0.5537569233381958,25.73,32407200.0,25.48,33844100.0,26.66,28071000.0,47.60705289672542,1.491365777080067,-3.0007501875468856,0.005052467936261129,0.016093122012819157
PFE,2023-11-20,25.84,26.05,25.72,25.91,25.91,26335700,Healthcare,25.776,25.799,25.9895,27.2538,25.899443491884814,26.354154583759197,-0.4547110918743833,-0.5339477570454334,25.86,27009200.0,25.05,35519900.0,26.59,27381200.0,48.12967581047383,3.433133732534932,-2.55735238811583,0.0019334880123742515,0.01616698989483036
PFE,2023-11-21,25.95,26.24,25.72,26.19,26.19,25988700,Healthcare,25.956,25.753000000000004,26.0015,27.1952,25.9441444931333,26.34199498496222,-0.39785049182891896,-0.5067283040021305,25.91,26335700.0,25.29,40084300.0,26.65,18086400.0,52.00000000000002,3.558718861209975,-1.7260787992495197,0.010806638363566323,0.01666322099110343
PFE,2023-11-22,26.27,26.43,26.05,26.21,26.21,19226800,Healthcare,25.98,25.746,26.0015,27.1382,25.985045340343564,26.332217578668722,-0.3471722383251574,-0.47481709086673596,26.19,25988700.0,26.09,43614600.0,26.28,29398300.0,52.347417840375584,0.4599463395937198,-0.2663622526636211,0.0007636502481862539,0.016099188784638906
PFE,2023-11-24,26.26,26.53,26.26,26.36,26.36,11129700,Healthcare,26.106,25.817,25.991000000000003,27.083,26.0427306725984,26.33427553580437,-0.29154486320597073,-0.43816264533458293,26.21,19226800.0,25.73,32407200.0,25.65,28737700.0,46.010638297872326,2.4485036921880976,2.7680311890838194,0.005723006486074045,0.013789990789816553
PFE,2023-11-27,26.58,26.58,25.96,26.05,26.05,26066700,Healthcare,26.144,25.874000000000002,26.009500000000003,27.022799999999997,26.043849030660184,26.31321808870775,-0.26936905804756606,-0.4044039278771796,26.36,11129700.0,25.86,27009200.0,25.48,33844100.0,43.25,0.7347254447022555,2.2370486656200894,-0.011760242792109188,0.014267897021821666
PFE,2023-11-28,26.02,26.02,25.62,25.66,25.66,29497700,Healthcare,26.094,25.935000000000002,25.99,26.9622,25.98479533363554,26.264831563618287,-0.28003622998274835,-0.3795303882982934,26.05,26066700.0,25.91,26335700.0,25.05,35519900.0,38.568129330254045,-0.9648784253184051,2.43512974051896,-0.01497120921305184,0.013993440008493868
PFE,2023-11-29,25.73,26.12,25.7,26.0,26.0,26185200,Healthcare,26.056,26.006,25.987000000000002,26.902399999999997,25.987134513076224,26.245214410757676,-0.25807989768145134,-0.355240290174925,25.66,29497700.0,26.19,25988700.0,25.29,40084300.0,46.744186046511615,-0.725467735777019,2.8074337682878703,0.013250194855806807,0.014245686287154655
PFE,2023-11-30,26.2,26.37,25.9,26.34,26.34,45356600,Healthcare,26.082,26.031,26.002999999999997,26.8558,26.0414215110645,26.252235565516365,-0.21081405445186618,-0.32635504303031326,26.0,26185200.0,26.21,19226800.0,26.09,43614600.0,58.603491271820474,0.49599389545973427,0.9582215408202366,0.013076923076922986,0.010896692337472208
PFE,2023-12-01,25.04,25.41,24.46,24.99,24.99,103624000,Healthcare,25.808,25.957,25.951999999999998,26.7952,25.879664355516113,26.158736634737373,-0.27907227922126054,-0.3168984902685027,26.34,45356600.0,26.36,11129700.0,25.73,32407200.0,45.27938342967242,-5.197268588770864,-2.8760202098717547,-0.05125284738041003,0.019551352495915657
PFE,2023-12-04,25.08,25.62,25.08,25.31,25.31,47410400,Healthcare,25.660000000000004,25.901999999999997,25.884499999999996,26.7438,25.79202368543671,26.09586725438646,-0.3038435689497483,-0.31428750600475186,24.99,103624000.0,26.05,26066700.0,25.86,27009200.0,52.559055118110216,-2.840690978886762,-2.1268368136117544,0.01280512204881945,0.02004212823747606
PFE,2023-12-05,25.25,25.58,25.13,25.14,25.14,39853000,Healthcare,25.556,25.825,25.812,26.684,25.691712349215678,26.025062272580055,-0.3333499233643771,-0.31809998947667695,25.31,47410400.0,25.66,29497700.0,25.91,26335700.0,48.50299401197606,-2.0265003897116163,-2.9718255499807,-0.006716712761754229,0.020041963974608935
PFE,2023-12-06,25.14,25.41,24.82,24.88,24.88,33410500,Healthcare,25.332,25.694,25.7235,26.629,25.566833526259423,25.940242844981533,-0.3734093187221106,-0.3291618553257637,25.14,39853000.0,26.0,26185200.0,26.19,25988700.0,36.46532438478746,-4.307692307692312,-5.0019091256204735,-0.010342084327764622,0.019553269869526737
PFE,2023-12-07,24.91,24.98,24.63,24.75,24.75,35782900,Healthcare,25.014,25.548,25.647000000000002,26.5764,25.44116682991182,25.852076708316233,-0.4109098784044143,-0.34551145994149385,24.88,33410500.0,26.34,45356600.0,26.21,19226800.0,38.44339622641508,-6.0364464692482915,-5.570392979778715,-0.00522508038585201,0.01945052822293005
PFE,2023-12-08,24.76,25.04,24.71,24.88,24.88,31890700,Healthcare,24.992,25.4,25.608500000000003,26.5266,25.35483347146385,25.780071026218735,-0.42523755475488656,-0.36145667890417243,24.75,35782900.0,24.99,103624000.0,26.36,11129700.0,38.44339622641508,-0.44017607042816653,-5.614567526555392,0.005252525252525286,0.01942080032570876
PFE,2023-12-11,24.88,24.9,24.58,24.75,24.75,37833900,Healthcare,24.880000000000003,25.27,25.572,26.4558,25.261782168161716,25.70376946872105,-0.4419873005593331,-0.3775628032352046,24.88,31890700.0,25.31,47410400.0,26.05,26066700.0,36.57407407407407,-2.2125642038719806,-4.99040307101728,-0.00522508038585201,0.019299614623442467
PFE,2023-12-12,24.74,24.94,24.5,24.7,24.7,48587500,Healthcare,24.791999999999998,25.174,25.554499999999997,26.3708,25.175354142290683,25.62941617474171,-0.45406203245102716,-0.39286264907836915,24.75,37833900.0,25.14,39853000.0,25.66,29497700.0,31.784841075794574,-1.7501988862370754,-3.741231488698371,-0.002020202020202033,0.01898323611275432
PFE,2023-12-13,22.71,23.1,22.27,23.04,23.04,158100700,Healthcare,24.424,24.878,25.442,26.253399999999996,24.846838120399806,25.437607569205287,-0.5907694488054815,-0.43244400902379165,24.7,48587500.0,24.88,33410500.0,26.0,26185200.0,22.338568935427546,-7.395498392282962,-11.384615384615394,-0.06720647773279353,0.026565233026877657
PFE,2023-12-14,23.13,23.61,22.48,22.58,22.58,101889800,Healthcare,23.990000000000002,24.502,25.2665,26.136800000000004,24.49809379418445,25.22593293444934,-0.7278391402648907,-0.49152303527201147,23.04,158100700.0,24.75,35782900.0,26.34,45356600.0,18.70860927152316,-8.767676767676779,-14.274867122247537,-0.01996527777777779,0.025160838275030722
PFE,2023-12-15,22.58,23.33,22.54,23.02,23.02,138388400,Healthcare,23.618,24.305,25.131,26.026400000000002,24.2706947489253,25.0625304948605,-0.7918357459351988,-0.551585577404649,22.58,101889800.0,24.88,31890700.0,24.99,103624000.0,25.44570502431118,-7.475884244372988,-7.883153261304521,0.019486271036315284,0.02373645102108373
PFE,2023-12-18,23.27,23.6,23.09,23.39,23.39,63329400,Healthcare,23.346,24.113,25.0075,25.9292,24.13520324909064,24.938639347093055,-0.8034360980024147,-0.6019556815242022,23.02,138388400.0,24.75,37833900.0,25.31,47410400.0,31.544715447154488,-5.494949494949497,-7.585934413275375,0.016072980017376226,0.02407351789550897
PFE,2023-12-19,23.58,24.41,23.57,24.34,24.34,70094700,Healthcare,23.274,24.032999999999998,24.929,25.849800000000002,24.166710441538235,24.894295691752827,-0.7275852502145916,-0.6270815952622801,23.39,63329400.0,24.7,48587500.0,25.14,39853000.0,37.72189349112426,-1.4574898785425061,-3.182179793158313,0.04061564771269777,0.028508657878380694
PFE,2023-12-20,24.37,24.43,23.86,23.88,23.88,56184300,Healthcare,23.442,23.933,24.813499999999998,25.761599999999998,24.122601142840043,24.819162677548913,-0.6965615347088701,-0.6409775831515981,24.34,70094700.0,23.04,158100700.0,24.88,33410500.0,32.122093023255815,3.645833333333326,-4.0192926045016115,-0.01889893179950697,0.028884270839797693
PFE,2023-12-21,24.08,24.51,24.01,24.47,24.47,51056600,Healthcare,23.82,23.905,24.7265,25.6862,24.176047120864652,24.793298775508255,-0.6172516546436029,-0.6362323974499992,23.88,56184300.0,22.58,101889800.0,24.75,35782900.0,45.75163398692811,8.370239149689995,-1.1313131313131386,0.024706867671691723,0.030229533456182504
PFE,2023-12-22,24.58,24.88,24.36,24.55,24.55,35162300,Healthcare,24.125999999999998,23.872,24.636000000000003,25.6156,24.23357833303932,24.775276643989127,-0.5416983109498084,-0.6173255801499611,24.47,51056600.0,23.02,138388400.0,24.88,31890700.0,43.537414965986414,6.64639443961772,-1.3263665594855256,0.003269309358398198,0.03019249303465459
PFE,2023-12-26,24.57,24.66,24.42,24.56,24.56,30119100,Healthcare,24.36,23.853,24.561500000000002,25.559199999999997,24.283797051033268,24.759330225915857,-0.47553317488258884,-0.5889670990964866,24.55,35162300.0,23.39,63329400.0,24.75,37833900.0,44.93006993006992,5.002137665669082,-0.7676767676767726,0.0004073319755599769,0.030155699407111547
PFE,2023-12-27,24.61,24.83,24.47,24.73,24.73,35000700,Healthcare,24.438,23.855999999999998,24.514999999999997,25.4864,24.35244365856661,24.757157616588756,-0.40471395802214616,-0.5521164708816185,24.56,30119100.0,24.34,70094700.0,24.7,48587500.0,48.66785079928954,1.6023007395234101,0.12145748987855143,0.006921824104234586,0.030233255822522308
PFE,2023-12-28,24.73,25.09,24.7,24.88,24.88,30472900,Healthcare,24.637999999999998,24.04,24.458999999999996,25.4254,24.433606172633283,24.766257052396995,-0.33265087976371177,-0.5082233526580372,24.73,35000700.0,23.88,56184300.0,23.04,158100700.0,51.1504424778761,4.187604690117253,7.986111111111116,0.006065507480792487,0.018649919734157014
PFE,2023-12-29,24.88,24.95,24.67,24.88,24.88,30363100,Healthcare,24.72,24.270000000000003,24.386,25.387199999999996,24.502282146074315,24.77468245592314,-0.2724003098488268,-0.46105874409619513,24.88,30472900.0,24.47,51056600.0,22.58,101889800.0,50.0,1.675521046178985,10.186005314437562,0.0,0.016253964599408824
PFE,2024-01-02,24.96,26.17,24.92,25.7,25.7,57948700,Healthcare,24.95,24.538,24.421499999999998,25.3692,24.68654643129365,24.843224496225133,-0.15667806493148362,-0.40018260826325286,24.88,30363100.0,24.55,35162300.0,23.02,138388400.0,57.64895330112721,4.6843177189409335,11.642050390964375,0.03295819935691324,0.017639314056255857
PFE,2024-01-03,25.93,25.96,25.42,25.7,25.7,43426500,Healthcare,25.178,24.769,24.441,25.3604,24.84246236494078,24.906689348356608,-0.06422698341582844,-0.332991483293768,25.7,57948700.0,24.56,30119100.0,23.39,63329400.0,58.116883116883116,4.641693811074932,9.876015391192805,0.0,0.01787782701294408
PFE,2024-01-04,25.75,25.89,25.09,25.14,25.14,45558200,Healthcare,25.259999999999998,24.849,24.441,25.3372,24.888237385719123,24.92397161884871,-0.03573423312958823,-0.273540033260932,25.7,43426500.0,24.73,35000700.0,24.34,70094700.0,70.7509881422925,1.657905378083302,3.286770747740353,-0.021789883268482413,0.01670339523359366
PFE,2024-01-05,25.08,25.49,24.85,25.47,25.47,33612800,Healthcare,25.378,25.008000000000003,24.470499999999998,25.327599999999997,24.97773932637772,24.96441816560066,0.01332116077706047,-0.21616779445333353,25.14,45558200.0,24.88,30472900.0,23.88,56184300.0,79.31034482758622,2.37138263665595,6.658291457286425,0.013126491646777927,0.01493740497597444
PFE,2024-01-08,25.38,25.65,25.21,25.57,25.57,32972100,Healthcare,25.516,25.118000000000002,24.5115,25.3148,25.06885635308884,25.00927607925987,0.059580273828970576,-0.16101818079687275,25.47,33612800.0,24.88,30363100.0,24.47,51056600.0,77.77777777777779,2.7733118971061232,4.495300367797306,0.0039261876717706645,0.013510703349885541
PFE,2024-01-09,25.58,25.81,25.34,25.41,25.41,39856900,Healthcare,25.458,25.204,24.538,25.2916,25.121339991075175,25.038959332648027,0.08238065842714803,-0.11233841295206859,25.57,32972100.0,25.7,57948700.0,24.55,35162300.0,73.05936073059361,-1.1284046692606964,3.5030549898166896,-0.006257332811888894,0.01393541727089036
PFE,2024-01-10,25.38,25.4,24.96,25.06,25.06,37413300,Healthcare,25.33,25.253999999999998,24.5535,25.2792,25.1119030693713,25.040517900600026,0.07138516877127543,-0.0755936966073998,25.41,39856900.0,25.7,43426500.0,24.56,30119100.0,59.52380952380951,-2.4902723735408583,2.035830618892498,-0.01377410468319562,0.01497218825053982
PFE,2024-01-11,24.92,25.0,24.43,24.55,24.55,46884700,Healthcare,25.212,25.236,24.546,25.249200000000002,25.025456443314177,25.00418324129632,0.021273202017855652,-0.05622031688234871,25.06,37413300.0,25.14,45558200.0,24.73,35000700.0,58.746736292428224,-2.346857597454255,-0.7278608976951095,-0.02035115722266556,0.01641437571755876
PFE,2024-01-12,24.6,25.01,24.58,24.81,24.81,30373500,Healthcare,25.08,25.229000000000003,24.6345,25.2242,24.99230929818892,24.989799297496592,0.002510000692328873,-0.044474253367413195,24.55,46884700.0,25.47,33612800.0,24.88,30472900.0,54.85714285714286,-2.5912838633686652,-0.2813504823151125,0.010590631364562064,0.016679082385518733
PFE,2024-01-16,24.72,24.82,24.39,24.48,24.48,38826000,Healthcare,24.862000000000002,25.189,24.7295,25.1934,24.913492483082933,24.952036386570917,-0.038543903487983755,-0.043288183391527305,24.81,30373500.0,25.57,32972100.0,24.88,30363100.0,49.06666666666666,-4.262807978099337,-1.6077170418006381,-0.013301088270858408,0.017187767098892356
PFE,2024-01-17,24.34,24.66,24.14,24.33,24.33,33312600,Healthcare,24.646,25.052,24.795,25.1598,24.823724408762484,24.905959617195293,-0.08223520843280951,-0.051077588399783755,24.48,38826000.0,25.41,39856900.0,25.7,57948700.0,47.04370179948586,-4.250295159386075,-5.330739299610898,-0.006127450980392246,0.012206788581361663
PFE,2024-01-18,24.24,24.31,23.86,24.28,24.28,50321100,Healthcare,24.490000000000002,24.910000000000004,24.839499999999997,25.112199999999998,24.740074499722105,24.85959223814379,-0.11951773842168478,-0.06476561840416396,24.33,33312600.0,25.06,37413300.0,25.7,43426500.0,44.03183023872679,-3.1125299281723806,-5.525291828793765,-0.002055076037813297,0.012122865232648305
PFE,2024-01-19,24.23,24.53,24.14,24.44,24.44,35549300,Healthcare,24.468,24.84,24.8445,25.069200000000002,24.693909192072553,24.82851133161462,-0.1346021395420678,-0.07873292263174474,24.28,50321100.0,24.55,46884700.0,25.14,45558200.0,44.1798941798942,-0.4480651731160856,-2.7844073190135266,0.006589785831960571,0.011198637331512908
PFE,2024-01-22,24.48,24.74,24.14,24.47,24.47,41663900,Healthcare,24.4,24.740000000000002,24.874000000000002,25.0256,24.659461624061393,24.801954936680204,-0.14249331261881082,-0.09148500062915796,24.44,35549300.0,24.81,30373500.0,25.47,33612800.0,44.619422572178465,-1.3704151551793609,-3.926187671770709,0.0012274959083469206,0.009876838203612095
PFE,2024-01-23,24.58,24.76,24.33,24.57,24.57,33466700,Healthcare,24.418,24.64,24.878999999999998,24.9914,24.645698297282717,24.78477308951871,-0.1390747922359914,-0.10100295895052465,24.47,41663900.0,24.48,38826000.0,25.57,32972100.0,31.715210355987026,0.3676470588235281,-3.910833007430581,0.004086636697997692,0.009891180410781084
PFE,2024-01-24,24.67,24.88,24.49,24.49,24.49,42720700,Healthcare,24.45,24.548000000000002,24.875999999999998,24.968199999999996,24.621744713085377,24.762938045850657,-0.14119333276527968,-0.10904103371347565,24.57,33466700.0,24.33,33312600.0,25.41,39856900.0,30.91482649842267,0.6576243321002817,-3.620621802439994,-0.0032560032560032814,0.009858437221929429
PFE,2024-01-25,24.41,24.5,24.08,24.1,24.1,47605500,Healthcare,24.413999999999998,24.452,24.853,24.9406,24.541476295687627,24.71383152393579,-0.17235522824816485,-0.12170387262041349,24.49,42720700.0,24.28,50321100.0,25.06,37413300.0,32.66666666666664,-0.7413509060955503,-3.8308060654429266,-0.015924867292772427,0.010124048000050066
PFE,2024-01-26,24.24,24.49,24.0,24.1,24.1,47073800,Healthcare,24.346,24.407,24.8215,24.921599999999998,24.473556865581838,24.66836252216277,-0.1948056565809324,-0.1363242294125173,24.1,47605500.0,24.44,35549300.0,24.55,46884700.0,24.344569288389508,-1.3911620294599025,-1.8329938900203624,0.0,0.008324464186220924
PFE,2024-01-29,24.14,24.24,23.96,24.11,24.11,67082700,Healthcare,24.274,24.337,24.783,24.897999999999996,24.41762504010771,24.6270023353359,-0.20937729522819026,-0.15093484257565187,24.1,47073800.0,24.47,41663900.0,24.81,30373500.0,21.705426356589044,-1.4711892112791114,-2.8214429665457397,0.0004149377593360981,0.007182913538504797
PFE,2024-01-30,24.47,24.89,23.64,23.71,23.71,86072400,Healthcare,24.101999999999997,24.259999999999998,24.7245,24.8504,24.308759649321907,24.559076236422126,-0.25031658710021887,-0.17081119148056528,24.11,67082700.0,24.57,33466700.0,24.48,38826000.0,19.858156028368697,-3.5002035002035026,-3.145424836601307,-0.016590626296142608,0.007767076115612194
PFE,2024-01-31,23.84,24.14,23.5,23.76,23.76,81192100,Healthcare,23.956,24.203,24.627499999999998,24.811,24.224335087887766,24.499885404094563,-0.2755503162067967,-0.19175901642581156,23.71,86072400.0,24.49,42720700.0,24.33,33312600.0,24.206349206349145,-2.9808084932625434,-2.3427866831072564,0.002108814846056628,0.007854059174184363
PFE,2024-02-01,23.78,23.98,23.45,23.94,23.94,53883000,Healthcare,23.924,24.169,24.539499999999997,24.772599999999997,24.180591228212727,24.45841241119867,-0.27782118298594227,-0.2089714497378377,23.76,81192100.0,24.1,47605500.0,24.28,50321100.0,36.07305936073055,-0.663900414937757,-1.4003294892915963,0.007575757575757569,0.008459970221847605
PFE,2024-02-02,23.85,23.86,23.42,23.63,23.63,51718500,Healthcare,23.830000000000002,24.088,24.464,24.727000000000004,24.09588488541077,24.397048528887655,-0.30116364347688673,-0.22740988848564753,23.94,53883000.0,24.1,47073800.0,24.44,35549300.0,23.660714285714235,-1.9502074688796833,-3.31423895253683,-0.012949039264828821,0.00866931537698088
PFE,2024-02-05,23.64,23.64,23.27,23.31,23.31,42633400,Healthcare,23.669999999999998,23.972,24.356,24.6694,23.974979518424494,24.31652641563672,-0.34154689721222553,-0.25023729023096314,23.63,51718500.0,24.11,67082700.0,24.47,41663900.0,23.766816143497678,-3.3181252592285437,-4.740498569677154,-0.013542107490478239,0.009055968882513555
PFE,2024-02-06,23.39,24.33,23.31,24.13,24.13,56958700,Healthcare,23.753999999999998,23.928,24.284,24.627799999999997,23.998828823282263,24.302709644108074,-0.30388082082581036,-0.26096599634993256,23.31,42633400.0,23.71,86072400.0,24.57,33466700.0,46.55172413793104,1.7714044706874654,-1.7908017908017992,0.03517803517803508,0.015496143995511117
PFE,2024-02-07,24.17,24.26,23.95,24.18,24.18,36843000,Healthcare,23.838,23.897000000000002,24.2225,24.5842,24.02670131200807,24.293620040840807,-0.2669187288327386,-0.2621565428464938,24.13,56958700.0,23.76,81192100.0,24.49,42720700.0,48.27586206896549,1.7676767676767513,-1.2658227848101222,0.0020721094073767876,0.015528208073301
PFE,2024-02-08,24.18,24.29,24.05,24.19,24.19,29048400,Healthcare,23.887999999999998,23.906,24.179,24.546999999999997,24.05182418708375,24.285944482260007,-0.23412029517625754,-0.2565492933124466,24.18,36843000.0,23.94,53883000.0,24.1,47605500.0,45.45454545454546,1.0442773600668254,0.3734439834024883,0.0004135649296941324,0.014636688257689967
PFE,2024-02-09,24.18,24.21,24.02,24.18,24.18,29062700,Healthcare,23.997999999999998,23.913999999999998,24.1605,24.517400000000002,24.071543542917016,24.278096742833338,-0.20655319991632126,-0.24655007463322154,24.19,29048400.0,23.63,51718500.0,24.1,47073800.0,44.68864468864471,2.327549724925948,0.3319502074688785,-0.0004133939644481721,0.014638741027552055
PFE,2024-02-12,24.16,24.58,24.14,24.27,24.27,30323700,Healthcare,24.19,23.93,24.1335,24.4828,24.102075305545167,24.277496984104943,-0.17542167855977553,-0.23232439541853234,24.18,29062700.0,23.31,42633400.0,24.11,67082700.0,44.48529411764706,4.118404118404118,0.6636250518457176,0.003722084367245637,0.014675753440741516
PFE,2024-02-13,24.16,24.42,23.57,23.66,23.66,37927500,Healthcare,24.095999999999997,23.925,24.0925,24.4292,24.03406372007668,24.231756466763834,-0.19769274668715298,-0.22539806567225648,24.27,30323700.0,24.13,56958700.0,23.71,86072400.0,37.230769230769255,-1.9477828429340982,-0.2108814846056517,-0.02513391017717348,0.015987873380314484
PFE,2024-02-14,23.7,23.84,23.61,23.78,23.78,25270200,Healthcare,24.016000000000002,23.927,24.065,24.405,23.994976993911035,24.19829302478133,-0.20331603087029393,-0.22098165871186398,23.66,37927500.0,24.18,36843000.0,23.76,81192100.0,44.63087248322148,-1.6542597187758412,0.08417508417508657,0.005071851225697532,0.016060583797816094
PFE,2024-02-15,23.91,24.4,23.88,24.14,24.14,36111600,Healthcare,24.006,23.947,24.058,24.3816,24.01728822561703,24.193975022945676,-0.1766867973286459,-0.2121226864352204,23.78,25270200.0,24.19,29048400.0,23.94,53883000.0,50.59880239520956,-0.20669698222406385,0.8354218880534559,0.015138772077375906,0.016615033339352436
PFE,2024-02-16,24.17,24.47,23.87,24.23,24.23,35935300,Healthcare,24.016,24.006999999999998,24.047500000000003,24.363400000000002,24.050013113983642,24.196643539764512,-0.14663042578087015,-0.19902423430435034,24.14,36111600.0,24.18,29062700.0,23.63,51718500.0,51.754385964912295,0.20678246484697738,2.5391451544646726,0.0037282518641259532,0.015885223177782515
PFE,2024-02-20,24.22,24.69,24.14,24.21,24.21,34232000,Healthcare,24.004,24.097,24.0345,24.35,24.074626481063085,24.197632907189362,-0.12300642612627755,-0.1838206726687358,24.23,35935300.0,24.27,30323700.0,23.31,42633400.0,58.223684210526294,-0.24721878862793423,3.8610038610038755,-0.0008254230293025522,0.014927450411647166
PFE,2024-02-21,24.21,24.28,24.0,24.28,24.28,27348300,Healthcare,24.128000000000004,24.112000000000002,24.02,24.3406,24.10622240705338,24.203734173323483,-0.09751176627010238,-0.16655889138900912,24.21,34232000.0,23.66,37927500.0,24.13,56958700.0,58.49673202614376,2.6204564666103103,0.6216328222130141,0.0028913672036348093,0.010130304467501905
PFE,2024-02-22,24.21,24.3,23.85,24.17,24.17,31957500,Healthcare,24.206000000000003,24.110999999999997,24.003999999999998,24.326400000000003,24.116034344429785,24.201235345669893,-0.0852010012401081,-0.1502873133592289,24.28,27348300.0,23.78,25270200.0,24.18,36843000.0,53.846153846153854,1.6400336417157213,-0.041356492969391034,-0.004530477759472795,0.010243054033672832
PFE,2024-02-23,24.35,24.64,24.29,24.35,24.35,33182600,Healthcare,24.248,24.127000000000002,24.0165,24.3184,24.152029060671357,24.212254949694344,-0.060225889022987644,-0.13227502849198064,24.17,31957500.0,24.14,36111600.0,24.19,29048400.0,62.58741258741262,0.869925434962715,0.6614303431169866,0.007447248655357841,0.01051209052896373
PFE,2024-02-26,24.28,24.28,23.75,23.85,23.85,45685500,Healthcare,24.172000000000004,24.094,24.003999999999998,24.301399999999997,24.105563051337302,24.185421249716985,-0.07985819837968222,-0.12179166246952096,24.35,33182600.0,24.23,35935300.0,24.18,29062700.0,58.88157894736846,-1.5683037556747825,-1.3647642679900707,-0.02053388090349073,0.012490346860977986
PFE,2024-02-27,23.79,23.86,23.52,23.59,23.59,38598400,Healthcare,24.048000000000002,24.026000000000003,23.978,24.312400000000004,24.02624565882387,24.14131597196017,-0.11507031313630023,-0.12044739260287682,23.85,45685500.0,24.21,34232000.0,24.27,30323700.0,39.112903225806484,-2.5609252375051628,-2.8018129377832657,-0.010901467505241125,0.01269116214180413
PFE,2024-02-28,23.65,23.9,23.53,23.72,23.72,31010200,Healthcare,23.936,24.032000000000004,23.9785,24.3352,23.97913094208174,24.110107381444603,-0.13097643936286474,-0.1225532019548744,23.59,38598400.0,24.28,27348300.0,23.66,37927500.0,41.01562499999999,-2.3064250411861664,0.2535925612848544,0.005510809665112193,0.01013128858592741
PFE,2024-02-29,23.75,23.85,23.29,23.3,23.3,54643200,Healthcare,23.762,23.984,23.9555,24.340799999999998,23.87464925868455,24.050099427263522,-0.17545016857897267,-0.13313259527969407,23.72,31010200.0,24.17,31957500.0,23.78,25270200.0,35.016835016835,-3.5995035167563083,-2.0185029436501245,-0.01770657672849907,0.011418086075207093
PFE,2024-03-01,23.54,23.6,23.26,23.33,23.33,46392100,Healthcare,23.558,23.903,23.925,24.3396,23.790857065040772,23.996758728947704,-0.205901663906932,-0.14768640900514166,23.3,54643200.0,24.35,33182600.0,24.14,36111600.0,35.78595317725748,-4.188911704312126,-3.355426677713347,0.0012875536480685401,0.009842338941412202
PFE,2024-03-04,23.07,23.21,22.47,22.71,22.71,86777700,Healthcare,23.33,23.751,23.879,24.307,23.624571362726805,23.90144326754417,-0.2768719048173658,-0.1735235081675865,23.33,46392100.0,23.85,45685500.0,24.23,35935300.0,27.84090909090905,-4.779874213836477,-6.27321502269913,-0.026575225032147376,0.01187209830019284
PFE,2024-03-05,22.7,23.18,22.54,22.88,22.88,73646100,Healthcare,23.188,23.618000000000002,23.8575,24.287,23.510021922307295,23.82578080328164,-0.315758880974343,-0.2019705827289378,22.71,86777700.0,23.59,38598400.0,24.21,34232000.0,37.33766233766228,-3.009749894022895,-5.493597686906249,0.007485689123734041,0.012575298516670618
PFE,2024-03-06,23.6,23.95,23.5,23.85,23.85,84919500,Healthcare,23.214000000000002,23.575,23.8435,24.2746,23.562326241952327,23.827574817853368,-0.26524857590104034,-0.21462618136335831,22.88,73646100.0,23.72,31010200.0,24.28,27348300.0,50.890585241730285,0.5480607082630762,-1.7710049423393714,0.04239510489510501,0.019708014003161096
PFE,2024-03-07,23.86,23.97,23.48,23.5,23.5,46423800,Healthcare,23.253999999999998,23.508000000000003,23.809500000000003,24.253600000000002,23.55273758934428,23.803310016530897,-0.25057242718661854,-0.2218154305280104,23.85,84919500.0,23.3,54643200.0,24.17,31957500.0,41.83673469387754,0.8583690987124415,-2.7720314439387717,-0.014675052410901501,0.02013146914850651
PFE,2024-03-08,23.58,23.95,23.56,23.88,23.88,45906600,Healthcare,23.363999999999997,23.461,23.794000000000004,24.24,23.60308565252208,23.808990756047127,-0.20590510352504765,-0.21863336512741785,23.5,46423800.0,23.33,46392100.0,24.35,33182600.0,45.843230403800455,2.3574796399485676,-1.9301848049281367,0.016170212765957315,0.020794531409784916
PFE,2024-03-11,23.96,24.91,23.96,24.89,24.89,52600100,Healthcare,23.8,23.565,23.829500000000003,24.2432,23.80107247521099,23.88906551485845,-0.0879930396474613,-0.19250530003142655,23.88,45906600.0,22.71,86777700.0,23.85,45685500.0,56.53846153846154,9.599295464553048,4.360587002096428,0.04229480737018432,0.023768834679446106
PFE,2024-03-12,24.84,24.86,24.35,24.57,24.57,48758200,Healthcare,24.138,23.663,23.8445,24.237,23.919369017486222,23.939505106350417,-0.020136088864195045,-0.15803145779798025,24.89,52600100.0,22.88,73646100.0,23.59,38598400.0,52.66055045871559,7.3863636363636465,4.154302670623156,-0.012856568903173993,0.023917432819805146
PFE,2024-03-13,24.82,25.17,24.73,24.76,24.76,39273000,Healthcare,24.32,23.767,23.8995,24.2346,24.048696860949878,24.000282505880016,0.04841435506986258,-0.1167422952244117,24.57,48758200.0,23.85,84919500.0,23.72,31010200.0,55.33453887884267,3.815513626834388,4.384485666104565,0.0077330077330077795,0.023939903925080327
PFE,2024-03-14,24.78,24.81,24.36,24.68,24.68,36428000,Healthcare,24.556,23.905,23.944499999999998,24.2142,24.145820420803744,24.050631949888903,0.09518847091484162,-0.07435614199656103,24.76,39273000.0,23.5,46423800.0,23.3,54643200.0,53.038674033149164,5.0212765957446726,5.922746781115884,-0.003231017770597866,0.022857414419113573
PFE,2024-03-15,24.53,24.81,24.44,24.51,24.51,75727900,Healthcare,24.682000000000002,24.023,23.963,24.1904,24.2018480483724,24.084659212860096,0.11718883551230519,-0.03604714649478779,24.68,36428000.0,23.88,45906600.0,23.33,46392100.0,56.470588235294116,2.638190954773889,5.057865409344209,-0.006888168557536378,0.023188629063070013
PFE,2024-03-18,24.57,24.59,24.22,24.32,24.32,36226500,Healthcare,24.568,24.184,23.967499999999998,24.174,24.220025271699722,24.102091863759348,0.11793340794037377,-0.005251035607755479,24.51,75727900.0,24.89,52600100.0,22.71,86777700.0,57.25646123260438,-2.2900763358778664,7.089387934830471,-0.007751937984496138,0.020983122892199616
PFE,2024-03-19,24.28,24.37,23.97,24.24,24.24,29026600,Healthcare,24.502,24.32,23.969,24.1494,24.22309830682284,24.112307281258655,0.11079102556418619,0.017957376626632857,24.32,36226500.0,24.57,48758200.0,22.88,73646100.0,55.22088353413654,-1.3431013431013494,5.944055944055937,-0.00328947368421062,0.021234424212058543
PFE,2024-03-20,24.11,24.34,23.87,24.3,24.3,34468000,Healthcare,24.410000000000004,24.365000000000002,23.970000000000002,24.123999999999995,24.234929336542404,24.126210445609868,0.10871889093253628,0.036109679487813545,24.24,29026600.0,24.76,39273000.0,23.85,84919500.0,60.82251082251081,-1.8578352180937063,1.8867924528301883,0.0024752475247524774,0.01695017718306621
PFE,2024-03-21,24.35,24.6,24.24,24.27,24.27,29633700,Healthcare,24.328,24.442,23.975,24.101200000000002,24.24032482322819,24.13686152371284,0.10346329951534727,0.049580403493320296,24.3,34468000.0,24.68,36428000.0,23.5,46423800.0,60.17316017316016,-1.661264181523503,3.2765957446808436,-0.0012345679012346622,0.015986688476968058
PFE,2024-03-22,24.1,24.43,23.99,24.0,24.0,28830100,Healthcare,24.226,24.454,23.9575,24.08,24.203351773500778,24.126723633067446,0.07662814043333199,0.054989950881322636,24.27,29633700.0,24.51,75727900.0,23.88,45906600.0,65.10538641686179,-2.0807833537331732,0.5025125628140836,-0.011124845488257096,0.015882907798959317
PFE,2024-03-25,23.9,24.11,23.78,24.07,24.07,31110600,Healthcare,24.176,24.372,23.9685,24.0704,24.18283611603912,24.122521882469858,0.06031423356926169,0.05605480741891045,24.0,28830100.0,24.32,36226500.0,24.89,52600100.0,64.26858513189445,-1.0279605263157854,-3.2944957814383335,0.0029166666666666785,0.0065255323792788485
PFE,2024-03-26,24.08,24.24,23.96,24.21,24.21,38220300,Healthcare,24.169999999999998,24.336000000000002,23.9995,24.058400000000002,24.187015175110027,24.129001743027647,0.058013432082379524,0.05644653235160427,24.07,31110600.0,24.24,29026600.0,24.57,48758200.0,55.389221556886206,-0.12376237623761277,-1.46520146520146,0.00581636892397186,0.006156255248348053
PFE,2024-03-27,24.31,24.51,24.16,24.37,24.37,34247600,Healthcare,24.184,24.297,24.032000000000004,24.0562,24.215166686631562,24.146853465766338,0.06831322086522462,0.058819870054328344,24.21,38220300.0,24.3,34468000.0,24.76,39273000.0,63.80952380952378,0.288065843621399,-1.5751211631664042,0.00660883932259404,0.005977443655186158
PFE,2024-03-28,24.41,24.67,24.32,24.35,24.35,40466700,Healthcare,24.2,24.264000000000003,24.0845,24.056600000000003,24.235910273303627,24.161901357191052,0.07400891611257521,0.06185767926597772,24.37,34247600.0,24.27,29633700.0,24.68,36428000.0,58.42293906810037,0.3296250515039123,-1.337115072933548,-0.0008206811653672652,0.005951576942780796
PFE,2024-04-01,24.35,24.45,24.2,24.32,24.32,26596600,Healthcare,24.264000000000003,24.245,24.134,24.0574,24.248847154333838,24.173612367769493,0.07523478656434435,0.06453310072565105,24.35,40466700.0,24.0,28830100.0,24.51,75727900.0,34.25414364640892,1.333333333333342,-0.7751937984496138,-0.001232032854209475,0.005624353401840799
PFE,2024-04-02,24.19,24.35,24.05,24.17,24.17,32451500,Healthcare,24.284,24.229999999999997,24.207,24.052000000000003,24.236716822897865,24.173344784971754,0.06337203792611135,0.06430088816574311,24.32,26596600.0,24.07,31110600.0,24.32,36226500.0,37.804878048780594,0.41545492314083443,-0.616776315789469,-0.00616776315789469,0.005424404149240808
PFE,2024-04-03,24.14,24.35,23.86,23.88,23.88,36828600,Healthcare,24.218,24.194,24.256999999999998,24.0402,24.18183731168281,24.151615541640513,0.03022177004229576,0.05748506454105365,24.17,32451500.0,24.21,38220300.0,24.24,29026600.0,24.712643678160987,-1.363073110285018,-1.4851485148514865,-0.011998345055854509,0.00649641787773957
PFE,2024-04-04,23.96,24.04,23.37,23.38,23.38,41922700,Healthcare,24.02,24.102,24.2335,24.016400000000004,24.05847772527007,24.094458834852325,-0.035981109582255755,0.038791829716391765,23.88,36828600.0,24.37,34247600.0,24.3,34468000.0,19.90740740740749,-4.062371768567918,-3.7860082304526865,-0.020938023450586263,0.008744303977975505
PFE,2024-04-05,23.3,23.42,23.12,23.39,23.39,39880500,Healthcare,23.828,24.014,24.228,23.9944,23.955634998305445,24.04227669893734,-0.08664170063189403,0.01370512364673461,23.38,41922700.0,24.35,40466700.0,24.27,29633700.0,22.000000000000128,-3.942505133470231,-3.6258755665430575,0.00042771599657842607,0.008814378818776726
PFE,2024-04-08,23.34,23.53,23.27,23.32,23.32,24431400,Healthcare,23.628,23.945999999999998,24.2,23.978799999999996,23.857844998566147,23.98877472123828,-0.130929722672132,-0.01522184561703871,23.39,39880500.0,24.32,26596600.0,24.0,28830100.0,23.404255319149073,-4.111842105263152,-2.833333333333332,-0.0029927319367251126,0.008414304651681508
PFE,2024-04-09,23.49,24.06,23.38,23.5,23.5,45127800,Healthcare,23.494,23.889,24.1305,23.9668,23.802791921863665,23.95256918633174,-0.14977726446807438,-0.042132929387245846,23.32,24431400.0,24.17,32451500.0,24.07,31110600.0,31.31313131313142,-2.7720314439387717,-2.3680930619027873,0.007718696397941649,0.008902099587666851
PFE,2024-04-10,23.27,23.33,22.95,23.09,23.09,44541600,Healthcare,23.336000000000002,23.777,24.0565,23.946400000000004,23.693131626192333,23.88867517252939,-0.19554354633705628,-0.07281505277720793,23.5,45127800.0,23.88,36828600.0,24.21,38220300.0,24.034334763948536,-3.308207705192623,-4.626187525815784,-0.01744680851063829,0.009545040548066961
PFE,2024-04-11,23.12,23.21,22.92,23.11,23.11,32814500,Healthcare,23.282,23.651000000000003,23.974,23.9344,23.603419068316587,23.830995530119804,-0.227576461803217,-0.10376733458240975,23.09,44541600.0,23.38,41922700.0,24.37,34247600.0,25.00000000000003,-1.1548331907613285,-5.170291341813716,0.0008661758336943048,0.008943944581489187
PFE,2024-04-12,23.03,23.09,22.66,22.69,22.69,43034100,Healthcare,23.142000000000003,23.485,23.8745,23.913,23.462893057806344,23.746477342703525,-0.2835842848971808,-0.13973072464536396,23.11,32814500.0,23.39,39880500.0,24.35,40466700.0,23.48178137651827,-2.9927319367250904,-6.817248459958936,-0.018173950670705263,0.009643377162701918
PFE,2024-04-15,22.73,22.96,22.59,22.73,22.73,35660200,Healthcare,23.024,23.326,23.785500000000003,23.8888,23.350140279682293,23.671182724725487,-0.3210424450431937,-0.17599306872492992,22.69,43034100.0,23.32,24431400.0,24.32,26596600.0,22.54098360655739,-2.530017152658659,-6.537828947368418,0.0017628911414719894,0.009885661172974654
PFE,2024-04-16,22.65,22.8,22.53,22.54,22.54,28885300,Healthcare,22.832,23.163,23.6965,23.866999999999997,23.225503313577324,23.587391411782857,-0.361888098205533,-0.21317207462105053,22.73,35660200.0,23.5,45127800.0,24.17,32451500.0,16.46586345381526,-4.085106382978731,-6.743897393462984,-0.008358996920369566,0.009896974122813356
PFE,2024-04-17,22.54,22.54,22.16,22.3,22.3,43828900,Healthcare,22.674,23.005000000000003,23.5995,23.846799999999998,23.083118188411582,23.49202908498413,-0.40891089657254653,-0.25231983901134974,22.54,28885300.0,23.09,44541600.0,23.88,36828600.0,9.727626459143977,-3.4213945430922488,-6.616415410385256,-0.010647737355811815,0.00982885150971561
PFE,2024-04-18,22.24,22.34,22.14,22.28,22.28,35788400,Healthcare,22.508,22.895,23.4985,23.8098,22.959561544040568,23.402249152763083,-0.44268760872251534,-0.2903933929535829,22.3,43828900.0,23.11,32814500.0,23.38,41922700.0,9.727626459143977,-3.5915188230203343,-4.704875962360989,-0.0008968609865470656,0.008585418590610728
PFE,2024-04-19,22.28,22.81,22.24,22.81,22.81,38372800,Healthcare,22.532,22.837,23.4255,23.782400000000003,22.936552075726635,23.358378845151,-0.42182676942436714,-0.31668006824773975,22.28,35788400.0,22.69,43034100.0,23.39,39880500.0,25.407166123778453,0.5288673424415968,-2.4796921761436552,0.023788150807899422,0.012461317201138135
PFE,2024-04-22,22.81,23.25,22.75,23.04,23.04,35678700,Healthcare,22.594,22.809,23.3775,23.7594,22.95246714099946,23.33479522699167,-0.38232808599221,-0.32980967179663384,22.81,38372800.0,22.73,35660200.0,23.32,24431400.0,32.06349206349202,1.363836339639235,-1.2006861063464935,0.010083296799649366,0.013067941248643125
PFE,2024-04-23,23.1,23.22,22.98,23.09,23.09,24297800,Healthcare,22.704,22.768,23.328500000000002,23.737599999999997,22.973626042384158,23.31666224721451,-0.34303620483035147,-0.3324549784033774,23.04,35678700.0,22.54,28885300.0,23.5,45127800.0,36.42611683848797,2.4401064773735603,-1.744680851063829,0.0021701388888888395,0.012764738445513218
PFE,2024-04-24,23.03,23.11,22.85,23.05,23.05,24547800,Healthcare,22.854000000000003,22.764000000000003,23.2705,23.713199999999997,22.985375882017365,23.29690948816158,-0.31153360614421644,-0.32827070395154523,23.09,24297800.0,22.3,43828900.0,23.09,44541600.0,43.265306122449,3.363228699551568,-0.17323516673883876,-0.0017323516673883876,0.011514878198141133
PFE,2024-04-25,23.05,23.19,22.15,22.16,22.16,47661400,Healthcare,22.830000000000002,22.669,23.16,23.683200000000003,22.858394977091617,23.212693970519982,-0.35429899342836535,-0.3334763618469093,23.05,24547800.0,22.28,35788400.0,23.11,32814500.0,31.5315315315315,-0.5385996409335791,-4.110774556469055,-0.038611713665943626,0.016728553713816298
PFE,2024-04-26,22.22,22.41,22.11,22.28,22.28,46526500,Healthcare,22.724,22.628,23.0565,23.653200000000002,22.769411134462135,23.143605528259243,-0.37419439379710795,-0.34161996823694907,22.16,47661400.0,22.81,38372800.0,22.69,43034100.0,34.61538461538461,-2.323542306006132,-1.8069634200088114,0.005415162454873723,0.016171346030117637
PFE,2024-04-29,22.44,22.68,22.41,22.49,22.49,39995300,Healthcare,22.614,22.604000000000003,22.965,23.6202,22.726424806083347,23.095190303943745,-0.36876549786039803,-0.3470490741616389,22.28,46526500.0,23.04,35678700.0,22.73,35660200.0,35.190615835777066,-2.387152777777779,-1.055873295204579,0.009425493716337385,0.01653134491195058
PFE,2024-04-30,22.5,22.66,22.45,22.48,22.48,38017700,Healthcare,22.492,22.598,22.8805,23.5852,22.68851329745514,23.049620651799763,-0.36110735434462526,-0.34986073019823616,22.49,39995300.0,23.09,24297800.0,22.54,28885300.0,39.867109634551475,-2.64183629276743,-0.2661934338952898,-0.00044464206313910015,0.016324670169627596
PFE,2024-05-01,23.1,24.08,22.83,23.85,23.85,97388900,Healthcare,22.651999999999997,22.753,22.879,23.577999999999996,22.867203559385118,23.108908010925706,-0.2417044515405884,-0.3282294744667066,22.48,38017700.0,23.05,24547800.0,22.3,43828900.0,58.48623853211013,3.470715835141003,6.950672645739919,0.060943060498220625,0.024737260102207444
PFE,2024-05-02,23.87,24.51,23.79,24.3,24.3,69649000,Healthcare,23.080000000000002,22.955000000000002,22.925,23.578400000000002,23.087633781018177,23.197137047153433,-0.10950326613525618,-0.2844842328004165,23.85,97388900.0,22.16,47661400.0,22.28,35788400.0,68.33712984054672,9.65703971119134,9.066427289048473,0.018867924528301883,0.02482440223113763
PFE,2024-05-03,24.44,24.49,24.14,24.4,24.4,60568900,Healthcare,23.503999999999998,23.113999999999997,22.9755,23.583,23.28953627624615,23.28623800662355,0.0032982696226007135,-0.2269277323158131,24.3,69649000.0,22.28,46526500.0,22.81,38372800.0,68.76404494382024,9.515260323159769,6.970626918018419,0.00411522633744843,0.0242952945967838
PFE,2024-05-06,24.55,24.85,24.53,24.71,24.71,59899700,Healthcare,23.948,23.281,23.044999999999998,23.5902,23.508069156823666,23.391701857984767,0.11636729883889885,-0.1582687260848707,24.4,60568900.0,22.49,39995300.0,23.04,35678700.0,73.74179431072216,9.871053801689644,7.248263888888906,0.01270491803278695,0.02434607589966457
PFE,2024-05-07,24.82,25.0,24.04,24.36,24.36,65606400,Healthcare,24.324,23.408,23.088,23.6004,23.639135440389257,23.46342764628219,0.1757077941070655,-0.09147342204648345,24.71,59899700.0,22.48,38017700.0,23.09,24297800.0,72.00854700854701,8.362989323843406,5.500216543958425,-0.014164305949008527,0.025258271973709962
PFE,2024-05-08,24.3,24.86,24.14,24.8,24.8,39087800,Healthcare,24.514000000000003,23.583,23.1735,23.6246,23.81772998802168,23.562433005816843,0.2552969822048361,-0.022119341196219548,24.36,65606400.0,23.85,97388900.0,23.05,24547800.0,74.70588235294119,3.98322851153039,7.592190889370931,0.01806239737274229,0.025390579383867275
PFE,2024-05-09,24.72,25.16,24.33,25.1,25.1,47831100,Healthcare,24.674,23.877000000000002,23.273,23.652199999999997,24.015002297556805,23.676326857237818,0.3386754403189869,0.05003961510682174,24.8,39087800.0,24.3,69649000.0,22.16,47661400.0,73.51129363449694,3.292181069958855,13.267148014440444,0.012096774193548487,0.01951215427286661
PFE,2024-05-10,25.15,25.19,24.86,24.94,24.94,25849800,Healthcare,24.782,24.143,23.3855,23.685,24.15730963639422,23.7699322752202,0.3873773611740212,0.11750716432026165,25.1,47831100.0,24.4,60568900.0,22.28,46526500.0,69.79166666666669,2.2131147540983775,11.938958707360857,-0.0063745019920318224,0.020339992146710756
PFE,2024-05-13,25.11,25.51,25.09,25.33,25.33,39609800,Healthcare,24.906,24.427,23.5155,23.725,24.337723538487417,23.88549284742611,0.4522306910613061,0.18445186966847055,24.94,25849800.0,24.71,59899700.0,22.49,39995300.0,71.78988326848248,2.5091056252529276,12.62783459315251,0.015637530072173167,0.020363653615773816
PFE,2024-05-14,25.43,25.54,25.11,25.27,25.27,23530900,Healthcare,25.088,24.706,23.652,23.7762,24.48115068641243,23.988048932801952,0.49310175361047826,0.2461818464568721,25.33,39609800.0,24.36,65606400.0,22.48,38017700.0,71.51162790697674,3.735632183908044,12.411032028469737,-0.0023687327279904302,0.020504423568534186
PFE,2024-05-15,25.37,25.82,25.36,25.67,25.67,38376300,Healthcare,25.262,24.887999999999998,23.820500000000003,23.832000000000004,24.664050580810517,24.11263790074255,0.5514126800679691,0.30722801317909154,25.27,23530900.0,24.8,39087800.0,23.85,97388900.0,87.58029978586727,3.508064516129039,7.631027253668754,0.015829046299960403,0.011524202283220555
PFE,2024-05-16,25.71,25.85,25.53,25.76,25.76,40077800,Healthcare,25.394,25.034,23.9945,23.8702,24.832658183762746,24.234664722909766,0.5979934608529796,0.36538110271386914,25.67,38376300.0,25.1,47831100.0,24.3,69649000.0,87.50000000000003,2.6294820717131406,6.00823045267489,0.0035060381768601268,0.010834944846861956
PFE,2024-05-17,25.74,25.75,25.39,25.51,25.51,26106400,Healthcare,25.508000000000003,25.145,24.1295,23.9104,24.936864617030018,24.329134002694225,0.607730614335793,0.41385100503825395,25.76,40077800.0,24.94,25849800.0,24.4,60568900.0,82.2649572649573,2.2854851643945517,4.5491803278688625,-0.009704968944099335,0.01191598749885164
PFE,2024-05-20,25.52,25.57,25.35,25.41,25.41,22423300,Healthcare,25.524,25.215,24.248,23.941000000000003,25.00965467594848,24.4091981506428,0.6004565253056775,0.4511721090917387,25.51,26106400.0,25.33,39609800.0,24.71,59899700.0,80.71278825995805,0.31583103039873883,2.8328611898017053,-0.003920031360250986,0.011806775931949535
PFE,2024-05-21,25.35,25.53,25.22,25.43,25.43,28119900,Healthcare,25.556,25.322,24.365,23.9518,25.07432318734102,24.48481310244704,0.5895100848939805,0.4788397042521871,25.41,22423300.0,25.27,23530900.0,24.36,65606400.0,73.09941520467832,0.6331618519984206,4.392446633825942,0.0007870916961825181,0.010256257737694723
PFE,2024-05-22,25.35,26.39,25.31,26.36,26.36,46987500,Healthcare,25.694,25.478,24.5305,23.9876,25.272119620057783,24.623715835599107,0.6484037844586759,0.5127525202934848,25.43,28119900.0,25.67,38376300.0,24.8,39087800.0,76.41025641025638,2.6879626022594305,6.290322580645147,0.03657097915847429,0.013993787653637119
PFE,2024-05-23,26.21,26.21,25.53,25.55,25.55,42031300,Healthcare,25.652000000000005,25.523,24.7,24.003400000000003,25.3148704477412,24.69232947740658,0.6225409703346187,0.5347102103017116,26.36,46987500.0,25.76,40077800.0,25.1,47831100.0,62.472885032537974,-0.8152173913043459,1.7928286852589626,-0.030728376327769258,0.017976762089193694
PFE,2024-05-24,25.53,25.82,25.43,25.72,25.72,22589100,Healthcare,25.694,25.601,24.872000000000003,24.0242,25.37719807116563,24.76845321982091,0.6087448513447207,0.5495171385103135,25.55,42031300.0,25.51,26106400.0,24.94,25849800.0,61.297539149888124,0.8232065856526694,3.1275060144346334,0.006653620352250478,0.017779583153101772
PFE,2024-05-28,25.65,25.72,25.05,25.2,25.2,32371200,Healthcare,25.651999999999997,25.588,25.0075,24.038,25.34993682944784,24.800419647982324,0.549517181465518,0.5495171471013544,25.72,22589100.0,25.41,22423300.0,25.33,39609800.0,59.05172413793103,-0.8264462809917439,-0.513225424397945,-0.02021772939346811,0.018595221460118282
PFE,2024-05-29,25.08,25.09,24.66,24.78,24.78,24241700,Healthcare,25.522,25.538999999999998,25.1225,24.047200000000004,25.26225424030202,24.798907081465114,0.4633471588369069,0.5322831494484649,25.2,32371200.0,25.43,28119900.0,25.27,23530900.0,49.78354978354979,-2.5560361777428153,-1.939058171745145,-0.016666666666666607,0.019303107021712552
PFE,2024-05-30,24.86,25.11,24.75,25.11,25.11,23298600,Healthcare,25.272,25.483,25.185499999999998,24.0646,25.238830511024787,24.821951001356584,0.41687950966820253,0.5092024214924125,24.78,24241700.0,26.36,46987500.0,25.67,38376300.0,50.10752688172041,-4.7420333839150235,-2.181534865601875,0.013317191283293006,0.019063226622812707
PFE,2024-05-31,25.24,25.6,25.15,25.52,25.52,78290100,Healthcare,25.266,25.459,25.2465,24.089000000000002,25.28208735548251,24.87365833458943,0.408429020893081,0.4890477413725462,25.11,23298600.0,25.55,42031300.0,25.76,40077800.0,55.918367346938766,-0.11741682974559797,-0.9316770186335477,0.016328156113102343,0.019890971558736373
PFE,2024-06-03,25.52,26.3,25.51,26.1,26.1,38177200,Healthcare,25.342000000000002,25.518,25.3315,24.1256,25.40792007002366,24.964498457953177,0.4434216120704839,0.4799225155121338,25.52,78290100.0,25.72,22589100.0,25.51,26106400.0,57.563850687622825,1.477449455676516,2.312818502548031,0.022727272727272707,0.020889088750373607
PFE,2024-06-04,26.09,26.48,25.98,26.26,26.26,46309500,Healthcare,25.554000000000002,25.603,25.409,24.1708,25.53900929002002,25.06046153514183,0.4785477548781891,0.47964756338534487,26.1,38177200.0,25.2,32371200.0,25.41,22423300.0,59.537572254335274,4.206349206349214,3.3451397087760792,0.006130268199233679,0.02078820694115052
PFE,2024-06-05,26.33,26.38,25.98,26.32,26.32,27346700,Healthcare,25.862000000000002,25.692,25.506999999999998,24.215799999999998,25.65916170694002,25.15376068068688,0.5054010262531392,0.48479825595890375,26.26,46309500.0,24.78,24241700.0,25.43,28119900.0,56.70103092783505,6.214689265536721,3.499803381832489,0.0022848438690021844,0.020771956926391735
PFE,2024-06-06,26.15,26.31,25.64,25.65,25.65,35360400,Healthcare,25.97,25.621,25.549500000000002,24.244600000000002,25.657752213564628,25.190519148784148,0.4672330647804799,0.48128521772321897,26.32,27346700.0,25.11,23298600.0,26.36,46987500.0,48.987108655616915,2.1505376344086002,-2.6934749620637355,-0.025455927051671767,0.019034040142620865
PFE,2024-06-07,25.6,25.87,25.43,25.45,25.45,27526200,Healthcare,25.956,25.611,25.567,24.266199999999998,25.625790334554686,25.209739952577916,0.41605038197677047,0.4682382505739293,25.65,35360400.0,25.52,78290100.0,25.55,42031300.0,49.44237918215611,-0.2742946708463978,-0.391389432485334,-0.007797270955165692,0.016472757304849567
PFE,2024-06-10,25.25,25.25,24.61,25.0,25.0,36977900,Healthcare,25.736,25.539,25.57,24.279199999999996,25.52951489846935,25.194203659794365,0.33531123867498636,0.44165284819414075,25.45,27526200.0,26.1,38177200.0,25.72,22589100.0,46.42233856893542,-4.214559386973182,-2.7993779160186527,-0.017681728880157177,0.0171211200093754
PFE,2024-06-11,24.89,25.23,24.84,24.96,24.96,29573500,Healthcare,25.476000000000003,25.514999999999997,25.551499999999997,24.291999999999998,25.44189722178176,25.17685524055034,0.26504198123141975,0.40633067480159657,25.0,36977900.0,26.26,46309500.0,25.2,32371200.0,45.913043478260875,-4.950495049504955,-0.952380952380949,-0.0015999999999999348,0.015979116771328343
PFE,2024-06-12,25.09,25.14,24.54,24.63,24.63,32507900,Healthcare,25.137999999999998,25.5,25.5195,24.301199999999998,25.316989956892257,25.13634744495402,0.18064251193823821,0.3611930422289249,24.96,29573500.0,26.32,27346700.0,24.78,24241700.0,33.20388349514562,-6.42097264437691,-0.6053268765133235,-0.013221153846153966,0.015633374356557317
PFE,2024-06-13,24.49,24.69,24.22,24.62,24.62,33945200,Healthcare,24.932,25.451,25.467,24.316,25.209760732754987,25.098099486068538,0.11166124668644883,0.31128668312042973,24.63,32507900.0,25.65,35360400.0,25.11,23298600.0,39.3103448275862,-4.015594541910317,-1.9514137793707587,-0.0004060089321964444,0.01486969271429408
PFE,2024-06-14,24.71,25.13,24.43,24.52,24.52,29461900,Healthcare,24.746000000000002,25.351,25.405,24.338799999999996,25.103643696946527,25.055277301915314,0.04836639503121276,0.2587026255025863,24.62,33945200.0,25.45,27526200.0,25.52,78290100.0,35.981308411214954,-3.6542239685658173,-3.9184952978056464,-0.004061738424045558,0.013424936864029258
PFE,2024-06-17,24.45,24.47,23.93,24.03,24.03,32194600,Healthcare,24.552,25.144,25.331,24.351599999999998,24.93846774357014,24.979330835106772,-0.04086309153663237,0.19878948209474262,24.52,29461900.0,25.0,36977900.0,26.1,38177200.0,36.23529411764707,-3.8799999999999946,-7.931034482758625,-0.019983686786296806,0.010480751592393735
PFE,2024-06-18,24.03,24.45,24.0,24.41,24.41,29817800,Healthcare,24.442,24.959,25.281,24.3734,24.857165013790116,24.93715818065442,-0.07999316686430546,0.14303295230293303,24.03,32194600.0,24.96,29573500.0,26.26,46309500.0,45.60570071258906,-2.2035256410256387,-7.044935262757046,0.01581356637536402,0.012248045183779964
PFE,2024-06-20,24.22,24.9,24.18,24.7,24.7,29693400,Healthcare,24.456,24.796999999999997,25.244500000000002,24.3974,24.832985780899328,24.91959090801335,-0.0866051271140229,0.09710533641954185,24.41,29817800.0,24.63,32507900.0,26.32,27346700.0,45.083932853717016,0.2842062525375555,-6.155015197568392,0.011880376894715328,0.013396649558976154
PFE,2024-06-21,24.73,24.84,24.54,24.7,24.7,52487000,Healthcare,24.472,24.702,25.1615,24.4296,24.81252642999174,24.903324914827177,-0.09079848483543884,0.0595245721685457,24.7,29693400.0,24.62,33945200.0,25.65,35360400.0,39.095744680851055,0.32493907392363575,-3.703703703703698,0.0,0.011646151076616928
PFE,2024-06-24,24.89,25.3,24.7,25.26,25.26,35414100,Healthcare,24.619999999999997,24.683,25.147,24.472600000000003,24.881368517685317,24.929745291506645,-0.0483767738213281,0.03794430297057094,24.7,52487000.0,24.52,29461900.0,25.45,27526200.0,38.77005347593583,3.0179445350734246,-0.746561886051067,0.02267206477732797,0.014169242595963803
PFE,2024-06-25,25.29,25.34,24.87,24.93,24.93,24721600,Healthcare,24.8,24.676,25.107499999999998,24.5174,24.888850284195268,24.92976415880245,-0.0409138746071811,0.022172667455020535,25.26,35414100.0,24.03,32194600.0,25.0,36977900.0,32.99232736572887,3.745318352059912,-0.28000000000000247,-0.013064133016627122,0.01361733848742779
PFE,2024-06-26,24.86,24.87,24.11,24.42,24.42,30745800,Healthcare,24.802,24.622000000000003,25.0685,24.551199999999998,24.81671947124215,24.892003850743006,-0.07528437950085731,0.0026812580638449664,24.93,24721600.0,24.41,29817800.0,24.96,29573500.0,28.21100917431194,0.04096681687832948,-2.1634615384615308,-0.020457280385078103,0.015062224007138676
PFE,2024-06-27,24.37,24.78,24.11,24.76,24.76,28399600,Healthcare,24.814,24.635,25.067500000000003,24.5956,24.807993398743356,24.882225787725005,-0.07423238898164897,-0.012701471345253821,24.42,30745800.0,24.7,29693400.0,24.63,32507900.0,38.95781637717125,0.24291497975710286,0.5278116118554665,0.013923013923013983,0.015276262852976874
PFE,2024-06-28,24.74,25.04,24.62,24.92,24.92,33189200,Healthcare,24.858,24.665,25.058,24.648000000000003,24.82522518355207,24.885023877523153,-0.05979869397108217,-0.02212091587041949,24.76,28399600.0,24.7,52487000.0,24.62,33945200.0,43.358395989974966,0.8906882591093179,1.2185215272136452,0.00646203554119551,0.015378476893231277
PFE,2024-07-01,24.89,25.5,24.88,25.13,25.13,26209000,Healthcare,24.832,24.726,25.038500000000003,24.705,24.872113616851752,24.903170256965883,-0.03105664011413012,-0.023908060719161617,24.92,33189200.0,25.26,35414100.0,24.52,29461900.0,51.73333333333333,-0.5146476642913789,2.487765089722682,0.008426966292134797,0.015400095482984688
PFE,2024-07-02,25.13,25.19,24.66,24.78,24.78,21989800,Healthcare,24.802,24.801,24.9725,24.7444,24.857942291182255,24.89404653422767,-0.03610424304541482,-0.02634729718441226,25.13,26209000.0,24.93,24721600.0,24.03,32194600.0,47.78325123152709,-0.601684717208173,3.121098626716612,-0.01392757660167121,0.014507978121232662
PFE,2024-07-03,24.86,24.98,24.6,24.67,24.67,15180100,Healthcare,24.852,24.827,24.893,24.776999999999997,24.82902809253883,24.87745049465525,-0.048422402116418795,-0.03076231817081357,24.78,21989800.0,24.42,30745800.0,24.41,29817800.0,50.520833333333364,1.0237510237510294,1.0651372388365443,-0.004439063761097595,0.01395019570769673
PFE,2024-07-05,24.72,25.02,24.64,24.98,24.98,17268700,Healthcare,24.896,24.854999999999997,24.826,24.8148,24.85225453984055,24.885046754310416,-0.03279221446986469,-0.031168297430623795,24.67,15180100.0,24.76,28399600.0,24.7,29693400.0,54.34782608695652,0.8885298869143687,1.1336032388663986,0.012565869477097591,0.01401034925085132
PFE,2024-07-08,24.98,25.04,24.75,24.87,24.87,25694400,Healthcare,24.886000000000003,24.872,24.787,24.851200000000002,24.854984610634315,24.883932179917053,-0.028947569282738783,-0.030724151801046793,24.98,17268700.0,24.92,33189200.0,24.7,52487000.0,54.21686746987953,-0.20064205457464013,0.6882591093117396,-0.004403522818254624,0.014121582869234962
PFE,2024-07-09,24.83,24.88,24.31,24.69,24.69,36867800,Healthcare,24.798000000000002,24.815,24.749000000000002,24.901799999999998,24.82960236284442,24.869566833256528,-0.03996447041210871,-0.03257221552325918,24.87,25694400.0,25.13,26209000.0,25.26,35414100.0,58.59375000000002,-1.7508953442101016,-2.25653206650831,-0.007237635705669487,0.011972579229825255
PFE,2024-07-10,24.78,25.3,24.76,25.25,25.25,29873600,Healthcare,24.892000000000003,24.847,24.7615,24.961199999999998,24.89427892240682,24.897747067830117,-0.003468145423298097,-0.026751401503266967,24.69,36867800.0,24.78,21989800.0,24.93,24721600.0,60.447761194029866,1.8966908797417137,1.2835940633774579,0.022681247468610666,0.013599181332178498
PFE,2024-07-11,25.63,26.03,25.31,25.52,25.52,47322600,Healthcare,25.062,24.957,24.7895,25.021800000000002,24.990543703575,24.94383987762048,0.04670382595451983,-0.012060356011709608,25.25,29873600.0,24.67,15180100.0,24.42,30745800.0,60.25000000000002,3.4454803404945222,4.504504504504503,0.010693069306930703,0.011443361367029968
PFE,2024-07-12,25.74,25.95,25.64,25.76,25.76,28397000,Healthcare,25.218,25.057,24.846,25.087400000000002,25.108921595332692,25.004296182981925,0.10462541235076728,0.011276797660785768,25.52,47322600.0,24.98,17268700.0,24.76,28399600.0,62.50000000000004,3.122497998398721,4.038772213247177,0.009404388714733702,0.011113263971906881
PFE,2024-07-15,25.85,26.07,25.68,25.92,25.92,30534400,Healthcare,25.428,25.157000000000004,24.911,25.128800000000002,25.23370288835843,25.07212609535363,0.161576793004798,0.04133679672958821,25.76,28397000.0,24.87,25694400.0,24.92,33189200.0,58.59375000000002,4.221954161640529,4.01284109149278,0.006211180124223503,0.011107427235852058
PFE,2024-07-16,26.0,26.33,25.93,26.27,26.27,26912100,Healthcare,25.744,25.270999999999997,24.9985,25.1682,25.393133213226363,25.160857495697808,0.23227571752855525,0.07952458088938162,25.92,30534400.0,24.69,36867800.0,25.13,26209000.0,67.35751295336792,6.399351964358035,4.536410664544377,0.013503086419752952,0.01144326021374753
PFE,2024-07-17,26.2,26.98,26.1,26.74,26.74,45395000,Healthcare,26.042,25.467000000000002,25.134,25.215,25.600343488114614,25.277831014535007,0.3225124735796072,0.12812215942742675,26.27,26912100.0,25.25,29873600.0,24.78,21989800.0,80.3664921465969,5.900990099009884,7.909604519774005,0.01789113056718694,0.010092421814177962
PFE,2024-07-18,26.64,27.33,26.39,26.46,26.46,47279700,Healthcare,26.23,25.645999999999997,25.2365,25.25,25.73259833609698,25.365399087532413,0.3671992485645674,0.1759375772548549,26.74,45395000.0,25.52,47322600.0,24.67,15180100.0,72.60638297872347,3.683385579937304,7.255776246453172,-0.010471204188481575,0.011034052272751648
PFE,2024-07-19,26.66,26.72,26.32,26.69,26.69,30021200,Healthcare,26.415999999999997,25.817,25.336000000000002,25.2966,25.879890899774367,25.46351767364112,0.41637322613324557,0.22402470703053304,26.46,47279700.0,25.76,28397000.0,24.98,17268700.0,73.10704960835515,3.6102484472049667,6.845476381104887,0.008692365835222926,0.010887232474805617
PFE,2024-07-22,26.81,26.92,26.16,26.36,26.36,46483200,Healthcare,26.503999999999998,25.966,25.419,25.327799999999996,25.953753838270618,25.529923771889926,0.42383006638069176,0.2639857789005648,26.69,30021200.0,25.92,30534400.0,24.87,25694400.0,65.5696202531646,1.6975308641975273,5.991154000804166,-0.012364181341326441,0.012021032092208287
PFE,2024-07-23,26.38,26.4,26.12,26.27,26.27,25528300,Healthcare,26.504,26.124000000000002,25.469500000000004,25.3512,26.002407093921292,25.584744233231415,0.4176628606898767,0.29472119525842716,26.36,46483200.0,26.27,26912100.0,24.69,36867800.0,70.18970189701898,0.0,6.399351964358035,-0.003414264036418757,0.011610534022477482
PFE,2024-07-24,26.28,26.71,26.1,26.7,26.7,29579400,Healthcare,26.496000000000002,26.269,25.558,25.3864,26.10972907947186,25.66735577151057,0.44237330796129015,0.3242516177989998,26.27,25528300.0,26.74,45395000.0,25.25,29873600.0,75.31172069825438,-0.14958863126401933,5.742574257425748,0.016368481157213566,0.01076034796276969
PFE,2024-07-25,26.69,27.55,26.69,26.88,26.88,42296200,Healthcare,26.580000000000002,26.405,25.681,25.4174,26.228232298014653,25.757181269917194,0.4710510280974596,0.3536114998586918,26.7,29579400.0,26.46,47279700.0,25.52,47322600.0,74.48453608247424,1.5873015873015817,5.3291536050156685,0.006741573033707926,0.010626353255622717
PFE,2024-07-26,27.23,27.89,27.1,27.79,27.79,35657100,Healthcare,26.8,26.607999999999997,25.8325,25.4678,26.46850425216624,25.90776043510851,0.5607438170577304,0.3950379632984995,26.88,42296200.0,26.69,30021200.0,25.76,28397000.0,81.1965811965812,4.121393780442095,7.880434782608692,0.03385416666666674,0.013972706709357347
PFE,2024-07-29,27.72,27.93,27.49,27.74,27.74,41713700,Healthcare,27.076,26.79,25.9735,25.5092,26.664118982602204,26.043481884359732,0.6206370982424723,0.44015779028729407,27.79,35657100.0,26.36,46483200.0,25.92,30534400.0,83.5164835164835,5.23520485584219,7.021604938271597,-0.0017992083483268084,0.01429355059595819
PFE,2024-07-30,28.01,28.48,26.9,28.35,28.35,89857500,Healthcare,27.492,26.998,26.134499999999996,25.561,26.923485292971097,26.214335078110864,0.7091502148602338,0.49395627520188207,27.74,41713700.0,26.27,25528300.0,26.27,26912100.0,83.69565217391305,7.917776931861442,7.917776931861442,0.021989906272530835,0.01496532623918406
PFE,2024-07-31,28.18,28.23,27.52,27.58,27.58,40978700,Healthcare,27.668,27.082,26.2745,25.602400000000003,27.02448755559093,26.315495442695244,0.708992112895686,0.5369634427406429,28.35,89857500.0,26.7,29579400.0,26.74,45395000.0,70.19607843137251,3.2958801498127244,3.141361256544495,-0.02716049382716057,0.018038486151046865
PFE,2024-08-01,27.74,27.83,27.01,27.68,27.68,39753100,Healthcare,27.827999999999996,27.203999999999997,26.425,25.647799999999997,27.125335623961558,26.416569854347447,0.7087657696141108,0.5713239081153365,27.58,40978700.0,26.88,42296200.0,26.46,47279700.0,69.35483870967738,2.976190476190488,4.610733182161741,0.0036258158085569203,0.017386640029821605
PFE,2024-08-02,27.89,28.29,27.1,27.48,27.48,42364700,Healthcare,27.766,27.282999999999998,26.55,25.6888,27.17989937412132,26.495342457729116,0.6845569163922036,0.59397050977071,27.68,39753100.0,27.79,35657100.0,26.69,30021200.0,65.59999999999998,-1.1155091759625702,2.9599100786811494,-0.007225433526011571,0.01770158054545521
PFE,2024-08-05,26.27,27.1,26.06,26.86,26.86,37838000,Healthcare,27.589999999999996,27.333,26.6495,25.698800000000002,27.13068408579496,26.52235412752696,0.6083299582680013,0.5968423994701683,27.48,42364700.0,27.74,41713700.0,26.36,46483200.0,55.59772296015179,-3.172314347512617,1.896813353566018,-0.022561863173216956,0.018939442048026413
PFE,2024-08-06,26.85,27.14,26.42,26.48,26.48,29031800,Healthcare,27.216,27.354000000000003,26.738999999999997,25.7174,27.030578841826507,26.519216784747186,0.5113620570793209,0.5797463309919988,26.86,37838000.0,28.35,89857500.0,26.27,25528300.0,47.49034749034751,-6.59611992945327,0.7993909402360222,-0.014147431124348464,0.019576420418563452
PFE,2024-08-07,26.76,26.92,25.96,26.06,26.06,32866100,Healthcare,26.912,27.290000000000003,26.779500000000002,25.7242,26.881259020007043,26.485200726617762,0.3960582933892809,0.5430087234714552,26.48,29031800.0,27.58,40978700.0,26.7,29579400.0,46.24060150375938,-5.511240029006526,-2.397003745318349,-0.015861027190332444,0.019411705743850604
PFE,2024-08-08,26.13,26.2,25.78,25.97,25.97,32094400,Healthcare,26.57,27.199,26.802,25.7396,26.741065324621346,26.447037709831264,0.29402761479008177,0.4932125017351806,26.06,32866100.0,27.68,39753100.0,26.88,42296200.0,43.050193050193045,-6.177745664739886,-3.385416666666663,-0.0034535686876439042,0.019152734854271724
PFE,2024-08-09,25.87,25.97,25.69,25.78,25.78,25795600,Healthcare,26.23,26.998,26.803000000000004,25.7596,26.593209120833446,26.397627509103025,0.19558161173042166,0.4336863237342289,25.97,32094400.0,27.48,42364700.0,27.79,35657100.0,44.246031746031775,-6.186317321688495,-7.2328175602734746,-0.007316134000770025,0.014022961717837163
PFE,2024-08-12,25.81,25.84,25.58,25.69,25.69,21141600,Healthcare,25.996,26.793,26.791500000000003,25.771200000000004,26.454253871474453,26.345210656576874,0.10904321489757862,0.3687577019668989,25.78,25795600.0,26.86,37838000.0,27.74,41713700.0,44.246031746031775,-4.355919583023072,-7.390050468637332,-0.003491078355314148,0.013958057413556376
PFE,2024-08-13,25.78,26.15,25.57,26.06,26.06,34620700,Healthcare,25.912,26.564,26.781,25.782000000000004,26.393599429709152,26.324083941274882,0.06951548843426991,0.3089092592603731,25.69,21141600.0,26.48,29031800.0,28.35,89857500.0,43.57429718875502,-1.5861027190332444,-8.077601410934754,0.01440249124172821,0.012278443126127752
PFE,2024-08-14,26.01,26.35,25.89,26.08,26.08,23677700,Healthcare,25.916000000000004,26.413999999999998,26.748,25.781599999999997,26.345353363600054,26.306003649328595,0.03934971427145939,0.2549973502625904,26.06,34620700.0,26.06,32866100.0,27.58,40978700.0,41.70124481327801,0.07674597083653367,-5.438723712835392,0.0007674597083653367,0.010574598275610378
PFE,2024-08-15,26.13,26.2,25.76,25.93,25.93,28676800,Healthcare,25.907999999999998,26.238999999999997,26.721500000000002,25.775,26.281452846123123,26.278151527156105,0.003301318967018574,0.20465814400347607,26.08,23677700.0,25.97,32094400.0,27.68,39753100.0,27.093596059113324,-0.15402387370041515,-6.322254335260114,-0.005751533742331283,0.010076922920068399
PFE,2024-08-16,25.87,25.87,25.15,25.56,25.56,50332900,Healthcare,25.863999999999997,26.047000000000004,26.665,25.7598,26.17046010056572,26.224955117737135,-0.05449501717141558,0.15282751176849774,25.93,28676800.0,25.78,25795600.0,27.48,42364700.0,25.114155251141568,-0.8533747090768151,-6.986899563318783,-0.014269186270728929,0.010377763280407876
PFE,2024-08-19,25.6,26.09,25.54,26.01,26.01,26382500,Healthcare,25.928000000000004,25.962,26.6475,25.767,26.145773931247916,26.20903251642327,-0.06325858517535465,0.10961029237972728,25.56,50332900.0,25.69,21141600.0,26.86,37838000.0,22.274881516587698,1.245620864149477,-3.164556962025311,0.01760563380281699,0.011473234063390274
PFE,2024-08-20,26.01,26.36,26.01,26.1,26.1,21301300,Healthcare,25.936,25.924,26.639,25.78,26.138731787979005,26.20095603372525,-0.062224245746246964,0.07524338475453243,26.01,26382500.0,26.06,34620700.0,26.48,29031800.0,29.096045197740153,0.15349194167306734,-1.4350453172205402,0.0034602076124568004,0.010936762565029989
PFE,2024-08-21,26.17,26.34,26.13,26.22,26.22,16729700,Healthcare,25.964,25.939999999999998,26.615,25.8044,26.15123458982839,26.20236669789375,-0.05113210806536017,0.049968286190553914,26.1,21301300.0,26.08,23677700.0,26.06,32866100.0,29.494382022471868,0.5368098159509227,0.6139677666922472,0.0045977011494251485,0.009781663802652186
PFE,2024-08-22,26.21,26.31,25.78,25.99,25.99,20241500,Healthcare,25.976,25.942,26.5705,25.825,26.12642926831633,26.186635831383104,-0.06020656306677452,0.02793331633908823,26.22,16729700.0,25.93,28676800.0,25.97,32094400.0,29.247910863509702,0.23139220979560005,0.07701193685021313,-0.00877192982456143,0.010166878756220216
PFE,2024-08-23,26.03,26.14,25.87,26.1,26.1,21885300,Healthcare,26.083999999999996,25.974,26.486,25.854400000000002,26.122363227036892,26.180218362391763,-0.05785513535487041,0.0107756260002965,25.99,20241500.0,25.56,50332900.0,25.78,25795600.0,37.66233766233769,2.1126760563380476,1.2412723041117069,0.0042323970757984775,0.009879777315027432
PFE,2024-08-26,26.12,26.24,25.98,26.12,26.12,16506000,Healthcare,26.106,26.017000000000003,26.405,25.8844,26.121999653646604,26.175757742955334,-0.053758089308729495,-0.0021311170615086993,26.1,21885300.0,26.01,26382500.0,25.69,21141600.0,43.38235294117648,0.4229142637447003,1.6738030362008605,0.0007662835249042654,0.009742195675985707
PFE,2024-08-27,26.17,26.23,25.79,26.03,26.03,16184600,Healthcare,26.092000000000002,26.014,26.288999999999998,25.9146,26.107845860777896,26.164960873106793,-0.0571150123288966,-0.01312789611498628,26.12,16506000.0,26.1,21301300.0,26.06,34620700.0,49.37238493723855,-0.2681992337164707,-0.1151189562547894,-0.0034456355283307705,0.008740729657384797
PFE,2024-08-28,25.99,26.26,25.87,25.97,25.97,19874100,Healthcare,26.042,26.002999999999997,26.208499999999997,25.9534,26.086638805273605,26.150519326950736,-0.06388052167713099,-0.02327842122741522,26.03,16184600.0,26.22,16729700.0,26.08,23677700.0,50.0,-0.9534706331045029,-0.4217791411042948,-0.0023050326546293354,0.008761573106455414
PFE,2024-08-29,26.07,26.09,25.77,25.94,25.94,19229800,Healthcare,26.032,26.004,26.121499999999997,25.984,26.064078989077665,26.134925302732164,-0.07084631365449923,-0.03279199971283202,25.97,19874100.0,25.99,20241500.0,25.93,28676800.0,53.63636363636364,-0.19238168526355404,0.038565368299270375,-0.0011551790527530859,0.008567353396709769
PFE,2024-08-30,25.94,26.24,25.89,26.2,26.2,37137600,Healthcare,26.052000000000003,26.068,26.057499999999997,26.014,26.084989913834946,26.139745650677927,-0.054755736842981406,-0.0371847471388619,25.94,19229800.0,26.1,21885300.0,25.56,50332900.0,60.759493670886044,0.3831417624520883,2.5039123630672844,0.010023130300693905,0.007415918569811934
PFE,2024-09-03,25.87,26.12,25.41,25.56,25.56,44499600,Healthcare,25.939999999999998,26.023000000000003,25.9925,26.0312,26.004222234783416,26.09680152840549,-0.09257929362207307,-0.048263656435504135,26.2,37137600.0,26.12,16506000.0,26.01,26382500.0,40.53030303030303,-2.14395099540583,-1.730103806228389,-0.02442748091603053,0.009517569184848142
PFE,2024-09-04,25.55,25.78,25.47,25.64,25.64,23510500,Healthcare,25.862000000000002,25.976999999999997,25.950499999999998,26.038800000000002,25.94818804481674,26.062964378153232,-0.11477633333649351,-0.06156619181570201,25.56,44499600.0,26.03,16184600.0,26.1,21301300.0,41.8518518518519,-1.4982712255090291,-1.7624521072796995,0.003129890453834161,0.009498213924479536
PFE,2024-09-05,25.68,26.01,25.6,25.75,25.75,25927200,Healthcare,25.818,25.93,25.935000000000002,26.055200000000003,25.917697576383397,26.039781831623365,-0.1220842552399688,-0.07366980450055538,25.64,23510500.0,25.97,19874100.0,26.22,16729700.0,46.61654135338347,-0.8471313053523222,-1.7925247902364605,0.004290171606864179,0.009475901488939462
PFE,2024-09-06,25.79,25.98,25.54,25.79,25.79,31214500,Healthcare,25.788,25.909999999999997,25.926,26.082600000000003,25.898051795401333,26.021279473725336,-0.12322767832400316,-0.08358137926524495,25.75,25927200.0,25.94,19229800.0,25.99,20241500.0,54.93562231759657,-0.5782575173477356,-0.7695267410542495,0.0015533980582524975,0.009185831376532361
PFE,2024-09-09,25.78,26.72,25.69,26.56,26.56,36558400,Healthcare,25.860000000000003,25.956,25.964999999999996,26.1186,25.999889980724202,26.06118469789383,-0.06129471716962698,-0.07912404684612137,25.79,31214500.0,26.2,37137600.0,26.1,21885300.0,60.37735849056599,1.3740458015267132,1.7624521072796773,0.029856533540131736,0.013353574349788148
PFE,2024-09-10,26.57,26.88,26.36,26.86,26.86,32378800,Healthcare,26.119999999999997,26.03,26.023500000000002,26.1574,26.132214599074324,26.120356201753545,0.01185839732077909,-0.06092755801274128,26.56,36558400.0,25.56,44499600.0,26.12,16506000.0,63.28671328671325,5.086071987480434,2.833078101071962,0.011295180722891596,0.013671800787059622
PFE,2024-09-11,26.81,26.82,26.32,26.79,26.79,31943100,Healthcare,26.35,26.106,26.060000000000002,26.190600000000003,26.23341235306289,26.1699594460681,0.06345290699479023,-0.03605146501123498,26.86,32378800.0,25.64,23510500.0,26.03,16184600.0,60.14234875444839,4.485179407176276,2.9197080291970767,-0.002606105733432673,0.013631148669516202
PFE,2024-09-12,26.71,26.83,25.97,26.34,26.34,32511800,Healthcare,26.468,26.143,26.073,26.221799999999998,26.249810452591674,26.182555042655647,0.06725540993602763,-0.015390090021782462,26.79,31943100.0,25.75,25927200.0,25.97,19874100.0,55.775577557755796,2.291262135922323,1.4247208317289317,-0.016797312430011146,0.014959427049830167
PFE,2024-09-13,26.34,26.48,26.18,26.43,26.43,19987700,Healthcare,26.596000000000004,26.191999999999997,26.098000000000003,26.257,26.277531921423723,26.20088429875523,0.07664762266849223,0.0030174525162724765,26.34,32511800.0,25.79,31214500.0,25.94,19229800.0,55.481727574750806,2.4815820085304363,1.8889745566692318,0.003416856492027387,0.014938562291109786
PFE,2024-09-16,26.71,27.22,26.59,27.16,27.16,29224600,Healthcare,26.716,26.288,26.178000000000004,26.3006,26.41329624120469,26.271929906254844,0.14136633494984707,0.0306872290029874,26.43,19987700.0,26.56,36558400.0,26.2,37137600.0,63.978494623655905,2.259036144578319,3.6641221374045907,0.027620128641695052,0.01689982236775807
PFE,2024-09-17,27.14,27.22,26.73,26.94,26.94,27055300,Healthcare,26.732,26.426,26.2245,26.342,26.494327588711663,26.321416579865595,0.17291100884606792,0.059131984971603505,27.16,29224600.0,26.86,32378800.0,25.56,44499600.0,61.81818181818183,0.29784065524944836,5.39906103286385,-0.008100147275404979,0.01449438341520034
PFE,2024-09-18,27.09,27.22,26.85,26.87,26.87,25812800,Healthcare,26.748,26.549,26.262999999999998,26.385600000000004,26.552123344294483,26.36205238876444,0.19007095553004305,0.08531977908329141,26.94,27055300.0,26.79,31943100.0,25.64,23510500.0,61.658031088082936,0.2986188876446416,4.7971918876755115,-0.0025983667409057443,0.014704241274830698
PFE,2024-09-19,26.99,27.41,26.66,26.79,26.79,22653200,Healthcare,26.838,26.653000000000002,26.291500000000003,26.416400000000003,26.588719752864563,26.393752211818928,0.19496754104563507,0.10724933147576016,26.87,25812800.0,26.34,32511800.0,25.75,25927200.0,60.869565217391276,1.7084282460136713,4.038834951456316,-0.0029772981019725586,0.014910011466854908
PFE,2024-09-20,26.68,26.69,26.4,26.57,26.57,56877400,Healthcare,26.866000000000003,26.731,26.3205,26.437400000000004,26.585839790885398,26.406807603536045,0.17903218734935322,0.12160590265047877,26.79,22653200.0,26.43,19987700.0,25.79,31214500.0,54.78036175710595,0.5297010972380001,3.024428072896468,-0.008212019410227644,0.015404479260524542
PFE,2024-09-23,26.58,26.62,26.35,26.47,26.47,23126200,Healthcare,26.728,26.721999999999998,26.339,26.4516,26.568018284595336,26.411488521792634,0.1565297628027018,0.1285906746809234,26.57,56877400.0,27.16,29224600.0,26.56,36558400.0,63.663663663663655,-2.540500736377027,-0.33885542168674565,-0.0037636432066240344,0.01226176606056691
PFE,2024-09-24,26.42,26.72,26.33,26.64,26.64,21446200,Healthcare,26.668,26.7,26.365,26.465999999999998,26.579092394657593,26.428415297956143,0.15067709670145035,0.13300795908502877,26.47,23126200.0,26.94,27055300.0,26.86,32378800.0,64.61988304093566,-1.1135857461024523,-0.8190618019359608,0.006422364941443215,0.011840588965133665
PFE,2024-09-25,26.73,26.83,26.11,26.13,26.13,30712700,Healthcare,26.52,26.634000000000004,26.369999999999997,26.4632,26.51000125701796,26.406310461070504,0.10369079594745756,0.12714452645751453,26.64,21446200.0,26.87,25812800.0,26.79,31943100.0,54.97382198952879,-2.7540007443245362,-2.4636058230683044,-0.019144144144144226,0.013203655403161683
PFE,2024-09-26,25.72,26.2,25.57,26.16,26.16,32310400,Healthcare,26.394,26.616000000000003,26.3795,26.451600000000003,26.456154909784427,26.388065241731947,0.06808966805247962,0.11533355477650756,26.13,30712700.0,26.79,22653200.0,26.34,32511800.0,54.85564304461942,-2.3516237402015694,-0.6833712984054663,0.0011481056257176547,0.012213884283750054
PFE,2024-09-27,26.21,26.4,26.12,26.27,26.27,25013000,Healthcare,26.334000000000003,26.6,26.395999999999997,26.4478,26.427515692894517,26.379319668270323,0.04819602462419326,0.1019060487460447,26.16,32310400.0,26.57,56877400.0,26.43,19987700.0,45.39682539682542,-1.1290929619872103,-0.6053726825577033,0.004204892966360729,0.012245317199073022
PFE,2024-09-30,26.29,26.36,25.99,26.14,26.14,27464700,Healthcare,26.268,26.498,26.393,26.436799999999998,26.383282509372282,26.36159228543548,0.02169022393680109,0.08586288378419599,26.27,25013000.0,26.47,23126200.0,27.16,29224600.0,37.91946308724835,-1.2466943709860123,-3.755522827687774,-0.00494861058241336,0.0072257259467718
PFE,2024-10-01,26.24,26.26,25.77,25.89,25.89,30725100,Healthcare,26.118000000000002,26.393,26.4095,26.427400000000002,26.307392892545778,26.326659523551374,-0.019266631005596224,0.06483698082623754,26.14,27464700.0,26.64,21446200.0,26.94,27055300.0,35.759493670886116,-2.8153153153153143,-3.897550111358572,-0.009563886763580665,0.0073365600799391965
PFE,2024-10-02,25.83,25.98,25.63,25.84,25.84,24957200,Healthcare,26.060000000000002,26.29,26.4195,26.4188,26.23548629369258,26.290610669954976,-0.05512437626239475,0.040844709408511086,25.89,30725100.0,26.13,30712700.0,26.87,25812800.0,40.942028985507264,-1.1098354381936404,-3.833271306289543,-0.0019312475859405431,0.007353162405545632
PFE,2024-10-03,25.74,25.76,25.52,25.59,25.59,25678900,Healthcare,25.945999999999998,26.169999999999998,26.4115,26.3966,26.13618071004757,26.238713583291645,-0.10253287324407623,0.012169192877993621,25.84,24957200.0,26.16,32310400.0,26.79,22653200.0,35.61643835616441,-2.178899082568808,-4.4792833146696465,-0.009674922600619196,0.0075641526521937385
PFE,2024-10-04,25.55,25.82,25.5,25.81,25.81,28769000,Healthcare,25.854000000000003,26.094,26.4125,26.3752,26.085999062347945,26.20695702156634,-0.12095795921839425,-0.014456237541283954,25.59,25678900.0,26.27,25013000.0,26.57,56877400.0,21.991701244813285,-1.7510468214693597,-2.860368837034255,0.00859710824540838,0.008472209633880118
PFE,2024-10-07,26.53,26.95,26.29,26.37,26.37,51426600,Healthcare,25.9,26.083999999999996,26.403,26.346799999999998,26.129691514294414,26.21903427922809,-0.08934276493367577,-0.029433543019762316,25.81,28769000.0,26.14,27464700.0,26.47,23126200.0,39.63636363636366,0.8798775822494331,-0.3777861730260623,0.02169701666020929,0.011468245482079146
PFE,2024-10-08,26.38,26.63,26.19,26.35,26.35,29126600,Healthcare,25.992,26.055,26.377499999999998,26.319000000000003,26.16358512747989,26.228735443729715,-0.0651503162498237,-0.0365768976657746,26.37,51426600.0,25.89,30725100.0,26.64,21446200.0,40.370370370370395,1.7767477790652686,-1.0885885885885904,-0.0007584376185059138,0.011221367656983932
PFE,2024-10-09,26.39,27.48,26.28,27.27,27.27,44244800,Healthcare,26.278,26.169,26.4015,26.297400000000003,26.33380280017529,26.305866151601588,0.027936648573703593,-0.02367418841787896,26.35,29126600.0,25.84,24957200.0,26.13,30712700.0,56.779661016949156,5.534055727554188,4.362801377726755,0.0349146110056926,0.014164632010543897
PFE,2024-10-10,26.99,27.17,26.44,26.5,26.5,34347700,Healthcare,26.459999999999997,26.203000000000003,26.409499999999998,26.2758,26.35937160014832,26.320246436668135,0.03912516348018613,-0.01111431803826594,27.27,44244800.0,25.59,25678900.0,26.16,32310400.0,49.1442542787286,3.556076592418922,1.2996941896024516,-0.028236156949028257,0.017550176472164888
PFE,2024-10-11,26.52,26.59,26.15,26.34,26.34,29617600,Healthcare,26.566000000000003,26.21,26.405,26.249000000000002,26.356391353971656,26.321709663581608,0.0346816903900482,-0.0019551163526031114,26.5,34347700.0,25.81,28769000.0,26.27,25013000.0,48.433734939759056,2.0534676481983816,0.26646364674534073,-0.006037735849056647,0.01766872598822244
PFE,2024-10-14,26.34,26.34,26.06,26.26,26.26,23594200,Healthcare,26.544,26.222,26.360000000000003,26.2246,26.341561914899092,26.317138577390377,0.024423337508714837,0.003320574419660479,26.34,29617600.0,26.37,51426600.0,26.14,27464700.0,45.32019704433499,-0.4171406901782304,0.4590665646518888,-0.0030372057706908873,0.017614622182880343
PFE,2024-10-15,26.27,26.86,26.25,26.59,26.59,29009900,Healthcare,26.592000000000002,26.292,26.3425,26.219199999999997,26.379783158760773,26.337350534620718,0.042432624140055,0.011142984363739384,26.26,23594200.0,26.35,29126600.0,25.89,30725100.0,55.9278350515464,0.9108159392789306,2.703746620316716,0.012566641279512458,0.01758639212375792
PFE,2024-10-16,26.64,26.93,26.58,26.8,26.8,28414800,Healthcare,26.498,26.387999999999998,26.339,26.2256,26.44443190356681,26.371620865389552,0.07281103817725665,0.023476595126442838,26.59,29009900.0,27.27,44244800.0,25.84,24957200.0,57.8817733990148,-1.723505683901716,3.7151702786377694,0.00789770590447536,0.017566621848480648
PFE,2024-10-17,26.62,26.67,26.39,26.43,26.43,23779200,Healthcare,26.483999999999998,26.471999999999998,26.320999999999998,26.232999999999997,26.442211610710377,26.375945245731067,0.0662663649793096,0.032034549097016196,26.8,28414800.0,26.5,34347700.0,25.59,25678900.0,51.851851851851855,-0.26415094339622414,3.282532239155911,-0.013805970149253777,0.017962636986721126
PFE,2024-10-18,26.46,26.53,26.26,26.39,26.39,24244900,Healthcare,26.494,26.53,26.312,26.2414,26.434179055216475,26.376986338639878,0.057192716576597746,0.03706618259293251,26.43,23779200.0,26.34,29617600.0,25.81,28769000.0,52.95508274231678,0.18982536066818323,2.2471910112359605,-0.001513431706394175,0.017920835797734198
PFE,2024-10-21,26.39,26.39,26.08,26.13,26.13,23395700,Healthcare,26.468,26.506,26.294999999999998,26.248399999999997,26.387382277490865,26.358691054296184,0.02869122319468076,0.035391190713282165,26.39,24244900.0,26.26,23594200.0,26.37,51426600.0,52.83018867924527,-0.4950495049505066,-0.9101251422070633,-0.009852216748768572,0.01688733582647077
PFE,2024-10-22,26.1,26.18,25.83,26.05,26.05,29036400,Healthcare,26.360000000000003,26.476,26.265499999999996,26.2556,26.33547731172304,26.335825050274245,-0.000347738551205623,0.028243404860384607,26.13,23395700.0,26.59,29009900.0,26.35,29126600.0,52.45901639344263,-2.0308386611508022,-1.1385199240986799,-0.003061615001913487,0.016902613839145073
PFE,2024-10-23,26.07,26.29,25.89,26.06,26.06,22217600,Healthcare,26.212,26.355,26.262,26.2556,26.293096186842572,26.315393565068746,-0.022297378226173947,0.018135248243072898,26.05,29036400.0,26.8,28414800.0,27.27,44244800.0,55.83126550868486,-2.7611940298507553,-4.437110377704445,0.00038387715930898736,0.011367408424707601
PFE,2024-10-24,26.06,26.17,25.74,25.87,25.87,31473600,Healthcare,26.1,26.292,26.247500000000002,26.2514,26.22800446578987,26.282401449137726,-0.05439698334785703,0.003628801924886913,26.06,22217600.0,26.43,23779200.0,26.5,34347700.0,50.75000000000003,-2.118804388951945,-2.3773584905660394,-0.007290867229470366,0.007903599909645787
PFE,2024-10-25,25.9,25.95,25.69,25.69,25.69,26091100,Healthcare,25.96,26.226999999999997,26.2185,26.246599999999997,26.14523454797604,26.23851986031271,-0.09328531233666837,-0.015754020927424145,25.87,31473600.0,26.39,24244900.0,26.34,29617600.0,40.607734806629814,-2.6525198938991967,-2.467729688686404,-0.006957866254348688,0.007956159308225668
PFE,2024-10-28,25.83,26.14,25.79,26.06,26.06,37922500,Healthcare,25.945999999999998,26.207,26.214499999999997,26.2566,26.13212154059511,26.225296166956213,-0.09317462636110108,-0.03123814201415953,25.69,26091100.0,26.13,23395700.0,26.26,23594200.0,46.347607052896684,-0.26789131266743427,-0.7616146230007725,0.01440249124172821,0.009565841101183505
PFE,2024-10-29,26.2,26.34,25.31,25.7,25.7,102267000,Healthcare,25.875999999999998,26.118000000000002,26.205000000000002,26.2504,26.065641303580477,26.18638533977427,-0.12074403619379126,-0.04913932085008588,26.06,37922500.0,26.05,29036400.0,26.59,29009900.0,26.979472140762383,-1.3435700575815779,-3.347122978563377,-0.013814274750575617,0.009120872745678738
PFE,2024-10-30,25.57,25.83,25.46,25.76,25.76,47104000,Healthcare,25.816000000000003,26.014,26.201,26.2436,26.018619564568095,26.15480124053173,-0.13618167596363406,-0.06654779187279553,25.7,102267000.0,26.06,22217600.0,26.8,28414800.0,36.29629629629628,-1.1511895625479607,-3.880597014925369,0.0023346303501945442,0.008506843197186613
PFE,2024-10-31,25.69,25.87,25.55,25.56,25.56,37909600,Healthcare,25.753999999999998,25.927,26.1995,26.2304,25.948062708480695,26.11074188938123,-0.16267918090053612,-0.08577406967834364,25.76,47104000.0,25.87,31473600.0,26.43,23779200.0,35.76642335766418,-1.1982991882489413,-3.291713961407494,-0.007763975155279601,0.007920863331590124
PFE,2024-11-01,25.72,25.78,25.33,25.37,25.37,46894600,Healthcare,25.689999999999998,25.825,26.1775,26.218000000000004,25.85912998409905,26.05587211979744,-0.19674213569838983,-0.10796768288235288,25.56,37909600.0,25.69,26091100.0,26.39,24244900.0,34.385964912280656,-1.245620864149477,-3.8651004168245517,-0.007433489827855966,0.007992302679166263
PFE,2024-11-04,25.38,25.41,25.04,25.07,25.07,41347800,Healthcare,25.491999999999997,25.719,26.1125,26.1974,25.737725371160735,25.982844555368,-0.2451191842072653,-0.13539798314733537,25.37,46894600.0,26.06,37922500.0,26.13,23395700.0,23.049645390070893,-3.7989255564082836,-4.056639877535395,-0.011824990145841596,0.008177601440799319
PFE,2024-11-05,25.05,25.29,24.91,25.28,25.28,44175800,Healthcare,25.407999999999998,25.642000000000003,26.059000000000005,26.1806,25.667306083289855,25.93078199571111,-0.26347591242125645,-0.16101356900211958,25.07,41347800.0,25.7,102267000.0,26.05,29036400.0,23.049645390070893,-1.634241245136181,-2.955854126679458,0.008376545672118096,0.009088582245065889
PFE,2024-11-06,25.22,25.28,24.46,24.71,24.71,65749500,Healthcare,25.198,25.506999999999998,25.931,26.1542,25.520028224322186,25.84035369973251,-0.32032547541032486,-0.19287595028376064,25.28,44175800.0,25.76,47104000.0,26.06,22217600.0,21.523178807947005,-4.07608695652174,-5.180353031465845,-0.022547468354430444,0.010869831304999186
PFE,2024-11-07,24.86,24.92,24.69,24.8,24.8,48484800,Healthcare,25.046,25.4,25.845999999999997,26.1308,25.409254651349542,25.76329046271529,-0.3540358113657476,-0.22510792250015804,24.71,65749500.0,25.56,37909600.0,25.87,31473600.0,24.104234527687268,-2.9733959311423974,-4.136064940085038,0.003642250101173694,0.011187169659211568
PFE,2024-11-08,24.86,24.9,24.5,24.51,24.51,55951300,Healthcare,24.874000000000002,25.282,25.7545,26.102199999999996,25.270907781911152,25.670454132143785,-0.3995463502326331,-0.25999560804665306,24.8,48484800.0,25.37,46894600.0,25.69,26091100.0,23.870967741935473,-3.3898305084745783,-4.593226936551186,-0.011693548387096686,0.01141671110754087
PFE,2024-11-11,24.51,24.61,24.05,24.07,24.07,54329300,Healthcare,24.674,25.083000000000002,25.645,26.0596,25.086152738540207,25.551901974207208,-0.4657492356670012,-0.30114633357072274,24.51,55951300.0,25.07,41347800.0,26.06,37922500.0,21.387283236994193,-3.9888312724371766,-7.636224098234834,-0.017951856385148957,0.009907831537587227
PFE,2024-11-12,24.06,24.25,23.8,24.02,24.02,53035200,Healthcare,24.422000000000004,24.915,25.5165,26.0288,24.922129240303253,25.438427753895564,-0.5162985135923108,-0.3441767695750404,24.07,54329300.0,25.28,44175800.0,25.7,102267000.0,20.857142857142875,-4.984177215189877,-6.536964980544746,-0.002077274615704172,0.009819910372184994
PFE,2024-11-13,24.06,24.53,23.83,24.51,24.51,47983100,Healthcare,24.381999999999998,24.79,25.401999999999997,26.0062,24.85872474179506,25.369655327681077,-0.5109305858860154,-0.3775275328372354,24.02,53035200.0,24.71,65749500.0,25.76,47104000.0,32.10526315789477,-0.809388911371911,-4.85248447204969,0.020399666944213246,0.012857288684343507
PFE,2024-11-14,24.52,24.63,23.7,23.86,23.86,45262200,Healthcare,24.194,24.62,25.273500000000002,25.968399999999995,24.7050747815189,25.257829007112107,-0.5527542255932083,-0.41257287138843,24.51,47983100.0,24.8,48484800.0,25.56,37909600.0,28.571428571428584,-3.790322580645167,-6.651017214397492,-0.026519787841697395,0.014576601468067822
PFE,2024-11-15,23.57,23.57,22.45,22.75,22.75,131074400,Healthcare,23.842,24.358,25.0915,25.9076,24.404294045900606,25.072063895474173,-0.6677698495735669,-0.46361226702545744,23.86,45262200.0,24.51,55951300.0,25.37,46894600.0,16.966067864271523,-7.180742554059572,-10.327158060701624,-0.04652137468566642,0.019263634965267087
PFE,2024-11-18,22.9,23.16,22.65,22.8,22.8,64221700,Healthcare,23.588,24.131,24.925,25.832399999999996,24.157479577300514,24.90376286617979,-0.7462832888792761,-0.5201464713962212,22.75,131074400.0,24.07,54329300.0,25.07,41347800.0,19.14893617021285,-5.276277523888662,-9.054646988432392,0.00219780219780219,0.019676328632807712
PFE,2024-11-19,22.65,23.03,22.57,23.02,23.02,52381200,Healthcare,23.387999999999998,23.904999999999998,24.7735,25.755600000000005,23.982482719254282,24.7642248760924,-0.7817421568381171,-0.5724656084846004,22.8,64221700.0,24.02,53035200.0,25.28,44175800.0,21.810699588477377,-4.163197335553703,-8.939873417721522,0.009649122807017463,0.019806818701130113
PFE,2024-11-20,22.99,23.02,22.61,22.87,22.87,46170800,Healthcare,23.060000000000002,23.721,24.613999999999997,25.6772,23.8113315316767,24.623911922307776,-0.8125803906310765,-0.6204885649138956,23.02,52381200.0,24.51,47983100.0,24.71,65749500.0,22.037422037422076,-6.691146470828235,-7.446377984621611,-0.006516072980017329,0.019241987840493094
PFE,2024-11-21,22.81,23.13,22.73,23.05,23.05,45048400,Healthcare,22.898000000000003,23.546,24.473000000000003,25.6114,23.69420360372644,24.507325853988682,-0.8131222502622428,-0.6590153019835651,22.87,46170800.0,23.86,45262200.0,24.8,48484800.0,25.833333333333357,-3.3948030176026767,-7.056451612903225,0.007870572802798348,0.01955884136707908
PFE,2024-11-22,23.09,23.62,23.02,23.53,23.53,41897000,Healthcare,23.054000000000002,23.448,24.365,25.553399999999996,23.66894151084545,24.43493134628582,-0.7659898354403687,-0.6804102086749259,23.05,45048400.0,22.75,131074400.0,24.51,55951300.0,34.538152610441784,3.4285714285714253,-3.9983680130558974,0.020824295010845928,0.02133572249247149
PFE,2024-11-25,23.62,24.26,23.61,24.0,24.0,57707600,Healthcare,23.294,23.441,24.262,25.4902,23.719873586099997,24.402714209523907,-0.6828406234239104,-0.6808962916247228,23.53,41897000.0,22.8,64221700.0,24.07,54329300.0,37.78625954198473,5.263157894736836,-0.290818446198593,0.01997450063748407,0.021916306123504564
PFE,2024-11-26,23.99,24.07,23.49,23.64,23.64,33001000,Healthcare,23.418,23.403,24.159,25.4242,23.707585342084613,24.346216860670285,-0.6386315185856724,-0.6724433370169127,24.0,57707600.0,23.02,52381200.0,24.02,53035200.0,39.363817097415506,2.693310165073859,-1.582014987510405,-0.015000000000000013,0.022422826637599983
PFE,2024-11-27,23.63,23.8,23.57,23.69,23.69,28242100,Healthcare,23.582,23.320999999999998,24.055500000000002,25.360599999999998,23.704879904840826,24.297608204324337,-0.592728299483511,-0.6565003295102324,23.64,33001000.0,22.87,46170800.0,24.51,47983100.0,38.877755511022045,3.5854831657192943,-3.345573235414112,0.002115059221658333,0.021160911797893617
PFE,2024-11-29,23.69,24.06,23.64,24.04,24.04,22023000,Healthcare,23.78,23.339000000000002,23.979499999999998,25.3056,23.75643684255762,24.278526115115127,-0.5220892725575084,-0.6296181181196876,23.69,28242100.0,23.05,45048400.0,23.86,45262200.0,45.34653465346532,4.29501084598698,0.7544006705783701,0.014774166314900805,0.020105788717579204
PFE,2024-12-02,23.91,24.05,23.6,23.68,23.68,43866400,Healthcare,23.81,23.432,23.895,25.2478,23.744677328317984,24.23419084732882,-0.48951351901083484,-0.6015971982979171,24.04,22023000.0,23.53,41897000.0,22.75,131074400.0,46.07645875251508,0.6374840628984302,4.087912087912082,-0.014975041597337757,0.013079141387784996
PFE,2024-12-03,23.69,23.75,23.41,23.44,23.44,49064300,Healthcare,23.698,23.496000000000002,23.813499999999998,25.187199999999997,23.697803893192138,24.175361895674833,-0.4775580024826951,-0.5767893591348727,23.68,43866400.0,24.0,57707600.0,22.8,64221700.0,44.37984496124032,-2.3333333333333317,2.807017543859658,-0.010135135135135087,0.01383704732267412
PFE,2024-12-04,23.34,23.39,23.09,23.14,23.14,42541500,Healthcare,23.598,23.508000000000003,23.706500000000002,25.117200000000004,23.61198790962412,24.09866842192114,-0.4866805122970206,-0.5587675897673023,23.44,49064300.0,23.64,33001000.0,23.02,52381200.0,36.21730382293761,-2.115059221658211,0.5212858384013863,-0.012798634812286713,0.014421443048777946
PFE,2024-12-05,23.14,23.65,23.06,23.57,23.57,43647900,Healthcare,23.574,23.578,23.6495,25.066,23.60552823122041,24.05950779807513,-0.45397956685471996,-0.537809985184786,23.14,42541500.0,23.69,28242100.0,22.87,46170800.0,46.94736842105264,-0.506542845082314,3.060778312199375,0.018582541054451118,0.015205518872051427
PFE,2024-12-06,23.61,23.94,23.47,23.6,23.6,31830700,Healthcare,23.486,23.633000000000003,23.5895,25.0148,23.60467773410958,24.0254701834029,-0.4207924492933195,-0.5144064780064926,23.57,43647900.0,24.04,22023000.0,23.05,45048400.0,61.580381471389686,-1.8302828618968259,2.386117136659438,0.0012728044123886395,0.01511953859126777
PFE,2024-12-09,23.63,24.25,23.46,23.94,23.94,37464800,Healthcare,23.538,23.674,23.561,24.968199999999996,23.6562657750158,24.019139058706386,-0.36287328369058613,-0.4840998391433114,23.6,31830700.0,23.68,43866400.0,23.53,41897000.0,64.39393939393943,1.0979729729729826,1.742456438589035,0.014406779661017,0.014371299095374377
PFE,2024-12-10,23.94,23.95,23.4,23.45,23.45,43280500,Healthcare,23.54,23.619,23.53,24.9144,23.624532578859522,23.976980609913323,-0.3524480310538003,-0.4577694775254092,23.94,37464800.0,23.44,49064300.0,24.0,57707600.0,55.08274231678487,0.04266211604093684,-2.2916666666666696,-0.020467836257309968,0.01438575474018655
PFE,2024-12-11,23.28,23.4,23.08,23.14,23.14,39569400,Healthcare,23.54,23.569000000000003,23.486,24.8594,23.54998910518883,23.91498204621604,-0.3649929410272108,-0.4392141702257696,23.45,43280500.0,23.14,42541500.0,23.64,33001000.0,53.075170842824605,0.0,-2.115059221658211,-0.01321961620469081,0.014220113465442859
PFE,2024-12-12,23.09,23.37,22.98,23.27,23.27,38705100,Healthcare,23.48,23.526999999999997,23.424,24.808000000000003,23.5069138582367,23.867205598348182,-0.3602917401114816,-0.423429684202912,23.14,39569400.0,23.57,43647900.0,23.69,28242100.0,52.53456221198156,-1.2728044123886284,-1.7728999577880988,0.00561797752808979,0.014376250350659479
PFE,2024-12-13,23.24,23.53,23.17,23.46,23.46,29043600,Healthcare,23.452,23.469,23.404000000000003,24.765400000000003,23.4996963415849,23.83704222069276,-0.3373458791078576,-0.4062129231839011,23.27,38705100.0,23.6,31830700.0,24.04,22023000.0,49.1358024691358,-0.5932203389830581,-2.412645590682194,0.008165019338203683,0.013669585901093219
PFE,2024-12-16,23.47,23.62,23.13,23.16,23.16,40194000,Healthcare,23.296,23.416999999999998,23.424500000000002,24.7124,23.447435365956455,23.786890945085887,-0.3394555791294316,-0.39286145437300724,23.46,29043600.0,23.94,37464800.0,23.68,43866400.0,39.175257731958766,-3.2581453634085267,-2.195945945945943,-0.012787723785166238,0.013461123230717648
PFE,2024-12-17,23.75,24.27,23.72,24.24,24.24,71440300,Healthcare,23.454,23.497,23.4965,24.6698,23.56936838657854,23.820454578783227,-0.25108619220468853,-0.3645064019393435,23.16,40194000.0,23.45,43280500.0,23.44,49064300.0,56.52173913043476,3.3688699360341134,3.4129692832764347,0.04663212435233155,0.020063653097444668
PFE,2024-12-18,24.02,24.32,23.72,23.75,23.75,47575100,Healthcare,23.576,23.558,23.533,24.6178,23.597157865566455,23.815235721095583,-0.21807785552912762,-0.33522069265730037,24.24,71440300.0,23.14,39569400.0,23.14,42541500.0,50.59523809523808,2.636127917026787,2.636127917026787,-0.020214521452145195,0.02085607675926952
PFE,2024-12-19,23.57,23.93,23.46,23.64,23.64,50324700,Healthcare,23.65,23.565,23.5715,24.5452,23.60374896317162,23.802255297310726,-0.19850633413910757,-0.3078778209536618,23.75,47575100.0,23.27,38705100.0,23.57,43647900.0,45.83333333333335,1.5900300816501955,0.2969876962240159,-0.004631578947368431,0.020185186695601987
PFE,2024-12-20,23.57,24.3,23.57,24.18,24.18,116340100,Healthcare,23.794,23.622999999999998,23.628,24.498800000000003,23.692402968837524,23.83023638639882,-0.1378334175612963,-0.2738689402751887,23.64,50324700.0,23.46,29043600.0,23.6,31830700.0,55.020080321285135,3.069053708439884,2.457627118644057,0.02284263959390853,0.021395803890715964
PFE,2024-12-23,24.18,24.53,24.02,24.5,24.5,35350400,Healthcare,24.062,23.679,23.6765,24.462,23.816648665939443,23.87984850592483,-0.06319983998538703,-0.23173512021722836,24.18,116340100.0,23.16,40194000.0,23.94,37464800.0,60.47430830039524,5.785837651122616,2.3391812865497075,0.013234077750206685,0.021327213619784773
PFE,2024-12-24,24.39,24.55,24.19,24.52,24.52,19716400,Healthcare,24.118,23.786,23.7025,24.427200000000003,23.92485656348722,23.927267135115585,-0.002410571628363556,-0.18587021049945543,24.5,35350400.0,24.24,71440300.0,23.45,43280500.0,64.43514644351464,1.1551155115511635,4.562899786780394,0.0008163265306122547,0.01978477531669427
PFE,2024-12-26,24.43,24.51,24.29,24.36,24.36,31406000,Healthcare,24.240000000000002,23.907999999999998,23.7385,24.382600000000004,23.99180170756611,23.95932142140332,0.03248028616279086,-0.14220011116700618,24.52,19716400.0,23.75,47575100.0,23.14,39569400.0,58.75831485587583,2.5684210526315754,5.272255834053574,-0.006525285481239762,0.01921827556852669
PFE,2024-12-27,24.24,24.63,24.23,24.41,24.41,35218300,Healthcare,24.394,24.022,23.7745,24.3348,24.056139906402095,23.99270501981789,0.06343488658420426,-0.1010731116167641,24.36,31406000.0,23.64,50324700.0,23.27,38705100.0,58.94039735099337,3.2571912013536375,4.89901160292221,0.0020525451559934016,0.0192450829342493
PFE,2024-12-30,24.29,24.38,24.07,24.23,24.23,32859100,Healthcare,24.404,24.099,23.784,24.290800000000004,24.082887613109467,24.010282425757303,0.07260518735216337,-0.06633745182297861,24.41,35218300.0,24.18,116340100.0,23.46,29043600.0,53.31807780320365,0.20678246484697738,3.282182438192671,-0.007374027038099085,0.019581788409087572
PFE,2024-12-31,24.21,24.44,24.18,24.33,24.33,27085500,Healthcare,24.369999999999997,24.216,23.8165,24.2496,24.12090490340032,24.03396520903454,0.08693969436577831,-0.03568202258522722,24.23,32859100.0,24.5,35350400.0,23.16,40194000.0,61.05527638190956,-0.6938775510204165,5.051813471502586,0.004127115146512539,0.01874015964505189
