Ticker,Date,Open,High,Low,Close,Adj Close,Volume,Sector,SMA_5,SMA_10,SMA_20,SMA_50,EMA_12,EMA_26,MACD,MACD_signal,Close_lag_1,Volume_lag_1,Close_lag_5,Volume_lag_5,Close_lag_10,Volume_lag_10,RSI_14,ROC_5,ROC_10,Daily_Return,Volatility_10
PG,2019-03-14,84.61,85.32,84.43,84.93,84.93,8590200,Consumer Goods,83.914,83.357,83.30199999999999,80.51899999999999,83.56561102192337,82.66114137012559,0.9044696517977826,0.9078101506763383,84.81,9883300.0,82.61,8408600.0,82.61,10575400.0,58.10564663023672,2.8083767098414425,2.8083767098414425,0.0014149274849664106,0.005358983878868047
PG,2019-03-15,85.3,86.25,85.28,85.87,85.87,30802700,Consumer Goods,84.59,83.69200000000001,83.469,80.718,83.92013240316594,82.89883460196813,1.0212978011978038,0.9305076807806314,84.93,8590200.0,82.49,5144500.0,82.52,7733200.0,70.4778156996586,4.0974663595587435,4.059621909840039,0.011067938302131042,0.005746986127271044
PG,2019-03-18,85.55,85.75,84.83,85.09,85.09,8442800,Consumer Goods,84.91400000000002,83.913,83.596,80.9122,84.1001120334481,83.06114314997049,1.038968883477608,0.9521999213200267,85.87,30802700.0,83.47,7544400.0,82.88,6895300.0,60.964230171073005,1.9408170600215602,2.666505791505802,-0.009083498311400984,0.007073219993179401
PG,2019-03-19,85.43,85.62,84.91,85.42,85.42,7334100,Consumer Goods,85.224,84.149,83.676,81.0822,84.30317172060992,83.23587328700971,1.0672984336002145,0.9752196237760643,85.09,8442800.0,83.87,7597500.0,83.06,6274600.0,70.95158597662768,1.8480982472874663,2.841319528052,0.0038782465624631612,0.007080780922065262
PG,2019-03-20,85.28,85.76,84.71,85.27,85.27,7513800,Consumer Goods,85.316,84.38300000000001,83.7785,81.2554,84.45191453282379,83.38654933982382,1.0653651929999768,0.9932487376208469,85.42,7334100.0,84.81,9883300.0,82.93,4622300.0,72.77397260273958,0.5423888692371204,2.8216568190039704,-0.0017560290330134176,0.007094185678944354
PG,2019-03-21,84.9,86.26,84.9,85.91,85.91,8221000,Consumer Goods,85.512,84.713,83.892,81.4356,84.67623537392782,83.57347161094798,1.1027637629798477,1.015151742692647,85.27,7513800.0,84.93,8590200.0,82.61,8408600.0,76.52582159624401,1.1538914400094136,3.9946737683089095,0.00750557054063572,0.006812010474244074
PG,2019-03-22,85.9,86.47,83.0,85.22,85.22,11035900,Consumer Goods,85.38199999999999,84.986,83.951,81.6272,84.75989147024663,83.69543667680368,1.0644547934429482,1.0250123528427073,85.91,8221000.0,85.87,30802700.0,82.49,5144500.0,67.41071428571425,-0.7569581926167523,3.309492059643593,-0.008031661040623916,0.007656627131728736
PG,2019-03-25,85.22,85.79,84.88,85.47,85.47,6955500,Consumer Goods,85.458,85.186,84.051,81.8202,84.86913893636253,83.82688581185526,1.042253124507269,1.0284605071756197,85.22,11035900.0,85.09,8442800.0,83.47,7544400.0,67.74668630338726,0.4465859677987849,2.3960704444710768,0.0029335836658062053,0.007038802900538825
PG,2019-03-26,85.87,86.74,85.84,86.36,86.36,6909400,Consumer Goods,85.646,85.43499999999999,84.185,82.021,85.09850217692215,84.01452389986599,1.0839782770561612,1.039564061151728,85.47,6955500.0,85.42,7334100.0,83.87,7597500.0,72.71523178807934,1.1004448606883654,2.9688804101585697,0.01041301041301046,0.007463310759871093
PG,2019-03-27,86.14,86.36,85.54,86.26,86.26,6037100,Consumer Goods,85.84400000000001,85.58,84.35249999999999,82.23,85.27719414970336,84.18085546283888,1.0963386868644847,1.0509189862942794,86.36,6909400.0,85.27,7513800.0,84.81,9883300.0,74.89768076398363,1.161017943004583,1.7097040443343925,-0.0011579434923575382,0.006950818257674278
PG,2019-03-28,86.6,86.91,86.43,86.8,86.8,6793700,Consumer Goods,86.022,85.767,84.562,82.4356,85.51147197282592,84.37486616929526,1.1366058035306565,1.068056349741555,86.26,6037100.0,85.91,8221000.0,84.93,8590200.0,77.80645161290323,1.0359678733558475,2.2018132579771477,0.006260143751449121,0.007094696439598444
PG,2019-03-29,87.06,87.3,86.43,87.22,87.22,7535400,Consumer Goods,86.422,85.902,84.797,82.6602,85.77432243854501,84.58561682342155,1.1887056151234674,1.0921862028179374,86.8,6793700.0,85.22,11035900.0,85.87,30802700.0,76.07788595271211,2.34686693264492,1.5721439385117053,0.004838709677419395,0.006476377313474083
PG,2019-04-01,87.37,87.37,86.46,86.88,86.88,6626500,Consumer Goods,86.704,86.081,84.997,82.87819999999999,85.94442667876886,84.75557113279773,1.188855545971137,1.1115200714485773,87.22,7535400.0,85.47,6955500.0,85.09,8442800.0,71.10799438990178,1.6497016497016403,2.10365495357856,-0.0038981884888786844,0.0056872434192914425
PG,2019-04-02,86.85,87.2,86.56,86.97,86.97,6088800,Consumer Goods,86.826,86.23599999999999,85.19250000000001,83.085,86.1022071897275,84.91960290073864,1.1826042889888555,1.125736914956633,86.88,6626500.0,86.36,6909400.0,85.42,7334100.0,67.19745222929933,0.7063455303381261,1.8145633341137835,0.00103591160221006,0.005659373742785624
PG,2019-04-03,86.83,87.09,86.13,86.92,86.92,5226500,Consumer Goods,86.958,86.401,85.392,83.3072,86.22802146823096,85.06778046364688,1.1602410045840799,1.1326377328821224,86.97,6088800.0,86.26,6037100.0,85.27,7513800.0,66.02254428341382,0.7651286807326629,1.9350299050076236,-0.0005749108888122301,0.005588461826620292
PG,2019-04-04,86.74,86.9,86.16,86.7,86.7,4786100,Consumer Goods,86.938,86.47999999999999,85.5965,83.45120000000001,86.3006335500416,85.18868561448785,1.1119479355537436,1.1284997734164466,86.92,5226500.0,86.8,6793700.0,85.91,8221000.0,57.55919854280509,-0.11520737327188613,0.9195669887091196,-0.0025310630464795425,0.005373468510893301
PG,2019-04-05,86.85,86.92,86.48,86.89,86.89,4281800,Consumer Goods,86.872,86.647,85.8165,83.60799999999999,86.39130531157366,85.31470890230356,1.0765964092700955,1.1181191005871765,86.7,4786100.0,87.22,7535400.0,85.22,11035900.0,68.36734693877551,-0.3783535886264566,1.9596338887585052,0.0021914648212226773,0.004355348418060552
PG,2019-04-08,87.12,88.13,86.76,87.99,87.99,8468600,Consumer Goods,87.09400000000001,86.89899999999999,86.0425,83.7986,86.63725834056233,85.51287861324404,1.124379727318285,1.1193712259333983,86.89,4281800.0,86.88,6626500.0,85.47,6955500.0,72.66313932980599,1.2776243093922668,2.9484029484029506,0.012659684658763881,0.005527415452852106
PG,2019-04-09,87.64,87.82,87.3,87.73,87.73,5820300,Consumer Goods,87.24600000000001,87.036,86.2355,83.98540000000001,86.80537244201427,85.67710982707781,1.1282626149364603,1.1211495037340107,87.99,8468600.0,86.97,6088800.0,86.36,6909400.0,71.28027681660916,0.8738645509946075,1.5863825845298773,-0.0029548812365040034,0.0051160781917270895
PG,2019-04-10,87.73,88.02,87.38,87.72,87.72,5394300,Consumer Goods,87.406,87.18199999999999,86.381,84.1716,86.94608437401209,85.82843502507205,1.1176493489400343,1.1204494727752154,87.73,5820300.0,86.92,5226500.0,86.26,6037100.0,67.57281553398067,0.9203865623561791,1.6925573846510389,-0.00011398609369661639,0.00506423387584149
PG,2019-04-11,87.66,88.06,87.49,87.81,87.81,5078400,Consumer Goods,87.628,87.28299999999999,86.525,84.3432,87.07899447031792,85.97521761580745,1.1037768545104711,1.1171149491222667,87.72,5394300.0,86.7,4786100.0,86.8,6793700.0,78.46153846153861,1.280276816609005,1.163594470046081,0.0010259917920656392,0.004803317478759248
PG,2019-04-12,87.81,88.07,87.32,88.07,88.07,6707900,Consumer Goods,87.864,87.368,86.635,84.48720000000002,87.23145685949979,86.1303866813032,1.1010701781965935,1.1139059949371322,87.81,5078400.0,86.89,4281800.0,87.22,7535400.0,78.50877192982466,1.358038899758296,0.9745471222196711,0.0029609383897049035,0.0046789620091177205
PG,2019-04-15,88.0,88.67,87.84,88.63,88.63,5639200,Consumer Goods,87.99199999999999,87.54299999999999,86.81199999999998,84.6258,87.44661734265367,86.31554322342889,1.1310741192247775,1.1173396197946612,88.07,6707900.0,87.99,8468600.0,86.88,6626500.0,76.83215130023652,0.7273553812933375,2.01427255985267,0.006358578403542703,0.004614523605487646
PG,2019-04-16,88.84,89.27,88.56,89.21,89.21,8136100,Consumer Goods,88.288,87.76700000000001,87.0015,84.7666,87.71790698224541,86.52994742910082,1.1879595531445943,1.131463606464648,88.63,5639200.0,87.73,5820300.0,86.97,6088800.0,81.3163481953291,1.686994186709212,2.575600781878795,0.006544059573507788,0.004810473517877378
PG,2019-04-17,89.71,89.91,88.93,89.36,89.36,6778100,Consumer Goods,88.616,88.011,87.206,84.92020000000001,87.97053667728457,86.73958095287114,1.230955724413434,1.1513620300544052,89.21,8136100.0,87.72,5394300.0,86.92,5226500.0,79.6296296296297,1.8695850433196437,2.8071790151863674,0.0016814258491200107,0.004698893708861538
PG,2019-04-18,89.5,90.08,89.34,89.52,89.52,7248900,Consumer Goods,88.958,88.293,87.3865,85.069,88.20891565001001,86.94553791932513,1.26337773068488,1.1737651701805003,89.36,6778100.0,87.81,5078400.0,86.7,4786100.0,78.32512315270941,1.9473864024598386,3.252595155709326,0.001790510295434089,0.004341035709028342
PG,2019-04-22,89.59,90.5,89.26,89.49,89.49,9057200,Consumer Goods,89.24199999999999,88.553,87.6,85.23019999999998,88.40600555000847,87.13401659196771,1.2719889580407653,1.1934099277525534,89.52,7248900.0,88.07,6707900.0,86.89,4281800.0,84.80000000000013,1.6123538094697354,2.992289101162382,-0.00033512064343166337,0.004478535826482828
PG,2019-04-23,87.8,87.89,86.22,87.09,87.09,15979800,Consumer Goods,88.934,88.463,87.681,85.3338,88.20354315769947,87.1307561036738,1.0727870540256674,1.1692853530071763,89.49,9057200.0,88.63,5639200.0,87.99,8468600.0,50.99009900990104,-1.7375606453796544,-1.0228435049437379,-0.026818638954072993,0.009530541628129273
PG,2019-04-24,87.22,88.34,86.77,87.53,87.53,10094800,Consumer Goods,88.598,88.44300000000001,87.73949999999999,85.4368,88.09992113343802,87.16032972562388,0.9395914078141345,1.123346563968568,87.09,15979800.0,89.21,8136100.0,87.73,5820300.0,54.72868217054265,-1.8831969510144542,-0.22797218739314395,0.005052244804225392,0.009681915051484913
PG,2019-04-25,87.03,87.43,86.6,87.19,87.19,6085300,Consumer Goods,88.164,88.39,87.786,85.51639999999999,87.95993326675524,87.16252752372581,0.7974057430294295,1.0581583997807402,87.53,10094800.0,89.36,6778100.0,87.72,5394300.0,53.72907153729069,-2.4283795881826387,-0.6041951664386702,-0.003884382497429506,0.00975198610437846
PG,2019-04-26,87.75,89.38,87.72,89.36,89.36,7747400,Consumer Goods,88.132,88.54499999999999,87.914,85.6398,88.1753281487929,87.3253032627091,0.8500248860838013,1.0165316970413525,87.19,6085300.0,89.52,7248900.0,87.81,5078400.0,64.44444444444446,-0.17873100983020196,1.7651748092472275,0.02488817524945519,0.012667462187452077
PG,2019-04-29,89.12,89.27,88.4,88.45,88.45,4787600,Consumer Goods,87.924,88.583,87.9755,85.75820000000002,88.21758535667091,87.40861413213806,0.8089712245328542,0.9750196025396529,89.36,7747400.0,89.49,9057200.0,88.07,6707900.0,52.75119617224886,-1.162141021343155,0.4314749630975445,-0.010183527305281936,0.013206841497501214
PG,2019-04-30,88.52,90.01,88.35,89.89,89.89,8251300,Consumer Goods,88.484,88.709,88.126,85.905,88.47487991718309,87.59242049272042,0.8824594244626667,0.9565075669242556,88.45,4787600.0,87.09,15979800.0,88.63,5639200.0,61.32075471698113,3.215064875416229,1.4216405280379263,0.016280384397964864,0.014041423394199353
PG,2019-05-01,89.61,89.81,88.48,88.58,88.58,6733800,Consumer Goods,88.694,88.64599999999999,88.20649999999999,86.00019999999999,88.49105223761646,87.66557453029668,0.8254777073197772,0.93030159500336,89.89,8251300.0,87.53,10094800.0,89.21,8136100.0,53.96678966789668,1.199588712441435,-0.7061988566304134,-0.014573367449104535,0.014767961097396424
PG,2019-05-02,88.81,89.28,88.68,89.11,89.11,6270300,Consumer Goods,89.078,88.621,88.316,86.11800000000001,88.58627497029084,87.77256900953395,0.8137059607568915,0.9069824681540662,88.58,6733800.0,87.19,6085300.0,89.36,6778100.0,55.76241134751772,2.2020873953435105,-0.2797672336615986,0.0059832919394897655,0.014904161653690306
PG,2019-05-03,89.47,89.83,89.13,89.55,89.55,4793400,Consumer Goods,89.116,88.624,88.4585,86.2362,88.73454035947687,87.90423056438328,0.8303097950935836,0.8916479335419698,89.11,6270300.0,89.36,7747400.0,89.52,7248900.0,56.45724258289705,0.21262309758280917,0.03351206434316634,0.0049377174278981695,0.014983413836380645
PG,2019-05-06,88.74,89.33,88.67,89.21,89.21,4890400,Consumer Goods,89.268,88.59599999999999,88.5745,86.33959999999999,88.80768799648042,88.00095422628081,0.8067337701996138,0.8746651008734987,89.55,4793400.0,88.45,4787600.0,89.49,9057200.0,52.58007117437721,0.8592425098925771,-0.31288412113085196,-0.0037967615857062986,0.015035370964205996
PG,2019-05-07,88.66,89.13,87.88,88.39,88.39,6021700,Consumer Goods,88.968,88.726,88.5945,86.43799999999999,88.7434283047142,88.02977243174149,0.7136558729727085,0.8424632552933407,89.21,4890400.0,89.89,8251300.0,87.09,15979800.0,46.42857142857145,-1.668706196462344,1.4927086921575405,-0.009191794641856266,0.012365706275498805
PG,2019-05-08,88.63,89.29,87.93,88.7,88.7,5392600,Consumer Goods,88.99199999999999,88.843,88.643,86.5384,88.73674702706586,88.07941891827916,0.6573281087867002,0.8054362259920127,88.39,6021700.0,88.58,6733800.0,87.53,10094800.0,47.164948453608254,0.13547076089410748,1.3366845652919013,0.0035071840705962476,0.01232669216171909
PG,2019-05-09,88.36,88.67,87.61,88.0,88.0,6901700,Consumer Goods,88.77000000000001,88.924,88.657,86.64020000000001,88.62340133059419,88.07353603544367,0.549865295150525,0.7543220398237153,88.7,5392600.0,89.11,6270300.0,87.19,6085300.0,43.76026272577998,-1.2456514420379317,0.929005619910539,-0.007891770011273946,0.012579992579715121
PG,2019-05-10,87.78,89.61,87.73,89.49,89.49,5815800,Consumer Goods,88.758,88.937,88.741,86.77779999999998,88.75672420281046,88.17845929207746,0.5782649107329974,0.7191106140055717,88.0,6901700.0,89.55,4793400.0,89.36,7747400.0,50.0,-0.06700167504187782,0.14547896150403083,0.016931818181818103,0.011060887428619633
PG,2019-05-13,88.76,89.98,88.51,89.58,89.58,7575500,Consumer Goods,88.83200000000001,89.05,88.81649999999999,86.91900000000001,88.8833820177627,88.28227712229395,0.601104895468751,0.6955094702982076,89.49,5815800.0,89.21,4890400.0,88.45,4787600.0,60.98852603706971,0.41475170944962336,1.2775579423403016,0.0010056989607778455,0.010442400768215837
PG,2019-05-14,89.29,89.9,89.12,89.14,89.14,7004000,Consumer Goods,88.982,88.975,88.842,87.0442,88.92286170733766,88.34581215027218,0.5770495570654788,0.6718174876516619,89.58,7575500.0,88.39,6021700.0,89.89,8251300.0,57.10503089143866,0.848512275144242,-0.8343530982311664,-0.004911810672024952,0.009137668358677572
PG,2019-05-15,89.15,90.33,89.06,90.07,90.07,5535600,Consumer Goods,89.256,89.124,88.885,87.18439999999998,89.09934452159341,88.47352976877055,0.6258147528228619,0.6626169406859019,89.14,7004000.0,88.7,5392600.0,88.58,6733800.0,62.08053691275167,1.544532130777898,1.6820952811018142,0.010433026699573578,0.00833610006767873
PG,2019-05-16,90.11,91.74,89.98,91.26,91.26,9284200,Consumer Goods,89.90799999999999,89.339,88.97999999999999,87.35099999999998,89.43175305673289,88.67993497108384,0.7518180856490488,0.6804571696785313,90.07,5535600.0,88.0,6901700.0,89.11,6270300.0,58.68372943327242,3.7045454545454604,2.4127482886320273,0.013211946264017005,0.009033016656810484
PG,2019-05-17,90.55,91.17,90.55,90.71,90.71,6370200,Consumer Goods,90.152,89.455,89.0395,87.51299999999999,89.62840643262014,88.83031015841097,0.798096274209172,0.7039849905846595,91.26,9284200.0,89.49,5815800.0,89.55,4793400.0,60.68052930056705,1.363280813498724,1.29536571747626,-0.006026736795967658,0.009353682309990957
PG,2019-05-20,90.7,91.28,90.44,90.61,90.61,6565300,Consumer Goods,90.35799999999999,89.595,89.09549999999999,87.67540000000001,89.77942082760165,88.96213903556571,0.8172817920359421,0.726644350874916,90.71,6370200.0,89.58,7575500.0,89.21,4890400.0,53.89610389610389,1.1498102254967613,1.569330792512047,-0.0011024142872890774,0.009227646225175763
PG,2019-05-21,90.72,90.78,89.73,89.79,89.79,5226400,Consumer Goods,90.488,89.735,89.2305,87.8018,89.78104839258602,89.02346206996825,0.7575863226177688,0.7328327452234865,90.61,6565300.0,89.14,7004000.0,88.39,6021700.0,56.91428571428576,0.7291900381422467,1.583889580269271,-0.009049773755656076,0.00920928828305315
PG,2019-05-22,89.56,90.37,89.43,90.09,90.09,4889700,Consumer Goods,90.492,89.874,89.3585,87.9262,89.82857940911124,89.10246487960023,0.7261145295110083,0.7314891020809909,89.79,5226400.0,90.07,5535600.0,88.7,5392600.0,55.75117370892021,0.022204951704241083,1.5670800450958255,0.003341129301704049,0.009205637753537188
PG,2019-05-23,90.06,90.35,89.39,90.12,90.12,6175600,Consumer Goods,90.26400000000001,90.086,89.505,88.03240000000001,89.87341334617106,89.1778378514817,0.6955754946893649,0.7243063806026657,90.09,4889700.0,91.26,9284200.0,88.0,6901700.0,53.51418002466095,-1.2491781722550943,2.4090909090909163,0.00033300033300043275,0.008612250115614686
PG,2019-05-24,90.45,90.7,89.94,90.06,90.06,4372100,Consumer Goods,90.13399999999999,90.143,89.54,88.135,89.90211898522168,89.2431831958164,0.6589357894052768,0.7112322623631879,90.12,6175600.0,90.71,6370200.0,89.49,5815800.0,55.427841634738236,-0.7165692867379447,0.6369426751592355,-0.0006657789613848664,0.006955247576906522
PG,2019-05-28,90.07,90.54,88.15,88.18,88.18,7615500,Consumer Goods,89.648,90.00300000000001,89.5265,88.1812,89.63717760287989,89.16442888501518,0.47274871786470385,0.6635355534634911,90.06,4372100.0,90.61,6565300.0,89.58,7575500.0,48.81889763779531,-2.681823198322475,-1.5628488501897686,-0.020874972240728318,0.009723965721371427
PG,2019-05-29,87.76,88.48,87.54,87.95,87.95,7137300,Consumer Goods,89.28,89.884,89.42949999999999,88.2384,89.37761181782145,89.07447118982887,0.30314062799257613,0.5914565683693082,88.18,7615500.0,89.79,5226400.0,89.14,7004000.0,45.743473325766175,-2.0492259717117767,-1.334978685214272,-0.0026083012020866603,0.009662072264570097
PG,2019-05-30,88.11,88.95,88.11,88.92,88.92,4729200,Consumer Goods,89.046,89.769,89.4465,88.3084,89.30720999969508,89.06302887947118,0.24418112022389948,0.5220014787402265,87.95,7137300.0,90.09,4889700.0,90.07,5535600.0,55.066079295154196,-1.2987012987012991,-1.2767847229932183,0.011028993746446725,0.009743980907925017
PG,2019-05-31,88.55,88.55,86.45,86.87,86.87,10282300,Consumer Goods,88.396,89.33000000000001,89.33449999999999,88.34039999999999,88.93225461512661,88.90058229580664,0.03167231931996639,0.4239356468561745,88.92,4729200.0,90.12,6175600.0,91.26,9284200.0,36.41078838174278,-3.606302707501108,-4.810431733508658,-0.023054430949167704,0.010487550758684964
PG,2019-06-03,87.08,87.76,86.44,87.63,87.63,8532900,Consumer Goods,87.91,89.022,89.2385,88.3748,88.73190775126098,88.80646508870986,-0.07455733744887993,0.3242370499951636,86.87,10282300.0,90.06,4372100.0,90.71,6370200.0,40.54316197866147,-2.698201199200545,-3.395436004850616,0.008748704961436538,0.011314381163071856
PG,2019-06-04,87.8,88.72,87.67,88.37,88.37,6906400,Consumer Goods,87.94800000000001,88.798,89.19649999999999,88.43780000000001,88.67622963568236,88.77413434139802,-0.09790470571566345,0.23980869885299821,87.63,8532900.0,88.18,7615500.0,90.61,6565300.0,46.371347785108405,0.21546836017236615,-2.4721333186182526,0.008444596599338272,0.01191569653139066
PG,2019-06-05,88.84,90.12,88.55,90.1,90.1,6481700,Consumer Goods,88.378,88.829,89.28200000000001,88.53040000000001,88.89527123019276,88.87234661240558,0.02292461778718291,0.19643188263983516,88.37,6906400.0,87.95,7137300.0,89.79,5226400.0,50.13146362839615,2.444570778851607,0.3452500278427362,0.01957677945003944,0.013485419198393318
PG,2019-06-06,90.2,90.9,89.76,90.65,90.65,6681600,Consumer Goods,88.724,88.885,89.3795,88.61619999999999,89.1652295024708,89.00402464111627,0.16120486135451984,0.18938647838277212,90.1,6481700.0,88.92,4729200.0,90.09,4889700.0,47.168059424326835,1.9455690508322077,0.6216006216006154,0.006104328523862446,0.013579745192174262
PG,2019-06-07,90.95,92.34,90.95,91.82,91.82,8063400,Consumer Goods,89.71400000000001,89.05499999999999,89.57050000000001,88.7274,89.57365573285989,89.21261540844098,0.36104032441890865,0.22371724758999945,90.65,6681600.0,86.87,10282300.0,90.12,6175600.0,54.87269534679544,5.698169678830434,1.88637372392364,0.012906784335355637,0.01411328538627632
PG,2019-06-10,91.44,92.03,90.71,91.78,91.78,4767000,Consumer Goods,90.54400000000001,89.227,89.685,88.82700000000001,89.91309331241992,89.40279204485276,0.5103012675671579,0.28103405158543115,91.82,8063400.0,87.63,8532900.0,90.06,4372100.0,55.163283318623144,4.735821065845047,1.9098378858538823,-0.0004356349379219804,0.0141087134854698
PG,2019-06-11,91.96,92.52,91.91,92.34,92.34,8074400,Consumer Goods,91.33800000000001,89.643,89.82300000000001,88.9294,90.28646357204762,89.6203630044933,0.6661005675543237,0.3580473547792097,91.78,4767000.0,88.37,6906400.0,88.18,7615500.0,61.517615176151764,4.492474821772086,4.7176230437741,0.00610154717803435,0.011610184672917544
PG,2019-06-12,92.52,93.42,92.5,92.59,92.59,7687800,Consumer Goods,91.836,90.107,89.99549999999999,89.04359999999998,90.64085379173261,89.84033611527158,0.8005176764610269,0.44654141911557316,92.34,8074400.0,90.1,6481700.0,87.95,7137300.0,61.34301270417424,2.763596004439517,5.275724843661167,0.0027073857483215225,0.01135830338144251
PG,2019-06-13,92.84,93.66,92.74,93.63,93.63,8611400,Consumer Goods,92.43199999999999,90.578,90.1735,89.1768,91.10072243915836,90.1210519585848,0.9796704805735601,0.5531672314071705,92.59,7687800.0,90.65,6681600.0,88.92,4729200.0,64.58852867830424,3.287369001654694,5.296896086369762,0.011232314504806107,0.011370047247539872
PG,2019-06-14,93.68,94.34,93.41,93.87,93.87,6438100,Consumer Goods,92.84200000000001,91.27799999999999,90.304,89.3158,91.52676514082631,90.39875181350445,1.1280133273218667,0.6681364505901097,93.63,8611400.0,91.82,8063400.0,86.87,10282300.0,65.60196560196565,2.232629056850377,8.058017727639012,0.002563280999679618,0.005819617517539485
PG,2019-06-17,93.84,93.88,93.06,93.69,93.69,6020000,Consumer Goods,93.224,91.88399999999999,90.453,89.45559999999999,91.85957050377611,90.64254797546708,1.2170225283090303,0.7779136661338939,93.87,6438100.0,91.78,4767000.0,87.63,8532900.0,76.21313035204565,2.0810634125081773,6.9154399178363635,-0.0019175455417066445,0.0065562422891620765
PG,2019-06-18,94.08,94.18,92.38,92.52,92.52,7731200,Consumer Goods,93.25999999999999,92.299,90.5485,89.56819999999999,91.96117504165672,90.78161849580286,1.1795565458538562,0.8582422420778864,93.69,6020000.0,92.34,8074400.0,88.37,6906400.0,69.95633187772924,0.19493177387912564,4.696163856512392,-0.012487992315081686,0.008877970292133242
PG,2019-06-19,92.44,93.48,92.23,93.21,93.21,7028000,Consumer Goods,93.38399999999999,92.61,90.7195,89.6726,92.15330195832492,90.96149860722488,1.1918033511000345,0.9249544638823161,92.52,7731200.0,92.59,7687800.0,90.1,6481700.0,69.20322291853176,0.6696187493249628,3.4517203107658156,0.00745784695201035,0.0072983489199564405
PG,2019-06-20,93.52,94.56,93.28,94.33,94.33,7044200,Consumer Goods,93.524,92.978,90.9315,89.8046,92.48817858012109,91.21101722891193,1.277161351209159,0.9953958413476847,93.21,7028000.0,93.63,8611400.0,90.65,6681600.0,86.42578124999999,0.747623624906546,4.059569773855487,0.01201587812466487,0.007764189340131266
PG,2019-06-21,94.23,94.94,93.72,93.87,93.87,13799400,Consumer Goods,93.524,93.183,91.119,89.92759999999998,92.7007664908717,91.40797891565919,1.2927875752125146,1.0548741881206507,94.33,7044200.0,93.87,6438100.0,91.82,8063400.0,81.38832997987933,0.0,2.232629056850377,-0.004876497402734992,0.007534308871408121
PG,2019-06-24,94.4,94.97,94.04,94.83,94.83,5518100,Consumer Goods,93.752,93.48799999999999,91.35749999999999,90.06800000000001,93.02834087689143,91.66146195894369,1.3668789179477443,1.1172751340860696,93.87,13799400.0,93.69,6020000.0,91.78,4767000.0,81.79133858267718,1.2167787383925655,3.323164088036612,0.010226909555768549,0.007861573664866119
PG,2019-06-25,94.64,95.08,93.97,94.31,94.31,6805600,Consumer Goods,94.11,93.685,91.66400000000002,90.19279999999999,93.22551920352352,91.8576499619849,1.3678692415386138,1.1673939555765784,94.83,5518100.0,92.52,7731200.0,92.34,8074400.0,73.51955307262577,1.9347168179853158,2.133419969677286,-0.005483496783718178,0.00824737316103992
PG,2019-06-26,94.03,94.07,92.57,92.63,92.63,7170300,Consumer Goods,93.994,93.689,91.898,90.2728,93.1339008645199,91.91486107591194,1.219039788607958,1.1777231221828544,94.31,6805600.0,93.21,7028000.0,92.59,7687800.0,59.821428571428534,-0.6222508314558506,0.04320120963385854,-0.017813593468349098,0.010371122766684053
PG,2019-06-27,92.79,93.09,92.26,92.67,92.67,5613300,Consumer Goods,93.662,93.59299999999999,92.0855,90.34200000000001,93.06253150074761,91.97079729251107,1.091734208236545,1.1605253393935926,92.63,7170300.0,94.33,7044200.0,93.63,8611400.0,54.74860335195535,-1.75977949750874,-1.025312399871825,0.00043182554248089033,0.009616994509911868
PG,2019-06-28,94.43,94.51,92.03,92.56,92.56,12152000,Consumer Goods,93.4,93.462,92.37,90.40599999999999,92.98521896217105,92.01444193751024,0.970777024660805,1.1225756764470352,92.67,5613300.0,93.87,13799400.0,93.87,6438100.0,54.32372505543238,-1.3955470331309283,-1.3955470331309283,-0.0011870076615948522,0.009535886913195912
PG,2019-07-01,92.79,93.45,92.53,93.27,93.27,6775900,Consumer Goods,93.088,93.42,92.652,90.48100000000001,93.02903142952935,92.1074462384354,0.9215851910939534,1.0823775793764188,92.56,12152000.0,94.83,5518100.0,93.69,6020000.0,55.070883315158085,-1.6450490351154756,-0.44828690361832235,0.007670700086430449,0.009947149606151562
PG,2019-07-02,93.37,94.13,93.1,94.11,94.11,6578200,Consumer Goods,93.048,93.579,92.939,90.5734,93.19533428652484,92.25578355410686,0.9395507324179846,1.053812209984732,93.27,6775900.0,94.31,6805600.0,92.52,7731200.0,57.78688524590162,-0.21206658890892127,1.7185473411154284,0.009006111289803886,0.009350359910561878
PG,2019-07-03,94.51,96.46,94.41,96.3,96.3,6223300,Consumer Goods,93.782,93.888,93.249,90.7576,93.67297516552102,92.55535514269152,1.1176200228294988,1.0665737725536855,94.11,6578200.0,92.63,7170300.0,93.21,7028000.0,62.23648029330889,3.9619993522616914,3.3150949468941038,0.023270640739559978,0.011511247662918814
PG,2019-07-05,95.37,95.77,94.74,95.52,95.52,8694800,Consumer Goods,94.352,94.00699999999999,93.4925,90.9174,93.95713283236394,92.77495846545511,1.182174366908825,1.0896938914247134,96.3,6223300.0,92.67,5613300.0,94.33,7044200.0,57.205240174672454,3.0754289414049785,1.26152867592495,-0.008099688473520272,0.011581374377256828
PG,2019-07-08,95.68,96.43,95.64,96.28,96.28,5317800,Consumer Goods,95.09599999999999,94.248,93.71549999999999,91.0992,94.31449701200026,93.0345911717177,1.2799058402825665,1.127736281196284,95.52,8694800.0,92.56,12152000.0,93.87,13799400.0,60.764754779717386,4.019014693171985,2.5673804197294148,0.007956448911222935,0.011530010883997455
PG,2019-07-09,96.15,96.16,94.82,95.32,95.32,7537700,Consumer Goods,95.506,94.297,93.8925,91.2184,94.46918977938483,93.20388071455342,1.2653090648314134,1.15525083792331,96.28,5317800.0,93.27,6775900.0,94.83,5518100.0,61.84433164128594,2.1979200171544866,0.5167141200042025,-0.009970918155380204,0.01181076688858811
PG,2019-07-10,95.78,96.66,95.73,96.02,96.02,5600700,Consumer Goods,95.88799999999999,94.46799999999999,94.0765,91.3698,94.70777596717178,93.41248214310502,1.2952938240667606,1.1832594351520003,95.32,7537700.0,94.11,6578200.0,94.31,6805600.0,61.87658495350803,2.0295399001168724,1.8131693351712386,0.007343684431388997,0.011775796237753359
PG,2019-07-11,95.95,96.57,95.76,96.56,96.56,4625300,Consumer Goods,95.94000000000001,94.861,94.275,91.50319999999999,94.99273351068382,93.64563161398614,1.34710189669768,1.2160279274611363,96.02,5600700.0,96.3,6223300.0,92.63,7170300.0,59.91111111111112,0.2699896157840165,4.242685954874248,0.005623828369089923,0.009546208034400238
PG,2019-07-12,96.29,97.26,96.29,97.07,97.07,7058600,Consumer Goods,96.25,95.301,94.447,91.67300000000002,95.3123129705786,93.89928853146866,1.4130244391099467,1.2554272297908984,96.56,4625300.0,95.52,8694800.0,92.67,5613300.0,64.15929203539818,1.6226968174204437,4.7480306463796085,0.005281690140845008,0.009456011207393297
PG,2019-07-15,97.14,97.82,96.9,97.49,97.49,6240700,Consumer Goods,96.49199999999999,95.794,94.62800000000001,91.8406,95.64734174433575,94.16526715876726,1.4820745855684834,1.3007567009464154,97.07,7058600.0,96.28,5317800.0,92.56,12152000.0,62.360594795538994,1.2567511425010336,5.326274848746748,0.0043267744926343,0.00923341058768052
PG,2019-07-16,97.69,98.36,97.46,97.83,97.83,7644300,Consumer Goods,96.994,96.25,94.83500000000001,92.0062,95.98313532213025,94.43672885071044,1.5464064714198145,1.3498866550410953,97.49,6240700.0,95.32,7537700.0,93.27,6775900.0,66.63516068052924,2.6332354175409245,4.889031843036351,0.0034875371833009705,0.009205816607325201
PG,2019-07-17,97.7,98.17,97.7,97.87,97.87,7861700,Consumer Goods,97.364,96.626,95.10249999999999,92.1794,96.27342219564868,94.69104523213929,1.5823769635093896,1.3963847167347543,97.83,7644300.0,96.02,5600700.0,94.11,6578200.0,79.30648769574941,1.9266819412622427,3.9953246201253956,0.00040887253398769197,0.009173098918860728
PG,2019-07-18,97.65,98.36,97.53,98.08,98.08,5828700,Consumer Goods,97.66799999999999,96.804,95.346,92.3732,96.55135724247195,94.9420789186475,1.609278323824455,1.4389634381526943,97.87,7861700.0,96.56,4625300.0,96.3,6223300.0,79.69264544456635,1.5741507870753901,1.8483904465212975,0.0021457034842136125,0.00617520308947744
PG,2019-07-19,98.13,98.52,97.72,97.72,97.72,6547000,Consumer Goods,97.79799999999999,97.024,95.5155,92.5536,96.73114843593781,95.14785085059954,1.583297585338272,1.46783026758981,98.08,5828700.0,97.07,7058600.0,95.52,8694800.0,77.5641025641025,0.6696198619553062,2.3031825795645,-0.0036704730831973453,0.005504667133578033
PG,2019-07-22,97.74,98.09,97.35,97.96,97.96,4018800,Consumer Goods,97.89200000000001,97.192,95.72,92.75280000000001,96.92020252271661,95.35615819499958,1.5640443277170277,1.4870730796152536,97.72,6547000.0,97.49,6240700.0,96.28,5317800.0,76.37795275590545,0.48210072827983286,1.7449106771915135,0.0024559967253376946,0.005138548461542703
PG,2019-07-23,98.31,98.6,96.72,96.73,96.73,8194600,Consumer Goods,97.672,97.333,95.815,92.8976,96.89094059614483,95.45792425462923,1.4330163415155965,1.4762617319953222,97.96,4018800.0,97.83,7644300.0,95.32,7537700.0,64.11637931034485,-1.1243994684656977,1.479227864036936,-0.01255614536545513,0.0058140142596336515
PG,2019-07-24,96.73,96.76,95.4,95.67,95.67,9635900,Consumer Goods,97.232,97.298,95.883,93.01939999999999,96.70310358135332,95.47363356910114,1.229470012252179,1.4269033880466937,96.73,8194600.0,97.87,7861700.0,96.02,5600700.0,46.134969325153406,-2.2478798406048828,-0.3645073942928456,-0.010958337640855964,0.006593192269137283
PG,2019-07-25,94.72,95.99,94.63,95.81,95.81,7809400,Consumer Goods,96.77799999999999,97.223,96.042,93.15280000000001,96.56570303037589,95.49854960101958,1.0671534293563099,1.354953396308617,95.67,9635900.0,98.08,5828700.0,96.56,4625300.0,51.93075898801602,-2.314437194127239,-0.7767191383595717,0.0014633636458660781,0.006299384364387688
PG,2019-07-26,96.19,97.61,95.91,97.48,97.48,5559600,Consumer Goods,96.73,97.264,96.2825,93.30099999999999,96.70636410262576,95.64532370464775,1.0610403979780045,1.2961707966424947,95.81,7809400.0,97.72,6547000.0,97.07,7058600.0,57.12589073634206,-0.24559967253376946,0.4223756052333494,0.0174303308631667,0.008411657583509362
PG,2019-07-29,97.48,98.74,97.39,98.56,98.56,7768700,Consumer Goods,96.85000000000001,97.37100000000001,96.5825,93.447,96.99153885606795,95.86122565245162,1.1303132036163248,1.262999278037261,97.48,5559600.0,97.96,4018800.0,97.49,6240700.0,68.96955503512888,0.6124948958758702,1.0975484665094015,0.011079195732457858,0.009007091926782621
PG,2019-07-30,101.8,103.45,100.94,102.31,102.31,18788800,Consumer Goods,97.96600000000001,97.81899999999999,97.03450000000001,93.679,97.80976364744211,96.33891264115891,1.4708510062831976,1.3045696236864484,98.56,7768700.0,96.73,8194600.0,97.83,7644300.0,77.1354616048318,5.768634343016643,4.579372380660329,0.03804788961038952,0.014788045490396353
PG,2019-07-31,101.67,102.53,99.47,100.29,100.29,12641800,Consumer Goods,98.89000000000001,98.061,97.3435,93.87259999999998,98.19133847091256,96.63158577885085,1.559752692061707,1.3556062373615,102.31,18788800.0,95.67,9635900.0,97.87,7861700.0,64.26931905126247,4.829100031357791,2.4726678246653755,-0.019743915550777036,0.016673347611780014
PG,2019-08-01,100.73,101.25,99.18,99.18,99.18,11308600,Consumer Goods,99.56400000000001,98.171,97.4875,94.06039999999999,98.34344024461832,96.82035720263967,1.5230830419786514,1.3891015982849304,100.29,12641800.0,95.81,7809400.0,98.08,5828700.0,57.71762984637898,3.5173781442438212,1.1215334420880962,-0.011067903081064867,0.017225111601498175
PG,2019-08-02,98.99,99.48,98.29,98.93,98.93,12266100,Consumer Goods,99.854,98.292,97.65799999999999,94.23720000000002,98.43368020698473,96.97662703948117,1.4570531675035596,1.4026919121286565,99.18,11308600.0,97.48,5559600.0,97.72,6547000.0,55.333333333333385,1.4874846122281626,1.238231682357771,-0.0025206694898164406,0.017192438629146854
PG,2019-08-05,98.63,98.81,95.87,96.08,96.08,12974800,Consumer Goods,99.358,98.104,97.648,94.3564,98.07157555975631,96.91021022174182,1.161365338014491,1.3544265973058236,98.93,12266100.0,98.56,7768700.0,97.96,4018800.0,44.534665833853836,-2.5162337662337664,-1.9191506737443853,-0.028808248256342983,0.019640045756150543
PG,2019-08-06,96.56,97.71,96.16,97.1,97.1,9490600,Consumer Goods,98.316,98.14099999999999,97.737,94.4972,97.92210239671688,96.92426872383501,0.9978336728818675,1.2831080124210326,96.08,12974800.0,102.31,18788800.0,96.73,8194600.0,47.73396115361974,-5.092366337601417,0.38250801199213313,0.010616153205661893,0.01959211591905131
PG,2019-08-07,96.65,98.76,95.74,98.15,98.15,9507600,Consumer Goods,97.888,98.389,97.8435,94.6966,97.95716356645275,97.01506363318057,0.9420999332721749,1.214906396591261,97.1,9490600.0,100.29,12641800.0,95.67,9635900.0,50.19629837352778,-2.133811945358466,2.5922441726769163,0.010813594232749857,0.019379232963709105
PG,2019-08-08,98.15,99.82,98.0,99.78,99.78,7416600,Consumer Goods,98.008,98.786,98.00450000000001,94.9332,98.23759994084463,97.21987373442646,1.0177262064181747,1.1754703585566437,98.15,9507600.0,99.18,11308600.0,95.81,7809400.0,55.392670157068075,0.6049606775559546,4.143617576453407,0.01660723382577678,0.019855035601113954
PG,2019-08-09,99.93,100.29,98.43,99.22,99.22,6939500,Consumer Goods,98.066,98.96000000000001,98.112,95.1392,98.38873841148391,97.36803123558006,1.0207071759038513,1.1445177220260854,99.78,7416600.0,98.93,12266100.0,97.48,5559600.0,53.24407826982493,0.2931365612048875,1.7849815346737685,-0.005612347163760245,0.019488562636804128
PG,2019-08-12,99.22,99.98,98.21,98.58,98.58,4996200,Consumer Goods,98.566,98.962,98.1665,95.3734,98.41816327125562,97.45780669961117,0.9603565716444535,1.1076854919497592,99.22,6939500.0,96.08,12974800.0,98.56,7768700.0,54.912373871481655,2.6019983347210562,0.020292207792205197,-0.006450312437008665,0.019363250550326106
PG,2019-08-13,98.99,100.32,98.85,99.62,99.62,6722000,Consumer Goods,99.07000000000001,98.69300000000001,98.256,95.61319999999999,98.60306122952399,97.61796916630664,0.9850920632173512,1.0831668062032775,98.58,4996200.0,97.1,9490600.0,102.31,18788800.0,60.4997341839447,2.595262615859939,-2.629264001563869,0.010549807263136701,0.014805437114652981
PG,2019-08-14,98.95,100.21,98.27,98.38,98.38,10148300,Consumer Goods,99.116,98.502,98.28150000000001,95.8134,98.56874411728953,97.67441589472836,0.8943282225611711,1.0453990894748564,99.62,6722000.0,98.15,9507600.0,100.29,12641800.0,56.45404319437466,0.23433520122260187,-1.9044770166517178,-0.012447299739008377,0.014023712582164224
PG,2019-08-15,99.24,100.33,98.93,99.74,99.74,7758000,Consumer Goods,99.108,98.558,98.36449999999999,96.00619999999999,98.74893733001421,97.82742212474848,0.9215152052657345,1.020622312633032,98.38,10148300.0,99.78,7416600.0,99.18,11308600.0,55.765306122448955,-0.04008819402686603,0.564629965718888,0.013823947956901783,0.01440612125128426
PG,2019-08-16,100.31,101.57,99.92,101.26,101.26,8302400,Consumer Goods,99.51599999999999,98.791,98.5415,96.2184,99.13525466385818,98.08168715254489,1.0535675113132896,1.0272113523690836,99.74,7758000.0,99.22,6939500.0,98.93,12266100.0,56.73652694610778,2.056037089296514,2.355200646922073,0.015239623019851711,0.015051145665579862
PG,2019-08-19,101.93,102.34,101.2,102.16,102.16,5867100,Consumer Goods,100.232,99.399,98.75150000000001,96.4252,99.60060010018769,98.38378440050452,1.216815699683167,1.0651322218319002,101.26,8302400.0,98.58,4996200.0,96.08,12974800.0,49.563699825479915,3.6315682694258555,6.32805995004162,0.00888801106063597,0.010340682480010863
PG,2019-08-20,102.0,102.18,100.93,101.02,101.02,6744300,Consumer Goods,100.512,99.791,98.96600000000001,96.61,99.81896931554343,98.57905963009678,1.2399096854466478,1.1000877145548498,102.16,5867100.0,99.62,6722000.0,97.1,9490600.0,52.23789086450027,1.4053402931138326,4.037075180226579,-0.011158966327329711,0.011532113994721833
PG,2019-08-21,101.34,101.66,100.84,101.28,101.28,4037400,Consumer Goods,101.092,100.10400000000001,99.2465,96.7888,100.04374326699828,98.77912928712664,1.2646139798716405,1.132992967618208,101.02,6744300.0,98.38,10148300.0,98.15,9507600.0,56.79172056921084,2.9477536084570044,3.188996434029545,0.002573747772718349,0.01128491578117717
PG,2019-08-22,101.18,101.78,100.85,101.46,101.46,4558400,Consumer Goods,101.43599999999999,100.27199999999999,99.52900000000001,96.96620000000001,100.26162891822932,98.97771230289503,1.2839166153342916,1.1631776971614247,101.28,4037400.0,99.74,7758000.0,99.78,7416600.0,58.219623131903774,1.7244836575095235,1.6837041491280846,0.0017772511848339612,0.010254870133120323
PG,2019-08-23,101.23,102.05,98.92,99.68,99.68,7336800,Consumer Goods,101.12,100.31800000000001,99.639,97.08720000000001,100.17214754619404,99.02973361379169,1.1424139324023486,1.1590249442096097,101.46,4558400.0,101.26,8302400.0,99.22,6939500.0,62.56983240223465,-1.5603397195338764,0.46361620641000023,-0.01754385964912264,0.011782843763504282
PG,2019-08-26,100.05,101.62,99.59,101.38,101.38,5661500,Consumer Goods,100.96400000000001,100.598,99.78,97.2374,100.35797100062572,99.20382742017749,1.1541435804482347,1.1580486714573346,99.68,7336800.0,102.16,5867100.0,98.58,4996200.0,64.26666666666667,-0.7635082223962475,2.8403327246905974,0.01705457463884419,0.012555801578448435
PG,2019-08-27,101.95,102.85,101.77,102.42,102.42,6996300,Consumer Goods,101.244,100.878,99.7855,97.41199999999999,100.67520623129869,99.44206242609027,1.2331438052084138,1.1730676982075505,101.38,5661500.0,101.02,6744300.0,99.62,6722000.0,64.24282855236822,1.3858641853098375,2.810680586227665,0.010258433616098017,0.012536337022644858
PG,2019-08-28,102.35,103.17,101.64,103.15,103.15,4600300,Consumer Goods,101.61800000000001,101.35499999999999,99.9285,97.62460000000002,101.05594373417581,99.71672446860211,1.3392192655737034,1.206298011680781,102.42,6996300.0,101.28,4037400.0,98.38,10148300.0,61.95883605393898,1.8463665086887904,4.848546452531011,0.007127514157391213,0.01135559253622556
PG,2019-08-29,103.48,103.66,102.23,102.96,102.96,5011500,Consumer Goods,101.91799999999999,101.67699999999999,100.11749999999999,97.81960000000001,101.34887546737954,99.9569671005575,1.3919083668220367,1.2434200827090323,103.15,4600300.0,101.46,4558400.0,99.74,7758000.0,63.62973760932942,1.4784151389710232,3.228393823942244,-0.0018419777023752637,0.01104945268468693
PG,2019-08-30,103.62,103.66,101.54,102.15,102.15,6007100,Consumer Goods,102.41199999999999,101.76599999999999,100.27850000000001,97.976,101.472125395475,100.11941398199768,1.3527114134773228,1.2652783488626904,102.96,5011500.0,99.68,7336800.0,101.26,8302400.0,62.850971922246245,2.477929373996779,0.8789255382184447,-0.007867132867132698,0.01067020953328038
PG,2019-09-03,101.78,103.27,101.64,103.11,103.11,4959300,Consumer Goods,102.758,101.861,100.63,98.16080000000002,101.72410610386348,100.34093887222006,1.3831672316434123,1.2888561254188349,102.15,6007100.0,101.38,5661500.0,102.16,5867100.0,62.63577118030412,1.7064509765239766,0.9299138606108093,0.009397944199706298,0.010713614308133217
PG,2019-09-04,103.53,104.74,103.2,104.68,104.68,5586900,Consumer Goods,103.21000000000001,102.227,101.009,98.35779999999998,102.1788590109614,100.66235080761116,1.5165082033502415,1.3343865410051163,103.11,4959300.0,102.42,6996300.0,101.02,6744300.0,72.27722772277234,2.2066002733841072,3.623044941595732,0.015226457181650721,0.010641325870263722
PG,2019-09-05,104.71,104.87,103.81,104.3,104.3,7491900,Consumer Goods,103.44000000000001,102.529,101.31649999999999,98.55760000000001,102.5051883938904,100.93180630334366,1.573382090546744,1.382185650913442,104.68,5586900.0,103.15,4600300.0,101.28,4037400.0,67.32522796352585,1.1148812409112807,2.9818325434439075,-0.003630110813909182,0.010886868012014118
PG,2019-09-06,104.51,104.83,104.12,104.4,104.4,5306900,Consumer Goods,103.728,102.82300000000001,101.5475,98.79299999999999,102.79669787175342,101.18870954013302,1.6079883316204047,1.4273461870548345,104.3,7491900.0,102.96,5011500.0,101.46,4558400.0,63.37308347529813,1.3986013986014179,2.897693672383217,0.0009587727708533222,0.010900116528935256
PG,2019-09-09,104.26,104.32,103.47,103.8,103.8,7662400,Consumer Goods,104.05800000000002,103.23499999999999,101.7765,99.01559999999999,102.95105204532982,101.38213846308612,1.5689135822436953,1.4556596660926067,104.4,5306900.0,102.15,6007100.0,99.68,7336800.0,57.16783216783216,1.615271659324513,4.13322632423756,-0.005747126436781658,0.00889373193214902
PG,2019-09-10,102.83,102.96,101.6,101.85,101.85,9582200,Consumer Goods,103.806,103.282,101.94,99.2014,102.78165942297137,101.41679487322789,1.364864549743487,1.4375006428227828,103.8,7662400.0,103.11,4959300.0,101.38,5661500.0,53.387755102040806,-1.2219959266802527,0.46360228841979545,-0.018786127167630062,0.01021401726493486
PG,2019-09-11,101.84,103.1,101.41,103.04,103.04,7565500,Consumer Goods,103.478,103.34400000000001,102.11099999999999,99.3968,102.82140412712963,101.53703229002582,1.284371837103805,1.4068748816789873,101.85,9582200.0,104.68,5586900.0,102.42,6996300.0,56.676783004552355,-1.5666794038975973,0.6053505174770546,0.01168384879725104,0.0103738777290157
PG,2019-09-12,104.21,104.68,103.33,104.31,104.31,6194300,Consumer Goods,103.47999999999999,103.46000000000001,102.4075,99.60079999999999,103.05041887680198,101.74243730557947,1.3079815712225127,1.3870962195876926,103.04,7565500.0,104.3,7491900.0,103.15,4600300.0,59.98598458304136,0.009587727708537663,1.1245758603974698,0.012325310559006208,0.010853499669053556
PG,2019-09-13,103.5,104.15,103.23,103.76,103.76,6777400,Consumer Goods,103.352,103.54,102.6085,99.75,103.15958520344783,101.89188639405506,1.267698809392769,1.3632167375487079,104.31,6194300.0,104.4,5306900.0,102.96,5011500.0,65.64417177914106,-0.6130268199233679,0.7770007770007803,-0.005272744703288201,0.011012415493420026
PG,2019-09-16,103.49,103.62,101.12,101.74,101.74,9626700,Consumer Goods,102.94000000000001,103.499,102.63250000000001,99.87439999999998,102.94118747984047,101.88063555005098,1.060551929789483,1.3026837759968628,103.76,6777400.0,103.8,7662400.0,102.15,6007100.0,51.34730538922155,-1.9845857418111734,-0.4013705335291329,-0.019468003084040175,0.01253592675090661
PG,2019-09-17,101.64,103.65,101.48,102.94,102.94,6377100,Consumer Goods,103.15799999999999,103.482,102.6715,100.0076,102.94100479063425,101.95910699078794,0.9818977998463083,1.238526580766752,101.74,9626700.0,101.85,9582200.0,103.11,4959300.0,51.923076923076906,1.0702012763868396,-0.16487246629812713,0.011794770984863368,0.012763461203569543
PG,2019-09-18,103.04,103.62,102.61,103.15,103.15,5684200,Consumer Goods,103.18000000000002,103.329,102.77799999999999,100.1642,102.97315789976744,102.04732128776661,0.9258366120008361,1.175988587013569,102.94,6377100.0,103.04,7565500.0,104.68,5586900.0,50.0,0.10675465838509979,-1.4615972487581175,0.0020400233145523305,0.011636479896741705
PG,2019-09-19,103.14,103.85,103.01,103.57,103.57,4525800,Consumer Goods,103.032,103.256,102.8925,100.3152,103.06497976134168,102.16011230348761,0.904867457854067,1.1217643611816686,103.15,5684200.0,104.31,6194300.0,104.3,7491900.0,52.305366591080876,-0.7094238328060665,-0.6999041227229164,0.0040717401841976475,0.011727744154779278
PG,2019-09-20,103.77,104.17,103.44,103.86,103.86,15362000,Consumer Goods,103.05199999999999,103.202,103.0125,100.4612,103.18729056728911,102.28602991063667,0.9012606566524397,1.0776636202758227,103.57,4525800.0,103.76,6777400.0,104.4,5306900.0,56.7269866247049,0.0963762528912726,-0.5172413793103514,0.002800038621222356,0.011770011048190681
PG,2019-09-23,103.83,105.16,103.63,104.69,104.69,6060400,Consumer Goods,103.64199999999998,103.29099999999998,103.263,100.61359999999999,103.41847663386001,102.46410176910803,0.9543748647519834,1.0530058691710549,103.86,15362000.0,101.74,9626700.0,103.8,7662400.0,56.279809220985655,2.89954786711224,0.8574181117533719,0.00799152705565187,0.01188502006993967
PG,2019-09-24,105.1,105.98,104.81,105.02,105.02,7633200,Consumer Goods,104.05799999999999,103.60799999999999,103.44500000000001,100.7642,103.66486484403539,102.65342756398891,1.0114372800464793,1.0446921513461398,104.69,6060400.0,102.94,6377100.0,101.85,9582200.0,51.499118165784786,2.0205945210802323,3.112420225822299,0.0031521635304232465,0.009660294627480017
PG,2019-09-25,104.98,105.21,104.46,104.52,104.52,5812600,Consumer Goods,104.332,103.756,103.55,100.898,103.79642409879918,102.79169218887863,1.004731909920551,1.0367001030610221,105.02,7633200.0,103.15,5684200.0,103.04,7565500.0,50.95986038394415,1.3281628696073522,1.4363354037266962,-0.004760997905160935,0.009436050724528383
PG,2019-09-26,105.05,106.21,104.96,105.62,105.62,6984800,Consumer Goods,104.742,103.88700000000001,103.67350000000002,101.05300000000001,104.07697423744546,103.00119647118392,1.0757777662615382,1.0445156357011254,104.52,5812600.0,103.57,4525800.0,104.31,6194300.0,54.89566613162118,1.9793376460365053,1.25587192023775,0.010524301569077688,0.009220510342078167
PG,2019-09-27,105.7,106.1,105.12,105.84,105.84,5589800,Consumer Goods,105.13799999999999,104.095,103.8175,101.20819999999999,104.34820897014615,103.21147821405918,1.136730756086962,1.0629586597782927,105.62,6984800.0,103.86,15362000.0,103.76,6777400.0,58.44370860927153,1.906412478336228,2.004626060138781,0.0020829388373413416,0.008927789391504648
PG,2019-09-30,105.84,106.51,105.47,105.68,105.68,5206900,Consumer Goods,105.33599999999998,104.489,103.994,101.3674,104.55309989781597,103.39433167968443,1.1587682181315415,1.0821205714489426,105.84,5589800.0,104.69,6060400.0,101.74,9626700.0,68.61030126336252,0.9456490591269517,3.872616473363477,-0.0015117157974300355,0.005117967949555667
PG,2019-10-01,105.66,105.9,104.68,105.23,105.23,5415700,Consumer Goods,105.378,104.718,104.1,101.51280000000001,104.65723837507505,103.53030711081891,1.126931264256143,1.0910827100103828,105.68,5206900.0,105.02,7633200.0,102.94,6377100.0,61.465968586387405,0.19996191201676616,2.2245968525354654,-0.004258137774413306,0.004848634187881337
PG,2019-10-02,104.68,105.06,102.14,102.87,102.87,6755100,Consumer Goods,105.048,104.69000000000001,104.0095,101.63560000000001,104.3822786250635,103.48139547298048,0.9008831520830256,1.0530427984249116,105.23,5415700.0,104.52,5812600.0,103.15,5684200.0,43.233082706766936,-1.578645235361642,-0.2714493456131839,-0.022427064525325502,0.009182298847729429
PG,2019-10-03,103.38,104.12,102.67,103.44,103.44,5171000,Consumer Goods,104.61200000000001,104.67699999999999,103.9665,101.791,104.23731268274604,103.4783291416486,0.7589835410974359,0.9942309469594165,102.87,6755100.0,105.62,6984800.0,103.57,4525800.0,48.499061913696025,-2.0640030297292222,-0.12551897267547574,0.005540974044911051,0.009270174170673478
PG,2019-10-04,103.82,105.41,103.65,105.36,105.36,4377900,Consumer Goods,104.516,104.827,104.0145,101.98199999999999,104.41003380847742,103.61771216819315,0.7923216402842712,0.9538490856243875,103.44,5171000.0,105.84,5589800.0,103.86,15362000.0,67.14015151515153,-0.45351473922903285,1.444251877527436,0.018561484918793614,0.010994954119861972
PG,2019-10-07,104.96,105.26,104.23,104.37,104.37,4749700,Consumer Goods,104.25399999999999,104.795,104.043,102.11980000000001,104.40387476101935,103.67343719277143,0.7304375682479218,0.9091667821490944,105.36,4377900.0,105.68,5206900.0,104.69,6060400.0,56.90821256038652,-1.2395912187736613,-0.3056643423440586,-0.009396355353075148,0.011224944635158341
PG,2019-10-08,104.22,104.45,102.7,102.75,102.75,5545300,Consumer Goods,103.758,104.56800000000001,104.08800000000001,102.20360000000001,104.14943249009329,103.60503443775133,0.5443980523419611,0.8362130361876678,104.37,4749700.0,105.23,5415700.0,105.02,7633200.0,48.29931972789113,-2.3567423738477644,-2.161493048943053,-0.01552170163840183,0.0121142781757253
PG,2019-10-09,103.49,103.99,103.17,103.64,103.64,3775600,Consumer Goods,103.91199999999999,104.47999999999999,104.11800000000001,102.23020000000001,104.07105826084818,103.60762447939938,0.4634337814487992,0.7616571852398942,102.75,5545300.0,102.87,6755100.0,104.52,5812600.0,50.2861815208504,0.748517546417804,-0.8419441255262061,0.00866180048661791,0.012525379928286349
PG,2019-10-10,103.09,103.82,102.64,103.61,103.61,3943400,Consumer Goods,103.946,104.279,104.083,102.29660000000001,104.00012622071769,103.60780044388831,0.39232577682938086,0.6877909035577916,103.64,3775600.0,103.44,5171000.0,105.62,6984800.0,48.955722639933164,0.1643464810518136,-1.903048665025564,-0.00028946352759551264,0.011892332594078504
PG,2019-10-11,103.69,103.71,102.65,102.88,102.88,6292200,Consumer Goods,103.45,103.98299999999999,104.03899999999999,102.3706,103.82779910983804,103.55388929989658,0.27390980994145764,0.6050146848345248,103.61,3943400.0,105.36,4377900.0,105.84,5589800.0,42.37573715248525,-2.3538344722854987,-2.7966742252456656,-0.007045651964096122,0.011906755041096033
PG,2019-10-14,103.33,103.33,101.6,102.0,102.0,7360200,Consumer Goods,102.976,103.61500000000001,104.05199999999999,102.43199999999999,103.54659924678603,103.43878638879313,0.1078128579928972,0.5055743194661992,102.88,6292200.0,104.37,4749700.0,105.68,5206900.0,37.842190016103075,-2.270767461914347,-3.482210446631351,-0.008553654743390315,0.012031744070425196
PG,2019-10-15,102.12,102.43,99.15,99.58,99.58,11113900,Consumer Goods,102.34200000000001,103.05,103.88400000000001,102.50200000000001,102.93635320881896,103.15295035999364,-0.2165971511746818,0.36114002533802303,102.0,7360200.0,102.75,5545300.0,105.23,5415700.0,32.77545327754534,-3.0851581508515857,-5.369191295258013,-0.023725490196078503,0.013640314460841572
PG,2019-10-16,99.98,100.06,98.99,99.86,99.86,7973100,Consumer Goods,101.586,102.749,103.7195,102.5572,102.46306809976988,102.90902811110523,-0.4459600113353446,0.19972001800334954,99.58,11113900.0,103.64,3775600.0,102.87,6755100.0,28.69822485207098,-3.6472404477035925,-2.9260231359968913,0.0028118096003213466,0.012424533774380544
PG,2019-10-17,100.31,100.59,99.66,99.73,99.73,5956900,Consumer Goods,100.81,102.378,103.5275,102.58879999999999,102.04259608442067,102.67354454731966,-0.6309484628989992,0.033586321822879794,99.86,7973100.0,103.61,3943400.0,103.44,5171000.0,27.252419955323887,-3.7448122768072523,-3.5866202629543653,-0.0013018225515721848,0.012092251762083324
PG,2019-10-18,99.66,100.68,99.33,100.44,100.44,9016700,Consumer Goods,100.322,101.886,103.35650000000001,102.602,101.79604284066365,102.50809680307376,-0.7120539624101099,-0.11554173502371815,99.73,5956900.0,102.88,6292200.0,105.36,4377900.0,31.258941344778208,-2.3716951788491425,-4.669703872437358,0.007119221899127615,0.010149661276117801
PG,2019-10-21,100.4,101.86,100.34,101.82,101.82,6731600,Consumer Goods,100.286,101.631,103.21300000000001,102.654,101.79972855748463,102.45712666951273,-0.6573981120281047,-0.22391301042459547,100.44,9016700.0,102.0,7360200.0,104.37,4749700.0,38.564721663313165,-0.17647058823530015,-2.4432308134521574,0.013739545997610403,0.011511787686279825
PG,2019-10-22,106.03,106.22,103.98,104.47,104.47,14410500,Consumer Goods,101.26400000000001,101.803,103.1855,102.7718,102.21053954864084,102.60622839769698,-0.39568884905614254,-0.2582681781509049,101.82,6731600.0,99.58,11113900.0,102.75,5545300.0,55.26315789473683,4.910624623418358,1.673965936739652,0.026026320958554283,0.013568018115556524
PG,2019-10-23,104.31,105.8,104.18,105.17,105.17,8249300,Consumer Goods,102.326,101.95599999999999,103.218,102.8828,102.66584115654226,102.79613740527498,-0.13029624873271928,-0.2326737922672678,104.47,14410500.0,99.86,7973100.0,103.64,3775600.0,55.642530984996746,5.317444422191064,1.47626399073717,0.006700488178424502,0.01347073867187083
PG,2019-10-24,105.82,107.54,105.46,106.7,106.7,6725600,Consumer Goods,103.72,102.265,103.272,103.0492,103.28648097861267,103.08531241229164,0.20116856632103008,-0.14590532054960823,105.17,8249300.0,99.73,5956900.0,103.61,3943400.0,54.484605087014735,6.98886994886192,2.9823376121995926,0.014547874869259347,0.014050500774311256
PG,2019-10-25,106.73,106.73,105.32,105.39,105.39,6093300,Consumer Goods,104.71,102.51599999999999,103.24950000000001,103.16220000000001,103.61009928959533,103.25603001138116,0.354069278214169,-0.04591040079685278,106.7,6725600.0,100.44,9016700.0,102.88,6292200.0,53.34207077326342,4.92831541218639,2.4397356143079474,-0.0122774133083412,0.014555753582706098
PG,2019-10-28,105.58,106.13,104.83,105.58,105.58,5459500,Consumer Goods,105.46199999999999,102.874,103.24449999999999,103.24860000000001,103.9131609373499,103.42817593646404,0.4849850008858567,0.06026867953968912,105.39,6093300.0,101.82,6731600.0,102.0,7360200.0,60.23138105567606,3.692791200157153,3.5098039215686327,0.0018028275927506332,0.014040523886595532
PG,2019-10-29,105.34,106.51,105.26,105.69,105.69,5659800,Consumer Goods,105.70599999999999,103.48499999999999,103.2675,103.3192,104.18652079314222,103.59571845968892,0.590802333453297,0.1663754103224107,105.58,5459500.0,104.47,14410500.0,99.58,11113900.0,57.85440613026819,1.1677993682396748,6.135770234986948,0.001041863989391878,0.010411017380621364
PG,2019-10-30,106.02,107.03,105.6,106.83,106.83,4734500,Consumer Goods,106.03800000000001,104.18199999999999,103.46549999999999,103.43539999999999,104.59320990188958,103.83529487008234,0.7579150318072436,0.28468333461937734,105.69,5659800.0,105.17,8249300.0,99.86,7973100.0,61.37005649717514,1.5783968812398852,6.979771680352487,0.010786261708770839,0.010443243587703386
PG,2019-10-31,106.7,107.27,105.48,106.46,106.46,6399500,Consumer Goods,105.98999999999998,104.85499999999999,103.6165,103.539,104.88040837852195,104.02971747229847,0.8506909062234769,0.39788484894019727,106.83,4734500.0,106.7,6725600.0,99.73,5956900.0,62.97101449275362,-0.22492970946580426,6.748220194525212,-0.0034634465973977235,0.010650318871255908
PG,2019-11-01,106.74,107.0,105.39,105.92,105.92,6010200,Consumer Goods,106.096,105.40299999999999,103.6445,103.62819999999999,105.04034555105704,104.16973840027636,0.8706071507806854,0.492429309308295,106.46,6399500.0,105.39,6093300.0,100.44,9016700.0,64.56166419019317,0.502894012714683,5.455993628036637,-0.005072327634792373,0.011264651162295384
PG,2019-11-04,105.96,105.96,101.45,101.81,101.81,10351400,Consumer Goods,105.34200000000001,105.402,103.5165,103.6708,104.54336931243289,103.99494296321885,0.54842634921404,0.503628717289444,105.92,6010200.0,105.58,5459500.0,101.82,6731600.0,57.359735973597374,-3.570752036370517,-0.009821253191899526,-0.038802870090634434,0.017475509753941316
PG,2019-11-05,101.61,102.26,101.1,101.67,101.67,9239600,Consumer Goods,104.53800000000001,105.122,103.4625,103.67660000000002,104.10131249513552,103.82272496594338,0.27858752919213714,0.4586204796699827,101.81,10351400.0,105.69,5659800.0,104.47,14410500.0,56.029313790806135,-3.803576497303429,-2.6801952713697674,-0.0013751104999508712,0.014925913103869311
PG,2019-11-06,101.84,102.91,101.46,102.88,102.88,6756300,Consumer Goods,103.748,104.893,103.4245,103.6858,103.91341826511466,103.75289348698462,0.16052477813003918,0.39900133936199406,101.67,9239600.0,106.83,4734500.0,105.17,8249300.0,59.78868862647605,-3.6974632593840706,-2.1774270229152903,0.011901249139372405,0.015370406759359042
PG,2019-11-07,102.9,102.9,101.59,102.28,102.28,8909700,Consumer Goods,102.91199999999999,104.451,103.35799999999999,103.6684,103.66212314740471,103.6437902657265,0.018332881678219337,0.32286764782523913,102.88,6756300.0,106.46,6399500.0,106.7,6725600.0,55.757196495619546,-3.926357317302265,-4.142455482661667,-0.005832037325038786,0.014227708922188713
PG,2019-11-08,102.48,103.11,101.89,102.35,102.35,4249900,Consumer Goods,102.19800000000001,104.147,103.3315,103.65619999999998,103.46025804780399,103.54795394974674,-0.08769590194275168,0.24075493787164098,102.28,8909700.0,105.92,6010200.0,105.39,6093300.0,51.8064076346285,-3.3704682779456263,-2.8845241484011797,0.0006843957763003061,0.013991359241243641
PG,2019-11-11,102.16,102.61,101.83,102.04,102.04,3850400,Consumer Goods,102.244,103.793,103.3335,103.654,103.2417568096803,103.4362536571729,-0.19449684749260143,0.1537045807987925,102.35,4249900.0,101.81,10351400.0,105.58,5459500.0,40.14598540145986,0.22591101070621455,-3.352907747679479,-0.0030288226673179652,0.013896590086541953
PG,2019-11-12,102.17,102.27,101.37,101.98,101.98,4759600,Consumer Goods,102.306,103.422,103.4535,103.6314,103.0476403774218,103.32838301590084,-0.28074263847904035,0.06681513694322594,102.04,3850400.0,101.67,9239600.0,105.69,5659800.0,36.355859709153094,0.30490803580209835,-3.510265871889484,-0.0005880047040376368,0.013849275960624977
PG,2019-11-13,102.52,103.51,102.5,103.16,103.16,7262800,Consumer Goods,102.362,103.05499999999999,103.6185,103.601,103.06492647320306,103.31591019990819,-0.2509837267051296,0.003255364213554837,101.98,4759600.0,102.88,6756300.0,106.83,4734500.0,34.39153439153431,0.27216174183515296,-3.4353645979593783,0.011570896254167407,0.013940995636685532
PG,2019-11-14,103.14,103.61,102.7,103.04,103.04,5188300,Consumer Goods,102.51399999999998,102.71300000000001,103.78399999999999,103.5758,103.06109163117182,103.29547240732239,-0.23438077615057296,-0.044271863859270726,103.16,7262800.0,102.28,8909700.0,106.46,6399500.0,38.42364532019702,0.7430582714118117,-3.212474168701851,-0.0011632415664984963,0.01395880844512568
PG,2019-11-15,103.45,103.45,102.58,103.07,103.07,7108600,Consumer Goods,102.65799999999999,102.428,103.9155,103.5492,103.06246214945308,103.27877074752074,-0.21630859806765557,-0.0786792107009477,103.04,5188300.0,102.35,4249900.0,105.92,6010200.0,37.43743743743733,0.7034684904738686,-2.6907099697885295,0.00029114906832283793,0.013980642622963821
PG,2019-11-18,102.82,104.8,102.75,104.22,104.22,7493700,Consumer Goods,103.09400000000001,102.66900000000001,104.0355,103.55760000000001,103.24054489569107,103.34849143288957,-0.10794653719850089,-0.08453267600045834,103.07,7108600.0,102.04,3850400.0,101.81,10351400.0,43.33635539437894,2.1364170913367175,2.367154503486879,0.011157465799941813,0.006595984549105768
PG,2019-11-19,104.26,104.99,103.57,103.82,103.82,5989000,Consumer Goods,103.46199999999999,102.88399999999999,104.003,103.597,103.32969183481552,103.38341799341627,-0.05372615860075314,-0.0783713725205173,104.22,7493700.0,101.98,4759600.0,101.67,9239600.0,35.374149659863846,1.8042753481074536,2.1146847644339495,-0.0038380349261178948,0.006794032782031408
PG,2019-11-20,103.82,104.64,103.4,104.57,104.57,6480000,Consumer Goods,103.744,103.053,103.973,103.6276,103.52050847561313,103.47131295686692,0.04919551874620254,-0.052857994267173344,103.82,5989000.0,103.16,7262800.0,102.88,6756300.0,41.1433926897844,1.3668088406358914,1.6426905132192804,0.007224041610479626,0.0061786247213073825
PG,2019-11-21,104.13,104.78,102.85,102.9,102.9,7094200,Consumer Goods,103.71599999999998,103.11499999999998,103.78299999999999,103.5994,103.42504563321111,103.42899347858048,-0.003947845369367542,-0.04307596448761219,104.57,6480000.0,103.04,5188300.0,102.28,8909700.0,37.20338983050842,-0.13586956521739468,0.6061791161517505,-0.01597016352682401,0.008081149206458879
PG,2019-11-22,102.8,103.13,102.09,102.86,102.86,4414900,Consumer Goods,103.674,103.16600000000001,103.65650000000001,103.58139999999999,103.33811553579402,103.38684581350046,-0.048730277706440006,-0.04420682713137775,102.9,7094200.0,103.07,7108600.0,102.35,4249900.0,56.79172056921089,-0.20374502765110325,0.49829018075233655,-0.00038872691933922177,0.00808752781495425
PG,2019-11-25,102.98,103.39,102.63,103.04,103.04,5134300,Consumer Goods,103.43800000000002,103.266,103.52950000000001,103.60740000000001,103.29225160721032,103.36115353101894,-0.06890192380862459,-0.049145846466827126,102.86,4414900.0,104.22,7493700.0,102.04,3850400.0,58.8159588159589,-1.1322203032047562,0.9800078400627132,0.0017499513902392572,0.007994750443155922
PG,2019-11-26,103.23,104.62,102.96,104.54,104.54,8235200,Consumer Goods,103.58200000000002,103.522,103.47200000000001,103.63940000000001,103.48421289840874,103.4484754916842,0.03573740672453596,-0.032169195828554514,103.04,5134300.0,103.82,5989000.0,101.98,4759600.0,60.297766749379775,0.6935079946060574,2.5102961364973586,0.014557453416149002,0.009027435280069383
PG,2019-11-27,104.68,104.69,103.43,104.11,104.11,3751400,Consumer Goods,103.49000000000001,103.617,103.33599999999998,103.6586,103.58048783711509,103.497477307115,0.08301053000008096,-0.00913325066282742,104.54,8235200.0,104.57,6480000.0,103.16,7262800.0,61.59695817490498,-0.43989671990053436,0.9208995734780956,-0.004113258083030535,0.008633941557462475
PG,2019-11-29,104.31,104.86,104.07,104.37,104.37,2927300,Consumer Goods,103.78399999999999,103.75,103.23150000000001,103.6746,103.70195124678969,103.56210861769907,0.13984262909062295,0.020661925287862655,104.11,3751400.0,102.9,7094200.0,103.04,5188300.0,62.500000000000085,1.4285714285714235,1.2907608695652106,0.0024973585630583273,0.00861193094937524
PG,2019-12-02,104.27,104.99,103.43,104.93,104.93,6146200,Consumer Goods,104.19800000000001,103.93599999999999,103.18199999999999,103.696,103.89088182420667,103.6634339052769,0.22744791892976934,0.062019124016244,104.37,2927300.0,102.86,4414900.0,103.07,7108600.0,67.34693877551021,2.0124440987750347,1.8045988163384319,0.005365526492287165,0.00869389481065768
PG,2019-12-03,104.58,105.14,104.15,105.13,105.13,6396200,Consumer Goods,104.61600000000001,104.027,103.348,103.70480000000002,104.08151538971335,103.77206843081194,0.30944695890140395,0.111504690993276,104.93,6146200.0,103.04,5134300.0,104.22,7493700.0,68.59504132231403,2.0283385093167627,0.873152945691813,0.0019060325931572475,0.008059442307025613
PG,2019-12-04,104.96,106.52,104.91,106.48,106.48,6857300,Consumer Goods,105.00399999999999,104.293,103.5885,103.734,104.45051302206514,103.9726559544555,0.47785706760963365,0.18477516631654756,105.13,6396200.0,104.54,8235200.0,103.82,5989000.0,69.212962962963,1.8557489955997708,2.562126757850125,0.012841244173880106,0.008672746272094122
PG,2019-12-05,106.26,106.57,105.74,106.56,106.56,7029200,Consumer Goods,105.494,104.492,103.7725,103.77480000000001,104.77504948020896,104.16431106894028,0.6107384112686844,0.26996781530697495,106.48,6857300.0,104.11,3751400.0,104.57,6480000.0,70.46511627906972,2.3532801844203366,1.9030314621784505,0.0007513148009015147,0.008526866746522794
PG,2019-12-06,106.65,107.27,105.93,106.19,106.19,7150900,Consumer Goods,105.85799999999999,104.821,103.968,103.7862,104.99273417556142,104.31436210087062,0.6783720746907989,0.35164866718373977,106.56,7029200.0,104.37,2927300.0,102.9,7094200.0,67.44966442953017,1.7437961099932897,3.197278911564627,-0.00347222222222221,0.006216229035643645
PG,2019-12-09,106.29,107.0,106.18,106.77,106.77,7452800,Consumer Goods,106.226,105.21199999999999,104.18900000000001,103.80480000000001,105.2661596870135,104.49626120450984,0.7698984825036632,0.4352986302477245,106.19,7150900.0,104.93,6146200.0,102.86,4414900.0,65.23297491039422,1.7535499857047387,3.8012832976861644,0.005461907900932372,0.0061186878988187705
PG,2019-12-10,106.7,106.77,106.13,106.26,106.26,4740100,Consumer Goods,106.452,105.53400000000002,104.4,103.81639999999999,105.41905819670373,104.6269085226943,0.7921496740094369,0.5066688390000671,106.77,7452800.0,105.13,6396200.0,103.04,5134300.0,64.38679245283025,1.0748596975173719,3.125,-0.00477662264681078,0.006678719932439266
PG,2019-12-11,106.26,107.11,106.09,106.59,106.59,4823300,Consumer Goods,106.474,105.739,104.63050000000001,103.84359999999998,105.59920308951854,104.77232270619842,0.8268803833201162,0.570711147864077,106.26,4740100.0,106.48,6857300.0,104.54,8235200.0,62.5310173697271,0.10330578512396382,1.9609718767935602,0.0031055900621117516,0.005344809367419167
PG,2019-12-12,106.7,107.53,105.93,106.52,106.52,5897800,Consumer Goods,106.46600000000001,105.97999999999999,104.79849999999999,103.9166,105.74086415266953,104.90178028351707,0.8390838691524607,0.6243856921217537,106.59,4823300.0,106.56,7029200.0,104.11,3751400.0,78.01857585139302,-0.037537537537546406,2.314859283450188,-0.0006567220189511724,0.005009921186669802
PG,2019-12-13,106.21,107.52,105.85,107.29,107.29,5471600,Consumer Goods,106.68599999999999,106.272,105.01100000000001,103.9936,105.97919274456653,105.07868544770099,0.9005072968655412,0.6796100130705112,106.52,5897800.0,106.19,7150900.0,104.37,2927300.0,80.80667593880383,1.0358790846595856,2.7977388138354042,0.0072286894479911545,0.005248133243085554
PG,2019-12-16,107.29,108.04,107.18,107.36,107.36,8281900,Consumer Goods,106.804,106.51500000000001,105.22550000000001,104.0336,106.19162463001784,105.24767171083425,0.9439529191835874,0.7324785942931265,107.29,5471600.0,106.77,7452800.0,104.93,6146200.0,80.50847457627108,0.5525896787487161,2.31582960068617,0.0006524373194145561,0.005201107930884133
PG,2019-12-17,107.39,107.72,106.29,107.15,107.15,8832200,Consumer Goods,106.982,106.71700000000001,105.372,104.0892,106.33906699463047,105.38858491743912,0.9504820771913529,0.7760792908727718,107.36,8281900.0,106.26,4740100.0,105.13,6396200.0,72.53886010362692,0.8375682288725761,1.9214306097212974,-0.001956035767511133,0.005374455599167616
PG,2019-12-18,107.15,107.63,105.76,106.04,106.04,8607600,Consumer Goods,106.872,106.673,105.48299999999999,104.155,106.29305668776425,105.43683788651771,0.8562188012465413,0.7921071929475259,107.15,8832200.0,106.59,4823300.0,106.48,6857300.0,64.91499227202479,-0.515995872033026,-0.4132231404958664,-0.010359309379374682,0.005137547044479305
PG,2019-12-19,106.17,107.05,105.94,106.82,106.82,6629100,Consumer Goods,106.93199999999999,106.699,105.59549999999999,104.21860000000001,106.37412488964668,105.53929433936824,0.8348305502784399,0.8006518644137087,106.04,8607600.0,106.52,5897800.0,106.56,7029200.0,67.52503576537907,0.2816372512204346,0.24399399399399613,0.007355714824594406,0.005696402232706501
PG,2019-12-20,107.87,108.25,106.91,107.19,107.19,16250500,Consumer Goods,106.912,106.799,105.81000000000002,104.29019999999998,106.49964413739335,105.66156883274837,0.838075304644974,0.8081365524599619,106.82,6629100.0,107.29,5471600.0,106.19,7150900.0,66.61764705882351,-0.09320533134495879,0.9417082587814374,0.003463770829432722,0.005613355500176449
PG,2019-12-23,107.33,107.58,106.62,106.8,106.8,6619500,Consumer Goods,106.8,106.80199999999999,106.00699999999999,104.3686,106.54585273164052,105.7458970673596,0.7999556642809154,0.8065003748241526,107.19,16250500.0,107.36,8281900.0,106.77,7452800.0,61.945636623748236,-0.5216095380029873,0.028097780275349038,-0.003638399104394119,0.0055381276524252305
PG,2019-12-24,106.7,107.15,106.52,107.07,107.07,2022100,Consumer Goods,106.78399999999999,106.883,106.2085,104.47,106.6264907729266,105.8439787660737,0.7825120068528975,0.8017027012299016,106.8,6619500.0,107.15,8832200.0,106.26,4740100.0,54.991539763113295,-0.07466168922073413,0.7622811970637855,0.0025280898876403057,0.005308951060607837
PG,2019-12-26,106.97,107.52,106.77,107.07,107.07,4760400,Consumer Goods,106.99000000000001,106.931,106.33500000000001,104.6198,106.69472296170713,105.93479515377194,0.7599278079351848,0.7933477225709582,107.07,2022100.0,106.04,8607600.0,106.59,4823300.0,54.373927958833555,0.9713315729913186,0.45032367013790875,0.0,0.005247781554504786
PG,2019-12-27,107.36,108.0,107.22,107.82,107.82,5192000,Consumer Goods,107.18999999999998,107.06099999999999,106.5205,104.779,106.86784250605987,106.07443995719625,0.7934025488636252,0.7933586878294917,107.07,4760400.0,106.82,6629100.0,106.52,5897800.0,63.12399355877617,0.9361542782250432,1.220428088621861,0.007004763239002454,0.0056129016096535134
PG,2019-12-30,107.53,107.72,106.15,106.43,106.43,3884300,Consumer Goods,107.03800000000001,106.975,106.6235,104.91300000000001,106.8004821205122,106.10077773814467,0.6997043823675284,0.7746278267370992,107.82,5192000.0,107.19,16250500.0,107.29,5471600.0,47.578347578347646,-0.7090213639331933,-0.8015658495665989,-0.012891856798367574,0.006719947939734729
PG,2019-12-31,106.4,106.88,105.99,106.8,106.8,4798900,Consumer Goods,107.03800000000001,106.91900000000001,106.71700000000001,105.0402,106.80040794812571,106.15257197976358,0.6478359683621306,0.7492694550621055,106.43,3884300.0,106.8,6619500.0,107.36,8281900.0,53.92441860465112,0.0,-0.5216095380029873,0.0034764634031756447,0.006845196634263067
PG,2020-01-02,106.46,106.65,105.12,105.52,105.52,8130800,Consumer Goods,106.728,106.756,106.7365,105.1142,106.60342210995253,106.1057147960774,0.49770731387513933,0.6989570268247123,106.8,4798900.0,107.07,2022100.0,107.15,8832200.0,43.16730523627068,-1.4476510693938516,-1.5212319178721456,-0.011985018726591745,0.007756032223174598
PG,2020-01-03,104.46,105.63,104.2,104.81,104.81,7970500,Consumer Goods,106.276,106.633,106.65299999999999,105.12100000000001,106.32751101611368,106.00973592229387,0.3177750938198045,0.6227206402237307,105.52,8130800.0,107.07,4760400.0,106.04,8607600.0,39.905548996458066,-2.1107686560194128,-1.1599396454168298,-0.006728582259287297,0.007370889127021167
PG,2020-01-06,104.81,105.34,104.64,104.96,104.96,6674400,Consumer Goods,105.704,106.447,106.57300000000001,105.1168,106.11712470594235,105.93197770582766,0.18514700011468221,0.535205912201921,104.81,7970500.0,107.82,5192000.0,106.82,6629100.0,35.159235668789606,-2.652569096642554,-1.741246957498599,0.001431161148745197,0.0068302910778255095
PG,2020-01-07,105.07,105.35,104.21,104.31,104.31,7583400,Consumer Goods,105.28,106.15899999999999,106.479,105.069,105.83910552041274,105.8118312090997,0.027274311313050248,0.4336195920241469,104.96,6674400.0,106.43,3884300.0,107.19,16250500.0,31.909845788849225,-1.9919195715493831,-2.6868178001679177,-0.006192835365853577,0.006695073056746736
PG,2020-01-08,104.48,105.54,104.32,104.75,104.75,5385100,Consumer Goods,104.87,105.954,106.378,105.05619999999999,105.67155082496463,105.73317704546267,-0.06162622049804156,0.3345704295197092,104.31,7583400.0,106.8,4798900.0,106.8,6619500.0,36.14318706697446,-1.9194756554307135,-1.9194756554307135,0.0042181957626306055,0.007025495731409031
PG,2020-01-09,104.75,105.93,104.75,105.9,105.9,5944000,Consumer Goods,104.946,105.83699999999999,106.35999999999999,105.0626,105.70669685189316,105.74553430135433,-0.038837449461169626,0.2598888537235335,104.75,5385100.0,105.52,8130800.0,107.07,2022100.0,49.19540229885057,0.36012130401821274,-1.092743065284385,0.010978520286396343,0.008052339957335918
PG,2020-01-10,105.94,106.3,105.43,106.0,106.0,3927100,Consumer Goods,105.18400000000001,105.72999999999999,106.3305,105.06880000000001,105.75182041314036,105.76438361236511,-0.012563199224743471,0.2053984431338781,105.9,5944000.0,104.81,7970500.0,107.07,4760400.0,44.88778054862845,1.1353878446713095,-0.9993462220976856,0.0009442870632672129,0.008071781105838368
PG,2020-01-13,106.03,106.8,105.87,106.78,106.78,8409200,Consumer Goods,105.548,105.626,106.34349999999999,105.0678,105.91000188804185,105.83961445589362,0.07038743214822318,0.1783962409367471,106.0,3927100.0,104.96,6674400.0,107.82,5192000.0,47.5682087781732,1.7339939024390238,-0.9645705805972793,0.0073584905660377675,0.008111311872959496
PG,2020-01-14,106.58,107.05,106.44,106.62,106.62,7829700,Consumer Goods,106.01000000000002,105.64500000000001,106.30999999999999,105.071,106.01923236680464,105.89742079249409,0.12181157431055567,0.16707930761150883,106.78,8409200.0,104.31,7583400.0,106.43,3884300.0,48.90243902439028,2.2145527753810734,0.17852109367659796,-0.0014984079415620855,0.006965025196565241
PG,2020-01-15,106.93,107.84,106.89,107.7,107.7,4843700,Consumer Goods,106.6,105.73500000000001,106.327,105.1066,106.27781200268085,106.03094517823527,0.24686682444557562,0.1830368109783222,106.62,7829700.0,104.75,5385100.0,106.8,4798900.0,53.49611542730307,2.8162291169451015,0.8426966292134797,0.010129431626336505,0.007601413315846357
PG,2020-01-16,107.83,108.41,107.39,107.8,107.8,6233700,Consumer Goods,106.97999999999999,105.963,106.3595,105.2264,106.51199477149918,106.16198627614378,0.3500084953553966,0.21643114785373707,107.7,4843700.0,105.9,5944000.0,105.52,8130800.0,54.00658616904505,1.7941454202077267,2.1607278241091654,0.0009285051067779992,0.00613029782200522
PG,2020-01-17,108.04,108.59,107.64,108.09,108.09,11315200,Consumer Goods,107.398,106.29100000000001,106.46200000000002,105.3548,106.75476480665316,106.30480210754052,0.449962699112632,0.2631374581055161,107.8,6233700.0,106.0,3927100.0,104.81,7970500.0,51.56069364161856,1.9716981132075428,3.129472378589826,0.002690166975881425,0.0052776962383645366
PG,2020-01-21,108.09,108.27,106.75,107.82,107.82,8553100,Consumer Goods,107.606,106.577,106.51199999999999,105.45360000000001,106.91864714409112,106.41703898846345,0.5016081556276788,0.31083159760994866,108.09,11315200.0,106.78,8409200.0,104.96,6674400.0,59.22974767596276,0.9739651620153555,2.7248475609756184,-0.0024979184013322886,0.005554625582276294
PG,2020-01-22,108.02,108.32,107.59,108.0,108.0,7396700,Consumer Goods,107.88200000000002,106.946,106.55250000000001,105.568,107.08500912192325,106.53429535968837,0.5507137622348779,0.3588080305349345,107.82,8553100.0,106.62,7829700.0,104.31,7583400.0,58.17438692098096,1.294316263365225,3.5375323554788674,0.0016694490818029983,0.004635501451064156
PG,2020-01-23,106.92,108.85,106.36,107.51,107.51,11096500,Consumer Goods,107.84400000000001,107.22200000000001,106.588,105.67120000000001,107.15039233393506,106.60656977748923,0.5438225564458321,0.395810935717114,108.0,7396700.0,107.7,4843700.0,104.75,5385100.0,65.1908396946566,-0.1764159702878354,2.6348448687350867,-0.004537037037037006,0.0052669281540438945
PG,2020-01-24,107.71,109.06,107.32,107.64,107.64,9508600,Consumer Goods,107.81200000000001,107.396,106.6165,105.78320000000002,107.22571659025274,106.68312016434187,0.5425964259108724,0.42516803375586576,107.51,11096500.0,107.8,6233700.0,105.9,5944000.0,73.70184254606369,-0.14842300556585641,1.643059490084986,0.0012091898428052694,0.004373898574580184
PG,2020-01-27,107.3,108.71,107.3,108.11,108.11,9338400,Consumer Goods,107.816,107.607,106.6685,105.9058,107.36176019175232,106.78881496698322,0.5729452247691,0.45472347195851265,107.64,9508600.0,108.09,11315200.0,106.0,3927100.0,75.039745627981,0.018503099269118195,1.9905660377358414,0.004366406540319501,0.004446718077523785
PG,2020-01-28,108.32,109.22,108.14,108.4,108.4,6200200,Consumer Goods,107.93199999999999,107.769,106.69750000000002,106.0106,107.5214893930212,106.90816200646594,0.6133273865552553,0.48644425487786125,108.11,9338400.0,107.82,8553100.0,106.78,8409200.0,84.4856661045531,0.5379335930254303,1.5171380408316226,0.0026824530570714877,0.004046336532218618
PG,2020-01-29,108.3,108.44,107.54,107.57,107.57,5271000,Consumer Goods,107.846,107.86399999999999,106.75450000000001,106.1012,107.52895256332562,106.95718704302402,0.5717655203015966,0.5035085079626084,108.4,6200200.0,108.0,7396700.0,106.62,7829700.0,72.31012658227834,-0.3981481481481586,0.8910148189833045,-0.007656826568265829,0.004928321304063468
PG,2020-01-30,107.34,108.43,107.02,108.34,108.34,5894400,Consumer Goods,108.01200000000001,107.928,106.8315,106.2066,107.65372909204476,107.05961763242965,0.5941114596151067,0.521629098293108,107.57,5271000.0,107.51,11096500.0,107.7,4843700.0,70.53872053872043,0.772021207329554,0.5942432683379684,0.007158129590034479,0.004367613855617819
PG,2020-01-31,108.37,109.2,107.05,107.19,107.19,6612900,Consumer Goods,107.922,107.867,106.915,106.266,107.5823861548071,107.069275585583,0.5131105692240965,0.5199253924793057,108.34,5894400.0,107.64,9508600.0,107.8,6233700.0,58.51216022889837,-0.4180602006689016,-0.5658627087198553,-0.01061473140114455,0.005617937651388517
PG,2020-02-03,107.23,108.34,107.08,107.61,107.61,6052300,Consumer Goods,107.822,107.819,107.05499999999999,106.3418,107.58663443868292,107.10932924591019,0.4773051927727323,0.511401352537991,107.19,6612900.0,108.11,9338400.0,108.09,11315200.0,56.2594268476621,-0.46249190639163773,-0.4440743824590698,0.003918275958578299,0.005709393225456415
PG,2020-02-04,108.13,109.54,107.83,108.09,108.09,6512200,Consumer Goods,107.75999999999999,107.846,107.2115,106.4122,107.66407529427016,107.18197152399091,0.48210377027925233,0.5055418360862433,107.61,6052300.0,108.4,6200200.0,107.82,8553100.0,60.57553956834525,-0.2859778597785967,0.25041736227044975,0.004460551993309192,0.005851660274243695
PG,2020-02-05,108.3,109.29,107.86,109.08,109.08,6125400,Consumer Goods,108.06199999999998,107.954,107.45,106.5358,107.88190986438244,107.32256622591751,0.5593436384649237,0.5163021965619794,108.09,6512200.0,107.57,5271000.0,108.0,7396700.0,60.05830903790078,1.403737101422342,1.0000000000000009,0.00915903413821817,0.0064952166152009915
PG,2020-02-06,109.15,110.18,108.89,109.36,109.36,9102700,Consumer Goods,108.266,108.13900000000001,107.68050000000001,106.66580000000002,108.10930834678514,107.47348724621992,0.6358211005652237,0.5402059773626282,109.08,6125400.0,108.34,5894400.0,107.51,11096500.0,61.079545454545396,0.9414805242754287,1.7207701609152526,0.0025669233590026597,0.006202452432094016
PG,2020-02-07,109.4,109.47,108.42,108.45,108.45,5915100,Consumer Goods,108.518,108.22,107.80799999999999,106.774,108.16172244727973,107.5458215242777,0.6159009230020303,0.5553449664905087,109.36,9102700.0,107.19,6612900.0,107.64,9508600.0,52.34986945169711,1.1754827875734675,0.7525083612040184,-0.008321141185076764,0.006974626919231846
PG,2020-02-10,108.77,109.09,108.17,108.52,108.52,5216100,Consumer Goods,108.7,108.26100000000001,107.93400000000001,106.85359999999999,108.21684207077514,107.61798289284972,0.5988591779254193,0.5640478087774908,108.45,5915100.0,107.61,6052300.0,108.11,9338400.0,54.69168900804289,0.8456463153981852,0.37924336324113295,0.0006454587367450415,0.006859865620680708
PG,2020-02-11,108.61,108.61,106.68,106.8,106.8,6105700,Consumer Goods,108.44199999999998,108.101,107.93499999999999,106.9074,107.99886636757897,107.55739156745345,0.4414748001255191,0.5395332070470965,108.52,5216100.0,108.09,6512200.0,108.4,6200200.0,43.33333333333333,-1.1934499028587342,-1.4760147601476148,-0.015849612974566885,0.008485343246722643
PG,2020-02-12,106.38,106.63,105.67,106.19,106.19,6031700,Consumer Goods,107.86399999999999,107.963,107.9135,106.9438,107.72057923410529,107.45610330319764,0.26447593090765054,0.4845217518192073,106.8,6105700.0,109.08,6125400.0,107.57,5271000.0,42.763157894736814,-2.649431609827646,-1.28288556288928,-0.005711610486891394,0.008348525451649219
PG,2020-02-13,106.43,107.76,106.25,107.48,107.48,7159000,Consumer Goods,107.48799999999999,107.877,107.9025,106.9948,107.68356704424293,107.4578734288867,0.225693615356235,0.4327561245266129,106.19,6031700.0,109.36,9102700.0,108.34,5894400.0,49.2217898832685,-1.7190929041697056,-0.7937973047812408,0.012148036538280449,0.009028905808387968
PG,2020-02-14,107.77,108.51,107.34,108.5,108.5,5889100,Consumer Goods,107.498,108.008,107.9375,107.06219999999999,107.80917211435941,107.53506798970992,0.2741041246494973,0.4010257245511898,107.48,7159000.0,108.45,5915100.0,107.19,6612900.0,51.800554016620495,0.04610419548178868,1.2221289299374938,0.009490137700037149,0.008826818434251149
PG,2020-02-18,108.23,108.53,107.37,107.41,107.41,6767600,Consumer Goods,107.276,107.98800000000001,107.90349999999998,107.0808,107.74776101984259,107.52580369417585,0.22195732566673598,0.365212044774299,108.5,5889100.0,108.52,5216100.0,107.61,6052300.0,45.74376612209799,-1.0228529303354161,-0.18585633305454596,-0.010046082949308754,0.009441120942755116
PG,2020-02-19,107.39,108.78,107.22,107.9,107.9,4734000,Consumer Goods,107.49600000000001,107.96900000000001,107.9075,107.1076,107.77118240140527,107.5535219390517,0.21766046235356384,0.335701728290152,107.41,6767600.0,106.8,6105700.0,108.09,6512200.0,51.4614703277237,1.0299625468164875,-0.17577944305671167,0.004561958849269132,0.00944667122119149
PG,2020-02-20,107.92,109.03,107.63,108.88,108.88,6094600,Consumer Goods,108.03399999999999,107.949,107.95150000000001,107.1614,107.94176972426598,107.65177957319602,0.28999015106995785,0.3265594128461132,107.9,4734000.0,106.19,6031700.0,109.08,6125400.0,52.34782608695648,2.533195216122053,-0.1833516685001868,0.00908248378127885,0.00943832976948885
PG,2020-02-21,108.49,110.16,108.36,108.98,108.98,8723900,Consumer Goods,108.33399999999999,107.91100000000002,108.025,107.20559999999999,108.10149745899429,107.75016627147781,0.35133118751647885,0.3315137677801864,108.88,6094600.0,107.48,7159000.0,109.36,9102700.0,58.56459330143544,1.395608485299582,-0.3474762253108943,0.0009184423218222548,0.009400051470047209
PG,2020-02-24,107.74,108.89,105.92,106.06,106.06,7533900,Consumer Goods,107.846,107.672,107.946,107.2016,107.78742092684132,107.62496876988686,0.16245215695445836,0.2977014456150408,108.98,8723900.0,108.5,5889100.0,108.45,5915100.0,44.015444015444025,-2.2488479262672834,-2.20378054402951,-0.0267939071389246,0.01246510737402809
PG,2020-02-25,105.82,106.62,103.97,104.45,104.45,8903200,Consumer Goods,107.25399999999999,107.26500000000001,107.76299999999999,107.15880000000001,107.27397155348112,107.3897858980434,-0.11581434456228124,0.2149982875795764,106.06,7533900.0,107.41,6767600.0,108.52,5216100.0,37.07386363636363,-2.7557955497625852,-3.750460744563211,-0.015180086743352805,0.013060375956044857
PG,2020-02-26,104.44,105.27,103.09,103.36,103.36,6894200,Consumer Goods,106.346,106.921,107.51100000000001,107.09559999999999,106.6718220837148,107.09128323892907,-0.41946115521426464,0.08810639902080819,104.45,8903200.0,107.9,4734000.0,106.8,6105700.0,29.830747531734858,-4.207599629286385,-3.22097378277153,-0.01043561512685498,0.012606862259882804
PG,2020-02-27,102.46,103.15,97.57,97.63,97.63,13298900,Consumer Goods,104.096,106.06500000000001,107.01400000000001,106.9024,105.28077253237406,106.39044744345284,-1.109674911078784,-0.15144986299911023,103.36,6894200.0,108.88,6094600.0,106.19,6031700.0,20.122261844116153,-10.332476120499635,-8.06102269516904,-0.05543730650154799,0.02083238936200901
PG,2020-02-28,94.15,97.39,91.75,97.39,97.39,22784300,Consumer Goods,101.77799999999999,105.056,106.4665,106.70300000000002,104.06680752739344,105.72374763282671,-1.6569401054332786,-0.452547911485944,97.63,13298900.0,108.98,8723900.0,107.48,7159000.0,20.833333333333343,-10.634978895210134,-9.387793077781915,-0.002458260780497712,0.019732619723198324
PG,2020-03-02,97.36,103.04,96.81,102.84,102.84,12399800,Consumer Goods,101.134,104.49000000000001,106.249,106.61679999999998,103.87806790779445,105.51013669706177,-1.632068789267322,-0.6884520870422197,97.39,22784300.0,106.06,7533900.0,108.5,5889100.0,38.331963845521805,-3.036017348670561,-5.216589861751153,0.055960570900503104,0.02833326147081411
PG,2020-03-03,102.99,104.8,100.76,101.64,101.64,12510900,Consumer Goods,100.572,103.91300000000001,105.9505,106.52879999999999,103.53374976813376,105.22345990468682,-1.6897101365530602,-0.8887036969443879,102.84,12399800.0,104.45,8903200.0,107.41,6767600.0,39.16876574307307,-2.69028243178554,-5.371939298016937,-0.011668611435239229,0.028370100447120895
PG,2020-03-04,103.11,107.25,102.87,107.09,107.09,9459300,Consumer Goods,101.31800000000001,103.832,105.90050000000001,106.5342,104.08086518842087,105.36172213396928,-1.2808569455484076,-0.9671343466651918,101.64,12510900.0,103.36,6894200.0,107.9,4734000.0,51.57013258897418,3.608746130030971,-0.750695088044484,0.05362062180243998,0.03393173648063737
PG,2020-03-05,104.34,105.71,103.46,104.62,104.62,9363500,Consumer Goods,102.71600000000001,103.40599999999999,105.67749999999998,106.48280000000001,104.1638090055869,105.30677975367526,-1.1429707480883593,-1.0023016269498255,107.09,9459300.0,97.63,13298900.0,108.88,6094600.0,45.207774798927616,7.1596845231998385,-3.912564290962517,-0.023064711924549397,0.034469040506427684
PG,2020-03-06,101.52,105.46,101.11,104.65,104.65,9817400,Consumer Goods,104.168,102.973,105.44200000000001,106.43979999999999,104.23860762011199,105.25812940155117,-1.019521781439181,-1.0057456578476967,104.62,9363500.0,97.39,22784300.0,108.98,8723900.0,43.32755632582324,7.454564123626661,-3.97320609286107,0.0002867520550564606,0.03446071514567973
PG,2020-03-09,99.15,103.24,99.02,99.83,99.83,13116500,Consumer Goods,103.566,102.35,105.011,106.295,103.56036029394092,104.856045742177,-1.2956854482360853,-1.0637336159253745,104.65,9817400.0,102.84,12399800.0,106.06,7533900.0,38.367096378146115,-2.9268767016725095,-5.874033565906089,-0.046058289536550445,0.03639093465227198
PG,2020-03-10,102.32,103.92,98.44,103.69,103.69,11419100,Consumer Goods,103.976,102.274,104.7695,106.2274,103.58030486410385,104.76967198349723,-1.1893671193933812,-1.0888603166189759,99.83,13116500.0,101.64,12510900.0,104.45,8903200.0,44.14464534075103,2.016922471467919,-0.7276208712302612,0.038665731743964704,0.03870054038560491
PG,2020-03-11,101.15,101.88,95.2,95.98,95.98,16456000,Consumer Goods,101.75399999999999,101.536,104.22850000000001,105.9906,102.41102719270327,104.11858516990483,-1.70755797720156,-1.2125998487354928,103.69,11419100.0,107.09,9459300.0,103.36,6894200.0,34.88753514526712,-10.374451396022033,-7.140092879256965,-0.07435625421930747,0.04531791494346832
PG,2020-03-12,88.6,95.98,86.88,87.6,87.6,20988000,Consumer Goods,98.35,100.533,103.299,105.61399999999999,100.13240762459507,102.8949862684304,-2.762578643835326,-1.5225956077554594,95.98,16456000.0,104.62,9363500.0,97.63,13298900.0,29.022762951334386,-16.268399923532794,-10.273481511830385,-0.08730985622004594,0.05002258683024166
PG,2020-03-13,91.61,98.6,90.67,98.12,98.12,17378700,Consumer Goods,97.04400000000001,100.60600000000001,102.83099999999999,105.4404,99.82280645158045,102.54128358188,-2.718477130299547,-1.761771912264277,87.6,20988000.0,104.65,9817400.0,97.39,22784300.0,43.22062841530055,-6.239847109412322,0.7495636102269332,0.1200913242009134,0.064804576418121
PG,2020-03-16,87.52,99.73,86.88,93.33,93.33,17367400,Consumer Goods,95.744,99.655,102.0725,105.1966,98.82391315133731,101.85896627951851,-3.035053128181204,-2.0164281554476626,98.12,17378700.0,99.83,13116500.0,102.84,12399800.0,40.994493035309354,-6.511068816988885,-9.24737456242708,-0.04881777415409705,0.06368218863546327
PG,2020-03-17,95.86,102.96,95.28,101.7,101.7,19451400,Consumer Goods,95.34599999999999,99.661,101.787,105.13439999999999,99.26638805113157,101.84719099955417,-2.580802948422601,-2.12930311404265,93.33,17367400.0,103.69,11419100.0,101.64,12510900.0,48.797450014488554,-1.9191821776448958,0.05903187721369996,0.08968177434908386,0.07068845327659974
PG,2020-03-18,97.21,104.51,96.41,101.02,101.02,23139200,Consumer Goods,96.354,99.054,101.44300000000001,105.0556,99.53617450480364,101.78591759217979,-2.249743087376146,-2.153391108709349,101.7,19451400.0,95.98,16456000.0,107.09,9459300.0,52.64967953728309,5.251093977912058,-5.668129610607908,-0.006686332350049229,0.06835514101484005
PG,2020-03-19,100.3,101.5,94.44,95.33,95.33,16428100,Consumer Goods,97.9,98.125,100.7655,104.876,98.88907073483385,101.30770147424055,-2.4186307394066944,-2.2064390348488185,101.02,23139200.0,87.6,20988000.0,104.62,9363500.0,48.51627772976087,8.82420091324201,-8.87975530491303,-0.05632548010294991,0.0701837848828509
PG,2020-03-20,93.92,94.36,87.38,88.11,88.11,19922900,Consumer Goods,95.898,96.471,99.722,104.5432,97.23075216024402,100.33009395763014,-3.099341797386117,-2.385019587356278,95.33,16428100.0,98.12,17378700.0,104.65,9817400.0,39.65444584913612,-10.201793721973097,-15.805064500716682,-0.07573691387810766,0.07334316909401162
PG,2020-03-23,86.18,89.24,81.15,84.04,84.04,17776800,Consumer Goods,94.03999999999999,94.892,98.62100000000001,104.10599999999998,95.20140567405264,99.12342033113902,-3.922014657086379,-2.6924186013022986,88.11,19922900.0,93.33,17367400.0,99.83,13116500.0,38.11774237105051,-9.953926925961632,-15.816888710808364,-0.046192259675405634,0.07334954846518318
PG,2020-03-24,87.07,89.46,82.63,88.83,88.83,14625500,Consumer Goods,91.46600000000001,93.406,97.84,103.76259999999998,94.22118941650608,98.36094475105465,-4.139755334548568,-2.9818859479515525,84.04,17776800.0,101.7,19451400.0,103.69,11419100.0,37.561307901907355,-12.65486725663717,-14.33117947728807,0.05699666825321259,0.07504092494712117
PG,2020-03-25,86.45,90.06,84.81,86.81,86.81,13789100,Consumer Goods,88.624,92.489,97.0125,103.36319999999999,93.0810064293513,97.50531921393949,-4.424312784588182,-3.2703713152788785,88.83,14625500.0,101.02,23139200.0,95.98,16456000.0,37.79300891021248,-14.066521480894867,-9.554073765367788,-0.022740065293256784,0.07205725802994013
PG,2020-03-26,89.35,93.16,88.19,92.36,92.36,15796000,Consumer Goods,88.03,92.965,96.749,103.07799999999999,92.97008236329727,97.12418445735138,-4.15410209405411,-3.447117471033925,86.81,13789100.0,95.33,16428100.0,87.6,20988000.0,42.168981776475086,-3.1154935487254787,5.433789954337898,0.06393272664439587,0.06931209567539447
PG,2020-03-27,91.6,98.31,91.6,94.76,94.76,16073100,Consumer Goods,89.35999999999999,92.62899999999999,96.6175,102.8192,93.24545430740538,96.94905968273275,-3.7036053753273706,-3.4984150518926143,92.36,15796000.0,88.11,19922900.0,98.12,17378700.0,46.66666666666667,7.54738395187835,-3.424378312270693,0.02598527501082737,0.05773677413528363
PG,2020-03-30,97.97,99.6,94.79,98.92,98.92,14571600,Consumer Goods,92.336,93.18800000000002,96.42150000000001,102.6416,94.11846133703533,97.09505526178958,-2.9765939247542548,-3.3940508264649427,94.76,16073100.0,84.04,17776800.0,93.33,17367400.0,46.8762278978389,17.705854355069018,5.989499624986605,0.0439003799071338,0.05681869886901131
PG,2020-03-31,97.63,98.31,93.71,94.62,94.62,21691000,Consumer Goods,93.494,92.48,96.07050000000001,102.37219999999999,94.19562113133759,96.91171783499036,-2.7160967036527666,-3.2584600019025074,98.92,14571600.0,88.83,14625500.0,101.7,19451400.0,49.06772689882095,6.518068220195894,-6.961651917404133,-0.04346947027901327,0.05062743198981117
PG,2020-04-01,92.85,96.49,92.04,94.04,94.04,11095800,Consumer Goods,94.94,91.78200000000001,95.418,102.0966,94.17167941882411,96.69899799536144,-2.5273185765373256,-3.1122317168294713,94.62,21691000.0,86.81,13789100.0,101.02,23139200.0,54.943199263125585,8.328533579080766,-6.909522866759044,-0.006129782287042862,0.05062694055195737
PG,2020-04-02,92.63,98.91,92.47,98.4,98.4,9168800,Consumer Goods,96.148,92.089,95.107,101.90460000000002,94.82219027746656,96.8249981438532,-2.0028078663866324,-2.890346946740904,94.04,11095800.0,92.36,15796000.0,95.33,16428100.0,50.23736859952527,6.539627544391524,3.2203923214098484,0.04636324968098671,0.049685680906186226
PG,2020-04-03,97.83,99.69,97.21,98.99,98.99,7768700,Consumer Goods,96.994,93.17699999999999,94.824,101.7342,95.46339177324093,96.98536865171592,-1.5219768784749874,-2.616672933087721,98.4,9168800.0,94.76,16073100.0,88.11,19922900.0,55.16611902154071,4.463908822287865,12.348201112246059,0.005995934959349469,0.041026304660411406
PG,2020-04-06,100.64,102.36,98.56,101.33,101.33,16848400,Consumer Goods,97.476,94.906,94.899,101.60799999999999,96.36594688505001,97.30719319603325,-0.9412463109832458,-2.2815876086668263,98.99,7768700.0,98.92,14571600.0,84.04,17776800.0,49.62051282051282,2.436312171451682,20.57353641123274,0.023638751389029267,0.03550440226001928
PG,2020-04-07,100.39,103.27,96.77,97.0,97.0,14438400,Consumer Goods,97.952,95.723,94.5645,101.3858,96.46349351811924,97.28443814447525,-0.8209446263560096,-1.989459012204663,101.33,16848400.0,94.62,21691000.0,88.83,14625500.0,46.16412213740458,2.5153244557176047,9.197343239896426,-0.04273166880489487,0.03772233574448607
PG,2020-04-08,98.39,100.9,96.22,99.0,99.0,12564500,Consumer Goods,98.944,96.94200000000001,94.71549999999999,101.1978,96.85372528456243,97.41151680044004,-0.5577915158776108,-1.7031255129392524,97.0,14438400.0,94.04,11095800.0,86.81,13789100.0,53.76719359474441,5.274351339855365,14.042161041354673,0.020618556701030855,0.036063498673348245
PG,2020-04-09,99.14,102.07,98.23,98.62,98.62,12747300,Consumer Goods,98.98800000000001,97.56800000000001,95.2665,101.0188,97.12545985616822,97.50103407448151,-0.3755742183132895,-1.4376152540140599,99.0,12564500.0,98.4,9168800.0,92.36,15796000.0,62.55075232863627,0.22357723577235422,6.77782589865743,-0.003838383838383752,0.03170194945298148
PG,2020-04-13,97.72,100.42,97.33,99.73,99.73,7926700,Consumer Goods,99.136,98.06500000000001,95.34700000000001,100.84660000000002,97.52615833983465,97.66614266155696,-0.13998432172230935,-1.1780890675557099,98.62,12747300.0,98.99,7768700.0,94.76,16073100.0,70.16191210485738,0.7475502576017812,5.244829041789778,0.011255323463800426,0.031059213887815258
PG,2020-04-14,102.15,104.48,99.99,104.04,104.04,10474200,Consumer Goods,99.67800000000001,98.577,95.88250000000001,100.7836,98.52828782601394,98.13828024218238,0.39000758383156153,-0.8644697372782556,99.73,7926700.0,101.33,16848400.0,98.92,14571600.0,69.78922716627636,2.6744300799368403,5.175899716942989,0.04321668504963405,0.030966052657883398
PG,2020-04-15,103.96,106.16,102.87,104.27,104.27,14192900,Consumer Goods,101.13199999999999,99.542,96.011,100.7168,99.41162816047333,98.59248170572442,0.8191464547489034,-0.5277464988728238,104.04,10474200.0,97.0,14438400.0,94.62,21691000.0,73.82641921397381,7.494845360824742,10.198689494821389,0.0022106881968473324,0.02589497773567606
PG,2020-04-16,105.24,105.37,103.13,104.51,104.51,12020200,Consumer Goods,102.234,100.589,96.1855,100.6452,100.19599305886204,99.03081639418929,1.1651766646727566,-0.1891618661637077,104.27,14192900.0,99.0,12564500.0,94.04,11095800.0,69.39036067666774,5.565656565656574,11.13356018715439,0.0023017166970367153,0.025442577672661722
PG,2020-04-17,105.33,107.51,103.68,107.25,107.25,15899800,Consumer Goods,103.96,101.474,96.78150000000001,100.60860000000001,101.2812248959602,99.63964480943453,1.6415800865256642,0.1769865243741667,104.51,12020200.0,98.62,12747300.0,98.4,9168800.0,69.71897694979477,8.750760494828636,8.993902439024382,0.026217586833795714,0.02300349914397985
PG,2020-04-20,104.48,106.0,103.68,103.73,103.73,10832000,Consumer Goods,104.76000000000002,101.94800000000001,97.56250000000001,100.49599999999998,101.65795952735093,99.94263408280975,1.715325444541179,0.4846543084075692,107.25,15899800.0,99.73,7926700.0,98.99,7768700.0,57.75056397035129,4.010829238945157,4.788362460854634,-0.03282051282051279,0.02654776281006688
PG,2020-04-21,102.79,103.48,101.87,102.94,102.94,9465400,Consumer Goods,104.54,102.10900000000001,98.5075,100.3858,101.85519652314309,100.1646611877868,1.6905353353562873,0.7258305137973129,103.73,10832000.0,104.04,10474200.0,101.33,16848400.0,65.11627906976744,-1.0572856593617952,1.5888680548702183,-0.007615925961631187,0.025943434511135323
PG,2020-04-22,103.21,103.46,102.17,102.7,102.7,10259400,Consumer Goods,104.226,102.679,99.201,100.2694,101.98516628881339,100.35246406276556,1.6327022260478259,0.9072048562474155,102.94,9465400.0,104.27,14192900.0,97.0,14438400.0,65.93083149374542,-1.5057063393113967,5.876288659793816,-0.0023314552166310287,0.020874652715175
PG,2020-04-23,102.74,103.62,102.22,103.39,103.39,17277000,Consumer Goods,104.002,103.11800000000001,100.03,100.20120000000001,102.20129455207287,100.57746672478294,1.6238278272899294,1.0505294504559184,102.7,10259400.0,104.51,12020200.0,99.0,12564500.0,60.612505316886434,-1.0716677829872734,4.434343434343435,0.006718597857838349,0.020240413734977716
PG,2020-04-24,103.13,103.7,102.71,102.85,102.85,12751100,Consumer Goods,103.122,103.54100000000001,100.55449999999999,100.1344,102.30109539021551,100.74580252294716,1.5552928672683493,1.1514821338184047,103.39,17277000.0,107.25,15899800.0,98.62,12747300.0,58.226768968456945,-4.10256410256411,4.289190833502321,-0.005222942257471774,0.020308650136565912
PG,2020-04-27,103.2,103.2,101.22,101.7,101.7,10635700,Consumer Goods,102.71600000000001,103.73799999999999,100.9015,100.0188,102.2086191763362,100.81648381754367,1.3921353587925296,1.1996127788132298,102.85,12751100.0,103.73,10832000.0,99.73,7926700.0,50.83071396497531,-1.9570037597609224,1.975333400180479,-0.011181332036946934,0.02070184733759993
PG,2020-04-28,101.4,102.1,100.59,101.21,101.21,9958000,Consumer Goods,102.37,103.455,101.016,99.87299999999999,102.05498545689986,100.84563316439228,1.2093522925075746,1.201560681552099,101.7,10635700.0,102.94,9465400.0,104.04,10474200.0,61.42159522517633,-1.680590635321555,-2.720107650903514,-0.004818092428712006,0.014863750939888946
PG,2020-04-29,101.76,102.22,99.65,101.38,101.38,8707900,Consumer Goods,102.106,103.16600000000001,101.354,99.7524,101.95114154045372,100.88521589295581,1.065925647497906,1.1744336747412605,101.21,9958000.0,102.7,10259400.0,104.27,14192900.0,57.168674698795165,-1.2852969814995174,-2.7716505226815014,0.0016796759213517642,0.014845377166286646
PG,2020-04-30,100.37,102.42,100.15,102.06,102.06,10026400,Consumer Goods,101.84,102.921,101.755,99.6356,101.96788899576853,100.97223693792205,0.9956520578464847,1.1386773513623054,101.38,8707900.0,103.39,17277000.0,104.51,12020200.0,60.177514792899395,-1.2863913337846977,-2.3442732752846696,0.006707437364371849,0.015074160097601276
PG,2020-05-01,101.83,102.49,100.72,101.15,101.15,7366400,Consumer Goods,101.5,102.311,101.8925,99.48100000000001,101.84205991949645,100.98540457215005,0.856655347346404,1.0822729505591253,102.06,10026400.0,102.85,12751100.0,107.25,15899800.0,54.25149700598803,-1.6528925619834656,-5.687645687645682,-0.008916323731138487,0.011325961905660556
PG,2020-05-04,101.39,101.48,99.58,100.24,100.24,5636000,Consumer Goods,101.208,101.962,101.955,99.30619999999999,101.59558916265084,100.93018941865745,0.6653997439933903,0.9988983092459784,101.15,7366400.0,101.7,10635700.0,103.73,10832000.0,35.714285714285694,-1.4355948869223312,-3.36450400077124,-0.008996539792387681,0.006471299925154915
PG,2020-05-05,100.27,101.53,99.76,100.45,100.45,5425200,Consumer Goods,101.056,101.713,101.911,99.19400000000002,101.41934467608917,100.89461983209023,0.5247248439989391,0.9040636161965707,100.24,5636000.0,101.21,9958000.0,102.94,9465400.0,35.617469879518126,-0.7509139413101384,-2.418884787254705,0.0020949720670391248,0.006496539018248313
PG,2020-05-06,100.04,100.56,97.75,97.93,97.93,7892200,Consumer Goods,100.366,101.236,101.95750000000001,99.0636,100.8825224182293,100.6750183630465,0.20750405518279535,0.7647517039938158,100.45,5425200.0,101.38,8707900.0,102.7,10259400.0,28.856041131105414,-3.4030380745709077,-4.644595910418692,-0.02508710801393721,0.009669842927513744
PG,2020-05-07,98.76,98.83,96.82,97.13,97.13,8762800,Consumer Goods,99.38,100.61,101.864,98.939,100.30521127696326,100.41242441022825,-0.10721313326499171,0.5903587365420543,97.93,7892200.0,102.06,10026400.0,103.39,17277000.0,12.84875183553605,-4.830491867528908,-6.054744172550541,-0.008169100377821037,0.008825305823671277
PG,2020-05-08,98.3,100.7,98.18,100.4,100.4,9279900,Consumer Goods,99.23,100.365,101.953,98.9944,100.31979415743045,100.41150408354468,-0.09170992611423401,0.4539450040107966,97.13,8762800.0,101.15,7366400.0,102.85,12751100.0,37.54674644727005,-0.7414730598121588,-2.382109868740878,0.033666220529187774,0.015410650610646358
PG,2020-05-11,100.23,100.45,99.51,99.85,99.85,6947500,Consumer Goods,99.152,100.17999999999999,101.959,99.04359999999998,100.24751813321038,100.3699111884673,-0.12239305525692146,0.33867739215725307,100.4,9279900.0,100.24,5636000.0,101.7,10635700.0,38.23305407463827,-0.38906624102155174,-1.8190757128810353,-0.005478087649402497,0.015148838911001017
PG,2020-05-12,99.75,100.36,98.83,99.19,99.19,6734400,Consumer Goods,98.9,99.97800000000001,101.7165,98.97060000000002,100.0848230357934,100.28251035969194,-0.19768732389853483,0.2314044489460955,99.85,6947500.0,100.45,5425200.0,101.21,9958000.0,37.04797047970484,-1.2543554006968716,-1.9958502124295951,-0.006609914872308442,0.01519991228711656
PG,2020-05-13,98.95,99.88,98.48,98.64,98.64,9312600,Consumer Goods,99.042,99.70400000000001,101.43499999999999,98.91059999999999,99.86254256874827,100.1608429256407,-0.29830035689242607,0.12546348777839117,99.19,6734400.0,97.93,7892200.0,101.38,8707900.0,32.28933631618203,0.7250076585316068,-2.7027027027026973,-0.00554491380179456,0.015181972816619512
PG,2020-05-14,98.31,99.1,96.33,98.55,98.55,9310000,Consumer Goods,99.326,99.353,101.137,98.7398,99.660612942787,100.04152122744509,-0.3809082846580907,0.024189133291094803,98.64,9312600.0,97.13,8762800.0,102.06,10026400.0,33.41049382716058,1.4619582003500442,-3.4391534391534417,-0.0009124087591241281,0.01484862892321638
PG,2020-05-15,98.65,99.39,97.02,99.24,99.24,10694800,Consumer Goods,99.094,99.162,100.7365,98.6322,99.5959032592813,99.98214928467138,-0.38624602539007924,-0.05789789844514001,98.55,9310000.0,100.4,9279900.0,101.15,7366400.0,40.16000000000001,-1.1553784860557914,-1.8882847256549762,0.007001522070015254,0.015042942617875078
PG,2020-05-18,100.47,101.3,99.33,100.62,100.62,10020800,Consumer Goods,99.248,99.2,100.58099999999999,98.5516,99.75345660400725,100.02939748580684,-0.27594088179958476,-0.10150649511602897,99.24,10694800.0,99.85,6947500.0,100.24,5636000.0,47.79686333084396,0.7711567351026627,0.37909018355946067,0.013905683192261264,0.015560634731917123
PG,2020-05-19,99.65,100.13,97.27,97.36,97.36,8047600,Consumer Goods,98.882,98.89099999999999,100.30199999999999,98.50220000000002,99.38523251108306,99.83166433871003,-0.44643182762696654,-0.1704915616182165,100.62,10020800.0,99.19,6734400.0,100.45,5425200.0,37.80339805825248,-1.8449440467789069,-3.0761572921851665,-0.032399125422381325,0.018675908254755975
PG,2020-05-20,97.85,98.51,97.09,98.09,98.09,6593800,Consumer Goods,98.77199999999999,98.90700000000001,100.0715,98.39020000000001,99.18596597091644,99.70265216547224,-0.5166861945558026,-0.23973048820573373,97.36,8047600.0,98.64,9312600.0,97.93,7892200.0,37.991530550514256,-0.5575831305758339,0.16338200755641186,0.007497945768282666,0.017168655445749078
PG,2020-05-21,97.67,98.02,96.49,96.65,96.65,6552700,Consumer Goods,98.39200000000001,98.85900000000001,99.7345,98.40360000000001,98.79581736000621,99.47652978284466,-0.6807124228384538,-0.32792687513227775,98.09,6593800.0,98.55,9310000.0,97.13,8762800.0,36.81125439624858,-1.9279553526128757,-0.49418305363944093,-0.014680395555102477,0.017642299337476786
PG,2020-05-22,97.23,98.36,96.77,97.5,97.5,5571900,Consumer Goods,98.04400000000001,98.569,99.467,98.6016,98.59646084308218,99.33012016930061,-0.7336593262184294,-0.4090733653495081,96.65,6552700.0,99.24,10694800.0,100.4,9279900.0,41.941176470588275,-1.7533252720677073,-2.8884462151394508,0.008794619762027889,0.013604132104960583
PG,2020-05-26,98.84,98.84,96.7,97.01,97.01,10432400,Consumer Goods,97.322,98.285,99.2325,98.5794,98.35238994414647,99.15825941601909,-0.8058694718726258,-0.4884325866541317,97.5,5571900.0,100.62,10020800.0,99.85,6947500.0,40.04629629629632,-3.5877559133373094,-2.8442663995993933,-0.005025641025640959,0.013595142153068661
PG,2020-05-27,97.41,98.68,96.82,98.62,98.62,8279700,Consumer Goods,97.574,98.228,99.103,98.68520000000001,98.39356072197009,99.11838834816582,-0.7248276261957329,-0.535711594562452,97.01,10432400.0,97.36,8047600.0,99.19,6734400.0,52.107513744654845,1.294165981922757,-0.5746547030950677,0.016596227193072854,0.014799285454891366
PG,2020-05-28,100.04,101.3,99.49,100.49,100.49,6586700,Consumer Goods,98.054,98.413,99.05850000000001,98.661,98.71608984166699,99.21998921126465,-0.5038993695976615,-0.529349149569494,98.62,8279700.0,98.09,6593800.0,98.64,9312600.0,59.63302752293577,2.4467325925170647,1.8755068937550634,0.01896167106063662,0.01585795748906344
PG,2020-05-29,100.56,101.07,99.25,100.37,100.37,7868000,Consumer Goods,98.798,98.595,98.974,98.648,98.9705375583336,99.30517519561542,-0.3346376372818156,-0.49040684711195837,100.49,6586700.0,96.65,6552700.0,98.55,9310000.0,49.89503149055283,3.84893947232281,1.846778285134465,-0.0011941486715094651,0.0158639045908377
PG,2020-06-01,100.44,101.74,99.8,101.53,101.53,5105600,Consumer Goods,99.604,98.824,98.99300000000001,98.772,99.36430101089766,99.46997703297724,-0.10567602207957805,-0.4134606821054823,100.37,7868000.0,97.5,5571900.0,99.24,10694800.0,55.63758389261748,4.133333333333344,2.307537283353489,0.011557238218591115,0.01608903994544393
PG,2020-06-02,101.37,102.3,101.15,102.23,102.23,6327900,Consumer Goods,100.648,98.985,99.0925,99.0544,99.80517777845186,99.67442317868262,0.1307545997692472,-0.3046176257305364,101.53,5105600.0,97.01,10432400.0,100.62,10020800.0,60.17402945113791,5.380888568188835,1.6000795070562512,0.006894513936767543,0.01567956509260001
PG,2020-06-03,102.26,103.2,102.13,102.63,102.63,6171000,Consumer Goods,101.45,99.512,99.2015,99.42620000000001,100.23976581253619,99.8933547950765,0.34641101745968683,-0.17441189709249177,102.23,6327900.0,98.62,8279700.0,97.36,8047600.0,63.488843813387426,4.066112350436013,5.412900575184887,0.003912745769343529,0.010126469411299743
PG,2020-06-04,102.17,102.89,100.07,100.49,100.49,6895800,Consumer Goods,101.45,99.752,99.3295,99.6594,100.27826337983831,99.93755073618195,0.3407126436563601,-0.07138698894272141,102.63,6171000.0,100.49,6586700.0,98.09,6593800.0,55.76009501187649,0.0,2.4467325925170647,-0.020851602845171957,0.013010247558689802
PG,2020-06-05,100.66,102.89,100.49,102.46,102.46,7337800,Consumer Goods,101.868,100.333,99.596,99.9724,100.61391516755549,100.1243988297981,0.48951633775739367,0.04079367639730161,100.49,6895800.0,100.37,7868000.0,96.65,6552700.0,58.885209713024295,2.0822955066254645,6.011381272633209,0.019603940690615884,0.012487658469453098
PG,2020-06-08,101.69,103.14,101.17,103.08,103.08,6926700,Consumer Goods,102.178,100.89099999999999,99.72999999999999,100.1868,100.99331283408542,100.34333224981306,0.649980584272356,0.1626310579723125,102.46,7337800.0,101.53,5105600.0,97.5,5571900.0,57.085253456221196,1.526642371712783,5.72307692307692,0.006051141909037661,0.012447680794225448
PG,2020-06-09,103.39,103.7,102.3,102.47,102.47,5563200,Consumer Goods,102.226,101.437,99.861,100.34100000000001,101.22049547499535,100.50086319427135,0.7196322807239994,0.2740313025226499,103.08,6926700.0,102.23,6327900.0,97.01,10432400.0,67.36913664174035,0.2347647461606206,5.628285743737749,-0.005917733798991076,0.012535582560925839
PG,2020-06-10,103.04,103.81,102.27,103.24,103.24,6678200,Consumer Goods,102.348,101.899,100.0635,100.42739999999999,101.53118847884222,100.70376221691791,0.827426261924316,0.38471029440298316,102.47,5563200.0,102.63,6171000.0,98.62,8279700.0,67.4576271186441,0.5943681184838789,4.6846481443926,0.007514394456914264,0.011963213368881209
PG,2020-06-11,102.88,103.53,100.44,100.67,100.67,8937500,Consumer Goods,102.38399999999999,101.917,100.165,100.5484,101.39869794363574,100.70126131196103,0.6974366316747052,0.44725556185732757,103.24,6678200.0,100.49,6895800.0,100.49,6586700.0,62.657430730478616,0.17912230072645308,0.17912230072645308,-0.02489345215032923,0.014000050804402829
PG,2020-06-12,100.95,102.22,99.8,100.11,100.11,7998500,Consumer Goods,101.914,101.89099999999999,100.243,100.6698,101.20043672153794,100.6574641777417,0.5429725437962389,0.4663989582451099,100.67,8937500.0,102.46,7337800.0,100.37,7868000.0,58.37075048107763,-2.2935779816513735,-0.25904154627877096,-0.005562729710936742,0.01411839341881684
PG,2020-06-15,99.19,101.55,98.5,101.04,101.04,8786000,Consumer Goods,101.506,101.842,100.333,100.7226,101.17575414899363,100.68580016457565,0.4899539844179799,0.4711099634796839,100.11,7998500.0,103.08,6926700.0,101.53,5105600.0,62.570180910792295,-1.9790454016297976,-0.48261597557371916,0.009289781240635397,0.01392603612050246
PG,2020-06-16,102.63,103.01,101.25,102.29,102.29,8165200,Consumer Goods,101.47,101.848,100.4165,100.7886,101.34717658761,100.8046297820145,0.5425468055954923,0.4853973319028456,101.04,8786000.0,102.47,5563200.0,102.23,6327900.0,61.710274409700084,-0.17566116912266505,0.0586911865401607,0.012371338083927208,0.014345975089682925
PG,2020-06-17,102.51,103.14,101.69,102.11,102.11,6320800,Consumer Goods,101.244,101.796,100.65400000000001,100.8042,101.46453403567,100.90132387223565,0.5632101634343485,0.5009598982091462,102.29,8165200.0,103.24,6678200.0,102.63,6171000.0,55.793991416309034,-1.0945370011623323,-0.5066744616583851,-0.001759702805748442,0.014292788679004369
PG,2020-06-18,101.71,103.87,101.63,103.28,103.28,6274400,Consumer Goods,101.766,102.075,100.9135,100.9298,101.74383649172077,101.0775221039219,0.6663143877988773,0.5340307961270925,102.11,6320800.0,100.67,8937500.0,100.49,6895800.0,59.68063872255488,2.592629383133005,2.776395661259823,0.011458231319165568,0.012725785319068053
PG,2020-06-19,104.33,105.48,102.89,102.97,102.97,17506200,Consumer Goods,102.338,102.126,101.2295,101.0092,101.93247703145603,101.21770565177953,0.7147713796765061,0.5701789128369752,103.28,6274400.0,100.11,7998500.0,102.46,7337800.0,55.07757404795486,2.8568574567975125,0.49775522154986707,-0.003001549186677055,0.011345077038132504
PG,2020-06-22,102.85,103.11,101.6,101.96,101.96,5695600,Consumer Goods,102.522,102.014,101.45250000000001,101.07600000000001,101.93671133430894,101.27269041831437,0.6640209159945698,0.5889473134684942,102.97,17506200.0,101.04,8786000.0,103.08,6926700.0,49.06832298136642,0.9105304829770233,-1.0865347303065653,-0.009808682140429292,0.011597130854733436
PG,2020-06-23,102.75,103.2,101.87,101.94,101.94,5340400,Consumer Goods,102.452,101.961,101.69899999999998,101.12019999999998,101.9372172828768,101.32212075769849,0.6150965251783163,0.5941771558104586,101.96,5695600.0,102.29,8165200.0,102.47,5563200.0,47.554925584691716,-0.34216443445107547,-0.5172245535278619,-0.0001961553550411388,0.011469690825667038
PG,2020-06-24,101.5,102.14,100.69,100.81,100.81,6547800,Consumer Goods,102.19200000000001,101.71799999999999,101.80850000000001,101.0556,101.7637992393573,101.28418588675785,0.4796133525994435,0.5712643951682556,101.94,5340400.0,102.11,6320800.0,103.24,6678200.0,51.221374045801554,-1.2731368132406162,-2.353738860906618,-0.011084951932509246,0.011540903188155696
PG,2020-06-25,101.3,102.2,100.47,102.08,102.08,5489300,Consumer Goods,101.952,101.85900000000001,101.888,101.01180000000001,101.8124455102254,101.34313508033135,0.46931042989405114,0.5508736021134146,100.81,6547800.0,103.28,6274400.0,100.67,8937500.0,48.467741935483886,-1.161890007745936,1.4006158736465713,0.012597956551929412,0.009256020240674831
PG,2020-06-26,101.82,102.58,99.61,99.78,99.78,23201700,Consumer Goods,101.314,101.826,101.8585,100.9172,101.49976158557534,101.22734729660311,0.27241428897222875,0.4951817394851775,102.08,5489300.0,102.97,17506200.0,100.11,7998500.0,38.28125000000001,-3.0979897057395345,-0.3296373988612489,-0.02253134796238243,0.011867470588475402
PG,2020-06-29,100.88,102.22,100.75,101.88,101.88,6866900,Consumer Goods,101.298,101.91,101.876,100.8098,101.55825980317914,101.27569194129919,0.2825678618799543,0.4526589639641329,99.78,23201700.0,101.96,5695600.0,101.04,8786000.0,48.10533076429029,-0.07846214201647772,0.8313539192398967,0.021046301864100947,0.013402418319066333
PG,2020-06-30,102.15,103.9,102.0,103.53,103.53,7818000,Consumer Goods,101.616,102.03399999999999,101.941,100.8058,101.86160444884389,101.44267772342518,0.41892672541871434,0.4459125162550492,101.88,6866900.0,101.94,5340400.0,102.29,8165200.0,50.88145896656537,1.5597410241318554,1.2122397106266503,0.016195524146054296,0.013814052576341893
PG,2020-07-01,103.6,104.24,102.95,103.89,103.89,6501200,Consumer Goods,102.232,102.21199999999999,102.00399999999999,100.8248,102.1736653028679,101.62396085502331,0.54970444784459,0.4666709025729574,103.53,7818000.0,100.81,6547800.0,102.11,6320800.0,61.30617977528089,3.0552524551135773,1.7432180981294731,0.003477252970153666,0.013784761675480362
PG,2020-07-02,104.77,106.13,104.37,104.67,104.67,6150900,Consumer Goods,102.75,102.351,102.213,100.8642,102.55771679473438,101.84959338428084,0.7081234104535383,0.5149614041490735,103.89,6501200.0,102.08,5489300.0,103.28,6274400.0,65.76763485477179,2.537225705329149,1.34585592563905,0.007507941091539072,0.013532003700377205
PG,2020-07-06,105.44,105.99,104.67,105.32,105.32,6023300,Consumer Goods,103.85799999999999,102.58599999999998,102.356,100.90279999999998,102.98268344169831,102.10666054100076,0.8760229006975493,0.5871737034587687,104.67,6150900.0,99.78,23201700.0,102.97,17506200.0,65.09167842031026,5.552214872719974,2.2822181217830417,0.006209993312314754,0.01351106783160208
PG,2020-07-07,105.03,106.72,104.68,105.83,105.83,6866300,Consumer Goods,104.648,102.973,102.4935,100.9624,103.4207321429755,102.38246346388961,1.0382686790858884,0.6773926985841927,105.32,6023300.0,101.88,6866900.0,101.96,5695600.0,63.16964285714283,3.8771103258735895,3.795606120047079,0.004842385112039604,0.012824049150699266
PG,2020-07-08,105.77,106.71,105.64,106.41,106.41,6494100,Consumer Goods,105.224,103.42,102.6905,101.05660000000002,103.88061950559465,102.68079950360149,1.1998200019931602,0.7818781592659863,105.83,6866300.0,103.53,7818000.0,101.94,5340400.0,65.53468208092485,2.781802376122866,4.384932313125356,0.005480487574411885,0.012752624132359405
PG,2020-07-09,106.35,107.35,105.47,106.05,106.05,5341000,Consumer Goods,105.65599999999999,103.944,102.83099999999999,101.1534,104.21437035088778,102.93036991074212,1.284000440145661,0.8823026154419212,106.41,6494100.0,103.89,6501200.0,100.81,6547800.0,60.629316960859555,2.079122148426227,5.197897034024401,-0.00338314068226675,0.011920685434483167
PG,2020-07-10,106.13,107.8,106.04,107.27,107.27,6752600,Consumer Goods,106.176,104.463,103.16099999999999,101.27120000000001,104.68446721998195,103.25182399142788,1.4326432285540704,0.9923707380643512,106.05,5341000.0,104.67,6150900.0,102.08,5489300.0,65.42324246771881,2.483997324925946,5.084247648902829,0.011504007543611472,0.011849491128786522
PG,2020-07-13,107.37,108.75,106.8,107.41,107.41,7681500,Consumer Goods,106.59400000000001,105.226,103.526,101.37819999999999,105.10377995536935,103.5598370290999,1.5439429262694517,1.1026851757053713,107.27,6752600.0,105.32,6023300.0,99.78,23201700.0,70.84927314460602,1.9844284086593333,7.64682301062336,0.0013051179267269397,0.0071560973727483514
PG,2020-07-14,107.36,108.81,106.94,108.31,108.31,6272100,Consumer Goods,107.09,105.869,103.8895,101.52140000000001,105.59704457762022,103.91170095287028,1.6853436247499474,1.2192168655142865,107.41,7681500.0,105.83,6866300.0,101.88,6866900.0,72.83154121863802,2.3433808938864154,6.311346682371433,0.00837910809049447,0.005375352982600494
PG,2020-07-15,109.08,109.88,107.59,107.8,107.8,8145000,Consumer Goods,107.36800000000001,106.296,104.165,101.67259999999999,105.93596079644789,104.19972310450952,1.7362376919383706,1.3226210307991033,108.31,6272100.0,106.41,6494100.0,103.53,7818000.0,76.2190547636909,1.3062682078752053,4.1244083840432655,-0.004708706490628822,0.005092784968695015
PG,2020-07-16,108.3,108.69,107.29,108.03,108.03,3959300,Consumer Goods,107.76400000000001,106.71,104.46099999999998,101.8242,106.25812067391745,104.4834473189903,1.7746733549271454,1.4130314956247119,107.8,8145000.0,106.05,5341000.0,103.89,6501200.0,74.206672091131,1.8670438472418782,3.9849841178169143,0.0021335807050093525,0.005127517945993912
PG,2020-07-17,108.31,109.16,108.09,108.78,108.78,4868600,Consumer Goods,108.066,107.12100000000001,104.73599999999999,102.0412,106.64610210869938,104.80171048054657,1.844391628152806,1.4993035221303308,108.03,3959300.0,107.27,6752600.0,104.67,6150900.0,91.89944134078209,1.4076629066840818,3.926626540556022,0.006942515967786722,0.005086597607884048
PG,2020-07-20,108.64,108.96,108.05,108.44,108.44,4242100,Consumer Goods,108.272,107.43299999999999,105.0095,102.2674,106.92208639966871,105.07121340791349,1.8508729917552245,1.5696174160553096,108.78,4868600.0,107.41,7681500.0,105.32,6023300.0,86.52561247216029,0.9589423703565858,2.9624003038359437,-0.003125574554145971,0.005453016252236402
PG,2020-07-21,108.66,109.66,108.17,108.3,108.3,5162300,Consumer Goods,108.27000000000001,107.67999999999999,105.32649999999998,102.4254,107.13407310741198,105.31038278510509,1.8236903223068879,1.6204319973056254,108.44,4242100.0,108.31,6272100.0,105.83,6866300.0,81.9277108433734,-0.009232757824761961,2.333931777378817,-0.0012910365178900873,0.0055587980525339835
PG,2020-07-22,108.67,109.45,107.55,109.22,109.22,5929200,Consumer Goods,108.554,107.96100000000001,105.6905,102.61280000000001,107.4549849370409,105.59998406028248,1.8550008767584245,1.6673457731961854,108.3,5162300.0,107.8,8145000.0,106.41,6494100.0,83.18804483188038,1.3172541743970312,2.6407292547692807,0.008494921514312193,0.005824397863027813
PG,2020-07-23,109.89,110.82,109.44,109.93,109.93,6664800,Consumer Goods,108.93400000000001,108.349,106.14649999999999,102.8276,107.83575648518845,105.92072598174305,1.9150305034454078,1.7168827192460299,109.22,5929200.0,108.03,3959300.0,106.05,5341000.0,83.04020100502507,1.7587707118393192,3.6586515794436725,0.006500640908258637,0.005522326902658549
PG,2020-07-24,110.65,111.33,109.2,109.76,109.76,6014200,Consumer Goods,109.13,108.598,106.5305,103.05,108.13179394900561,106.20511664976208,1.9266772992435364,1.7588416352455314,109.93,6664800.0,108.78,4868600.0,107.27,6752600.0,79.67914438502669,0.9009009009009139,2.3212454553929396,-0.0015464386427727073,0.004964285600048773
PG,2020-07-27,109.54,110.35,109.39,110.07,110.07,6464600,Consumer Goods,109.45599999999999,108.864,107.045,103.28040000000001,108.42997949531244,106.49140430533525,1.9385751899771861,1.7947883461918626,109.76,6014200.0,108.44,4242100.0,107.41,7681500.0,79.12087912087902,1.5031353744005882,2.4764919467461066,0.002824344023323544,0.0049534046991857265
PG,2020-07-28,110.11,111.93,110.04,111.43,111.43,7644400,Consumer Goods,110.08200000000002,109.176,107.5225,103.52420000000001,108.89152111141823,106.85722620864375,2.0342949027744766,1.8426896575083855,110.07,6464600.0,108.3,5162300.0,108.31,6272100.0,81.14143920595528,2.8901200369344515,2.8806204413258207,0.01235577359861928,0.005598932461257663
PG,2020-07-29,111.15,112.61,110.98,111.8,111.8,6702000,Consumer Goods,110.598,109.576,107.93599999999999,103.74780000000001,109.33897940196927,107.22335760059606,2.1156218013732087,1.8972760862813502,111.43,7644400.0,109.22,5929200.0,107.8,8145000.0,85.62577447335802,2.3622047244094446,3.710575139146566,0.003320470250381291,0.004928876738344699
PG,2020-07-30,113.85,115.04,112.97,114.51,114.51,10400700,Consumer Goods,111.51400000000001,110.224,108.46700000000001,104.0908,110.13452103243554,107.7631088894408,2.3714121429947426,1.9921032976240287,111.8,6702000.0,109.93,6664800.0,108.03,3959300.0,87.86610878661081,4.166287637587551,5.998333796167743,0.02423971377459755,0.00810301947306714
PG,2020-07-31,113.85,114.33,112.64,114.25,114.25,8487000,Consumer Goods,112.412,110.771,108.946,104.414,110.76767164283008,108.24361934207481,2.5240523007552724,2.0984930982502776,114.51,10400700.0,109.76,6014200.0,108.78,4868600.0,85.33057851239658,4.090743440233235,5.028497885640748,-0.00227054405728766,0.008482587973865405
PG,2020-08-03,113.68,114.95,113.68,114.4,114.4,7769400,Consumer Goods,113.27799999999999,111.367,109.4,104.76899999999999,111.326491390087,108.69964753895815,2.6268438511288537,2.204163248825993,114.25,8487000.0,110.07,6464600.0,108.44,4242100.0,84.09854423292262,3.933860270736811,5.49612689044634,0.0013129102844640084,0.00812150899858046
PG,2020-08-04,113.95,116.7,113.89,116.58,116.58,7773700,Consumer Goods,114.30799999999999,112.19500000000001,109.9375,105.1506,112.13472348391977,109.28337735088718,2.8513461330325924,2.333599825667313,114.4,7769400.0,111.43,7644400.0,108.3,5162300.0,91.41509433962256,4.621735618774103,7.6454293628808845,0.019055944055943908,0.00878247081833214
PG,2020-08-05,116.4,117.33,115.99,116.27,116.27,5680000,Consumer Goods,115.202,112.9,110.43050000000001,105.5358,112.77091987100903,109.80090495452517,2.970014916483862,2.460882843830623,116.58,7773700.0,111.8,6702000.0,109.22,5929200.0,88.57677902621712,3.9982110912343494,6.454861746932794,-0.0026591182020929693,0.009323648379032016
PG,2020-08-06,115.76,116.21,115.12,115.64,115.64,3974100,Consumer Goods,115.428,113.471,110.91,105.87620000000001,113.21231681393071,110.23343051344922,2.9788863004814914,2.5644835351607966,116.27,5680000.0,114.51,10400700.0,109.93,6664800.0,82.48106060606055,0.9868133787442002,5.19421450013644,-0.005418422636965681,0.010031989072826037
PG,2020-08-07,115.79,116.45,115.41,116.37,116.37,4934900,Consumer Goods,115.852,114.13199999999999,111.36499999999998,106.19380000000001,113.69811422717214,110.68799121615669,3.0101230110154518,2.653611430331728,115.64,3974100.0,114.25,8487000.0,109.76,6014200.0,86.21004566210043,1.8555798687089675,6.022230320699706,0.006312694569353239,0.009755618106831713
PG,2020-08-10,116.5,117.14,116.05,116.85,116.85,5812700,Consumer Goods,116.34200000000001,114.80999999999999,111.83699999999999,106.5234,114.18301973068412,111.14443631125619,3.038583419427937,2.7306058281509697,116.37,4934900.0,114.4,7769400.0,110.07,6464600.0,87.86536758193088,2.141608391608374,6.159716544017435,0.004124774426398359,0.009718551736084638
PG,2020-08-11,117.0,117.41,115.71,116.09,116.09,5329900,Consumer Goods,116.244,115.276,112.226,106.81459999999998,114.47640131057886,111.51077436227425,2.9656269483046174,2.7776100521816995,116.85,5812700.0,116.58,7773700.0,111.43,7644400.0,80.86253369272241,-0.42031223194372025,4.18199766669658,-0.006504065040650375,0.010175406730891462
PG,2020-08-12,116.56,118.48,116.5,118.03,118.03,5920400,Consumer Goods,116.596,115.899,112.7375,107.1306,115.02310880125904,111.99367996506875,3.0294288361902915,2.827973808983418,116.09,5329900.0,116.27,5680000.0,111.8,6702000.0,82.76699029126215,1.5137180700094621,5.572450805008944,0.016711172366267624,0.010908587388676956
PG,2020-08-13,117.7,118.39,117.57,118.31,118.31,4989500,Consumer Goods,117.13000000000002,116.279,113.25150000000001,107.4442,115.52878437029611,112.4615555232118,3.0672288470843085,2.8758248166035965,118.03,5920400.0,115.64,3974100.0,114.51,10400700.0,84.28227746591824,2.308889657557933,3.3184874683433785,0.0023722782343471582,0.008700878537051395
PG,2020-08-14,118.16,118.19,117.24,117.72,117.72,5845200,Consumer Goods,117.4,116.626,113.6985,107.78880000000001,115.86589446717363,112.85106992889982,3.014824538273814,2.90362476093764,118.31,4989500.0,116.37,4934900.0,114.25,8487000.0,80.00000000000003,1.1600928074245953,3.0371991247264862,-0.004986898825120489,0.00893353170548442
PG,2020-08-17,117.58,118.24,117.34,118.07,118.07,5603800,Consumer Goods,117.644,116.99299999999998,114.17999999999999,108.101,116.20498762607,113.23765734157391,2.967330284496086,2.9163658656493294,117.72,5845200.0,116.85,5812700.0,114.4,7769400.0,78.27938671209539,1.0440735986307237,3.2080419580419406,0.002973156642881447,0.008913435728918619
PG,2020-08-18,118.34,119.83,118.0,118.95,118.95,8670700,Consumer Goods,118.21599999999998,117.22999999999999,114.7125,108.4184,116.62729722205923,113.66079383479067,2.9665033872685598,2.9263933699731757,118.07,5603800.0,116.09,5329900.0,116.58,7773700.0,79.18367346938777,2.4636058230683044,2.032938754503344,0.0074532057254173,0.0072127786127527795
PG,2020-08-19,118.1,118.78,118.07,118.3,118.3,6827700,Consumer Goods,118.27000000000001,117.43299999999999,115.1665,108.735,116.88463611097319,114.00443873591728,2.880197375055914,2.9171541709897237,118.95,8670700.0,118.03,5920400.0,116.27,5680000.0,68.59666339548573,0.22875540116920057,1.7459361830222786,-0.005464480874316946,0.0074658793163455
PG,2020-08-20,117.84,119.36,117.8,119.24,119.24,4352200,Consumer Goods,118.45599999999999,117.79299999999998,115.63199999999999,109.055,117.24699978620808,114.39225808881228,2.854741697395795,2.904671676270938,118.3,6827700.0,118.31,4989500.0,115.64,3974100.0,72.95308187672492,0.7860704927732165,3.1131096506399114,0.007945900253592653,0.007231108280381165
PG,2020-08-21,119.03,120.33,118.43,119.76,119.76,5706600,Consumer Goods,118.86399999999999,118.13199999999999,116.13199999999999,109.4368,117.63361520371453,114.78986860075211,2.843746602962412,2.8924866616092326,119.24,4352200.0,117.72,5845200.0,116.37,4934900.0,73.84341637010677,1.7329255861366022,2.91312193864397,0.004360952700436238,0.007160568756691257
PG,2020-08-24,119.8,120.93,119.55,120.69,120.69,7420500,Consumer Goods,119.388,118.51599999999999,116.66300000000001,109.84839999999998,118.10382824929691,115.22691537106677,2.8769128782301436,2.889371904933415,119.76,5706600.0,118.07,5603800.0,116.85,5812700.0,70.57057057057058,2.219022613703747,3.2862644415917908,0.007765531062124076,0.007320607980385174
PG,2020-08-25,121.12,121.25,120.07,121.17,121.17,4718300,Consumer Goods,119.832,119.024,117.15,110.25099999999999,118.57554698017431,115.66714386209887,2.908403118075441,2.8931781475618203,120.69,7420500.0,118.95,8670700.0,116.09,5329900.0,74.11417322834649,1.8663303909205453,4.375915238177264,0.003977131493910102,0.006467503340176417
PG,2020-08-26,120.74,121.4,120.46,120.59,120.59,4746200,Consumer Goods,120.29,119.28,117.5895,110.61699999999999,118.88546282937826,116.03179987231377,2.8536629570644862,2.885275109462354,121.17,4718300.0,118.3,6827700.0,118.03,5920400.0,74.48071216617213,1.9357565511411767,2.1689400999745923,-0.004786663365519472,0.0053669366973546915
PG,2020-08-27,120.98,121.72,120.4,120.43,120.43,6156100,Consumer Goods,120.52799999999999,119.492,117.88550000000001,110.9834,119.12308393255083,116.3575924743646,2.765491458186233,2.86131837920713,120.59,4746200.0,119.24,4352200.0,118.31,4989500.0,71.27882599580715,0.9979872525998079,1.7919026286873585,-0.0013268098515630822,0.00547710409144843
PG,2020-08-28,120.53,121.04,119.33,120.92,120.92,4166300,Consumer Goods,120.76000000000002,119.81200000000001,118.21900000000001,111.3362,119.39953255831225,116.69554858737463,2.703983970937614,2.8298514975532267,120.43,6156100.0,119.76,5706600.0,117.72,5845200.0,71.30890052356025,0.9686038744154857,2.718314644920161,0.004068753632815669,0.004955736650048984
PG,2020-08-31,120.41,120.88,120.09,120.53,120.53,5596800,Consumer Goods,120.728,120.05800000000002,118.5255,111.6874,119.5734506262642,116.97958202534689,2.593868600917318,2.7826549182260454,120.92,4166300.0,120.69,7420500.0,118.07,5603800.0,74.18300653594768,-0.1325710497969923,2.0835097823325155,-0.003225272907707577,0.005293442628578412
PG,2020-09-01,120.12,120.44,119.44,120.4,120.4,5671800,Consumer Goods,120.574,120.203,118.7165,112.05619999999999,119.70061206837741,117.23294631976563,2.467665748611779,2.7196570843031926,120.53,5596800.0,121.17,4718300.0,118.95,8670700.0,66.07869742198102,-0.6354708261120723,1.2189995796553221,-0.0010785696507092934,0.005010619131324526
PG,2020-09-02,120.34,123.24,119.91,122.43,122.43,8384800,Consumer Goods,120.94200000000001,120.61600000000001,119.02449999999999,112.46600000000001,120.12051790401165,117.61791325904225,2.502604644969395,2.676246596436433,120.4,5671800.0,120.59,4746200.0,118.3,6827700.0,72.58771929824563,1.5258313292976222,3.4911242603550274,0.016860465116279144,0.006462674287968638
PG,2020-09-03,122.63,123.47,119.45,120.47,120.47,7277900,Consumer Goods,120.95,120.739,119.266,112.8592,120.17428438031754,117.82917894355765,2.3451054367598942,2.6100183645011255,122.43,8384800.0,120.43,6156100.0,119.24,4352200.0,63.1077216396568,0.033214315369911596,1.03153304260315,-0.01600914808461984,0.008674679488927774
PG,2020-09-04,120.08,121.28,118.61,120.21,120.21,7437700,Consumer Goods,120.80800000000002,120.78400000000002,119.45800000000001,113.2218,120.17977909103791,118.00553605884969,2.1742430321882296,2.5228632980385464,120.47,7277900.0,120.92,4166300.0,119.76,5706600.0,60.28846153846152,-0.5871650678134333,0.37575150300599436,-0.0021582136631527193,0.008644005894721196
PG,2020-09-08,120.7,120.8,117.67,118.45,118.45,6847500,Consumer Goods,120.39200000000001,120.56000000000002,119.53800000000001,113.5952,119.91365923087824,118.03845931374971,1.8751999171285263,2.3933306218565424,120.21,7437700.0,120.53,5596800.0,120.69,7420500.0,47.783687943262414,-1.7257114411349805,-1.8559946971580032,-0.014641044838199724,0.009396434586486578
PG,2020-09-09,118.87,121.61,118.74,120.38,120.38,6002900,Consumer Goods,120.388,120.481,119.75250000000001,113.96520000000001,119.98540396458927,118.21190677199047,1.7734971925987963,2.2693639360049933,118.45,6847500.0,120.4,5671800.0,121.17,4718300.0,58.28025477707007,-0.016611295681068228,-0.6519765618552498,0.01629379485014759,0.010925320795569888
PG,2020-09-10,120.35,120.87,118.95,119.11,119.11,5242500,Consumer Goods,119.724,120.33300000000001,119.8065,114.27680000000001,119.85072643157554,118.27843219628747,1.5722942352880693,2.1299499958616086,120.38,6002900.0,122.43,8384800.0,120.59,4746200.0,49.49573312645463,-2.7117536551498844,-1.227299112695912,-0.010549925236750246,0.011315731092671585
PG,2020-09-11,119.98,120.82,119.51,120.37,120.37,4398000,Consumer Goods,119.704,120.327,119.90950000000001,114.6064,119.93061467287161,118.43336314471061,1.4972515281610015,2.003410302321487,119.11,5242500.0,120.47,7277900.0,120.43,6156100.0,52.23771093176816,-0.08300821781356271,-0.0498214730548896,0.010578456888590493,0.011908900142193668
PG,2020-09-14,120.63,121.62,120.53,120.8,120.8,4767400,Consumer Goods,119.822,120.31499999999998,120.0635,114.929,120.0643662616606,118.60866957843575,1.4556966832248435,1.8938675785021584,120.37,4398000.0,120.21,7437700.0,120.92,4166300.0,50.41888804265042,0.49080775309875424,-0.0992391663910075,0.003572318684057496,0.011891140556228603
PG,2020-09-15,120.93,121.79,120.59,120.8,120.8,4046500,Consumer Goods,120.29199999999999,120.34199999999998,120.2,115.2386,120.17754068294359,118.77099035040348,1.4065503325401068,1.7964041293097481,120.8,4767400.0,118.45,6847500.0,120.53,5596800.0,48.537549407114604,1.9839594765723945,0.22401061976271563,0.0,0.011838640892978246
PG,2020-09-16,121.61,122.14,119.9,119.98,119.98,6049900,Consumer Goods,120.21199999999999,120.3,120.25150000000001,115.52159999999999,120.14714980864457,118.86054662074396,1.2866031879006101,1.6944439410279206,120.8,4046500.0,120.38,6002900.0,120.4,5671800.0,47.63382467028704,-0.33228110981889936,-0.34883720930232176,-0.00678807947019866,0.012047640395173597
PG,2020-09-17,119.43,120.14,118.67,119.83,119.83,4648500,Consumer Goods,120.356,120.04,120.328,115.79,120.09835753039157,118.93235798217034,1.1659995482212224,1.5887550624665812,119.98,6049900.0,119.11,5242500.0,122.43,8384800.0,47.67080745341612,0.6044832507765996,-2.1236625010209953,-0.001250208368061445,0.010437682766136819
PG,2020-09-18,119.3,120.19,118.73,119.7,119.7,10192800,Consumer Goods,120.22200000000001,119.96300000000001,120.35100000000003,116.06300000000002,120.03707175648518,118.98922035386144,1.0478514026237349,1.4805743304980121,119.83,4648500.0,120.37,4398000.0,120.47,7277900.0,45.12779552715655,-0.5566170972833739,-0.639163277164434,-0.001084870232829771,0.009223499870226737
PG,2020-09-21,119.37,119.78,117.37,119.12,119.12,7092600,Consumer Goods,119.88600000000001,119.854,120.319,116.3,119.89598379394899,118.99890773505689,0.8970760588920967,1.363874676176829,119.7,10192800.0,120.8,4767400.0,120.21,7437700.0,44.45318646734855,-1.3907284768211903,-0.9067465269112285,-0.004845446950710097,0.009312567916429105
PG,2020-09-22,118.93,121.14,118.71,120.21,120.21,4722800,Consumer Goods,119.768,120.03,120.295,116.556,119.94429397949528,119.08861827320084,0.8556757062944484,1.262234882200353,119.12,7092600.0,120.8,4046500.0,118.45,6847500.0,49.30504754937815,-0.4884105960264895,1.4858590122414528,0.009150436534586914,0.008398086430742104
PG,2020-09-23,120.61,120.61,118.58,118.77,118.77,6373700,Consumer Goods,119.526,119.869,120.175,116.7652,119.76363336726524,119.06501691963041,0.6986164476348335,1.1495111952872492,120.21,4722800.0,119.98,6049900.0,120.38,6002900.0,36.009174311926536,-1.0085014169028184,-1.3374314670210996,-0.011979036685799804,0.007587093627787414
PG,2020-09-24,119.09,119.51,118.25,119.31,119.31,5708200,Consumer Goods,119.422,119.88899999999998,120.11100000000002,116.9954,119.69384361845519,119.0831638144726,0.6106798039825918,1.0417449170263178,118.77,6373700.0,119.83,4648500.0,119.11,5242500.0,45.02572898799314,-0.4339480931319306,0.16791201410462087,0.0045466026774438895,0.007027722036361515
PG,2020-09-25,118.41,120.24,118.41,119.92,119.92,4969900,Consumer Goods,119.46600000000001,119.84400000000001,120.0855,117.2332,119.72863690792362,119.14515168006722,0.5834852278564,0.9500929791923343,119.31,5708200.0,119.7,10192800.0,120.37,4398000.0,48.79267277268946,0.18379281537175274,-0.3738473041455581,0.00511273153968661,0.0063054290215158034
PG,2020-09-28,120.73,121.94,120.05,120.25,120.25,5810800,Consumer Goods,119.69200000000001,119.78900000000002,120.05199999999999,117.46260000000001,119.8088466143969,119.22699229635853,0.5818543180383671,0.8764452469615409,119.92,4969900.0,119.12,7092600.0,120.8,4767400.0,58.50661625708886,0.948623237071855,-0.4552980132450313,0.002751834556370847,0.0062537511740648885
PG,2020-09-29,120.59,120.61,119.08,119.6,119.6,4492100,Consumer Goods,119.57000000000001,119.66900000000001,120.00550000000001,117.6858,119.77671636602815,119.25462249662827,0.5220938693998818,0.8055749714492091,120.25,5810800.0,120.21,4722800.0,120.8,4046500.0,45.80645161290322,-0.5074453040512461,-0.9933774834437137,-0.005405405405405461,0.006442390339589497
PG,2020-09-30,120.39,121.86,120.08,121.11,121.11,8727800,Consumer Goods,120.03800000000001,119.78200000000001,120.04100000000001,117.94200000000001,119.98183692510074,119.3920578672484,0.5897790578523399,0.7624157887298353,119.6,4492100.0,118.77,6373700.0,119.98,6049900.0,60.48218029350106,1.9701944935589744,0.941823637272865,0.012625418060200788,0.007357471905132412
PG,2020-10-01,121.62,121.98,120.43,121.33,121.33,5713400,Consumer Goods,120.44199999999998,119.93199999999999,119.98600000000002,118.1842,120.18924662893139,119.53560913634111,0.6536374925902777,0.7406601295019238,121.11,8727800.0,119.31,5708200.0,119.83,4648500.0,55.64705882352938,1.6930684770765092,1.251773345572893,0.0018165304268846771,0.007318820050176615
PG,2020-10-02,120.19,121.22,119.33,120.35,120.35,6077900,Consumer Goods,120.52799999999999,119.99699999999999,119.97999999999999,118.39259999999999,120.2139779167881,119.59593438550102,0.6180435312870713,0.7161368098589533,121.33,5713400.0,119.92,4969900.0,119.7,10192800.0,47.51381215469611,0.3585723815877184,0.5430242272347563,-0.008077144976510353,0.007881095431282022
PG,2020-10-05,120.87,121.68,120.51,121.46,121.46,6333900,Consumer Goods,120.77000000000001,120.231,120.04249999999999,118.6266,120.40567362189762,119.73401331990836,0.6716603019892631,0.7072415082850153,120.35,6077900.0,120.25,5810800.0,119.12,7092600.0,53.24803149606297,1.0062370062370096,1.9644056413700373,0.009223099293726555,0.008060682639117083
PG,2020-10-06,121.48,122.66,120.95,121.65,121.65,6042900,Consumer Goods,121.17999999999999,120.375,120.20250000000001,118.8582,120.59710844929799,119.8759382591744,0.721170190123587,0.7100272446527296,121.46,6333900.0,119.6,4492100.0,120.21,4722800.0,58.76180482686254,1.7140468227424766,1.1979036685799915,0.0015643010044459338,0.007657393950567509
PG,2020-10-07,122.06,123.2,121.44,122.6,122.6,4640900,Consumer Goods,121.478,120.758,120.3135,119.0816,120.90524561094445,120.07772061034666,0.8275250005977881,0.7335267958417413,121.65,6042900.0,121.11,8727800.0,118.77,6373700.0,63.40755082284606,1.2302865163900556,3.2247200471499537,0.0078092889436909285,0.006305649154325292
PG,2020-10-08,122.48,123.67,122.3,123.43,123.43,4569800,Consumer Goods,121.898,121.17,120.52949999999998,119.3142,121.29366936310684,120.32603760217285,0.9676317609339975,0.7803477888601925,122.6,4640900.0,121.33,5713400.0,119.31,5708200.0,66.90843155031732,1.7308167806807884,3.4531891710669615,0.006769983686786496,0.006397070199037271
PG,2020-10-09,123.59,125.16,123.47,124.53,124.53,6551700,Consumer Goods,122.73400000000001,121.631,120.7375,119.51459999999999,121.79156638416733,120.63744222423412,1.154124159933204,0.8551030630747949,123.43,4569800.0,120.35,6077900.0,119.92,4969900.0,73.41991341991339,3.4732031574574274,3.8442294863242132,0.008911933889653945,0.006617840218376145
PG,2020-10-12,124.89,126.63,124.89,125.9,125.9,5791500,Consumer Goods,123.622,122.196,120.99250000000002,119.7476,122.42363309429543,121.0272613187353,1.3963717755601266,0.9633568055718613,124.53,6551700.0,121.46,6333900.0,120.25,5810800.0,74.04902789518174,3.655524452494663,4.698544698544693,0.011001365132899732,0.006977221508553292
PG,2020-10-13,125.32,126.21,125.0,125.66,125.66,4509400,Consumer Goods,124.424,122.80199999999999,121.2355,119.9728,122.92153569517305,121.37042714697714,1.5511085481959128,1.0809071540966717,125.9,5791500.0,121.65,6042900.0,119.6,4492100.0,82.4082784571965,3.2963419646526937,5.066889632107019,-0.001906274821286802,0.0064890176078668555
PG,2020-10-14,125.63,126.43,124.67,125.51,125.51,3860700,Consumer Goods,125.006,123.24199999999999,121.51199999999999,120.15140000000001,123.31976097283874,121.67706217312698,1.6426987997117521,1.1932654832196878,125.66,4509400.0,122.6,4640900.0,121.11,8727800.0,80.27343749999994,2.3735725938009766,3.63306085376931,-0.0011936972783701538,0.006140588988978127
PG,2020-10-15,124.66,125.81,124.51,125.33,125.33,4997100,Consumer Goods,125.38600000000001,123.64200000000001,121.787,120.3326,123.62902851547892,121.94765016030277,1.6813783551761503,1.2908880576109805,125.51,3860700.0,123.43,4569800.0,121.33,5713400.0,77.57390417940866,1.5393340354856955,3.296793867963399,-0.0014341486734125164,0.006328193399977528
PG,2020-10-16,125.84,127.1,125.4,125.81,125.81,6806100,Consumer Goods,125.64200000000001,124.18800000000002,122.0925,120.53599999999999,123.96456259002062,122.23375014842848,1.7308124415921355,1.3788729344072115,125.33,4997100.0,124.53,6551700.0,120.35,6077900.0,77.9116465863453,1.0278647715409983,4.5367677606979795,0.0038298890927950247,0.004920104326783278
PG,2020-10-19,125.88,126.69,122.97,123.65,123.65,6427600,Consumer Goods,125.19200000000001,124.40700000000001,122.319,120.6816,123.91616834540207,122.33865754484118,1.577510800560887,1.4186005076379467,125.81,6806100.0,125.9,5791500.0,121.46,6333900.0,67.65475152571928,-1.787132644956313,1.8030627367034535,-0.017168746522533973,0.008118575382467375
PG,2020-10-20,126.88,126.95,123.64,124.15,124.15,7582100,Consumer Goods,124.89000000000001,124.657,122.51599999999999,120.8276,123.95214244610943,122.47283106003813,1.479311386071302,1.430742683324618,123.65,6427600.0,125.66,4509400.0,121.65,6042900.0,64.53154875717017,-1.2016552602259978,2.055076037813408,0.004043671653861658,0.008147760348413866
PG,2020-10-21,124.16,125.77,124.14,124.82,124.82,5649700,Consumer Goods,124.752,124.87899999999999,122.8185,121.00219999999999,124.08565899286182,122.64669542596124,1.4389635669005827,1.432386860039811,124.15,7582100.0,125.51,3860700.0,122.6,4640900.0,65.99450045829511,-0.5497569914747924,1.8107667210440548,0.005396697543294193,0.007993064231199522
PG,2020-10-22,123.97,125.08,123.61,123.94,123.94,4502900,Consumer Goods,124.474,124.92999999999999,123.05,121.1204,124.06324991703693,122.74249576477894,1.3207541522579902,1.410060318483447,124.82,5649700.0,125.33,4997100.0,123.43,4569800.0,66.6049953746531,-1.109072049788562,0.41318966215668773,-0.007050152219195582,0.008234206377311131
PG,2020-10-23,124.21,125.19,124.21,124.75,124.75,4278100,Consumer Goods,124.26200000000001,124.952,123.2915,121.2492,124.16890377595432,122.89119978220273,1.2777039937515866,1.383589053537075,123.94,4502900.0,125.81,6806100.0,124.53,6551700.0,65.65176022835396,-0.842540338605835,0.17666425760860527,0.006535420364692568,0.00799339734901684
PG,2020-10-26,123.98,124.46,122.68,123.81,123.81,5315500,Consumer Goods,124.29400000000001,124.74299999999998,123.4695,121.37099999999998,124.11368781042287,122.95925905759513,1.1544287528277408,1.3377569933952083,124.75,4278100.0,123.65,6427600.0,125.9,5791500.0,59.59147424511544,0.1293974929235775,-1.6600476568705336,-0.007535070140280542,0.007333725536311776
PG,2020-10-27,124.37,125.59,124.11,124.73,124.73,6806700,Consumer Goods,124.41000000000001,124.65,123.726,121.5042,124.20850507035782,123.09042505332883,1.118080017028987,1.293821598121964,123.81,5315500.0,124.15,7582100.0,125.66,4509400.0,59.483526268922574,0.4671768022553424,-0.7400923125895242,0.007430740650997469,0.007871856442197058
PG,2020-10-28,123.06,123.49,120.31,120.62,120.62,8192200,Consumer Goods,123.57000000000001,124.16100000000002,123.70149999999998,121.5376,123.65642736722583,122.9074306049341,0.7489967622917248,1.1848566309559163,124.73,6806700.0,124.82,5649700.0,125.51,3860700.0,40.31702274293589,-3.3648453773433618,-3.8961038961038974,-0.032951174536999916,0.012891911423720082
PG,2020-10-29,120.34,121.87,118.99,120.54,120.54,5476900,Consumer Goods,122.89000000000001,123.68199999999999,123.66199999999999,121.58239999999999,123.17697700303724,122.732065374939,0.4449116280982395,1.036867630384381,120.62,8192200.0,123.94,4502900.0,125.33,4997100.0,35.21126760563382,-2.743262869130214,-3.8219101571850267,-0.0006632399270436462,0.01291052201864515
PG,2020-10-30,120.2,120.91,118.0,120.13,120.13,6422000,Consumer Goods,121.96600000000001,123.11399999999999,123.651,121.6002,122.70821131026227,122.53931979161018,0.16889151865208873,0.8632724080379226,120.54,5476900.0,124.75,4278100.0,125.81,6806100.0,26.97525937749397,-3.7034068136272635,-4.514744455925612,-0.003401360544217802,0.012634423721094941
PG,2020-11-02,121.36,122.67,120.42,121.35,121.35,6682800,Consumer Goods,121.474,122.88399999999999,123.6455,121.632,122.49925572406806,122.45122202926868,0.04803369479938624,0.7002246653902154,120.13,6422000.0,123.81,5315500.0,123.65,6427600.0,34.048852701702415,-1.9869154349406393,-1.860088960776396,0.010155664696578803,0.01255331699969369
PG,2020-11-03,122.07,125.0,122.07,123.74,123.74,6244200,Consumer Goods,121.276,122.843,123.75,121.69300000000001,122.69013945882682,122.54668706413767,0.14345239468914883,0.588870211250002,121.35,6682800.0,124.73,6806700.0,124.15,7582100.0,44.38095238095235,-0.7937144231540239,-0.33024567055981446,0.019695096827358816,0.014227466980890559
PG,2020-11-04,123.07,125.29,122.9,123.23,123.23,5820600,Consumer Goods,121.798,122.68400000000001,123.78150000000001,121.7342,122.77319492669963,122.5973028371645,0.17589208953512525,0.5062745869070268,123.74,6244200.0,120.62,8192200.0,124.82,5649700.0,43.47014925373136,2.1638202619797653,-1.2738343214228398,-0.004121545175367669,0.014126593199246843
PG,2020-11-05,124.8,125.76,124.23,124.75,124.75,5673100,Consumer Goods,122.64000000000001,122.76500000000001,123.84750000000001,121.81739999999999,123.07731878413045,122.75676188626343,0.32055689786702146,0.4691310490990257,123.23,5820600.0,120.54,5476900.0,123.94,4502900.0,46.90420560747663,3.492616558818651,0.6535420364692568,0.01233465876815698,0.014556653417120527
PG,2020-11-06,125.01,126.23,124.75,125.5,125.5,4702300,Consumer Goods,123.71399999999998,122.84,123.896,121.91879999999999,123.45003897118731,122.95996470950317,0.4900742616841427,0.47331969161604914,124.75,5673100.0,120.13,6422000.0,124.75,4278100.0,55.88796944621259,4.470157329559643,0.6012024048096087,0.006012024048096087,0.014534455858786585
PG,2020-11-09,128.05,128.73,120.56,120.91,120.91,12664700,Consumer Goods,123.626,122.55,123.64649999999999,121.91859999999998,123.0592637448508,122.80811547176219,0.251148273088603,0.42888540791055996,125.5,4702300.0,121.35,6682800.0,123.81,5315500.0,41.818181818181785,-0.36258755665430353,-2.3422986834666037,-0.036573705179282934,0.018673169749903296
PG,2020-11-10,121.0,123.21,120.17,122.89,122.89,7854000,Consumer Goods,123.45599999999999,122.36600000000001,123.508,121.9658,123.0332231687199,122.8141809923724,0.21904217634750012,0.386916761597948,120.91,12664700.0,123.74,6244200.0,124.73,6806700.0,45.428706774040755,-0.6869241958946115,-1.4751864026296801,0.016375816723182668,0.019386828237854044
PG,2020-11-11,124.29,125.29,123.24,124.48,124.48,5554300,Consumer Goods,123.70599999999999,122.752,123.4565,122.04740000000001,123.25580421968607,122.9375749929374,0.31822922674867016,0.3731792546280925,122.89,7854000.0,123.23,5820600.0,120.62,8192200.0,51.23739688359304,1.0143633855392409,3.2001326479853986,0.012938400195296573,0.016242113487197427
PG,2020-11-12,124.67,124.9,123.6,124.55,124.55,5631700,Consumer Goods,123.66600000000001,123.15299999999999,123.41749999999999,122.0898,123.4549112628113,123.05701388234944,0.3978973804618562,0.37812287979484527,124.48,5554300.0,124.75,5673100.0,120.54,5476900.0,49.52561669829221,-0.16032064128256307,3.326696532271445,0.0005623393316194214,0.016213692432769867
PG,2020-11-13,124.6,126.59,124.31,126.42,126.42,6466800,Consumer Goods,123.85,123.78200000000001,123.44800000000001,122.2088,123.91107876084033,123.30612396513837,0.604954795701957,0.42348926297626766,124.55,5631700.0,125.5,4702300.0,120.13,6422000.0,55.92912312585189,0.7330677290836585,5.235994339465577,0.015014050582095484,0.016400381449973387
PG,2020-11-16,126.85,126.85,123.77,124.8,124.8,7976600,Consumer Goods,124.628,124.127,123.50550000000001,122.30059999999999,124.0478358745572,123.41678144920219,0.6310544253550034,0.4650022954520148,126.42,6466800.0,120.91,12664700.0,121.35,6682800.0,50.15411712901803,3.2172690430898987,2.8430160692212603,-0.012814428096820207,0.017223226018519514
PG,2020-11-17,124.32,125.71,124.2,124.31,124.31,6396800,Consumer Goods,124.91199999999999,124.184,123.5135,122.4178,124.088168816933,123.48294578629833,0.6052230306346758,0.493046442488547,124.8,7976600.0,122.89,7854000.0,123.74,6244200.0,59.66474594028286,1.1555049231019687,0.46064328430581725,-0.003926282051281982,0.016263382574343392
PG,2020-11-18,124.41,124.51,122.37,122.4,122.4,6097100,Consumer Goods,124.49600000000001,124.101,123.3925,122.45819999999999,123.82845053740485,123.40272757990586,0.4257229574989907,0.47958174549063576,124.31,6396800.0,124.48,5554300.0,123.23,5820600.0,54.445506692160606,-1.6709511568123392,-0.6735372879980495,-0.01536481377202148,0.016996643308927823
PG,2020-11-19,122.55,122.77,121.31,122.25,122.25,5284100,Consumer Goods,124.03600000000002,123.851,123.30799999999999,122.521,123.58561199318872,123.31734035176468,0.26827164142403603,0.43731972467731584,122.4,6097100.0,124.55,5631700.0,124.75,5673100.0,55.13068731848985,-1.8466479325571994,-2.004008016032066,-0.001225490196078427,0.0163848999160033
PG,2020-11-20,122.25,122.97,121.47,122.05,122.05,4726900,Consumer Goods,123.16199999999999,123.506,123.173,122.55460000000001,123.3493639942366,123.22346328867101,0.1259007055655843,0.3750359208549695,122.25,5284100.0,126.42,6466800.0,125.5,4702300.0,51.78207739307536,-3.456731529821233,-2.749003984063747,-0.0016359918200409274,0.01615137308913532
PG,2020-11-23,122.07,122.62,120.79,121.58,121.58,4770600,Consumer Goods,122.518,123.57300000000001,123.0615,122.5702,123.07715414896944,123.10172526728797,-0.024571118318533536,0.2951145130202689,122.05,4726900.0,124.8,7976600.0,120.91,12664700.0,43.905191873589175,-2.580128205128207,0.5541311719460706,-0.003850880786562927,0.01101680564284384
PG,2020-11-24,121.64,122.53,120.98,121.19,121.19,7101800,Consumer Goods,121.894,123.40299999999999,122.8845,122.57799999999999,122.78682274143569,122.9601159882296,-0.1732932467939179,0.20143296105743158,121.58,4770600.0,124.31,6396800.0,122.89,7854000.0,44.20454545454544,-2.509854396267397,-1.383350964276997,-0.0032077644349399748,0.009544549897969318
PG,2020-11-25,121.05,122.13,120.95,121.51,121.51,8411300,Consumer Goods,121.71600000000001,123.106,122.929,122.60860000000001,122.5903884735225,122.85269998910148,-0.26231151557898613,0.10868406573014805,121.19,7101800.0,122.4,6097100.0,124.48,5554300.0,40.12195121951222,-0.7271241830065334,-2.385925449871462,0.0026404818879446346,0.008306786910348862
PG,2020-11-27,121.43,121.69,120.5,121.45,121.45,4252200,Consumer Goods,121.556,122.796,122.9745,122.64099999999999,122.41494409298058,122.74879628620508,-0.33385219322450155,0.020176813939218136,121.51,8411300.0,122.25,5284100.0,124.55,5631700.0,37.110120942075135,-0.6543967280163598,-2.4889602569249214,-0.0004937865196280589,0.008271849349277476
PG,2020-11-30,120.91,121.97,119.81,121.68,121.68,11640400,Consumer Goods,121.482,122.322,123.05199999999999,122.6806,122.30187577098356,122.66962619093063,-0.3677504199470718,-0.05740863283803985,121.45,4252200.0,122.05,4726900.0,126.42,6466800.0,53.39207048458153,-0.3031544448996226,-3.7494067394399533,0.0018937834499794803,0.0058832638817352375
PG,2020-12-01,121.93,122.26,121.05,122.11,122.11,7169700,Consumer Goods,121.58800000000001,122.053,123.09,122.7404,122.27235642160147,122.62817239900984,-0.3558159774083691,-0.11709010175210571,121.68,11640400.0,121.58,4770600.0,124.8,7976600.0,46.0204081632653,0.43592696167131795,-2.155448717948716,0.0035338593030900256,0.005346500330140342
PG,2020-12-02,122.11,122.61,120.47,121.23,121.23,6963000,Consumer Goods,121.596,121.745,122.9645,122.7608,122.11199389520124,122.52460407315726,-0.41261017795602584,-0.17619411699288975,122.11,7169700.0,121.19,7101800.0,124.31,6396800.0,32.12321232123213,0.03300602359930238,-2.4776767758024287,-0.007206616984685943,0.005562912147113118
PG,2020-12-03,120.99,121.22,118.76,120.34,120.34,8742500,Consumer Goods,121.36200000000001,121.53899999999999,122.81999999999998,122.79220000000001,121.83937944978567,122.36278154921969,-0.5234020994340227,-0.24563571348111635,121.23,6963000.0,121.51,8411300.0,122.4,6097100.0,28.758829465186736,-0.9628837132746315,-1.6830065359477175,-0.0073414171409716955,0.0037988227071637545
PG,2020-12-04,120.22,120.79,119.05,120.45,120.45,6617200,Consumer Goods,121.16199999999999,121.359,122.60499999999999,122.815,121.62562876520326,122.22109402705526,-0.5954652618519987,-0.31560162315529283,120.34,8742500.0,121.45,4252200.0,122.25,5284100.0,13.374233128834376,-0.8233841086866978,-1.4723926380368124,0.000914076782449813,0.0038870799433225645
PG,2020-12-07,119.7,120.69,119.65,120.63,120.63,6918000,Consumer Goods,120.952,121.21700000000001,122.3615,122.8292,121.47245510901814,122.10323521023635,-0.6307801012182068,-0.37863731876787565,120.45,6617200.0,121.68,11640400.0,122.05,4726900.0,18.926974664679534,-0.8629191321499086,-1.1634575993445306,0.001494396014943833,0.003997202364025502
PG,2020-12-08,120.06,121.6,119.54,120.96,120.96,6493500,Consumer Goods,120.72200000000001,121.15500000000002,122.364,122.8434,121.39361586147689,122.01855112058921,-0.6249352591123198,-0.4278969068367645,120.63,6918000.0,122.11,7169700.0,121.58,4770600.0,24.42748091603046,-0.9417738104987361,-0.5099522947853319,0.0027356379010197163,0.004047317561969415
PG,2020-12-09,120.76,120.95,119.38,119.52,119.52,6773400,Consumer Goods,120.38,120.98800000000001,122.19550000000001,122.8418,121.10536726740352,121.83347325980483,-0.7281059924013107,-0.48793872394967375,120.96,6493500.0,121.23,6963000.0,121.19,7101800.0,26.31578947368412,-1.4105419450631151,-1.3780014852710631,-0.011904761904761862,0.0054009760257523335
PG,2020-12-10,119.62,119.97,118.32,118.73,118.73,6800500,Consumer Goods,120.05799999999999,120.71000000000001,121.90800000000002,122.7942,120.73992614934144,121.60358635167114,-0.8636602023296973,-0.5630830196256785,119.52,6773400.0,120.34,8742500.0,121.51,8411300.0,23.809523809523782,-1.3378760179491467,-2.2878775409431285,-0.006609772423025406,0.005429199488567405
PG,2020-12-11,117.81,119.86,117.58,119.61,119.61,6548000,Consumer Goods,119.89000000000001,120.526,121.66099999999999,122.7598,120.56609135713506,121.45591328858438,-0.889821931449319,-0.6284308019904067,118.73,6800500.0,120.45,6617200.0,121.45,4252200.0,33.51351351351347,-0.6973848069738553,-1.5150267599835399,0.0074117746146717955,0.006236700395438344
PG,2020-12-14,120.06,120.85,118.96,119.03,119.03,6485300,Consumer Goods,119.57000000000001,120.261,121.2915,122.7334,120.32976960988353,121.2762160079485,-0.9464463980649782,-0.692033921205321,119.61,6548000.0,120.63,6918000.0,121.68,11640400.0,33.02263648468704,-1.326369891403456,-2.1778435239973692,-0.004849092885210293,0.006192408555032846
PG,2020-12-15,119.5,120.51,119.37,119.73,119.73,5397000,Consumer Goods,119.324,120.023,121.03800000000001,122.6988,120.23749736220914,121.16168148884121,-0.9241841266320705,-0.7384639622906709,119.03,6485300.0,120.96,6493500.0,122.11,7169700.0,40.66496163682866,-1.0168650793650702,-1.9490623208582414,0.0058808703688146835,0.006471323049020841
PG,2020-12-16,119.78,121.15,119.78,120.27,120.27,5382500,Consumer Goods,119.474,119.92699999999999,120.83600000000001,122.67119999999998,120.24249776802313,121.0956310081863,-0.8531332401631744,-0.7613978178651717,119.73,5397000.0,119.52,6773400.0,121.23,6963000.0,42.28855721393026,0.6275100401606393,-0.7918831972284157,0.004510147832623268,0.00647402179017316
PG,2020-12-17,120.92,121.9,120.87,121.13,121.13,7405300,Consumer Goods,119.954,120.00600000000001,120.77250000000001,122.6418,120.37903657294265,121.09817685943176,-0.7191402864891074,-0.7529463115899588,120.27,5382500.0,118.73,6800500.0,120.34,8742500.0,48.19004524886873,2.021393076728706,0.6564733255775224,0.007150577866467112,0.0064630176747422574
PG,2020-12-18,121.14,122.73,120.43,121.83,121.83,19988800,Consumer Goods,120.398,120.144,120.75150000000001,122.60979999999999,120.60226171556687,121.15238598095533,-0.5501242653884617,-0.7123819023496595,121.13,7405300.0,119.61,6548000.0,120.45,6617200.0,50.80558539205152,1.8560321043391115,1.1457036114570274,0.005778915215058245,0.006663142519080039
PG,2020-12-21,120.88,121.29,119.35,120.49,120.49,6732400,Consumer Goods,120.69000000000001,120.13,120.67349999999999,122.52900000000001,120.58499068240273,121.10332035273642,-0.518329670333685,-0.6735714559464647,121.83,19988800.0,119.03,6485300.0,120.63,6918000.0,42.07436399217217,1.2265815340670283,-0.11605736549780143,-0.010998932939341732,0.00768615963928091
PG,2020-12-22,120.29,120.98,119.49,119.64,119.64,5023100,Consumer Goods,120.672,119.99799999999998,120.57649999999998,122.40379999999999,120.43960750049462,120.99492625253373,-0.5553187520391134,-0.6499209151649945,120.49,6732400.0,119.73,5397000.0,120.96,6493500.0,42.19823356231595,-0.07516913054372854,-1.0912698412698374,-0.007054527346667672,0.0079066753109737
PG,2020-12-23,120.38,120.52,119.28,119.46,119.46,6004200,Consumer Goods,120.50999999999999,119.99199999999999,120.48999999999998,122.2798,120.28889865426467,120.88122801160532,-0.5923293573406454,-0.6384026036001247,119.64,5023100.0,120.27,5382500.0,119.52,6773400.0,45.35864978902947,-0.6734846595160882,-0.05020080321285203,-0.0015045135406219767,0.0069489266694367285
PG,2020-12-24,119.34,121.03,119.34,120.67,120.67,2588200,Consumer Goods,120.418,120.18599999999999,120.44800000000001,122.18299999999999,120.34752963053165,120.86558149222715,-0.518051861695497,-0.6143324552191992,119.46,6004200.0,121.13,7405300.0,118.73,6800500.0,51.039697542533084,-0.37975728556096655,1.6339594036890448,0.010128913443830712,0.007198983583954861
PG,2020-12-28,121.05,122.13,120.87,121.51,121.51,3714700,Consumer Goods,120.354,120.376,120.451,122.1066,120.52637122583447,120.91331619650661,-0.38694497067214684,-0.5688549583097887,120.67,2588200.0,121.83,19988800.0,119.61,6548000.0,53.914590747331,-0.2626610851185984,1.5884959451550884,0.006961133670340569,0.007160182603687348
PG,2020-12-29,121.98,122.61,121.09,121.28,121.28,5139300,Consumer Goods,120.51199999999999,120.601,120.431,122.016,120.64231411416762,120.94047795972836,-0.2981638455607367,-0.5147167357599783,121.51,3714700.0,120.49,6732400.0,119.03,6485300.0,51.43626570915623,0.6556560710432535,1.8902797614046785,-0.0018928483252407258,0.006921360832792477
PG,2020-12-30,121.44,121.72,120.52,120.71,120.71,3261400,Consumer Goods,120.726,120.699,120.36099999999999,121.9572,120.6527273273726,120.92340551826699,-0.2706781908943867,-0.46590902678686,121.28,5139300.0,119.64,5023100.0,119.73,5397000.0,55.79357351509249,0.8943497158141023,0.8185083103649848,-0.004699868073878677,0.007052010312653419
PG,2020-12-31,121.19,122.04,120.38,121.91,121.91,4076400,Consumer Goods,121.21600000000001,120.86300000000001,120.39500000000001,121.91239999999999,120.8461538923922,120.99648659098796,-0.15033269859576137,-0.40279376114864035,120.71,3261400.0,119.46,6004200.0,120.27,5382500.0,64.88764044943814,2.0508956973045445,1.3635985698844166,0.009941181343716465,0.007557280242797404
PG,2021-01-04,122.37,122.54,119.47,120.76,120.76,8330900,Consumer Goods,121.234,120.826,120.41600000000001,121.83120000000001,120.83289944740878,120.97896906572959,-0.14606961832080856,-0.351448932583074,121.91,4076400.0,120.67,2588200.0,121.13,7405300.0,55.251141552511434,0.07458357503935531,-0.3054569470816393,-0.009433188417685145,0.007959403787222768
PG,2021-01-05,120.91,121.72,119.4,121.53,121.53,6856400,Consumer Goods,121.23800000000001,120.796,120.47,121.78299999999999,120.94014568626898,121.01978617197184,-0.07964048570286764,-0.2970872432070328,120.76,8330900.0,121.51,3714700.0,121.83,19988800.0,61.220825852782745,0.016459550654257527,-0.24624476729869782,0.006376283537595118,0.008011975841142778
PG,2021-01-06,121.59,123.58,121.44,122.81,122.81,10578000,Consumer Goods,121.54400000000001,121.02799999999999,120.579,121.7442,121.22781558068914,121.15239460367764,0.07542097701150396,-0.22258559916332543,121.53,6856400.0,121.28,5139300.0,120.49,6732400.0,63.139931740614315,1.2615435356200466,1.9254709934434455,0.010532378836501266,0.007678921778704874
PG,2021-01-07,122.45,122.78,120.95,121.66,121.66,7355400,Consumer Goods,121.734,121.23000000000002,120.61399999999999,121.70120000000001,121.29430549135235,121.18999500340522,0.10431048794713149,-0.15720638174123405,122.81,10578000.0,120.71,3261400.0,119.64,5023100.0,55.636658556366584,0.7870101897108794,1.6883985289200876,-0.00936405830144127,0.008007070240982007
PG,2021-01-08,121.33,121.84,120.04,121.61,121.61,7448500,Consumer Goods,121.674,121.44500000000001,120.71849999999999,121.63879999999999,121.34287387729815,121.22110648463446,0.12176739266368486,-0.10141162686025026,121.66,7355400.0,121.91,4076400.0,119.46,6004200.0,52.08333333333334,-0.2460831761135207,1.7997656119203231,-0.00041098142363960033,0.0079657348584396
PG,2021-01-11,121.57,122.18,120.56,120.78,120.78,7239900,Consumer Goods,121.678,121.45599999999999,120.82099999999998,121.64200000000001,121.25627789617536,121.18843193021709,0.06784596595826997,-0.06756010829654623,121.61,7448500.0,120.76,8330900.0,120.67,2588200.0,45.493562231759675,0.01656177542233017,0.09115770282588365,-0.006825096620343696,0.007801888465868077
PG,2021-01-12,120.78,121.13,119.37,120.08,120.08,6333500,Consumer Goods,121.388,121.31300000000002,120.84450000000001,121.6328,121.07531206599454,121.10632586131211,-0.031013795317576864,-0.060250845700752356,120.78,7239900.0,121.53,6856400.0,121.51,3714700.0,48.138056312443254,-1.193121040072409,-1.1768578717801015,-0.005795661533366525,0.007599028437192809
PG,2021-01-13,120.13,120.98,120.13,120.27,120.27,6078800,Consumer Goods,120.88,121.21200000000002,120.90650000000001,121.6356,120.95141790199537,121.04437579751121,-0.09295789551583766,-0.06679225566376942,120.08,6333500.0,122.81,10578000.0,121.28,5139300.0,53.04347826086953,-2.0682354857096352,-0.8327836411609502,0.0015822784810126667,0.007640992619831793
PG,2021-01-14,120.41,120.61,118.53,118.99,118.99,6172800,Consumer Goods,120.346,121.04,120.86949999999999,121.58840000000001,120.6496613016884,120.89219981251037,-0.24253851082197286,-0.1019415066954101,120.27,6078800.0,121.66,7355400.0,120.71,3261400.0,47.94759825327512,-2.1946408022357367,-1.4249026592660141,-0.010642720545439466,0.00818865318008923
PG,2021-01-15,118.5,119.34,117.99,118.09,118.09,7757600,Consumer Goods,119.64200000000001,120.65799999999999,120.76050000000001,121.4754,120.2558672552748,120.68462945602812,-0.42876220075332583,-0.16730564550699328,118.99,6172800.0,121.61,7448500.0,121.91,4076400.0,38.4201077199282,-2.8944988076638367,-3.1334591091788933,-0.007563660811832906,0.00731872904867631
PG,2021-01-19,118.9,119.48,117.02,117.06,117.06,9184900,Consumer Goods,118.898,120.28799999999998,120.55699999999999,121.352,119.7641953698479,120.41613838521123,-0.6519430153633294,-0.26423311947826056,118.09,7757600.0,120.78,7239900.0,120.76,8330900.0,30.36187113857015,-3.0799801291604534,-3.0639284531301825,-0.00872216106359558,0.007254120958783475
PG,2021-01-20,116.12,117.23,115.01,115.6,115.6,12506600,Consumer Goods,118.002,119.69499999999998,120.24549999999999,121.16900000000001,119.12354992833284,120.05938739371409,-0.9358374653812547,-0.3985539886588594,117.06,9184900.0,120.08,6333500.0,121.53,6856400.0,27.388535031847113,-3.730846102598273,-4.879453632847863,-0.012472236459935115,0.006966113763613636
PG,2021-01-21,115.16,116.35,115.04,115.48,115.48,8761600,Consumer Goods,117.04400000000001,118.96199999999999,119.995,120.96860000000001,118.5630037855124,119.72017351269824,-1.1571697271858454,-0.5502771363642567,115.6,12506600.0,120.27,6078800.0,122.81,10578000.0,28.406275805119748,-3.9827055791136545,-5.968569334744722,-0.001038062283736929,0.004696705494955565
PG,2021-01-22,115.49,115.89,114.58,114.59,114.59,7202800,Consumer Goods,116.16400000000002,118.255,119.74250000000002,120.8422,117.9517724338951,119.34016065990579,-1.3883882260106901,-0.7178993542935435,115.48,8761600.0,118.99,6172800.0,121.66,7355400.0,18.983050847457605,-3.6977897302294283,-5.811277330264664,-0.00770696224454448,0.004597930380093303
PG,2021-01-25,114.55,117.24,114.5,116.57,116.57,9640000,Consumer Goods,115.85999999999999,117.751,119.598,120.7158,117.73919205944969,119.13496357398685,-1.3957715145371594,-0.8534737863422666,114.59,7202800.0,118.09,7757600.0,121.61,7448500.0,33.41250989707041,-1.2871538656956671,-4.1443960200641445,0.017278994676673376,0.008616635466372771
PG,2021-01-26,116.57,117.65,115.85,117.32,117.32,5996700,Consumer Goods,115.912,117.405,119.43050000000001,120.57259999999998,117.67470097338051,119.00052182776561,-1.3258208543850998,-0.9479431999508332,116.57,9640000.0,117.06,9184900.0,120.78,7239900.0,33.30689928628068,0.22210832051938745,-2.8647127007782824,0.006433902376254519,0.009168637040944673
PG,2021-01-27,116.7,117.32,112.56,113.16,113.16,10826700,Consumer Goods,115.424,116.713,119.01299999999999,120.34480000000002,116.98013159286043,118.56789058126445,-1.587758988404019,-1.0759063576414705,117.32,5996700.0,115.6,12506600.0,120.08,6333500.0,18.850871530019305,-2.110726643598615,-5.762824783477683,-0.035458574838049706,0.013833777748749837
PG,2021-01-28,112.69,116.05,112.33,114.91,114.91,8242000,Consumer Goods,115.30999999999999,116.17699999999999,118.69450000000002,120.11460000000001,116.66164980934343,118.296935723393,-1.6352859140495752,-1.1877822689230915,113.16,10826700.0,115.48,8761600.0,120.27,6078800.0,29.024238657551237,-0.49359196397644745,-4.456639228402759,0.015464828561329025,0.015281221388592796
PG,2021-01-29,114.76,114.85,112.89,113.01,113.01,8344100,Consumer Goods,114.994,115.57900000000002,118.3095,119.87880000000001,116.0998575309829,117.90531085499352,-1.8054533240106139,-1.311316479940596,114.91,8242000.0,114.59,7202800.0,118.99,6172800.0,26.03121516164991,-1.3788288681385819,-5.025632406084535,-0.016534679314245904,0.015655833646983457
PG,2021-02-01,113.71,114.29,113.0,113.68,113.68,6534200,Consumer Goods,114.41600000000001,115.13799999999999,117.89799999999998,119.66619999999999,115.72757175698554,117.59232486573474,-1.8647531087491984,-1.4220038057023165,113.01,8344100.0,116.57,9640000.0,118.09,7757600.0,30.03374578177727,-2.479197048983428,-3.734439834024894,0.005928678877975324,0.015991196361052142
PG,2021-02-02,114.24,115.23,113.44,113.52,113.52,6825600,Consumer Goods,113.65599999999999,114.78399999999999,117.53599999999999,119.4886,115.38794533283392,117.29067117197661,-1.9027258391426898,-1.518148212390391,113.68,6534200.0,117.32,5996700.0,117.06,9184900.0,30.97447795823662,-3.239004432321857,-3.0240902101486444,-0.0014074595355384467,0.015902111144235835
PG,2021-02-03,113.67,113.89,112.61,113.67,113.67,7309400,Consumer Goods,113.758,114.59099999999998,117.14299999999999,119.31700000000001,115.12364605085948,117.02247330738575,-1.8988272565262747,-1.5942840212175677,113.52,6825600.0,113.16,10826700.0,115.6,12506600.0,30.813953488372107,0.4506892895016046,-1.6695501730103701,0.0013213530655391548,0.015579442748120844
PG,2021-02-04,114.04,114.12,113.34,113.74,113.74,6613700,Consumer Goods,113.524,114.417,116.6895,119.1508,114.91077742765033,116.7793271364683,-1.868549708817966,-1.6491371587376475,113.67,7309400.0,114.91,8242000.0,115.48,8761600.0,33.58348968105064,-1.0181881472456689,-1.5067544163491542,0.0006158177179553803,0.015594509661003458
PG,2021-02-05,113.82,114.68,113.74,114.21,114.21,5063700,Consumer Goods,113.76400000000001,114.37899999999999,116.31700000000001,119.0034,114.80296551570413,116.58900660784101,-1.786041092136884,-1.676517945417495,113.74,6613700.0,113.01,8344100.0,114.59,7202800.0,37.532133676092506,1.0618529333687121,-0.3316170695523257,0.004132231404958775,0.015512222869074216
PG,2021-02-08,114.53,114.68,112.93,113.86,113.86,7011200,Consumer Goods,113.8,114.10799999999999,115.92949999999999,118.8568,114.65789389790349,116.38685797022316,-1.7289640723196698,-1.68700717079793,114.21,5063700.0,113.68,6534200.0,116.57,9640000.0,39.24731182795697,0.1583391977480586,-2.3247833919533223,-0.0030645302512913863,0.014244105302432603
PG,2021-02-09,114.12,114.54,113.03,113.42,113.42,5917800,Consumer Goods,113.78,113.71799999999999,115.5615,118.695,114.46744868284141,116.1670907131696,-1.6996420303281923,-1.6895341427039825,113.86,7011200.0,113.52,6825600.0,117.32,5996700.0,42.13564213564215,-0.08809020436927328,-3.324241391067162,-0.0038643948708940723,0.013914422948944762
PG,2021-02-10,113.49,113.85,112.79,113.02,113.02,8594100,Consumer Goods,113.65,113.70400000000002,115.20849999999999,118.52640000000001,114.24476427009657,115.93397288256443,-1.6892086124678656,-1.6894690366567593,113.42,5917800.0,113.67,7309400.0,113.16,10826700.0,41.30127298444127,-0.5718307381015308,-0.1237186284906322,-0.003526714865103253,0.008202726327829571
PG,2021-02-11,113.3,114.0,113.01,113.12,113.12,6139200,Consumer Goods,113.526,113.525,114.851,118.35520000000001,114.07172361315864,115.72553044681892,-1.6538068336602834,-1.682336596057464,113.02,8594100.0,113.74,6613700.0,114.91,8242000.0,44.49438202247191,-0.5451028661860313,-1.5577408406578952,0.0008847991505929187,0.006175224783257446
PG,2021-02-12,112.83,112.94,111.58,112.49,112.49,8407300,Consumer Goods,113.18199999999999,113.473,114.526,118.1628,113.82838151882655,115.48586152483233,-1.657480006005784,-1.6773652780471282,113.12,6139200.0,114.21,5063700.0,113.01,8344100.0,33.00000000000003,-1.5059977234918143,-0.4601362711264545,-0.00556930693069313,0.0036941930226673378
PG,2021-02-16,112.8,112.98,111.94,112.76,112.76,8246000,Consumer Goods,112.96200000000002,113.381,114.2595,117.99340000000001,113.66401513131477,115.28394585632623,-1.6199307250114572,-1.665878367439994,112.49,8407300.0,113.86,7011200.0,113.68,6534200.0,30.208333333333428,-0.9660987177235181,-0.8092892329345514,0.0024002133522980085,0.003144303022992463
PG,2021-02-17,112.11,114.14,112.04,113.23,113.23,8845200,Consumer Goods,112.924,113.352,114.06799999999998,117.85119999999999,113.59724357265095,115.13180171882058,-1.5345581461696298,-1.6396143231859213,112.76,8246000.0,113.42,5917800.0,113.52,6825600.0,50.44699872286083,-0.16751895609239398,-0.2554615926708914,0.004168144732174417,0.003500340657096502
PG,2021-02-18,112.66,114.46,112.47,114.18,114.18,6936400,Consumer Goods,113.15599999999999,113.40299999999999,113.997,117.72579999999999,113.68689840762774,115.06129788779684,-1.374399480169103,-1.5865713545825577,113.23,8845200.0,113.02,8594100.0,113.67,7309400.0,44.80796586059753,1.026367014687679,0.4486671945104215,0.008390002649474537,0.004440454835889305
PG,2021-02-19,114.02,114.1,111.96,112.05,112.05,8277900,Consumer Goods,112.94200000000001,113.234,113.82549999999999,117.5542,113.43506788337731,114.83823878499707,-1.4031709016197595,-1.549891263989998,114.18,6936400.0,113.12,6139200.0,113.74,6613700.0,43.38842975206611,-0.945898161244707,-1.4858449094425907,-0.01865475564897534,0.00749475985190779
PG,2021-02-22,111.76,112.16,111.4,111.58,111.58,6975500,Consumer Goods,112.75999999999999,112.971,113.675,117.3666,113.14967282439619,114.59688776388619,-1.4472149394899958,-1.5293559990899976,112.05,8277900.0,112.49,8407300.0,114.21,5063700.0,35.12747875354111,-0.8089607965152457,-2.302775588827599,-0.004194556001784866,0.007262080488263795
PG,2021-02-23,112.63,114.53,112.11,112.41,112.41,10145300,Consumer Goods,112.69000000000001,112.826,113.46700000000001,117.2244,113.03587700525833,114.43489607767239,-1.3990190724140632,-1.503288613754811,111.58,6975500.0,112.76,8246000.0,113.86,7011200.0,42.82018111254854,-0.310393756651306,-1.2734937642719157,0.007438609069725821,0.007873514325275785
PG,2021-02-24,112.26,113.04,111.87,112.53,112.53,7263000,Consumer Goods,112.55,112.737,113.2275,117.1004,112.95804977368013,114.29379266451147,-1.335742890831341,-1.469779469170117,112.41,10145300.0,113.23,8845200.0,113.42,5917800.0,42.59740259740263,-0.6182107215402355,-0.7846940574854577,0.0010675206832133632,0.00784616744085517
PG,2021-02-25,112.38,113.7,111.32,111.58,111.58,7790800,Consumer Goods,112.03,112.593,113.14850000000001,116.93979999999999,112.74604211619088,114.09277098565877,-1.3467288694678956,-1.4451693492296727,112.53,7263000.0,114.18,6936400.0,113.02,8594100.0,37.4125874125875,-2.2771063233491096,-1.2741107768536541,-0.008442193192926384,0.008185421792519654
PG,2021-02-26,111.54,111.89,107.38,108.89,108.89,17718800,Consumer Goods,111.398,112.17,112.8475,116.73700000000001,112.15280486754612,113.70738054227664,-1.5545756747305148,-1.4670506143298412,111.58,7790800.0,112.05,8277900.0,113.12,6139200.0,25.370370370370495,-2.8201695671575155,-3.7393917963224887,-0.024108263129593133,0.010844507489817077
PG,2021-03-01,109.44,110.62,109.3,109.56,109.56,7740200,Consumer Goods,110.994,111.877,112.675,116.5336,111.75391181100056,113.40016716877467,-1.646255357774109,-1.5028915630186948,108.89,17718800.0,111.58,6975500.0,112.49,8407300.0,30.66546762589938,-1.8103602796200047,-2.6046759711974343,0.006152998438791357,0.011251958290353954
PG,2021-03-02,109.19,110.06,108.8,109.21,109.21,10206500,Consumer Goods,110.354,111.522,112.45150000000001,116.3124,111.36254076315431,113.08978441553211,-1.727243652377794,-1.5477619808905148,109.56,7740200.0,112.41,10145300.0,112.76,8246000.0,30.9156844968269,-2.846721821901965,-3.1482795317488543,-0.003194596568090624,0.011115174469992783
PG,2021-03-03,109.1,109.48,108.24,108.56,108.56,7537000,Consumer Goods,109.55999999999999,111.05499999999999,112.2035,116.061,110.93138064574596,112.7542448291964,-1.8228641834504344,-1.6027824214024988,109.21,10206500.0,112.53,7263000.0,113.23,8845200.0,30.230496453900813,-3.5279481027281623,-4.124348670846945,-0.005951835912462178,0.010833212021233241
PG,2021-03-04,108.51,109.98,107.13,107.67,107.67,10228100,Consumer Goods,108.77799999999999,110.404,111.90350000000001,115.77780000000001,110.42962977716965,112.37763410110777,-1.9480043239381217,-1.6718268019096234,108.56,7537000.0,111.58,7790800.0,114.18,6936400.0,27.423363711681915,-3.5042122244129725,-5.701523909616402,-0.008198231392778199,0.009932302107320991
PG,2021-03-05,108.21,111.36,108.02,111.05,111.05,10490900,Consumer Goods,109.21000000000001,110.304,111.769,115.589,110.52507134991279,112.27929083435905,-1.7542194844462529,-1.6883053384169495,107.67,10228100.0,108.89,17718800.0,112.05,8277900.0,45.14170040485832,1.9836532280282926,-0.8924587237840287,0.031392216959227115,0.014361428964488377
PG,2021-03-08,110.85,113.62,110.47,112.22,112.22,9224700,Consumer Goods,109.74199999999999,110.36800000000001,111.6695,115.44059999999999,110.78582960377236,112.27489892070282,-1.4890693169304683,-1.6484581341196534,111.05,10490900.0,109.56,7740200.0,111.58,6975500.0,48.28244274809158,2.4278933917488033,0.5735794945330719,0.010535794687077882,0.014725818636617719
PG,2021-03-09,112.52,113.64,111.12,111.22,111.22,8859700,Consumer Goods,110.144,110.249,111.5375,115.2758,110.85262504934585,112.19675825991003,-1.3441332105641806,-1.587593149408559,112.22,9224700.0,109.21,10206500.0,112.41,10145300.0,43.8153846153846,1.8404907975460238,-1.0586246775197927,-0.008911067545891993,0.014798172219905146
PG,2021-03-10,111.2,113.2,110.6,112.25,112.25,9070900,Consumer Goods,110.88199999999999,110.221,111.479,115.1074,111.06760581098494,112.20070209250927,-1.133096281524331,-1.4966937758317136,111.22,8859700.0,108.56,7537000.0,112.53,7263000.0,44.090630740967526,3.3990420044215153,-0.24882253621256734,0.009260924294191675,0.015145996382814672
PG,2021-03-11,112.06,112.7,111.7,111.87,111.87,6941500,Consumer Goods,111.72200000000001,110.25,111.42150000000001,114.9146,111.19105107083341,112.17620564121229,-0.9851545703788815,-1.3943859347411474,112.25,9070900.0,107.67,10228100.0,111.58,7790800.0,49.382716049382736,3.9008080245193755,0.25990320846029924,-0.0033853006681514586,0.014920992634305878
PG,2021-03-12,112.52,113.55,112.52,112.95,112.95,6521900,Consumer Goods,112.102,110.65599999999999,111.41299999999998,114.748,111.4616585983975,112.23352374186322,-0.7718651434657176,-1.2698817764860615,111.87,6941500.0,111.05,10490900.0,108.89,17718800.0,54.5095457537854,1.710941017559664,3.7285333823124267,0.0096540627514079,0.012371419264201038
PG,2021-03-15,113.17,113.75,112.11,113.32,113.32,7172600,Consumer Goods,112.322,111.032,111.45450000000001,114.6002,111.74755727556712,112.31400346468817,-0.5664461891210522,-1.1291946590130597,112.95,6521900.0,112.22,9224700.0,109.56,7740200.0,53.08893414799728,0.9802174300481248,3.431909456005844,0.0032757857459051465,0.012342371978883196
PG,2021-03-16,113.28,114.57,113.28,113.66,113.66,6485200,Consumer Goods,112.80999999999999,111.477,111.49949999999998,114.43520000000001,112.04177923317218,112.4137069117483,-0.3719276785761281,-0.9777412629256734,113.32,7172600.0,111.22,8859700.0,109.21,10206500.0,53.779264214046805,2.193850026973565,4.074718432377988,0.0030003529827038466,0.012125494986887102
PG,2021-03-17,113.81,114.45,113.14,113.2,113.2,6192900,Consumer Goods,113.0,111.941,111.498,114.28399999999999,112.21996704345338,112.47195084421139,-0.25198380075801197,-0.8325897704921412,113.66,6485200.0,112.25,9070900.0,108.56,7537000.0,55.60165975103737,0.8463251670378646,4.274134119380979,-0.004047158191096245,0.011964518559427975
PG,2021-03-18,113.01,113.75,111.98,113.45,113.45,6871300,Consumer Goods,113.316,112.519,111.4615,114.1224,112.40920288292209,112.54439892982536,-0.1351960469032747,-0.693111025774368,113.2,6192900.0,111.87,6941500.0,107.67,10228100.0,68.96838602329454,1.4123536247430124,5.368254852790932,0.0022084805653710404,0.011188116995560472
PG,2021-03-19,113.8,114.36,112.74,112.84,112.84,20262100,Consumer Goods,113.29400000000001,112.69800000000001,111.50100000000002,113.92299999999999,112.47547936247254,112.56629530539387,-0.09081594292132422,-0.5726520092037592,113.45,6871300.0,112.95,6521900.0,111.05,10490900.0,63.712374581939834,-0.09738822487825871,1.6118865375956748,-0.00537681798148959,0.006867339231041133
PG,2021-03-22,112.84,115.38,112.84,114.75,114.75,8077600,Consumer Goods,113.58000000000001,112.951,111.65949999999998,113.78479999999999,112.82540561439984,112.72805120869802,0.09735440570182163,-0.4386507262226431,112.84,20262100.0,113.32,7172600.0,112.22,9224700.0,70.48816568047344,1.2619131662548577,2.254500089110678,0.01692662176533144,0.007994031774056247
PG,2021-03-23,114.95,117.49,114.58,116.88,116.88,9503800,Consumer Goods,114.224,113.51700000000001,111.883,113.6902,113.44918936603064,113.03560297101669,0.4135863950139509,-0.2682033019753243,114.75,8077600.0,113.66,6485200.0,111.22,8859700.0,77.73333333333336,2.8330107337673827,5.089012767487855,0.01856209150326804,0.008436669680151937
PG,2021-03-24,115.42,117.36,115.14,116.85,116.85,8318000,Consumer Goods,114.954,113.977,112.099,113.6116,113.97239100202592,113.31815089908952,0.6542401029363987,-0.08371462099297974,116.88,9503800.0,113.2,6192900.0,112.25,9070900.0,82.4611032531825,3.224381625441697,4.097995545657018,-0.0002566735112936591,0.008440416596134663
PG,2021-03-25,117.32,117.78,116.4,117.66,117.66,7517300,Consumer Goods,115.796,114.556,112.40299999999999,113.5632,114.53971546325269,113.63976935100881,0.8999461122438817,0.11301752565439256,116.85,8318000.0,113.45,6871300.0,111.87,6941500.0,78.5652549697494,3.7108858527985733,5.1756503083936645,0.0069319640564826646,0.00805133755427752
PG,2021-03-26,117.43,119.54,116.78,119.4,119.4,10821200,Consumer Goods,117.10799999999999,115.201,112.92850000000001,113.5458,115.2874515458292,114.06645310278594,1.220998443043257,0.3346137091321655,117.66,7517300.0,112.84,20262100.0,112.95,6521900.0,79.57166392092263,5.813541297412272,5.710491367861881,0.014788373278939337,0.00852466911011066
PG,2021-03-29,119.0,121.29,119.0,121.26,121.26,11176000,Consumer Goods,118.41,115.995,113.5135,113.59119999999999,116.20630515416318,114.5993084285055,1.6069967256576803,0.5890903124372684,119.4,10821200.0,114.75,8077600.0,113.32,7172600.0,88.61538461538468,5.6732026143790915,7.0067066713731085,0.01557788944723626,0.009024780367296762
PG,2021-03-30,120.42,120.76,119.12,119.4,119.4,8090600,Consumer Goods,118.91400000000002,116.569,114.023,113.6174,116.69764282275345,114.95491521157916,1.7427276111742884,0.8198177721846724,121.26,11176000.0,116.88,9503800.0,113.66,6485200.0,75.8496023138106,2.1560574948665368,5.0501495688896725,-0.015338941118258287,0.011432109758160981
PG,2021-03-31,119.6,120.54,119.23,119.38,119.38,9202600,Consumer Goods,119.42,117.18699999999998,114.56400000000001,113.6638,117.11031315771446,115.2826992699807,1.8276138877337615,1.0213769952944904,119.4,8090600.0,116.85,8318000.0,113.2,6192900.0,77.8767631774313,2.1651690201112572,5.459363957597163,-0.00016750418760480557,0.011153493786306819
PG,2021-04-01,119.04,119.42,117.53,118.36,118.36,9117800,Consumer Goods,119.55999999999999,117.678,115.09849999999999,113.71900000000001,117.30257267191223,115.51064747220434,1.7919251997078902,1.1754866361771705,119.38,9202600.0,117.66,7517300.0,113.45,6871300.0,70.17151379567487,0.5949345571987008,4.327897752313792,-0.008544144747863913,0.011981395339044803
PG,2021-04-05,118.96,120.98,118.76,120.28,120.28,8279100,Consumer Goods,119.73600000000002,118.422,115.55999999999999,113.815,117.76063841469497,115.86393284463365,1.8967055700613145,1.3197304229539992,118.36,9117800.0,119.4,10821200.0,112.84,20262100.0,73.26203208556151,0.7370184254606338,6.593406593406592,0.01622169651909422,0.011987848704400688
PG,2021-04-06,119.88,120.78,119.56,120.32,120.32,6180600,Consumer Goods,119.548,118.979,115.965,113.9296,118.15438635089573,116.19401189317931,1.9603744577164264,1.4478592299064847,120.28,8279100.0,121.26,11176000.0,114.75,8077600.0,72.71487039563438,-0.7751937984496249,4.854030501089324,0.00033255736614568043,0.011518932106157554
PG,2021-04-07,120.87,121.05,120.1,120.53,120.53,10244500,Consumer Goods,119.774,119.34399999999998,116.43050000000001,114.00880000000001,118.51986537383485,116.51519619738825,2.0046691764465976,1.5592212192145074,120.32,6180600.0,119.4,8090600.0,116.88,9503800.0,75.43372657876472,0.9463986599664853,3.1228610540725565,0.0017453457446809928,0.010467879677004414
PG,2021-04-08,120.67,121.32,120.4,120.99,120.99,6190300,Consumer Goods,120.096,119.758,116.86750000000002,114.08220000000001,118.89988608555257,116.84666314572986,2.053222939822703,1.6580215633361466,120.53,10244500.0,119.38,9202600.0,116.85,8318000.0,75.7865937072503,1.3486346121628356,3.543003851091142,0.0038164772255868673,0.01040052813827622
PG,2021-04-09,120.33,121.0,119.49,120.21,120.21,5855400,Consumer Goods,120.46599999999998,120.013,117.28449999999998,114.22319999999999,119.10144207239063,117.09579920900913,2.005642863381496,1.7275458233452166,120.99,6190300.0,118.36,9117800.0,117.66,7517300.0,74.91548343475317,1.5630280500168903,2.167261601223869,-0.006446813786263328,0.01076916192035621
PG,2021-04-12,120.32,120.8,119.62,120.69,120.69,6440900,Consumer Goods,120.548,120.14200000000001,117.6715,114.33879999999999,119.34583559971514,117.36203630463808,1.9837992950770627,1.7787965176915859,120.21,5855400.0,120.28,8279100.0,119.4,10821200.0,72.23053892215566,0.3408713002992947,1.080402010050241,0.003993012228600046,0.009870465937451167
PG,2021-04-13,119.9,120.22,118.86,119.1,119.1,9161200,Consumer Goods,120.304,119.926,117.9605,114.4606,119.3080147382205,117.49077435614637,1.8172403820741323,1.7864852905680952,120.69,6440900.0,120.32,6180600.0,121.26,11176000.0,58.65834633385333,-1.0139627659574435,-1.7812963879267785,-0.013174248073576922,0.009365429040055011
PG,2021-04-14,119.46,119.7,118.63,119.53,119.53,7584000,Consumer Goods,120.104,119.939,118.25399999999999,114.5776,119.34216631695583,117.64182810754295,1.7003382094128767,1.7692558743370517,119.1,9161200.0,120.53,10244500.0,119.4,8090600.0,60.13615733736763,-0.8296689620841291,0.1088777219430348,0.0036104114189756675,0.008150019418300921
PG,2021-04-15,119.85,121.43,119.77,120.97,120.97,7945300,Consumer Goods,120.1,120.098,118.64250000000001,114.7266,119.59260226819339,117.88835935883606,1.7042429093573332,1.756253281341108,119.53,7584000.0,120.99,6190300.0,119.38,9202600.0,61.9494584837545,-0.016530291759642157,1.331881387167022,0.01204718480716127,0.00897282470743351
PG,2021-04-16,121.3,121.56,120.66,120.98,120.98,7708500,Consumer Goods,120.25399999999999,120.35999999999999,119.019,114.87279999999998,119.80604807308671,118.11736977670006,1.6886782963866551,1.7427382843502175,120.97,7945300.0,120.21,5855400.0,118.36,9117800.0,56.518151815181504,0.6405457116712476,2.213585670834739,8.266512358434674e-05,0.008304610594388613
PG,2021-04-19,120.71,120.83,119.34,120.42,120.42,9149400,Consumer Goods,120.2,120.374,119.39799999999998,115.0064,119.90050221568876,118.28793497842598,1.6125672372627804,1.7167040749327303,120.98,7708500.0,120.69,6440900.0,120.28,8279100.0,46.118299445471344,-0.22371364653243075,0.11639507815097705,-0.004628864275086797,0.006897679388741248
PG,2021-04-20,118.86,122.16,117.7,121.42,121.42,10040500,Consumer Goods,120.66399999999999,120.484,119.73150000000001,115.1506,120.1342711055828,118.51993979483888,1.6143313107439212,1.6962295220949686,120.42,9149400.0,119.1,9161200.0,120.32,6180600.0,60.140562248995934,1.9479429051217467,0.9142287234042534,0.008304268393954484,0.007367350801472631
PG,2021-04-21,121.55,122.15,120.41,120.63,120.63,8465900,Consumer Goods,120.88399999999999,120.494,119.91900000000001,115.286,120.2105370893393,118.67624055077674,1.5342965385625575,1.6638429253884863,121.42,10040500.0,119.53,7584000.0,120.53,10244500.0,55.824790307548916,0.9202710616581511,0.08296689620841402,-0.006506341624114675,0.007720158783833683
PG,2021-04-22,120.09,120.46,118.93,119.43,119.43,7338300,Consumer Goods,120.576,120.33800000000001,120.048,115.40620000000001,120.09045446021018,118.73207458405254,1.3583798761576418,1.6027503155423175,120.63,8465900.0,120.97,7945300.0,120.99,6190300.0,54.90375802016501,-1.2730429031991286,-1.2893627572526545,-0.009947774185525948,0.008198081491886914
PG,2021-04-23,119.7,119.83,118.21,118.82,118.82,6708300,Consumer Goods,120.144,120.199,120.106,115.5222,119.89499992787016,118.73858757782642,1.1564123500437375,1.5134827224426015,119.43,7338300.0,120.98,7708500.0,120.21,5855400.0,42.39583333333331,-1.78541907753349,-1.1563097911987397,-0.005107594406765559,0.008114570349068637
PG,2021-04-26,118.42,118.66,116.36,116.44,116.44,9910600,Consumer Goods,119.348,119.774,119.958,115.58859999999999,119.36346147742859,118.56832183132076,0.7951396461078275,1.3698141071756469,118.82,6708300.0,120.42,9149400.0,120.69,6440900.0,33.752093802345115,-3.3050988207938947,-3.521418510232832,-0.020030297929641394,0.009807872450006513
PG,2021-04-27,116.42,117.0,115.58,116.37,116.37,8296800,Consumer Goods,118.338,119.501,119.7135,115.6662,118.90292894243957,118.40548317714885,0.4974457652907205,1.1953404387986617,116.44,9910600.0,121.42,10040500.0,119.1,9161200.0,32.372881355932236,-4.159117114149236,-2.292191435768254,-0.0006011679835107309,0.009223368726918518
PG,2021-04-28,116.84,116.97,116.11,116.57,116.57,6262800,Consumer Goods,117.526,119.205,119.572,115.7424,118.54401679744888,118.26952146032302,0.27449533712585605,1.0111714184641005,116.37,8296800.0,120.63,8465900.0,119.53,7584000.0,30.84922010398614,-3.365663599436297,-2.4763657659165106,0.0017186560109994087,0.009107858110671828
PG,2021-04-29,116.49,117.98,116.49,117.55,117.55,6786800,Consumer Goods,117.15,118.86300000000001,119.48049999999998,115.82880000000002,118.3910911363029,118.21622357437316,0.1748675619297444,0.8439106471572294,116.57,6262800.0,119.43,7338300.0,120.97,7945300.0,38.6712095400341,-1.5741438499539573,-2.8271472265851028,0.008406965771639463,0.008516876710618175
PG,2021-04-30,117.76,118.58,117.33,118.36,118.36,9188600,Consumer Goods,117.05799999999999,118.601,119.4805,115.91239999999999,118.38630788456399,118.22687367997514,0.15943420458884816,0.7070153586435531,117.55,6786800.0,118.82,6708300.0,120.98,7708500.0,40.347970173985104,-0.38714021208550164,-2.1656472144156114,0.006890684814972348,0.009032169648468787
PG,2021-05-03,118.9,120.36,118.9,119.76,119.76,8070300,Consumer Goods,117.72200000000001,118.535,119.45450000000001,116.0666,118.59764513309261,118.34043859256957,0.25720654052304326,0.6170535950194512,118.36,9188600.0,116.44,9910600.0,120.42,9149400.0,52.77777777777782,2.8512538646513264,-0.5480817140009919,0.01182832037850634,0.009979926520442215
PG,2021-05-04,119.74,120.5,119.06,119.35,119.35,9624000,Consumer Goods,118.31799999999998,118.32800000000002,119.40599999999999,116.222,118.71339203569374,118.4152209190459,0.29817111664785045,0.5532770993451311,119.76,8070300.0,116.37,8296800.0,121.42,10040500.0,49.24114671163572,2.5607974563890856,-1.7048262230275113,-0.003423513694054914,0.009507682509174714
PG,2021-05-05,119.2,119.73,118.31,118.39,118.39,8295900,Consumer Goods,118.68199999999999,118.104,119.299,116.3416,118.6636394148178,118.41335270282028,0.25028671199751784,0.4926790218756085,119.35,9624000.0,116.57,6262800.0,120.63,8465900.0,38.66432337434097,1.5612936433044622,-1.8569178479648452,-0.008043569333891831,0.009606351855250134
PG,2021-05-06,118.88,120.09,118.8,119.88,119.88,9771100,Consumer Goods,119.148,118.149,119.2435,116.4886,118.85077181253814,118.5219932433521,0.3287785691860421,0.45989893133769527,118.39,8295900.0,117.55,6786800.0,119.43,7338300.0,45.72317262830479,1.9821352615908117,0.37678975131876236,0.012585522425880624,0.010119913902490943
PG,2021-05-07,119.83,120.67,119.55,119.89,119.89,6299100,Consumer Goods,119.454,118.256,119.22749999999999,116.65480000000001,119.01065307214766,118.62332707717786,0.3873259949697996,0.44538434406411614,119.88,9771100.0,118.36,9188600.0,118.82,6708300.0,47.84727863525588,1.29266644136532,0.9005217976771673,8.341675008338711e-05,0.009936203847439606
PG,2021-05-10,120.55,122.79,120.37,122.13,122.13,8852700,Consumer Goods,119.928,118.825,119.29950000000001,116.91959999999999,119.49055259950956,118.88308062701654,0.6074719724930162,0.47780186974989614,119.89,6299100.0,119.76,8070300.0,116.44,9910600.0,52.619926199261975,1.9789579158316473,4.886636894537966,0.01868379347735427,0.00825730498748624
PG,2021-05-11,122.86,123.12,121.06,121.53,121.53,10973700,Consumer Goods,120.36399999999999,119.34100000000001,119.42099999999998,117.15899999999999,119.80431373804655,119.07914872871902,0.7251650093275259,0.5272744976654221,122.13,8852700.0,119.35,9624000.0,116.37,8296800.0,53.368263473053915,1.8265605362379533,4.434132508378452,-0.004912797838368954,0.008673496768150395
PG,2021-05-12,121.08,121.53,120.19,120.24,120.24,8853700,Consumer Goods,120.734,119.70800000000001,119.4565,117.37960000000001,119.8713423937317,119.16513771177686,0.70620468195483,0.5630605345233037,121.53,10973700.0,118.39,8295900.0,116.57,6262800.0,53.01115241635683,1.562631979052287,3.148322896113931,-0.010614663046161543,0.009886326820749596
PG,2021-05-13,120.55,122.89,120.11,122.17,122.17,8753600,Consumer Goods,121.19200000000001,120.16999999999999,119.5165,117.65180000000001,120.22498202546528,119.3877201034971,0.8372619219681781,0.6179008120122786,120.24,8853700.0,119.88,9771100.0,117.55,6786800.0,61.34055517941777,1.9102435769102533,3.9302424500212707,0.016051230871590105,0.010607345094202336
PG,2021-05-14,122.13,123.4,122.13,122.43,122.43,5989500,Consumer Goods,121.7,120.577,119.58899999999998,117.947,120.56421556000907,119.61307416990473,0.9511413901043397,0.6845489276306909,122.17,8753600.0,119.89,6299100.0,118.36,9188600.0,73.67588932806326,2.1186087246642726,3.438661710037172,0.0021281820414178476,0.010565621684266538
PG,2021-05-17,122.39,123.37,122.08,122.18,122.18,7690700,Consumer Goods,121.71000000000001,120.819,119.67699999999999,118.16959999999999,120.81279778154614,119.80321682398586,1.0095809575602743,0.7495553336166075,122.43,5989500.0,122.13,8852700.0,119.76,8070300.0,72.64224473889321,0.040939981986420904,2.020708082832323,-0.0020419831740586813,0.010247202374352504
PG,2021-05-18,121.06,122.27,120.78,120.93,120.93,9239100,Consumer Goods,121.59,120.97700000000002,119.6525,118.34380000000002,120.8308288920775,119.88668224443136,0.94414664764615,0.7884735964225161,122.18,7690700.0,121.53,10973700.0,119.35,9624000.0,65.70605187319887,-0.49370525796099685,1.323837452869725,-0.010230807006056608,0.010859022810482517
PG,2021-05-19,120.7,121.38,120.28,121.18,121.18,9806800,Consumer Goods,121.77799999999999,121.256,119.67999999999999,118.543,120.8845475240656,119.98248355965866,0.9020639644069348,0.8111916700194,120.93,9239100.0,120.24,8853700.0,118.39,8295900.0,63.802281368821305,0.7817697937458457,2.356617957597784,0.002067311667907079,0.010343741858137188
PG,2021-05-20,121.35,123.05,121.29,122.42,122.42,8768200,Consumer Goods,121.82800000000002,121.50999999999999,119.82950000000001,118.74640000000001,121.12077098190166,120.16304033301728,0.9577306488843789,0.8404994657923958,121.18,9806800.0,122.17,8753600.0,119.88,9771100.0,64.94845360824742,0.20463288859784434,2.1187854521187877,0.010232711668592076,0.010109925858736804
PG,2021-05-21,122.6,123.26,122.23,122.42,122.42,10161000,Consumer Goods,121.826,121.763,120.0095,118.95739999999999,121.3206523693014,120.33022253057155,0.9904298387298525,0.8704855403798872,122.42,8768200.0,122.43,5989500.0,119.89,6299100.0,60.919540229885044,-0.008167932696234725,2.110267745433325,0.0,0.010111849766783752
PG,2021-05-24,122.42,123.13,122.18,122.39,122.39,6981300,Consumer Goods,121.86800000000001,121.78899999999999,120.30699999999999,119.1462,121.48516738940887,120.48279863941809,1.0023687499907794,0.8968621823020657,122.42,10161000.0,122.18,7690700.0,122.13,8852700.0,62.88135593220342,0.1718775577017384,0.21288790632931764,-0.00024505799705931697,0.008274906204820066
PG,2021-05-25,122.47,122.85,121.31,122.8,122.8,8142400,Consumer Goods,122.242,121.91599999999998,120.6285,119.3358,121.68744932949981,120.65444318464637,1.033006144853445,0.9240909748123416,122.39,6981300.0,120.93,9239100.0,121.53,10973700.0,69.6,1.5463491275944596,1.04500946268411,0.003349946891085809,0.008113797620889436
PG,2021-05-26,123.12,123.18,122.31,122.53,122.53,8122900,Consumer Goods,122.51200000000001,122.14500000000001,120.92649999999999,119.5132,121.81707250957676,120.79337331911701,1.0236991904597517,0.9440126179418236,122.8,8142400.0,121.18,9806800.0,120.24,8853700.0,63.210368893320066,1.114045221983817,1.90452428476382,-0.002198697068403921,0.007145930103143637
PG,2021-05-27,122.53,122.67,119.46,119.74,119.74,33095700,Consumer Goods,121.976,121.90200000000002,121.03600000000002,119.64399999999999,121.49752289271879,120.71534566584909,0.782177226869706,0.9116455397274001,122.53,8122900.0,122.42,8768200.0,122.17,8753600.0,49.414519906323164,-2.189184773729791,-1.9890316771711603,-0.02276993389374038,0.008932431377481455
PG,2021-05-28,119.89,120.76,119.44,119.63,119.63,10477100,Consumer Goods,121.418,121.622,121.0995,119.7676,121.21021167845436,120.634949690601,0.5752619878533523,0.8443688293525906,119.74,33095700.0,122.42,10161000.0,122.43,5989500.0,38.29588014981273,-2.2790393726515368,-2.28702115494569,-0.0009186570903624292,0.008828437647696743
PG,2021-06-01,120.46,120.65,117.52,117.88,117.88,9993900,Consumer Goods,120.516,121.19200000000001,121.00549999999998,119.86840000000001,120.6978714202306,120.43087934314909,0.26699207708151107,0.7288934788983747,119.63,10477100.0,122.39,6981300.0,122.18,7690700.0,34.573119188503796,-3.6849415801944674,-3.5193976100834967,-0.014628437682855489,0.00965038882000886
PG,2021-06-02,117.99,118.54,117.56,118.39,118.39,8254100,Consumer Goods,119.63399999999999,120.93799999999999,120.95750000000001,119.94120000000001,120.34281427865665,120.27970309550842,0.06311118314822295,0.5957370197483444,117.88,9993900.0,122.8,8142400.0,120.93,9239100.0,41.628959276018136,-3.591205211726378,-2.100388654593577,0.004326433661350659,0.00962590616290128
PG,2021-06-03,118.19,120.57,118.16,120.51,120.51,11249800,Consumer Goods,119.22999999999999,120.87100000000001,121.0635,120.0138,120.36853515886332,120.29676212547076,0.07177303339256014,0.49094422247718755,118.39,8254100.0,122.53,8122900.0,121.18,9806800.0,42.61565836298934,-1.6485758589733113,-0.5528965175771616,0.017906917814004553,0.011503914884527441
PG,2021-06-04,120.38,121.2,120.11,120.6,120.6,6894400,Consumer Goods,119.402,120.68900000000001,121.09949999999999,120.08879999999999,120.4041451344228,120.31922419025071,0.08492094417209728,0.4097395668161695,120.51,11249800.0,119.74,33095700.0,122.42,8768200.0,41.73441734417337,0.7182228161015436,-1.486685182159786,0.0007468259895444529,0.010896128597341112
PG,2021-06-07,120.97,121.39,120.36,121.02,121.02,8418000,Consumer Goods,119.67999999999999,120.549,121.15599999999999,120.156,120.49889203681929,120.37113350949139,0.12775852732789872,0.35334335891851537,120.6,6894400.0,119.63,10477100.0,122.42,10161000.0,44.8398576512455,1.1619159073810836,-1.1436039862767533,0.0034825870646766344,0.011002511544697051
PG,2021-06-08,121.25,121.31,119.54,119.62,119.62,6911500,Consumer Goods,120.02799999999999,120.272,121.0305,120.16040000000001,120.36367787730863,120.3154939902698,0.048183887038831585,0.2923114645425786,121.02,8418000.0,117.88,9993900.0,122.39,6981300.0,44.24934152765582,1.4760773668137217,-2.2632568020263033,-0.011568335812262354,0.011477748558506353
PG,2021-06-09,120.25,121.04,119.53,119.57,119.57,6200700,Consumer Goods,120.26400000000001,119.949,120.9325,120.1266,120.24157358849192,120.26027221321277,-0.01869862472085515,0.2301094466898919,119.62,6911500.0,118.39,8254100.0,122.8,8142400.0,42.806076854334165,0.996705802854958,-2.6302931596091206,-0.0004179903026251264,0.011335283335681273
PG,2021-06-10,119.78,120.96,119.42,120.46,120.46,6515500,Consumer Goods,120.25399999999999,119.74199999999999,120.9435,120.1478,120.27517765180086,120.27506686408591,0.0001107877149451042,0.18410971489490252,119.57,6200700.0,120.51,11249800.0,122.53,8122900.0,40.959409594095916,-0.04149033275248071,-1.6893821921162178,0.0074433386300911675,0.011775135376461314
PG,2021-06-11,120.43,120.53,118.78,119.64,119.64,10641400,Consumer Goods,120.06199999999998,119.732,120.81699999999998,120.153,120.17745801306228,120.22802487415362,-0.05056686109134034,0.13717439969765394,120.46,6515500.0,120.6,6894400.0,119.74,33095700.0,38.078902229845625,-0.7960199004975022,-0.08351428094203195,-0.006807238917482916,0.009443522368319492
PG,2021-06-14,119.74,119.79,118.84,119.68,119.68,6302000,Consumer Goods,119.79400000000001,119.737,120.6795,120.17939999999999,120.10092601105269,120.18743043903113,-0.08650442797843994,0.09243863416243517,119.64,10641400.0,121.02,8418000.0,119.63,10477100.0,38.389031705227104,-1.107254999173679,0.04179553623673282,0.00033433634236046395,0.009438931098259176
PG,2021-06-15,119.94,120.33,119.36,119.45,119.45,5543400,Consumer Goods,119.76000000000002,119.89399999999998,120.543,120.1628,120.00078354781381,120.13280596206587,-0.13202241425206296,0.04754642447953554,119.68,6302000.0,119.62,6911500.0,117.88,9993900.0,35.422106179286374,-0.1421167028924919,1.3318629114353664,-0.0019217914438502959,0.007981346813411106
PG,2021-06-16,119.92,120.27,117.68,117.79,117.79,8936400,Consumer Goods,119.404,119.83400000000002,120.386,120.11220000000002,119.6606630019963,119.95926477969063,-0.29860177769432994,-0.021683215955237554,119.45,5543400.0,119.57,6200700.0,118.39,8254100.0,31.599378881987604,-1.4886677260182224,-0.5067995607737075,-0.013897028045207205,0.009212381425315368
PG,2021-06-17,117.83,119.01,117.68,118.86,118.86,7875600,Consumer Goods,119.08399999999999,119.66900000000001,120.27000000000001,120.07879999999999,119.53748407861225,119.8778377589728,-0.34035368036055047,-0.08541730883630015,117.79,8936400.0,120.46,6515500.0,120.51,11249800.0,46.05734767025091,-1.3282417399966717,-1.3691809808314748,0.00908396298497327,0.007524753608951147
PG,2021-06-18,118.29,118.3,117.05,117.13,117.13,13997600,Consumer Goods,118.582,119.32199999999997,120.00550000000001,120.0016,119.1671019126719,119.67429422127111,-0.5071923085992154,-0.16977230878888322,118.86,7875600.0,119.64,10641400.0,120.6,6894400.0,40.21909233176839,-2.097960548311606,-2.8772802653399654,-0.014554938583207222,0.008538092993310918
PG,2021-06-21,117.71,118.22,117.45,118.05,118.05,8014800,Consumer Goods,118.256,119.025,119.78699999999999,119.9584,118.99524007995313,119.55397613080657,-0.5587360508534402,-0.24756505720179464,117.13,13997600.0,119.68,6302000.0,121.02,8418000.0,50.711297071129714,-1.361965240641716,-2.4541398116013857,0.007854520618116645,0.008999676060613677
PG,2021-06-22,118.02,118.89,117.88,118.09,118.09,6550900,Consumer Goods,117.98400000000001,118.872,119.572,119.90639999999999,118.85597237534496,119.44553345445054,-0.5895610791055788,-0.3159642615825515,118.05,8014800.0,119.45,5543400.0,119.62,6911500.0,48.693379790940774,-1.1385516952699848,-1.2790503260324382,0.0003388394747989576,0.008428039969587728
PG,2021-06-23,117.94,118.31,117.38,117.92,117.92,5796000,Consumer Goods,118.00999999999999,118.70700000000002,119.328,119.88279999999999,118.71197662529188,119.3325309763431,-0.6205543510512115,-0.3768822794762835,118.09,6550900.0,117.79,8936400.0,119.57,6200700.0,36.41133263378803,0.11036590542490288,-1.3799448022078997,-0.0014395799813701204,0.00842296508662957
PG,2021-06-24,117.94,118.26,117.72,118.0,118.0,6056700,Consumer Goods,117.838,118.46100000000001,119.10150000000002,119.8522,118.60244175986236,119.23382497809547,-0.6313832182331112,-0.4277824672276491,117.92,5796000.0,118.86,7875600.0,120.46,6515500.0,36.3445378151261,-0.7235402995120266,-2.042171675244886,0.0006784260515604323,0.00789263823153995
PG,2021-06-25,118.22,120.24,117.94,119.69,119.69,24504900,Consumer Goods,118.35,118.46599999999998,119.099,119.8266,118.76975841219122,119.26761572045876,-0.49785730826754104,-0.44179743543562755,118.0,6056700.0,117.13,13997600.0,119.64,10641400.0,43.836886005560714,2.1856057372150683,0.04179204279504134,0.014322033898304998,0.009193565871432925
PG,2021-06-28,119.67,120.79,119.55,120.04,120.04,6065400,Consumer Goods,118.748,118.50200000000002,119.11949999999999,119.8078,118.96518019493104,119.32482937079516,-0.3596491758641207,-0.4253677835213262,119.69,24504900.0,118.05,8014800.0,119.68,6302000.0,52.15605749486654,1.685726387124098,0.30080213903742603,0.0029242209040021283,0.009237903005870057
PG,2021-06-29,120.21,120.5,118.71,119.23,119.23,5792300,Consumer Goods,118.976,118.48000000000002,119.18700000000001,119.78399999999999,119.00592170340319,119.31780497295848,-0.31188326955529533,-0.4026708807281201,120.04,6065400.0,118.09,6550900.0,119.45,5543400.0,48.380952380952436,0.9653653992717448,-0.18417748011719803,-0.006747750749750092,0.00949169373565625
PG,2021-06-30,119.39,120.02,119.13,119.7,119.7,5776600,Consumer Goods,119.332,118.671,119.25249999999998,119.74960000000002,119.11270297980269,119.3461157157023,-0.23341273589960565,-0.36881925176241726,119.23,5792300.0,117.92,5796000.0,117.79,8936400.0,46.23015873015878,1.5094979647218398,1.6215298412428858,0.003941960915876841,0.008209391212504516
PG,2021-07-01,120.14,120.77,119.69,119.97,119.97,5922300,Consumer Goods,119.726,118.782,119.22550000000001,119.73639999999999,119.24459482906381,119.39232936639102,-0.1477345373272101,-0.32460230887537583,119.7,5776600.0,118.0,6056700.0,118.86,7875600.0,51.73137460650576,1.6694915254237275,0.9338717819283193,0.0022556390977443996,0.007794963317679786
PG,2021-07-02,120.29,121.21,120.13,120.56,120.56,5572000,Consumer Goods,119.9,119.125,119.22350000000002,119.759,119.4469648553617,119.4788234873991,-0.03185863203739814,-0.2660535735077803,119.97,5922300.0,119.69,24504900.0,117.13,13997600.0,54.36507936507934,0.7268777675662141,2.9283701869717405,0.004917896140701927,0.005617327136480547
PG,2021-07-06,120.22,120.91,120.08,120.63,120.63,6534400,Consumer Goods,120.018,119.383,119.204,119.79520000000001,119.62897026222913,119.56409582166583,0.06487444056330105,-0.19986797069356405,120.56,5572000.0,120.04,6065400.0,118.05,8014800.0,55.94758064516125,0.4915028323891901,2.185514612452355,0.0005806237558061422,0.005370679364729005
PG,2021-07-07,120.67,122.06,120.67,121.53,121.53,5532700,Consumer Goods,120.478,119.727,119.2995,119.897,119.92143637573236,119.7097183533943,0.21171802233806147,-0.11755077208723896,120.63,6534400.0,119.23,5792300.0,118.09,6550900.0,70.414847161572,1.9290447035142044,2.9130324328901613,0.0074608306391446,0.0055683853452837325
PG,2021-07-08,121.53,121.89,120.55,121.52,121.52,7585200,Consumer Goods,120.84199999999998,120.08699999999999,119.397,120.0,120.1673692410043,119.8438132901799,0.3235559508243995,-0.02932942750491127,121.53,5532700.0,119.7,5776600.0,117.92,5796000.0,66.41975308641969,1.5204678362572999,3.0529172320217013,-8.228420966016614e-05,0.0054667557995133256
PG,2021-07-09,121.75,122.11,121.39,121.56,121.56,5948700,Consumer Goods,121.16,120.44299999999998,119.452,120.0998,120.38162012700363,119.97093823164805,0.4106818953555802,0.058672837067187025,121.52,7585200.0,119.97,5922300.0,118.0,6056700.0,84.55538221528853,1.3253313328332128,3.016949152542381,0.0003291639236340238,0.005484501463323929
PG,2021-07-12,121.45,121.95,121.03,121.66,121.66,6807300,Consumer Goods,121.38,120.64000000000001,119.55300000000003,120.18199999999999,120.57829395361846,120.09605391819264,0.48224003542581784,0.1433862767389132,121.56,5948700.0,120.56,5572000.0,119.69,24504900.0,82.28980322003568,0.9124087591240837,1.645918623109699,0.0008226390259953309,0.0037827562586093353
PG,2021-07-13,120.99,122.04,120.99,121.51,121.51,5603800,Consumer Goods,121.556,120.78699999999999,119.6445,120.245,120.72163334536945,120.20079066499318,0.5208426803762762,0.21887755746638582,121.66,6807300.0,120.63,6534400.0,120.04,6065400.0,80.0,0.7295034402719169,1.224591802732422,-0.001232944270918912,0.003853743221902445
PG,2021-07-14,121.54,122.63,120.98,122.4,122.4,5903600,Consumer Goods,121.73000000000002,121.104,119.792,120.2978,120.979843599928,120.36369506017887,0.6161485397491333,0.2983317539229353,121.51,5603800.0,121.53,5532700.0,119.23,5792300.0,84.89096573208725,0.7158726240434454,2.6587268304956835,0.007324500041148818,0.003118230383047582
PG,2021-07-15,122.43,123.54,122.16,123.45,123.45,7357100,Consumer Goods,122.11600000000001,121.47900000000001,120.075,120.37980000000002,121.35986766147754,120.59231024090636,0.7675574205711797,0.39217688725258426,122.4,5903600.0,121.52,7585200.0,119.7,5776600.0,86.87415426251692,1.5882159315339095,3.1328320802004983,0.008578431372548989,0.0036363357699182356
PG,2021-07-16,123.57,124.89,123.41,124.65,124.65,9346300,Consumer Goods,122.734,121.947,120.36449999999999,120.505,121.86604186740406,120.89287985269107,0.9731620147129973,0.5083739127446669,123.45,7357100.0,121.56,5948700.0,119.97,5922300.0,85.94202898550728,2.5419545903257568,3.900975243810967,0.009720534629404698,0.004171603004494262
PG,2021-07-19,124.48,125.85,123.14,124.59,124.59,9544100,Consumer Goods,123.32000000000001,122.35,120.7375,120.5992,122.2851123493419,121.16674060434359,1.1183717449983135,0.6303734791953963,124.65,9346300.0,121.66,6807300.0,120.56,5572000.0,84.41754916792736,2.4083511425283533,3.342733908427342,-0.00048134777376651616,0.004361936204258966
PG,2021-07-20,124.59,125.95,123.88,123.92,123.92,8136300,Consumer Goods,123.80199999999999,122.679,121.03100000000002,120.6798,122.53663352636622,121.37068574476258,1.1659477816036343,0.737488339677044,124.59,9544100.0,121.51,5603800.0,120.63,6534400.0,86.24420401854712,1.9833758538391866,2.7273480891983892,-0.0053776386547876864,0.005116625535143089
PG,2021-07-21,124.15,124.37,123.3,123.49,123.49,6954700,Consumer Goods,124.02000000000001,122.875,121.301,120.70700000000001,122.68330529154065,121.52767198589129,1.15563330564936,0.8211173328715072,123.92,8136300.0,122.4,5903600.0,121.53,5532700.0,79.47122861586304,0.8905228758169903,1.6127705093392564,-0.0034699806326662364,0.005155459791691731
PG,2021-07-22,122.56,123.49,122.04,123.01,123.01,6013800,Consumer Goods,123.93200000000002,123.024,121.55550000000001,120.7366,122.73356601591902,121.63747406101045,1.096091954908573,0.8761122572789204,123.49,6954700.0,123.45,7357100.0,121.52,7585200.0,72.89156626506029,-0.356419603078173,1.22613561553655,-0.0038869544092637875,0.005427682810461239
PG,2021-07-23,122.73,124.96,122.37,124.79,124.79,7906000,Consumer Goods,123.96,123.34700000000001,121.89500000000001,120.8276,123.04994047500841,121.8709945009356,1.1789459740728176,0.9366790006376998,123.01,6013800.0,124.65,9346300.0,121.56,5948700.0,77.01149425287359,0.11231448054553894,2.657124053965121,0.01447036826274295,0.0068277332463096705
PG,2021-07-26,124.64,125.71,124.28,125.23,125.23,5925800,Consumer Goods,124.08800000000001,123.704,122.172,120.88879999999999,123.38533424808404,122.11980972308851,1.2655245249955271,1.0024481055092653,124.79,7906000.0,124.59,9544100.0,121.66,6807300.0,78.04878048780492,0.5136848864274901,2.934407364787117,0.0035259235515665566,0.0068009493123388385
PG,2021-07-27,125.11,126.42,124.98,125.74,125.74,7075400,Consumer Goods,124.452,124.127,122.457,120.955,123.74759051760957,122.38797196582269,1.3596185517868804,1.0738821947647885,125.23,5925800.0,123.92,8136300.0,121.51,5603800.0,76.95262483994878,1.4686894770819858,3.4811949633774875,0.004072506587878166,0.006646416197778871
PG,2021-07-28,125.57,125.57,123.83,123.87,123.87,8520000,Consumer Goods,124.52799999999999,124.274,122.689,120.98880000000001,123.76642274566964,122.49775182020619,1.2686709254634536,1.1128399409045215,125.74,7075400.0,123.49,6954700.0,122.4,5903600.0,62.1509824198553,0.3077172240667281,1.2009803921568585,-0.014871958008589092,0.0086209224418638
PG,2021-07-29,124.76,125.14,123.84,124.51,124.51,5430500,Consumer Goods,124.828,124.38,122.9295,121.06039999999999,123.88081924633586,122.64680724093166,1.234012005404196,1.1370743538044565,123.87,8520000.0,123.01,6013800.0,123.45,7357100.0,64.36222005842265,1.2194130558491167,0.8586472255974087,0.0051667070315652985,0.008361307982719186
PG,2021-07-30,126.76,129.03,126.36,126.97,126.97,14394300,Consumer Goods,125.26399999999998,124.61200000000001,123.27949999999998,121.1762,124.35607782382266,122.9670437416034,1.3890340822192542,1.187466299487416,124.51,5430500.0,124.79,7906000.0,124.65,9346300.0,71.02137767220908,1.746934850548909,1.8612113918972994,0.019757449200867416,0.009984407213423536
PG,2021-08-02,126.56,127.15,125.69,126.66,126.66,7009500,Consumer Goods,125.55,124.81899999999999,123.5845,121.26099999999998,124.7105273893884,123.2405960570402,1.4699313323482102,1.243959306059575,126.97,14394300.0,125.23,5925800.0,124.59,9544100.0,70.13291634089133,1.141898906012928,1.6614495545388852,-0.0024415216192801292,0.01005513709167988
PG,2021-08-03,126.64,128.74,126.33,128.5,128.5,8455700,Consumer Goods,126.102,125.277,123.97800000000002,121.3826,125.29352317563634,123.63018153429648,1.663341641339855,1.327835773115631,126.66,7009500.0,125.74,7075400.0,123.92,8136300.0,72.19796215429405,2.195005567043107,3.695932859909612,0.014527080372651158,0.010461530694158483
PG,2021-08-04,127.69,128.63,127.07,127.15,127.15,6628000,Consumer Goods,126.758,125.643,124.25900000000001,121.4778,125.5791349947692,123.89090882805229,1.688226166716916,1.399913851835888,128.5,8455700.0,123.87,8520000.0,123.49,6954700.0,63.17663817663821,2.647937353677232,2.9638027370637365,-0.010505836575875449,0.011206287193244228
PG,2021-08-05,127.97,128.15,126.29,127.21,127.21,5363300,Consumer Goods,127.298,126.06300000000002,124.5435,121.566,125.83003730326625,124.13676743338175,1.693269869884503,1.458585055445611,127.15,6628000.0,124.51,5430500.0,123.01,6013800.0,59.922480620155014,2.1685005220464237,3.414356556377518,0.00047188360204475366,0.01099217647384895
PG,2021-08-06,127.68,127.76,126.07,126.24,126.24,6030100,Consumer Goods,127.152,126.20800000000001,124.7775,121.64020000000001,125.89310848737914,124.29256243831644,1.6005460490627001,1.486977254169029,127.21,5363300.0,126.97,14394300.0,124.79,7906000.0,55.97393193338159,-0.5749389619595258,1.1619520794935445,-0.0076251866991589035,0.01074137677524027
PG,2021-08-09,126.72,127.29,126.49,126.92,126.92,4743800,Consumer Goods,127.204,126.377,125.0405,121.78380000000001,126.05109179701311,124.4871874428856,1.5639043541275157,1.5023626741607263,126.24,6030100.0,126.66,7009500.0,125.23,5925800.0,60.853835021707695,0.2052739617874666,1.3495168889243736,0.005386565272496924,0.010801939709366921
PG,2021-08-10,126.68,127.22,126.46,127.0,127.0,5253500,Consumer Goods,126.904,126.503,125.31500000000001,121.9312,126.1970776743957,124.67332170637555,1.5237559680201542,1.506641332932612,126.92,4743800.0,128.5,8455700.0,125.74,7075400.0,63.028953229398724,-1.1673151750972721,1.0020677588675087,0.0006303183107470023,0.010761864092271728
PG,2021-08-11,127.42,127.87,127.18,127.32,127.32,4205000,Consumer Goods,126.93799999999999,126.848,125.56099999999999,122.12,126.3698349552579,124.86937195034773,1.5004630049101735,1.5054056673281244,127.0,5253500.0,127.15,6628000.0,123.87,8520000.0,66.190833959429,0.1337003539126913,2.785178009203193,0.0025196850393700565,0.009194076719723736
PG,2021-08-12,127.79,127.79,127.07,127.61,127.61,4956100,Consumer Goods,127.018,127.15799999999999,125.769,122.3044,126.56062957752592,125.07238143550715,1.4882481420187617,1.5019741622662521,127.32,4205000.0,127.21,5363300.0,124.51,5430500.0,61.92893401015229,0.3144406886251172,2.489759858645879,0.0022777254162740235,0.009156364270122272
PG,2021-08-13,127.61,128.54,127.38,128.23,128.23,4888800,Consumer Goods,127.41599999999998,127.28399999999999,125.94800000000001,122.4588,126.81745579636808,125.30627910695107,1.511176689417013,1.5038146676964044,127.61,4956100.0,126.24,6030100.0,126.97,14394300.0,62.49999999999999,1.5763624841571566,0.9923604000944941,0.004858553404905486,0.00699278275234757
PG,2021-08-16,128.25,129.16,127.99,129.12,129.12,6040800,Consumer Goods,127.856,127.53000000000002,126.1745,122.6292,127.17169336615761,125.58877695088061,1.5829164152769977,1.5196350172125233,128.23,4888800.0,126.92,4743800.0,126.66,7009500.0,63.651050080775505,1.7333753545540453,1.9422074846044524,0.006940653513218598,0.0071067229555095875
PG,2021-08-17,128.9,129.98,128.45,129.33,129.33,7577000,Consumer Goods,128.322,127.61300000000001,126.44499999999998,122.79539999999999,127.50374054059492,125.86590458414872,1.637835956446196,1.543275205059258,129.12,6040800.0,127.0,5253500.0,128.5,8455700.0,75.4664179104478,1.834645669291346,0.6459143968871706,0.0016263940520446774,0.0055755489692772995
PG,2021-08-18,129.17,129.33,127.82,127.92,127.92,7162000,Consumer Goods,128.442,127.69000000000001,126.6665,122.9614,127.56778045742647,126.0180598001377,1.5497206572887592,1.5445642955051582,129.33,7577000.0,127.32,4205000.0,127.15,6628000.0,64.83899042645777,0.47125353440151674,0.6055839559575338,-0.010902342843887802,0.005664463635799907
PG,2021-08-19,127.8,129.69,127.8,129.43,129.43,5787200,Consumer Goods,128.80599999999998,127.91199999999999,126.9875,123.1586,127.85427577166854,126.27079611123862,1.5834796604299157,1.55234736849011,127.92,7162000.0,127.61,4956100.0,127.21,5363300.0,61.6698292220114,1.4262205156335694,1.7451458218693539,0.011804252657911185,0.006675280633412144
PG,2021-08-20,129.66,130.32,129.24,129.52,129.52,5273800,Consumer Goods,129.06400000000002,128.23999999999998,127.224,123.3398,128.1105410375657,126.5114778807765,1.5990631567891995,1.561690526149928,129.43,5787200.0,128.23,4888800.0,126.24,6030100.0,63.856589147286854,1.0060048350620132,2.5982256020278927,0.0006953565633933678,0.005843340868652209
PG,2021-08-23,128.81,129.74,128.75,128.86,128.86,4522200,Consumer Goods,129.012,128.43400000000003,127.40549999999999,123.52420000000001,128.22584241640175,126.68544248220047,1.5403999342012753,1.5574324077601975,129.52,5273800.0,129.12,6040800.0,126.92,4743800.0,51.969365426695916,-0.20136307311028334,1.5285219035612974,-0.005095738109944348,0.00621317487668376
PG,2021-08-24,128.56,128.68,127.64,127.82,127.82,4560400,Consumer Goods,128.70999999999998,128.51600000000002,127.5095,123.68700000000001,128.1634051215707,126.76948377981525,1.3939213417554441,1.5247301945592469,128.86,4522200.0,129.33,7577000.0,127.0,5253500.0,53.79388448471112,-1.167555864841896,0.6456692913385798,-0.008070774483936227,0.006922763460082384
PG,2021-08-25,127.72,127.77,126.99,127.36,127.36,3861500,Consumer Goods,128.598,128.52,127.68400000000001,123.84519999999999,128.03980433363674,126.81322572205116,1.2265786115855803,1.4650998779645137,127.82,4560400.0,127.92,7162000.0,127.32,4205000.0,50.81256771397619,-0.43777360850532077,0.03141690229344629,-0.0035988108277263953,0.007010493086269091
PG,2021-08-26,127.26,127.4,126.29,127.14,127.14,4749400,Consumer Goods,128.14,128.473,127.8155,124.03219999999999,127.90137289769262,126.83743122412143,1.0639416735711933,1.3848682370858498,127.36,3861500.0,129.43,5787200.0,127.61,4956100.0,55.306603773584904,-1.7692961446341693,-0.3683096935976793,-0.0017273869346733361,0.006983660474757065
PG,2021-08-27,127.19,127.45,126.44,127.04,127.04,4741200,Consumer Goods,127.644,128.35399999999998,127.819,124.1958,127.7688539903553,126.85243631863096,0.9164176717243322,1.2911781240135463,127.14,4749400.0,129.52,5273800.0,128.23,4888800.0,50.759493670886094,-1.914762198888209,-0.9280199641269471,-0.0007865345288657899,0.006740033815105104
PG,2021-08-30,127.3,127.65,126.81,127.59,127.59,3845800,Consumer Goods,127.38999999999999,128.20100000000002,127.8655,124.405,127.7413379918391,126.90707066539903,0.8342673264400702,1.1997959644988512,127.04,4741200.0,128.86,4522200.0,129.12,6040800.0,53.52449223416966,-0.9855657302498932,-1.1849442379182173,0.004329345088161185,0.00644619429326604
PG,2021-08-31,127.69,128.13,126.81,127.11,127.11,9642400,Consumer Goods,127.248,127.979,127.796,124.58619999999999,127.6442090700177,126.92210246796206,0.7221066020556322,1.1042580920102074,127.59,3845800.0,127.82,4560400.0,129.33,7577000.0,48.769050410316574,-0.5554686277577825,-1.7165390860589325,-0.003762050317423049,0.006411343088670961
PG,2021-09-01,127.06,128.72,126.97,128.4,128.4,6214200,Consumer Goods,127.45599999999999,128.027,127.8585,124.7924,127.76048459770728,127.03157635922413,0.7289082384831431,1.0291881213047946,127.11,9642400.0,127.36,3861500.0,127.92,7162000.0,54.1448058761805,0.816582914572872,0.37523452157599557,0.01014869011092756,0.006513443096252414
PG,2021-09-02,128.52,129.2,128.17,128.5,128.5,5392500,Consumer Goods,127.72800000000002,127.93400000000001,127.923,125.00400000000002,127.87425619806001,127.14034848076308,0.7339077172969297,0.9701320405032218,128.4,6214200.0,127.14,4749400.0,129.43,5787200.0,51.4983351831299,1.0696869592575098,-0.7185351155064579,0.0007788161993769194,0.0051598300068843705
PG,2021-09-03,128.33,128.88,128.12,128.59,128.59,5466400,Consumer Goods,128.038,127.84100000000001,128.0405,125.21580000000002,127.98437062912771,127.24773007478062,0.7366405543470904,0.9234337432719956,128.5,5392500.0,127.04,4741200.0,129.52,5273800.0,46.772228989037764,1.2200881612090653,-0.7180358245830853,0.0007003891050583189,0.005159982430422962
PG,2021-09-07,128.83,128.99,127.91,128.11,128.11,6520600,Consumer Goods,128.142,127.766,128.1,125.3842,128.00369822464654,127.31160192109317,0.6920963035533703,0.8771662553282706,128.59,5466400.0,127.59,3845800.0,128.86,4522200.0,42.806603773584925,0.4075554510541757,-0.5820270060530763,-0.0037327941519557095,0.005048005609731889
PG,2021-09-08,127.73,129.39,127.66,129.08,129.08,6897800,Consumer Goods,128.536,127.89200000000001,128.204,125.565,128.16928311316246,127.44259437138257,0.7266887417798955,0.8470707526185957,128.11,6520600.0,127.11,9642400.0,127.82,4560400.0,57.213930348258764,1.54983872236647,0.9857612267250904,0.00757161814066043,0.004887207491789841
PG,2021-09-09,129.06,129.33,128.24,128.54,128.54,6354700,Consumer Goods,128.56400000000002,128.01,128.26500000000001,125.75120000000001,128.22631648036824,127.52388367720607,0.7024328031621678,0.8181431627273101,129.08,6897800.0,128.4,6214200.0,127.36,3861500.0,43.70579915134362,0.10903426791275539,0.9265075376884369,-0.004183452122714759,0.004951306265049137
PG,2021-09-10,128.6,128.96,127.94,128.66,128.66,5750000,Consumer Goods,128.596,128.162,128.3175,125.93039999999999,128.29303702185004,127.60804044185747,0.6849965799925712,0.7915138461803624,128.54,6354700.0,128.5,5392500.0,127.14,4749400.0,43.94366197183091,0.1245136186770468,1.1955324838760495,0.0009335615372647599,0.0048631225281723185
PG,2021-09-13,129.31,131.43,129.31,130.05,130.05,9952500,Consumer Goods,128.888,128.46300000000002,128.4085,126.132,128.56333901848848,127.78892633505322,0.7744126834352585,0.7880936136313417,128.66,5750000.0,128.59,5466400.0,127.04,4741200.0,57.598978288633404,1.1353915545532445,2.3693324937027693,0.010803668583864612,0.005653966996590139
PG,2021-09-14,130.45,130.65,129.4,129.82,129.82,5831800,Consumer Goods,129.23,128.68599999999998,128.44350000000003,126.3172,128.75667147718255,127.93937623616038,0.8172952410221654,0.7939339391095065,130.05,9952500.0,128.11,6520600.0,127.59,3845800.0,64.24501424501418,1.334790414487541,1.7477858766360876,-0.0017685505574780436,0.005745910364723179
PG,2021-09-15,129.75,130.13,129.21,129.55,129.55,6237100,Consumer Goods,129.32399999999998,128.93,128.4545,126.4956,128.87872201915448,128.0586817001485,0.8200403190059831,0.7991552150888018,129.82,5831800.0,129.08,6897800.0,127.11,9642400.0,66.03221083455347,0.3641152773473877,1.919597199276235,-0.0020798028038822025,0.005589121057199813
PG,2021-09-16,129.3,129.61,127.49,128.65,128.65,6142100,Consumer Goods,129.346,128.95499999999998,128.491,126.638,128.84353401620763,128.10248305569306,0.7410509605145705,0.7875343641739556,129.55,6237100.0,128.54,6354700.0,128.4,6214200.0,60.053262316910775,0.0855764742492715,0.19470404984422984,-0.006947124662292636,0.005403055660401631
PG,2021-09-17,128.88,130.58,128.75,128.85,128.85,18737400,Consumer Goods,129.38400000000001,128.99,128.462,126.7846,128.8445287829449,128.15785468119728,0.6866741017476272,0.7673623116886901,128.65,6142100.0,128.66,5750000.0,128.5,5392500.0,61.892247043363874,0.14767604539094314,0.27237354085603016,0.001554605518849561,0.00541771778673803
PG,2021-09-20,128.74,129.31,126.74,127.56,127.56,10238700,Consumer Goods,128.88600000000002,128.887,128.36399999999998,126.90460000000002,128.64690897018414,128.11356914925673,0.5333398209274094,0.720557813536434,128.85,18737400.0,130.05,9952500.0,128.59,5466400.0,49.82035928143712,-1.9146482122260777,-0.8009954117738527,-0.010011641443538943,0.006311744344966661
PG,2021-09-21,127.64,129.02,127.55,127.75,127.75,6651300,Consumer Goods,128.472,128.851,128.3085,127.02640000000001,128.5089229747712,128.08663810116366,0.42228487360753775,0.6609032255506548,127.56,10238700.0,129.82,5831800.0,128.11,6520600.0,53.97022332506203,-1.5945154829764219,-0.28100850831317414,0.0014894951395421074,0.006256641004607693
PG,2021-09-22,128.39,128.86,127.53,128.19,128.19,6332500,Consumer Goods,128.2,128.762,128.327,127.16,128.45985790172946,128.0942945381145,0.36556336361496733,0.6018352531635174,127.75,6651300.0,129.55,6237100.0,129.08,6897800.0,48.543689320388296,-1.0497877267464428,-0.6894948868918616,0.0034442270058707702,0.0058019390676460145
PG,2021-09-23,128.6,129.16,128.09,128.72,128.72,5171200,Consumer Goods,128.214,128.78,128.395,127.28640000000001,128.49987976300184,128.14064309084677,0.3592366721550775,0.5533155369618294,128.19,6332500.0,128.65,6142100.0,128.54,6354700.0,51.43979057591622,0.054411193159720206,0.14003423058970288,0.004134487869568604,0.005839430851125809
PG,2021-09-24,128.37,128.95,127.74,128.15,128.15,5009400,Consumer Goods,128.074,128.72899999999998,128.44549999999998,127.3804,128.4460521071554,128.1413361952285,0.3047159119269054,0.5035956119548447,128.72,5171200.0,128.85,18737400.0,128.66,5750000.0,47.29064039408868,-0.543267365153266,-0.3963935955230813,-0.004428216283405839,0.006003874297233219
PG,2021-09-27,127.79,127.81,126.33,126.46,126.46,5749700,Consumer Goods,127.854,128.37,128.41649999999998,127.4166,128.1405056291315,128.01679277335973,0.12371285577177105,0.42761906071822997,128.15,5009400.0,127.56,10238700.0,130.05,9952500.0,41.157556270096386,-0.8623392913138961,-2.7604767397155117,-0.013187670698400433,0.005828851958208863
PG,2021-09-28,125.91,126.2,124.58,125.5,125.5,7015300,Consumer Goods,127.404,127.93800000000002,128.31199999999998,127.4348,127.73427399388049,127.83036367903678,-0.09608968515628646,0.3228773115433267,126.46,5749700.0,127.75,6651300.0,129.82,5831800.0,30.793991416308998,-1.7612524461839585,-3.3276844862116683,-0.007591333227898067,0.006004765067819391
PG,2021-09-29,125.22,127.37,125.14,126.78,126.78,5460000,Consumer Goods,127.122,127.66099999999999,128.2955,127.49199999999999,127.58746261020656,127.75255896207109,-0.16509635186453409,0.22528257886175457,125.5,7015300.0,128.19,6332500.0,129.55,6237100.0,41.25248508946327,-1.099929791715415,-2.138170590505606,0.010199203187251094,0.007391488630967769
PG,2021-09-30,127.33,127.42,124.56,124.8,124.8,6934900,Consumer Goods,126.338,127.276,128.11550000000003,127.5182,127.15862220863632,127.53385089080656,-0.3752286821702455,0.10518032665535457,126.78,5460000.0,128.72,5171200.0,128.65,6142100.0,33.80872483221478,-3.045369794903663,-2.992615623785466,-0.015617605300520587,0.008451323215798303
PG,2021-10-01,124.91,125.18,123.48,124.6,124.6,5587200,Consumer Goods,125.628,126.85099999999997,127.92050000000002,127.55,126.76498802269226,127.31652860259867,-0.5515405799064013,-0.02616385465699661,124.8,6934900.0,128.15,5009400.0,128.85,18737400.0,24.60391425908658,-2.770191182208359,-3.2984090027163404,-0.0016025641025640969,0.008320164778216243
PG,2021-10-04,124.43,125.33,122.83,123.9,123.9,5816000,Consumer Goods,125.11600000000001,126.48499999999999,127.686,127.53219999999999,126.32422063458576,127.06345240981358,-0.7392317752278217,-0.16877743877116164,124.6,5587200.0,126.46,5749700.0,127.56,10238700.0,23.571428571428527,-2.024355527439492,-2.8692380056444033,-0.00561797752808979,0.008038611988801273
PG,2021-10-05,123.91,125.44,123.83,124.38,124.38,6902700,Consumer Goods,124.89200000000001,126.148,127.49949999999998,127.51520000000001,126.0251097677264,126.8646781572348,-0.8395683895084005,-0.3029356289186094,123.9,5816000.0,125.5,7015300.0,127.75,6651300.0,27.344434706397763,-0.8924302788844707,-2.637964774951085,0.0038740920096851372,0.008215971377223593
PG,2021-10-06,124.08,126.1,123.74,126.04,126.04,5332900,Consumer Goods,124.744,125.93299999999999,127.3475,127.5212,126.02740057269158,126.80359088632852,-0.7761903136369455,-0.39758656586227664,124.38,6902700.0,126.78,5460000.0,128.19,6332500.0,39.2769104354971,-0.5836882789083453,-1.6771979093533007,0.013346197137803495,0.009523318135798998
PG,2021-10-07,126.54,127.68,126.54,127.05,127.05,5334600,Consumer Goods,125.194,125.766,127.273,127.5848,126.18472356150825,126.82184341326715,-0.6371198517588965,-0.44549322304160066,126.04,5332900.0,124.8,6934900.0,128.72,5171200.0,43.06625577812018,1.8028846153846256,-1.2973896830329457,0.008013329101872246,0.00985816470178114
PG,2021-10-08,127.02,127.32,125.91,126.52,126.52,6131800,Consumer Goods,125.578,125.603,127.16600000000001,127.62500000000001,126.23630455204544,126.79948464191403,-0.5631800898685952,-0.4690305964069996,127.05,5334600.0,124.6,5587200.0,128.15,5009400.0,45.7446808510638,1.540930979133237,-1.2719469371829994,-0.0041715859897678564,0.009849334428473156
PG,2021-10-11,127.09,127.45,126.56,127.05,127.05,5995600,Consumer Goods,126.208,125.66199999999999,127.016,127.6266,126.36148846711536,126.81804133510559,-0.45655286799022576,-0.4665350507236449,126.52,6131800.0,123.9,5816000.0,126.46,5749700.0,47.21337579617833,2.5423728813559254,0.4665506879645731,0.0041890610180208565,0.009002864216114922
PG,2021-10-12,127.3,127.69,126.49,126.86,126.86,6734800,Consumer Goods,126.704,125.798,126.86799999999998,127.63060000000002,126.43818254909762,126.82114938435703,-0.3829668352594098,-0.44982140763079786,127.05,5995600.0,124.38,6902700.0,125.5,7015300.0,44.5978878960195,1.9938896928766825,1.083665338645412,-0.0014954742227469842,0.008590918929368844
PG,2021-10-13,127.12,127.44,125.9,127.15,127.15,5689800,Consumer Goods,126.926,125.835,126.748,127.6036,126.54769292615953,126.84550868921946,-0.29781576305992985,-0.4194202787166243,126.86,6734800.0,126.04,5332900.0,126.78,5460000.0,43.4962717481359,0.8806728022849875,0.2918441394541782,0.0022859845498974796,0.008005337148132043
PG,2021-10-14,127.5,128.82,127.49,128.59,128.59,6777800,Consumer Goods,127.23400000000001,126.21400000000001,126.745,127.6324,126.86189401444267,126.97473026779579,-0.11283625335312308,-0.35810347364392403,127.15,5689800.0,127.05,5334600.0,124.8,6934900.0,51.70015455950539,1.21212121212122,3.036858974358969,0.011325206449075864,0.006422754471152485
PG,2021-10-15,129.01,129.32,128.26,128.92,128.92,6923700,Consumer Goods,127.71400000000001,126.64599999999999,126.7485,127.6666,127.17852570452841,127.11882432203313,0.05970138249527679,-0.27454250241608386,128.59,6777800.0,126.52,6131800.0,124.6,5587200.0,60.62176165803109,1.8969332911792591,3.4670947030497556,0.002566295979469446,0.006221919888347272
PG,2021-10-18,128.15,128.28,126.85,127.07,127.07,9119000,Consumer Goods,127.718,126.96300000000001,126.724,127.6832,127.16182944229328,127.11520770558623,0.04662173670705272,-0.21030965459145654,128.92,6923700.0,127.05,5995600.0,123.9,5816000.0,56.295108259823564,0.015741833923654802,2.558514931396272,-0.014349984486503264,0.007993567975114415
PG,2021-10-19,124.16,125.71,123.91,125.57,125.57,9555300,Consumer Goods,127.46,127.082,126.61500000000001,127.65619999999998,126.9169326050174,127.0007478755428,-0.08381527052540605,-0.18501077777824645,127.07,9119000.0,126.86,6734800.0,124.38,6902700.0,45.232466509062206,-1.0168689894371807,0.9567454574690437,-0.011804517195246667,0.009159402408958866
PG,2021-10-20,125.11,126.73,124.84,126.06,126.06,7352700,Consumer Goods,127.242,127.08399999999999,126.5085,127.6374,126.7850968196301,126.93106284772482,-0.14596602809471904,-0.17720182784154098,125.57,9555300.0,127.15,5689800.0,126.04,5332900.0,55.625000000000036,-0.8572552103814468,0.015867978419548123,0.003902205940909509,0.008178201609345185
PG,2021-10-21,126.52,126.79,125.01,125.15,125.15,6545500,Consumer Goods,126.554,126.894,126.33,127.594,126.53354346276393,126.79913226641187,-0.2655888036479439,-0.1948792230028216,126.06,7352700.0,128.59,6777800.0,127.05,5334600.0,52.308984047019365,-2.675169142235012,-1.4954742227469398,-0.007218784705695702,0.007944568070167302
PG,2021-10-22,125.2,126.66,125.14,126.5,126.5,5265000,Consumer Goods,126.07000000000001,126.89200000000001,126.24749999999999,127.57179999999998,126.52838293003103,126.77697432075173,-0.2485913907207049,-0.20562165654639827,125.15,6545500.0,128.92,6923700.0,126.52,6131800.0,60.35031847133758,-1.8771331058020424,-0.015807777426490865,0.010787055533360013,0.008748462658946169
PG,2021-10-25,126.12,126.58,124.9,126.52,126.52,5382100,Consumer Goods,125.96,126.83900000000001,126.25050000000002,127.5376,126.52709324848779,126.75793918588124,-0.23084593739345394,-0.2106665127158094,126.5,5265000.0,127.07,9119000.0,127.05,5995600.0,58.842975206611584,-0.43283229715904703,-0.41715859897678564,0.00015810276679828483,0.0086269802178604
PG,2021-10-26,127.21,128.61,126.87,128.31,128.31,6234900,Consumer Goods,126.508,126.984,126.391,127.5214,126.80138659487429,126.87290665359374,-0.07152005871945732,-0.182837221916539,126.52,5382100.0,125.57,9555300.0,126.86,6734800.0,59.28045789043336,2.18204985267183,1.142992274948762,0.0141479607967121,0.009748539059221784
PG,2021-10-27,128.57,129.06,127.27,127.4,127.4,9643500,Consumer Goods,126.776,127.00900000000001,126.422,127.48280000000001,126.89348096489363,126.91195060517938,-0.01846964028575826,-0.14996370559038286,128.31,6234900.0,126.06,7352700.0,127.15,5689800.0,51.442704039571346,1.0629858797398084,0.19661816751868066,-0.007092198581560294,0.010075913358202073
PG,2021-10-28,127.45,128.34,127.29,128.16,128.16,4538500,Consumer Goods,127.378,126.96599999999998,126.58999999999999,127.4876,127.08833004721768,127.00439870849942,0.08393133871825853,-0.10318469672865459,127.4,9643500.0,125.15,6545500.0,128.59,6777800.0,56.63430420711976,2.40511386336395,-0.3343961427793807,0.005965463108320135,0.009549668923858362
PG,2021-10-29,127.69,128.88,127.57,128.44,128.44,6239500,Consumer Goods,127.76599999999999,126.918,126.782,127.46779999999998,127.29627927072266,127.11073954490688,0.18553972581578648,-0.04543981221976638,128.16,4538500.0,126.5,5265000.0,128.92,6923700.0,55.739058629232055,1.533596837944673,-0.37232392181196783,0.002184769038701573,0.009537727178587039
PG,2021-11-01,128.77,129.16,127.99,128.12,128.12,5038900,Consumer Goods,128.086,127.023,126.99299999999998,127.43980000000002,127.42300553676533,127.18549957861748,0.23750595814784958,0.011149341853756815,128.44,6239500.0,126.52,5382100.0,127.07,9119000.0,55.14705882352944,1.2646221941195135,0.8263162036672878,-0.002491435689816246,0.008251671492638316
PG,2021-11-02,128.19,129.87,127.8,129.4,129.4,9954300,Consumer Goods,128.30400000000003,127.40599999999999,127.244,127.4506,127.72715853110913,127.34953664686803,0.3776218842410941,0.08444385033122428,128.12,5038900.0,128.31,6234900.0,125.57,9555300.0,58.503401360544245,0.8495051048242663,3.05009158238434,0.009990633780830427,0.007367751892203861
PG,2021-11-03,129.46,130.34,128.91,130.29,130.29,7620100,Consumer Goods,128.882,127.829,127.4565,127.5,128.1214418340154,127.56734874710003,0.5540930869153726,0.17837369764805394,129.4,9954300.0,127.4,9643500.0,126.06,7352700.0,56.70347003154573,2.2684458398744,3.355544978581615,0.006877897990726245,0.007466174938601667
PG,2021-11-04,128.3,130.59,127.85,130.53,130.53,6402500,Consumer Goods,129.356,128.367,127.63050000000001,127.5634,128.4919892441669,127.78680439546298,0.7051848487039081,0.28373592785922475,130.29,7620100.0,128.16,4538500.0,125.15,6545500.0,56.393963463066,1.849250936329594,4.298841390331609,0.0018420446695832648,0.006535408283754058
PG,2021-11-05,130.64,131.47,130.06,131.18,131.18,6062700,Consumer Goods,129.904,128.83499999999998,127.8635,127.6442,128.9055293604489,128.03815221802128,0.867377142427614,0.40046417077290264,130.53,6402500.0,128.44,6239500.0,126.5,5265000.0,68.04214223002643,2.13329180940518,3.699604743083018,0.004979698153681156,0.0061344222474826625
PG,2021-11-08,130.69,131.23,129.36,130.2,130.2,5854400,Consumer Goods,130.32,129.203,128.021,127.70739999999999,129.1046786896106,128.19828909076045,0.9063895988501542,0.501649256388353,131.18,6062700.0,128.12,5038900.0,126.52,5382100.0,71.29714811407541,1.623477989384936,2.908631046474852,-0.00747065101387423,0.007027185273047711
PG,2021-11-09,130.27,130.99,129.87,130.59,130.59,4873100,Consumer Goods,130.558,129.43099999999998,128.2075,127.7674,129.33318966043976,128.37545286181523,0.9577367986245235,0.5928667648355872,130.2,5854400.0,129.4,9954300.0,128.31,6234900.0,71.03064066852366,0.9196290571870103,1.7769464577975125,0.002995391705069128,0.0058246572252106535
PG,2021-11-10,130.91,132.32,130.77,131.88,131.88,7334900,Consumer Goods,130.876,129.879,128.44400000000002,127.86280000000001,129.7250066357567,128.6350489461252,1.0899576896314898,0.6922849497947677,130.59,4873100.0,130.29,7620100.0,127.4,9643500.0,80.17937219730936,1.2203545935989046,3.516483516483504,0.009878244888582577,0.00541056743921246
PG,2021-11-11,131.91,132.01,131.33,131.5,131.5,4096300,Consumer Goods,131.07,130.21300000000002,128.5895,127.92479999999999,129.99808253794797,128.84726754270852,1.1508149952394433,0.7839909588837028,131.88,7334900.0,130.53,6402500.0,128.16,4538500.0,74.55795677799605,0.7431241860108795,2.606117353308357,-0.0028814073400060813,0.005674960549883962
PG,2021-11-12,131.81,132.11,131.12,131.64,131.64,5687400,Consumer Goods,131.16199999999998,130.533,128.72549999999998,127.9876,130.2506852244175,129.054136613619,1.1965486107985157,0.8665024892666655,131.5,4096300.0,131.18,6062700.0,128.44,6239500.0,74.8543689320388,0.3506632108553065,2.491435689816246,0.001064638783269789,0.00569487881595244
PG,2021-11-15,132.07,132.71,131.56,132.4,132.4,5510200,Consumer Goods,131.602,130.961,128.99200000000002,128.0638,130.5813490360456,129.3019783459435,1.2793706901020983,0.9490761294337522,131.64,5687400.0,130.2,5854400.0,128.12,5038900.0,72.06040992448759,1.6897081413210557,3.3406181704651816,0.005773321178973001,0.005489481612234986
PG,2021-11-16,132.39,133.47,132.05,132.21,132.21,7603900,Consumer Goods,131.926,131.24200000000002,129.324,128.1458,130.83191072280783,129.5173873573551,1.314523365452743,1.0221655766375504,132.4,5510200.0,130.59,4873100.0,129.4,9954300.0,78.12865497076021,1.2405237767057153,2.1715610510046446,-0.0014350453172204958,0.005119949694063801
PG,2021-11-17,132.01,132.74,131.52,132.13,132.13,4900200,Consumer Goods,131.976,131.426,129.6275,128.20680000000002,131.03161676545278,129.71091421977323,1.320702545679552,1.0818729704459507,132.21,7603900.0,131.88,7334900.0,130.29,7620100.0,75.22236340533661,0.18956627236881296,1.4122342466804882,-0.0006050979502307818,0.004896129590468357
PG,2021-11-18,132.08,133.01,131.6,132.15,132.15,5509300,Consumer Goods,132.106,131.58800000000002,129.9775,128.279,131.2036757246139,129.89158724053075,1.312088484083148,1.1279160731733902,132.13,4900200.0,131.5,4096300.0,130.53,6402500.0,74.37582128777916,0.4942965779467734,1.241094001378995,0.00015136607886190312,0.004908884600468332
PG,2021-11-19,132.89,133.14,131.85,131.88,131.88,6274300,Consumer Goods,132.154,131.658,130.2465,128.3434,131.30772561313483,130.0388770745655,1.2688485385693298,1.1561025662525781,132.15,5509300.0,131.64,5687400.0,131.18,6062700.0,74.86772486772462,0.1823154056517895,0.5336179295624355,-0.0020431328036323304,0.00481671636291252
PG,2021-11-22,132.01,133.78,131.89,132.76,132.76,6625400,Consumer Goods,132.226,131.914,130.5585,128.3976,131.53115244188334,130.2404417357088,1.2907107061745364,1.1830241942369697,131.88,6274300.0,132.4,5510200.0,130.2,5854400.0,73.46368715083771,0.2719033232628343,1.9662058371735736,0.0066727327873823405,0.004244800854537768
PG,2021-11-23,132.78,134.28,132.64,134.23,134.23,7912800,Consumer Goods,132.63,132.278,130.8545,128.4858,131.94635975851668,130.53596457010073,1.4103951884159471,1.228498393072765,132.76,6625400.0,132.21,7603900.0,130.59,4873100.0,75.45219638242871,1.527872324332491,2.787349720499255,0.011072612232600143,0.005138691507700438
PG,2021-11-24,133.63,133.73,132.65,133.53,133.53,5665200,Consumer Goods,132.91,132.44299999999998,131.161,128.5654,132.18999671874488,130.7577449723155,1.4322517464293867,1.2692490637440894,134.23,7912800.0,132.13,4900200.0,131.88,7334900.0,68.29268292682917,1.0595625520321006,1.2511373976342277,-0.00521492959845038,0.005032678216999676
PG,2021-11-26,133.46,134.48,132.32,132.46,132.46,6299800,Consumer Goods,132.972,132.539,131.376,128.6416,132.2315356850918,130.88383793732916,1.347697747762652,1.284938800547802,133.53,5665200.0,132.15,5509300.0,131.5,4096300.0,57.42459396751738,0.23458191449110544,0.7300380228136838,-0.008013180558675947,0.005716561099379376
PG,2021-11-29,132.75,134.43,131.85,133.85,133.85,7113300,Consumer Goods,133.366,132.76000000000002,131.6465,128.7416,132.48053019507768,131.10355364567513,1.376976549402542,1.3033463503187501,132.46,6299800.0,131.88,6274300.0,131.64,5687400.0,70.2104097452935,1.4937822262663047,1.6788210270434645,0.010493733957420925,0.006499631429188019
PG,2021-11-30,132.77,133.42,129.45,129.87,129.87,11696400,Consumer Goods,132.788,132.507,131.734,128.78779999999998,132.07891016506574,131.01217930155104,1.0667308635146924,1.2560232529579385,133.85,7113300.0,132.76,6625400.0,132.4,5510200.0,47.147385103011096,-2.1768605001506347,-1.9108761329305168,-0.029734777736271867,0.011664901458932259
PG,2021-12-01,130.11,132.82,130.11,131.5,131.5,8313500,Consumer Goods,132.24200000000002,132.43599999999998,131.839,128.8628,131.98984706274794,131.04831416810282,0.9415328946451211,1.193125181295375,129.87,11696400.0,134.23,7912800.0,132.21,7603900.0,48.53395061728397,-2.033822543395658,-0.5370244308297467,0.01255101255101243,0.012528726577075221
PG,2021-12-02,132.05,133.35,131.99,132.27,132.27,9468800,Consumer Goods,131.99,132.45,131.93800000000002,128.9444,132.0329475146329,131.13880941491,0.8941380997228805,1.1333277649808762,131.5,8313500.0,133.53,5665200.0,132.13,4900200.0,52.88389513108618,-0.9436081779375383,0.10595625520322116,0.00585551330798495,0.012686395261210726
PG,2021-12-03,132.96,134.73,132.63,134.63,134.63,11200800,Consumer Goods,132.424,132.698,132.14299999999997,129.0626,132.43249405084322,131.39741612491667,1.0350779259265437,1.1136777971700098,132.27,9468800.0,132.46,6299800.0,132.15,5509300.0,59.601798330122065,1.6382304091801192,1.8766553159288657,0.017842292280940475,0.013861186834084192
PG,2021-12-06,134.9,136.88,134.9,136.66,136.66,11935100,Consumer Goods,132.986,133.176,132.417,129.2328,133.08287958148273,131.78723715270064,1.295642428782088,1.1500707234924255,134.63,11200800.0,133.85,7113300.0,131.88,6274300.0,62.64845605700711,2.0993649607769838,3.624507127691845,0.015078362920597277,0.01436178883320799
PG,2021-12-07,136.49,137.05,135.87,136.31,136.31,7913400,Consumer Goods,134.274,133.531,132.72250000000003,129.4298,133.57935964587,132.12225662287096,1.4571030229990356,1.2114771833937477,136.66,11935100.0,129.87,11696400.0,132.76,6625400.0,62.05882352941177,4.958804958804963,2.6739981922265788,-0.002561100541489836,0.014443199858124955
PG,2021-12-08,136.23,137.12,134.99,136.92,136.92,8329300,Consumer Goods,135.358,133.8,133.03900000000002,129.6582,134.09330431573616,132.4776450211768,1.6156592945593502,1.2923136056268683,136.31,7913400.0,131.5,8313500.0,134.23,7912800.0,63.66229321163721,4.121673003802262,2.0040229456902425,0.004475093536790986,0.014168193656126083
PG,2021-12-09,136.81,138.5,136.17,137.72,137.72,8334300,Consumer Goods,136.448,134.219,133.331,129.877,134.6512574979306,132.86596761220076,1.7852898857298385,1.3909088616474623,136.92,8329300.0,132.27,9468800.0,133.53,5665200.0,65.21026761332607,4.120359869962953,3.1378716393319905,0.005842827928717487,0.01396589798308443
PG,2021-12-10,138.19,139.94,137.81,139.64,139.64,7172300,Consumer Goods,137.45,134.937,133.738,130.1738,135.41875634440282,133.36774778907477,2.0510085553280533,1.5229288003835806,137.72,8334300.0,134.63,11200800.0,132.46,6299800.0,69.43887775551107,3.7213102577434487,5.420504303185858,0.013941330235259786,0.013734000349998266
PG,2021-12-13,139.49,142.22,139.14,141.62,141.62,8944000,Consumer Goods,138.442,135.714,134.23700000000002,130.5142,136.3727938298793,133.97902573062478,2.3937680992545154,1.6970966601577675,139.64,7172300.0,136.66,11935100.0,133.85,7113300.0,71.03513770180446,3.6294453387970105,5.805005603287272,0.014179318246920758,0.013934512889650865
PG,2021-12-14,141.83,142.49,140.72,142.14,142.14,8677500,Consumer Goods,139.608,136.941,134.724,130.879,137.26005631759017,134.5835423431711,2.6765139744190662,1.8929801230100272,141.62,8944000.0,136.31,7913400.0,129.87,11696400.0,69.66683242168082,4.277015626146263,9.447909447909431,0.0036717977686766545,0.006508854480649219
PG,2021-12-15,141.6,143.39,141.6,142.69,142.69,9152600,Consumer Goods,140.762,138.06,135.248,131.2452,138.09543226873015,135.1840206881214,2.911411580608757,2.096666414529773,142.14,8677500.0,136.92,8329300.0,131.5,8313500.0,72.94589178356718,4.2141396435875,8.509505703422061,0.0038694245110455494,0.006574230753284527
PG,2021-12-16,142.58,144.9,142.3,144.71,144.71,10852900,Consumer Goods,142.16,139.304,135.877,131.61860000000001,139.1130580735409,135.88964878529757,3.223409288243346,2.3220149892724877,142.69,9152600.0,137.72,8334300.0,132.27,9468800.0,79.2922046867528,5.075515538774322,9.405004914190673,0.014156563178919335,0.006763910483804535
PG,2021-12-17,144.31,145.26,141.3,141.43,141.43,24349400,Consumer Goods,142.51799999999997,139.98399999999998,136.341,131.90619999999998,139.46951067761154,136.3000451715718,3.169465506039728,2.491505092625936,144.71,10852900.0,139.64,7172300.0,134.63,11200800.0,66.62280701754389,1.2818676596963785,5.050880190150786,-0.02266602169856957,0.011432072373213987
PG,2021-12-20,140.66,142.33,140.64,141.79,141.79,9202600,Consumer Goods,142.552,140.497,136.8365,132.2116,139.82650903490207,136.70670849219613,3.1198005427059456,2.617164182641938,141.43,24349400.0,141.62,8944000.0,136.66,11935100.0,81.0740354535975,0.12003954243748893,3.7538416508122285,0.002545428834052066,0.010877823996043754
PG,2021-12-21,141.61,142.05,140.83,141.7,141.7,6946000,Consumer Goods,142.464,141.036,137.28349999999998,132.5046,140.11473841414792,137.07658193721863,3.038156476929288,2.701362641499408,141.79,9202600.0,142.14,8677500.0,136.31,7913400.0,78.91156462585033,-0.30955396088363507,3.954221993984297,-0.0006347415191481076,0.010770256592887585
PG,2021-12-22,141.71,143.34,141.26,143.11,143.11,6626300,Consumer Goods,142.548,141.655,137.7275,132.8296,140.5755478888944,137.52350179372095,3.052046095173438,2.771499332234214,141.7,6946000.0,142.69,9152600.0,136.92,8329300.0,79.64989059080963,0.29434438292803566,4.520888109845189,0.009950599858856934,0.01093846168452148
PG,2021-12-23,143.27,144.54,143.21,143.81,143.81,5640900,Consumer Goods,142.368,142.264,138.2415,133.1628,141.07315590598756,137.9891683275194,3.083987578468168,2.833996981481005,143.11,6626300.0,144.71,10852900.0,137.72,8334300.0,77.6173285198556,-0.6219335222168554,4.422015683996516,0.00489134232408639,0.010929479113659974
PG,2021-12-27,144.32,145.5,144.26,145.49,145.49,4548600,Consumer Goods,143.18,142.849,138.893,133.5008,141.75267038198947,138.5447854884439,3.2078848935455824,2.9087745638939206,143.81,5640900.0,141.43,24349400.0,139.64,7172300.0,77.13583282114323,2.8706780739588433,4.189344027499309,0.011682080522912308,0.010731676940186188
PG,2021-12-28,145.48,146.75,145.46,146.27,146.27,5929400,Consumer Goods,144.076,143.31400000000002,139.514,133.84779999999998,142.4476441693757,139.11702360041102,3.33062056896469,2.9931437649080745,145.49,4548600.0,141.79,9202600.0,141.62,8944000.0,79.82035928143712,3.1596022286480174,3.2834345431436374,0.0053611932091552905,0.010164649874149796
PG,2021-12-29,146.6,148.19,146.48,147.48,147.48,5346100,Consumer Goods,145.23200000000003,143.848,140.3945,134.256,143.2218527587025,139.7365033337139,3.4853494249886126,3.091584896924182,146.27,5929400.0,141.7,6946000.0,142.14,8677500.0,80.52023121387282,4.079040225829211,3.756859434360482,0.008272373008819223,0.010287582915968195
PG,2021-12-30,147.67,147.84,146.06,146.2,146.2,5911500,Consumer Goods,145.85,144.199,141.12949999999998,134.6686,143.68002925736366,140.21528086454992,3.464748392813732,3.166217596102092,147.48,5346100.0,143.11,6626300.0,142.69,9152600.0,73.84701912260964,2.1591782544895466,2.4598780573270584,-0.008679142934635231,0.011010357982953878
PG,2021-12-31,146.28,147.07,145.93,146.93,146.93,5327000,Consumer Goods,146.474,144.421,141.8625,135.086,144.1800247562308,140.71266746717586,3.467357289054945,3.2264455346926626,146.2,5911500.0,143.81,5640900.0,144.71,10852900.0,71.97106690777579,2.1695292399694033,1.5341026881348974,0.004993160054719725,0.010289017417489377
PG,2022-01-03,145.23,146.36,143.61,146.32,146.32,9317300,Consumer Goods,146.64,144.91,142.447,135.5094,144.5092517168107,141.12802543257024,3.381226284240455,3.2574016846022213,146.93,5327000.0,145.49,4548600.0,141.43,24349400.0,65.44021024967142,0.5704859440511356,3.457540832920869,-0.0041516368338665455,0.006357749413063988
PG,2022-01-04,145.77,147.66,145.67,146.83,146.83,9253800,Consumer Goods,146.752,145.41400000000002,142.95549999999997,135.916,144.86628991422444,141.5503939190465,3.315895995177925,3.269100546717362,146.32,9317300.0,146.27,5929400.0,141.79,9202600.0,65.4174884944116,0.38285362685444024,3.554552507229025,0.0034855112083107542,0.006350276249189254
PG,2022-01-05,146.81,148.49,146.77,147.5,147.5,9330200,Consumer Goods,146.756,145.994,143.515,136.3356,145.27147608126683,141.99110548059863,3.280370600668192,3.2713545575075282,146.83,9253800.0,147.48,5346100.0,141.7,6946000.0,65.68819308545332,0.01356116083537362,4.0931545518701595,0.004563100183885949,0.006183211319091362
PG,2022-01-06,147.61,148.39,146.06,146.26,146.26,7556000,Consumer Goods,146.768,146.30900000000003,143.982,136.69459999999998,145.42355668414885,142.30731988944316,3.116236794705685,3.24033100494716,147.5,9330200.0,146.2,5911500.0,143.11,6626300.0,55.32646048109959,0.04103967168263001,2.201104045838842,-0.008406779661016994,0.006914247443116586
PG,2022-01-07,146.53,146.89,145.47,146.18,146.18,6098500,Consumer Goods,146.618,146.546,144.405,137.0702,145.53993257889516,142.59418508281775,2.9457474960774164,3.181414303173211,146.26,7556000.0,146.93,5327000.0,143.81,5640900.0,70.92511013215855,-0.5104471517048959,1.6480077880536959,-0.0005469711472718686,0.006892979874710519
PG,2022-01-10,145.97,146.52,143.87,144.18,144.18,8055000,Consumer Goods,146.19,146.415,144.632,137.3906,145.33071218214207,142.71165285446088,2.6190593276811853,3.068943308074806,146.18,6098500.0,146.32,9317300.0,145.49,4548600.0,59.19938414164745,-1.4625478403499037,-0.9004055261530031,-0.013681762210972725,0.007439206401908458
PG,2022-01-11,143.91,143.91,140.94,142.51,142.51,11957900,Consumer Goods,145.326,146.039,144.67649999999998,137.672,144.89675646181252,142.6967156059823,2.200040855830224,2.8951628176258897,144.18,8055000.0,146.83,9253800.0,146.27,5929400.0,52.77968428277282,-2.942178029013154,-2.5705886374512987,-0.011582743792481698,0.0077816972590200725
PG,2022-01-12,142.15,143.14,141.77,142.83,142.83,7127500,Consumer Goods,144.392,145.574,144.71099999999998,137.9662,144.57879392922598,142.70658852405768,1.8722054051683017,2.690571335134372,142.51,11957900.0,147.5,9330200.0,147.48,5346100.0,48.961424332344215,-3.1661016949152465,-3.1529698942229345,0.002245456459196049,0.007047067536951982
PG,2022-01-13,143.1,143.22,141.72,142.18,142.18,6551000,Consumer Goods,143.576,145.172,144.6855,138.2218,144.20974870934506,142.66758196672006,1.5421667426249996,2.460890416632498,142.83,7127500.0,146.26,7556000.0,146.2,5911500.0,43.931496649292676,-2.789552851087096,-2.7496580027359663,-0.004550864664286225,0.006805662215420495
PG,2022-01-14,141.98,144.16,141.52,143.55,143.55,10708000,Consumer Goods,143.05,144.834,144.6275,138.487,144.10824890790735,142.73294626548153,1.3753026424258223,2.2437728617911628,142.18,6551000.0,146.18,6098500.0,146.93,5327000.0,42.60670731707322,-1.7991517307429206,-2.300415163683378,0.00963567309044877,0.0075149510576023966
PG,2022-01-18,142.4,142.4,140.16,140.78,140.78,10988400,Consumer Goods,142.37,144.28000000000003,144.595,138.692,143.59621061438315,142.58828357914956,1.0079270352335925,1.9966036964796487,143.55,10708000.0,144.18,8055000.0,146.32,9317300.0,31.833223031105277,-2.3581634068525537,-3.786221979223614,-0.019296412399860796,0.009254492394865272
PG,2022-01-19,141.57,147.48,140.99,145.51,145.51,14088300,Consumer Goods,142.97,144.148,144.781,138.9786,143.8906397506319,142.8047070177311,1.085932732900801,1.8144695037638794,140.78,10988400.0,142.51,11957900.0,146.83,9253800.0,44.71282877079981,2.105115430496096,-0.8989988421984729,0.03359852251740292,0.015005628425951205
PG,2022-01-20,144.6,148.4,144.6,146.3,146.3,10799100,Consumer Goods,143.664,144.028,145.01100000000002,139.3006,144.26131055822697,143.0636176090103,1.1976929492166732,1.6911141928544382,145.51,14088300.0,142.83,7127500.0,147.5,9330200.0,50.2756339581037,2.429461597703564,-0.8135593220338855,0.005429180125077426,0.01504249070046773
PG,2022-01-21,147.2,149.32,146.39,146.86,146.86,10900400,Consumer Goods,144.6,144.08800000000002,145.19850000000002,139.626,144.66110893388435,143.34483111945397,1.3162778144303786,1.6161469171696263,146.3,10799100.0,142.18,6551000.0,146.26,7556000.0,49.80523094045634,3.2916021944014773,0.41022836045401245,0.00382775119617218,0.014843666349290095
PG,2022-01-24,147.59,148.21,143.34,145.67,145.67,14838100,Consumer Goods,145.024,144.037,145.2915,139.9018,144.81632294405597,143.51706585134627,1.299257092709695,1.55276895227764,146.86,10900400.0,143.55,10708000.0,146.18,6098500.0,48.247978436657675,1.4768373389062894,-0.348884936379823,-0.008102955195424366,0.015093533904062158
PG,2022-01-25,144.9,145.67,142.59,144.08,144.08,9369600,Consumer Goods,145.68400000000003,144.027,145.221,140.1534,144.70304249112428,143.5587646771725,1.1442778139517884,1.4710707246124697,145.67,14838100.0,140.78,10988400.0,144.18,8055000.0,42.99541518084567,2.344082966330463,-0.06935774726036792,-0.010915082034735901,0.014843206790831327
PG,2022-01-26,142.09,144.1,141.22,142.82,142.82,10707100,Consumer Goods,145.14600000000002,144.05800000000002,145.0485,140.37699999999998,144.41334364633593,143.5040413677523,0.909302278583624,1.3587170354067006,144.08,9369600.0,145.51,14088300.0,142.51,11957900.0,38.427299703264126,-1.8486701944883444,0.21752859448460615,-0.008745141588006766,0.014622037004759622
PG,2022-01-27,143.35,145.71,143.21,143.71,143.71,9083000,Consumer Goods,144.62800000000001,144.14600000000002,144.85999999999999,140.6032,144.30513693151502,143.51929756273364,0.7858393687813816,1.2441415020816369,142.82,10707100.0,146.3,10799100.0,142.83,7127500.0,43.583291394061476,-1.7703349282296665,0.6161170622418277,0.006231620221257561,0.014734485286787797
PG,2022-01-28,143.24,145.35,142.07,144.94,144.94,9494200,Consumer Goods,144.24399999999997,144.422,144.797,140.8578,144.40280817282041,143.62453478030892,0.778273392511494,1.1509678801676084,143.71,9083000.0,146.86,10900400.0,142.18,6551000.0,47.050428163653656,-1.3073675609424074,1.9412012941341983,0.008558903347018143,0.014797354372651452
PG,2022-01-31,143.91,145.08,143.47,144.9,144.9,8950100,Consumer Goods,144.09,144.557,144.69549999999998,141.1132,144.47929922315575,143.7190136854712,0.7602855376845525,1.0728314116709974,144.94,9494200.0,145.67,14838100.0,143.55,10708000.0,51.888772298006295,-0.5285920230658214,0.940438871473348,-0.00027597626604103365,0.014560784272733978
PG,2022-02-01,145.21,145.67,142.44,144.26,144.26,6284100,Consumer Goods,144.12600000000003,144.905,144.59250000000003,141.3554,144.44556088113177,143.75908674580666,0.6864741353251134,0.9955599564018207,144.9,8950100.0,144.08,9369600.0,140.78,10988400.0,54.85302273987796,0.12493059411435858,2.4719420372211864,-0.004416839199448019,0.012920620104850575
PG,2022-02-02,144.62,147.06,144.01,146.84,146.84,7558800,Consumer Goods,144.93,145.03799999999998,144.59300000000002,141.65460000000002,144.8139361301884,143.98730254241357,0.8266335877748361,0.9617746826764239,144.26,6284100.0,142.82,10707100.0,145.51,14088300.0,59.881715130606146,2.814731830275874,0.9140265273864356,0.017884375433245614,0.00911620268435836
PG,2022-02-03,146.28,148.99,145.95,148.23,148.23,10474500,Consumer Goods,145.834,145.231,144.6295,141.964,145.33948441785174,144.3015764281607,1.0379079896910355,0.9770013440793462,146.84,7558800.0,143.71,9083000.0,146.3,10799100.0,64.3842130290061,3.1452230185790686,1.3192071086807866,0.009466085535276392,0.00942099823495823
PG,2022-02-04,147.32,148.55,145.77,145.87,145.87,8959900,Consumer Goods,146.02,145.132,144.60999999999999,142.1968,145.4211021997207,144.41775595200065,1.00334624772006,0.982270324807489,148.23,10474500.0,144.94,9494200.0,146.86,10900400.0,55.26793823796546,0.6416448185456058,-0.6741113986109326,-0.01592120353504678,0.010811518009410265
PG,2022-02-07,146.18,146.53,144.19,144.78,144.78,6430500,Consumer Goods,145.996,145.043,144.54000000000002,142.4218,145.32247109207137,144.44458884444504,0.8778822476263315,0.9613927093712575,145.87,8959900.0,144.9,8950100.0,145.67,14838100.0,59.83284169124875,-0.08281573498964967,-0.6109700006864727,-0.007472406937684251,0.010764788097862533
PG,2022-02-08,145.5,145.64,144.18,144.46,144.46,5048700,Consumer Goods,146.036,145.081,144.554,142.66179999999997,145.1897832317527,144.4457304115232,0.7440528202295127,0.9179247315429087,144.78,6430500.0,144.26,6284100.0,144.08,9369600.0,46.704331450094216,0.13863856924998252,0.26374236535258166,-0.0022102500345351217,0.01016996678110424
PG,2022-02-09,144.82,145.07,143.83,144.13,144.13,8077400,Consumer Goods,145.494,145.212,144.63500000000002,142.8674,145.02673965763688,144.4223429736326,0.6043966840042856,0.8552191220351841,144.46,5048700.0,146.84,7558800.0,142.82,10707100.0,42.98642533936647,-1.8455461727049927,0.9172384820053336,-0.0022843693756058325,0.00972634509906338
PG,2022-02-10,143.67,144.04,141.47,141.94,141.94,7033000,Consumer Goods,144.23600000000002,145.035,144.59050000000002,143.1088,144.55185663338506,144.2384657163265,0.3133909170585696,0.7468534810398613,144.13,8077400.0,148.23,10474500.0,143.71,9083000.0,35.61403508771926,-4.243405518451048,-1.2316470670099555,-0.015194615971692249,0.01074201361264687
PG,2022-02-11,142.69,143.21,140.5,141.14,141.14,9341400,Consumer Goods,143.29000000000002,144.65500000000003,144.5385,143.3016,144.02695561286427,144.00894973733935,0.01800587552492061,0.6010839599368731,141.94,7033000.0,145.87,8959900.0,144.94,9494200.0,36.445242369838425,-3.2426132858024426,-2.6217745273906523,-0.0056361843032267656,0.010237137070124002
PG,2022-02-14,141.01,141.84,138.5,141.55,141.55,9472200,Consumer Goods,142.644,144.32,144.4385,143.4872,143.64588551857744,143.82680531235124,-0.1809197937737963,0.44468320919473925,141.14,9341400.0,144.78,6430500.0,144.9,8950100.0,41.8544752092724,-2.230971128608916,-2.311939268461005,0.002904917103585314,0.01036618995623794
PG,2022-02-15,142.48,143.88,140.98,141.62,141.62,6659200,Consumer Goods,142.076,144.05599999999998,144.4805,143.62699999999998,143.3342108234117,143.66333825217706,-0.3291274287653607,0.28992108160271923,141.55,9472200.0,144.46,5048700.0,144.26,6284100.0,45.81589958159001,-1.9659421293091506,-1.8300291140995295,0.0004945249028611709,0.010370470198376296
PG,2022-02-16,141.63,143.39,141.12,142.69,142.69,9315700,Consumer Goods,141.788,143.64100000000002,144.3395,143.7476,143.23510146596374,143.59123912238616,-0.356137656422419,0.16070933399769158,141.62,6659200.0,144.13,8077400.0,146.84,7558800.0,46.48760330578509,-0.9990980364948276,-2.8262053936257137,0.007555430024007936,0.008546372650674629
PG,2022-02-17,143.03,144.84,142.1,144.33,144.33,7925500,Consumer Goods,142.266,143.251,144.241,143.90800000000002,143.403547394277,143.64596215035755,-0.2424147560805352,0.08008451598204622,142.69,9315700.0,141.94,7033000.0,148.23,10474500.0,47.957133288680566,1.6838100605889972,-2.6310463468933287,0.011493447333380091,0.008887694315940359
PG,2022-02-18,144.04,145.45,143.43,144.4,144.4,8063200,Consumer Goods,142.91800000000003,143.10399999999998,144.118,144.0576,143.55684779515747,143.7018168058866,-0.1449690107291417,0.03507381063980864,144.33,7925500.0,141.14,9341400.0,145.87,8959900.0,48.32887700534759,2.309763355533523,-1.0077466237060406,0.0004849996535716272,0.007578879046947647
PG,2022-02-22,144.59,145.29,141.48,142.62,142.62,8179500,Consumer Goods,143.132,142.888,143.9655,144.1556,143.41271736513323,143.62168222767278,-0.2089648625395455,-0.013733923996062186,144.4,8063200.0,141.55,9472200.0,144.78,6430500.0,44.90683229813669,0.755916637230647,-1.4919187733112294,-0.01232686980609421,0.008172688691933196
PG,2022-02-23,142.96,143.23,140.52,140.84,140.84,6273000,Consumer Goods,142.976,142.526,143.80349999999999,144.1796,143.01691469357428,143.4156316922896,-0.3987169987153152,-0.0907305389399128,142.62,8179500.0,141.62,6659200.0,144.46,5048700.0,30.39215686274511,-0.5507696653015093,-2.5058839817250433,-0.012480717991866452,0.008889671199676666
PG,2022-02-24,140.55,140.86,135.97,137.05,137.05,13145100,Consumer Goods,141.848,141.818,143.51500000000001,144.0882,142.09892781763978,142.94410341878668,-0.8451756011469058,-0.24161955138131141,140.84,6273000.0,142.69,9315700.0,144.13,8077400.0,18.41807909604529,-3.9526245707477647,-4.912232012766237,-0.026909968758875302,0.011768349110515932
PG,2022-02-25,137.57,143.53,137.49,142.9,142.9,8888800,Consumer Goods,141.562,141.91400000000002,143.4745,144.1034,142.22216969184905,142.94083649887656,-0.7186668070275175,-0.3370290025105527,137.05,13145100.0,144.33,7925500.0,141.94,7033000.0,42.99197734780558,-0.99078500658214,0.6763421163872074,0.04268515140459672,0.018490017682966414
PG,2022-02-28,141.14,141.95,138.91,140.78,140.78,8669200,Consumer Goods,140.83800000000002,141.878,143.2665,144.0652,142.00029743156458,142.7807745359968,-0.7804771044322365,-0.4257186228948895,142.9,8888800.0,144.4,8063200.0,141.14,9341400.0,40.99909990999101,-2.5069252077562387,-0.2550658920220994,-0.014835549335199483,0.019067123994957948
PG,2022-03-01,139.35,140.34,137.57,138.45,138.45,8311900,Consumer Goods,140.004,141.568,142.94400000000002,143.94,141.45409782670848,142.45997642221928,-1.0058785955108078,-0.5417506174180732,140.78,8669200.0,142.62,8179500.0,141.55,9472200.0,37.598018984729656,-2.9238535969709822,-2.190038855528098,-0.016550646398636237,0.019708976078932135
PG,2022-03-02,138.13,140.05,137.81,138.88,138.88,6111300,Consumer Goods,139.61200000000002,141.294,142.675,143.889,141.05808277644562,142.1947929835364,-1.136710207090772,-0.660742535352613,138.45,8311900.0,140.84,6273000.0,141.62,6659200.0,39.21085080147968,-1.3916500994035852,-1.9347549781104423,0.003105814373419946,0.0197634967381442
PG,2022-03-03,138.87,140.75,138.87,139.4,139.4,7451200,Consumer Goods,140.082,140.965,142.303,143.8412,140.8029931185309,141.9877712810522,-1.1847781625212974,-0.7655496607863499,138.88,6111300.0,137.05,13145100.0,142.69,9315700.0,44.39541041482793,1.7147026632615692,-2.305697666269535,0.003744239631336521,0.0195995826440797
PG,2022-03-04,138.28,140.29,137.76,140.1,140.1,8639100,Consumer Goods,139.522,140.542,141.8965,143.8092,140.69484033106463,141.84793637134462,-1.1530960402799906,-0.843058936685078,139.4,7451200.0,142.9,8888800.0,144.33,7925500.0,47.695035460992926,-1.9594121763471084,-2.93078362086886,0.005021520803443202,0.019201488966033235
PG,2022-03-07,139.52,139.54,136.49,138.03,138.03,8374500,Consumer Goods,138.972,139.905,141.5045,143.7076,140.28486489551622,141.56512626976354,-1.280261374247317,-0.930499424197526,140.1,8639100.0,140.78,8669200.0,144.4,8063200.0,42.733278282411206,-1.953402471942034,-4.411357340720223,-0.014775160599571735,0.019514699017082002
PG,2022-03-08,137.43,138.13,132.37,132.56,132.56,9517200,Consumer Goods,137.794,138.89899999999997,140.8935,143.4826,139.09642414235987,140.8980798794107,-1.8016557370508224,-1.1047306867681854,138.03,8374500.0,138.45,8311900.0,142.62,8179500.0,34.70627954085077,-4.254243409172975,-7.05370915720096,-0.039629066145040914,0.0224470322266646
PG,2022-03-09,134.4,135.89,133.48,134.35,134.35,7044100,Consumer Goods,136.88799999999998,138.25,140.38799999999998,143.25979999999998,138.36620504353527,140.41303692538025,-2.04683188184498,-1.2931509257835445,132.56,9517200.0,138.88,6111300.0,140.84,6273000.0,36.255767963085034,-3.2618087557603648,-4.6080658903720595,0.013503319251659596,0.023240049033837456
PG,2022-03-10,133.47,133.91,129.99,130.89,130.89,9221000,Consumer Goods,135.18599999999998,137.634,139.726,142.9522,137.21601965222214,139.7076267827595,-2.4916071305373464,-1.532842166734305,134.35,7044100.0,139.4,7451200.0,137.05,13145100.0,29.104477611940254,-6.104734576757542,-4.494709959868681,-0.02575362858206187,0.023118516030806762
PG,2022-03-11,131.31,131.99,129.17,129.34,129.34,7086100,Consumer Goods,133.034,136.278,139.09599999999998,142.5894,136.00432432111106,138.93965442848102,-2.935330107369964,-1.813339754861437,130.89,9221000.0,140.1,8639100.0,142.9,8888800.0,27.615933412604036,-7.680228408279799,-9.489153254023798,-0.011842004736801748,0.016182535403289178
PG,2022-03-14,130.45,131.89,129.46,130.99,130.99,7964600,Consumer Goods,131.626,135.299,138.5885,142.2852,135.2328898101709,138.35079113748245,-3.1179013273115572,-2.074252069351461,129.34,7086100.0,138.03,8374500.0,140.78,8669200.0,32.64697105341689,-5.1003405056871625,-6.954112800113643,0.012757074377609534,0.01752541400388078
PG,2022-03-15,132.76,135.95,132.65,135.71,135.71,9868400,Consumer Goods,132.256,135.025,138.2965,142.0608,135.3062913778369,138.1551769791504,-2.8488856013134978,-2.2291787757438684,130.99,7964600.0,132.56,9517200.0,138.45,8311900.0,42.96296296296296,2.3762824381412306,-1.9790538100397104,0.03603328498358649,0.021737843818522482
PG,2022-03-16,136.03,137.08,133.69,135.24,135.24,6908900,Consumer Goods,132.43400000000003,134.661,137.9775,141.8392,135.29609270432354,137.9392379436578,-2.6431452393342454,-2.311972068461944,135.71,9868400.0,134.35,7044100.0,138.88,6111300.0,47.268336854814365,0.6624488276888885,-2.620967741935476,-0.003463267261071379,0.021672835381758095
PG,2022-03-17,135.45,135.89,134.11,135.67,135.67,6003800,Consumer Goods,133.39000000000001,134.28799999999998,137.6265,141.616,135.35361690365838,137.77114624412758,-2.4175293404692013,-2.3330835228633955,135.24,6908900.0,130.89,9221000.0,139.4,7451200.0,36.95416817033557,3.6519214607685813,-2.6757532281205254,0.003179532682638042,0.021655659160710043
PG,2022-03-18,136.25,136.25,133.87,135.6,135.6,15570300,Consumer Goods,134.642,133.83800000000002,137.19,141.37800000000001,135.39152199540325,137.61032059641443,-2.218798601011173,-2.3102265384929512,135.67,6003800.0,129.34,7086100.0,140.1,8639100.0,39.90646921278252,4.8399567032627155,-3.2119914346895095,-0.0005159578388737041,0.021512373562015484
PG,2022-03-21,135.86,136.74,134.77,136.11,136.11,6937500,Consumer Goods,135.666,133.64600000000002,136.7755,141.175,135.5020570730335,137.49918573742076,-1.9971286643872475,-2.2476069636718106,135.6,15570300.0,130.99,7964600.0,138.03,8374500.0,45.09228187919468,3.9086953202534636,-1.3910019560964937,0.003761061946902844,0.021185985256085116
PG,2022-03-22,138.56,138.71,135.93,137.16,137.16,7292100,Consumer Goods,135.956,134.10600000000002,136.5025,140.9946,135.75712521564373,137.4740608679822,-1.7169356523384636,-2.1414727014051413,136.11,6937500.0,135.71,9868400.0,132.56,9517200.0,46.48405560098119,1.0684547933092592,3.4701267350633724,0.0077143486885606904,0.016390576474081917
PG,2022-03-23,137.45,138.18,136.08,136.2,136.2,5531900,Consumer Goods,136.148,134.291,136.27050000000003,140.835,135.82525979785237,137.37968598887238,-1.5544261910200134,-2.024063399328116,137.16,7292100.0,135.24,6908900.0,134.35,7044100.0,43.574297188754976,0.709849157054121,1.3770003721622626,-0.006999125109361404,0.016287424586780893
PG,2022-03-24,136.27,136.87,135.61,136.44,136.44,4203100,Consumer Goods,136.302,134.846,136.24,140.7136,135.91983521356738,137.31007961932627,-1.3902444057588923,-1.8972996006142713,136.2,5531900.0,135.67,6003800.0,130.89,9221000.0,42.51227495908347,0.56755362276113,4.240201696080681,0.0017621145374449032,0.013207013154074026
PG,2022-03-25,136.93,139.0,136.82,138.02,138.02,5047700,Consumer Goods,136.786,135.714,135.996,140.6174,136.24293748840316,137.362666314191,-1.1197288257878313,-1.7417854456489834,136.44,4203100.0,135.6,15570300.0,129.34,7086100.0,49.97912317327768,1.7846607669616654,6.710994278645432,0.011580181764878406,0.012065906440066634
PG,2022-03-28,138.75,138.98,137.84,138.97,138.97,4234000,Consumer Goods,137.358,136.512,135.90550000000002,140.5532,136.66248556711037,137.48172806869536,-0.8192425015849949,-1.5572768568361857,138.02,5047700.0,136.11,6937500.0,130.99,7964600.0,66.49511065362842,2.101241642788909,6.092068096801273,0.006883060426025045,0.011873270368691631
PG,2022-03-29,140.31,141.3,139.09,140.39,140.39,5643400,Consumer Goods,138.004,136.98,136.0025,140.49,137.23594932601645,137.69715561916237,-0.46120629314592065,-1.3380627440981328,138.97,4234000.0,137.16,7292100.0,135.71,9868400.0,65.84470094438615,2.35491396908718,3.4485299535774727,0.010218032668921184,0.005940327570722989
PG,2022-03-30,137.72,139.46,137.21,139.43,139.43,5779300,Consumer Goods,138.65,137.39899999999997,136.03,140.463,137.5734955835524,137.82551446218739,-0.25201887863499906,-1.1208539710055059,140.39,5643400.0,136.2,5531900.0,135.24,6908900.0,75.78502415458952,2.3715124816446442,3.0981958000591447,-0.006838093881330387,0.006448458835798342
PG,2022-03-31,139.16,139.38,137.63,137.99,137.99,7538600,Consumer Goods,138.95999999999998,137.631,135.9595,140.3126,137.6375731860828,137.83769857609943,-0.20012539001663754,-0.9367082548077323,139.43,5779300.0,136.44,4203100.0,135.67,6003800.0,76.29179331306999,1.1360304895924989,1.7100316945529714,-0.010327763035214765,0.007714408828590502
PG,2022-04-01,138.64,140.39,137.32,140.06,140.06,5742600,Consumer Goods,139.368,138.077,135.95749999999998,140.18779999999998,138.01025423437775,138.00231349638835,0.007940737989400759,-0.7477784562483057,137.99,7538600.0,138.02,5047700.0,135.6,15570300.0,76.88203912270308,1.478046659904364,3.289085545722714,0.015001087035292349,0.008710155846327408
PG,2022-04-04,138.9,139.39,136.6,139.15,139.15,5992000,Consumer Goods,139.404,138.381,136.0135,140.0336,138.18559973678117,138.0873273114707,0.09827242531048341,-0.5785682799365479,140.06,5742600.0,138.97,4234000.0,136.11,6937500.0,63.16998468606437,0.1295243577750682,2.2334876203071063,-0.006497215479080332,0.009234886216232677
PG,2022-04-05,138.72,142.12,138.66,139.63,139.63,7653000,Consumer Goods,139.252,138.628,136.36700000000002,139.91279999999998,138.40781516189176,138.20159936247285,0.20621579941891355,-0.4216114640654557,139.15,5992000.0,140.39,5643400.0,137.16,7292100.0,66.79418515684776,-0.5413490989386593,1.8008165645960972,0.0034495149119653234,0.009051126897483905
PG,2022-04-06,139.45,142.04,139.02,141.63,141.63,8884700,Consumer Goods,139.69199999999998,139.171,136.73100000000002,139.8638,138.90353590621612,138.45555496525265,0.4479809409634754,-0.24769298305966947,139.63,7653000.0,139.43,5779300.0,136.2,5531900.0,70.3551912568307,1.5778526859355768,3.9867841409691573,0.01432356943350288,0.009251228432486781
PG,2022-04-07,142.57,143.94,141.76,143.46,143.46,6889700,Consumer Goods,140.786,139.873,137.3595,139.8766,139.60453038218287,138.82625459745614,0.7782757847267305,-0.04249922950238946,141.63,8884700.0,137.99,7538600.0,136.44,4203100.0,73.96341463414642,3.9640553663308875,5.145118733509246,0.012920991315399366,0.009622804113439213
PG,2022-04-08,144.22,144.97,143.52,144.58,144.58,6045400,Consumer Goods,141.69,140.52900000000002,138.12150000000003,139.894,140.36998724646241,139.25245796060753,1.1175292858548858,0.18950647356906558,143.46,6889700.0,140.06,5742600.0,138.02,5047700.0,74.89711934156384,3.227188347850918,4.752934357339522,0.007807054231144583,0.009410872358048909
PG,2022-04-11,144.45,145.58,143.25,144.03,144.03,6158400,Consumer Goods,142.666,141.03500000000003,138.77349999999998,139.8758,140.93306613162204,139.6063499635255,1.3267161680965387,0.4169484124745602,144.58,6045400.0,139.15,5992000.0,138.97,4234000.0,70.80557238037555,3.5070068271649157,3.641073613010004,-0.0038041222852400747,0.009735876860371999
PG,2022-04-12,143.87,145.06,143.32,143.6,143.6,7221500,Consumer Goods,143.46,141.356,139.168,139.8498,141.34336364983403,139.90217589215325,1.4411877576807797,0.6217962815158041,144.03,6158400.0,139.63,7653000.0,140.39,5643400.0,73.15394242803507,2.8432285325503015,2.286487641569912,-0.0029854891342081524,0.009637259518894511
PG,2022-04-13,143.66,144.86,143.33,144.0,144.0,5247700,Consumer Goods,143.93400000000003,141.81300000000002,139.60600000000002,139.84459999999999,141.75207693447496,140.2057184186604,1.5463585158145463,0.8067087283755526,143.6,7221500.0,141.63,8884700.0,139.43,5779300.0,73.4200743494424,1.6733742851090971,3.277630352148031,0.0027855153203342198,0.009087630064992563
PG,2022-04-14,144.47,144.76,143.09,143.2,143.2,7806500,Consumer Goods,143.882,142.334,139.98250000000002,139.77179999999998,141.9748343291711,140.4275170543152,1.5473172748559136,0.9548304376716249,144.0,5247700.0,143.46,6889700.0,137.99,7538600.0,66.86197916666661,-0.18123518750872147,3.7756359156460473,-0.005555555555555647,0.008393149923551866
PG,2022-04-18,143.12,143.57,141.36,141.84,141.84,6034500,Consumer Goods,143.334,142.512,140.29450000000003,139.644,141.9540905862217,140.5321454206622,1.4219451655594924,1.0482533832491985,143.2,7806500.0,144.58,6045400.0,140.06,5742600.0,59.09955611921372,-1.895144556646844,1.2708839068970468,-0.009497206703910521,0.008317463620854
PG,2022-04-19,141.58,144.52,141.15,143.96,143.96,7897000,Consumer Goods,143.32,142.993,140.687,139.6058,142.26269203449527,140.7860605746872,1.4766314598080612,1.133928998560971,141.84,6034500.0,144.03,6158400.0,139.15,5992000.0,60.83788706739533,-0.04860098590571127,3.456701401365425,0.014946418499718117,0.008833610666696792
PG,2022-04-20,144.94,148.54,144.49,147.79,147.79,10196100,Consumer Goods,144.158,143.809,141.2185,139.666,143.11304710611137,141.30487090248818,1.8081762036231908,1.2687784395734152,143.96,7897000.0,143.6,7221500.0,139.63,7653000.0,71.61323681489138,2.9178272980501463,5.8440163288691505,0.02660461239233114,0.011476161447665095
PG,2022-04-21,148.77,149.75,147.51,147.67,147.67,9365700,Consumer Goods,144.892,144.413,141.79199999999997,139.7302,143.81411678209423,141.77636194674832,2.0377548353459076,1.4225737187279137,147.79,10196100.0,144.0,5247700.0,141.63,8884700.0,76.85904550499437,2.54861111111111,4.264633199180956,-0.0008119629203600098,0.011215584239044436
PG,2022-04-22,148.25,148.5,146.13,146.44,146.44,9394600,Consumer Goods,145.54000000000002,144.711,142.29199999999997,139.77640000000002,144.2180988156182,142.12181661735957,2.0962821982586206,1.5573154146340553,147.67,9365700.0,143.2,7806500.0,143.46,6889700.0,68.56810244470313,2.2625698324022503,2.0772340722152505,-0.008329383083903186,0.011399900064304497
PG,2022-04-25,146.85,148.29,145.12,147.62,147.62,6986800,Consumer Goods,146.696,145.015,142.772,139.89,144.7414682286,142.52908946051812,2.2123787680818907,1.6883280853236224,146.44,9394600.0,141.84,6034500.0,144.58,6045400.0,74.26934097421201,4.075014100394814,2.102642135841748,0.008057907675498521,0.011414081824584381
PG,2022-04-26,147.74,148.61,145.08,145.11,145.11,7769500,Consumer Goods,146.926,145.123,143.079,139.9694,144.79816542420002,142.72026801899827,2.077897405201753,1.7662419492992487,147.62,6986800.0,143.96,7897000.0,144.03,6158400.0,64.0657084188912,0.7988330091692086,0.7498437825453008,-0.01700311610892824,0.012850701113805818
PG,2022-04-27,145.49,146.62,144.49,144.72,144.72,6754900,Consumer Goods,146.31199999999998,145.23499999999999,143.2955,140.0328,144.7861399743231,142.86839631388727,1.917743660435832,1.7965422915265654,145.11,7769500.0,147.79,10196100.0,143.6,7221500.0,58.64577504196978,-2.077271804587588,0.7799442896935904,-0.0026876162910896007,0.012841238795775076
PG,2022-04-28,145.79,148.67,144.64,148.4,148.4,9306800,Consumer Goods,146.45800000000003,145.675,143.744,140.1684,145.34211843981186,143.27814473508082,2.0639737047310405,1.8500285741674605,144.72,6754900.0,147.67,9365700.0,144.0,5247700.0,62.52535496957401,0.4943455001015895,3.055555555555567,0.025428413488115087,0.015030026599865206
PG,2022-04-29,147.55,147.98,145.48,145.8,145.8,10637000,Consumer Goods,146.32999999999998,145.935,144.1345,140.23059999999998,145.4125617567639,143.46494882877855,1.9476129279853467,1.8695454449310378,148.4,9306800.0,146.44,9394600.0,143.2,7806500.0,52.87735849056604,-0.4370390603660068,1.8156424581005748,-0.017520215633423097,0.01622562988827662
PG,2022-05-02,146.76,147.12,141.84,143.83,143.83,10351600,Consumer Goods,145.572,146.13400000000001,144.323,140.2206,145.16909071726175,143.49198965627642,1.6771010609853363,1.8310565681418975,145.8,10637000.0,147.62,6986800.0,141.84,6034500.0,49.55791335101682,-2.5674027909497354,1.4029892836999514,-0.0135116598079561,0.016585139819570157
PG,2022-05-03,143.69,144.39,140.77,141.86,141.86,10344000,Consumer Goods,144.922,145.924,144.45850000000002,140.1698,144.65999983768302,143.37110153358927,1.288898304093749,1.722624915332268,143.83,10351600.0,145.11,7769500.0,143.96,7897000.0,46.399006622516595,-2.239680242574593,-1.4587385384829066,-0.013696725300702206,0.016481256762365875
PG,2022-05-04,141.52,143.08,140.9,142.91,142.91,7771000,Consumer Goods,144.56,145.436,144.6225,140.1756,144.3907690934241,143.3369458644345,1.053823228989586,1.5888645780637316,141.86,10344000.0,144.72,6754900.0,147.79,10196100.0,47.80330511890366,-1.250690989496961,-3.3019825427972105,0.007401663612011777,0.013756043329570445
PG,2022-05-05,141.94,142.84,139.07,140.27,140.27,8217100,Consumer Goods,142.93400000000003,144.696,144.55450000000002,140.1642,143.7568046175127,143.1097646892912,0.6470399282214885,1.4004996480952832,142.91,7771000.0,148.4,9306800.0,147.67,9365700.0,44.502814258911854,-5.478436657681939,-5.01117356267351,-0.018473164928976216,0.014518407759139986
PG,2022-05-06,140.55,141.89,139.74,141.67,141.67,7304800,Consumer Goods,142.108,144.219,144.46499999999997,140.2566,143.43575775327997,143.0031154530474,0.43264230023257255,1.2069281785227413,140.27,8217100.0,145.8,10637000.0,146.44,9394600.0,49.681528662420355,-2.8326474622771047,-3.2573067467905004,0.00998075140799859,0.015195365634100734
PG,2022-05-09,139.82,142.36,138.72,141.32,141.32,8540800,Consumer Goods,141.606,143.589,144.302,140.225,143.11025656046766,142.87844023430316,0.23181632616450543,1.011905808051094,141.67,7304800.0,143.83,10351600.0,147.62,6986800.0,44.70304975922949,-1.7451157616630852,-4.267714401842582,-0.0024705301051739514,0.014684644423352312
PG,2022-05-10,141.26,142.23,139.8,140.57,140.57,7447400,Consumer Goods,141.348,143.135,144.12900000000002,140.2208,142.71944785885725,142.70744466139183,0.012003197465418225,0.811925285933959,141.32,8540800.0,141.86,10344000.0,145.11,7769500.0,33.47069597069594,-0.9093472437614714,-3.1286610157811423,-0.005307104443815436,0.014006613408507236
PG,2022-05-11,139.88,141.58,138.36,138.59,138.59,7692200,Consumer Goods,140.484,142.52200000000002,143.87849999999997,140.2236,142.0841481882638,142.402448760548,-0.31830057228418696,0.5858801142903298,140.57,7447400.0,142.91,7771000.0,144.72,6754900.0,30.843881856540065,-3.0228815338324777,-4.23576561636263,-0.014085508999075125,0.014428039657200848
PG,2022-05-12,139.42,139.5,136.11,138.03,138.03,9600800,Consumer Goods,140.036,141.485,143.57999999999998,140.2066,141.46043308237705,142.07856366717408,-0.6181305847970293,0.34507797447285804,138.59,7692200.0,140.27,8217100.0,148.4,9306800.0,31.74120712114629,-1.5969202252798187,-6.98787061994609,-0.00404069557688147,0.010040789598649584
PG,2022-05-13,138.56,139.61,136.6,139.51,139.51,5675500,Consumer Goods,139.60399999999998,140.85600000000002,143.3955,140.2088,141.16036645431905,141.88829969182785,-0.7279332375088075,0.13047573207652494,138.03,9600800.0,141.67,7304800.0,145.8,10637000.0,32.61894556365186,-1.524670007764517,-4.314128943758588,0.010722306744910481,0.010753458148682428
PG,2022-05-16,139.37,141.58,138.06,140.87,140.87,5971000,Consumer Goods,139.514,140.56,143.347,140.2242,141.1156946921161,141.8128700850258,-0.6971753929096849,-0.03505449292071704,139.51,5675500.0,141.32,8540800.0,143.83,10351600.0,40.44183949504053,-0.3184262666289239,-2.057985121323791,0.009748405132248728,0.011062287178698853
PG,2022-05-17,140.88,142.35,139.01,140.47,140.47,6509100,Consumer Goods,139.494,140.421,143.17249999999999,140.273,141.01635704717518,141.71339822687574,-0.6970411797005625,-0.16745183027668614,140.87,5971000.0,140.57,7447400.0,141.86,10344000.0,40.42361424064892,-0.07113893433875473,-0.9798392781615761,-0.0028394974089586134,0.010295361621392066
PG,2022-05-18,140.46,140.54,131.26,131.72,131.72,9670700,Consumer Goods,138.12,139.302,142.36899999999997,140.25619999999998,139.5861482706867,140.97314650636642,-1.3869982356797266,-0.41136111135729425,140.47,6509100.0,138.59,7692200.0,142.91,7771000.0,19.405722670579507,-4.957067609495636,-7.8301028619410795,-0.062290880615077926,0.02150737049510132
PG,2022-05-19,130.24,130.25,127.68,128.68,128.68,9694100,Consumer Goods,136.25,138.143,141.41950000000003,140.1428,137.90827930596566,140.06254306145038,-2.1542637554847204,-0.7599416401827795,131.72,9670700.0,138.03,9600800.0,140.27,8217100.0,19.09747292418764,-6.773889734115768,-8.262636344193341,-0.02307925903431518,0.02180608435735921
PG,2022-05-20,129.09,129.36,126.4,128.77,128.77,7786900,Consumer Goods,134.102,136.853,140.536,140.10039999999998,136.50239018197095,139.22605839023183,-2.723668208260875,-1.1526869537983988,128.68,9694100.0,139.51,5675500.0,141.67,7304800.0,20.836560805576994,-7.698372876496295,-9.105668101927,0.000699409387628247,0.02112530901205068
PG,2022-05-23,129.72,132.25,129.03,131.73,131.73,7134500,Consumer Goods,132.274,135.894,139.7415,140.1482,135.76817630782156,138.6707948057702,-2.9026184979486516,-1.5026732626284494,128.77,7786900.0,140.87,5971000.0,141.32,8540800.0,31.107795598657106,-6.488251579470439,-6.786017548825363,0.022986720509435177,0.023445452587771802
PG,2022-05-24,131.58,134.35,131.52,134.07,134.07,7207400,Consumer Goods,130.994,135.244,139.1895,140.2098,135.50691841431055,138.32999519052797,-2.8230767762174196,-1.7667539653462434,131.73,7134500.0,140.47,6509100.0,140.57,7447400.0,34.27046263345191,-4.556132982131422,-4.624030732019635,0.017763607378729285,0.024704359335104287
PG,2022-05-25,133.6,133.62,130.32,131.87,131.87,8217800,Consumer Goods,131.024,134.57199999999997,138.547,140.13299999999998,134.9473925044166,137.85147702826666,-2.9040845238500594,-1.9942200770470069,134.07,7207400.0,131.72,9670700.0,138.59,7692200.0,34.81561822125809,0.11387792286670084,-4.848834692257742,-0.01640933840531056,0.024815833604150798
PG,2022-05-26,133.02,133.84,131.72,133.02,133.02,5702600,Consumer Goods,131.892,134.071,137.778,140.0886,134.6508705806602,137.49358984098765,-2.842719260327442,-2.163919913703094,131.87,8217800.0,128.68,9694100.0,138.03,9600800.0,34.22108719445461,3.3727074914516653,-3.6296457291893014,0.008720709789944658,0.025177503672104192
PG,2022-05-27,133.47,135.06,133.16,135.06,135.06,6028800,Consumer Goods,133.15,133.626,137.241,140.0764,134.71381356825094,137.3133239268404,-2.5995103585894697,-2.251038002680369,133.02,5702600.0,128.77,7786900.0,139.51,5675500.0,39.24398625429553,4.884678108255014,-3.1897355028313257,0.015336039693279124,0.02550514269083453
PG,2022-05-31,133.76,135.3,132.73,134.3,134.3,12416700,Consumer Goods,133.664,132.969,136.7645,140.0504,134.65014994236617,137.09011474707444,-2.439964804708268,-2.2888233630859487,135.06,6028800.0,131.73,7134500.0,140.87,5971000.0,39.23050498110617,1.9509602975783968,-4.6638744942145145,-0.005627128683547977,0.02511596551049131
PG,2022-06-01,134.4,134.51,131.42,132.26,132.26,7036000,Consumer Goods,133.302,132.148,136.2845,139.9734,134.28243456661752,136.73232846951336,-2.4498939028958375,-2.3210374710479265,134.3,12416700.0,134.07,7207400.0,140.47,6509100.0,39.14981145011996,-1.3500410233460158,-5.84466434114046,-0.015189873417721711,0.025329411149067105
PG,2022-06-02,132.56,133.73,129.53,133.69,133.69,6479800,Consumer Goods,133.666,132.345,135.82350000000002,139.904,134.1912907871379,136.50697080510497,-2.3156800179670824,-2.319965980431758,132.26,7036000.0,131.87,8217800.0,131.72,9670700.0,42.77629826897469,1.3801471145825417,1.4955967203158282,0.010812036897021038,0.016025130671062825
PG,2022-06-03,132.92,133.69,131.79,132.49,132.49,4720700,Consumer Goods,133.56,132.726,135.43449999999999,139.8298,133.92955374296284,136.20941741213423,-2.279863669171391,-2.3119455181796846,133.69,6479800.0,133.02,5702600.0,128.68,9694100.0,38.20564516129035,-0.39843632536460394,2.9608330742928235,-0.00897598922881282,0.014118948507156519
PG,2022-06-06,133.83,134.08,131.31,131.97,131.97,4751100,Consumer Goods,132.942,133.046,134.9495,139.7404,133.62808393635316,135.89538649271688,-2.267302556363717,-2.303016925816491,132.49,4720700.0,135.06,6028800.0,128.77,7786900.0,34.61272475795295,-2.2878720568636157,2.485050865884908,-0.003924824515057823,0.014277923703641223
PG,2022-06-07,130.47,133.66,130.25,133.44,133.44,4918600,Consumer Goods,132.77,133.21699999999998,134.5555,139.64880000000002,133.599147946145,135.71350601177488,-2.1143580656298866,-2.2652851537791703,131.97,4751100.0,134.3,12416700.0,131.73,7134500.0,38.279426475491825,-0.6403574087863073,1.2981097699840571,0.011138895203455235,0.01280965510642277
PG,2022-06-08,132.86,132.98,131.67,131.78,131.78,4369600,Consumer Goods,132.67399999999998,132.988,134.11599999999999,139.505,133.31927903135346,135.42213519608785,-2.1028561647343906,-2.2327993559702146,133.44,4918600.0,132.26,7036000.0,134.07,7207400.0,50.131004366812235,-0.3629215182216816,-1.7080629521891488,-0.012440047961630674,0.01205168909577609
PG,2022-06-09,132.05,133.4,129.26,129.4,129.4,4625700,Consumer Goods,131.816,132.741,133.6565,139.2852,132.71631302652986,134.97605110748876,-2.259738080958897,-2.2381871009679513,131.78,4369600.0,133.69,6479800.0,131.87,8217800.0,51.618705035971225,-3.2089161493006113,-1.8730567983620272,-0.018060403703141548,0.01228531152744911
PG,2022-06-10,127.95,130.0,126.64,128.91,128.91,6630800,Consumer Goods,131.1,132.32999999999998,133.20049999999998,139.0748,132.13072640706372,134.5267139884155,-2.3959875813517897,-2.269747197044719,129.4,4625700.0,132.49,4720700.0,133.02,5702600.0,50.309187279151914,-2.702090723828221,-3.0897609382047886,-0.0037867078825348788,0.011716328874951271
PG,2022-06-13,126.69,127.58,124.99,125.46,125.46,8549500,Consumer Goods,129.798,131.37,132.498,138.8242,131.104460805977,133.85510554482917,-2.7506447388521735,-2.36592670540621,128.91,6630800.0,131.97,4751100.0,135.06,6028800.0,36.44617380025942,-4.932939304387363,-7.10795202132386,-0.026762857807772877,0.011928663757015071
PG,2022-06-14,124.88,124.94,120.37,121.55,121.55,9980200,Consumer Goods,127.42,130.095,131.53199999999998,138.454,129.63454375890362,132.94361624521218,-3.3090724863085654,-2.5545558615866812,125.46,8549500.0,133.44,4918600.0,134.3,12416700.0,24.655870445344135,-8.910371702637887,-9.493670886075956,-0.031165311653116534,0.014075617597718531
PG,2022-06-15,122.09,122.51,117.6,120.34,120.34,12178100,Consumer Goods,125.13199999999999,128.903,130.52550000000002,138.0778,128.20461394984153,132.01001504186314,-3.8054010920216115,-2.8047249076736676,121.55,9980200.0,131.78,4369600.0,132.26,7036000.0,25.685364824968374,-8.681135225375625,-9.01255103583849,-0.009954751131221684,0.013951150651222249
PG,2022-06-16,118.99,122.66,118.6,121.07,121.07,9683300,Consumer Goods,123.46600000000001,127.64099999999999,129.993,137.7066,127.1069810344813,131.1996435572807,-4.092662522799401,-3.0623124306988143,120.34,12178100.0,129.4,4625700.0,133.69,6479800.0,24.345212537569722,-6.437403400309128,-9.439748672301596,0.0060661459198936285,0.013253802974144652
PG,2022-06-17,120.38,121.93,119.36,120.2,120.2,17113300,Consumer Goods,121.724,126.41199999999999,129.56900000000002,137.27800000000002,126.04436856763802,130.38485514563027,-4.340486577992252,-3.317947260157502,121.07,9683300.0,128.91,6630800.0,132.49,4720700.0,16.410488245931276,-6.756651927701496,-9.276171786549936,-0.007185925497645962,0.013278033539194887
PG,2022-06-21,122.25,124.42,121.17,123.84,123.84,9017000,Consumer Goods,121.4,125.599,129.3225,136.8856,125.70523494184755,129.90005106076876,-4.19481611892121,-3.4933210319102437,120.2,17113300.0,125.46,8549500.0,131.97,4751100.0,29.079999999999984,-1.2912482065997044,-6.16049102068652,0.03028286189683871,0.01834451949890018
PG,2022-06-22,123.22,126.86,123.21,125.78,125.78,8374500,Consumer Goods,122.24600000000001,124.83300000000001,129.025,136.5096,125.71673725848639,129.5948620933044,-3.878124834818024,-3.5702817924917998,123.84,9017000.0,121.55,9980200.0,133.44,4918600.0,36.98795180722892,3.4800493624023154,-5.740407673860903,0.015665374677002575,0.018867908015396447
PG,2022-06-23,126.28,129.39,126.14,129.23,129.23,6418300,Consumer Goods,124.02399999999997,124.57800000000002,128.78300000000002,136.21359999999999,126.25723921871926,129.56783527157816,-3.310596052858898,-3.51834464456522,125.78,8374500.0,120.34,12178100.0,131.78,4369600.0,41.71619613670131,7.387402359980055,-1.935043253908042,0.027428844013356546,0.021343343504452706
PG,2022-06-24,130.95,131.9,129.97,131.09,131.09,19440600,Consumer Goods,126.02799999999999,124.747,128.74399999999997,135.9634,127.00074087737784,129.68058821442423,-2.6798473370463967,-3.3506451830614554,129.23,6418300.0,121.07,9683300.0,129.4,4625700.0,47.46192893401014,8.276203849012976,1.3060278207109643,0.014392942815135923,0.021052609176702326
PG,2022-06-27,130.88,131.46,129.6,130.09,130.09,5618500,Consumer Goods,128.006,124.86499999999998,128.5975,135.6852,127.4760115116274,129.7109150133558,-2.2349035017283825,-3.127496846794841,131.09,19440600.0,120.2,17113300.0,128.91,6630800.0,46.65003563791875,8.227953410981703,0.9153673105267268,-0.0076283469372187,0.021194333370201983
PG,2022-06-28,130.35,130.85,127.67,127.98,127.98,6077300,Consumer Goods,128.834,125.11699999999999,128.24349999999998,135.38080000000002,127.55354820214627,129.58269908644053,-2.0291508842942534,-2.907827654294724,130.09,5618500.0,123.84,9017000.0,125.46,8549500.0,40.48780487804878,3.3430232558139483,2.0086083213773476,-0.016219540318241243,0.01987465255063162
PG,2022-06-29,128.59,129.74,128.18,129.14,129.14,5174600,Consumer Goods,129.506,125.876,127.98549999999997,135.1268,127.79761770950839,129.549906561519,-1.7522888520106221,-2.6767198938379035,127.98,6077300.0,125.78,8374500.0,121.55,9980200.0,45.31914893617018,2.6713308952138526,6.244343891402715,0.00906391623691194,0.016088652964664683
PG,2022-06-30,128.67,131.17,128.26,130.58,130.58,7410100,Consumer Goods,129.776,126.9,127.90150000000001,134.8592,128.22567652343017,129.62620977918425,-1.400533255754084,-2.42148256622114,129.14,5174600.0,129.23,6418300.0,120.34,12178100.0,52.16434336023479,1.0446490752921367,8.509223865713821,0.01115068917453943,0.01508850055469041
PG,2022-07-01,130.99,132.82,130.23,132.69,132.69,5937200,Consumer Goods,130.096,128.062,127.85149999999999,134.55720000000002,128.91249551982554,129.85315720294838,-0.9406616831228405,-2.12531838960148,130.58,7410100.0,131.09,19440600.0,121.07,9683300.0,56.5443213296399,1.2205355099549786,9.597753365821426,0.016158676673303507,0.01525892882632397
PG,2022-07-05,131.3,132.68,129.45,131.41,131.41,5760900,Consumer Goods,130.35999999999999,129.183,127.79750000000001,134.232,129.29672697831393,129.96847889161887,-0.671751913304945,-1.8346050943421732,132.69,5937200.0,130.09,5618500.0,120.2,17113300.0,61.1381505054287,1.0146821431316733,9.3261231281198,-0.009646544577586846,0.015571157138241745
PG,2022-07-06,132.14,133.94,131.65,132.63,132.63,5485200,Consumer Goods,131.29000000000002,130.06199999999998,127.83049999999999,133.9558,129.80953821241948,130.1656286033508,-0.356090390931314,-1.5389021536600014,131.41,5760900.0,127.98,6077300.0,123.84,9017000.0,73.06411323896756,3.633380215658688,7.097868217054248,0.00928392055399141,0.013694680192539551
PG,2022-07-07,131.94,132.76,131.32,132.59,132.59,6623400,Consumer Goods,131.98,130.743,127.78799999999998,133.6552,130.23730156435494,130.34521166976924,-0.10791010541430524,-1.2527037440108622,132.63,5485200.0,129.14,5174600.0,125.78,8374500.0,76.8052516411379,2.6715192814000366,5.414215296549529,-0.0003015908919550281,0.013496956853508536
PG,2022-07-08,132.58,133.32,131.29,131.7,131.7,4294200,Consumer Goods,132.204,130.98999999999998,127.78400000000002,133.387,130.46233209291572,130.44556636089743,0.016765732018285462,-0.9988098488050325,132.59,6623400.0,130.58,7410100.0,129.23,6418300.0,73.0986527596697,0.8577117475876639,1.9113209007196375,-0.006712421751263409,0.011461161492051609
PG,2022-07-11,131.82,133.12,131.39,132.63,132.63,5482900,Consumer Goods,132.192,131.144,127.9455,133.14520000000002,130.79581946323637,130.6073762600902,0.18844320314616425,-0.7613592384147932,131.7,4294200.0,132.69,5937200.0,131.09,19440600.0,76.93974859124401,-0.04521817770744008,1.174765428331681,0.007061503416856629,0.01079202787696527
PG,2022-07-12,132.46,133.42,131.11,131.45,131.45,5204400,Consumer Goods,132.2,131.28,128.07250000000002,132.80620000000002,130.89646262273845,130.66979283341686,0.22666978932159054,-0.5637534328675164,132.63,5482900.0,131.41,5760900.0,130.09,5618500.0,68.46191169335269,0.030439083783573295,1.0454300868629307,-0.008896931312674439,0.01091437136095149
PG,2022-07-13,131.14,133.46,130.96,132.32,132.32,5075600,Consumer Goods,132.13799999999998,131.714,128.4155,132.5366,131.11546837308637,130.7920304013119,0.3234379717744673,-0.3863151519391197,131.45,5204400.0,132.63,5485200.0,127.98,6077300.0,66.73490276356189,-0.23373294126517452,3.3911548679480985,0.00661848611639404,0.009133014485878872
PG,2022-07-14,130.55,132.16,130.29,131.93,131.93,4867000,Consumer Goods,132.006,131.993,128.9345,132.2986,131.2407809310731,130.87632444565918,0.3644564854139105,-0.2361608244685137,132.32,5075600.0,132.59,6623400.0,129.14,5174600.0,58.19174757281558,-0.4977750961610905,2.160446027566998,-0.0029474002418378165,0.00909188125543359
PG,2022-07-15,131.99,132.32,130.86,131.74,131.74,6264600,Consumer Goods,132.01399999999998,132.10899999999998,129.50449999999998,132.09619999999998,131.31758386475414,130.9403004126474,0.3772834521067523,-0.11347196915346051,131.93,4867000.0,131.7,4294200.0,130.58,7410100.0,52.1944632005402,0.030372057706928857,0.888344310001532,-0.0014401576593647825,0.008567772115402687
PG,2022-07-18,131.63,131.76,130.02,130.15,130.15,6047500,Consumer Goods,131.51799999999997,131.855,129.95850000000002,131.84099999999998,131.1379555778689,130.88175964134018,0.2561959365287123,-0.03953838801702596,131.74,6264600.0,132.63,5482900.0,132.69,5937200.0,50.1948051948052,-1.869863530121385,-1.9142361896148818,-0.012069227265826599,0.0075818128542993685
PG,2022-07-19,131.29,131.69,130.45,130.81,130.81,5943600,Consumer Goods,131.39000000000001,131.795,130.48899999999998,131.6518,131.08750087358138,130.87644411235203,0.2110567612293437,0.010580641832247974,130.15,6047500.0,131.45,5204400.0,131.41,5760900.0,60.14336917562723,-0.48687713959679746,-0.45658625675366604,0.005071071840184294,0.007336584796554205
PG,2022-07-20,130.77,130.97,127.72,128.55,128.55,8635300,Consumer Goods,130.63600000000002,131.387,130.7245,131.3894,130.69711612379962,130.70411491884448,-0.006998795044864892,0.007064754456825401,130.81,5943600.0,132.32,5075600.0,132.63,5485200.0,48.039867109634635,-2.8491535671100188,-3.0762270979416306,-0.017276966592768117,0.008186488106269206
PG,2022-07-21,128.51,129.21,127.01,128.67,128.67,8310200,Consumer Goods,129.984,130.995,130.869,131.1364,130.3852521047535,130.5534397396708,-0.16818763491730238,-0.027985723418000152,128.55,8635300.0,131.93,4867000.0,132.59,6623400.0,43.04442825928613,-2.4710073523838583,-2.9564823893204695,0.0009334889148189252,0.008242346016413918
PG,2022-07-22,128.66,130.86,128.58,130.73,130.73,5292700,Consumer Goods,129.782,130.898,130.94400000000002,130.93959999999998,130.43829024248373,130.56651827747297,-0.12822803498923463,-0.04803418573224705,128.67,8310200.0,131.74,6264600.0,131.7,4294200.0,42.83625730994148,-0.7666616061940301,-0.7365223993925585,0.016009947928810053,0.010032392853394656
PG,2022-07-25,130.52,132.01,130.28,131.61,131.61,5262100,Consumer Goods,130.07399999999998,130.796,130.97,130.8,130.61855328210163,130.6438132198824,-0.025259937780759856,-0.04347933614194961,130.73,5292700.0,130.15,6047500.0,132.63,5482900.0,50.753012048192836,1.1217825585862595,-0.7690567744853993,0.006731431194064275,0.010004547352412251
PG,2022-07-26,130.42,132.07,129.53,131.87,131.87,5375700,Consumer Goods,130.286,130.83800000000002,131.05900000000003,130.67680000000001,130.8110835463937,130.73464187026147,0.07644167613221953,-0.019495133687115786,131.61,5262100.0,130.81,5943600.0,131.45,5204400.0,46.915584415584455,0.81033560125372,0.31951312286040423,0.001975533774029259,0.009600610119630731
PG,2022-07-27,131.51,133.64,131.19,133.12,133.12,5500000,Consumer Goods,131.2,130.91799999999998,131.316,130.549,131.1663014623331,130.91133506505693,0.25496639727617776,0.035397172505542925,131.87,5375700.0,128.55,8635300.0,132.32,5075600.0,51.95861049519586,3.5550369506028634,0.6045949214026791,0.009479032380374619,0.009847231483212168
PG,2022-07-28,133.58,135.84,132.61,135.33,135.33,7115700,Consumer Goods,132.53199999999998,131.258,131.62550000000002,130.4382,131.806870468128,131.2386435787564,0.5682268893716014,0.14196311587875463,133.12,5500000.0,128.67,8310200.0,131.93,4867000.0,62.22222222222231,5.176031709023099,2.5771242325475674,0.0166015625,0.010934840130501559
PG,2022-07-29,129.27,130.25,126.35,126.97,126.97,18694700,Consumer Goods,131.78000000000003,130.781,131.445,130.1682,131.06273654995448,130.92244775810778,0.14028879184670018,0.14162825107234375,135.33,7115700.0,130.73,5292700.0,131.74,6264600.0,37.298025134649926,-2.876156964736476,-3.6207681797479907,-0.06177492056454603,0.023190288620885704
PG,2022-08-01,126.45,131.57,126.38,130.62,130.62,12590000,Consumer Goods,131.582,130.828,131.34150000000002,130.14620000000002,130.99462323457686,130.90004422047016,0.09457901410669933,0.1322184036792149,126.97,18694700.0,131.61,5262100.0,130.15,6047500.0,48.323232323232354,-0.7522224754957896,0.3611217825585822,0.028746948097975844,0.025020845924460768
PG,2022-08-02,130.81,131.37,129.58,129.75,129.75,7495000,Consumer Goods,131.158,130.722,131.2585,130.1676,130.80314273694964,130.81485575969458,-0.011713022744942236,0.10343211839438347,130.62,12590000.0,131.87,5375700.0,130.81,5943600.0,44.808080808080824,-1.607643891711541,-0.810335601253731,-0.006660542030316963,0.025065498452294374
PG,2022-08-03,129.48,132.78,128.8,132.43,132.43,6811000,Consumer Goods,131.02000000000004,131.11,131.24849999999998,130.2408,131.0534284697266,130.93449607379128,0.11893239593533167,0.10653217390257312,129.75,7495000.0,133.12,5500000.0,128.55,8635300.0,50.924556213017745,-0.5183293269230727,3.018280824581865,0.020655105973025112,0.025118562188053268
PG,2022-08-04,132.4,133.87,131.63,132.22,132.22,6124700,Consumer Goods,130.398,131.465,131.23,130.2506,131.2329010128456,131.02971858684379,0.2031824260018027,0.12586222432241903,132.43,6811000.0,135.33,7115700.0,128.67,8310200.0,50.88691796008868,-2.2980861597576396,2.758995880935733,-0.0015857434116137714,0.025157200403418387
PG,2022-08-05,131.39,132.39,130.5,132.28,132.28,4580300,Consumer Goods,131.45999999999998,131.62,131.259,130.2148,131.39399316471548,131.12233202485535,0.27166113986012874,0.15502200742996097,132.22,6124700.0,126.97,18694700.0,130.73,5292700.0,54.17156286721503,4.182090257541149,1.1856498125908388,0.00045378913931326537,0.024742097577043185
PG,2022-08-08,132.56,133.88,132.29,132.78,132.78,4486800,Consumer Goods,131.892,131.73700000000002,131.2665,130.233,131.6072249855285,131.24512224523644,0.3621027402920447,0.19643815400237774,132.28,4580300.0,130.62,12590000.0,131.61,5262100.0,53.88253843121796,1.653651814423518,0.8889901983131887,0.0037798609011188145,0.02468980497399852
PG,2022-08-09,133.06,133.39,132.07,132.47,132.47,3977300,Consumer Goods,132.436,131.797,131.3175,130.222,131.73995960313948,131.33585393077448,0.40410567236500583,0.23797165767490336,132.78,4486800.0,129.75,7495000.0,131.87,5375700.0,58.36891545687442,2.0963391136801457,0.4549935542579764,-0.002334688959180653,0.02471173599703262
PG,2022-08-10,133.35,133.91,132.89,133.72,133.72,4641300,Consumer Goods,132.694,131.857,131.3875,130.1952,132.04458120265647,131.5124573433097,0.5321238593467683,0.29680209800927637,132.47,3977300.0,132.43,6811000.0,133.12,5500000.0,60.28513238289206,0.9740995242769612,0.4507211538461453,0.009436098739337151,0.024710051904016685
PG,2022-08-11,134.19,134.63,132.47,132.77,132.77,5954300,Consumer Goods,132.804,131.601,131.42950000000002,130.1646,132.15618409455547,131.6056086512127,0.5505754433427796,0.34755676707597705,133.72,4641300.0,132.22,6124700.0,135.33,7115700.0,54.351535836177504,0.4159733777038266,-1.8916722086750881,-0.007104397247980732,0.02414915882508474
PG,2022-08-12,133.37,134.12,132.5,134.06,134.06,5038700,Consumer Goods,133.16000000000003,132.31,131.5455,130.2006,132.44907884923924,131.78741541778953,0.6616634314497105,0.4103780999507238,132.77,5954300.0,132.28,4580300.0,126.97,18694700.0,55.136268343815495,1.3456304807982988,5.583996219579435,0.009716050312570612,0.011785714431792303
PG,2022-08-15,134.24,135.98,134.13,135.79,135.79,6008000,Consumer Goods,133.762,132.827,131.82750000000001,130.2426,132.96306671858704,132.08390316461993,0.8791635539671177,0.5041351907540026,134.06,5038700.0,132.78,4486800.0,130.62,12590000.0,57.74091627172193,2.266907666817275,3.9580462410044204,0.012904669550947157,0.009066195125491195
PG,2022-08-16,135.61,137.65,135.61,137.04,137.04,7093000,Consumer Goods,134.676,133.55599999999998,132.139,130.3336,133.5902872234198,132.45102144872214,1.1392657746976624,0.6311613075427346,135.79,6008000.0,132.47,3977300.0,129.75,7495000.0,57.74091627172193,3.4498376991016766,5.618497109826581,0.00920539067678039,0.008369167714628803
PG,2022-08-17,136.28,136.88,136.08,136.41,136.41,4834600,Consumer Goods,135.214,133.954,132.53199999999998,130.4224,134.02408918904752,132.74427911918718,1.279810069860332,0.7608910600062541,137.04,7093000.0,133.72,4641300.0,132.43,6811000.0,52.274641954507125,2.0116661681124803,3.005361322963074,-0.004597197898423833,0.006988339817632398
PG,2022-08-18,136.07,137.1,135.75,136.9,136.9,3829000,Consumer Goods,136.04,134.422,132.9435,130.4916,134.46653700611714,133.05211029554368,1.4144267105734514,0.8915981901196935,136.41,4834600.0,132.77,5954300.0,132.22,6124700.0,81.28544423440455,3.1106424644121278,3.53955528664347,0.0035921120152482278,0.006801170096359192
PG,2022-08-19,136.38,137.68,135.94,136.86,136.86,6502500,Consumer Goods,136.6,134.88,133.25000000000003,130.5932,134.8347620820991,133.33417619957748,1.5005858825216194,1.0133957286000788,136.9,3829000.0,134.06,5038700.0,132.28,4580300.0,75.44861337683528,2.0886170371475554,3.462352585424866,-0.00029218407596776075,0.006842323804646998
PG,2022-08-22,136.17,137.22,136.05,136.49,136.49,6380700,Consumer Goods,136.74,135.251,133.494,130.735,135.0894140694685,133.5679409255347,1.5214731439337754,1.1150112116668183,136.86,6502500.0,135.79,6008000.0,132.78,4486800.0,78.65646258503408,0.5155018778997045,2.79409549630969,-0.0027034926201958687,0.007107569567467584
PG,2022-08-23,135.67,135.68,133.29,133.86,133.86,5268200,Consumer Goods,136.104,135.39000000000001,133.5935,130.834,134.90027344339643,133.58957493105066,1.3106985123457662,1.154148671802608,136.49,6380700.0,137.04,7093000.0,132.47,3977300.0,56.10589239965845,-2.320490367775818,1.0492941798143196,-0.01926881090189758,0.009922181704042956
PG,2022-08-24,134.01,134.6,132.65,133.28,133.28,5903200,Consumer Goods,135.478,135.346,133.6015,130.9904,134.65100060595083,133.56664345467652,1.084357151274304,1.1401903676969471,133.86,5268200.0,136.41,4834600.0,133.72,4641300.0,54.387417218543064,-2.2945531852503476,-0.32904576727490475,-0.00433288510383989,0.00958474856996993
PG,2022-08-25,132.75,133.25,132.07,133.18,133.18,5097600,Consumer Goods,134.734,135.387,133.494,131.223,134.42469282041992,133.53800319877456,0.8866896216453597,1.0894902184866297,133.28,5903200.0,136.9,3829000.0,132.77,5954300.0,53.71287128712875,-2.7173119065010964,0.3088046998569016,-0.0007503001200479531,0.009288706335030839
PG,2022-08-26,133.45,133.93,129.81,130.06,130.06,6086600,Consumer Goods,133.374,134.98700000000002,133.6485,131.4174,133.7532016172784,133.28037333219868,0.4728282850797143,0.9661578318052467,133.18,5097600.0,136.86,6502500.0,134.06,5038700.0,40.773405698778824,-4.96858103171125,-2.9837386244964903,-0.023426940982129496,0.011274938705135256
PG,2022-08-29,129.15,130.42,128.9,129.51,129.51,5272100,Consumer Goods,131.978,134.359,133.593,131.5862,133.10040136846632,133.00108641870247,0.09931494976385125,0.7927892553969677,130.06,6086600.0,136.49,6380700.0,135.79,6008000.0,40.12016021361813,-5.1139277602754944,-4.624788276014435,-0.004228817468860613,0.009800487924070043
PG,2022-08-30,130.17,130.17,127.88,128.13,128.13,5203700,Consumer Goods,130.832,133.46800000000002,133.512,131.7448,132.33572423485612,132.6402652025023,-0.3045409676461759,0.573323210788339,129.51,5272100.0,133.86,5268200.0,137.04,7093000.0,31.50231634679018,-4.280591662931432,-6.501751313485116,-0.010655547834144019,0.008614529475792452
PG,2022-08-31,128.33,128.77,126.01,126.08,126.08,8406900,Consumer Goods,129.392,132.435,133.1945,131.78959999999998,131.37330512180134,132.15431963194658,-0.7810145101452406,0.3024556666016231,128.13,5203700.0,133.28,5903200.0,136.41,4834600.0,29.364589759407735,-5.40216086434574,-7.572758595410889,-0.01599937563412157,0.009053622882801435
PG,2022-09-01,125.98,127.75,125.0,127.64,127.64,7446500,Consumer Goods,128.284,131.509,132.96550000000002,131.8268,130.79895048767804,131.81992558513573,-1.0209750974576934,0.03776951378975979,126.08,8406900.0,133.18,5097600.0,136.9,3829000.0,30.521844660194176,-4.159783751314016,-6.76406135865596,0.012373096446700593,0.010579288761675998
PG,2022-09-02,128.35,129.02,124.81,125.37,125.37,7077800,Consumer Goods,127.346,130.36,132.62,131.74960000000002,129.96372733572758,131.34215331957012,-1.3784259838425328,-0.24546958573669872,127.64,7446500.0,130.06,6086600.0,136.86,6502500.0,19.388954171562915,-3.6060279870828826,-8.395440596229731,-0.017784393607019666,0.010803822627166856
PG,2022-09-06,124.2,126.08,123.66,123.97,123.97,8217200,Consumer Goods,126.23800000000001,129.108,132.1795,131.6072,129.04161543792335,130.79606788849085,-1.7544524505674985,-0.5472661587028587,125.37,7077800.0,129.51,5272100.0,136.49,6380700.0,11.93942923704141,-4.277661956605661,-9.172833174591554,-0.011166945840312748,0.010613642402039299
PG,2022-09-07,124.34,125.92,124.33,125.84,125.84,6609400,Consumer Goods,125.78000000000002,128.30599999999998,131.848,131.5222,128.5490592167044,130.42895174860263,-1.8798925318982356,-0.813791433341934,123.97,8217200.0,128.13,5203700.0,133.86,5268200.0,21.292775665399304,-1.787247326933572,-5.991334229792322,0.015084294587400127,0.01250086312936375
PG,2022-09-08,125.23,126.59,124.36,126.01,126.01,7380500,Consumer Goods,125.766,127.579,131.46250000000003,131.4828,128.1584347218268,130.10162198944687,-1.9431872676200612,-1.0396706001975595,125.84,6609400.0,126.08,8406900.0,133.28,5903200.0,19.900497512437838,-0.05552030456852375,-5.4546818727491,0.0013509218054672534,0.012716916373543741
PG,2022-09-09,126.09,128.96,125.5,127.93,127.93,6434300,Consumer Goods,125.824,127.054,131.22050000000002,131.45860000000002,128.12329091846883,129.9407611013397,-1.8174701828708635,-1.1952305167322204,126.01,7380500.0,127.64,7446500.0,133.18,5097600.0,27.641462193289954,0.22720150423065633,-3.9420333383390904,0.015236885961431579,0.014290757470995574
PG,2022-09-12,127.43,129.61,127.15,128.97,128.97,5818700,Consumer Goods,126.54400000000001,126.94500000000001,130.96599999999998,131.4264,128.253553854089,129.8688528716108,-1.6152990175218065,-1.2792442168901377,127.93,6434300.0,125.37,7077800.0,130.06,6086600.0,31.7829457364341,2.871500358937551,-0.8380747347378148,0.008129445790666656,0.012923818478113656
PG,2022-09-13,128.68,129.27,126.01,126.3,126.3,6350200,Consumer Goods,127.00999999999999,126.624,130.4915,131.2986,127.95300710730608,129.60449339963964,-1.6514862923335585,-1.3536926319788218,128.97,5818700.0,123.97,8217200.0,129.51,5272100.0,31.721470019342334,1.879486972654676,-2.4785730831595965,-0.020702488950918863,0.01438192778892707
PG,2022-09-14,126.74,127.65,125.84,126.6,126.6,6137800,Consumer Goods,127.162,126.471,129.96949999999998,131.2024,127.74485216772052,129.38193833299965,-1.637086165279129,-1.4103713386388834,126.3,6350200.0,125.84,6609400.0,128.13,5203700.0,33.62745098039214,0.6039415130324244,-1.194099742449073,0.002375296912114022,0.014140474719462004
PG,2022-09-15,126.85,126.95,124.89,125.63,125.63,5320700,Consumer Goods,127.08600000000001,126.426,129.4305,131.0624,127.41949029576352,129.10401697499967,-1.6845266792361429,-1.4652024067583356,126.6,6137800.0,126.01,7380500.0,126.08,8406900.0,32.25199811941701,-0.30156336798667915,-0.35691624365482566,-0.00766192733017379,0.013390982075022635
PG,2022-09-16,125.63,127.11,125.32,126.39,126.39,9321500,Consumer Goods,126.77799999999999,126.301,128.905,130.9384,127.26110717333837,128.90297868055524,-1.6418715072168624,-1.5005362268500408,125.63,5320700.0,127.93,6434300.0,127.64,7446500.0,40.29613960867266,-1.2037833190025826,-0.9793168285803788,0.006049510467245112,0.012866286362435078
PG,2022-09-19,126.32,126.56,125.43,126.13,126.13,6056000,Consumer Goods,126.21,126.377,128.36849999999998,130.827,127.08709068513247,128.69757285236597,-1.6104821672334992,-1.5225254149267327,126.39,9321500.0,128.97,5818700.0,125.37,7077800.0,40.92373791621913,-2.2020624951539114,0.6062056313312469,-0.002057124772529506,0.01145849815063813
PG,2022-09-20,125.6,126.11,124.79,125.68,125.68,5589800,Consumer Goods,126.08599999999998,126.548,127.828,130.688,126.8706151951121,128.4740489373759,-1.6034337422638032,-1.538707080394147,126.13,6056000.0,126.3,6350200.0,123.97,8217200.0,43.07518371961563,-0.49089469517021866,1.3793659756392795,-0.0035677475620390364,0.010820964655390066
PG,2022-09-21,126.21,126.32,124.04,124.06,124.06,6413900,Consumer Goods,125.578,126.37,127.338,130.5402,126.43821285740255,128.14708234942213,-1.7088694920195877,-1.5727395627192353,125.68,5589800.0,126.6,6137800.0,125.84,6609400.0,44.14831981460024,-2.0063191153238513,-1.4144945963127764,-0.012889879057924936,0.010508468124189735
PG,2022-09-22,124.07,125.29,123.61,124.5,124.5,5061600,Consumer Goods,125.352,126.21900000000001,126.899,130.3838,126.140026263956,127.87692810131679,-1.73690183736079,-1.6055720176475463,124.06,6413900.0,125.63,5320700.0,126.01,7380500.0,40.27261462205699,-0.8994666878930135,-1.1983175938417578,0.0035466709656617468,0.010594314632265126
PG,2022-09-23,124.02,124.77,122.44,123.93,123.93,6523600,Consumer Goods,124.86000000000001,125.819,126.4365,130.22379999999998,125.8000222233474,127.58456305677481,-1.784540833427414,-1.6413657808035198,124.5,5061600.0,126.39,9321500.0,127.93,6434300.0,45.01385041551247,-1.9463565155471096,-3.126709919487214,-0.004578313253011945,0.00890661869548274
PG,2022-09-26,123.93,125.06,123.39,124.04,124.04,7396400,Consumer Goods,124.44200000000001,125.326,126.13550000000001,130.0698,125.52924957360165,127.32200283034705,-1.7927532567453994,-1.6716432759918958,123.93,6523600.0,126.13,6056000.0,128.97,5818700.0,50.266159695817514,-1.6570205343692912,-3.8225944017988622,0.0008875978374889293,0.00815128027324914
PG,2022-09-27,124.27,125.17,120.39,120.63,120.63,7722200,Consumer Goods,123.43199999999999,124.75899999999999,125.69150000000002,129.8794,124.77551886997063,126.82629891698801,-2.0507800470173834,-1.7474706301969933,124.04,7396400.0,125.68,5589800.0,126.3,6350200.0,32.2668481960517,-4.018141311266721,-4.4893111638954935,-0.027491131892937837,0.009821432855083823
PG,2022-09-28,121.59,121.59,119.91,120.63,120.63,10455100,Consumer Goods,122.74600000000001,124.162,125.31649999999999,129.6758,124.13774673612899,126.36731381202593,-2.229567075896938,-1.8438899193369822,120.63,7722200.0,124.06,6413900.0,126.6,6137800.0,31.473829201101893,-2.764791230049979,-4.715639810426541,0.0,0.009663086165263462
PG,2022-09-29,120.53,120.53,117.23,117.64,117.64,7128500,Consumer Goods,121.374,123.36299999999999,124.89450000000002,129.4576,123.13809339210914,125.72084612224623,-2.582752730137088,-1.9916624814970034,120.63,10455100.0,124.5,5061600.0,125.63,5320700.0,16.998075689544535,-5.510040160642571,-6.359945872801076,-0.02478653734560221,0.011562087852384736
PG,2022-09-30,117.91,117.95,115.36,115.4,115.4,9431900,Consumer Goods,119.66799999999998,122.26400000000001,124.28249999999998,129.19219999999999,121.94761748563081,124.95633900207984,-3.008721516449029,-2.1950742884874086,117.64,7128500.0,123.93,6523600.0,126.39,9321500.0,9.589041095890408,-6.882917776163966,-8.695308173114958,-0.019041142468548045,0.01125729447978721
PG,2022-10-03,116.31,118.0,115.79,117.46,117.46,8477700,Consumer Goods,118.352,121.397,123.88699999999999,128.92680000000001,121.25721479553377,124.40105463155541,-3.143839836021641,-2.384827397994255,115.4,9431900.0,124.04,7396400.0,126.13,6056000.0,22.682323856613053,-5.304740406320551,-6.873860302862123,0.017850953206238973,0.014037995930450098
PG,2022-10-04,118.0,119.62,117.64,118.92,118.92,7211600,Consumer Goods,118.00999999999999,120.721,123.6345,128.673,120.89764328852858,123.99505058477352,-3.0974072962449384,-2.5273433776443914,117.46,8477700.0,120.63,7722200.0,125.68,5589800.0,27.854671280276833,-1.417557821437443,-5.378739656269893,0.012429763323684728,0.01532591754826292
PG,2022-10-05,118.09,118.91,117.08,118.09,118.09,5071100,Consumer Goods,117.502,120.124,123.247,128.3974,120.46569816721649,123.55763943034586,-3.091941263129371,-2.6402629547413876,118.92,7211600.0,120.63,10455100.0,124.06,6413900.0,28.08139534883722,-2.105612202602991,-4.812187651136545,-0.006979482004708992,0.015117841063672758
PG,2022-10-06,117.81,117.97,115.49,115.61,115.61,5530800,Consumer Goods,117.096,119.23499999999999,122.727,128.0472,119.71866767995242,122.9689253984684,-3.250257718515982,-2.7622619074963066,118.09,5071100.0,117.64,7128500.0,124.5,5061600.0,21.511627906976727,-1.7256035362121724,-7.140562248995986,-0.021000931492929142,0.01559449107683147
PG,2022-10-07,115.63,115.7,113.12,113.59,113.59,6095400,Consumer Goods,116.734,118.201,122.00999999999999,127.6124,118.7757957291905,122.27419018376705,-3.498394454576541,-2.9094884169123536,115.61,5530800.0,115.4,9431900.0,123.93,6523600.0,19.680851063829763,-1.5684575389948052,-8.343419672395713,-0.01747253697777007,0.01587762248751356
PG,2022-10-10,112.76,113.57,111.68,113.12,113.12,6923300,Consumer Goods,115.86600000000001,117.109,121.21750000000002,127.33539999999999,117.90567330931505,121.59610202200652,-3.690428712691471,-3.065676476068177,113.59,6095400.0,117.46,8477700.0,124.04,7396400.0,19.661835748792242,-3.694874851013097,-8.803611738148987,-0.0041376881767760665,0.015622850019062065
PG,2022-10-11,113.06,114.89,112.97,113.55,113.55,5516200,Consumer Goods,114.792,116.401,120.58,126.994,117.23556972326656,121.00009446482085,-3.7645247415542826,-3.2054461291653986,113.12,6923300.0,118.92,7211600.0,120.63,7722200.0,23.065094823167556,-4.515640766902118,-5.869186769460333,0.0038012729844412174,0.014623516351000324
PG,2022-10-12,114.11,115.0,113.72,113.73,113.73,6823500,Consumer Goods,113.92,115.71099999999998,119.9365,126.67360000000001,116.69625130430248,120.4615689489082,-3.765317644605716,-3.3174204322534626,113.55,5516200.0,118.09,5071100.0,120.63,10455100.0,22.025974025974023,-3.6920992463375435,-5.719970156677434,0.001585204755614411,0.014703358297735692
PG,2022-10-13,112.89,115.85,112.35,115.45,115.45,6910500,Consumer Goods,113.888,115.492,119.42750000000001,126.334,116.50452033440979,120.09034161935944,-3.5858212849496454,-3.3711006027926995,113.73,6823500.0,115.61,5530800.0,117.64,7128500.0,29.21568627450978,-0.13839633249718153,-1.8616116967018037,0.015123538204519393,0.01438261533255231
PG,2022-10-14,115.85,116.1,114.04,114.33,114.33,5516800,Consumer Goods,114.03599999999999,115.38499999999999,118.82450000000001,125.9762,116.16997874450058,119.66364964755503,-3.4936709030544506,-3.39561466284505,115.45,6910500.0,113.59,6095400.0,115.4,9431900.0,27.323680523120018,0.6514657980456029,-0.9272097053726225,-0.009701169337375526,0.013407658124415566
PG,2022-10-17,115.18,117.25,115.04,116.39,116.39,6664600,Consumer Goods,114.69000000000001,115.27799999999999,118.3375,125.6584,116.20382816842357,119.42115708106948,-3.217328912645911,-3.3599575128052224,114.33,5516800.0,113.12,6923300.0,117.46,8477700.0,39.431704885343976,2.890735502121644,-0.9109484079686592,0.018018018018018056,0.013433628472391324
PG,2022-10-18,118.21,118.89,116.69,117.33,117.33,7114200,Consumer Goods,115.446,115.119,117.92,125.3494,116.37708537328149,119.26625655654581,-2.889171183264324,-3.265800246897043,116.39,6664600.0,113.55,5516200.0,118.92,7211600.0,42.142857142857146,3.3289299867899524,-1.3370332996972767,0.00807629521436537,0.013020228941037052
PG,2022-10-19,120.32,121.57,118.38,118.42,118.42,9993700,Consumer Goods,116.38400000000001,115.152,117.638,125.0684,116.69137993123819,119.20357088569057,-2.512190954452379,-3.1150783884081106,117.33,7114200.0,113.73,6823500.0,118.09,5071100.0,52.041884816753935,4.123801987162579,0.2794478787365495,0.009290036648768485,0.013241949243447813
PG,2022-10-20,118.4,119.46,116.61,116.9,116.9,8168000,Consumer Goods,116.674,115.28100000000002,117.25800000000001,124.73200000000001,116.72347532643232,119.03293600526904,-2.3094606788367145,-2.9539548464938314,118.42,9993700.0,115.45,6910500.0,115.61,5530800.0,54.08052230685528,1.255954958856642,1.1158204307585962,-0.012835669650396841,0.01196913373341757
PG,2022-10-21,116.48,118.7,116.43,118.36,118.36,6394600,Consumer Goods,117.47999999999999,115.758,116.9795,124.4438,116.97524835313504,118.98308889376763,-2.0078405406325857,-2.7647319853215824,116.9,8168000.0,114.33,5516800.0,113.59,6095400.0,52.53093363329586,3.524884107408388,4.199313319834497,0.012489307100085556,0.010434288188613106
PG,2022-10-24,119.2,120.07,118.15,119.09,119.09,6946000,Consumer Goods,118.02000000000001,116.35499999999999,116.732,124.1444,117.30059476034504,118.99100823497002,-1.6904134746249895,-2.549868283182264,118.36,6394600.0,116.39,6664600.0,113.12,6923300.0,50.498533724340184,2.319786923275191,5.2775813295615315,0.006167624197364052,0.010023324760668225
PG,2022-10-25,119.3,120.75,118.26,120.46,120.46,6776000,Consumer Goods,118.646,117.046,116.72349999999999,123.8378,117.78665710490733,119.09982243978706,-1.3131653348797272,-2.3025276935217565,119.09,6946000.0,117.33,7114200.0,113.55,5516200.0,56.73678226264921,2.6676894229949566,6.08542492294144,0.01150390460995876,0.010198206829600452
PG,2022-10-26,120.27,122.03,120.04,121.31,121.31,6612800,Consumer Goods,119.224,117.804,116.75750000000001,123.52320000000002,118.32870985799852,119.26353929609913,-0.934829438100607,-2.0289880424375264,120.46,6776000.0,118.42,9993700.0,113.73,6823500.0,67.85714285714286,2.440466137476771,6.664908115712653,0.007056284243732502,0.010082836990605817
PG,2022-10-27,121.51,122.54,121.05,121.4,121.4,6676700,Consumer Goods,120.124,118.399,116.9455,123.223,118.80121603369105,119.42179564453622,-0.6205796108451693,-1.747306356119055,121.31,6612800.0,116.9,8168000.0,115.45,6910500.0,77.83321454027086,3.849443969204458,5.153746210480725,0.00074190091501114,0.00973892988180799
PG,2022-10-28,122.59,124.74,122.36,124.47,124.47,6996400,Consumer Goods,121.346,119.41300000000001,117.39900000000003,122.9744,119.67333664389243,119.7957367079039,-0.12240006401147241,-1.4223250976975383,121.4,6676700.0,118.36,6394600.0,114.33,5516800.0,84.1250751653638,5.162216965190947,8.869063237995277,0.025288303130148293,0.010116220842925407
PG,2022-10-31,124.45,124.89,123.59,123.97,123.97,8346300,Consumer Goods,122.322,120.171,117.7245,122.7166,120.33436177560128,120.10494139620731,0.22942037939397153,-1.0919760022792364,124.47,6996400.0,119.09,6946000.0,116.39,6664600.0,81.19760479041916,4.097741204131333,6.512586992009628,-0.004017032216598326,0.01023109856938807
PG,2022-11-01,123.99,125.45,123.2,124.16,124.16,6428300,Consumer Goods,123.06199999999998,120.854,117.9865,122.47,120.92292150243185,120.40531610759936,0.5176053948324864,-0.7700597228568918,123.97,8346300.0,120.46,6776000.0,117.33,7114200.0,81.20885697187312,3.0715590237423207,5.8211881019347045,0.0015326288618213724,0.010319156583994694
PG,2022-11-02,124.01,125.69,122.25,122.37,122.37,7318100,Consumer Goods,123.274,121.249,118.2005,122.2402,121.14554896359617,120.5508482477772,0.5947007158189734,-0.4971076351217188,124.16,6428300.0,121.31,6612800.0,118.42,9993700.0,70.61978545887963,0.8737944110131179,3.3355852052018298,-0.01441688144329889,0.011995341400224279
PG,2022-11-03,121.26,122.1,120.55,121.54,121.54,5204000,Consumer Goods,123.30199999999999,121.713,118.497,122.00540000000001,121.20623373842753,120.62411874794185,0.5821149904856782,-0.2812631100002394,122.37,7318100.0,121.4,6676700.0,116.9,8168000.0,71.86173438447548,0.11532125205930832,3.969204448246355,-0.006782708180109509,0.011215135720236896
PG,2022-11-04,122.72,124.27,121.99,123.76,123.76,5555400,Consumer Goods,123.16,122.253,119.00550000000001,121.81700000000001,121.59912085559253,120.8564062480943,0.7427146074982289,-0.07646756650054573,121.54,5204000.0,124.47,6996400.0,118.36,6394600.0,72.13213213213217,-0.570418574756959,4.562352145995274,0.01826559157479024,0.011835070808298586
PG,2022-11-07,124.59,126.29,124.33,125.65,125.65,6746800,Consumer Goods,123.49600000000001,122.90900000000002,119.63199999999999,121.7288,122.22233303165522,121.21148726675399,1.0108457649012337,0.14099509977981015,123.76,5555400.0,123.97,8346300.0,119.09,6946000.0,73.63636363636368,1.3551665725578754,5.508438995717535,0.015271493212669629,0.012315111757703522
PG,2022-11-08,125.95,126.59,125.01,125.94,125.94,5266200,Consumer Goods,123.852,123.45700000000002,120.25150000000001,121.6574,122.79428179601597,121.56174746921666,1.2325343267993105,0.3593029451837102,125.65,6746800.0,124.16,6428300.0,120.46,6776000.0,72.38095238095241,1.4336340206185572,4.549227959488622,0.002307998408277001,0.012154650689559288
PG,2022-11-09,125.99,127.0,125.5,125.63,125.63,5690700,Consumer Goods,124.50399999999999,123.88900000000001,120.84650000000002,121.6074,123.23054613509044,121.86309950853394,1.3674466265565002,0.5609316814582682,125.94,5266200.0,122.37,7318100.0,121.31,6612800.0,77.99871712636306,2.6640516466454045,3.5611243920534053,-0.0024614895982213447,0.012306096168223377
PG,2022-11-10,128.38,130.37,127.22,129.96,129.96,8068700,Consumer Goods,126.18800000000002,124.745,121.57199999999997,121.685,124.2658467296919,122.4628699153092,1.8029768143827027,0.8093407080431552,125.63,5690700.0,121.54,5204000.0,121.4,6676700.0,81.41928494041173,6.927760408096106,7.051070840197693,0.03446628989890965,0.01561910561226405
PG,2022-11-11,129.98,130.37,128.05,129.77,129.77,7175200,Consumer Goods,127.39000000000001,125.275,122.34400000000001,121.7276,125.11263954050852,123.00413881047147,2.1085007300370506,1.0691727124419343,129.96,8068700.0,123.76,5555400.0,124.47,6996400.0,79.79910714285718,4.856173238526185,4.258054149594281,-0.0014619883040934978,0.014369231986148603
PG,2022-11-14,129.34,132.15,129.11,129.78,129.78,8516200,Consumer Goods,128.216,125.856,123.0135,121.8158,125.83069499581491,123.50605445414025,2.324640541674654,1.3202662782884782,129.77,7175200.0,125.65,6746800.0,123.97,8346300.0,78.14009661835753,3.2869080779944326,4.686617730095999,7.705941280722328e-05,0.014163724968395472
PG,2022-11-15,130.8,131.82,128.6,129.32,129.32,7732400,Consumer Goods,128.892,126.37200000000003,123.61300000000001,121.9228,126.36751115030492,123.9367170871669,2.4307940631380234,1.5423718352583873,129.78,8516200.0,125.94,5266200.0,124.16,6428300.0,74.76808905380332,2.683817690963952,4.155927835051543,-0.0035444598551395146,0.01437844072669473
PG,2022-11-16,130.25,131.55,129.78,130.48,130.48,6193700,Consumer Goods,129.862,127.18299999999999,124.21600000000001,122.01559999999999,127.00020174256571,124.42140471033971,2.5787970322259923,1.7496568746519083,129.32,7732400.0,125.63,5690700.0,122.37,7318100.0,76.33410672853827,3.860542863965599,6.6274413663479415,0.008969996906897482,0.012838446769464908
PG,2022-11-17,129.9,130.43,128.74,129.67,129.67,5186300,Consumer Goods,129.804,127.99600000000001,124.8545,122.0888,127.41093993601713,124.81018954661084,2.6007503894062864,1.919875577602784,130.48,6193700.0,129.96,8068700.0,121.54,5204000.0,67.35647530040052,-0.2231455832564011,6.68915583347045,-0.006207847946045342,0.01277343190366241
PG,2022-11-18,130.64,131.41,130.04,131.24,131.24,5671400,Consumer Goods,130.098,128.744,125.49849999999999,122.155,128.00002609970682,125.28647180241744,2.7135542972893774,2.078611321540103,129.67,5186300.0,129.77,7175200.0,123.76,5555400.0,72.64797507788164,1.1327733682669372,6.043956043956045,0.012107657900825242,0.012285992320213015
PG,2022-11-21,131.69,133.65,131.48,132.91,132.91,6377200,Consumer Goods,130.724,129.47,126.1895,122.23379999999999,128.75540669975192,125.85117759483096,2.904229104920958,2.2437348782162743,131.24,5671400.0,129.78,8516200.0,125.65,6746800.0,74.95721620079863,2.411773770997061,5.777954635893345,0.012724779030783173,0.012096289014959847
PG,2022-11-22,133.87,134.2,133.33,134.05,134.05,5372900,Consumer Goods,131.67,130.281,126.869,122.3888,129.5699595151747,126.45849777299163,3.1114617421830673,2.417280251009633,132.91,6377200.0,129.32,7732400.0,125.94,5266200.0,84.59715639810423,3.6575935663470505,6.439574400508197,0.008577232713866678,0.012063498316283342
PG,2022-11-23,134.3,134.98,134.0,134.81,134.81,4296000,Consumer Goods,132.536,131.199,127.54400000000001,122.55300000000001,130.37611958976322,127.07712756758485,3.2989920221783677,2.59362260524338,134.05,5372900.0,130.48,6193700.0,125.63,5690700.0,89.47055324211773,3.318516247700809,7.307171853856564,0.005669526296158134,0.011673199758105478
PG,2022-11-25,135.12,135.5,134.76,135.06,135.06,2411100,Consumer Goods,133.61399999999998,131.709,128.227,122.7416,131.09671657595348,127.66845145146746,3.4282651244860176,2.760551109091908,134.81,4296000.0,129.67,5186300.0,129.96,8068700.0,88.0727762803234,4.156705483149548,3.9242843951985185,0.0018544618351754583,0.0066757280688027045
PG,2022-11-28,134.76,135.63,134.53,134.95,134.95,6628200,Consumer Goods,134.356,132.227,128.751,122.91279999999999,131.68952941042218,128.20782541802544,3.4817039923967457,2.9047816857528757,135.06,2411100.0,131.24,5671400.0,129.77,7175200.0,85.60490045941792,2.826882048156043,3.9916775834168083,-0.0008144528357767467,0.006621107447765861
PG,2022-11-29,134.17,134.45,133.04,133.92,133.92,5634200,Consumer Goods,134.558,132.64100000000002,129.24849999999998,123.0686,132.0326787318957,128.63094946113466,3.401729270761024,3.0041712027545056,134.95,6628200.0,132.91,6377200.0,129.78,8516200.0,78.91304347826075,0.7599127228951952,3.1900138696255187,-0.0076324564653575955,0.007510206866156564
PG,2022-11-30,134.07,137.31,133.6,137.31,137.31,12396800,Consumer Goods,135.20999999999998,133.44,129.906,123.30120000000001,132.84457431160405,129.2738420936432,3.5707322179608525,3.117483405795775,133.92,5634200.0,134.05,5372900.0,129.32,7732400.0,84.59715639810418,2.4319283849309814,6.178472007423452,0.025313620071684806,0.009829549065971449
PG,2022-12-01,137.65,138.41,136.76,137.39,137.39,6927400,Consumer Goods,135.72599999999997,134.131,130.657,123.56779999999999,133.54387057135727,129.87503897559554,3.6688315957617306,3.2277530437889665,137.31,12396800.0,134.81,4296000.0,130.48,6193700.0,79.41409342834507,1.9138046139010267,5.295830778663402,0.0005826232612335946,0.009910803352926037
PG,2022-12-02,136.67,138.79,136.31,138.64,138.64,4938300,Consumer Goods,136.442,135.028,131.512,123.8506,134.32789048345614,130.52429534777366,3.8035951356824853,3.3429214621676704,137.39,6927400.0,135.06,2411100.0,129.67,5186300.0,82.3959094229363,2.6506737746186726,6.917559959898201,0.009098187641021882,0.0090988977101014
PG,2022-12-05,136.89,137.77,136.49,137.24,137.24,5402500,Consumer Goods,136.9,135.628,132.186,124.1168,134.7759073321552,131.02175495164227,3.7541523805129486,3.4251676458367264,138.64,4938300.0,134.95,6628200.0,131.24,5671400.0,74.73474801061009,1.6969247869581539,4.571776897287405,-0.010098095787651307,0.010278727519326495
PG,2022-12-06,137.82,138.15,136.5,137.42,137.42,6866700,Consumer Goods,137.6,136.079,132.7745,124.3844,135.18269081951593,131.4956990292984,3.686991790217519,3.477532474712885,137.24,5402500.0,133.92,5634200.0,132.91,6377200.0,77.36486486486487,2.6135005973715764,3.393273643819117,0.0013115709705624479,0.009893835402806254
PG,2022-12-07,137.17,138.47,137.17,138.3,138.3,6175500,Consumer Goods,137.798,136.504,133.39249999999998,124.73780000000001,135.6622768472827,131.99972132342447,3.662555523858231,3.5145370845419546,137.42,6866700.0,137.31,12396800.0,134.05,5372900.0,76.92837465564745,0.7209962857767094,3.1704587840358123,0.00640372580410431,0.009790460967178512
PG,2022-12-08,137.58,139.35,137.17,139.29,139.29,5187100,Consumer Goods,138.17799999999997,136.952,134.07549999999998,125.111,136.22038810154692,132.53974196613376,3.6806461354131557,3.5477588947161953,138.3,6175500.0,137.39,6927400.0,134.81,4296000.0,82.72108843537418,1.3829245214353358,3.323195608634366,0.007158351409978225,0.009843887840361077
PG,2022-12-09,138.72,139.87,138.28,138.93,138.93,5868200,Consumer Goods,138.23600000000002,137.339,134.524,125.5368,136.6372514705397,133.01309441308683,3.6241570574528623,3.5630385272635285,139.29,5187100.0,138.64,4938300.0,135.06,2411100.0,78.50259451445524,0.20917484131566244,2.8653931585961745,-0.0025845358604349444,0.010015790190548064
PG,2022-12-12,139.2,140.44,139.04,140.35,140.35,6142400,Consumer Goods,138.858,137.879,135.053,126.0358,137.20844355199512,133.55656890100633,3.6518746509887876,3.5808057520085805,138.93,5868200.0,137.24,5402500.0,134.95,6628200.0,78.09667673716021,2.2661031769163342,4.00148203038162,0.010220974591520715,0.01017099902250943
PG,2022-12-13,141.22,141.97,138.81,140.14,140.14,7680600,Consumer Goods,139.402,138.501,135.571,126.4894,137.65945223630357,134.04423046389476,3.615221772408802,3.587688956088625,140.35,6142400.0,137.42,6866700.0,133.92,5634200.0,74.73598700243704,1.9793334303594756,4.644563918757472,-0.0014962593516210099,0.009559462561976964
PG,2022-12-14,140.65,142.17,140.08,140.69,140.69,7385600,Consumer Goods,139.88,138.839,136.1395,126.92479999999999,138.12569035379533,134.53650968879145,3.58918066500388,3.5879872978716767,140.14,7680600.0,138.3,6175500.0,137.31,12396800.0,74.29752066115708,1.728127259580603,2.461583278712398,0.00392464678178972,0.00621574025817413
PG,2022-12-15,139.66,139.92,137.84,139.1,139.1,7117200,Consumer Goods,139.84199999999998,139.01000000000002,136.57049999999998,127.345,138.27558414551913,134.87454600814024,3.4010381373788903,3.55059746577312,140.69,7385600.0,139.29,5187100.0,137.39,6927400.0,65.02976190476191,-0.13640605930074212,1.2446320692917956,-0.01130144288862045,0.007595767745651622
PG,2022-12-16,138.41,139.06,137.18,138.48,138.48,19966400,Consumer Goods,139.752,138.994,137.011,127.80239999999999,138.3070327385162,135.14161667420393,3.165416064312268,3.4735611854809494,139.1,7117200.0,138.93,5868200.0,138.64,4938300.0,62.65232974910398,-0.3239041243791929,-0.11540680900172795,-0.0044572250179727435,0.007243666876402833
PG,2022-12-19,138.28,139.35,137.38,138.45,138.45,5881800,Consumer Goods,139.37199999999999,139.11499999999998,137.3715,128.2996,138.3290277018214,135.38668210574437,2.9423455960770184,3.3673180676001633,138.48,19966400.0,140.35,6142400.0,137.24,5402500.0,67.49034749034755,-1.353758460990384,0.8816671524336739,-0.0002166377816291698,0.0063452718007859146
PG,2022-12-20,137.45,138.91,137.41,138.5,138.5,5646100,Consumer Goods,139.04399999999998,139.22299999999998,137.651,128.80720000000002,138.3553311323104,135.6172982460596,2.7380328862508065,3.2414610313302923,138.45,5881800.0,140.14,7680600.0,137.42,6866700.0,56.19146722164413,-1.1702583131154465,0.7859118032309764,0.0003611412062116681,0.0063454788224370715
PG,2022-12-21,138.77,140.5,138.74,139.77,139.77,5024700,Consumer Goods,138.85999999999999,139.36999999999998,137.93699999999998,129.3316,138.57297249657034,135.9249057833885,2.6480667131818336,3.122782167700601,138.5,5646100.0,140.69,7385600.0,138.3,6175500.0,61.01851851851865,-0.6539199658824324,1.062906724511925,0.009169675090252793,0.006668862446981619
PG,2022-12-22,139.12,140.3,138.89,140.09,140.09,5904900,Consumer Goods,139.058,139.45,138.201,129.8588,138.8063613432518,136.23343128091528,2.5729300623365248,3.012811746627786,139.77,5024700.0,139.1,7117200.0,139.29,5187100.0,57.345491388044685,0.711718188353716,0.5743413023189037,0.0022894755670028744,0.006345502906221518
PG,2022-12-23,140.21,140.77,139.62,140.49,140.49,3401800,Consumer Goods,139.45999999999998,139.606,138.4725,130.3596,139.06538267505923,136.54873266751414,2.5166500075450813,2.913579398811245,140.09,5904900.0,138.48,19966400.0,138.93,5868200.0,68.32018038331454,1.4514731369150935,1.122867631181168,0.002855307302448429,0.006275815472139678
PG,2022-12-27,140.56,142.06,140.53,141.71,141.71,4215100,Consumer Goods,140.11200000000002,139.74200000000002,138.8105,130.9072,139.47224687889627,136.9310487662168,2.541198112679467,2.8391031415848897,140.49,3401800.0,138.45,5881800.0,140.35,6142400.0,71.64480322906161,2.3546406644998408,0.9690060562878688,0.008683892091963852,0.00604306037198653
PG,2022-12-28,142.02,142.36,139.83,139.88,139.88,4197500,Consumer Goods,140.388,139.71599999999998,139.1085,131.37699999999998,139.53497812829684,137.1494895983489,2.385488529947935,2.748380219257499,141.71,4215100.0,138.5,5646100.0,140.14,7680600.0,57.27440147329642,0.9963898916967473,-0.18552875695732052,-0.012913696986804113,0.007472639616872381
PG,2022-12-29,140.67,141.06,140.05,140.46,140.46,3809100,Consumer Goods,140.526,139.693,139.266,131.8396,139.67728918548195,137.3947125910638,2.2825765944181455,2.6552194942896286,139.88,4197500.0,139.77,5024700.0,140.69,7385600.0,55.598086124401966,0.49366816913500866,-0.16347999147060532,0.004146411209608347,0.0074864263955328695
PG,2022-12-30,140.32,140.55,138.48,139.51,139.51,4532000,Consumer Goods,140.41000000000003,139.73399999999998,139.372,132.26139999999998,139.6515523877155,137.5514005472813,2.1001518404341937,2.5442059635185417,140.46,3809100.0,140.09,5904900.0,139.1,7117200.0,52.62681159420281,-0.4140195588550277,0.2947519769949558,-0.006763491385447962,0.006844603826588208
PG,2023-01-03,138.95,139.65,137.27,139.52,139.52,6447300,Consumer Goods,140.216,139.838,139.416,132.7138,139.63131355883618,137.69722272896416,1.9340908298720194,2.422182936789237,139.51,4532000.0,140.49,3401800.0,138.48,19966400.0,45.69055036344769,-0.690440600754505,0.7510109763142925,7.167944950192684e-05,0.0066405069700722075
PG,2023-01-04,139.91,141.2,139.21,140.13,140.13,7313400,Consumer Goods,139.9,140.00600000000003,139.5605,133.1492,139.70803454978446,137.8774284527446,1.8306060970398619,2.303867568839362,139.52,6447300.0,141.71,4215100.0,138.45,5881800.0,49.95014955134601,-1.114953073177627,1.213434452871076,0.004372133027522818,0.006722913803421772
PG,2023-01-05,140.11,140.36,138.2,138.39,138.39,5373800,Consumer Goods,139.602,139.995,139.609,133.5352,139.50526000366375,137.91539671550424,1.5898632881595063,2.1610667127033913,140.13,7313400.0,139.88,4197500.0,138.5,5646100.0,39.750445632798595,-1.0651987417786724,-0.07942238267149015,-0.012417041318775524,0.007999073170394576
PG,2023-01-06,139.78,142.18,139.69,141.69,141.69,7882200,Consumer Goods,139.848,140.18699999999998,139.77849999999998,133.9598,139.84137384925396,138.19499695880023,1.6463768904537233,2.058128748253458,138.39,5373800.0,140.46,3809100.0,139.77,5024700.0,60.015467904098934,0.8756941478000879,1.3736853402017468,0.023845653587686977,0.010751457589675153
PG,2023-01-09,141.25,142.5,139.92,139.96,139.96,5727000,Consumer Goods,139.938,140.174,139.81199999999998,134.3328,139.8596240262918,138.32573792481503,1.5338861014767815,1.9532802188981226,141.69,7882200.0,139.51,4532000.0,140.09,5904900.0,55.27065527065531,0.3225575227582267,-0.09279748732956561,-0.012209753687627889,0.011567434823693686
PG,2023-01-10,140.01,140.56,138.94,139.82,139.82,4716400,Consumer Goods,139.998,140.107,139.8565,134.7012,139.85352802224693,138.43642400445836,1.4171040177885743,1.846044978676213,139.96,5727000.0,139.52,6447300.0,140.49,3401800.0,54.84098939929327,0.21502293577979614,-0.4769022706242576,-0.0010002857959418021,0.011524647700489426
PG,2023-01-11,140.21,140.44,137.48,138.69,138.69,8691300,Consumer Goods,139.70999999999998,139.805,139.77349999999998,134.9856,139.67452371113203,138.45520741153553,1.2193162995964997,1.7206992428602705,139.82,4716400.0,140.13,7313400.0,141.71,4215100.0,50.623768877216015,-1.0276172125883054,-2.1311128360736786,-0.008081819482191333,0.011270035167198345
PG,2023-01-12,139.64,139.67,137.64,137.9,137.9,7801600,Consumer Goods,139.612,139.60700000000003,139.6615,135.2642,139.40152006326556,138.41408093660698,0.987439126658586,1.5740472196199338,138.69,8691300.0,138.39,5373800.0,139.88,4197500.0,43.661016949152554,-0.35407182599896947,-1.4154989991421174,-0.005696156896676019,0.010717785722641943
PG,2023-01-13,137.72,139.05,137.54,138.89,138.89,5535800,Consumer Goods,139.052,139.45,139.5715,135.5588,139.322824668917,138.44933420056202,0.8734904683549871,1.4339358693669446,137.9,7801600.0,141.69,7882200.0,140.46,3809100.0,46.10894941634236,-1.9761451055120394,-1.117755944752974,0.007179115300942618,0.010932088567481596
PG,2023-01-17,138.81,140.04,138.45,138.48,138.48,9611800,Consumer Goods,138.756,139.347,139.5405,135.88099999999997,139.19315933523745,138.45160574126115,0.741553593976306,1.295459414288817,138.89,5535800.0,139.96,5727000.0,139.51,4532000.0,43.48671419313022,-1.0574449842812417,-0.738298329868825,-0.00295197638418887,0.010776869496578603
PG,2023-01-18,137.77,138.01,134.43,134.77,134.77,10461200,Consumer Goods,137.746,138.872,139.355,136.1456,138.51267328366245,138.17889420487145,0.33377907879099666,1.103123347189253,138.48,9611800.0,139.82,4716400.0,139.52,6447300.0,30.636160714285737,-3.6117865827492324,-3.404529816513757,-0.02679087232813393,0.01355583514332955
PG,2023-01-19,132.75,135.44,131.76,131.92,131.92,12683700,Consumer Goods,136.392,138.051,139.0285,136.3088,137.49841585540668,137.71527241191802,-0.2168565565113454,0.8391273664491333,134.77,10461200.0,138.69,8691300.0,140.13,7313400.0,28.986272439281947,-4.8813901506958075,-5.85884535788197,-0.021147139571121354,0.014316068754051411
PG,2023-01-20,131.83,132.6,129.82,132.43,132.43,8603300,Consumer Goods,135.29799999999997,137.45499999999998,138.725,136.4444,136.7186595699595,137.32377075177595,-0.6051111818164543,0.5502796567960158,131.92,12683700.0,137.9,7801600.0,138.39,5373800.0,28.722840487546407,-3.966642494561279,-4.306669557048903,0.0038659793814435073,0.014421501903480278
PG,2023-01-23,132.79,133.11,130.32,130.65,130.65,7473100,Consumer Goods,133.65,136.351,138.269,136.5386,135.78501963611959,136.82941736275552,-1.0443977266359354,0.23134418010962554,132.43,8603300.0,138.89,5535800.0,141.69,7882200.0,27.512690355330008,-5.932752537979679,-7.7916578445902935,-0.013441063203201709,0.010668040470807721
PG,2023-01-24,130.32,131.89,129.51,131.37,131.37,6822500,Consumer Goods,132.228,135.49200000000002,137.833,136.6534,135.10578584594734,136.4250160766255,-1.3192302306781585,-0.0787707020479313,130.65,7473100.0,138.48,9611800.0,139.96,5727000.0,30.0342969132778,-5.134315424610037,-6.137467847956557,0.005510907003444254,0.011346341471674504
PG,2023-01-25,130.04,131.3,128.51,131.28,131.28,6902600,Consumer Goods,131.53000000000003,134.638,137.3725,136.6798,134.51720340810928,136.04390377465324,-1.5267003665439631,-0.36835663494713766,131.37,6822500.0,134.77,10461200.0,139.82,4716400.0,27.75263951734543,-2.5895970913408117,-6.107852953797732,-0.0006850879196164117,0.011362987460067453
PG,2023-01-26,131.28,131.29,130.37,130.75,130.75,5398600,Consumer Goods,131.296,133.844,136.8245,136.6994,133.93763365301555,135.65176275430855,-1.714129101292997,-0.6375111282163095,131.28,6902600.0,131.92,12683700.0,138.69,8691300.0,29.55032119914351,-0.8869011522134485,-5.7249981974187065,-0.004037172455819582,0.011361487750393638
PG,2023-01-27,130.67,130.94,129.02,130.21,130.21,6870800,Consumer Goods,130.852,133.075,136.341,136.708,133.36415155255162,135.24866921695238,-1.8845176644007609,-0.8869124354531999,130.75,5398600.0,132.43,8603300.0,137.9,7801600.0,13.944723618090464,-1.6763573208487537,-5.576504713560548,-0.00413001912045885,0.01137416179248139
PG,2023-01-30,130.57,131.65,129.94,130.62,130.62,6369300,Consumer Goods,130.846,132.248,135.849,136.734,132.9419743906206,134.90580483051147,-1.9638304398908701,-1.102296036340734,130.21,6870800.0,130.65,7473100.0,138.89,5535800.0,18.01369863013697,-0.022962112514357536,-5.95435236518107,0.0031487596958759134,0.01093134620161221
PG,2023-01-31,130.82,131.97,130.39,131.89,131.89,9373400,Consumer Goods,130.95,131.589,135.468,136.7622,132.78013217667896,134.68241188010322,-1.9022797034242558,-1.2622927697574384,130.62,6369300.0,131.37,6822500.0,138.48,9611800.0,24.793388429751985,0.395828575778312,-4.7588099364529235,0.009722860205175099,0.012013737111967591
PG,2023-02-01,131.61,133.48,130.93,132.64,132.64,7207900,Consumer Goods,131.22199999999998,131.376,135.12399999999997,136.8216,132.75857338026682,134.53112211120668,-1.7725487309398602,-1.3643439619939228,131.89,9373400.0,131.28,6902600.0,134.77,10461200.0,30.293159609120437,1.0359536867763364,-1.5804704311048634,0.005686556979300983,0.009543750579427367
PG,2023-02-02,131.69,132.19,130.8,131.69,131.69,6444300,Consumer Goods,131.41,131.353,134.702,136.8306,132.5941774756104,134.32066862148767,-1.7264911458772758,-1.4367733987705935,132.64,7207900.0,130.75,5398600.0,131.92,12683700.0,29.98065764023204,0.7189292543021031,-0.17434808975135274,-0.007162243667068635,0.007052622847083276
PG,2023-02-03,132.26,132.81,130.77,132.1,132.1,5993100,Consumer Goods,131.78799999999998,131.32,134.3875,136.8144,132.51815017167033,134.1561746495256,-1.6380244778552822,-1.4770236145875313,131.69,6444300.0,130.21,6870800.0,132.43,8603300.0,27.26054922973877,1.4515014207818089,-0.2491882503964482,0.003113372313767071,0.0070088608899251245
PG,2023-02-06,131.54,132.13,130.62,130.98,130.98,6108100,Consumer Goods,131.85999999999999,131.353,133.852,136.753,132.28151168372105,133.92090245326446,-1.639390769543411,-1.5094970455787071,132.1,5993100.0,130.62,6369300.0,130.65,7473100.0,26.02301790281328,0.2756086357372345,0.2525832376578441,-0.008478425435276327,0.0060839685838332954
PG,2023-02-07,129.65,130.41,128.55,129.7,129.7,6278300,Consumer Goods,131.422,131.18599999999998,133.339,136.65079999999998,131.88435604007165,133.6082430122819,-1.723886972210238,-1.5523750309050133,130.98,6108100.0,131.89,9373400.0,131.37,6822500.0,30.80999242997723,-1.6604746379558666,-1.2712186952881344,-0.00977248434875555,0.006524536358344906
PG,2023-02-08,128.81,129.26,128.21,128.36,128.36,7123800,Consumer Goods,130.566,130.89399999999998,132.76600000000002,136.5168,131.34214741852216,133.21948427063137,-1.8773368521092095,-1.6173673951458525,129.7,6278300.0,132.64,7207900.0,131.28,6902600.0,34.78632478632484,-3.226779252110956,-2.2242535039609934,-0.010331534309945822,0.00711645035012761
PG,2023-02-09,128.64,129.06,126.9,126.95,126.95,6547400,Consumer Goods,129.618,130.51399999999998,132.179,136.3568,130.66643243105722,132.7550780283624,-2.088645597305174,-1.711623035577717,128.36,7123800.0,131.69,6444300.0,130.75,5398600.0,28.253968253968154,-3.599362138355222,-2.906309751434033,-0.01098473044562176,0.00763348092229084
PG,2023-02-10,126.86,128.11,125.82,128.07,128.07,8108900,Consumer Goods,128.81199999999998,130.29999999999998,131.6875,136.2398,130.26698128781766,132.40803521144667,-2.1410539236290163,-1.7975092131879769,126.95,6547400.0,132.1,5993100.0,130.21,6870800.0,39.19597989949738,-3.050719152157455,-1.6434989632132857,0.008822371012209507,0.008459324855481594
PG,2023-02-13,128.7,130.1,128.51,129.75,129.75,5081600,Consumer Goods,128.56599999999997,130.213,131.2305,136.08859999999999,130.18744570507647,132.21114371430247,-2.0236980092259955,-1.8427469723955807,128.07,8108900.0,130.98,6108100.0,130.62,6369300.0,43.720930232558096,-0.9390746678882178,-0.6660542030316963,0.013117826188802972,0.009595349524874505
PG,2023-02-14,129.81,129.9,128.4,129.02,129.02,5253500,Consumer Goods,128.43,129.926,130.7575,135.9212,130.00783867352624,131.9747626984282,-1.9669240249019708,-1.8675823828968587,129.75,5081600.0,129.7,6278300.0,131.89,9373400.0,41.65435745937961,-0.5242868157285918,-2.1760558040791356,-0.005626204238920907,0.008962642256549618
PG,2023-02-15,128.86,129.05,127.89,128.72,128.72,5530300,Consumer Goods,128.502,129.534,130.45499999999998,135.7228,129.8097096468299,131.7336691652113,-1.9239595183813947,-1.878857809993766,129.02,5253500.0,128.36,7123800.0,132.64,7207900.0,42.374154770848946,0.2804612028669329,-2.9553679131483657,-0.0023252208959851917,0.008530831397469546
PG,2023-02-16,127.26,128.01,126.49,127.03,127.03,7595700,Consumer Goods,128.51799999999997,129.06799999999998,130.2105,135.5186,129.38206200885605,131.3852492270475,-2.0031872181914423,-1.9037236916333014,128.72,5530300.0,126.95,6547400.0,131.69,6444300.0,39.00414937759331,0.06301693580148537,-3.5386134102817213,-0.013129272840273432,0.009050094688218931
PG,2023-02-17,126.52,129.72,126.52,129.69,129.69,8034700,Consumer Goods,128.842,128.827,130.07350000000002,135.364,129.42943708441666,131.25967521022915,-1.8302381258124854,-1.8890265784691382,127.03,7595700.0,128.07,8108900.0,132.1,5993100.0,47.21723518850985,1.2649332396345692,-1.8243754731264161,0.02093993544831929,0.011837097602313017
PG,2023-02-21,128.64,130.51,128.64,129.6,129.6,6899500,Consumer Goods,128.81199999999998,128.689,130.02100000000002,135.19,129.45567753296794,131.13673630576773,-1.681058772799787,-1.8474330173352682,129.69,8034700.0,129.75,5081600.0,130.98,6108100.0,42.627173213135876,-0.11560693641619046,-1.0535959688502072,-0.000693962526023606,0.011601017575388986
PG,2023-02-22,129.66,131.15,129.57,130.15,130.15,6126300,Consumer Goods,129.038,128.73399999999998,129.96,135.00719999999998,129.5624963740498,131.06364472756272,-1.5011483535129173,-1.7781760845707981,129.6,6899500.0,129.02,5253500.0,129.7,6278300.0,41.8786692759296,0.8758332041543859,0.346954510408648,0.004243827160493874,0.011264995649205778
PG,2023-02-23,129.9,130.74,128.85,129.73,129.73,5835400,Consumer Goods,129.24,128.871,129.8825,134.82319999999999,129.58826616265753,130.96485622922475,-1.3765900665672177,-1.6978588809700823,130.15,6126300.0,128.72,5530300.0,128.36,7123800.0,43.37837837837836,0.7846488502175175,1.067310688688039,-0.003227045716481136,0.010723786956704059
PG,2023-02-24,128.69,129.15,127.9,129.0,129.0,5260700,Consumer Goods,129.63400000000001,129.076,129.795,134.5962,129.49776367609485,130.81931132335623,-1.321547647261383,-1.6225966342283424,129.73,5835400.0,127.03,7595700.0,126.95,6547400.0,39.748677248677275,1.5508147681650097,1.6148089799133514,-0.005627071610267431,0.010171809800191821
PG,2023-02-27,129.32,130.12,128.32,128.89,128.89,5820900,Consumer Goods,129.474,129.158,129.72899999999998,134.3712,129.40426157208026,130.67639937347798,-1.2721378013977187,-1.552504867662218,129.0,5260700.0,129.69,8034700.0,128.07,8108900.0,42.59390503189227,-0.6168555786876473,0.64027484969158,-0.0008527131782947173,0.009869380541531228
PG,2023-02-28,128.25,128.38,127.16,127.42,127.42,6709900,Consumer Goods,129.038,128.925,129.56900000000002,134.1058,129.09899056099098,130.4351846050722,-1.3361940440812248,-1.5092427029460194,128.89,5820900.0,129.6,6899500.0,129.75,5081600.0,42.02797202797207,-1.682098765432094,-1.7957610789980705,-0.011405074094188672,0.009474837163179655
PG,2023-03-01,127.88,128.14,126.45,127.51,127.51,7101800,Consumer Goods,128.51,128.774,129.35,133.874,128.85453047468468,130.21850426395577,-1.3639737892710855,-1.4801889202110328,127.42,6709900.0,130.15,6126300.0,129.02,5253500.0,46.74329501915706,-2.028428736073762,-1.1703611843125183,0.0007063255375923116,0.00939981197501122
PG,2023-03-02,127.83,130.08,127.63,129.62,129.62,5924600,Consumer Goods,128.488,128.864,129.19899999999998,133.6968,128.9722950170409,130.17417061477386,-1.2018755977329647,-1.4245262557154192,127.51,7101800.0,129.73,5835400.0,128.72,5530300.0,59.709090909090904,-0.08479149001772157,0.6991920447482869,0.016547721747314004,0.010908345092216424
PG,2023-03-03,130.78,130.83,129.65,130.56,130.56,5259400,Consumer Goods,128.8,129.217,129.1425,133.539,129.21655732211153,130.20275056923506,-0.9861932471235377,-1.336859653997043,129.62,5924600.0,129.0,5260700.0,127.03,7595700.0,59.17464996315403,1.2093023255814073,2.7788711328032845,0.007251967288998573,0.009882751077284854
PG,2023-03-06,130.36,130.74,129.63,130.01,130.01,4943100,Consumer Goods,129.02399999999997,129.249,129.03799999999998,133.36919999999998,129.33862542640207,130.18847274929172,-0.8498473228896444,-1.2394571877755634,130.56,5259400.0,128.89,5820900.0,129.69,8034700.0,51.04501607717038,0.8689580262239094,0.24674223147505003,-0.004212622549019662,0.007712107562229206
PG,2023-03-07,130.08,130.26,127.22,127.42,127.42,5606800,Consumer Goods,129.024,129.031,128.85999999999999,133.1222,129.04345228387868,129.98340069378864,-0.9399484099099595,-1.1795554322024426,130.01,4943100.0,127.42,6709900.0,129.6,6899500.0,44.405594405594385,0.0,-1.682098765432094,-0.019921544496577126,0.010028898504300077
PG,2023-03-08,127.09,127.54,126.53,127.44,127.44,5518800,Consumer Goods,129.01,128.76,128.747,132.8692,128.79676731712811,129.7950006423969,-0.9982333252687852,-1.143291010815711,127.42,5606800.0,127.51,7101800.0,130.15,6126300.0,45.43509272467904,-0.054897655085883734,-2.082212831348451,0.00015696123057606925,0.009843610400402505
PG,2023-03-09,127.97,128.35,126.07,126.5,126.5,4467200,Consumer Goods,128.386,128.43699999999998,128.654,132.5894,128.4434184991084,129.55092652073787,-1.107508021629485,-1.1361344129784658,127.44,5518800.0,129.62,5924600.0,129.73,5835400.0,48.00301431801055,-2.407035951242098,-2.489786479611489,-0.007376020087884516,0.00998477003271718
PG,2023-03-10,126.86,127.82,126.3,127.08,127.08,5928000,Consumer Goods,127.69000000000001,128.245,128.6605,132.2968,128.23366180693787,129.36789492660915,-1.1342331196712792,-1.1357541543170286,126.5,4467200.0,130.56,5259400.0,129.0,5260700.0,38.337801608579106,-2.6654411764705954,-1.4883720930232602,0.004584980237154035,0.010147266948352211
PG,2023-03-13,126.94,130.9,126.94,127.96,127.96,8337100,Consumer Goods,127.28,128.152,128.655,132.0584,128.1915599904859,129.263606413527,-1.0720464230410869,-1.1230126080618403,127.08,5928000.0,130.01,4943100.0,128.89,5820900.0,43.15525876460767,-1.5768017844781101,-0.721545503918064,0.006924771797293117,0.010490553957677336
PG,2023-03-14,128.1,129.78,127.27,129.54,129.54,9219700,Consumer Goods,127.704,128.364,128.6445,131.84,128.39901229964192,129.28408001252498,-0.8850677128830569,-1.0754236290260837,127.96,8337100.0,127.42,5606800.0,127.42,6709900.0,47.65564950038427,1.6637890441060899,1.6637890441060899,0.012347608627696127,0.010479953786982113
PG,2023-03-15,128.58,131.67,128.58,131.38,131.38,8823500,Consumer Goods,128.49200000000002,128.751,128.7625,131.6774,128.8576257920047,129.43933334493053,-0.5817075529258204,-0.9766804138060311,129.54,9219700.0,127.44,5518800.0,127.51,7101800.0,55.71725571725574,3.0916509730068986,3.0350560740334043,0.014204106839586172,0.01118324030070892
PG,2023-03-16,131.48,132.57,131.17,132.36,132.36,7063400,Consumer Goods,129.664,129.025,128.9445,131.5342,129.39645259323476,129.65567902308382,-0.25922642984906474,-0.8331896170146379,131.38,8823500.0,126.5,4467200.0,129.62,5924600.0,61.44414168937334,4.632411067193676,2.113871316154925,0.007459278428984861,0.010298821139321046
PG,2023-03-17,132.0,132.82,131.1,132.4,132.4,16018800,Consumer Goods,130.728,129.209,129.213,131.3796,129.8585368096602,129.85896205841095,-0.0004252487507585556,-0.6666367433618621,132.36,7063400.0,127.08,5928000.0,130.56,5259400.0,62.012320328542174,4.186339313818066,1.4093137254902022,0.0003022061045632185,0.010149077117120698
PG,2023-03-20,132.92,134.68,132.67,134.43,134.43,8379200,Consumer Goods,132.022,129.651,129.45,131.3004,130.56183883894323,130.1975574614916,0.3642813774516185,-0.460453119199166,132.4,16018800.0,127.96,8337100.0,130.01,4943100.0,73.10481212920239,5.0562675836199,3.399738481655268,0.015332326283987951,0.010799204824821685
PG,2023-03-21,134.23,134.53,132.31,133.46,133.46,7753200,Consumer Goods,132.80599999999998,130.255,129.64299999999997,131.1358,131.0077097867981,130.4392198717515,0.5684899150465981,-0.2546645123500132,134.43,8379200.0,129.54,9219700.0,127.42,5606800.0,68.53582554517135,3.026092326694463,4.740229163396648,-0.007215651268318024,0.008180069096416552
PG,2023-03-22,133.42,135.01,133.23,133.38,133.38,5729100,Consumer Goods,133.20600000000002,130.84900000000002,129.8045,131.0042,131.3726775119061,130.65705543680696,0.7156220750991338,-0.060607194860183816,133.46,7753200.0,131.38,8823500.0,127.44,5518800.0,63.40941512125531,1.522301720200936,4.66101694915253,-0.0005994305409862122,0.008229803911276602
PG,2023-03-23,133.61,134.42,132.64,133.19,133.19,5788400,Consumer Goods,133.372,131.518,129.9775,130.8716,131.65226558699746,130.84468096000646,0.8075846269910016,0.11303116951005329,133.38,5729100.0,132.36,7063400.0,126.5,4467200.0,59.90957045968347,0.627077666968856,5.288537549407102,-0.0014245014245014564,0.007445634034112725
PG,2023-03-24,133.67,135.94,133.67,135.91,135.91,6144800,Consumer Goods,134.074,132.401,130.323,130.816,132.30730165053632,131.21988977778375,1.0874118727525683,0.3079073101585563,133.19,5788400.0,132.4,16018800.0,127.08,5928000.0,69.10621761658032,2.6510574018126842,6.948378973874725,0.020421953600120224,0.008853454266444506
PG,2023-03-27,136.06,136.56,135.12,135.19,135.19,5917200,Consumer Goods,134.226,133.124,130.63799999999998,130.7618,132.75079370429995,131.51397201646643,1.236821687833526,0.4936901856935503,135.91,6144800.0,134.43,8379200.0,127.96,8337100.0,78.62932940309503,0.5653499962805952,5.6502031884964055,-0.005297623427268028,0.009639309019272757
PG,2023-03-28,135.75,136.0,135.05,135.57,135.57,4213800,Consumer Goods,134.648,133.727,131.0455,130.69539999999998,133.18451774979226,131.8144185337652,1.3700992160270573,0.6689719917602517,135.19,5917200.0,133.46,7753200.0,129.54,9219700.0,79.18162239770277,1.5809980518507238,4.654932839277448,0.002810858791330695,0.009360108609978875
PG,2023-03-29,136.24,136.43,135.48,135.99,135.99,4987700,Consumer Goods,135.17000000000002,134.18800000000002,131.46949999999998,130.6456,133.61613040367038,132.1237208645974,1.4924095390729804,0.8336595012227974,135.57,4213800.0,133.38,5729100.0,131.38,8823500.0,85.38404175988066,1.9568151147098645,3.5089054650631946,0.0030980305377297235,0.008731633828035372
PG,2023-03-30,136.09,136.67,135.52,136.58,136.58,4117700,Consumer Goods,135.848,134.60999999999999,131.81750000000002,130.6818,134.07211034156725,132.45381561536797,1.6182947261992808,0.9905865462180942,135.99,4987700.0,133.19,5788400.0,132.36,7063400.0,85.39493293591651,2.5452361288385017,3.188274403142932,0.004338554305463704,0.008629123878422792
PG,2023-03-31,136.85,137.73,136.69,137.73,137.73,7685900,Consumer Goods,136.212,135.143,132.176,130.798,134.63486259671075,132.84464408830368,1.7902185084070652,1.1505129386558886,136.58,4117700.0,135.91,6144800.0,132.4,16018800.0,85.68298027757483,1.3391214774483018,4.025679758308143,0.008419973641821565,0.008710120858439065
PG,2023-04-03,137.49,139.01,136.25,138.49,138.49,5721700,Consumer Goods,136.872,135.549,132.6,130.9192,135.22796065875525,133.26281860028118,1.965142058474072,1.3134387626195254,137.73,7685900.0,135.19,5917200.0,134.43,8379200.0,84.77078477078474,2.4410089503661636,3.020159190656857,0.005518042547012492,0.007794727116281501
PG,2023-04-04,139.02,140.53,139.02,139.16,139.16,6714300,Consumer Goods,137.59,136.119,133.18699999999998,131.0894,135.8328897881775,133.6996468521122,2.133242936065301,1.4773995973086804,138.49,5721700.0,135.57,4213800.0,133.46,7753200.0,83.24786324786321,2.648078483440286,4.270942604525696,0.0048378944328109075,0.006921305416250464
PG,2023-04-05,140.18,141.12,140.01,140.11,140.11,6094800,Consumer Goods,138.414,136.79199999999997,133.82049999999998,131.2642,136.49090674384252,134.1744878260298,2.3164189178127117,1.6452034614094866,139.16,6714300.0,135.99,4987700.0,133.38,5729100.0,83.2047986289631,3.0296345319508866,5.045733993102419,0.006826674331704696,0.006743775726135553
PG,2023-04-06,140.68,141.69,140.26,141.0,141.0,5399700,Consumer Goods,139.298,137.573,134.5455,131.45860000000002,137.18461339863597,134.68008132039796,2.5045320782380145,1.8170691847751925,140.11,6094800.0,136.58,4117700.0,133.19,5788400.0,84.34504792332264,3.2361985649436154,5.86380358885803,0.006352151880665069,0.00636407610977111
PG,2023-04-10,140.47,140.49,138.49,139.83,139.83,4891800,Consumer Goods,139.71800000000002,137.965,135.183,131.6402,137.591595952692,135.06155677814627,2.5300391745457205,1.9596631827292983,141.0,5399700.0,137.73,7685900.0,135.91,6144800.0,73.15608919382507,1.5247222827270868,2.884261643734831,-0.00829787234042545,0.005406891902270682
PG,2023-04-11,140.11,140.28,139.43,139.56,139.56,6311800,Consumer Goods,139.93200000000002,138.402,135.76299999999998,131.8272,137.89442734458552,135.3947747945799,2.499652550005635,2.0676610561845656,139.83,4891800.0,138.49,5721700.0,135.19,5917200.0,77.82846715328462,0.7726189616578782,3.2324876100303213,-0.001930916112422354,0.004925877301445773
PG,2023-04-12,139.23,141.18,138.88,139.94,139.94,6137900,Consumer Goods,140.088,138.839,136.283,132.0136,138.2091308300339,135.73145814312952,2.477672686904384,2.149663382328529,139.56,6311800.0,139.16,6714300.0,135.57,4213800.0,79.12966252220252,0.5605058924978534,3.22342701187579,0.0027228432215533616,0.004926723154317448
PG,2023-04-13,139.78,140.68,138.78,140.58,140.58,5489500,Consumer Goods,140.182,139.298,136.743,132.1874,138.57387993310562,136.0906093917866,2.4832705413190297,2.2163848141266294,139.94,6137900.0,140.11,6094800.0,135.99,4987700.0,81.55422715627672,0.3354507172935506,3.375248180013246,0.004573388595112249,0.004945765437136958
PG,2023-04-14,140.2,140.42,139.42,139.87,139.87,4478800,Consumer Goods,139.95600000000002,139.627,137.1185,132.332,138.77328302032015,136.37056425165426,2.402718768665892,2.253651605034482,140.58,5489500.0,141.0,5399700.0,136.58,4117700.0,70.41237113402062,-0.801418439716306,2.4088446331820057,-0.005050505050505083,0.005584299909959556
PG,2023-04-17,140.03,140.31,139.26,139.92,139.92,4296400,Consumer Goods,139.974,139.846,137.49450000000002,132.4966,138.94970101719397,136.63348541819838,2.3162155989955977,2.2661644038267053,139.87,4478800.0,139.83,4891800.0,137.73,7685900.0,76.19047619047613,0.06436387041406366,1.5900675234153727,0.00035747479802661353,0.005185936252477405
PG,2023-04-18,139.85,140.42,139.04,140.07,140.07,4158400,Consumer Goods,140.076,140.004,137.7765,132.656,139.12205470685643,136.88804205388738,2.2340126529690565,2.2597340536551758,139.92,4296400.0,139.56,6311800.0,138.49,5721700.0,75.56818181818178,0.36543422184005525,1.1408765975882584,0.0010720411663809326,0.004999062614119607
PG,2023-04-19,140.03,140.71,139.6,140.09,140.09,3837600,Consumer Goods,140.106,140.097,138.108,132.8382,139.27096936734006,137.1252241239698,2.1457452433702713,2.236936291598195,140.07,4158400.0,139.94,6137900.0,139.16,6714300.0,74.40476190476186,0.10718879519795443,0.6682954872089697,0.0001427857499822771,0.004831500506222704
PG,2023-04-20,140.16,141.08,140.16,140.61,140.61,5370900,Consumer Goods,140.112,140.147,138.4695,133.05640000000002,139.47697408005698,137.38335567034238,2.093618409714594,2.208272715221475,140.09,3837600.0,140.58,5489500.0,140.11,6094800.0,74.18967587034811,0.021340162185223832,0.35686246520592046,0.0037118994931830684,0.00447848322472818
PG,2023-04-21,144.42,147.37,144.01,145.47,145.47,14876900,Consumer Goods,141.232,140.594,139.08350000000002,133.39860000000002,140.39897806774053,137.98236636142812,2.416611706312409,2.249940513439662,140.61,5370900.0,139.87,4478800.0,141.0,5399700.0,82.14285714285712,4.00371773789947,3.1702127659574364,0.03456368679325794,0.011712329009202953
PG,2023-04-24,144.68,146.57,144.68,145.73,145.73,8109800,Consumer Goods,142.394,141.184,139.5745,133.7742,141.21913528808813,138.55626514947048,2.6628701386176488,2.3325264384752593,145.47,14876900.0,139.92,4296400.0,139.83,4891800.0,81.36915077989596,4.152372784448266,4.219409282700415,0.0017873100983019086,0.011027763153636405
PG,2023-04-25,145.88,147.22,145.21,145.77,145.77,8341800,Consumer Goods,143.534,141.805,140.1035,134.12820000000002,141.91926832068995,139.09061587913934,2.8286524415506165,2.431751639090331,145.73,8109800.0,140.07,4158400.0,139.56,6311800.0,80.29330889092574,4.069393874491345,4.449699054170253,0.0002744802031156013,0.010913097572611568
PG,2023-04-26,144.76,145.41,143.86,144.08,144.08,4843700,Consumer Goods,144.332,142.219,140.529,134.4148,142.25168857904535,139.46019988809198,2.791488690953372,2.5036990494629396,145.77,8341800.0,140.09,3837600.0,139.94,6137900.0,67.03862660944205,2.848169034192316,2.9584107474632138,-0.011593606366193332,0.012040638476458596
PG,2023-04-27,144.76,145.98,144.48,145.85,145.85,4805600,Consumer Goods,145.38,142.746,141.022,134.7514,142.8052749514999,139.93351841489996,2.8717565365999462,2.577310546890341,144.08,4843700.0,140.61,5370900.0,140.58,5489500.0,69.35355147645649,3.7266197283265523,3.748755157205852,0.012284841754580667,0.012395461694120945
PG,2023-04-28,145.67,146.68,145.18,145.76,145.76,5754700,Consumer Goods,145.43800000000002,143.335,141.481,135.0922,143.25984803588454,140.36510964342588,2.894738392458663,2.6407961160040054,145.85,4805600.0,145.47,14876900.0,139.87,4478800.0,75.89519650655009,0.1993538186567667,4.211053120754982,-0.0006170723345904072,0.012121786804014581
PG,2023-05-01,145.44,146.71,145.22,145.94,145.94,3844600,Consumer Goods,145.48,143.937,141.8915,135.47039999999998,143.67217910728692,140.7780644846536,2.8941146226333103,2.6914598173298665,145.76,5754700.0,145.73,8109800.0,139.92,4296400.0,78.0809859154929,0.14410210663555745,4.302458547741583,0.001234906695938509,0.012094039226091721
PG,2023-05-02,145.96,146.27,145.1,145.81,145.81,5262900,Consumer Goods,145.488,144.51100000000002,142.2575,135.7928,144.0010746292428,141.15080044875333,2.850274180489464,2.723222689961786,145.94,3844600.0,145.77,8341800.0,140.07,4158400.0,76.41764176417641,0.027440488440699795,4.097951024487756,-0.0008907770316568531,0.012167702177745677
PG,2023-05-03,146.0,146.87,144.88,145.62,145.62,5775000,Consumer Goods,145.796,145.064,142.5805,136.1132,144.25014007089774,141.4818522673642,2.7682878035335534,2.7322357126761396,145.81,5262900.0,144.08,4843700.0,140.09,3837600.0,73.63977485928703,1.0688506385341467,3.9474623456349445,-0.001303065633358469,0.012228254839568358
PG,2023-05-04,145.5,145.97,144.56,144.95,144.95,4892600,Consumer Goods,145.61599999999999,145.498,142.82250000000002,136.4092,144.35781082922117,141.73875209941127,2.6190587298098933,2.7096003161028905,145.62,5775000.0,145.85,4805600.0,140.61,5370900.0,73.91713747645943,-0.6170723345903406,3.0865514543773287,-0.004601016343908859,0.012524845881276975
PG,2023-05-05,144.85,145.7,144.19,145.44,145.44,3989200,Consumer Goods,145.552,145.495,143.0445,136.7234,144.52430147087944,142.012918610566,2.5113828603134323,2.6699568249449994,144.95,4892600.0,145.76,5754700.0,145.47,14876900.0,74.9547920433996,-0.2195389681668436,-0.020622808826564754,0.0033804760262159395,0.0060147307965402975
PG,2023-05-08,144.8,145.16,144.35,144.76,144.76,4950700,Consumer Goods,145.316,145.398,143.291,137.03859999999997,144.56056278305184,142.21640612089445,2.3441566621573884,2.6047967923874773,145.44,3989200.0,145.94,3844600.0,145.73,8109800.0,70.23295944779977,-0.8085514595039145,-0.6656144925547225,-0.004675467546754741,0.0061465924895393355
PG,2023-05-09,145.27,145.39,143.15,143.27,143.27,4472100,Consumer Goods,144.808,145.148,143.47650000000002,137.3262,144.36201466258234,142.2944501119393,2.067564550643027,2.497350344038588,144.76,4950700.0,145.81,5262900.0,145.77,8341800.0,62.17457886676878,-1.7419930045950105,-1.715030527543393,-0.01029289859077076,0.00683923287693717
PG,2023-05-10,143.03,143.84,142.09,143.57,143.57,4754900,Consumer Goods,144.398,145.097,143.65800000000002,137.6492,144.24016625295428,142.3889352888327,1.8512309641215836,2.3681264680551872,143.27,4472100.0,145.62,5775000.0,144.08,4843700.0,61.526479750778755,-1.4077736574646393,-0.35397001665742334,0.0020939484888671256,0.005953088251822168
PG,2023-05-11,144.3,144.37,142.97,143.91,143.91,3495300,Consumer Goods,144.19,144.903,143.8245,137.97719999999998,144.18937144480748,142.50160674891916,1.687764695888319,2.2320541136218135,143.57,4754900.0,144.95,4892600.0,145.85,4805600.0,40.62499999999998,-0.7174887892376636,-1.330133699005831,0.002368182767987781,0.004177911085253656
PG,2023-05-12,144.2,145.45,143.91,145.37,145.37,5252900,Consumer Goods,144.176,144.86399999999998,144.09949999999998,138.2922,144.37100660714478,142.71408032307332,1.65692628407146,2.117028547711743,143.91,3495300.0,145.44,3989200.0,145.76,5754700.0,48.109243697479066,-0.048129812981290154,-0.26756311745333994,0.010145229657424926,0.005544670876138268
PG,2023-05-15,145.98,146.11,144.14,145.42,145.42,5414900,Consumer Goods,144.308,144.81199999999998,144.37449999999998,138.58939999999998,144.5323902060456,142.91451881766048,1.6178713883851117,2.017197115846417,145.37,5252900.0,144.76,4950700.0,145.94,3844600.0,48.163693599160425,0.45592705167172287,-0.3563108126627412,0.00034394992089148424,0.005525211015402483
PG,2023-05-16,145.29,146.27,144.41,145.17,145.17,5591500,Consumer Goods,144.688,144.748,144.6295,138.8926,144.63048402050012,143.08159149783378,1.5488925226663355,1.9235361972104006,145.42,5414900.0,143.27,4472100.0,145.81,5262900.0,56.73671199011112,1.3261673762825277,-0.4389273712365527,-0.0017191583000962796,0.005540522468652277
PG,2023-05-17,145.65,145.93,143.45,144.55,144.55,4286900,Consumer Goods,144.884,144.64100000000002,144.8525,139.2352,144.6181018635001,143.19036249799424,1.4277393655058574,1.824376830869492,145.17,5591500.0,143.57,4754900.0,145.62,5775000.0,40.63400576368883,0.6825938566553003,-0.7347891773108017,-0.004270854859819373,0.005670679928023421
PG,2023-05-18,142.9,143.22,141.31,142.17,142.17,6997600,Consumer Goods,144.536,144.363,144.9305,139.5298,144.241470807577,143.1147800907354,1.1266907168416083,1.6848396080639154,144.55,4286900.0,143.91,3495300.0,144.95,4892600.0,30.552546045503746,-1.2090890139670685,-1.9179027250776137,-0.016464891041162444,0.0075137514076729205
PG,2023-05-19,142.12,142.91,141.53,142.77,142.77,4754100,Consumer Goods,144.016,144.096,144.7955,139.8552,144.0150906833344,143.089240824755,0.9258498585793973,1.5330416581670119,142.17,6997600.0,145.37,5252900.0,145.44,3989200.0,33.57512953367883,-1.7885395886358957,-1.8358085808580782,0.004220299641274794,0.0075838103748033766
PG,2023-05-22,142.15,142.24,138.72,139.03,139.03,7876200,Consumer Goods,142.738,143.523,144.4605,140.0942,143.2481536551291,142.78855631921758,0.45959733591152485,1.3183527937159145,142.77,4754100.0,145.42,5414900.0,144.76,4950700.0,24.43438914027152,-4.394168615046068,-3.958275766786401,-0.026195979547524062,0.01083782834532869
PG,2023-05-23,138.69,138.77,137.08,137.53,137.53,6116000,Consumer Goods,141.21,142.949,144.0485,140.2856,142.36843770818618,142.3990336289052,-0.030595920719008518,1.0485630508289299,139.03,7876200.0,145.17,5591500.0,143.27,4472100.0,22.2374742621826,-5.262795343390502,-4.006421442032537,-0.010789038337049583,0.010871037819758287
PG,2023-05-24,137.57,138.14,136.17,136.39,136.39,5755400,Consumer Goods,139.578,142.231,143.66400000000002,140.4226,141.44867806077292,141.95392002676405,-0.5052419659911322,0.7378020474649175,137.53,6116000.0,144.55,4286900.0,143.57,4754900.0,21.54255319148939,-5.645105499827063,-5.001044786515296,-0.008289100559877971,0.01071622547386648
PG,2023-05-25,135.61,136.28,134.55,135.52,135.52,6510300,Consumer Goods,138.248,141.392,143.1475,140.50539999999998,140.53657374373094,141.47733335811486,-0.9407596143839214,0.4020897150951498,136.39,5755400.0,142.17,6997600.0,143.91,3495300.0,17.833981841763958,-4.677498769079258,-5.830032659300944,-0.006378766771757305,0.010394217835907054
PG,2023-05-26,135.46,136.1,134.9,135.53,135.53,4716400,Consumer Goods,136.8,140.40800000000002,142.636,140.5688,139.7663316293108,141.03679014640267,-1.2704585170918676,0.0675800686577463,135.52,6510300.0,142.77,4754100.0,145.37,5252900.0,18.71186440677964,-5.07109336695385,-6.76893444314508,7.378984651706944e-05,0.009065495933792836
PG,2023-05-30,134.09,134.26,132.68,133.46,133.46,5561000,Consumer Goods,135.686,139.212,142.012,140.59,138.79612676326298,140.47554643185433,-1.6794196685913505,-0.2818198787920731,135.53,4716400.0,139.03,7876200.0,145.42,5414900.0,18.00391389432481,-4.00632956915773,-8.22445330766055,-0.015273371209326259,0.00901498853396589
PG,2023-05-31,133.44,134.2,132.26,132.82,132.82,19854800,Consumer Goods,134.744,137.977,141.3625,140.55780000000001,137.8767226458379,139.90846891838365,-2.031746272545746,-0.6318051575428076,133.46,5561000.0,137.53,6116000.0,145.17,5591500.0,15.698787492023001,-3.424707336581112,-8.507267341737268,-0.004795444327888587,0.008807661805107924
PG,2023-06-01,133.52,134.33,132.78,134.19,134.19,6091100,Consumer Goods,134.304,136.94099999999997,140.791,140.5724,137.30953454647823,139.484878628133,-2.175344081654771,-0.9405129423652003,132.82,19854800.0,136.39,5755400.0,144.55,4286900.0,20.898203592814397,-1.613021482513377,-7.167070217917681,0.010314711639813234,0.010657474476642878
PG,2023-06-02,134.7,136.72,134.59,136.57,136.57,6124400,Consumer Goods,134.51399999999998,136.381,140.37199999999999,140.6362,137.1957600008662,139.26896169271575,-2.0732016918495617,-1.1670506922620727,134.19,6091100.0,135.52,6510300.0,142.17,6997600.0,25.028376844494872,0.7747933884297398,-3.93894633185623,0.01773604590505995,0.012701819705068066
PG,2023-06-05,136.13,137.81,135.83,136.03,136.03,4753700,Consumer Goods,134.614,135.707,139.9015,140.69299999999998,137.01641230842523,139.02903860436643,-2.012626295941203,-1.3361658129978988,136.57,6124400.0,135.53,4716400.0,142.77,4754100.0,24.075096631695246,0.3689220098871182,-4.720879736639361,-0.00395401625540015,0.012377361133054042
PG,2023-06-06,136.15,136.38,133.8,134.68,134.68,4635900,Consumer Goods,134.858,135.272,139.39749999999998,140.6684,136.6569642609752,138.70688759663557,-2.0499233356603668,-1.4789173175303927,136.03,4753700.0,133.46,5561000.0,139.03,7876200.0,22.696512233211934,0.9141315750037515,-3.1288211177443626,-0.009924281408512758,0.010106788006005531
PG,2023-06-07,134.23,135.27,133.73,134.97,134.97,6194400,Consumer Goods,135.288,135.016,138.98250000000002,140.664,136.39743129774826,138.4300811079959,-2.032649810247648,-1.5896638160738437,134.68,4635900.0,132.82,19854800.0,137.53,6116000.0,24.629237288135585,1.6187321186568404,-1.8614120555515146,0.0021532521532521276,0.009841933717630163
PG,2023-06-08,135.47,136.69,135.08,136.5,136.5,4863700,Consumer Goods,135.75,135.027,138.629,140.6826,136.41321109809468,138.28711213703326,-1.873901038938584,-1.646511260646792,134.97,6194400.0,134.19,6091100.0,136.39,5755400.0,34.276206322795375,1.7214397496087663,0.08065107412567052,0.01133585241164714,0.010354948792823069
PG,2023-06-09,135.79,136.81,134.9,136.61,136.61,5569500,Consumer Goods,135.758,135.13600000000002,138.26399999999998,140.695,136.44348631377244,138.16288160836413,-1.719395294591692,-1.6610880674357722,136.5,4863700.0,136.57,6124400.0,135.52,6510300.0,32.44013683010263,0.029289009299282576,0.804309327036612,0.0008058608058609806,0.010099357002985672
PG,2023-06-12,137.02,137.03,134.74,135.54,135.54,5354000,Consumer Goods,135.66,135.137,137.7725,140.6742,136.30448841934592,137.96859408181865,-1.6641056624727355,-1.661691586443165,136.61,5569500.0,136.03,4753700.0,135.53,4716400.0,38.26496301277738,-0.3602146585312105,0.007378440197736147,-0.007832515921235794,0.010469331278615908
PG,2023-06-13,134.7,135.79,134.48,135.21,135.21,5321200,Consumer Goods,135.76600000000002,135.31199999999998,137.262,140.62380000000002,136.1361055856004,137.7642537794617,-1.628148193861307,-1.6549829079267935,135.54,5354000.0,134.68,4635900.0,133.46,5561000.0,41.53284671532849,0.39352539352539573,1.3112543084070172,-0.0024347056219564678,0.009074857139820454
PG,2023-06-14,135.44,136.92,135.0,136.48,136.48,5693300,Consumer Goods,136.068,135.678,136.8275,140.5836,136.18901241858495,137.66912386987195,-1.4801114512870015,-1.6200086165988352,135.21,5321200.0,134.97,6194400.0,132.82,19854800.0,50.325379609544484,1.1187671334370597,2.7556090950157985,0.009392796390799374,0.009117973816513443
PG,2023-06-15,137.18,138.85,136.59,138.37,138.37,5863000,Consumer Goods,136.442,136.096,136.51850000000002,140.56779999999998,136.52454896957187,137.7210406202518,-1.1964916506799455,-1.5353052234150573,136.48,5693300.0,136.5,4863700.0,134.19,6091100.0,59.595959595959584,1.3699633699633784,3.114986213577775,0.013848182883939186,0.009503610748089475
PG,2023-06-16,138.81,139.9,138.79,139.39,139.39,11244900,Consumer Goods,136.998,136.378,136.3795,140.5534,136.96538758963774,137.8446672409739,-0.8792796513361623,-1.4041001089992784,138.37,5863000.0,136.61,5569500.0,136.57,6124400.0,62.16897856242115,2.03499011785373,2.064875155597856,0.007371540073715321,0.008208529673521162
PG,2023-06-20,139.58,140.08,138.05,138.1,138.1,5340700,Consumer Goods,137.51,136.58499999999998,136.14600000000002,140.49540000000002,137.1399433450781,137.86358077867953,-0.7236374336014251,-1.2680075739197079,139.39,11244900.0,135.54,5354000.0,136.03,4753700.0,65.38461538461536,1.88874133097241,1.5217231493052985,-0.00925460936939515,0.00879162292053008
PG,2023-06-21,138.19,139.44,137.83,139.29,139.29,4649700,Consumer Goods,138.326,137.046,136.159,140.4846,137.47072129198915,137.9692414617403,-0.49852016975114566,-1.1141100930859955,138.1,5340700.0,135.21,5321200.0,134.68,4635900.0,70.69737683941143,3.017528289327709,3.4229284229284174,0.00861694424330195,0.008025527362642742
PG,2023-06-22,140.14,140.84,139.33,139.77,139.77,6666800,Consumer Goods,138.98399999999998,137.52599999999998,136.27100000000002,140.4888,137.82445647783697,138.10263098309287,-0.2781745052558904,-0.9469229755199745,139.29,4649700.0,136.48,5693300.0,134.97,6194400.0,68.92808683853467,2.4106096131301546,3.5563458546343796,0.0034460478139135553,0.00801361162462542
PG,2023-06-23,140.05,140.31,137.91,138.38,138.38,13843300,Consumer Goods,138.986,137.714,136.3705,140.4576,137.9099247120159,138.1231768361971,-0.21325212418119577,-0.8001888052522188,139.77,6666800.0,138.37,5863000.0,136.5,4863700.0,56.58181818181819,0.007227000072274059,1.3772893772893813,-0.009944909494169152,0.008519891155002266
PG,2023-06-26,138.04,138.85,136.76,138.52,138.52,4353100,Consumer Goods,138.81199999999998,137.905,136.5205,140.4164,138.00378244862884,138.15257114462693,-0.14878869599809263,-0.6699087834013936,138.38,13843300.0,139.39,11244900.0,136.61,5569500.0,59.32584269662923,-0.6241480737498972,1.3981406924822526,0.0010117068940600493,0.008518540812386975
PG,2023-06-27,138.36,139.97,138.31,139.83,139.83,5445400,Consumer Goods,139.15800000000002,138.334,136.7355,140.4156,138.28473899499363,138.27682513391383,0.007913861079799744,-0.534344254505155,138.52,4353100.0,138.1,5340700.0,135.54,5354000.0,69.3463561232156,1.2527154236060989,3.165117308543608,0.009457118105688833,0.008179324199123223
PG,2023-06-28,139.19,140.09,137.91,139.81,139.81,6733300,Consumer Goods,139.262,138.794,137.053,140.4134,138.5193945342254,138.3903936425128,0.1290008917125931,-0.4016752252616054,139.83,5445400.0,139.29,4649700.0,135.21,5321200.0,68.5582822085889,0.3733218465072907,3.4021152281635825,-0.00014303082314248705,0.008036288545803882
PG,2023-06-29,138.4,139.54,137.11,139.24,139.24,7343000,Consumer Goods,139.156,139.07,137.374,140.39679999999998,138.63025691357535,138.45332744677114,0.17692946680421073,-0.2859542868484422,139.81,6733300.0,139.77,6666800.0,136.48,5693300.0,61.341059602649004,-0.37919439078486494,2.0222743259085796,-0.0040769615907302326,0.008045366736871399
PG,2023-06-30,139.66,141.74,139.62,141.44,141.44,7058300,Consumer Goods,139.768,139.377,137.7365,140.4238,139.0625250807176,138.674562450714,0.3879626300035852,-0.15117090347803674,139.24,7343000.0,138.38,13843300.0,138.37,5863000.0,67.04304869442477,2.211302211302213,2.2186890221868927,0.015800057454754324,0.00838055211888589
PG,2023-07-03,141.19,142.17,140.25,142.15,142.15,3996100,Consumer Goods,140.494,139.653,138.01550000000003,140.4546,139.53752122214567,138.93200226917963,0.6055189529660367,0.0001670678107779655,141.44,7058300.0,138.52,4353100.0,139.39,11244900.0,73.93193338160758,2.620560207912215,1.9800559581031774,0.0050197963800906464,0.00825220356410052
PG,2023-07-05,141.33,142.11,141.16,141.9,141.9,8279800,Consumer Goods,140.908,140.03300000000002,138.309,140.3832,139.90097949566172,139.15185395294412,0.7491255427175929,0.14995876279214096,142.15,3996100.0,139.83,5445400.0,138.1,5340700.0,74.3627093954843,1.4803690195237085,2.7516292541636567,-0.0017587055926837625,0.007414956778944773
PG,2023-07-06,140.93,141.86,140.52,141.67,141.67,7958300,Consumer Goods,141.28000000000003,140.27100000000002,138.6585,140.30200000000002,140.17313649632914,139.33838328976307,0.834753206566063,0.2869176515469254,141.9,8279800.0,139.81,6733300.0,139.29,4649700.0,70.44917257683205,1.3303769401330268,1.7086653743987323,-0.0016208597603947217,0.007217948915579437
PG,2023-07-07,141.41,141.6,138.65,138.7,138.7,9169500,Consumer Goods,141.172,140.16400000000002,138.845,140.1606,139.9465001122785,139.2910956386695,0.6554044736089963,0.3606150159593396,141.67,7958300.0,139.24,7343000.0,139.77,6666800.0,51.19825708060997,-0.38781959207125904,-0.7655433927166166,-0.020964212606762178,0.010115168499203301
PG,2023-07-10,138.83,140.11,138.64,138.75,138.75,5529200,Consumer Goods,140.634,140.201,138.9575,140.054,139.76242317192796,139.25101448024952,0.5114086916784402,0.3907737511031597,138.7,9169500.0,141.44,7058300.0,138.38,13843300.0,47.50000000000007,-1.9018665158371029,0.2673796791443861,0.00036049026676288065,0.009582039363377846
PG,2023-07-11,138.63,138.93,136.98,138.03,138.03,5150300,Consumer Goods,139.81,140.152,139.02849999999998,139.8976,139.4958965300929,139.160568963194,0.3353275668988829,0.3796845142623044,138.75,5529200.0,142.15,3996100.0,138.52,4353100.0,49.71381847914966,-2.8983468167428805,-0.35373953219752785,-0.005189189189189203,0.009730963039055553
PG,2023-07-12,137.98,139.26,137.62,138.74,138.74,6764600,Consumer Goods,139.17799999999997,140.043,139.1885,139.75719999999998,139.37960475623245,139.12941570666112,0.2501890495713326,0.35378542132411006,138.03,5150300.0,141.9,8279800.0,139.83,5445400.0,47.6595744680852,-2.226920366455243,-0.7795179861260104,0.00514380931681524,0.009337489448062153
PG,2023-07-13,138.88,139.37,138.14,138.84,138.84,5561400,Consumer Goods,138.612,139.946,139.37,139.61520000000002,139.296588639889,139.10797750616769,0.18861113372130944,0.32075056380354994,138.74,6764600.0,141.67,7958300.0,139.81,6733300.0,45.91029023746702,-1.9976000564692509,-0.6937987268435752,0.0007207726683002846,0.00934764514758685
PG,2023-07-14,139.13,140.4,138.63,139.86,139.86,6128900,Consumer Goods,138.844,140.00799999999998,139.53900000000002,139.49620000000002,139.3832673106753,139.1636828760812,0.21958443459411114,0.3005173379616622,138.84,5561400.0,138.7,9169500.0,139.24,7343000.0,56.727272727272776,0.8363374188897099,0.44527434645216246,0.007346585998271538,0.009578368675524987
PG,2023-07-17,139.49,139.96,138.85,138.87,138.87,4625300,Consumer Goods,138.868,139.751,139.564,139.3612,139.30430310903296,139.14192858896408,0.1623745200688802,0.2728887743831058,139.86,6128900.0,138.75,5529200.0,141.44,7058300.0,51.47679324894512,0.08648648648648116,-1.8170248868778272,-0.007078507078507101,0.008138101065060343
PG,2023-07-18,138.55,140.26,138.3,139.13,139.13,5351200,Consumer Goods,139.088,139.449,139.551,139.24480000000003,139.2774872461048,139.14104498978153,0.1364422563232779,0.24559947077114025,138.87,4625300.0,138.03,5150300.0,142.15,3996100.0,46.75925925925919,0.796928204013625,-2.124516355962014,0.0018722546266292106,0.007902395751152338
PG,2023-07-19,139.4,140.58,138.75,140.09,140.09,6203600,Consumer Goods,139.358,139.26799999999997,139.65050000000002,139.1378,139.4024892082425,139.2113379535014,0.19115125474110073,0.23470982756513237,139.13,5351200.0,138.74,6764600.0,141.9,8279800.0,51.19250425894378,0.9730431022055619,-1.2755461592670936,0.0069000215625674155,0.008404413204008256
PG,2023-07-20,140.27,141.4,138.95,141.22,141.22,6445400,Consumer Goods,139.834,139.223,139.747,139.067,139.68210625312827,139.36012773472353,0.3219785184047339,0.2521635657330527,140.09,6203600.0,138.84,5561400.0,141.67,7958300.0,58.04878048780481,1.7142033995966477,-0.31763958495093503,0.008066243129416728,0.008900658028921758
PG,2023-07-21,141.77,144.14,141.35,143.44,143.44,9938400,Consumer Goods,140.55,139.697,139.9305,139.0704,140.260243752647,139.6623404951144,0.5979032575326073,0.32131150409296366,141.22,6445400.0,139.86,6128900.0,138.7,9169500.0,58.11688311688308,2.559702559702548,3.417447728911327,0.01572015295283946,0.006722671721406567
PG,2023-07-24,143.36,144.4,142.85,143.9,143.9,5549500,Consumer Goods,141.55599999999998,140.21200000000002,140.2065,139.077,140.82020625223976,139.97624119918,0.8439650530597476,0.42584221388632043,143.44,9938400.0,138.87,4625300.0,138.75,5529200.0,57.249378624689285,3.622092604594229,3.711711711711718,0.0032069157836029927,0.006640076005346848
PG,2023-07-25,143.96,144.32,142.99,144.24,144.24,5883800,Consumer Goods,142.57800000000003,140.83300000000003,140.4925,139.08360000000002,141.3463283672798,140.29207518442593,1.05425318285387,0.5515244076798304,143.9,5549500.0,139.13,5351200.0,138.03,5150300.0,59.621710526315766,3.672823977574935,4.499021951749627,0.002362751911049399,0.0059097121896276765
PG,2023-07-26,143.62,145.24,143.41,144.39,144.39,7013800,Consumer Goods,143.43800000000002,141.398,140.72050000000002,139.064,141.81458554154443,140.59562517076475,1.2189603707796834,0.685011600299801,144.24,5883800.0,140.09,6203600.0,138.74,6764600.0,61.25827814569535,3.0694553501320554,4.072365575897341,0.0010399334442594554,0.005996194364900924
PG,2023-07-27,144.6,145.01,142.5,142.68,142.68,7191600,Consumer Goods,143.73,141.78199999999998,140.864,139.00920000000002,141.94772622746066,140.75002330626367,1.197702921196992,0.7875498644792392,144.39,7013800.0,141.22,6445400.0,138.84,5561400.0,68.39186691312395,1.0338478968984655,2.765773552290418,-0.011842925410346816,0.007806295455783731
PG,2023-07-28,145.07,147.71,145.01,146.71,146.71,9397300,Consumer Goods,144.38400000000001,142.467,141.2375,139.04,142.68038373092827,141.19150306135523,1.4888806695730352,0.9278160254979986,142.68,7191600.0,143.44,9938400.0,139.86,6128900.0,76.89189189189196,2.279698828778587,4.897754897754902,0.028245023829548632,0.011221244287327455
PG,2023-07-31,146.7,147.9,145.44,146.61,146.61,7955200,Consumer Goods,144.926,143.24099999999999,141.496,139.0812,143.28494008001624,141.59287320495858,1.6920668750576624,1.0806661954099315,146.71,9397300.0,143.9,5549500.0,138.87,4625300.0,80.25387870239783,1.8832522585128686,5.573558003888546,-0.0006816167950377539,0.010632626940889522
PG,2023-08-01,146.21,147.42,146.2,146.56,146.56,5718800,Consumer Goods,145.39000000000001,143.984,141.7165,139.16899999999998,143.78879545232144,141.96080852310982,1.8279869292116189,1.230130342170269,146.61,7955200.0,144.24,5883800.0,139.13,5351200.0,78.92011834319528,1.6084303937881295,5.340329188528714,-0.00034104085669472983,0.010738781802871501
PG,2023-08-02,146.3,147.95,146.3,146.88,146.88,5636000,Consumer Goods,145.88799999999998,144.66299999999998,141.96550000000002,139.25119999999998,144.2643653827335,142.32519307695352,1.9391723057799766,1.3719387348922105,146.56,5718800.0,144.39,7013800.0,140.09,6203600.0,79.2576419213974,1.7244961562435046,4.846884145906194,0.0021834061135370675,0.010762668025846907
PG,2023-08-03,147.04,147.92,146.52,147.26,147.26,5792700,Consumer Goods,146.804,145.267,142.245,139.4158,144.72523224692836,142.69073433051253,2.0344979164158303,1.5044505711969345,146.88,5636000.0,142.68,7191600.0,141.22,6445400.0,78.24427480916029,3.209980375665822,4.277014587168959,0.0025871459694988275,0.010717049946955083
PG,2023-08-04,147.67,147.95,145.53,145.65,145.65,4785900,Consumer Goods,146.592,145.488,142.5925,139.5782,144.86750420893938,142.90993919491902,1.9575650140203606,1.5950734597616198,147.26,5792700.0,146.71,9397300.0,143.44,9938400.0,74.70845481049574,-0.722513802740099,1.5407138873396509,-0.010933043596360048,0.010860272095028179
PG,2023-08-07,146.01,147.4,145.85,147.19,147.19,4107400,Consumer Goods,146.708,145.817,143.0145,139.7942,145.22481125371795,143.22698073603613,1.9978305176818196,1.67562487134566,145.65,4785900.0,146.61,7955200.0,143.9,5549500.0,76.86666666666677,0.39560739376576226,2.2863099374565543,0.010573292138688517,0.01122634091089784
PG,2023-08-08,147.52,147.85,146.82,147.35,147.35,4625500,Consumer Goods,146.866,146.128,143.4805,140.0308,145.55176336853057,143.5323895704038,2.0193737981267645,1.744374656701881,147.19,4107400.0,146.56,5718800.0,144.24,5883800.0,75.56338028169023,0.5390283842794608,2.15612867443149,0.0010870303689110017,0.011233038608247028
PG,2023-08-09,147.55,148.28,147.05,147.16,147.16,4293200,Consumer Goods,146.922,146.40500000000003,143.9015,140.2634,145.79918438875666,143.80110145407758,1.9980829346790756,1.7951163122973202,147.35,4625500.0,146.88,5636000.0,144.39,7013800.0,72.39819004524897,0.19063180827887383,1.9184154027287237,-0.001289446895147539,0.011283615059013631
PG,2023-08-10,147.42,148.56,146.14,146.43,146.43,4307800,Consumer Goods,146.756,146.78,144.281,140.5228,145.89623294433255,143.99583467970146,1.900398264631093,1.8161727027640748,147.16,4293200.0,147.26,5792700.0,142.68,7191600.0,62.70178419711142,-0.5636289555887464,2.6282590412111118,-0.0049605871160640636,0.010533194070730782
PG,2023-08-11,146.73,147.69,146.13,147.28,147.28,3862300,Consumer Goods,147.082,146.837,144.652,140.812,146.10912018366602,144.23910618490876,1.8700139987572584,1.8269409619627117,146.43,4307800.0,145.65,4785900.0,146.71,9397300.0,63.89802631578956,1.1191211809131518,0.3885215731715519,0.005804821416376393,0.005801255342528205
PG,2023-08-14,147.38,147.76,145.85,146.13,146.13,4297600,Consumer Goods,146.87,146.78900000000002,145.01500000000001,141.0508,146.112332463102,144.37917239343406,1.733160069667946,1.8081847835037588,147.28,3862300.0,147.19,4107400.0,146.61,7955200.0,57.28604471858133,-0.7201576194034942,-0.3273992224268607,-0.007808256382400902,0.006360122767858989
PG,2023-08-15,146.13,146.3,144.88,145.19,145.19,6921100,Consumer Goods,146.438,146.652,145.318,141.2232,145.9704351610863,144.43923369762413,1.5312014634621676,1.7527881194954407,146.13,4297600.0,147.35,4625500.0,146.56,5718800.0,52.906976744186096,-1.4658975229046467,-0.934770742358082,-0.006432628481489067,0.0066486370603012195
PG,2023-08-16,145.16,146.07,143.39,143.71,143.71,6356800,Consumer Goods,145.748,146.33499999999998,145.499,141.3768,145.62267590553455,144.38521638668902,1.237459518845526,1.649722399365458,145.19,6921100.0,147.16,4293200.0,146.88,5636000.0,53.806356245380655,-2.344387061701547,-2.1582244008714557,-0.010193539499965487,0.007140782286608614
PG,2023-08-17,143.71,144.04,142.37,142.68,142.68,6419500,Consumer Goods,144.998,145.877,145.572,141.5368,145.16995653545231,144.2589040617491,0.9110524737032222,1.5019884142330109,143.71,6356800.0,146.43,4307800.0,147.26,5792700.0,30.86419753086409,-2.5609506248719494,-3.110145321200586,-0.007167211745877089,0.007086817471884169
PG,2023-08-18,142.22,143.41,141.79,143.08,143.08,5448200,Consumer Goods,144.158,145.62,145.554,141.699,144.84842476076733,144.17157783495287,0.6768469258144592,1.3369601165493006,142.68,6419500.0,147.28,3862300.0,145.65,4785900.0,33.702677746999,-2.851711026615966,-1.7645039478201174,0.0028034763106252747,0.006728959428684234
PG,2023-08-21,142.66,143.3,141.88,142.36,142.36,4504700,Consumer Goods,143.404,145.137,145.477,141.8162,144.46559018218773,144.0373868842156,0.428203297972118,1.1552087528338641,143.08,5448200.0,146.13,4297600.0,147.19,4107400.0,31.739130434782567,-2.579894614384437,-3.2814729261498643,-0.005032149846239897,0.005183379907855957
PG,2023-08-22,142.03,142.71,141.57,142.41,142.41,4195600,Consumer Goods,142.848,144.643,145.3855,141.9322,144.1493455387742,143.91683970760704,0.23250583116717394,0.9706681685005262,142.36,4504700.0,145.19,6921100.0,147.35,4625500.0,30.09795191451458,-1.9147324195881277,-3.3525619273837792,0.000351222253441863,0.005118705932175196
PG,2023-08-23,143.01,143.96,143.01,143.74,143.74,4522500,Consumer Goods,142.85399999999998,144.301,145.353,142.09619999999998,144.0863693020397,143.9037404700065,0.18262883203320257,0.8130603012070615,142.41,4195600.0,143.71,6356800.0,147.16,4293200.0,35.55008210180627,0.020875374017115256,-2.324001087251959,0.009339231795520098,0.006516527251857812
PG,2023-08-24,143.09,145.09,143.02,143.08,143.08,4088900,Consumer Goods,142.934,143.966,145.373,142.2536,143.93154325557205,143.84272265741345,0.08882059815860543,0.6682123605973703,143.74,4522500.0,142.68,6419500.0,146.43,4307800.0,38.55743544078361,0.28034763106252747,-2.2877825582189426,-0.004591623765131447,0.006501001322753348
PG,2023-08-25,143.89,144.52,143.0,144.02,144.02,3541500,Consumer Goods,143.122,143.64000000000001,145.2385,142.4044,143.94515198548405,143.85585431241986,0.08929767306418057,0.5524294230907324,143.08,4088900.0,143.08,5448200.0,147.28,3862300.0,35.089369708372544,0.65697511881464,-2.2134709397066743,0.0065697511881464,0.006610444494000948
PG,2023-08-28,144.18,144.79,143.56,144.24,144.24,3614700,Consumer Goods,143.498,143.451,145.12,142.5218,143.9905132184865,143.88430954853692,0.1062036699495934,0.4631842724625046,144.02,3541500.0,142.36,4504700.0,146.13,4297600.0,35.45369504209545,1.3205956729418267,-1.2933689180866237,0.001527565615886628,0.006388446249056656
PG,2023-08-29,144.4,144.49,142.6,144.33,144.33,4034600,Consumer Goods,143.882,143.365,145.0085,142.6206,144.04274195410397,143.9173236560527,0.12541829805127236,0.3956310775802582,144.24,3614700.0,142.41,4195600.0,145.19,6921100.0,36.638338054768695,1.3482199283758378,-0.5923272952682579,0.0006239600665558509,0.006141323695630412
PG,2023-08-30,144.54,145.26,144.18,144.49,144.49,3712200,Consumer Goods,144.032,143.443,144.88899999999998,142.7484,144.11155088424184,143.95974412597474,0.15180675826709944,0.3468662137176265,144.33,4034600.0,143.74,4522500.0,143.71,6356800.0,40.319361277445104,0.5217754278558528,0.5427597244450633,0.0011085706367353065,0.005131933956691031
PG,2023-08-31,144.56,145.54,144.29,144.77,144.77,5451400,Consumer Goods,144.37000000000003,143.65200000000002,144.7645,142.858,144.21285074820463,144.01976307960624,0.19308766859839466,0.3161105046937801,144.49,3712200.0,143.08,4088900.0,142.68,6419500.0,36.71957671957675,1.181157394464627,1.4648163723016472,0.0019378503702678351,0.004359555986065103
PG,2023-09-01,145.29,145.65,144.04,144.93,144.93,4126300,Consumer Goods,144.55200000000002,143.837,144.7285,142.96120000000002,144.323181402327,144.08718803667244,0.23599336565456497,0.30008707688593705,144.77,5451400.0,144.02,3541500.0,143.08,5448200.0,42.90780141843977,0.6318566865713082,1.2929829466032938,0.0011052013538717098,0.004334576139377356
PG,2023-09-05,144.26,145.25,142.95,142.98,142.98,5097000,Consumer Goods,144.3,143.899,144.518,143.0532,144.11653810966132,144.00517410803005,0.11136400163127291,0.2623424618350042,144.93,4126300.0,144.24,3614700.0,142.36,4504700.0,38.33157338965148,-0.8735440931780469,0.4355155942680433,-0.013454771268888499,0.006141916744043289
PG,2023-09-06,142.84,142.99,142.14,142.7,142.7,3877400,Consumer Goods,143.974,143.928,144.2855,143.1368,143.8986091697134,143.90849454447226,-0.009885374758852095,0.20789689451623297,142.98,5097000.0,144.33,4034600.0,142.41,4195600.0,43.893591293833026,-1.1293563361740588,0.20363738501509854,-0.001958315848370362,0.006189354088702104
PG,2023-09-07,143.03,144.63,142.92,144.06,144.06,4824800,Consumer Goods,143.888,143.95999999999998,144.1305,143.2214,143.92343852821904,143.91971717080764,0.0037213574113934555,0.16706178709526506,142.7,3877400.0,144.49,3712200.0,143.74,4522500.0,58.02325581395344,-0.29759844971970484,0.2226241825518338,0.009530483531885237,0.006220876231861989
PG,2023-09-08,143.9,143.94,142.9,143.44,143.44,3384700,Consumer Goods,143.622,143.996,143.981,143.294,143.8490633700315,143.88418256556264,-0.03511919553113785,0.1266255905699845,144.06,4824800.0,144.77,5451400.0,143.08,4088900.0,52.040816326530525,-0.9186986254058227,0.2516074923119893,-0.004303762321255067,0.006196654004786678
PG,2023-09-11,143.82,145.48,143.58,145.15,145.15,4288500,Consumer Goods,143.666,144.109,143.8745,143.4122,144.04920746694972,143.9779468199654,0.07126064698431378,0.11555260185285035,143.44,3384700.0,144.93,4126300.0,144.02,3541500.0,64.22018348623845,0.1517974194438665,0.784613248159971,0.011921360847741314,0.006982553443722658
PG,2023-09-12,145.38,145.53,142.17,142.6,142.6,4537800,Consumer Goods,143.58999999999997,143.945,143.698,143.43540000000002,143.82625247203438,143.87587668515314,-0.04962421311876142,0.08251723885852799,145.15,4288500.0,142.98,5097000.0,144.24,3614700.0,50.77173030056863,-0.2657714365645547,-1.136993899057137,-0.01756803306923882,0.00906361004951821
PG,2023-09-13,142.55,144.06,142.25,143.59,143.59,4040600,Consumer Goods,143.768,143.871,143.618,143.4642,143.78990593787526,143.85470063440107,-0.0647946965258086,0.05305485178166068,142.6,4537800.0,142.7,3877400.0,144.33,4034600.0,49.37343358395988,0.6236860546601442,-0.5127139194900598,0.00694249649368861,0.009411170505999298
PG,2023-09-14,144.31,145.31,143.86,145.17,145.17,4606800,Consumer Goods,143.98999999999998,143.939,143.691,143.5296,144.00222810127906,143.95213021703802,0.05009788424104045,0.052463458273536635,143.59,4040600.0,144.06,4824800.0,144.49,3712200.0,58.10705973622951,0.7705122865472536,0.47062080420789965,0.011003551779371623,0.01009162267389235
PG,2023-09-15,144.48,145.69,143.73,143.95,143.95,10262400,Consumer Goods,144.092,143.857,143.7545,143.5752,143.99419300877457,143.95197242318335,0.04222058559122388,0.05041488373707409,145.17,4606800.0,143.44,3384700.0,144.77,5451400.0,49.734244495064466,0.3555493586168357,-0.5664156938592346,-0.008403940208031924,0.010453111710383416
PG,2023-09-18,144.87,144.9,143.99,144.49,144.49,3536500,Consumer Goods,143.95999999999998,143.813,143.825,143.691,144.07047100742463,143.99182631776236,0.07864468966226923,0.05606084492211312,143.95,10262400.0,145.15,4288500.0,144.93,4126300.0,50.92661230541141,-0.45470203238029416,-0.303594838887733,0.0037513025356028518,0.010531977275450981
PG,2023-09-19,144.21,144.5,142.33,144.07,144.07,4704200,Consumer Goods,144.254,143.922,143.9105,143.7974,144.0703985447439,143.99761696089107,0.07278158385284428,0.05940499270825936,144.49,3536500.0,142.6,4537800.0,142.98,5097000.0,49.05933429811861,1.0308555399719532,0.762344383829916,-0.0029067755554018637,0.009544940235564707
PG,2023-09-20,144.23,145.18,143.85,143.95,143.95,5446400,Consumer Goods,144.326,144.047,143.9875,143.9158,144.05187569170639,143.9940897786028,0.057785913103572284,0.05908117678732195,144.07,4704200.0,143.59,4040600.0,142.7,3877400.0,48.040638606676275,0.25071383801098523,0.8759635599159044,-0.0008329284375651058,0.009515382707867667
PG,2023-09-21,143.93,144.18,142.64,142.7,142.7,5096400,Consumer Goods,143.832,143.911,143.9355,143.995,143.84389481605925,143.8982312764841,-0.05433646042484952,0.03639764934488766,143.95,5446400.0,145.17,4606800.0,144.06,4824800.0,42.9830508474576,-1.701453468347458,-0.9440510898236942,-0.008683570684265396,0.009425463283634736
PG,2023-09-22,142.98,143.83,141.99,142.18,142.18,6327000,Consumer Goods,143.478,143.785,143.8905,144.0618,143.58791099820397,143.77095488563342,-0.18304388742944866,-0.007490658009979605,142.7,5096400.0,143.95,10262400.0,143.44,3384700.0,40.9000661813369,-1.2295936088919657,-0.8784160624651371,-0.0036440084092500546,0.009401331319162353
PG,2023-09-25,141.8,141.9,140.71,141.31,141.31,5527000,Consumer Goods,142.84199999999998,143.401,143.755,144.0908,143.23746315232643,143.58866193114204,-0.3511987788156148,-0.07623228217110664,142.18,6327000.0,144.49,3536500.0,145.15,4288500.0,44.04846756949401,-2.2008443490899032,-2.645539097485361,-0.006119004079336077,0.008352386385961518
PG,2023-09-26,140.68,141.03,139.56,140.06,140.06,6366500,Consumer Goods,142.04000000000002,143.147,143.546,144.1146,142.74862266735312,143.32727956587226,-0.5786568985191423,-0.1767172054407138,141.31,5527000.0,144.07,4704200.0,142.6,4537800.0,41.20000000000008,-2.78336919552995,-1.7812061711079852,-0.008845800014153249,0.006960408083674762
PG,2023-09-27,140.15,140.41,137.53,138.2,138.2,5403700,Consumer Goods,140.89,142.608,143.2395,144.09599999999998,142.0488345646834,142.94748107951133,-0.8986465148279308,-0.3211030673181572,140.06,6366500.0,143.95,5446400.0,143.59,4040600.0,31.096774193548413,-3.9944425147620755,-3.75374329688698,-0.013280022847351192,0.007083212552624768
PG,2023-09-28,138.65,138.8,136.64,137.26,137.26,6237100,Consumer Goods,139.802,141.817,142.878,144.0394,141.31209078550134,142.52618618473272,-1.2140953992313825,-0.4997015337008023,138.2,5403700.0,142.7,5096400.0,145.17,4606800.0,30.467762326169435,-3.812193412754028,-5.448784184060063,-0.006801736613603504,0.004828707350533305
PG,2023-09-29,137.45,137.67,135.84,136.81,136.81,6683300,Consumer Goods,138.728,141.103,142.48,143.9512,140.61946143388576,142.10276498586364,-1.4833035519778832,-0.6964219373562186,137.26,6237100.0,142.18,6327000.0,143.95,10262400.0,21.359890109890173,-3.77690251793501,-4.960055574852373,-0.0032784496575840594,0.004766885840749869
PG,2023-10-02,135.8,136.57,134.97,136.18,136.18,5153800,Consumer Goods,137.702,140.272,142.0425,143.80599999999998,139.9364673671341,141.66404165357744,-1.7275742864433425,-0.9026524071736435,136.81,6683300.0,141.31,5527000.0,144.49,3536500.0,24.604430379746915,-3.6303163258085025,-5.7512630631877615,-0.004604926540457521,0.0036518743734700286
PG,2023-10-03,136.17,137.4,136.02,136.47,136.47,4670600,Consumer Goods,136.98399999999998,139.512,141.71699999999998,143.6574,139.40316469526732,141.27929782738653,-1.8761331321192074,-1.0973485521627564,136.18,5153800.0,140.06,6366500.0,144.07,4704200.0,20.184254606365144,-2.5631872054833638,-5.275213437912118,0.0021295344397120886,0.0043843214289833775
PG,2023-10-04,136.56,137.23,135.94,136.92,136.92,4727800,Consumer Goods,136.728,138.809,141.428,143.511,139.02113935753388,140.95638687720975,-1.935247519675869,-1.2649283456653788,136.47,4670600.0,138.2,5403700.0,143.95,5446400.0,11.840888066605004,-0.9261939218523918,-4.883640152830848,0.0032974280061550676,0.005011645411627312
PG,2023-10-05,136.64,137.03,134.78,134.88,134.88,5205700,Consumer Goods,136.252,138.027,140.969,143.3208,138.38404099483637,140.5062841455646,-2.122243150728224,-1.436391306677948,136.92,4727800.0,137.26,6237100.0,142.7,5096400.0,11.006018916595025,-1.733935596677838,-5.480028030833917,-0.014899211218229569,0.005838780492162082
PG,2023-10-06,134.69,135.59,132.68,135.15,135.15,7406700,Consumer Goods,135.92,137.324,140.55450000000002,143.1702,137.8864962264,140.10952235700427,-2.223026130604268,-1.5937182714632119,134.88,5205700.0,136.81,6683300.0,142.18,6327000.0,8.890845070422472,-1.2133615963745292,-4.944436629624416,0.0020017793594306887,0.006303861574123984
PG,2023-10-09,134.47,135.04,132.82,134.47,134.47,5062200,Consumer Goods,135.578,136.64,140.0205,142.9254,137.36088142233845,139.69177996018914,-2.330898537850686,-1.7411543247407069,135.15,7406700.0,136.18,5153800.0,141.31,5527000.0,8.691910499139354,-1.2556909972095798,-4.840421767744674,-0.005031446540880502,0.006292550012410026
PG,2023-10-10,135.05,136.21,134.81,135.8,135.8,5988900,Consumer Goods,135.44400000000002,136.214,139.6805,142.7092,137.12074581890175,139.40349996313807,-2.2827541442363213,-1.8494742886398297,134.47,5062200.0,136.47,4670600.0,140.06,6366500.0,18.238503507404573,-0.49095039202754487,-3.041553619877191,0.009890681936491452,0.007642188295584889
PG,2023-10-11,136.14,136.53,133.72,134.13,134.13,5469100,Consumer Goods,134.88600000000002,135.807,139.20749999999998,142.4606,136.66063107753226,139.01287033623896,-2.352239258706703,-1.9500272826532044,135.8,5988900.0,136.92,4727800.0,138.2,5403700.0,17.660377358490592,-2.037686240140224,-2.945007235890007,-0.012297496318114942,0.007501175236894038
PG,2023-10-12,133.93,135.0,132.87,134.43,134.43,5965600,Consumer Goods,134.796,135.524,138.6705,142.2116,136.3174570656042,138.67339845948052,-2.3559413938763214,-2.031210104897828,134.13,5469100.0,134.88,5205700.0,137.26,6237100.0,20.26093630084428,-0.3336298932384296,-2.061780562436244,0.002236636099306688,0.007531226904883827
PG,2023-10-13,134.31,136.03,134.31,135.72,135.72,7078900,Consumer Goods,134.91,135.41500000000002,138.259,141.9808,136.2255405939728,138.4546282032227,-2.229087609249916,-2.0707856057682457,134.43,5965600.0,135.15,7406700.0,136.81,6683300.0,29.219330855018598,0.42175360710321463,-0.7967253855712286,0.009596072305289027,0.008354398836685909
PG,2023-10-16,136.81,137.94,136.44,137.01,137.01,6509800,Consumer Goods,135.418,135.498,137.88500000000002,141.80800000000002,136.34622665643852,138.34761870668768,-2.0013920502491658,-2.0569068946644298,135.72,7078900.0,134.47,5062200.0,136.18,5153800.0,38.6953298739807,1.888897151781066,0.6094874430900177,0.009504862953138682,0.008813295435304184
PG,2023-10-17,137.05,137.71,136.23,137.19,137.19,6160100,Consumer Goods,135.696,135.57,137.541,141.608,136.47603794006338,138.26186917285898,-1.7858312327956014,-2.002691762290664,137.01,6509800.0,135.8,5988900.0,136.47,4670600.0,45.7239627434378,1.0235640648011746,0.5275884809848419,0.0013137727173200275,0.008801773832956952
PG,2023-10-18,140.75,141.92,139.54,140.72,140.72,10508500,Consumer Goods,137.01399999999998,135.95,137.3795,141.4754,137.12895518005362,138.4439529378324,-1.3149977577787695,-1.8651529613882851,137.19,6160100.0,134.13,5469100.0,136.92,4727800.0,62.013888888888914,4.913143964810263,2.7753432661408173,0.02573073839201112,0.011892712701871071
PG,2023-10-19,141.22,141.85,138.92,139.93,139.93,8146000,Consumer Goods,138.114,136.45499999999998,137.24099999999999,141.3308,137.55988515235308,138.55403049799298,-0.9941453456399074,-1.6909514382386097,140.72,10508500.0,134.43,5965600.0,134.88,5205700.0,60.583446404341935,4.09134865729377,3.744068801897993,-0.005613985218874351,0.010654967116430634
PG,2023-10-20,140.69,141.47,139.62,139.74,139.74,7284200,Consumer Goods,138.918,136.91400000000002,137.119,141.197,137.89528743660645,138.64188009073425,-0.7465926541277952,-1.502079681416447,139.93,8146000.0,135.72,7078900.0,135.15,7406700.0,62.44755244755245,2.9619805481874595,3.396226415094339,-0.0013578217680269011,0.010767990905536205
PG,2023-10-23,139.56,141.11,139.28,139.84,139.84,5981800,Consumer Goods,139.484,137.451,137.0455,141.0482,138.19447398482083,138.7306297136428,-0.5361557288219672,-1.3088948908975513,139.74,7284200.0,137.01,6509800.0,134.47,5062200.0,61.941885187810065,2.065542661119646,3.993455789395406,0.0007156147130384927,0.010415760399921535
PG,2023-10-24,139.81,141.65,139.76,141.49,141.49,6322000,Consumer Goods,140.344,138.02,137.11700000000002,140.9554,138.7014779871561,138.93502751263222,-0.2335495254761213,-1.0938258178132654,139.84,5981800.0,137.19,6160100.0,135.8,5988900.0,64.92488569562381,3.1343392375537737,4.189985272459507,0.0117991990846682,0.010552845540517834
PG,2023-10-25,141.24,142.71,140.75,142.15,142.15,6172900,Consumer Goods,140.63000000000002,138.822,137.3145,140.8946,139.23201983528594,139.1731736228076,0.05884621247832911,-0.8632914117549465,141.49,6322000.0,140.72,10508500.0,134.13,5469100.0,76.09475951184491,1.0162023877203108,5.979273838813093,0.0046646406106438665,0.00883681316408216
PG,2023-10-26,142.58,142.89,141.34,141.4,141.4,7582100,Consumer Goods,140.924,139.519,137.5215,140.8484,139.56555524524197,139.33812372482188,0.2274315204200832,-0.6451468253199406,142.15,6172900.0,139.93,8146000.0,134.43,5965600.0,71.6863289382373,1.0505252626313188,5.184854571152275,-0.0052761167780513984,0.009475278688766098
PG,2023-10-27,140.62,141.54,138.07,138.9,138.9,8131800,Consumer Goods,140.756,139.83700000000002,137.62600000000003,140.7728,139.46316213058935,139.30567011557582,0.15749201501353127,-0.4846190572532463,141.4,7582100.0,139.74,7284200.0,135.72,7078900.0,63.64756623536661,-0.6011163589523472,2.3430592396109784,-0.01768033946251768,0.011703641519530562
PG,2023-10-30,139.6,141.16,139.26,140.89,140.89,5412800,Consumer Goods,140.966,140.22500000000002,137.8615,140.72899999999998,139.68267564896024,139.42302788479242,0.2596477641678234,-0.33576569296903236,138.9,8131800.0,139.84,5981800.0,137.01,6509800.0,65.06808762581403,0.7508581235697864,2.8319100795562324,0.014326853851691634,0.012121674634350732
PG,2023-10-31,141.07,141.83,140.3,141.61,141.61,6762100,Consumer Goods,140.98999999999998,140.667,138.1185,140.714,139.97918708758175,139.58502581925225,0.3941612683294977,-0.18978030070932636,140.89,5412800.0,141.49,6322000.0,137.19,6160100.0,73.46298619824347,0.08481164746625414,3.221809169764578,0.0051103697920364954,0.012127240991574466
PG,2023-11-01,142.23,142.23,140.84,141.22,141.22,5896900,Consumer Goods,140.804,140.717,138.33350000000002,140.6902,140.17008138179995,139.70613501782614,0.46394636397380395,-0.059034967772700314,141.61,6762100.0,142.15,6172900.0,140.72,10508500.0,71.17903930131001,-0.6542384804783752,0.35531552018193135,-0.0027540427935881517,0.009265802365692972
PG,2023-11-02,141.15,143.14,140.56,142.94,142.94,5859200,Consumer Goods,141.112,141.018,138.7365,140.6742,140.59622270767687,139.94568057206124,0.6505421356156376,0.08288045290496726,141.22,5896900.0,141.4,7582100.0,139.93,8146000.0,71.93195625759415,1.08910891089109,2.151075537768876,0.012179577963461252,0.009683082280826432
PG,2023-11-03,143.27,143.75,141.23,141.65,141.65,6587700,Consumer Goods,141.662,141.209,139.0615,140.6456,140.7583422911112,140.07192645561224,0.6864158354989627,0.20358752942376634,142.94,5859200.0,138.9,8131800.0,139.74,7284200.0,64.09477521263673,1.9798416126709961,1.366824101903541,-0.009024765635931131,0.010278892212506502
PG,2023-11-06,141.92,142.76,141.68,142.47,142.47,6480800,Consumer Goods,141.978,141.472,139.4615,140.6146,141.02167424632486,140.2495615329743,0.7721127133505661,0.3172925662091263,141.65,6587700.0,140.89,5412800.0,139.84,5981800.0,65.43859649122808,1.1214422599191032,1.8807208237986206,0.005788916343099082,0.010365857980522386
PG,2023-11-07,142.45,142.76,141.7,142.14,142.14,6003800,Consumer Goods,142.084,141.537,139.77849999999998,140.5726,141.19372436227488,140.38959401201325,0.8041303502616302,0.41466012301962707,142.47,6480800.0,141.61,6762100.0,141.49,6322000.0,55.10791366906471,0.37426735400041267,0.4593964237755266,-0.0023162771109708213,0.009816632202807013
PG,2023-11-08,142.49,142.72,141.12,141.59,141.59,4832600,Consumer Goods,142.158,141.481,140.1515,140.5178,141.25468984500182,140.47851297408636,0.7761768709154637,0.4869634725987944,142.14,6003800.0,141.22,5896900.0,142.15,6172900.0,56.07613469985358,0.2620025492140021,-0.3939500527611717,-0.0038694245110453274,0.009785437816602955
PG,2023-11-09,141.34,141.91,140.75,141.91,141.91,6581500,Consumer Goods,141.952,141.53199999999998,140.5255,140.4662,141.3555067919246,140.58454905007994,0.7709577418446543,0.5437623264479664,141.59,4832600.0,142.94,5859200.0,141.4,7582100.0,57.86802030456848,-0.7205820624038073,0.3606789250353515,0.002260046613461464,0.009653338300583368
PG,2023-11-10,142.38,142.94,141.51,142.91,142.91,5387200,Consumer Goods,142.204,141.933,140.88500000000002,140.429,141.59465959316697,140.75680467599994,0.8378549171670215,0.6025808445917775,141.91,6581500.0,141.65,6587700.0,138.9,8131800.0,60.44928522804627,0.8895164136957234,2.886969042476606,0.007046719751955477,0.007414074395039913
PG,2023-11-13,142.95,144.32,142.95,143.91,143.91,6297500,Consumer Goods,142.492,142.23499999999999,141.23,140.4086,141.95086580960282,140.99037469999993,0.9604911096028843,0.6741628975939989,142.91,5387200.0,142.47,6480800.0,140.89,5412800.0,58.618233618233575,1.0107391029690493,2.143516218326358,0.006997410957945593,0.006456613877482342
PG,2023-11-14,143.99,144.89,143.17,143.58,143.58,7982600,Consumer Goods,142.78,142.432,141.5495,140.4206,142.2015018388947,141.18219879629623,1.019303042598466,0.7431909265948924,143.91,6297500.0,142.14,6003800.0,141.61,6762100.0,55.21517140773162,1.01308569016465,1.3911446931713867,-0.002293099854075331,0.0065027032454752975
PG,2023-11-15,143.53,143.84,141.94,142.92,142.92,7672600,Consumer Goods,143.046,142.602,141.6595,140.425,142.31204001752627,141.3109248113854,1.0011152061408666,0.7947757825040873,143.58,7982600.0,141.59,4832600.0,141.22,5896900.0,55.58002936857556,0.9393318737198841,1.2037954963886044,-0.0045967404931051,0.006657803840931392
PG,2023-11-16,143.46,144.31,142.82,144.26,144.26,7590500,Consumer Goods,143.516,142.73399999999998,141.87600000000003,140.429,142.61172616867606,141.52937482535685,1.0823513433192034,0.8522908946671106,142.92,7672600.0,141.91,6581500.0,142.94,5859200.0,71.50882825040121,1.6559791417095404,0.9234643906534057,0.00937587461516931,0.006187276708413622
PG,2023-11-17,144.15,144.26,142.42,142.59,142.59,8495600,Consumer Goods,143.452,142.828,142.0185,140.41199999999998,142.60838368118743,141.60793965310822,1.0004440280792153,0.8819215213495316,144.26,7590500.0,142.91,5387200.0,141.65,6587700.0,57.00164744645805,-0.22391715065425144,0.6636074832333305,-0.011576320532372009,0.006676960611340425
PG,2023-11-20,141.78,142.56,141.26,141.84,141.84,6856500,Consumer Goods,143.038,142.76500000000001,142.11849999999998,140.3458,142.4901708071586,141.62512930843354,0.8650414987250485,0.8785455168246351,142.59,8495600.0,143.91,6297500.0,142.47,6480800.0,50.9449465899753,-1.4383989993746016,-0.44219835754895076,-0.005259835893120179,0.006652043614077844
PG,2023-11-21,141.44,141.59,140.48,141.22,141.22,7310400,Consumer Goods,142.56599999999997,142.673,142.105,140.3182,142.29475991374957,141.59511973003106,0.6996401837185147,0.8427644502034111,141.84,6856500.0,143.58,7982600.0,142.14,6003800.0,50.0,-1.6436829642011541,-0.6472491909385036,-0.004371122391427007,0.0067480648652937835
PG,2023-11-22,141.68,142.98,141.68,142.55,142.55,4372700,Consumer Goods,142.49200000000002,142.769,142.125,140.2974,142.33402761932658,141.6658516018806,0.6681760174459725,0.8078467636519234,141.22,7310400.0,142.92,7672600.0,141.59,4832600.0,48.37635303913411,-0.25888609012032493,0.678013984038417,0.009417929471746245,0.007322743527610656
PG,2023-11-24,142.7,143.23,142.56,142.89,142.89,2132500,Consumer Goods,142.21800000000002,142.867,142.1995,140.2518,142.41956183173787,141.75652926100057,0.6630325707373004,0.7788839250689988,142.55,4372700.0,144.26,7590500.0,141.91,6581500.0,55.605786618444775,-0.9496741993622604,0.6905785356916327,0.0023851280252540352,0.007325810382625456
PG,2023-11-27,143.02,143.13,142.28,142.75,142.75,6021300,Consumer Goods,142.25,142.851,142.392,140.2278,142.47039847300897,141.83011968611163,0.6402787868973405,0.7511628974346671,142.89,2132500.0,142.59,8495600.0,142.91,5387200.0,51.34874759152217,0.11220983238655613,-0.11195857532713127,-0.0009797746518299677,0.006986558420777988
PG,2023-11-28,142.67,144.2,142.67,143.75,143.75,6110400,Consumer Goods,142.632,142.83499999999998,142.535,140.213,142.6672602463922,141.97233304269596,0.6949272036962384,0.7399157586869815,142.75,6021300.0,141.84,6856500.0,143.91,6297500.0,57.285067873303255,1.3465877044557262,-0.11118059898547195,0.007005253940455258,0.006987442833857935
PG,2023-11-29,143.75,143.9,142.52,142.65,142.65,5342700,Consumer Goods,142.918,142.74200000000002,142.587,140.1846,142.66460482387032,142.02253059508885,0.6420742287814676,0.7203474527058786,143.75,6110400.0,141.22,7310400.0,143.58,7982600.0,54.568965517241395,1.0126044469621842,-0.6477225240284157,-0.007652173913043403,0.007370269782355561
PG,2023-11-30,142.43,145.01,141.66,144.91,144.91,9771300,Consumer Goods,143.39,142.941,142.7715,140.2038,143.01005023558258,142.23641721767487,0.7736330179077129,0.7310045657462455,142.65,5342700.0,142.55,4372700.0,142.92,7672600.0,61.078286558345674,1.6555594528235629,1.3923873495661931,0.015842972309849213,0.008835134265948905
PG,2023-12-01,144.73,144.88,143.69,144.09,144.09,5685400,Consumer Goods,143.63,142.924,142.829,140.2316,143.17619635318528,142.37371964599527,0.8024767071900101,0.7452989940349984,144.91,9771300.0,142.89,2132500.0,144.26,7590500.0,54.416167664670695,0.8398068444257945,-0.11784278386246516,-0.005658684700848737,0.00860689727174783
PG,2023-12-04,143.25,143.97,143.15,143.53,143.53,6578300,Consumer Goods,143.786,143.018,142.923,140.2586,143.23062768346446,142.4593700425882,0.7712576408762573,0.7504907234032502,144.09,5685400.0,142.75,6021300.0,142.59,8495600.0,48.5294117647059,0.546409807355519,0.659232765271045,-0.0038864598514817272,0.007768813680257753
PG,2023-12-05,143.6,144.05,137.98,138.53,138.53,11895800,Consumer Goods,142.74200000000002,142.68699999999998,142.726,140.203,142.5074541937007,142.16830559498908,0.33914859871163117,0.6682222984649264,143.53,6578300.0,143.75,6110400.0,141.84,6856500.0,35.64525298465031,-3.631304347826081,-2.3336153412295557,-0.03483592280359504,0.013671017816164787
PG,2023-12-06,138.76,138.9,137.47,138.42,138.42,7610000,Consumer Goods,141.89600000000002,142.40699999999998,142.54000000000002,140.1702,141.87861508697753,141.8906533286936,-0.012038241716055609,0.53217019042873,138.53,11895800.0,142.65,5342700.0,141.22,7310400.0,36.79577464788729,-2.9652996845425994,-1.9827219940518392,-0.0007940518299286436,0.013656818492790579
PG,2023-12-07,138.35,138.85,137.83,138.28,138.28,6119600,Consumer Goods,140.57,141.98,142.37449999999998,140.1718,141.3249819966733,141.62319752656813,-0.2982155298948328,0.3660930463640175,138.42,7610000.0,144.91,9771300.0,142.55,4372700.0,31.12373737373734,-4.57525360568628,-2.9954401964223165,-0.0010114145354715998,0.01308124277170686
PG,2023-12-08,137.73,138.03,136.41,137.01,137.01,6385300,Consumer Goods,139.154,141.392,142.1295,140.1668,140.66113861256972,141.28147919126678,-0.6203405786970677,0.16880632135180046,138.28,6119600.0,144.09,5685400.0,142.89,2132500.0,31.930051813471437,-4.913595669373317,-4.115053537686331,-0.009184263812554327,0.013067732132146046
PG,2023-12-11,136.68,137.69,136.53,137.64,137.64,8471200,Consumer Goods,137.976,140.881,141.86599999999999,140.1834,140.19634805678976,141.0117399919137,-0.8153919351239267,-0.02803332994334498,137.01,6385300.0,143.53,6578300.0,142.75,6021300.0,36.29242819843333,-4.103671706263512,-3.579684763572688,0.004598204510619652,0.013332810655289438
PG,2023-12-12,137.68,138.03,136.94,137.75,137.75,6069200,Consumer Goods,137.82,140.281,141.558,140.21480000000003,139.81998681728365,140.7701296221423,-0.9501428048586433,-0.21245522492640467,137.64,8471200.0,138.53,11895800.0,143.75,6110400.0,38.284942606347045,-0.5630549339493252,-4.173913043478262,0.0007991862830574181,0.012924696705633168
PG,2023-12-13,137.68,140.31,137.29,140.24,140.24,9055500,Consumer Goods,138.184,140.04000000000002,141.39100000000002,140.2902,139.88460423000924,140.73086076124287,-0.846256531233621,-0.33921548618784797,137.75,6069200.0,138.42,7610000.0,142.65,5342700.0,42.76768941765809,1.3148388961133017,-1.689449702067991,0.018076225045372096,0.014607566847315082
PG,2023-12-14,140.13,140.22,136.28,136.54,136.54,10565200,Consumer Goods,137.83599999999998,139.203,141.072,140.2826,139.37004973308476,140.42042663078044,-1.0503768976956849,-0.4814477684894154,140.24,9055500.0,138.28,6119600.0,144.91,9771300.0,33.57475426797727,-1.2583164593578333,-5.775998895866408,-0.026383342840844426,0.015098277681459908
PG,2023-12-15,135.15,136.16,134.5,135.88,135.88,14550000,Consumer Goods,137.60999999999999,138.382,140.65300000000002,140.3026,138.83311900491788,140.08409873220413,-1.25097972728625,-0.6353541602487823,136.54,10565200.0,137.01,6385300.0,144.09,5685400.0,32.695214105793454,-0.8247573169841593,-5.6978277465473015,-0.00483374835213124,0.015101559167960703
PG,2023-12-18,136.08,139.21,136.06,137.97,137.97,8421800,Consumer Goods,137.676,137.826,140.422,140.359,138.70033146569975,139.92749882611494,-1.2271673604151943,-0.7537168002820648,135.88,14550000.0,137.64,8471200.0,143.53,6578300.0,36.19866284622733,0.23975588491718103,-3.8737546157597724,0.015381218722402057,0.016526994551908276
PG,2023-12-19,137.5,138.13,137.23,137.97,137.97,5233600,Consumer Goods,137.72,137.77,140.2285,140.429,138.587972778669,139.7824989130694,-1.1945261344003768,-0.8418786671057272,137.97,8421800.0,137.75,6069200.0,138.53,11895800.0,38.20564516129033,0.15970961887477042,-0.40424456796361863,0.0,0.012425066443800696
PG,2023-12-20,137.4,137.87,135.77,135.84,135.84,7663800,Consumer Goods,136.84,137.512,139.9595,140.4298,138.16520773579686,139.49046195654574,-1.3252542207488887,-0.9385537778343596,137.97,5233600.0,140.24,9055500.0,138.42,7610000.0,26.99137493658047,-3.137478608100408,-1.8638925010836416,-0.015438138725809902,0.01331617149217327
PG,2023-12-21,136.41,136.67,135.1,136.17,136.17,6104700,Consumer Goods,136.76600000000002,137.301,139.6405,140.4706,137.85825269952042,139.24450181161643,-1.38624911209601,-1.0280928446866897,135.84,7663800.0,136.54,10565200.0,138.28,6119600.0,29.396462018730475,-0.27098286216493683,-1.525889499566102,0.0024293286219079224,0.013383084635365266
PG,2023-12-22,136.39,137.46,136.19,137.13,137.13,4413800,Consumer Goods,137.01600000000002,137.313,139.35250000000002,140.52460000000002,137.7462138226711,139.08787204779298,-1.3416582251218756,-1.090805920773727,136.17,6104700.0,135.88,14550000.0,137.01,6385300.0,33.69011213047911,0.9199293494259742,0.08758484782132037,0.007050011015642177,0.013325908024532597
PG,2023-12-26,136.95,137.97,136.84,137.75,137.75,3634900,Consumer Goods,136.972,137.32399999999998,139.10250000000002,140.5652,137.74679631149093,138.98877041462313,-1.2419741031322076,-1.1210395572454233,137.13,4413800.0,137.97,8421800.0,137.64,8471200.0,47.44094488188976,-0.1594549539755019,0.07991862830574181,0.004521257201195894,0.01332308752180368
PG,2023-12-27,137.48,138.1,137.2,137.86,137.86,4569400,Consumer Goods,136.95,137.33499999999998,138.808,140.5822,137.76421226356925,138.90515779131772,-1.140945527748471,-1.1250207513460329,137.75,3634900.0,137.97,5233600.0,137.75,6069200.0,48.162729658792735,-0.0797274769877454,0.07985480943739631,0.0007985480943739631,0.013323084122434966
PG,2023-12-28,137.81,137.82,136.9,137.55,137.55,5023000,Consumer Goods,137.292,137.066,138.553,140.5894,137.73125653071244,138.80477573270161,-1.0735192019891713,-1.1147204414746605,137.86,4569400.0,135.84,7663800.0,140.24,9055500.0,47.631408176508806,1.258833922261493,-1.9181403308613842,-0.002248658058900399,0.011742832729735213
PG,2023-12-29,137.81,138.71,137.55,138.32,138.32,5300900,Consumer Goods,137.722,137.24399999999997,138.2235,140.54139999999998,137.82183244906437,138.76886641916815,-0.9470339701037744,-1.0811831472004834,137.55,5023000.0,136.17,6104700.0,136.54,10565200.0,54.393024815560025,1.578908717044869,1.3036472828475087,0.005597964376590214,0.008122558887617698
PG,2024-01-02,138.15,141.03,138.1,140.39,140.39,7238400,Consumer Goods,138.374,137.695,138.0385,140.5506,138.21693514920833,138.88895038811864,-0.6720152389103191,-0.9993495655424506,138.32,5300900.0,137.13,4413800.0,135.88,14550000.0,58.4097859327217,2.3773062057901306,3.31910509272888,0.014965297860034754,0.008836038381532069
PG,2024-01-03,140.02,140.83,138.92,139.55,139.55,7697500,Consumer Goods,138.73399999999998,137.853,137.8395,140.5468,138.4220220493301,138.9379170260358,-0.5158949767056811,-0.9026586477750966,140.39,7238400.0,137.75,3634900.0,137.97,8421800.0,55.26932084309137,1.306715063520869,1.145176487642252,-0.005983332146164089,0.008147958167721327
PG,2024-01-04,139.74,140.89,139.48,140.31,140.31,7067400,Consumer Goods,139.224,138.087,137.9285,140.5562,138.71248019558703,139.039552801885,-0.32707260629797474,-0.7875414394796723,139.55,7697500.0,137.86,4569400.0,137.97,5233600.0,50.22801302931594,1.7771652400986326,1.696020874103077,0.005446076675026834,0.008242581634433793
PG,2024-01-05,140.38,140.52,138.33,139.15,139.15,5294200,Consumer Goods,139.544,138.418,137.965,140.5094,138.7797909347275,139.04773407581945,-0.26794314109196193,-0.6836217798021302,140.31,7067400.0,137.55,5023000.0,135.84,7663800.0,60.18735362997668,1.16321337695382,2.4366902237926924,-0.008267407882545763,0.006763911012476793
PG,2024-01-08,139.61,140.56,139.37,140.35,140.35,8255300,Consumer Goods,139.95,138.83599999999998,138.06850000000003,140.4734,139.02136156015402,139.14419821835133,-0.12283665819731482,-0.5714647554811673,139.15,5294200.0,138.32,5300900.0,136.17,6104700.0,66.74157303370794,1.4676113360323928,3.069692296394222,0.008623787279913753,0.0070416936252298105
PG,2024-01-09,140.23,141.02,139.74,140.92,140.92,9786800,Consumer Goods,140.05599999999998,139.215,138.26399999999998,140.4638,139.3134597816688,139.27573909106604,0.03772069060275385,-0.44962766626438305,140.35,8255300.0,140.39,7238400.0,137.13,4413800.0,62.46830092983942,0.37751976636513085,2.7638007729891223,0.004061275382971186,0.006915365310308359
PG,2024-01-10,140.97,141.58,140.89,141.53,141.53,8591100,Consumer Goods,140.452,139.59300000000002,138.45850000000002,140.5164,139.65446596910436,139.4427213806167,0.21174458848767586,-0.31735321531397126,140.92,9786800.0,139.55,7697500.0,137.75,3634900.0,64.3086816720258,1.4188462916517208,2.744101633393825,0.0043286971331253365,0.006910155902072667
PG,2024-01-11,141.63,142.34,140.91,142.07,142.07,6659400,Consumer Goods,140.804,140.01399999999998,138.67450000000002,140.54,140.02608658924214,139.6373346116821,0.3887519775600481,-0.17613217673916737,141.53,8591100.0,140.31,7067400.0,137.86,4569400.0,78.70967741935496,1.2543653339034844,3.0538227187001166,0.003815445488589031,0.006882153937355029
PG,2024-01-12,142.48,142.81,141.48,142.15,142.15,5684700,Consumer Goods,141.404,140.474,138.76999999999998,140.5508,140.3528424985895,139.8234579737797,0.5293845248097853,-0.03502883642937685,142.07,6659400.0,139.15,5294200.0,137.55,5023000.0,78.2075471698115,2.155946819978438,3.344238458742277,0.0005631026958541341,0.006697305619184784
PG,2024-01-16,141.73,143.0,140.53,141.39,141.39,8120100,Consumer Goods,141.612,140.781,139.0125,140.5542,140.5124051911142,139.9394981238701,0.5729070672441026,0.08655834430531903,142.15,5684700.0,140.35,8255300.0,138.32,5300900.0,70.48076923076923,0.7410046312789298,2.2194910352804964,-0.005346465001758838,0.007160990808396871
PG,2024-01-17,140.79,142.15,140.65,141.53,141.53,6541400,Consumer Goods,141.73399999999998,140.895,139.295,140.526,140.6689582386351,140.05731307765748,0.6116451609776163,0.1915757076397785,141.39,8120100.0,140.92,9786800.0,140.39,7238400.0,69.05241935483875,0.43286971331253365,0.8120236484080223,0.0009901690359999105,0.005588437001258001
PG,2024-01-18,140.8,140.96,139.55,140.71,140.71,6526200,Consumer Goods,141.57,141.01100000000002,139.432,140.50719999999998,140.67527235576816,140.10566025709028,0.5696120986778794,0.2671829858473987,141.53,6541400.0,141.53,8591100.0,139.55,7697500.0,63.4054562558796,-0.5793824630820232,0.8312432819777893,-0.005793824630820232,0.00556305493150293
PG,2024-01-19,140.82,141.17,139.92,140.17,140.17,7848100,Consumer Goods,141.19,140.997,139.542,140.4612,140.59753814718843,140.11042616397248,0.4871119832159536,0.3111687853211097,140.71,6526200.0,142.07,6659400.0,140.31,7067400.0,62.06261510128905,-1.337368902653624,-0.09977906065142816,-0.003837680335441851,0.005483438528214573
PG,2024-01-22,139.6,140.78,138.94,140.45,140.45,11084100,Consumer Goods,140.85,141.127,139.77249999999998,140.4274,140.5748399706979,140.13557978145602,0.43926018924187815,0.33678706610526343,140.17,7848100.0,142.15,5684700.0,139.15,5294200.0,60.27000964320152,-1.1959198030249807,0.934243621990638,0.001997574373974409,0.004684343893286636
PG,2024-01-23,145.43,148.56,145.22,146.26,146.26,19101600,Consumer Goods,141.824,141.71800000000002,140.277,140.5208,141.44947997520592,140.58924053838518,0.8602394368207342,0.4414775402483576,140.45,11084100.0,141.39,8120100.0,140.35,8255300.0,70.8008504606662,3.4443737180847256,4.210901318133242,0.04136703453186197,0.013603784517987879
PG,2024-01-24,146.21,146.5,144.46,144.49,144.49,11592700,Consumer Goods,142.416,142.075,140.64499999999998,140.5724,141.9172522867127,140.87818568369,1.039066603022718,0.5609953528032297,146.26,19101600.0,141.53,6541400.0,140.92,9786800.0,66.4228723404255,2.0914293789302763,2.533352256599497,-0.012101736633392424,0.014551210128102031
PG,2024-01-25,144.76,147.85,144.43,147.82,147.82,10352500,Consumer Goods,143.838,142.704,141.14849999999998,140.6706,142.82536731952615,141.39239415156482,1.432973167961336,0.735390915834851,144.49,11592700.0,140.71,6526200.0,141.53,8591100.0,71.32311186825663,5.052945774998219,4.444287430226801,0.023046577617828135,0.015936484633227627
PG,2024-01-26,148.0,148.33,147.55,148.31,148.31,8356600,Consumer Goods,145.466,143.328,141.671,140.7586,143.66915696267597,141.90480939959704,1.7643475630789283,0.9411822452836665,147.82,10352500.0,140.17,7848100.0,142.07,6659400.0,77.03659976387243,5.807234072911482,4.3922010276624235,0.003314842375862659,0.015939555232553103
PG,2024-01-29,148.82,149.44,147.61,148.33,148.33,8987400,Consumer Goods,147.042,143.946,142.20999999999998,140.8536,144.3862097376489,142.38074944407134,2.0054602935775563,1.1540378549424446,148.31,8356600.0,140.45,11084100.0,142.15,5684700.0,75.31725888324871,5.610537557849793,4.34752022511431,0.00013485267345436647,0.01595163957201916
PG,2024-01-30,148.5,150.0,148.01,149.59,149.59,7794700,Consumer Goods,147.708,144.76600000000002,142.77349999999998,140.987,145.18679285493369,142.91476800376975,2.272024851163934,1.3776352541867425,148.33,8987400.0,146.26,19101600.0,141.39,8120100.0,76.35258358662611,2.2767674005196303,5.799561496569794,0.008494572911750708,0.015611038568979042
PG,2024-01-31,150.07,150.55,148.84,149.26,149.26,8870000,Consumer Goods,148.66199999999998,145.539,143.217,141.08700000000002,145.8134401080208,143.3847851886757,2.428654919345121,1.5878391872184183,149.59,7794700.0,144.49,11592700.0,141.53,6541400.0,73.90228818800237,3.3012665236348493,5.461739560517187,-0.002206029814827315,0.01575166099429209
PG,2024-02-01,148.91,151.31,148.77,151.2,151.2,7601100,Consumer Goods,149.33800000000002,146.588,143.7995,141.2592,146.64214162986377,143.9636899895145,2.678451640349266,1.805961677844588,149.26,8870000.0,147.82,10352500.0,140.71,6526200.0,75.98178713716554,2.286564740901098,7.4550493923672745,0.012997454106927542,0.015378837109906963
PG,2024-02-02,151.0,151.6,149.63,150.16,150.16,7937700,Consumer Goods,149.708,147.587,144.29199999999997,141.4256,147.18335060988474,144.42267591621714,2.760674693667596,1.9969042810091897,151.2,7601100.0,148.31,8356600.0,140.17,7848100.0,71.61359956826762,1.247387229451813,7.127059998573171,-0.006878306878306817,0.015651608941636024
PG,2024-02-05,150.24,151.03,149.66,150.28,150.28,6931900,Consumer Goods,150.098,148.57,144.8485,141.6068,147.659758208364,144.85655177427512,2.803206434088878,2.1581647116251275,150.16,7937700.0,148.33,8987400.0,140.45,11084100.0,74.8462828395752,1.3146362839614234,6.998932004271996,0.0007991475759190347,0.01569882669391396
PG,2024-02-06,150.37,151.09,149.95,150.99,150.99,6185400,Consumer Goods,150.378,149.043,145.38049999999998,141.77560000000003,148.1721030993849,145.31088127247696,2.8612218269079506,2.298776134681692,150.28,6931900.0,149.59,7794700.0,146.26,19101600.0,75.62296858071507,0.9358914365933613,3.2339669082456,0.004724514240085131,0.010001865142453173
PG,2024-02-07,151.12,151.82,150.78,151.14,151.14,7209300,Consumer Goods,150.754,149.708,145.8915,141.9406,148.62870262255646,145.74266784488609,2.8860347776703748,2.416227863279429,150.99,6185400.0,149.26,8870000.0,144.49,11592700.0,79.31422147273744,1.2595470990218294,4.602394629386097,0.0009934432743887722,0.008518343729187047
PG,2024-02-08,150.84,151.12,149.86,150.68,150.68,6121600,Consumer Goods,150.65,149.994,146.349,142.0992,148.94428683447086,146.1083961526723,2.83589068179856,2.500160426983255,151.14,7209300.0,151.2,7601100.0,147.82,10352500.0,79.67250141163198,-0.3439153439153353,1.9347855499932454,-0.00304353579462735,0.0057746260193370464
PG,2024-02-09,150.32,150.4,149.09,149.53,149.53,5978000,Consumer Goods,150.524,150.116,146.72199999999998,142.2148,149.03439655224457,146.36184828951139,2.672548262733187,2.5346379941332415,150.68,6121600.0,150.16,7937700.0,148.31,8356600.0,74.43487621097964,-0.4195524773574877,0.8226013080709249,-0.007632067958587729,0.0064783090491030305
PG,2024-02-12,149.47,149.71,147.69,149.23,149.23,5482000,Consumer Goods,150.31400000000002,150.206,147.076,142.34640000000002,149.0644893903608,146.5743039717698,2.4901854185909826,2.5257474790247896,149.53,5978000.0,150.28,6931900.0,148.33,8987400.0,61.361897475133915,-0.6986957678999262,0.6067552079821903,-0.0020062863639404016,0.006539242448802196
PG,2024-02-13,149.84,151.0,147.68,148.43,148.43,6046800,Consumer Goods,149.802,150.09,147.428,142.4168,148.9668756379976,146.7117629368239,2.2551127011736867,2.471620523454569,149.23,5482000.0,150.99,6185400.0,149.59,7794700.0,66.28099173553721,-1.695476521623951,-0.7754529046059222,-0.005360852375527636,0.006142190489434795
PG,2024-02-14,148.33,148.33,147.14,147.83,147.83,5727300,Consumer Goods,149.14000000000001,149.947,147.743,142.4916,148.79197169369027,146.794595311874,1.9973763818162809,2.3767716951269118,148.43,6046800.0,151.14,7209300.0,149.26,8870000.0,50.05336179295635,-2.1900224956993397,-0.9580597614900044,-0.004042309506164465,0.0062171742348184475
PG,2024-02-15,148.46,149.53,148.32,149.14,149.14,6249200,Consumer Goods,148.832,149.74099999999999,148.1645,142.60379999999998,148.8455145100456,146.9683289924759,1.8771855175696999,2.2768544596154694,147.83,5727300.0,150.68,6121600.0,151.2,7601100.0,54.072620215897885,-1.0220334483674098,-1.362433862433865,0.00886153013596691,0.00524876400430396
PG,2024-02-16,149.17,150.5,148.81,149.61,149.61,6617600,Consumer Goods,148.848,149.686,148.6365,142.8254,148.9631276623463,147.16400832636657,1.799119335979725,2.1813074348883204,149.14,6249200.0,149.53,5978000.0,150.16,7937700.0,56.01503759398499,0.05350096970508922,-0.3662759722962039,0.0031514013678424213,0.005030535595950086
PG,2024-02-20,150.74,151.78,150.2,150.56,150.56,6622100,Consumer Goods,149.11399999999998,149.714,149.142,143.0682,149.20880032967764,147.41556326515422,1.7932370645234244,2.1036933608153414,149.61,6617600.0,149.23,5482000.0,150.28,6931900.0,54.695062923523736,0.8912417074314893,0.18631887143998327,0.0063498429249380095,0.00545999596429506
PG,2024-02-21,151.21,152.36,151.21,152.36,152.36,7121000,Consumer Goods,149.9,149.851,149.447,143.3498,149.693600278958,147.78181783810578,1.911782440852221,2.0653111768227177,150.56,6622100.0,148.43,6046800.0,150.99,6185400.0,63.13559322033913,2.6477127265377653,0.9073448572753273,0.011955366631243525,0.0065046918434476094
PG,2024-02-22,151.46,153.01,150.68,152.51,152.51,6619500,Consumer Goods,150.836,149.988,149.848,143.6598,150.12689254373367,148.13205355380165,1.9948389899320205,2.0512167394445786,152.36,7121000.0,147.83,5727300.0,151.14,7209300.0,56.5434565434566,3.1657985523912524,0.9064443562260216,0.000984510370175773,0.006504681655031386
PG,2024-02-23,152.55,153.63,152.13,152.95,152.95,5486500,Consumer Goods,151.598,150.215,150.1045,143.96599999999998,150.56121676777465,148.4889384757423,2.0722782920323652,2.055429049962136,152.51,6619500.0,149.14,6249200.0,150.68,6121600.0,64.82465462274182,2.5546466407402546,1.506503849216867,0.002885056717592205,0.0063719358119006374
PG,2024-02-26,152.95,153.09,152.04,152.19,152.19,4531900,Consumer Goods,152.11399999999998,150.481,150.29850000000002,144.2548,150.81179880350163,148.76309118124286,2.0487076222587746,2.054084764421464,152.95,5486500.0,149.61,6617600.0,149.53,5978000.0,59.50248756218911,1.7244836575095235,1.7789072426937613,-0.004968944099378869,0.0059914715142993
PG,2024-02-27,151.42,151.79,150.99,151.31,151.31,3868200,Consumer Goods,152.264,150.689,150.44750000000002,144.47619999999998,150.88844514142446,148.95175109374338,1.9366940476810726,2.0306066210733857,152.19,4531900.0,150.56,6622100.0,149.23,5482000.0,51.56555772994128,0.49814027630181723,1.3938216176372142,-0.005782245876864378,0.006364069493185138
PG,2024-02-28,151.09,152.09,150.68,152.02,152.02,3802900,Consumer Goods,152.196,151.048,150.56900000000002,144.7858,151.06253050428222,149.17902879050314,1.8835017137790828,2.0011856396145253,151.31,3868200.0,152.36,7121000.0,148.43,6046800.0,54.08163265306136,-0.22315568390653961,2.418648521188449,0.0046923534465665995,0.005957899786004933
PG,2024-02-29,151.91,152.08,150.25,150.97,150.97,8348100,Consumer Goods,151.888,151.362,150.65449999999998,145.0876,151.04829504208496,149.31169332453993,1.7366017175450281,1.948268855200626,152.02,3802900.0,152.51,6619500.0,147.83,5727300.0,51.275285839929616,-1.009769851157294,2.1240614219035336,-0.006906985922904951,0.006357975929906977
PG,2024-03-01,150.12,151.06,149.71,150.88,150.88,4819800,Consumer Goods,151.474,151.536,150.6385,145.34579999999997,151.02240349714882,149.42786418938883,1.5945393077599874,1.8775229457124984,150.97,8348100.0,152.95,5486500.0,149.14,6249200.0,56.547041707080496,-1.3533834586466176,1.1666890170309863,-0.0005961449294562549,0.005933338687502733
PG,2024-03-04,149.83,151.75,149.76,151.56,151.56,3841600,Consumer Goods,151.348,151.731,150.70850000000002,145.6176,151.10511065143362,149.58580017536002,1.5193104760735991,1.8058804517847187,150.88,4819800.0,152.19,4531900.0,149.61,6617600.0,60.898035547240504,-0.4139562389118834,1.3033888109083458,0.004506892895016046,0.005998595497808258
PG,2024-03-05,151.46,151.97,150.82,151.33,151.33,4481600,Consumer Goods,151.352,151.80800000000002,150.761,145.9274,151.13970901275152,149.7150001623704,1.424708850381137,1.7296461315040024,151.56,3841600.0,151.31,3868200.0,150.56,6622100.0,64.32806324110678,0.013217897032591353,0.5114240170031925,-0.0015175508049616315,0.005776242250984922
PG,2024-03-06,151.67,151.97,150.94,151.57,151.57,5405700,Consumer Goods,151.262,151.72899999999998,150.79000000000002,146.2354,151.20590762617437,149.85240755775035,1.3535000684240117,1.6544169188880042,151.33,4481600.0,152.02,3802900.0,152.36,7121000.0,69.15983606557374,-0.2960136824102233,-0.5185087949593159,0.001585938016255728,0.004216493559845729
PG,2024-03-07,151.93,152.84,151.47,152.57,152.57,4783900,Consumer Goods,151.582,151.73499999999999,150.8615,146.5442,151.41576799137832,150.0537107016207,1.3620572897576153,1.5959449930619265,151.57,5405700.0,150.97,8348100.0,152.51,6619500.0,68.14814814814821,1.0598132079221,0.03934168251262804,0.006597611664577396,0.004774497910142274
PG,2024-03-08,151.83,153.16,150.35,152.31,152.31,5080200,Consumer Goods,151.868,151.671,150.943,146.8354,151.55334214655088,150.2208432422414,1.3324989043094888,1.543255775311439,152.57,4783900.0,150.88,4819800.0,152.95,5486500.0,64.61038961038963,0.9477730646871629,-0.4184373978424194,-0.0017041358065149614,0.004691507232148594
PG,2024-03-11,153.25,154.47,152.76,153.45,153.45,5170900,Consumer Goods,152.24599999999998,151.797,151.13899999999998,147.1472,151.8451356624661,150.4600400391124,1.385095623353692,1.51162374491989,152.31,5080200.0,151.56,3841600.0,152.19,4531900.0,65.32343584305409,1.247030878859845,0.8279124778237668,0.007484735079771321,0.004990086957461187
PG,2024-03-12,153.71,154.37,153.14,153.81,153.81,4229100,Consumer Goods,152.74200000000002,152.04699999999997,151.368,147.4724,152.14742248362515,150.70818522140038,1.439237262224765,1.497146448380865,153.45,5170900.0,151.33,4481600.0,151.31,3868200.0,59.07384230287858,1.6388026167977188,1.6522371290727644,0.002346041055718562,0.004421916261642289
PG,2024-03-13,154.24,154.57,153.24,154.16,154.16,5410500,Consumer Goods,153.26,152.261,151.6545,147.7892,152.45704979383666,150.96387520500036,1.4931745888362968,1.4963520764719513,153.81,4229100.0,151.57,5405700.0,152.02,3802900.0,60.073260073260144,1.7087814211255603,1.4077095119063188,0.0022755347506664414,0.00430149758444965
PG,2024-03-14,154.1,154.47,153.05,153.4,153.4,5848100,Consumer Goods,153.426,152.504,151.933,148.0494,152.60211905632332,151.14432889351886,1.4577901628044572,1.4886396937384527,154.16,5410500.0,152.57,4783900.0,150.97,8348100.0,52.643948296122325,0.5440125843874988,1.6095913095317105,-0.004929942916450436,0.00390396922526094
PG,2024-03-15,152.64,153.4,152.26,153.29,153.29,10956900,Consumer Goods,153.62199999999999,152.745,152.1405,148.3242,152.70794689381205,151.30326749399893,1.4046793998131193,1.471847634953386,153.4,5848100.0,152.31,5080200.0,150.88,4819800.0,56.99745547073789,0.6434245945768469,1.597295864262982,-0.000717079530638931,0.003911724662823743
PG,2024-03-18,153.38,154.56,152.93,153.13,153.13,6086300,Consumer Goods,153.558,152.902,152.3165,148.5806,152.77287814091787,151.43858101296198,1.3342971279558924,1.4443375335538873,153.29,10956900.0,153.45,5170900.0,151.56,3841600.0,62.74509803921566,-0.2085369827305228,1.0358933755608257,-0.0010437732402635014,0.0038455305865580567
PG,2024-03-19,153.69,154.04,153.09,153.71,153.71,6148100,Consumer Goods,153.53799999999998,153.14,152.474,148.8718,152.91705073462282,151.6068342712611,1.3102164633617122,1.4175133195154523,153.13,6086300.0,153.81,4229100.0,151.33,4481600.0,62.05420827389444,-0.06501527859046341,1.5727218661203857,0.00378763142428018,0.003819698481214311
PG,2024-03-20,153.89,154.26,153.37,153.87,153.87,4870300,Consumer Goods,153.48,153.37,152.5495,149.1422,153.06365831391162,151.77447617709362,1.289182136817999,1.3918470829759617,153.71,6148100.0,154.16,5410500.0,151.57,5405700.0,73.69281045751649,-0.18811624286455553,1.5174506828528056,0.0010409212152755476,0.0038233047576799483
PG,2024-03-21,153.96,154.31,153.04,153.74,153.74,5211500,Consumer Goods,153.548,153.48700000000002,152.61100000000002,149.39860000000002,153.16771088100214,151.92007053434597,1.2476403466561692,1.3630057357120033,153.87,4870300.0,153.4,5848100.0,152.57,4783900.0,73.21428571428595,0.22164276401563932,0.7668611129317826,-0.0008448690452979024,0.003427622774159532
PG,2024-03-22,154.07,154.27,153.37,153.55,153.55,6393200,Consumer Goods,153.60000000000002,153.61100000000002,152.641,149.639,153.2265245916172,152.04080605032036,1.1857185412968363,1.32754829682897,153.74,5211500.0,153.29,10956900.0,152.31,5080200.0,67.54850088183443,0.16961315154284673,0.8141290788523436,-0.0012358527383894424,0.003393097759295593
PG,2024-03-25,153.09,153.55,151.72,152.16,152.16,7145600,Consumer Goods,153.406,153.48200000000003,152.6395,149.8408,153.06244388521455,152.0496352317781,1.0128086534364513,1.2646003681504663,153.55,6393200.0,153.13,6086300.0,153.45,5170900.0,56.076134699853476,-0.6334487037157999,-0.8406647116324439,-0.009052425919895857,0.003788800919458462
PG,2024-03-26,152.32,153.06,152.11,152.5,152.5,5842700,Consumer Goods,153.16400000000002,153.35100000000003,152.699,150.0478,152.97591405672,152.08299558497973,0.8929184717402734,1.1902639888684279,152.16,7145600.0,153.71,6148100.0,153.81,4229100.0,56.70995670995675,-0.7871966690521148,-0.8517001495351395,0.0022344900105153442,0.003778537087758822
PG,2024-03-27,153.27,154.58,153.25,154.46,154.46,6599700,Consumer Goods,153.282,153.381,152.821,150.3092,153.20423497107078,152.25906998609233,0.9451649849784474,1.1412441880904318,152.5,5842700.0,153.87,4870300.0,154.16,5410500.0,61.97718631178715,0.38344056671215654,0.19460300985989498,0.012852459016393425,0.005727772585059874
PG,2024-03-28,154.66,154.96,153.59,154.11,154.11,7191500,Consumer Goods,153.35600000000002,153.452,152.978,150.5608,153.3435834370599,152.39617591304847,0.9474075240114246,1.1024768552746305,154.46,6599700.0,153.74,5211500.0,153.4,5848100.0,61.278195488721856,0.2406660595811072,0.46284224250325856,-0.0022659588242910367,0.005520392343044505
PG,2024-04-01,153.67,153.94,151.79,152.53,152.53,5971900,Consumer Goods,153.152,153.376,153.0605,150.7972,153.21841675443528,152.4060888083782,0.8123279460570814,1.0444470734311206,154.11,7191500.0,153.55,6393200.0,153.29,10956900.0,44.536817102137874,-0.6642787365679026,-0.49579228912518536,-0.010252417104665623,0.006488000138072951
PG,2024-04-02,151.63,152.65,151.63,152.52,152.52,6771200,Consumer Goods,153.224,153.315,153.1085,151.0442,153.1109680229837,152.41452667442425,0.6964413485594605,0.9748459284567886,152.53,5971900.0,152.16,7145600.0,153.13,6086300.0,42.00743494423798,0.23659305993690705,-0.39835433945013543,-6.556087327080906e-05,0.006485895712910339
PG,2024-04-03,152.58,152.81,147.87,148.32,148.32,9601800,Consumer Goods,152.388,152.776,152.95800000000003,151.20159999999998,152.37389601944776,152.11122840224468,0.2626676172030784,0.8324102662060466,152.52,6771200.0,152.5,5842700.0,153.71,6148100.0,25.503355704698066,-2.740983606557379,-3.5066033439594135,-0.027537372147915185,0.010544191648649295
PG,2024-04-04,149.01,149.2,147.62,147.65,147.65,6801700,Consumer Goods,151.026,152.154,152.762,151.2294,151.64714278568655,151.78076703911546,-0.1336242534289056,0.6392033622790563,148.32,9601800.0,154.46,6599700.0,153.87,4870300.0,25.697379543533472,-4.408908455263505,-4.042373432118018,-0.004517259978424892,0.010423289064135675
PG,2024-04-05,147.5,149.18,146.93,148.27,148.27,5121200,Consumer Goods,149.858,151.607,152.547,151.305,151.1275823571194,151.52071022140322,-0.3931278642838265,0.43273711696647976,147.65,6801700.0,154.11,7191500.0,153.74,5211500.0,29.659643435980684,-3.7895010057750977,-3.557954988942369,0.004199119539451512,0.01071458981443408
PG,2024-04-08,148.15,148.84,147.83,148.22,148.22,5476800,Consumer Goods,148.996,151.074,152.3425,151.313,150.68026199448565,151.27621316796595,-0.5959511734803016,0.22699945887712353,148.27,5121200.0,152.53,5971900.0,153.55,6393200.0,29.92641046606714,-2.8256736379728586,-3.4711820253989,-0.00033722263438329403,0.010740024430572011
PG,2024-04-09,148.43,148.89,147.89,148.8,148.8,4608100,Consumer Goods,148.252,150.738,152.11,151.3228,150.39099091841092,151.09278997033883,-0.7017990519279067,0.04123975671611749,148.22,5476800.0,152.52,6771200.0,152.16,7145600.0,29.92641046606714,-2.4390243902439046,-2.2082018927444658,0.003913102145459479,0.010774345279687353
PG,2024-04-10,147.84,149.68,147.84,149.36,149.36,7784900,Consumer Goods,148.45999999999998,150.42400000000004,151.8875,151.3434,150.23237693096308,150.96443515772114,-0.7320582267580562,-0.11341983997871725,148.8,4608100.0,148.32,9601800.0,152.5,5842700.0,32.14568487727644,0.7011866235167252,-2.0590163934426142,0.0037634408602149616,0.010854463981213943
PG,2024-04-11,149.65,149.7,147.96,148.03,148.03,8209800,Consumer Goods,148.536,149.781,151.58100000000002,151.3122,149.8935497108149,150.74706959048254,-0.8535198796676298,-0.26143984791649977,149.36,7784900.0,147.65,6801700.0,154.46,6599700.0,29.35647143890101,0.2573653911276619,-4.16289006862619,-0.008904659882163934,0.009655386203908326
PG,2024-04-12,147.44,148.15,146.98,147.54,147.54,6770500,Consumer Goods,148.39000000000001,149.124,151.288,151.27779999999998,149.5314651399203,150.50950888007642,-0.9780437401561244,-0.40476062636442467,148.03,8209800.0,148.27,5121200.0,154.11,7191500.0,28.733191790516685,-0.492345046199516,-4.263188631496995,-0.003310139836519732,0.009637770887194606
PG,2024-04-15,148.58,148.96,147.54,147.65,147.65,5754000,Consumer Goods,148.276,148.63600000000002,151.00600000000003,151.20680000000002,149.24200896454795,150.2976934074782,-1.055684442930243,-0.5349453896775884,147.54,6770500.0,148.22,5476800.0,152.53,5971900.0,32.45136186770442,-0.38456348670894425,-3.1993706156165924,0.0007455605259591991,0.009510334866771464
PG,2024-04-16,148.03,149.07,147.86,148.13,148.13,6103300,Consumer Goods,148.142,148.197,150.75600000000003,151.1662,149.07093066230982,150.13712352544277,-1.0661928631329545,-0.6411948843686617,147.65,5754000.0,148.8,4608100.0,152.52,6771200.0,33.17936874518867,-0.45026881720431344,-2.8783110411749413,0.003250931256349343,0.009688148200729399
PG,2024-04-17,148.46,149.24,147.93,149.09,149.09,6621900,Consumer Goods,148.088,148.27400000000003,150.525,151.1424,149.07386440656984,150.05955881985443,-0.9856944132845911,-0.7100947901518476,148.13,6103300.0,149.36,7784900.0,148.32,9601800.0,27.60633861551304,-0.1807712908409309,0.5191477885652773,0.006480793897252424,0.004809841786850927
PG,2024-04-18,149.46,150.69,149.1,150.37,150.37,7819300,Consumer Goods,148.55599999999998,148.546,150.35,151.13,149.27326988248217,150.08255446282817,-0.8092845803460023,-0.7299327481906787,149.09,6621900.0,148.03,8209800.0,147.65,6801700.0,35.52631578947373,1.5807606566236698,1.8421943785980277,0.008585418203769457,0.005060752225959686
PG,2024-04-19,148.16,151.22,146.76,151.18,151.18,12034200,Consumer Goods,149.28400000000002,148.83700000000002,150.222,151.1308,149.5666129774849,150.16384672484088,-0.5972337473559719,-0.7033929480237373,150.37,7819300.0,147.54,6770500.0,148.27,5121200.0,44.4444444444445,2.4671275586281682,1.9626357321103294,0.005386712775154567,0.005135679659753107
PG,2024-04-22,151.46,154.19,150.33,153.47,153.47,8926300,Consumer Goods,150.448,149.36200000000002,150.21800000000002,151.1866,150.16713405787183,150.40874696744527,-0.2416129095734334,-0.6110369403336765,151.18,12034200.0,147.65,5754000.0,148.22,5476800.0,53.29175329175323,3.9417541483237395,3.542032114424498,0.015147506283899936,0.006515903382678797
PG,2024-04-23,154.56,154.97,153.36,154.39,154.39,7707300,Consumer Goods,151.7,149.921,150.3295,151.2838,150.81680574127617,150.70365459948636,0.11315114178981389,-0.46619932390897845,153.47,8926300.0,148.13,6103300.0,148.8,4608100.0,77.21973094170393,4.226017687166661,3.7567204301075074,0.005994656936209042,0.006563433395627845
PG,2024-04-24,154.11,155.69,152.4,155.44,155.44,7217600,Consumer Goods,152.97,150.529,150.4765,151.408,151.52806639646445,151.0544949995244,0.47357139694005923,-0.2782451797391709,154.39,7707300.0,149.09,6621900.0,149.36,7784900.0,83.78143972246293,4.2591723120262825,4.070701660417764,0.006800958611309138,0.006635862205048588
PG,2024-04-25,155.8,157.09,154.95,155.4,155.4,7094600,Consumer Goods,153.976,151.266,150.52349999999998,151.5474,152.12374848931609,151.3763842588189,0.7473642304971975,-0.07312329769189724,155.44,7217600.0,150.37,7819300.0,148.03,8209800.0,82.55707762557063,3.345082130744159,4.978720529622382,-0.0002573340195572982,0.005165286198881896
PG,2024-04-26,155.35,156.13,153.43,154.19,154.19,5659800,Consumer Goods,154.57800000000003,151.93099999999998,150.5275,151.6746,152.44163333711361,151.58480023964714,0.8568330974664775,0.11286798133977771,155.4,7094600.0,151.18,12034200.0,147.54,6770500.0,74.64905037159363,1.9910041010715585,4.507252270570694,-0.007786357786357834,0.00606903478429497
PG,2024-04-29,154.08,154.67,153.35,154.54,154.54,4621000,Consumer Goods,154.792,152.61999999999998,150.628,151.7826,152.76445897755767,151.8037039255992,0.960755051958472,0.2824453954635166,154.19,5659800.0,153.47,8926300.0,147.65,5754000.0,74.15824915824902,0.6972046654069253,4.666440907551639,0.0022699267137946677,0.005984630407288649
PG,2024-04-30,154.72,156.16,154.49,156.02,156.02,8106100,Consumer Goods,155.118,153.40900000000002,150.803,151.91080000000002,153.26531144254878,152.1160221533326,1.1492892892161706,0.4558141742140474,154.54,4621000.0,154.39,7707300.0,148.13,6103300.0,76.01562499999991,1.055767860612744,5.326402484304338,0.009576808593244612,0.006159451480460265
PG,2024-05-01,156.09,157.01,155.08,156.21,156.21,7543000,Consumer Goods,155.272,154.12099999999998,151.1975,152.02380000000002,153.7183404513874,152.41927977160427,1.299060679783139,0.6244634753278657,156.02,8106100.0,155.44,7217600.0,149.09,6621900.0,85.07718696397937,0.4953679876479766,4.775638875846799,0.001217792590693545,0.006263711801898929
PG,2024-05-02,156.34,157.25,155.48,156.63,156.63,5647500,Consumer Goods,155.518,154.747,151.6465,152.1092,154.16628807425087,152.73118497370766,1.4351031005432162,0.7865914003709359,156.21,7543000.0,155.4,7094600.0,150.37,7819300.0,89.21484037963762,0.7915057915057755,4.1630644410454165,0.0026886883042058773,0.006132818405083118
PG,2024-05-03,156.34,157.46,155.02,157.22,157.22,5581500,Consumer Goods,156.12400000000002,155.351,152.094,152.2034,154.63608990898152,153.06368979047005,1.5724001185114673,0.9437531439990423,156.63,5647500.0,154.19,5659800.0,151.18,12034200.0,89.6437448218724,1.9651079836565222,3.9952374652731715,0.0037668390474365765,0.006116542896073629
PG,2024-05-06,157.53,157.72,156.07,157.2,157.2,5472400,Consumer Goods,156.656,155.724,152.543,152.2884,155.03053761529208,153.37008313932412,1.6604544759679527,1.0870934103928245,157.22,5581500.0,154.54,4621000.0,153.47,8926300.0,89.06115417743317,1.7212372201371728,2.4304424317456164,-0.00012721027859052825,0.004765276080913469
PG,2024-05-07,157.72,158.73,157.35,158.46,158.46,6433000,Consumer Goods,157.144,156.131,153.026,152.41379999999998,155.55814721293945,153.7471140178927,1.8110331950467469,1.231881367323609,157.2,5472400.0,156.02,8106100.0,154.39,7707300.0,89.33669185558348,1.563902063837963,2.636181099812185,0.00801526717557266,0.004972296376563763
PG,2024-05-08,158.67,159.05,157.67,157.8,157.8,4579400,Consumer Goods,157.462,156.36700000000002,153.448,152.5436,155.903047641718,154.0473277943451,1.8557198473728818,1.3566490633334638,158.46,6433000.0,156.21,7543000.0,155.44,7217600.0,82.90522586359607,1.017860572306506,1.5182707153885922,-0.004165088981446408,0.005152876733663208
PG,2024-05-09,157.79,159.01,157.79,158.73,158.73,4671100,Consumer Goods,157.882,156.7,153.983,152.67780000000002,156.33796338914598,154.3941924021714,1.9437709869745845,1.474073448061688,157.8,4579400.0,156.63,5647500.0,155.4,7094600.0,83.08501314636277,1.3407393219689645,2.1428571428571352,0.00589353612167276,0.005282630362032611
PG,2024-05-10,158.78,159.99,158.41,159.51,159.51,4879400,Consumer Goods,158.34,157.23200000000003,154.5815,152.84859999999998,156.82596902158505,154.77314111312168,2.052827908463371,1.5898243401420245,158.73,4671100.0,157.22,5581500.0,154.19,5659800.0,80.50505050505045,1.4565576898613264,3.4502886049678994,0.004914004914004844,0.004004369096744927
PG,2024-05-13,159.51,160.27,158.08,158.57,158.57,5725500,Consumer Goods,158.61399999999998,157.63500000000002,155.1275,153.0024,157.09428147980273,155.0543899195571,2.0398915602456213,1.6798377841627439,159.51,4879400.0,157.2,5472400.0,154.54,4621000.0,71.06854838709677,0.8715012722646298,2.607739096674,-0.005893047457839584,0.004975691446178465
PG,2024-05-14,158.24,158.76,156.73,158.46,158.46,6009800,Consumer Goods,158.61399999999998,157.879,155.64399999999998,153.1404,157.30439202137154,155.30665733292327,1.9977346884482756,1.7434171650198504,158.57,5725500.0,158.46,6433000.0,156.02,8106100.0,66.81514476614707,0.0,1.563902063837963,-0.0006936999432426427,0.004399632729675141
PG,2024-05-15,158.03,159.34,157.85,159.18,159.18,5102700,Consumer Goods,158.89000000000001,158.176,156.1485,153.2974,157.59294709500668,155.59357160455858,1.9993754904481023,1.7946088301055008,158.46,6009800.0,157.8,4579400.0,156.21,7543000.0,69.56521739130436,0.8745247148288948,1.9012867294027291,0.004543733434305253,0.00449541645634815
PG,2024-05-16,159.58,160.93,159.26,160.47,160.47,6793600,Consumer Goods,159.238,158.56,156.6535,153.4754,158.0355706188518,155.95478852273942,2.0807820961123866,1.851843483306878,159.18,5102700.0,158.73,4671100.0,156.63,5647500.0,82.23819301848056,1.0962010962010993,2.4516376173146837,0.008104033169996194,0.004908903873073517
PG,2024-05-17,160.29,160.61,159.54,160.26,160.26,4700800,Consumer Goods,159.388,158.86399999999998,157.10750000000002,153.6292,158.37779052364382,156.27369307661056,2.1040974470332685,1.9022942760521562,160.47,6793600.0,159.51,4879400.0,157.22,5581500.0,79.79166666666669,0.4701899567425283,1.9335962345757407,-0.0013086558235184675,0.0050171885388786515
PG,2024-05-20,160.18,160.49,159.45,159.95,159.95,3804600,Consumer Goods,159.66400000000002,159.139,157.4315,153.782,158.6196689046217,156.54601210797273,2.073656796648976,1.9365667801715203,160.26,4700800.0,158.57,5725500.0,157.2,5472400.0,73.3096085409252,0.8702781106135982,1.7493638676844725,-0.0019343566704106419,0.005130713591353348
PG,2024-05-21,160.38,161.12,159.93,160.94,160.94,5147100,Consumer Goods,160.16,159.387,157.759,153.93179999999998,158.97664291929527,156.87149269256736,2.1051502267279147,1.970283469482799,159.95,3804600.0,158.46,6009800.0,158.46,6433000.0,75.62296858071502,1.5650637384828858,1.5650637384828858,0.0061894341981869605,0.0049106547441353935
PG,2024-05-22,160.62,161.02,160.25,160.42,160.42,4536700,Consumer Goods,160.408,159.64899999999997,158.008,154.064,159.19869785478832,157.1343450857105,2.0643527690778285,1.989097329401805,160.94,5147100.0,159.18,5102700.0,157.8,4579400.0,70.31082529474806,0.778992335720563,1.6603295310519517,-0.003231017770597755,0.0047971219144523946
PG,2024-05-23,159.93,160.71,158.04,158.21,158.21,4729800,Consumer Goods,159.956,159.59699999999998,158.1485,154.145,159.0465904925132,157.2140232275097,1.8325672650034903,1.9577913165221423,160.42,4536700.0,160.47,6793600.0,158.73,4671100.0,54.52054794520553,-1.4083629338817127,-0.3276003276003192,-0.013776337115072756,0.006571957323373347
PG,2024-05-24,158.55,158.99,157.88,158.05,158.05,3820100,Consumer Goods,159.51399999999998,159.45100000000002,158.3415,154.238,158.8932688782804,157.27594743287935,1.6173214454010463,1.8896973422979233,158.21,4729800.0,160.26,4700800.0,159.51,4879400.0,53.83228133453573,-1.3790091101959168,-0.9153031157920988,-0.0010113140762277872,0.006310687405579373
PG,2024-05-28,157.25,157.51,155.12,155.93,155.93,6466200,Consumer Goods,158.70999999999998,159.18699999999998,158.411,154.2908,158.43738135854494,157.17624762303643,1.2611337355085084,1.7639846209400405,158.05,3820100.0,159.95,3804600.0,158.57,5725500.0,39.41422594142256,-2.5132854016880146,-1.6648798637825535,-0.013413476747864639,0.007336415894192621
PG,2024-05-29,155.49,155.58,154.32,154.54,154.54,4360400,Consumer Goods,157.43,158.795,158.33700000000002,154.319,157.83778422646108,156.98097002133002,0.8568142051310588,1.5825505377782443,155.93,6466200.0,160.94,5147100.0,158.46,6009800.0,37.14511041009454,-3.9766372561202967,-2.4738104253439475,-0.008914256397101306,0.007669941993977272
PG,2024-05-30,154.54,155.54,154.37,155.42,155.42,4748200,Consumer Goods,156.43,158.419,158.29749999999999,154.3532,157.46581742239016,156.86534261234263,0.6004748100475297,1.3861353922321016,154.54,4360400.0,160.42,4536700.0,159.18,5102700.0,36.89627870150434,-3.116818351826456,-2.3621057921849653,0.005694318623010286,0.007794551973912962
PG,2024-05-31,155.29,157.52,154.84,157.3,157.3,10341400,Consumer Goods,156.248,158.102,158.331,154.4218,157.44030704971476,156.89753945587282,0.5427675938419441,1.21746183255407,155.42,4748200.0,158.21,4729800.0,160.47,6793600.0,41.951930080116625,-0.5751848808545623,-1.9754471240730265,0.012096255308197357,0.008463583482015846
PG,2024-06-03,156.71,158.92,156.43,157.4,157.4,5828400,Consumer Goods,156.118,157.816,158.34,154.495,157.43410596514326,156.9347587554378,0.4993472097054621,1.0738389079843484,157.3,10341400.0,158.05,3820100.0,160.26,4700800.0,45.461598138091595,-0.41126225877886613,-1.7846000249594263,0.0006357279084552303,0.00850247909926038
PG,2024-06-04,157.54,159.76,157.16,159.66,159.66,6277000,Consumer Goods,156.864,157.78699999999998,158.463,154.6172,157.77655120127505,157.1366284772572,0.6399227240178504,0.987055671191049,157.4,5828400.0,155.93,6466200.0,159.95,3804600.0,53.98936170212761,2.3920990187904723,-0.18130665833072657,0.014358322744599583,0.009911082596032439
PG,2024-06-05,159.66,159.66,157.72,158.74,158.74,5243300,Consumer Goods,157.704,157.567,158.477,154.7488,157.9247740933866,157.2553967382011,0.6693773551854747,0.9235200079899342,159.66,6277000.0,154.54,4360400.0,160.94,5147100.0,48.556430446194234,2.717742979163984,-1.366969056791345,-0.0057622447701364266,0.009783181536243947
PG,2024-06-06,158.53,161.16,157.81,161.06,161.06,6302000,Consumer Goods,158.83200000000002,157.63100000000003,158.64000000000001,154.92,158.40711654055787,157.53721920203807,0.8698973385197917,0.9127954740959057,158.74,5243300.0,155.42,4748200.0,160.42,4536700.0,51.813153042409354,3.6288765924591626,0.3989527490337874,0.014615093864180473,0.010955796483895469
PG,2024-06-07,160.99,161.53,159.5,159.71,159.71,4558200,Consumer Goods,159.31400000000002,157.781,158.68900000000002,155.025,158.6075601497028,157.69816592781302,0.9093942218897837,0.9121152236546813,161.06,6302000.0,157.3,10341400.0,158.21,4729800.0,48.42044801838029,1.5321042593769763,0.9481069464635672,-0.008381969452378013,0.0102899441430854
PG,2024-06-10,159.44,160.34,158.77,159.98,159.98,4110600,Consumer Goods,159.82999999999998,157.97400000000002,158.7125,155.1424,158.8187047420562,157.86719067390095,0.9515140681552623,0.9199949925547977,159.71,4558200.0,157.4,5828400.0,158.05,3820100.0,50.08635578583765,1.639135959339244,1.2211325529895456,0.0016905641475173372,0.01026695442640718
PG,2024-06-11,159.62,160.13,158.71,160.11,160.11,3947700,Consumer Goods,159.92000000000002,158.392,158.7895,155.294,159.01736555097065,158.03332469805645,0.9840408529142053,0.9328041646266793,159.98,4110600.0,159.66,6277000.0,155.93,6466200.0,47.48637189582076,0.2818489289740711,2.680690053229018,0.000812601575197025,0.008902509796562468
PG,2024-06-12,160.13,160.26,156.99,157.91,157.91,5474500,Consumer Goods,159.754,158.729,158.762,155.4018,158.84700162005208,158.02418953523744,0.8228120848146432,0.9108057486642721,160.11,3947700.0,158.74,5243300.0,154.54,4360400.0,43.100604727872486,-0.5228675822099071,2.1806651999482396,-0.013740553369558484,0.009696582868968975
PG,2024-06-13,157.23,159.65,157.23,159.09,159.09,4902200,Consumer Goods,159.36,159.096,158.7575,155.61720000000003,158.8843859861979,158.10313845855316,0.7812475276447515,0.8848941044603681,157.91,5474500.0,161.06,6302000.0,155.42,4748200.0,52.56410256410254,-1.223146653421081,2.361343456440612,0.007472610980938654,0.009783665310917126
PG,2024-06-14,158.68,159.58,157.98,159.45,159.45,3695000,Consumer Goods,159.308,159.311,158.7065,155.8532,158.97140352678286,158.20290598014182,0.7684975466410435,0.8616147928965032,159.09,4902200.0,159.71,4558200.0,157.3,10341400.0,54.032258064516064,-0.16279506605724192,1.3668150031786341,0.0022628700735431995,0.009173709146078044
PG,2024-06-17,158.55,161.28,158.12,160.13,160.13,6759400,Consumer Goods,159.33800000000002,159.584,158.7,156.09040000000002,159.14964913804704,158.3456536853165,0.8039954527305326,0.8500909248633092,159.45,3695000.0,159.98,4110600.0,157.4,5828400.0,63.1909547738693,0.09376172021502427,1.73443456162643,0.004264659767952317,0.009211976151103871
PG,2024-06-18,159.68,161.23,159.59,161.14,161.14,5112600,Consumer Goods,159.544,159.732,158.7595,156.34879999999998,159.45585696296288,158.55264230121898,0.9032146617439025,0.8607156722394279,160.13,6759400.0,160.11,3947700.0,159.66,6277000.0,71.23552123552123,0.6433077259383913,0.9269698108480551,0.006307375257603054,0.00829464819841534
PG,2024-06-20,160.96,161.35,159.52,160.29,160.29,8483600,Consumer Goods,160.02,159.887,158.727,156.5786,159.58418666096858,158.68133546409166,0.9028511968769237,0.8691427771669271,161.14,5112600.0,157.91,5474500.0,158.74,5243300.0,65.6995486782721,1.5071876385282623,0.976439460753431,-0.0052749162219187795,0.008252126358584792
PG,2024-06-21,160.11,161.45,159.82,160.85,160.85,14682000,Consumer Goods,160.37199999999999,159.86599999999999,158.74849999999998,156.8084,159.7789271746657,158.84197728156633,0.9369498930993814,0.882704200353418,160.29,8483600.0,159.09,4902200.0,161.06,6302000.0,62.5088090204369,1.1062920359544925,-0.13038619148143527,0.003493667727244354,0.006842841511357979
PG,2024-06-24,161.33,161.95,160.11,161.04,161.04,7565200,Consumer Goods,160.69,159.99899999999997,158.89,157.0686,159.9729383785633,159.00479377922807,0.9681445993352327,0.899792280149781,160.85,14682000.0,159.45,3695000.0,159.71,4558200.0,62.74509803921566,0.99717779868298,0.8327593763696628,0.001181224743549869,0.006195907400823932
PG,2024-06-25,161.21,161.48,158.6,159.51,159.51,7968200,Consumer Goods,160.56599999999997,159.95199999999997,158.96300000000002,157.308,159.90171708955356,159.0422164622482,0.8595006273053514,0.891733949580895,161.04,7565200.0,160.13,6759400.0,159.98,4110600.0,49.44649446494463,-0.387185411852875,-0.2937867233404168,-0.009500745156482915,0.006986839533014934
PG,2024-06-26,158.74,160.42,158.37,160.08,160.08,5164000,Consumer Goods,160.35399999999998,159.949,159.1705,157.5566,159.92914522962224,159.1190893168965,0.8100559127257441,0.8753983422098649,159.51,7968200.0,161.14,5112600.0,160.11,3947700.0,55.07575757575758,-0.6578130817922134,-0.01873711823121571,0.003573443671243348,0.007088275582795911
PG,2024-06-27,160.12,160.7,158.22,159.29,159.29,5007000,Consumer Goods,160.154,160.087,159.408,157.7798,159.83081519429572,159.13174936749675,0.6990658267989716,0.8401318391276862,160.08,5164000.0,160.29,8483600.0,157.91,5474500.0,42.41645244215937,-0.6238692370079235,0.8739155214995797,-0.0049350324837582615,0.005576947291452446
PG,2024-06-28,158.69,159.88,157.34,157.66,157.66,9253100,Consumer Goods,159.51600000000002,159.94400000000002,159.51999999999998,157.9512,159.49684362594255,159.02273089583034,0.47411273011221056,0.7669280173245911,159.29,5007000.0,160.85,14682000.0,159.09,4902200.0,41.422594142259406,-1.9832141746969234,-0.8988622792130307,-0.010232908531608964,0.006043974544345506
PG,2024-07-01,158.3,158.89,155.06,155.56,155.56,7638600,Consumer Goods,158.42,159.555,159.433,158.055,158.89117537579753,158.76623231095402,0.12494306484350659,0.6385310268283744,157.66,9253100.0,161.04,7565200.0,159.45,3695000.0,33.96226415094351,-3.4028812717337265,-2.4396362496080237,-0.013319802105797196,0.00706452494220118
PG,2024-07-02,155.42,156.82,154.59,156.69,156.69,5449200,Consumer Goods,157.856,159.211,159.39749999999998,158.1652,158.55253301029023,158.61243732495743,-0.05990431466719315,0.49884395852926083,155.56,7638600.0,159.51,7968200.0,160.13,6759400.0,38.430311231393745,-1.7679142373518864,-2.1482545431836586,0.007264078169195054,0.0074349807468904044
PG,2024-07-03,156.03,156.98,155.81,156.62,156.62,2980500,Consumer Goods,157.16400000000002,158.759,159.2455,158.2282,158.25522023947633,158.46484937496058,-0.20962913548424922,0.3571493397265589,156.69,5449200.0,160.08,5164000.0,161.14,5112600.0,44.90118577075102,-2.161419290354827,-2.8050142733027084,-0.00044674197459948495,0.0068669797366157255
PG,2024-07-05,156.79,158.34,156.3,157.94,157.94,6509200,Consumer Goods,156.894,158.524,159.20549999999997,158.2992,158.20672481801844,158.42597164348203,-0.21924682546358554,0.24187010668853,156.62,2980500.0,159.29,5007000.0,160.29,8483600.0,45.50430023455822,-0.8475108293050426,-1.4660927069686136,0.008428042395607127,0.007645675740077564
PG,2024-07-08,158.65,159.33,158.33,159.19,159.19,5144500,Consumer Goods,157.2,158.358,159.112,158.3742,158.3579979229387,158.48256633655743,-0.12456841361873217,0.16858240262707758,157.94,6509200.0,157.66,9253100.0,160.85,14682000.0,49.04970760233921,0.9704427248509395,-1.0320174075225341,0.007914397872609946,0.008078781592473177
PG,2024-07-09,159.3,159.42,157.87,158.37,158.37,4393100,Consumer Goods,157.762,158.091,159.045,158.43359999999998,158.35984439633273,158.47422808940505,-0.11438369307231255,0.11198918348719955,159.19,5144500.0,155.56,7638600.0,161.04,7565200.0,43.632416787264866,1.8063769606582625,-1.6579731743666115,-0.005151077328977904,0.008136137028988834
PG,2024-07-10,158.6,159.57,158.25,159.46,159.46,5037100,Consumer Goods,158.316,158.086,159.01899999999998,158.539,158.52909910458922,158.5472482309306,-0.018149126341370447,0.08596152152148556,158.37,4393100.0,156.69,5449200.0,159.51,7968200.0,43.95683453237418,1.7678218137724189,-0.03134599711616115,0.00688261665719514,0.008026300861428338
PG,2024-07-11,158.98,159.3,157.53,158.25,158.25,5831500,Consumer Goods,158.642,157.903,158.926,158.6132,158.48616078080624,158.52522984345427,-0.03906906264802501,0.06095540468758345,159.46,5037100.0,156.62,2980500.0,160.08,5164000.0,42.847124824684464,1.0407355382454408,-1.1431784107946097,-0.0075881098708140415,0.008246845369853055
PG,2024-07-12,158.9,160.26,158.71,159.28,159.28,4684600,Consumer Goods,158.91,157.902,158.9945,158.6784,158.60828989145145,158.58113874393914,0.0271511475123134,0.05419455325252945,158.25,5831500.0,157.94,6509200.0,159.29,5007000.0,44.670739986422305,0.8484234519437805,-0.006277857994851921,0.00650868878357036,0.00844988678856403
PG,2024-07-15,159.14,159.29,157.22,157.34,157.34,5752500,Consumer Goods,158.54000000000002,157.87,158.907,158.701,158.41316836968969,158.48920254068437,-0.07603417099468857,0.028148808403085847,159.28,4684600.0,159.19,5144500.0,157.66,9253100.0,38.77427184466024,-1.1621332998303924,-0.2029684130407161,-0.012179809141135145,0.008730295230334232
PG,2024-07-16,157.65,159.72,157.37,159.6,159.6,6378300,Consumer Goods,158.786,158.274,158.9145,158.7604,158.5957578512759,158.57148383396702,0.024274017308869134,0.02737385018424251,157.34,5752500.0,158.37,4393100.0,155.56,7638600.0,50.26147588611274,0.7766622466376161,2.5970686551812783,0.014363798144146456,0.008482467565583749
PG,2024-07-17,160.37,162.68,159.97,161.98,161.98,7982300,Consumer Goods,159.29,158.80300000000003,159.007,158.85559999999998,159.11641048954112,158.82396651293243,0.2924439766086948,0.08038787546913298,159.6,6378300.0,159.46,5037100.0,156.69,5449200.0,54.99474237644579,1.5803336259877065,3.37609292233072,0.014912280701754321,0.009259024013673046
PG,2024-07-18,161.37,163.4,160.87,161.03,161.03,5926300,Consumer Goods,159.846,159.244,159.0015,158.93220000000002,159.41080887576558,158.98737640086335,0.4234324749022278,0.14899679535575194,161.98,7982300.0,158.25,5831500.0,156.62,2980500.0,54.53597497393121,1.7567140600315945,2.815732345805122,-0.005864921595258643,0.009656809523405481
PG,2024-07-19,161.54,162.57,160.74,161.53,161.53,6597100,Consumer Goods,160.296,159.603,159.0635,158.99360000000001,159.73683827949395,159.1757188896883,0.5611193898056399,0.23142131424572954,161.03,5926300.0,159.28,4684600.0,157.94,6509200.0,60.72022160664824,1.4126067302862921,2.273015069013562,0.003105011488542475,0.00945815895946361
PG,2024-07-22,161.5,162.24,161.28,161.81,161.81,6383000,Consumer Goods,161.19,159.865,159.1115,159.0738,160.0557862364949,159.37085082378547,0.6849354127094216,0.32212413393846795,161.53,6597100.0,157.34,5752500.0,159.19,5144500.0,69.25446703635248,2.8409813143510876,1.6458320246246716,0.0017334241317401577,0.009249444275745745
PG,2024-07-23,161.68,161.98,159.96,160.24,160.24,4863400,Consumer Goods,161.31799999999998,160.052,159.07150000000001,159.10399999999998,160.08412681549567,159.4352322442458,0.6488945712498548,0.3874782214007454,161.81,6383000.0,159.6,6378300.0,158.37,4393100.0,60.647870425914874,0.4010025062656686,1.180779187977521,-0.009702737778876425,0.009722426652573366
PG,2024-07-24,159.96,161.84,159.24,161.57,161.57,5907000,Consumer Goods,161.23600000000002,160.26299999999998,159.1745,159.14520000000002,160.31272269003478,159.5933631891165,0.7193595009182729,0.45385447730425094,160.24,4863400.0,161.98,7982300.0,159.46,5037100.0,63.8036809815951,-0.2531176688480019,1.323215853505566,0.00830004992511224,0.00982400475079353
PG,2024-07-25,161.88,163.58,160.49,160.51,160.51,7338300,Consumer Goods,161.132,160.48899999999998,159.196,159.184,160.34307304541403,159.66126221214492,0.6818108332691111,0.499445748497223,161.57,5907000.0,161.03,5926300.0,158.25,5831500.0,57.27221279003962,-0.3229211948084232,1.4281200631911517,-0.006560623878195226,0.009724906149230526
PG,2024-07-26,160.85,162.84,160.64,162.64,162.64,5581600,Consumer Goods,161.35399999999998,160.825,159.3635,159.2676,160.69644642304263,159.88190945568974,0.8145369673528933,0.5624639922683571,160.51,7338300.0,161.53,6597100.0,159.28,4684600.0,59.29919137466306,0.6871788522255784,2.1094927172275124,0.013270201233567924,0.010330986207750125
PG,2024-07-29,162.39,164.01,161.68,163.43,163.43,6797800,Consumer Goods,161.678,161.43400000000003,159.652,159.3526,161.11699312718991,160.1447309774905,0.9722621496994179,0.6444236237545693,162.64,5581600.0,161.81,6383000.0,157.34,5752500.0,63.66090712742982,1.0011742166738724,3.870598703444772,0.004857353664535324,0.009030464206514916
PG,2024-07-30,155.6,156.17,151.99,155.51,155.51,15746300,Consumer Goods,160.732,161.025,159.64950000000002,159.2534,160.25437879992992,159.80141757175045,0.4529612281794755,0.6061311446395505,163.43,6797800.0,160.24,4863400.0,159.6,6378300.0,42.20907297830371,-2.9518222666001126,-2.562656641604011,-0.048461114850394726,0.0181477783200087
PG,2024-07-31,154.66,156.63,153.12,154.61,154.61,9660900,Consumer Goods,159.33999999999997,160.28799999999998,159.5455,159.1404,159.38601283070992,159.41686812199117,-0.03085529128125586,0.47873385745538927,155.51,15746300.0,161.57,5907000.0,161.98,7982300.0,42.731629392971264,-4.307730395494202,-4.549944437584874,-0.005787409169828117,0.01709868952149558
PG,2024-08-01,154.72,159.95,154.53,159.35,159.35,12532700,Consumer Goods,159.108,160.11999999999998,159.682,159.1284,159.3804723952161,159.4119149277696,-0.03144253255351259,0.3766985794536089,154.61,9660900.0,160.51,7338300.0,161.03,5926300.0,50.121739130434776,-0.7226964052084006,-1.0432838601502903,0.03065778410193376,0.020365853011256235
PG,2024-08-02,161.03,163.83,158.83,163.57,163.57,11899000,Consumer Goods,159.294,160.324,159.9635,159.181,160.0250151036444,159.7199212294163,0.3050938742281062,0.3623776384085084,159.35,12532700.0,162.64,5581600.0,161.53,6597100.0,60.03867225265872,0.571815051647806,1.2629232959821657,0.02648258550360838,0.02213619577064029
PG,2024-08-05,164.34,164.34,160.29,161.63,161.63,10338800,Consumer Goods,158.93400000000003,160.30599999999998,160.0855,159.2052,160.27193585692987,159.86140854575584,0.41052731117403596,0.3720075729616139,163.57,11899000.0,163.43,6797800.0,161.81,6383000.0,53.30511234125693,-1.101388973872608,-0.1112415796304389,-0.01186036559271264,0.022532677444306246
PG,2024-08-06,161.48,163.81,161.43,161.66,161.66,7454900,Consumer Goods,160.16400000000002,160.448,160.25,159.2742,160.485484186633,159.99463754236652,0.49084664426646896,0.395775387222585,161.63,10338800.0,155.51,15746300.0,160.24,4863400.0,49.43582510578281,3.954729599382678,0.8861707438841737,0.00018560910722009716,0.022269168073391677
PG,2024-08-07,162.12,165.15,161.58,163.51,163.51,8385500,Consumer Goods,161.94400000000002,160.642,160.45250000000001,159.3834,160.95079431176637,160.25503476145047,0.6957595503158984,0.4557722198412477,161.66,7454900.0,154.61,9660900.0,161.57,5907000.0,54.23786739576212,5.756419377789257,1.2007179550659108,0.01144377087714954,0.02240375548991942
PG,2024-08-08,162.94,165.0,162.53,164.33,164.33,6386900,Consumer Goods,162.94,161.024,160.75650000000002,159.5514,161.47067210995618,160.55688403838008,0.9137880715761071,0.5473753901882197,163.51,8385500.0,159.35,12532700.0,160.51,7338300.0,54.73292765382017,3.1251961091936176,2.3799140240483574,0.0050149837930402175,0.0222439107338632
PG,2024-08-09,163.61,164.71,163.16,164.01,164.01,5377300,Consumer Goods,163.02800000000002,161.161,160.993,159.7408,161.8613379391937,160.81267040590745,1.048667533286249,0.6476338188078256,164.33,6386900.0,163.57,11899000.0,162.64,5581600.0,53.71370695476027,0.26899798251514007,0.842351205115599,-0.0019473011622954672,0.021949925947624654
PG,2024-08-12,162.92,163.16,159.84,160.43,160.43,7208100,Consumer Goods,162.78799999999998,160.861,161.14749999999998,159.84099999999998,161.64113210239466,160.78432444991432,0.8568076524803416,0.6894685855423288,164.01,5377300.0,161.63,10338800.0,163.43,6797800.0,50.300347771103375,-0.7424364288807661,-1.8356482897876725,-0.02182793732089494,0.023032212403969354
PG,2024-08-13,160.94,161.38,160.09,160.89,160.89,3770000,Consumer Goods,162.634,161.39899999999997,161.212,159.91279999999998,161.52557331741085,160.7921522684392,0.7334210489716497,0.698259078228193,160.43,7208100.0,161.66,7454900.0,155.51,15746300.0,48.89466840052014,-0.47630830137326274,3.4595845926306934,0.0028672941469798374,0.016110375205802455
PG,2024-08-14,160.13,162.99,159.48,162.34,162.34,5476600,Consumer Goods,162.4,162.172,161.23,160.0116,161.65086973011688,160.90680765596224,0.7440620741546411,0.7074196774134827,160.89,3770000.0,163.51,8385500.0,154.61,9660900.0,52.93739967897274,-0.7155525655923145,4.999676605652925,0.009012368699111262,0.01583753182379949
PG,2024-08-15,162.98,163.19,160.37,161.49,161.49,9491400,Consumer Goods,161.83200000000002,162.386,161.253,160.0482,161.62612054086813,160.9500070888539,0.6761134520142207,0.7011584323336303,162.34,5476600.0,164.33,6386900.0,159.35,12532700.0,48.07499163039843,-1.7282297815371495,1.342955757765929,-0.0052359246026857376,0.013229889790645044
PG,2024-08-16,161.4,161.91,160.42,161.47,161.47,5640800,Consumer Goods,161.324,162.176,161.25,160.1028,161.6021019961192,160.98852508227213,0.613576913847055,0.6836421286363152,161.49,9491400.0,164.01,5377300.0,163.57,11899000.0,46.632302405498265,-1.54868605572831,-1.2838540074585736,-0.00012384667781295544,0.009879183852846592
PG,2024-08-19,161.74,162.76,161.74,161.98,161.98,3885300,Consumer Goods,161.634,162.211,161.2585,160.1212,161.66024015056237,161.0619676687705,0.5982724817918665,0.6665681992674255,161.47,5640800.0,160.43,7208100.0,161.63,10338800.0,64.91470723835872,0.9661534625693413,0.2165439584235651,0.0031584814516627535,0.00920505099647812
PG,2024-08-20,162.31,164.03,161.68,163.89,163.89,4513600,Consumer Goods,162.23399999999998,162.434,161.44099999999997,160.2048,162.00328012739894,161.27145154515787,0.7318285822410644,0.6796202758621532,161.98,3885300.0,160.89,3770000.0,161.66,7454900.0,70.44052863436119,1.8646280067126542,1.3794383273536992,0.011791579207309555,0.009900732139305096
PG,2024-08-21,163.68,165.31,163.11,163.65,163.65,4082000,Consumer Goods,162.496,162.448,161.54500000000002,160.2782,162.25662164626064,161.44764031959065,0.8089813266699935,0.7054924860237213,163.89,4513600.0,162.34,5476600.0,163.51,8385500.0,61.81318681318685,0.8069483799433286,0.08562167451533487,-0.0014643968515466455,0.009269316334175907
PG,2024-08-22,164.34,164.69,162.67,163.64,163.64,4097300,Consumer Goods,162.926,162.379,161.70149999999998,160.34879999999998,162.46944908529747,161.6100373329543,0.8594117523431635,0.7362763392876097,163.65,4082000.0,161.49,9491400.0,164.33,6386900.0,50.25017869907074,1.3313517864883107,-0.4198868131199629,-6.110601894293577e-05,0.009109355886926716
PG,2024-08-23,163.54,163.6,161.81,162.7,162.7,4771300,Consumer Goods,163.17199999999997,162.248,161.7045,160.44459999999998,162.50491845679016,161.69077530829105,0.8141431484991131,0.7518497011299103,163.64,4097300.0,161.47,5640800.0,164.01,5377300.0,54.11855273287141,0.7617514089304445,-0.7987317846472775,-0.005744316792960169,0.009259695397337307
PG,2024-08-26,162.25,164.43,162.25,163.83,163.83,6472400,Consumer Goods,163.542,162.588,161.7245,160.5394,162.7087771557455,161.8492363965658,0.8595407591797084,0.77338791273987,162.7,4771300.0,161.98,3885300.0,160.43,7208100.0,57.7004968062456,1.1421163106556609,2.119304369506958,0.006945298094652941,0.0058172288590343825
PG,2024-08-27,164.29,164.55,162.61,162.77,162.77,4456400,Consumer Goods,163.318,162.77599999999998,162.0875,160.6058,162.71819605486158,161.9174411079313,0.800754946930283,0.7788613195779527,163.83,6472400.0,163.89,4513600.0,160.89,3770000.0,47.218045112782036,-0.6833851973884753,1.1685002175399584,-0.00647012146737469,0.006402885307098187
PG,2024-08-28,162.94,164.65,162.13,162.59,162.59,5644800,Consumer Goods,163.10600000000002,162.801,162.48649999999998,160.655,162.69847358488286,161.96726028512157,0.7312132997612935,0.7693317156146209,162.77,4456400.0,163.65,4082000.0,162.34,5476600.0,43.12796208530804,-0.6477238007943753,0.15399778243192497,-0.0011058548872643348,0.0057987543697985795
PG,2024-08-29,163.25,164.07,162.48,163.52,163.52,4413200,Consumer Goods,163.08200000000002,163.004,162.695,160.7026,162.82486226413164,162.08227804177923,0.7425842223524057,0.7639822169621779,162.59,5644800.0,163.64,4097300.0,161.49,9491400.0,48.153730218538136,-0.07333170373989839,1.257043779800604,0.005719908973491616,0.0056982139371764325
PG,2024-08-30,163.65,165.3,163.2,164.98,164.98,7301600,Consumer Goods,163.538,163.355,162.7655,160.7964,163.1564219158037,162.29692411275857,0.8594978030451159,0.7830853341787656,163.52,4413200.0,162.7,4771300.0,161.47,5640800.0,70.4035874439461,1.401352181929938,2.1737784108503133,0.008928571428571397,0.006153964431909622
PG,2024-09-03,164.49,168.3,164.45,167.84,167.84,10101400,Consumer Goods,164.34,163.94099999999997,163.076,160.9362,163.87697239029544,162.7075223266283,1.169450063667142,0.860358280076441,164.98,7301600.0,163.83,6472400.0,161.98,3885300.0,75.64575645756456,2.447659158884208,3.617730584022727,0.017335434598133137,0.007815666342889932
PG,2024-09-04,166.99,169.27,166.99,169.17,169.17,7517500,Consumer Goods,165.62,164.469,163.4515,161.09879999999998,164.69128433024997,163.18622437650768,1.5050599537422897,0.9892986148096108,167.84,10101400.0,162.77,4456400.0,163.89,4513600.0,75.428145941921,3.931928488050618,3.2216730734028864,0.007924213536701474,0.007451817656808089
PG,2024-09-05,169.26,169.79,167.99,168.76,168.76,6061900,Consumer Goods,166.85399999999998,164.98,163.714,161.28379999999999,165.3172405871346,163.59909664491454,1.7181439422200526,1.1350676802916992,169.17,7517500.0,162.59,5644800.0,163.65,4082000.0,77.98306389530399,3.794821329725062,3.122517567980432,-0.0024235975645799934,0.007524360337151365
PG,2024-09-06,169.03,170.27,168.63,168.87,168.87,5785700,Consumer Goods,167.924,165.503,163.941,161.4596,165.86381895834464,163.98953393047643,1.8742850278682113,1.2829111498070016,168.76,6061900.0,163.52,4413200.0,163.64,4097300.0,78.2874617737003,3.271771037181992,3.1960400879980533,0.0006518132258830356,0.007494348113827445
PG,2024-09-09,168.82,170.07,167.98,169.32,169.32,6450200,Consumer Goods,168.79199999999997,166.16500000000002,164.20649999999998,161.6602,166.39553911859932,164.38438326895965,2.011155849639664,1.4285600897735342,168.87,5785700.0,164.98,7301600.0,162.7,4771300.0,78.1874039938556,2.630621893562868,4.068838352796567,0.0026647717178893693,0.006824002080532619
PG,2024-09-10,169.18,171.13,169.18,170.99,170.99,6396300,Consumer Goods,169.42199999999997,166.88100000000003,164.7345,161.92680000000001,167.10237925419943,164.87368821199968,2.228691042199756,1.5885862802587787,169.32,6450200.0,167.84,10101400.0,163.83,6472400.0,77.7777777777778,1.8767874165872334,4.370383934566324,0.009862981337113164,0.007022598954486862
PG,2024-09-11,169.84,170.23,166.99,167.27,167.27,6828200,Consumer Goods,169.042,167.331,165.0535,162.16099999999997,167.12816706124568,165.05119278888859,2.0769742723570914,1.6862638786784414,170.99,6396300.0,169.17,7517500.0,162.77,4456400.0,61.131611316113144,-1.1231305787077983,2.764637218160604,-0.021755658225627195,0.01045444352882636
PG,2024-09-12,167.25,167.93,165.84,166.83,166.83,4838900,Consumer Goods,168.656,167.755,165.278,162.3638,167.08229520566942,165.18295628600796,1.89933891966146,1.7288788868750453,167.27,6828200.0,168.76,6061900.0,162.59,5644800.0,59.5566207309767,-1.1436359326854606,2.6077864567316533,-0.002630477670831577,0.010528270124885912
PG,2024-09-13,166.74,167.86,166.19,167.42,167.42,3918000,Consumer Goods,168.36599999999999,168.145,165.5745,162.5798,167.1342497894126,165.34866322778515,1.78558656162744,1.7402204218255244,166.83,4838900.0,168.87,5785700.0,163.52,4413200.0,64.44308445532435,-0.8586486646532943,2.385029354207413,0.003536534196487251,0.010479547153716864
PG,2024-09-16,168.03,170.53,167.65,170.46,170.46,6892300,Consumer Goods,168.594,168.693,166.024,162.8302,167.64590366796452,165.72728076646774,1.918622901496775,1.7759009177597747,167.42,3918000.0,169.32,6450200.0,164.98,7301600.0,68.16438356164383,0.6732813607370769,3.321614741180756,0.01815792617369505,0.011476475822789262
PG,2024-09-17,169.87,170.2,168.65,169.15,169.15,4757100,Consumer Goods,168.22600000000003,168.824,166.3825,163.0294,167.87730310366229,165.98081552450716,1.8964875791551208,1.800018250038844,170.46,6892300.0,170.99,6396300.0,167.84,10101400.0,67.24324324324323,-1.0760863208374771,0.7805052430886583,-0.0076850874105361955,0.010791367851251756
PG,2024-09-18,168.35,169.17,165.97,167.27,167.27,5102900,Consumer Goods,168.22600000000003,168.634,166.5515,163.2074,167.783871856945,166.07631067083997,1.707561186105039,1.781526837252083,169.15,4757100.0,167.27,6828200.0,169.17,7517500.0,61.584158415841614,0.0,-1.1231305787077983,-0.011114395506946484,0.011076448767063643
PG,2024-09-19,166.27,166.53,163.86,164.98,164.98,8692000,Consumer Goods,167.856,168.256,166.618,163.3178,167.35250695587655,165.99510247299997,1.357404482876575,1.6967023663769816,167.27,5102900.0,166.83,4838900.0,168.76,6061900.0,53.385899814471195,-1.1089132650003108,-2.2398672671249065,-0.013690440605010012,0.011779734385164681
PG,2024-09-20,164.95,167.86,164.94,167.55,167.55,28647500,Consumer Goods,167.882,168.12400000000002,166.8135,163.5038,167.38289050112633,166.11028006759256,1.272610433533771,1.6118839798083395,164.98,8692000.0,167.42,3918000.0,168.87,5785700.0,55.66828407587124,0.0776490264006835,-0.7816663705809135,0.015577645775245674,0.013057561243805216
PG,2024-09-23,167.35,168.49,165.99,167.12,167.12,10265000,Consumer Goods,167.214,167.904,167.03449999999998,163.6606,167.34244580864535,166.18507413665978,1.1573716719855724,1.520981518243786,167.55,28647500.0,170.46,6892300.0,169.32,6450200.0,48.221343873517796,-1.95940396573977,-1.2993149066855558,-0.0025663980901223793,0.013012151017099778
PG,2024-09-24,166.27,167.82,166.02,166.61,166.61,5422400,Consumer Goods,166.70600000000002,167.46599999999998,167.1735,163.84600000000003,167.22976183808453,166.21655012653684,1.013211711547683,1.4194275569045656,167.12,10265000.0,169.15,4757100.0,170.99,6396300.0,43.40885684860976,-1.5016257759385088,-2.5615533072109398,-0.0030516993776926737,0.012415989182407758
PG,2024-09-25,167.41,168.0,165.48,165.67,165.67,8916500,Consumer Goods,166.386,167.30599999999998,167.3185,163.96740000000003,166.9897984783792,166.17606493197857,0.8137335464006412,1.2982887548037807,166.61,5422400.0,167.27,5102900.0,167.27,6828200.0,42.25563909774438,-0.9565373348478623,-0.9565373348478623,-0.005641918252205946,0.010547525855166448
PG,2024-09-26,164.94,167.93,164.8,166.58,166.58,4957200,Consumer Goods,166.70600000000002,167.281,167.518,164.0594,166.92675255862858,166.2059860481283,0.7207665105002832,1.1827843059430814,165.67,8916500.0,164.98,8692000.0,166.83,4838900.0,44.481927710843415,0.9698145229724897,-0.14985314391895432,0.005492847226414188,0.010711902962242925
PG,2024-09-27,166.39,167.77,165.98,166.91,166.91,4599500,Consumer Goods,166.578,167.23,167.68750000000003,164.17700000000002,166.9241752419165,166.2581352297484,0.6660400121680823,1.0794354471880816,166.58,4957200.0,167.55,28647500.0,167.42,3918000.0,44.15899175957347,-0.38197552969263526,-0.30462310357185496,0.001981030135670414,0.010664441448807715
PG,2024-09-30,167.08,167.34,166.1,166.57,166.57,6296600,Consumer Goods,166.46800000000002,166.84099999999998,167.767,164.27779999999998,166.8696867431601,166.2812363238411,0.5884504193189741,0.9812384416142602,166.91,4599500.0,167.12,10265000.0,170.46,6892300.0,38.549222797927456,-0.32910483484921427,-2.2820603074034995,-0.002037025942124515,0.008478517761545026
PG,2024-10-01,166.61,167.34,165.61,166.42,166.42,7130600,Consumer Goods,166.43,166.568,167.696,164.37,166.8005041672893,166.2915151146677,0.5089890526215868,0.8867885638157256,166.57,6296600.0,166.61,5422400.0,169.15,4757100.0,47.29815638906541,-0.11403877318290068,-1.613952113508732,-0.0009005223029356912,0.008266160789629634
PG,2024-10-02,165.43,165.85,164.53,165.34,165.34,6212700,Consumer Goods,166.364,166.375,167.5045,164.472,166.57581121847556,166.2210325135812,0.3547787048943576,0.780386592031452,166.42,7130600.0,165.67,8916500.0,167.27,5102900.0,45.448992058643846,-0.19919116315566532,-1.1538231601602278,-0.006489604614829836,0.007790057290981086
PG,2024-10-03,164.81,164.81,163.27,163.61,163.61,4794300,Consumer Goods,165.77,166.238,167.247,164.5128,166.1195325694793,166.02762269776036,0.09190987171893994,0.6426912479689496,165.34,6212700.0,166.58,4957200.0,164.98,8692000.0,39.12050256996014,-1.7829271221034948,-0.8304036852951779,-0.010463287770654306,0.007260899171281322
PG,2024-10-04,162.39,163.58,161.82,162.42,162.42,6002800,Consumer Goods,164.872,165.725,166.9245,164.551,165.55037371263631,165.76039138681514,-0.21001767417882888,0.4721494635393939,163.61,4794300.0,166.91,4599500.0,167.55,28647500.0,24.32950191570889,-2.690072494158535,-3.061772605192492,-0.007273394046818815,0.004660642693777582
PG,2024-10-07,162.69,163.09,160.48,160.73,160.73,6325300,Consumer Goods,163.704,165.08599999999998,166.495,164.51280000000003,164.8087777568461,165.3877698026066,-0.5789920457605149,0.26192116167941215,162.42,6002800.0,166.57,6296600.0,167.12,10265000.0,23.753117206982623,-3.5060334994296727,-3.823599808520828,-0.01040512252185688,0.005190892305857531
PG,2024-10-08,160.47,162.14,159.91,161.73,161.73,7473000,Consumer Goods,162.766,164.598,166.03199999999998,164.4788,164.33511964040824,165.1168238913024,-0.7817042508941654,0.05319607916469665,160.73,6325300.0,166.42,7130600.0,166.61,5422400.0,31.72823218997364,-2.8181708929215232,-2.928995858591932,0.006221613886642219,0.006103226754006284
PG,2024-10-09,161.94,163.31,161.57,162.79,162.79,8758800,Consumer Goods,162.256,164.31,165.808,164.62439999999998,164.09740892649927,164.94446656602076,-0.8470576395214948,-0.12685466457254166,161.73,7473000.0,165.34,6212700.0,165.67,8916500.0,42.13926776740851,-1.5422765211080214,-1.7383956057222205,0.006554133432263631,0.0066956841601827355
PG,2024-10-10,162.34,163.29,161.93,162.49,162.49,6932300,Consumer Goods,162.03199999999998,163.901,165.591,164.782,163.8501152454994,164.762654227797,-0.9125389822975762,-0.2839915281175486,162.79,8758800.0,163.61,4794300.0,166.58,4957200.0,28.301886792452876,-0.6845547338182323,-2.4552767439068313,-0.0018428650408500724,0.006199670804993411
PG,2024-10-11,162.98,164.85,162.5,164.54,164.54,7036500,Consumer Goods,162.456,163.664,165.447,164.8858,163.95625136157642,164.74616132203425,-0.7899099604578339,-0.38517521458560566,162.49,6932300.0,162.42,6002800.0,166.91,4599500.0,40.286144578313205,1.3052579731560154,-1.4199269067161957,0.012616160994522563,0.007762428209296178
PG,2024-10-14,164.48,166.23,164.21,165.91,165.91,5909000,Consumer Goods,163.492,163.598,165.21949999999998,164.9326,164.25682807518004,164.83237159447614,-0.5755435192961045,-0.42324887552770546,164.54,7036500.0,160.73,6325300.0,166.57,6296600.0,47.52475247524747,3.2227959932806582,-0.39622981329170415,0.008326242858879285,0.008338619417372285
PG,2024-10-15,166.27,168.22,166.21,166.93,166.93,7172200,Consumer Goods,164.532,163.649,165.1085,165.0386,164.6680852943831,164.9877514763668,-0.3196661819837061,-0.40253233681890566,165.91,5909000.0,161.73,7473000.0,166.42,7130600.0,54.43037974683551,3.215235268657657,0.3064535512558697,0.006147911518293192,0.008582706915721815
PG,2024-10-16,165.3,165.99,164.35,165.78,165.78,6117000,Consumer Goods,165.13,163.693,165.034,165.12099999999998,164.83914909524725,165.0464365521915,-0.20728745694424333,-0.36348336084397326,166.93,7172200.0,162.79,8758800.0,165.34,6212700.0,47.23374827109263,1.836722157380688,0.26611830168137285,-0.006889115197987183,0.008618879228442303
PG,2024-10-17,165.59,167.03,165.19,165.69,165.69,7045600,Consumer Goods,165.76999999999998,163.901,165.0695,165.16459999999998,164.97004923443995,165.09410791869584,-0.12405868425588551,-0.3155984255263557,165.78,6117000.0,162.49,6932300.0,163.61,4794300.0,45.710267229254576,1.9693519601206244,1.271315934233841,-0.0005428881650380024,0.007771755823519438
PG,2024-10-18,164.75,166.59,162.97,165.69,165.69,8372500,Consumer Goods,166.0,164.228,164.97650000000002,165.1918,165.08081089067997,165.13824807286653,-0.05743718218656113,-0.2639661768583968,165.69,7045600.0,164.54,7036500.0,162.42,6002800.0,46.82997118155622,0.6989181961833069,2.013298854820844,0.0,0.007200504700819817
PG,2024-10-21,165.4,165.89,162.96,164.01,164.01,5522500,Consumer Goods,165.62,164.55599999999998,164.82099999999997,165.1918,164.9160707536523,165.05467414154307,-0.13860338789078241,-0.23889361906487394,165.69,8372500.0,165.91,5909000.0,160.73,6325300.0,42.18040233614537,-1.1451992043879256,2.0406893548186478,-0.010139416983523497,0.007149878347320415
PG,2024-10-22,163.07,165.16,163.07,164.17,164.17,7511400,Consumer Goods,165.06799999999998,164.8,164.699,165.2666,164.8012906377058,164.989142723651,-0.18785208594522373,-0.22868531244094392,164.01,5522500.0,166.93,7172200.0,161.73,7473000.0,45.962732919254606,-1.6533876475169351,1.5086873183701277,0.0009755502713248987,0.007000287367283488
PG,2024-10-23,164.02,164.62,163.23,164.05,164.05,4837800,Consumer Goods,164.722,164.926,164.618,165.3298,164.68570746267412,164.91957659597318,-0.23386913329906633,-0.22972207661256844,164.17,7511400.0,165.78,6117000.0,162.79,8758800.0,51.70807453416148,-1.0435516950174861,0.7740033171570904,-0.000730949625388222,0.006794291437552662
PG,2024-10-24,163.9,164.42,163.42,164.09,164.09,5861200,Consumer Goods,164.402,165.086,164.49349999999998,165.3648,164.59406016072427,164.85812647775293,-0.26406631702866434,-0.23659092469578763,164.05,4837800.0,165.69,7045600.0,162.49,6932300.0,57.11849957374263,-0.9656587603355637,0.9846759800603122,0.0002438281011885035,0.006736169797605115
PG,2024-10-25,163.41,163.88,162.56,162.73,162.73,4877900,Consumer Goods,163.81,164.90500000000003,164.28449999999998,165.3896,164.30728167445898,164.70048747940086,-0.3932058049418856,-0.26791390074500726,164.09,5861200.0,165.69,8372500.0,164.54,7036500.0,58.77192982456142,-1.786468706620803,-1.100036465297194,-0.008288134560302307,0.005925929478288163
PG,2024-10-28,163.76,164.13,162.89,163.78,163.78,5753800,Consumer Goods,163.76399999999998,164.692,164.145,165.43579999999997,164.2261614168499,164.63230322166746,-0.40614180481756534,-0.2955594815595189,162.73,4877900.0,164.01,5522500.0,165.91,5909000.0,58.95196506550224,-0.14023535150294864,-1.2838285817611927,0.006452405825600804,0.005616661978731319
PG,2024-10-29,163.35,163.35,161.39,161.72,161.72,5681000,Consumer Goods,163.274,164.171,163.91,165.43060000000003,163.8405981219499,164.41657705709952,-0.5759789351496067,-0.35164337227753645,163.78,5753800.0,164.17,7511400.0,166.93,7172200.0,45.70281124497994,-1.4923554851678067,-3.121068711435937,-0.012577848333129804,0.0059761884053330175
PG,2024-10-30,161.64,161.86,160.55,160.74,160.74,5518100,Consumer Goods,162.612,163.667,163.68,165.36759999999998,163.36358302626533,164.14423801583288,-0.7806549895675516,-0.4374456957355395,161.72,5681000.0,164.05,4837800.0,165.78,6117000.0,43.33587204874333,-2.017677537336182,-3.0401737242128024,-0.00605985654217156,0.005924060143481088
PG,2024-10-31,160.35,161.59,159.71,159.79,159.79,6056500,Consumer Goods,161.752,163.077,163.489,165.2904,162.8138010222245,163.82170186651194,-1.007900844287434,-0.5515367254459185,160.74,5518100.0,164.09,5861200.0,165.69,7045600.0,30.257689110556996,-2.6205131330367504,-3.5608666787374066,-0.005910165484633634,0.005913120699580075
PG,2024-11-01,159.92,160.93,159.61,159.72,159.72,5454800,Consumer Goods,161.15,162.48,163.35399999999998,165.21200000000002,162.33783163418997,163.51787209862218,-1.18004046443221,-0.6772374732431768,159.79,6056500.0,162.73,4877900.0,165.69,8372500.0,21.155638397017768,-1.8496896700055276,-3.603114249502082,-0.00043807497340253576,0.005885014077269936
PG,2024-11-04,160.32,160.85,159.21,159.7,159.7,5130200,Consumer Goods,160.334,162.04899999999998,163.3025,165.15200000000002,161.93201138277612,163.2350667579835,-1.3030553752073786,-0.8024010536360172,159.72,5454800.0,163.78,5753800.0,164.01,5522500.0,12.846865364850956,-2.4911466601538756,-2.627888543381507,-0.0001252191334836228,0.005496755555188943
PG,2024-11-05,158.97,160.9,158.97,160.35,160.35,4397400,Consumer Goods,160.06,161.667,163.2335,165.0824,161.6886250161952,163.02135810924398,-1.3327330930487733,-0.9084674615185684,159.7,5130200.0,161.72,5681000.0,164.17,7511400.0,20.585048754062854,-0.8471432104872667,-2.326856307486136,0.004070131496556106,0.005801925896178597
PG,2024-11-06,160.21,160.63,154.6,155.8,155.8,11473700,Consumer Goods,159.072,160.842,162.88400000000001,164.94299999999998,160.78268270601131,162.48644269374444,-1.7037599877331218,-1.0675259667614792,160.35,4397400.0,160.74,5518100.0,164.05,4837800.0,13.878743608473386,-3.0732860520094496,-5.0289545870161545,-0.028375428749610077,0.010011069247306152
PG,2024-11-07,156.68,158.6,156.21,158.08,158.08,9056700,Consumer Goods,158.73,160.24099999999999,162.6635,164.8528,160.36688536662496,162.16003953124485,-1.7931541646198923,-1.2126516063331618,155.8,11473700.0,159.79,6056500.0,164.09,5861200.0,26.17407639323737,-1.0701545778834642,-3.662624169662987,0.014634146341463428,0.011748236471914189
PG,2024-11-08,158.67,162.28,158.58,162.24,162.24,7506200,Consumer Goods,159.234,160.19199999999998,162.5485,164.8272,160.65505684868265,162.1659625289304,-1.5109056802477596,-1.2723024211160814,158.08,9056700.0,159.72,5454800.0,162.73,4877900.0,45.203252032520375,1.577761081893314,-0.301112271861359,0.026315789473684292,0.014906000247593826
PG,2024-11-11,161.55,163.02,160.37,160.62,160.62,6364400,Consumer Goods,159.418,159.876,162.284,164.74,160.64966348734686,162.05144678604668,-1.4017832986998258,-1.2981985966328302,162.24,7506200.0,159.7,5130200.0,163.78,5753800.0,41.08488196885991,0.576080150281788,-1.929417511295639,-0.009985207100591698,0.014996775331955054
PG,2024-11-12,160.72,161.61,160.17,160.43,160.43,6507500,Consumer Goods,159.434,159.747,161.959,164.5918,160.6158691046781,161.9313396167099,-1.3154705120317942,-1.301652979712623,160.62,6364400.0,160.35,4397400.0,161.72,5681000.0,40.94094094094093,0.04989086373559104,-0.7976749938164662,-0.0011829161997259918,0.014515865865757411
PG,2024-11-13,160.65,161.36,160.28,161.15,161.15,5412300,Consumer Goods,160.504,159.78799999999998,161.72750000000002,164.4314,160.69804308857377,161.87346260806473,-1.1754195194909585,-1.2764062876682902,160.43,6507500.0,155.8,11473700.0,160.74,5518100.0,42.884801548886756,3.433889602053908,0.255070299863136,0.004487938664838209,0.014466720922906786
PG,2024-11-14,161.27,162.56,161.08,161.63,161.63,7444300,Consumer Goods,161.214,159.972,161.5245,164.2888,160.84142107494705,161.8554283408007,-1.0140072658536496,-1.223926483305362,161.15,5412300.0,158.08,9056700.0,159.79,6056500.0,47.21941354903945,2.245698380566785,1.1515113586582304,0.0029785913744957426,0.014311646225106958
PG,2024-11-15,162.46,165.01,161.44,164.01,164.01,9939400,Consumer Goods,161.56799999999998,160.401,161.4405,164.1916,161.32889475572443,162.0150262414821,-0.6861314857576701,-1.1163674837958237,161.63,7444300.0,162.24,7506200.0,159.72,5454800.0,50.5447655139744,1.0909763313609266,2.685950413223126,0.014724989172802072,0.01490528434178733
PG,2024-11-18,163.6,165.86,163.32,165.18,165.18,6681000,Consumer Goods,162.48,160.949,161.499,164.1088,161.921372485613,162.24946874211307,-0.3280962565000607,-0.9587132383366711,164.01,9939400.0,160.62,6364400.0,159.7,5130200.0,58.55588526211674,2.838998879342558,3.4314339386349424,0.007133711359063488,0.014926211791841624
PG,2024-11-19,165.12,165.59,164.13,165.19,165.19,5683700,Consumer Goods,163.43200000000002,161.433,161.55,163.9928,162.42423825705714,162.46728587232693,-0.043047615269784956,-0.7755801137232939,165.18,6681000.0,160.43,6507500.0,160.35,4397400.0,61.55844155844152,2.9670261173097234,3.018397256002503,6.0540016951105e-05,0.014962413482971719
PG,2024-11-20,164.47,165.49,163.98,165.32,165.32,7081100,Consumer Goods,164.266,162.385,161.6135,163.9538,162.86974006366373,162.67859802993232,0.1911420337314098,-0.5822356842323533,165.19,5683700.0,161.15,5412300.0,155.8,11473700.0,65.002712967987,2.5876512565932375,6.110397946084722,0.0007869725770324187,0.010250634270483672
PG,2024-11-21,166.06,167.85,164.67,167.12,167.12,6240400,Consumer Goods,165.364,163.28900000000002,161.76500000000001,163.9596,163.52362620771547,163.00759076845586,0.5160354392596105,-0.36258145953396054,165.32,7081100.0,161.63,7444300.0,158.08,9056700.0,68.35317460317462,3.3966466621295544,5.718623481781382,0.010887974836680359,0.00996430246733865
PG,2024-11-22,168.47,171.62,168.21,170.53,170.53,10609800,Consumer Goods,166.66799999999998,164.118,162.15500000000003,164.0218,164.60152986806693,163.56480626708876,1.0367236009781777,-0.0827204474315329,167.12,6240400.0,164.01,9939400.0,162.24,7506200.0,72.99363057324845,3.975367355649051,5.109714003944776,0.02040449976065095,0.0086946166092061
PG,2024-11-25,171.69,172.99,171.13,171.61,171.61,19357000,Consumer Goods,167.954,165.217,162.54649999999998,164.0448,165.6797560422105,164.1607465436007,1.5190094986097904,0.23762554177673179,170.53,10609800.0,165.18,6681000.0,160.62,6364400.0,73.4778982485405,3.8927230899624687,6.842236334204954,0.0063331965050139605,0.006912063141196083
PG,2024-11-26,171.42,173.61,171.42,173.46,173.46,6276700,Consumer Goods,169.608,166.51999999999998,163.1335,164.13099999999997,166.8767166511012,164.84958013296364,2.027136518137553,0.595527737048896,171.61,19357000.0,165.19,5683700.0,160.43,6507500.0,91.49436090225564,5.006356316968352,8.121922333728104,0.010780257560748074,0.006421369755260484
PG,2024-11-27,174.13,174.55,172.9,173.51,173.51,5522900,Consumer Goods,171.246,167.756,163.772,164.25580000000002,167.897221781701,165.49109271570708,2.406129065993923,0.9576480028379015,173.46,6276700.0,165.32,7081100.0,161.15,5412300.0,90.49868766404197,4.95402855068956,7.669872789326715,0.00028825089357775724,0.006792846242076848
PG,2024-11-29,172.87,173.77,172.47,173.41,173.41,3823700,Consumer Goods,172.504,168.934,164.453,164.4244,168.74534150759314,166.07767844046953,2.6676630671236126,1.2996510156950438,173.51,5522900.0,167.12,6240400.0,161.63,7444300.0,87.25817211474318,3.7637625658209606,7.288250943512953,-0.0005763356578871726,0.00713647608669204
PG,2024-12-02,173.28,174.29,172.21,173.84,173.84,5728200,Consumer Goods,173.166,169.917,165.15900000000002,164.55020000000002,169.5291351218096,166.65266522265696,2.8764698991526245,1.6150147923865599,173.41,3823700.0,170.53,10609800.0,164.01,9939400.0,97.89855072463773,1.941007447369958,5.993536979452485,0.0024796724525690816,0.00671767909271292
PG,2024-12-03,172.94,173.76,169.49,169.7,169.7,8127300,Consumer Goods,172.78400000000002,170.369,165.659,164.6018,169.55542202614657,166.87839372468238,2.6770283014641905,1.827417494202086,173.84,5728200.0,171.61,19357000.0,165.18,6681000.0,76.11267605633797,-1.1129887535691552,2.7364087661944536,-0.023815002300966448,0.011494996267472354
PG,2024-12-04,168.49,169.44,167.8,169.4,169.4,6823500,Consumer Goods,171.972,170.79000000000002,166.1115,164.65759999999997,169.53151094520095,167.06517937470593,2.466331570495015,1.9552003094606718,169.7,8127300.0,173.46,6276700.0,165.19,5683700.0,73.80265435660706,-2.3405972558514954,2.5485804225437336,-0.001767825574543247,0.011557129885915536
PG,2024-12-05,169.16,170.71,168.76,170.29,170.29,5022200,Consumer Goods,171.328,171.28699999999998,166.836,164.75,169.64820156901618,167.30405497657955,2.34414659243663,2.0329895660558632,169.4,6823500.0,173.51,5522900.0,165.32,7081100.0,74.40811724915447,-1.8558008183966357,3.0062908299056446,0.005253837072018763,0.011566440662375145
PG,2024-12-06,169.65,170.98,168.08,168.15,168.15,5741200,Consumer Goods,170.276,171.39000000000001,167.3395,164.7814,169.41770901993675,167.36671757090699,2.050991449029766,2.036589942650644,170.29,5022200.0,173.41,3823700.0,167.12,6240400.0,61.828571428571486,-3.033273744305398,0.6163235998085215,-0.012566797815491193,0.012158193390509504
PG,2024-12-09,167.98,168.09,164.87,165.22,165.22,7164300,Consumer Goods,168.552,170.859,167.4885,164.74760000000003,168.77190763225417,167.2077014545435,1.5642061777106733,1.9421131896626498,168.15,5741200.0,173.84,5728200.0,170.53,10609800.0,50.103842159916894,-4.958582604693973,-3.1138216149651066,-0.017424918227772812,0.011185927360300727
PG,2024-12-10,164.86,167.29,164.39,166.66,166.66,6219900,Consumer Goods,167.944,170.36399999999998,167.7905,164.74939999999998,168.4469987657535,167.16713097642918,1.279867789324328,1.8096641095949855,165.22,7164300.0,169.7,8127300.0,171.61,19357000.0,53.55244079265346,-1.7913965822038858,-2.8844472932812892,0.008715651858128615,0.011431870779367748
PG,2024-12-11,167.37,167.74,164.84,165.07,165.07,5237500,Consumer Goods,167.078,169.52499999999998,168.02249999999998,164.7224,167.9274604940991,167.01178794113812,0.9156725529609844,1.6308657982681853,166.66,6219900.0,169.4,6823500.0,173.46,6276700.0,49.435665914221225,-2.5560802833530127,-4.836849994234993,-0.009540381615264604,0.010505723792126768
PG,2024-12-12,165.84,166.22,164.48,165.28,165.28,4072800,Consumer Goods,166.076,168.702,168.22899999999998,164.72119999999998,167.5201588796223,166.88350735290567,0.6366515267166335,1.432022943957875,165.07,5237500.0,170.29,5022200.0,173.51,5522900.0,45.52529182879376,-2.94204004932761,-4.743242464411268,0.0012721875567940355,0.010564111932939883
PG,2024-12-13,165.2,166.19,164.57,165.48,165.48,3884500,Consumer Goods,165.542,167.909,168.4215,164.7586,167.20628828275733,166.77954384528303,0.4267444374742979,1.2309672426611598,165.28,4072800.0,168.15,5741200.0,173.41,3823700.0,35.446685878962484,-1.5878679750223057,-4.572977336947126,0.001210067763794731,0.010658099939827546
PG,2024-12-16,165.86,167.15,165.52,165.56,165.56,5943600,Consumer Goods,165.60999999999999,167.08100000000002,168.499,164.82139999999998,166.95301316233312,166.68920726415095,0.26380589818217004,1.0375349737653619,165.48,3884500.0,165.22,7164300.0,173.84,5728200.0,31.498470948012155,0.2057862244280395,-4.763000460193279,0.0004834421078077078,0.010528288411258245
PG,2024-12-17,165.1,166.34,164.48,164.78,164.78,6069200,Consumer Goods,165.234,166.589,168.47899999999998,164.90240000000003,166.6187034450511,166.54778450384347,0.07091894120762277,0.8442117672538141,165.56,5943600.0,166.66,6219900.0,169.7,8127300.0,21.596858638743385,-1.128045121804866,-2.8992339422510227,-0.0047112829185793625,0.008166549645287595
PG,2024-12-18,164.22,165.0,163.51,163.57,163.57,7517100,Consumer Goods,164.934,166.006,168.398,164.93919999999997,166.14967214581247,166.32720787392915,-0.1775357281166805,0.6398622681797151,164.78,6069200.0,165.07,5237500.0,169.4,6823500.0,19.768856447688563,-0.9087053977100634,-3.4415584415584455,-0.00734312416555416,0.00826975190649247
PG,2024-12-19,163.5,164.55,161.89,163.67,163.67,8585200,Consumer Goods,164.612,165.344,168.3155,164.95680000000002,165.7681841233798,166.13037766104551,-0.3621935376657177,0.4394511070106286,163.57,7517100.0,165.28,4072800.0,170.29,5022200.0,20.377128953771248,-0.974104549854804,-3.8874860532033595,0.0006113590511707123,0.007845318974103186
PG,2024-12-20,163.36,164.33,162.04,162.58,162.58,21999300,Consumer Goods,164.03199999999998,164.78699999999998,168.0885,164.95860000000002,165.27769425824445,165.8673867231903,-0.5896924649458413,0.23362239261933465,163.67,8585200.0,165.48,3884500.0,168.15,5741200.0,17.076023391812825,-1.7524776408024967,-3.3125185845970795,-0.0066597421641105825,0.0073280422152971125
PG,2024-12-23,162.58,163.18,160.94,162.63,162.63,6983900,Consumer Goods,163.446,164.52800000000002,167.6935,164.9204,164.870356680053,165.62758029925027,-0.7572236191972763,0.03545319025601246,162.58,21999300.0,165.56,5943600.0,165.22,7164300.0,22.828593389700117,-1.7697511476202021,-1.5676068272606258,0.0003075409029400511,0.005443961211459641
PG,2024-12-24,162.15,163.66,161.96,163.43,163.43,2460800,Consumer Goods,163.17600000000002,164.20499999999998,167.2845,164.87080000000003,164.64876334466024,165.46479657337989,-0.8160332287196468,-0.13484409353911941,162.63,6983900.0,164.78,6069200.0,166.66,6219900.0,27.90525536639521,-0.8192741837601658,-1.9380775231009228,0.004919141609789124,0.004733311182847838
PG,2024-12-26,162.82,164.75,162.59,164.61,164.61,3629400,Consumer Goods,163.38400000000001,164.15900000000002,166.842,164.8244,164.64279975317405,165.40147830868509,-0.7586785555110396,-0.25961098593350346,163.43,2460800.0,163.57,7517100.0,165.07,5237500.0,29.420289855072525,0.6358134132175897,-0.27866965529773635,0.0072202166064982976,0.004712399430314958
PG,2024-12-27,163.9,165.19,163.74,164.0,164.0,4367900,Consumer Goods,163.45,164.031,166.3665,164.7888,164.54390748345494,165.29766510063433,-0.7537576171793887,-0.3584403121826805,164.61,3629400.0,163.67,8585200.0,165.28,4072800.0,33.08883455582722,0.20162522148226003,-0.7744433688286589,-0.003705728692060095,0.004793723474188796
PG,2024-12-30,163.17,163.47,161.27,161.64,161.64,4354500,Consumer Goods,163.262,163.647,165.778,164.70780000000002,164.0971524860003,165.02672694503178,-0.9295744590314712,-0.4726671415524387,164.0,4367900.0,162.58,21999300.0,165.48,3884500.0,34.70085470085466,-0.5781768975273827,-2.3205221174764312,-0.014390243902439148,0.0063610880012109836
PG,2024-12-31,161.9,162.6,161.16,162.18,162.18,3957600,Consumer Goods,163.172,163.309,165.195,164.6376,163.80220594969256,164.81585828243684,-1.0136523327442717,-0.5808641797908054,161.64,4354500.0,162.63,6983900.0,165.56,5943600.0,29.25925925925938,-0.2767017155506313,-2.0415559313843867,0.0033407572383075124,0.006562338042957263
