Ticker,Date,Open,High,Low,Close,Adj Close,Volume,Sector,SMA_5,SMA_10,SMA_20,SMA_50,EMA_12,EMA_26,MACD,MACD_signal,Close_lag_1,Volume_lag_1,Close_lag_5,Volume_lag_5,Close_lag_10,Volume_lag_10,RSI_14,ROC_5,ROC_10,Daily_Return,Volatility_10
XOM,2019-03-14,58.62,58.7,58.29,58.36,58.36,9976700,Energy,58.03000000000001,58.028,57.402,54.28979999999999,57.7627419035018,56.61523809062662,1.147503812875179,1.2513089974234834,58.55,10260200.0,58.15,16541700.0,57.33,14597900.0,63.00884955752213,0.3611349957007848,1.7966160823303712,-0.003245089666951251,0.00933385902354737
XOM,2019-03-15,58.17,58.44,58.11,58.15,58.15,25316400,Energy,58.196000000000005,58.03900000000001,57.543000000000006,54.452799999999996,57.82232007219383,56.728924157987606,1.0933959142062264,1.219726380780032,58.36,9976700.0,57.32,16211300.0,58.04,15419400.0,60.344827586206875,1.4480111653872862,0.18952446588560434,-0.0035983550376971207,0.008668864700402203
XOM,2019-03-18,58.36,58.94,58.36,58.82,58.82,9840600,Energy,58.384,58.095000000000006,57.665,54.6446,57.975809291856315,56.88381866480334,1.0919906270529722,1.1941792300346201,58.15,25316400.0,57.88,11060900.0,58.26,18089900.0,63.83647798742138,1.6240497581202495,0.9612083762444268,0.011521926053310372,0.00934107138239909
XOM,2019-03-19,59.18,59.49,58.5,58.67,58.67,13936500,Energy,58.510000000000005,58.144999999999996,57.76099999999999,54.797,58.082607862339955,57.01612839333643,1.066479469003525,1.1686392778284012,58.82,9840600.0,58.04,11320000.0,58.17,13745500.0,58.614864864864906,1.0854583046175037,0.8595495960116883,-0.002550153009180489,0.009376802114002502
XOM,2019-03-20,58.58,59.43,58.44,58.99,58.99,13133600,Energy,58.598,58.29299999999999,57.862,54.950599999999994,58.22220665274919,57.162341104941135,1.0598655478080587,1.1468845318243326,58.67,13936500.0,58.55,10260200.0,57.51,18633600.0,64.02027027027032,0.7514944491887388,2.573465484263604,0.005454235554797959,0.008393182668359757
XOM,2019-03-21,58.62,59.41,58.62,59.33,59.33,10117000,Energy,58.79200000000001,58.411,58.00600000000001,55.10339999999999,58.392636398480086,57.32290843050105,1.0697279679790341,1.1314532190552729,58.99,13133600.0,58.36,9976700.0,58.15,16541700.0,61.62162162162163,1.6620973269362516,2.0292347377472097,0.0057636887608067955,0.00794527301379073
XOM,2019-03-22,58.93,59.08,58.25,58.38,58.38,12497700,Energy,58.838,58.516999999999996,58.080499999999994,55.2318,58.39069233717546,57.4012115097232,0.9894808274522617,1.1030587407346706,59.33,10117000.0,58.15,25316400.0,57.32,16211300.0,50.95541401273889,0.3955288048151484,1.849267271458488,-0.016012135513230996,0.008350604888981332
XOM,2019-03-25,58.04,58.36,57.74,57.98,57.98,11320400,Energy,58.67,58.527,58.13199999999999,55.3574,58.32750890068693,57.44408473122518,0.8834241694617475,1.059131826480086,58.38,12497700.0,58.82,9840600.0,57.88,11060900.0,48.5584218512898,-1.4280856851411117,0.1727712508638568,-0.006851661527920605,0.0082561722829995
XOM,2019-03-26,58.28,58.96,58.17,58.73,58.73,9472800,Energy,58.681999999999995,58.596000000000004,58.2155,55.5028,58.38943060827356,57.53933771409739,0.8500928941761643,1.0173240400193015,57.98,11320400.0,58.67,13936500.0,58.04,11320000.0,59.13173652694611,0.10226691665244925,1.1888352860096374,0.012935494998275177,0.00918139631256532
XOM,2019-03-27,58.74,58.99,57.91,58.28,58.28,7258700,Energy,58.54,58.569,58.24699999999999,55.640600000000006,58.37259513007763,57.594201587127216,0.7783935429504112,0.9695379406055236,58.73,9472800.0,58.99,13133600.0,58.55,10260200.0,51.00154083204932,-1.2035938294626236,-0.46114432109307657,-0.007662182870764478,0.009148613105134668
XOM,2019-03-28,58.06,58.61,58.05,58.57,58.57,7412300,Energy,58.388,58.59000000000001,58.30899999999999,55.7836,58.40296511006568,57.66648295104372,0.7364821590219606,0.922926784288811,58.28,7258700.0,59.33,10117000.0,58.36,9976700.0,60.50420168067229,-1.280970841058482,0.35983550376970097,0.004975978037062401,0.009235942320546635
XOM,2019-03-29,59.0,59.11,58.38,58.62,58.62,10889200,Energy,58.436,58.636999999999986,58.338,55.92799999999999,58.4363550931325,57.737113843558994,0.6992412495735039,0.8781896773457497,58.57,7412300.0,58.38,12497700.0,58.15,25316400.0,56.801470588235276,0.41109969167523186,0.8082545141874453,0.0008536793580331548,0.009128595010193979
XOM,2019-04-01,58.93,59.33,58.82,59.29,59.29,10816400,Energy,58.698,58.684000000000005,58.3895,56.0788,58.56768507880442,57.85214244773981,0.7155426310646149,0.8456602680895229,58.62,10889200.0,57.98,11320400.0,58.82,9840600.0,60.50420168067229,2.259399793032091,0.799047942876574,0.011429546229955623,0.009116626123518698
XOM,2019-04-02,59.31,59.45,58.84,59.04,59.04,7646000,Energy,58.760000000000005,58.721000000000004,58.43299999999999,56.2122,58.64034891283451,57.94013189605538,0.7002170167791348,0.8165716178274454,59.29,10816400.0,58.73,9472800.0,58.67,13936500.0,54.305799648506174,0.5278392644304519,0.6306459860235147,-0.004216562658121092,0.009200197319942146
XOM,2019-04-03,59.32,59.32,58.48,58.69,58.69,8562900,Energy,58.842,58.69100000000001,58.492,56.354400000000005,58.647987541629206,57.99567768153276,0.6523098600964445,0.7837192662812452,59.04,7646000.0,58.28,7258700.0,58.99,13133600.0,52.82051282051281,0.7035003431709042,-0.5085607730123787,-0.00592818428184283,0.009246114756491711
XOM,2019-04-04,58.85,59.55,58.6,59.52,59.52,9360600,Energy,59.032,58.71,58.560500000000005,56.52160000000001,58.78214330445548,58.10859044586367,0.6735528585918118,0.7616859847433586,58.69,8562900.0,58.57,7412300.0,59.33,10117000.0,60.587326120556455,1.6219907802629274,0.3202427102646288,0.014142102572840543,0.010203873469735572
XOM,2019-04-05,59.6,59.87,59.45,59.84,59.84,10059100,Energy,59.275999999999996,58.855999999999995,58.6865,56.6938,58.944890488385404,58.23684300542932,0.7080474829560828,0.7509582843859035,59.52,9360600.0,58.62,10889200.0,58.38,12497700.0,58.333333333333364,2.0812009553053734,2.500856457690981,0.005376344086021501,0.008486321274022865
XOM,2019-04-08,59.97,60.36,59.92,60.21,60.21,9108200,Energy,59.46,59.07899999999999,58.803,56.8688,59.13952272094149,58.38300278280493,0.756519938136563,0.7520706151360355,59.84,10059100.0,59.29,10816400.0,57.98,11320400.0,62.14511041009464,1.5516950581885736,3.8461538461538547,0.006183155080213831,0.007867923856992495
XOM,2019-04-09,59.86,59.91,59.3,59.44,59.44,8561600,Energy,59.54,59.15,58.873000000000005,57.0354,59.1857499946428,58.461298872967525,0.7244511216752727,0.746546716443883,60.21,9108200.0,59.04,7646000.0,58.73,9472800.0,53.313696612665645,0.6775067750677488,1.2089221862761734,-0.012788573326689923,0.00871237022376227
XOM,2019-04-10,59.43,59.55,59.06,59.17,59.17,10324300,Energy,59.636,59.239,58.90400000000001,57.1926,59.18332691854391,58.51379525274771,0.6695316657961996,0.7311437063143464,59.44,8561600.0,58.69,8562900.0,58.28,7258700.0,48.80952380952384,0.8178565343329502,1.527110501029516,-0.004542395693135859,0.008408885096272542
XOM,2019-04-11,59.15,59.54,58.78,59.45,59.45,9115100,Energy,59.622,59.327,58.9585,57.3442,59.224353546460236,58.58314375254418,0.6412097939160546,0.7131569238346882,59.17,10324300.0,59.52,9360600.0,58.57,7412300.0,58.84297520661157,-0.11760752688172449,1.5024756701383035,0.00473212776744969,0.00839818813258628
XOM,2019-04-12,60.07,60.07,58.46,58.7,58.7,16638700,Energy,59.394000000000005,59.335,58.98599999999999,57.4666,59.143683770081736,58.59179977087424,0.5518839992074973,0.6809023389092501,59.45,9115100.0,59.84,10059100.0,58.62,10889200.0,55.62500000000004,-1.9050802139037426,0.13647219379051556,-0.012615643397813292,0.009522530787314007
XOM,2019-04-15,58.68,58.81,58.41,58.51,58.51,8536100,Energy,59.053999999999995,59.25699999999999,58.970499999999994,57.547399999999996,59.04619395929993,58.58574052858726,0.4604534307126684,0.6368125572699338,58.7,16638700.0,60.21,9108200.0,59.29,10816400.0,48.116438356164394,-2.823451253944531,-1.3155675493337848,-0.00323679727427606,0.008689949537038142
XOM,2019-04-16,58.62,59.02,58.54,58.91,58.91,7005700,Energy,58.948,59.24400000000001,58.9825,57.65200000000001,59.02524104248455,58.60975974869191,0.4154812937926451,0.5925463045744761,58.51,8536100.0,59.44,8561600.0,59.04,7646000.0,55.440414507771976,-0.8916554508748287,-0.22018970189702225,0.0068364382156895775,0.008974544454292327
XOM,2019-04-17,59.16,59.27,58.82,59.07,59.07,8311400,Energy,58.928,59.282,58.9865,57.748599999999996,59.03212703594847,58.64385161915918,0.38827541678929123,0.5516921270174391,58.91,7005700.0,59.17,10324300.0,58.69,8562900.0,54.41696113074204,-0.16900456312320955,0.6474697563469078,0.002716007469020676,0.008773867032722309
XOM,2019-04-18,59.17,59.36,58.81,58.86,58.86,9493900,Energy,58.81,59.215999999999994,58.963,57.8458,59.00564595349486,58.659862610332574,0.34578334316228876,0.510510370246409,59.07,8311400.0,59.45,9115100.0,59.52,9360600.0,52.061855670103114,-0.9924306139613148,-1.1088709677419373,-0.003555104113763363,0.00744032004550233
XOM,2019-04-22,59.39,60.37,59.23,60.14,60.14,10770600,Energy,59.098,59.245999999999995,59.051,57.977,59.1801619606495,58.76950241697461,0.410659543674889,0.49054020493210504,58.86,9493900.0,58.7,16638700.0,59.84,10059100.0,56.60964230171073,2.45315161839863,0.50133689839571,0.021746517159361156,0.010279979005361962
XOM,2019-04-23,60.35,60.57,59.98,60.49,60.49,10595100,Energy,59.49400000000001,59.274,59.1765,58.1134,59.381675505164964,58.8969466823839,0.4847288227810651,0.48937792850189704,60.14,10770600.0,58.51,8536100.0,60.21,9108200.0,61.10260336906585,3.384036916766364,0.46503903006145375,0.0058197539075490745,0.010258463256101667
XOM,2019-04-24,60.22,60.27,59.29,59.31,59.31,11684000,Energy,59.574,59.261,59.20550000000001,58.2244,59.37064850437035,58.927543224429535,0.4431052799408164,0.4801233987896809,60.49,10595100.0,58.91,7005700.0,59.44,8561600.0,54.21195652173915,0.6790018672551357,-0.21870794078061584,-0.019507356587865732,0.011384538697815832
XOM,2019-04-25,59.23,60.1,59.05,59.65,59.65,11135000,Energy,59.69,59.309000000000005,59.274,58.3234,59.413625657544145,58.98105854113846,0.4325671164056857,0.4706121423128819,59.31,11684000.0,59.07,8311400.0,59.17,10324300.0,50.94614264919938,0.9818858980870093,0.8112219029913659,0.005732591468555093,0.011408780528437568
XOM,2019-04-26,58.23,58.49,57.72,58.39,58.39,18053500,Energy,59.596000000000004,59.202999999999996,59.265,58.384800000000006,59.256144787152735,58.937276426980056,0.3188683601726794,0.44026338588484143,59.65,11135000.0,58.86,9493900.0,59.45,9115100.0,40.71702944942379,-0.7985049269452871,-1.783010933557616,-0.021123218776194386,0.013221260216360461
XOM,2019-04-29,58.12,58.31,57.79,58.01,58.01,10023700,Energy,59.17,59.134,59.234500000000004,58.438399999999994,59.064430204513855,58.86858928424079,0.19584092027306355,0.3913788927624859,58.39,18053500.0,60.14,10770600.0,58.7,16638700.0,35.93350383631713,-3.5417359494512857,-1.1754684838160223,-0.006507963692413132,0.012796173741508312
XOM,2019-04-30,58.3,58.42,57.99,58.24,58.24,13721500,Energy,58.71999999999999,59.107000000000006,59.182,58.47560000000001,58.9375947884348,58.82202711503777,0.115567673397031,0.3362166488893949,58.01,10023700.0,60.49,10595100.0,58.51,8536100.0,41.758241758241795,-3.719623078194745,-0.4614595795590426,0.003964833649370947,0.012865513016195117
XOM,2019-05-01,57.99,58.23,57.04,57.07,57.07,13909800,Energy,58.272000000000006,58.923,59.0835,58.482000000000006,58.650272513290986,58.692247328738674,-0.041974815447687774,0.2605783560219784,58.24,13721500.0,59.31,11684000.0,58.91,7005700.0,37.1638141809291,-3.7767661439892075,-3.1234085893736108,-0.0200892857142857,0.013956897827616803
XOM,2019-05-02,56.79,56.95,56.03,56.07,56.07,15360400,Energy,57.556000000000004,58.623000000000005,58.9525,58.464,58.25330751124622,58.498006785869144,-0.24469927462292418,0.15952282989299787,57.07,13909800.0,59.65,11135000.0,59.07,8311400.0,31.011235955056193,-6.001676445934612,-5.078720162519046,-0.01752234098475558,0.014480524675085201
XOM,2019-05-03,56.43,56.74,56.18,56.2,56.2,12180700,Energy,57.117999999999995,58.357000000000006,58.786500000000004,58.459,57.93741404797757,58.32778406098995,-0.3903700130123795,0.04954426131192241,56.07,15360400.0,58.39,18053500.0,58.86,9493900.0,34.9033816425121,-3.750642233259116,-4.5191980971797445,0.002318530408418118,0.014668246594405852
XOM,2019-05-06,55.8,56.34,55.65,55.95,55.95,13367100,Energy,56.706,57.938,58.592,58.440200000000004,57.631658040596406,58.15165190832403,-0.5199938677276208,-0.06436336449598623,56.2,12180700.0,58.01,10023700.0,60.14,10770600.0,34.652278177458086,-3.551111877262536,-6.967076820751572,-0.004448398576512469,0.011440876673951815
XOM,2019-05-07,55.5,55.71,54.97,55.66,55.66,13498800,Energy,56.19,57.455000000000005,58.36450000000001,58.41439999999999,57.3283260343508,57.967085100300025,-0.6387590659492233,-0.17924250478663364,55.95,13367100.0,58.24,13721500.0,60.49,10595100.0,30.255164034021917,-4.429945054945062,-7.984790874524728,-0.0051831992850760455,0.01055089265617101
XOM,2019-05-08,55.53,56.07,55.44,55.74,55.74,11352900,Energy,55.924,57.098,58.179500000000004,58.388000000000005,57.083968182912216,57.80211583361113,-0.7181476506989171,-0.2870235339690903,55.66,13498800.0,57.07,13909800.0,59.31,11684000.0,29.570552147239326,-2.330471350972485,-6.019221041982803,0.0014372978799856995,0.010135623149924371
XOM,2019-05-09,55.39,55.77,55.11,55.69,55.69,13221600,Energy,55.848,56.702,58.0055,58.348800000000004,56.86951153938726,57.6456628088992,-0.7761512695119421,-0.3848490810776607,55.74,11352900.0,56.07,15360400.0,59.65,11135000.0,30.16270337922407,-0.677724273229896,-6.638725901089693,-0.0008970218873340929,0.009467399476643714
XOM,2019-05-10,55.9,56.35,55.16,56.18,56.18,11056000,Energy,55.843999999999994,56.480999999999995,57.842,58.3258,56.76343284101999,57.53709519342519,-0.7736623524051964,-0.4626117353431679,55.69,13221600.0,56.2,12180700.0,58.39,18053500.0,22.500000000000085,-0.0355871886121073,-3.784894673745509,0.008798707128748529,0.00916285731636414
XOM,2019-05-13,55.51,55.94,55.3,55.55,55.55,12176100,Energy,55.763999999999996,56.235,57.6845,58.276,56.57675086547846,57.389902956875176,-0.8131520913967165,-0.5327198065538776,56.18,11056000.0,55.95,13367100.0,58.01,10023700.0,16.978609625668525,-0.71492403932083,-4.24064816410964,-0.011213955144179444,0.009433506186685247
XOM,2019-05-14,55.86,56.35,55.59,55.63,55.63,10548400,Energy,55.758,55.974000000000004,57.54050000000001,58.22339999999999,56.431096886174075,57.25953977488442,-0.8284428887103488,-0.591864422985172,55.55,12176100.0,55.66,13498800.0,58.24,13721500.0,21.159874608150602,-0.05389867049945263,-4.481456043956045,0.001440144014401623,0.009219587375493209
XOM,2019-05-15,55.45,56.17,55.19,56.04,56.04,8918000,Energy,55.818,55.871,57.397000000000006,58.1808,56.370928134454985,57.16920349526336,-0.7982753608083755,-0.6331466105498127,55.63,10548400.0,55.74,11352900.0,57.07,13909800.0,22.01550387596913,0.5382131324004336,-1.804801121429822,0.007370124033794667,0.008092889010031187
XOM,2019-05-16,56.06,56.46,55.93,56.03,56.03,8105200,Energy,55.886,55.867,57.245000000000005,58.151199999999996,56.31847765223114,57.084818051169776,-0.7663403989386381,-0.6597853682275778,56.04,8918000.0,55.69,13221600.0,56.07,15360400.0,27.307692307692463,0.6105225354641863,-0.07133939718209081,-0.00017844396859378886,0.005911040012866382
XOM,2019-05-17,55.51,55.99,55.47,55.7,55.7,9279400,Energy,55.79,55.81700000000001,57.087,58.102199999999996,56.22332724419558,56.98223893626831,-0.7589116920727292,-0.6796106329966081,56.03,8105200.0,56.18,11056000.0,56.2,12180700.0,27.572815533980744,-0.8543965824136635,-0.8896797153024938,-0.005889701945386405,0.0061112458738359745
XOM,2019-05-20,55.8,56.03,55.52,55.69,55.69,7154300,Energy,55.818000000000005,55.791,56.86450000000001,58.0696,56.14127689893472,56.88651753358177,-0.7452406346470468,-0.6927366333266959,55.7,9279400.0,55.55,12176100.0,55.95,13367100.0,24.137931034482875,0.2520252025202563,-0.4647006255585451,-0.0001795332136446115,0.0059817355878820045
XOM,2019-05-21,55.96,56.1,55.72,55.95,55.95,8489900,Energy,55.882000000000005,55.82000000000001,56.6375,58.031000000000006,56.111849683714,56.817145864427566,-0.7052961807135674,-0.6952485428040702,55.69,7154300.0,55.63,10548400.0,55.66,13498800.0,36.06965174129367,0.5752291928815323,0.521020481494805,0.00466870174178502,0.005926528664292799
XOM,2019-05-22,55.78,55.93,55.32,55.44,55.44,7858300,Energy,55.762,55.79,56.443999999999996,57.979000000000006,56.008488193911845,56.715135059655154,-0.7066468657433091,-0.697528207391918,55.95,8489900.0,56.04,8918000.0,55.74,11352900.0,41.07648725212471,-1.0706638115631772,-0.5382131324004336,-0.009115281501340555,0.006644171314420145
XOM,2019-05-23,54.86,54.89,53.59,54.14,54.14,14657200,Energy,55.384,55.635000000000005,56.16850000000001,57.8908,55.72102847177156,56.52438431449551,-0.8033558427239456,-0.7186937344583235,55.44,7858300.0,56.03,8105200.0,55.69,13221600.0,28.08510638297885,-3.3731929323576715,-2.7832644999102096,-0.023448773448773386,0.009843499456638885
XOM,2019-05-24,54.4,54.48,53.89,54.37,54.37,7056400,Energy,55.11800000000001,55.45399999999999,55.967499999999994,57.81100000000001,55.513177937652856,56.36480029119954,-0.8516223535466878,-0.7452794582759964,54.14,14657200.0,55.7,9279400.0,56.18,11056000.0,33.11965811965817,-2.3877917414721783,-3.2217871128515485,0.004248245289988795,0.009341405737480202
XOM,2019-05-28,54.48,54.48,53.19,53.28,53.28,14912900,Energy,54.636,55.227,55.730999999999995,57.71360000000001,55.16961210109088,56.136296565925505,-0.9666844648346284,-0.7895604595877228,54.37,7056400.0,55.69,7154300.0,55.55,12176100.0,28.28467153284683,-4.327527383731367,-4.0864086408640805,-0.020047820489240364,0.010523261401852894
XOM,2019-05-29,52.75,53.15,52.55,52.95,52.95,13645200,Energy,54.036,54.959,55.466499999999996,57.596199999999996,54.82813331630767,55.90027459807917,-1.0721412817715006,-0.8460766240244784,53.28,14912900.0,55.95,8489900.0,55.63,10548400.0,25.65445026178017,-5.36193029490617,-4.817544490382886,-0.006193693693693714,0.010351124645926975
XOM,2019-05-30,52.85,52.93,52.49,52.81,52.81,9362100,Energy,53.510000000000005,54.636,55.253499999999995,57.479,54.51765126764495,55.67136536859182,-1.1537141009468712,-0.907604119408957,52.95,13645200.0,55.44,7858300.0,56.04,8918000.0,25.25773195876296,-4.743867243867239,-5.763740185581723,-0.0026440037771482405,0.009482648708631202
XOM,2019-05-31,52.24,52.5,51.83,51.93,51.93,13983300,Energy,53.068000000000005,54.226,55.0465,57.33780000000001,54.119551072622656,55.39422719314057,-1.274676120517917,-0.981018519630749,52.81,9362100.0,54.14,14657200.0,56.03,8105200.0,15.780998389694076,-4.082009604728487,-7.317508477601287,-0.0166635106987314,0.009809016219446827
XOM,2019-06-03,52.16,52.84,52.08,52.74,52.74,11831000,Energy,52.742000000000004,53.92999999999999,54.8735,57.206,53.907312446065326,55.19761777142646,-1.2903053253611318,-1.0428758807768257,51.93,13983300.0,54.37,7056400.0,55.7,9279400.0,28.012519561815395,-2.9979768254552064,-5.314183123877914,0.015597920277296451,0.012255795475776887
XOM,2019-06-04,53.16,54.05,52.96,54.0,54.0,10423000,Energy,52.886,53.761,54.775999999999996,57.1184,53.92157206974758,55.108905343913385,-1.1873332741658018,-1.0717673594546209,52.74,11831000.0,53.28,14912900.0,55.69,7154300.0,39.233817701453084,1.3513513513513598,-3.034656132160174,0.023890784982935065,0.015360590144737361
XOM,2019-06-05,54.03,54.03,53.26,53.55,53.55,10617800,Energy,53.00600000000001,53.521,54.67049999999999,57.0298,53.86440713594026,54.99343087399388,-1.1290237380536183,-1.0832186351744204,54.0,10423000.0,52.95,13645200.0,55.95,8489900.0,33.63994743758212,1.1331444759206777,-4.2895442359249465,-0.008333333333333415,0.015191446900724551
XOM,2019-06-06,54.09,54.75,54.0,54.53,54.53,11738900,Energy,53.35,53.43000000000001,54.61,56.9458,53.9668060381033,54.95910266110545,-0.9922966230021473,-1.0650342327399658,53.55,10617800.0,52.81,9362100.0,55.44,7858300.0,41.25874125874127,3.2569589092974693,-1.6414141414141326,0.0183006535947714,0.016626173267152107
XOM,2019-06-07,54.67,55.0,54.61,54.72,54.72,9095500,Energy,53.908,53.488,54.5615,56.8746,54.08268203224125,54.941391352875414,-0.858709320634162,-1.0237692503188052,54.53,11738900.0,51.93,13983300.0,54.14,14657200.0,44.19431279620852,5.372616984402079,1.0712966383450206,0.0034843205574912606,0.01475730899520979
XOM,2019-06-10,55.17,55.27,54.63,54.97,54.97,7760400,Energy,54.354,53.548,54.501,56.802600000000005,54.219192488819516,54.94351051192168,-0.724318023102164,-0.963879004875477,54.72,9095500.0,52.74,11831000.0,54.37,7056400.0,45.85253456221199,4.228289723170264,1.1035497517013049,0.0045687134502923055,0.014765096913306458
XOM,2019-06-11,55.41,55.63,54.9,54.92,54.92,9415100,Energy,54.538,53.712,54.469500000000004,56.72860000000001,54.32700902900113,54.941768992520075,-0.6147599635189422,-0.89405519660417,54.97,7760400.0,54.0,10423000.0,53.28,14912900.0,43.919716646989365,1.7037037037036962,3.0780780780780725,-0.0009095870474803425,0.012817431938489969
XOM,2019-06-12,54.65,54.75,54.16,54.32,54.32,7920800,Energy,54.69199999999999,53.849000000000004,54.403999999999996,56.6292,54.32593071684711,54.89571203011118,-0.5697813132640661,-0.8292004199361492,54.92,9415100.0,53.55,10617800.0,52.95,13645200.0,43.45794392523366,1.437908496732021,2.587346553352221,-0.010924981791696986,0.01327805583122162
XOM,2019-06-13,54.81,55.16,54.58,54.8,54.8,8986400,Energy,54.746,54.048,54.342,56.544399999999996,54.398864452716786,54.88862225010294,-0.48975779738615444,-0.7613118954261503,54.32,7920800.0,54.53,11738900.0,52.81,9362100.0,54.26356589147286,0.49514028974875224,3.768225714826734,0.008836524300441795,0.013267054814288129
XOM,2019-06-14,54.8,54.89,54.47,54.56,54.56,8575900,Energy,54.714,54.311,54.268499999999996,56.4618,54.423654536914206,54.86427986120643,-0.44062532429222045,-0.6971745811993644,54.8,8986400.0,54.72,9095500.0,51.93,13983300.0,51.22580645161293,-0.29239766081871066,5.064509917196225,-0.004379562043795526,0.011631221234022085
XOM,2019-06-17,54.42,55.17,54.33,55.1,55.1,9355700,Energy,54.74000000000001,54.547000000000004,54.2385,56.37339999999999,54.52770768508125,54.88174061222817,-0.3540329271469176,-0.6285462503888751,54.56,8575900.0,54.97,7760400.0,52.74,11831000.0,62.6388888888889,0.23649263234490903,4.47478194918467,0.009897360703812197,0.011185984421677635
XOM,2019-06-18,55.34,55.93,55.29,55.58,55.58,10091500,Energy,54.872,54.705,54.23299999999999,56.2882,54.68959881045336,54.9334635298409,-0.2438647193875383,-0.5516099441886078,55.1,9355700.0,54.92,9415100.0,54.0,10423000.0,67.89115646258502,1.2017479970866551,2.925925925925932,0.00871143375680572,0.009086625428697785
XOM,2019-06-19,55.33,55.66,55.16,55.27,55.27,9757400,Energy,55.062,54.876999999999995,54.199,56.189400000000006,54.778891301152846,54.95839215726009,-0.17950085610724642,-0.4771881265723355,55.58,10091500.0,54.32,7920800.0,53.55,10617800.0,66.35638297872343,1.7488954344624608,3.2119514472455757,-0.005577545879812851,0.008742512896518
XOM,2019-06-20,55.94,56.48,55.83,56.21,56.21,16229700,Energy,55.34400000000001,55.045,54.2375,56.12480000000001,54.999061870206255,55.0511038493149,-0.05204197910864394,-0.3921588970795972,55.27,9757400.0,54.8,8986400.0,54.53,11738900.0,78.23218997361485,2.572992700729926,3.0808729139923052,0.017007418129183938,0.008500545682483434
XOM,2019-06-21,56.6,57.06,56.4,57.01,57.01,23108100,Energy,55.834,55.274,54.38099999999999,56.0816,55.3084369670976,55.19620726788416,0.11222969921343662,-0.29128117782099044,56.21,16229700.0,54.56,8575900.0,54.72,9095500.0,78.20343461030387,4.490469208211145,4.184941520467844,0.014232342999466185,0.009208555420281527
XOM,2019-06-24,56.89,57.06,56.36,56.46,56.46,10011800,Energy,56.105999999999995,55.423,54.4855,56.021800000000006,55.48560051062104,55.28982154433719,0.1957789662838536,-0.19386914900002167,57.01,23108100.0,55.1,9355700.0,54.97,7760400.0,67.93002915451902,2.4682395644283206,2.7105694014917248,-0.009647430275390279,0.010181975425704313
XOM,2019-06-25,56.56,56.66,55.91,55.96,55.96,9740000,Energy,56.182,55.527,54.6195,55.967,55.558585047448574,55.3394643929048,0.21912065454377228,-0.1112711882912629,56.46,10011800.0,55.58,10091500.0,54.92,9415100.0,67.43849493487707,0.6836991723641717,1.8936635105608168,-0.008855827134254368,0.010789080245760876
XOM,2019-06-26,56.27,56.6,56.11,56.21,56.21,11365500,Energy,56.370000000000005,55.715999999999994,54.782500000000006,55.92100000000001,55.658802732456486,55.40394851194889,0.2548542205075961,-0.0380461065314911,55.96,9740000.0,55.27,9757400.0,54.32,7920800.0,63.5922330097088,1.7007418129183938,3.479381443298979,0.004467476769120848,0.009804389884474072
XOM,2019-06-27,56.2,56.32,55.59,55.63,55.63,8147800,Energy,56.254,55.799,54.923500000000004,55.8554,55.6543715428478,55.42069306661934,0.23367847622845517,0.01629881002049816,56.21,11365500.0,56.21,16229700.0,54.8,8986400.0,56.92541856925425,-1.0318448674613068,1.514598540145995,-0.010318448674613068,0.01048668504389781
XOM,2019-06-28,55.91,56.3,55.72,56.23,56.23,14781300,Energy,56.098,55.965999999999994,55.1385,55.79860000000001,55.74292976702506,55.480641728351245,0.262288038673816,0.06549665575116173,55.63,8147800.0,57.01,23108100.0,54.56,8575900.0,59.104046242774594,-1.3681810208735379,3.0608504398826897,0.010785547366528814,0.010628890187717968
XOM,2019-07-01,56.6,57.18,55.98,56.18,56.18,11437900,Energy,56.041999999999994,56.074,55.310500000000005,55.745,55.810171341328896,55.53244604476967,0.2777252965592254,0.10794238391277447,56.23,14781300.0,56.46,10011800.0,55.1,9355700.0,59.104046242774594,-0.4959263195182473,1.9600725952813036,-0.0008892050506846827,0.010404017555668863
XOM,2019-07-02,55.87,55.96,55.33,55.56,55.56,10475400,Energy,55.962,56.072,55.3885,55.653400000000005,55.77168344266291,55.53448707849044,0.23719636417246903,0.1337931799647134,56.18,11437900.0,55.96,9740000.0,55.58,10091500.0,58.93371757925079,-0.7147962830593269,-0.03598416696652951,-0.01103595585617656,0.010851299962837686
XOM,2019-07-03,55.63,56.13,55.5,56.09,56.09,5246100,Energy,55.938,56.153999999999996,55.515499999999996,55.5654,55.82065522071477,55.575636183787445,0.2450190369273244,0.15603835135723562,55.56,10475400.0,56.21,11365500.0,55.27,9757400.0,59.22746781115889,-0.21348514499198723,1.4836258368011501,0.009539236861051181,0.011036724846215736
XOM,2019-07-05,55.91,56.02,55.47,55.86,55.86,6880800,Energy,55.984,56.11899999999999,55.58200000000001,55.496399999999994,55.826708263681724,55.59670017017356,0.23000809350816098,0.1708322997874207,56.09,5246100.0,55.63,8147800.0,56.21,16229700.0,59.31232091690545,0.41344598238359787,-0.6226650062266526,-0.004100552683187764,0.009682854247310788
XOM,2019-07-08,55.87,56.28,55.71,56.12,56.12,7876100,Energy,55.962,56.029999999999994,55.652,55.4258,55.87183006926915,55.63546312053108,0.2363669487380733,0.18393922957755124,55.86,6880800.0,56.23,14781300.0,57.01,23108100.0,57.611940298507456,-0.1956251111506324,-1.5611296263813412,0.0046544933762977525,0.008449827005312618
XOM,2019-07-09,56.1,56.33,55.57,56.08,56.08,7863000,Energy,55.94199999999999,55.992,55.7075,55.3796,55.903856212458514,55.668391778269516,0.23546443418899798,0.1942442704998406,56.12,7876100.0,56.18,11437900.0,56.46,10011800.0,53.993610223642186,-0.17799928800285025,-0.6730428622033324,-0.0007127583749109156,0.007955211034746818
XOM,2019-07-10,56.35,56.96,56.31,56.87,56.87,8077400,Energy,56.20399999999999,56.083000000000006,55.80499999999999,55.3568,56.052493718234125,55.757399794693995,0.2950939235401293,0.21441420110789838,56.08,7863000.0,55.56,10475400.0,55.96,9740000.0,61.86943620178041,2.357811375089991,1.6261615439599586,0.01408701854493577,0.008606322622128505
XOM,2019-07-11,56.8,56.95,56.54,56.92,56.92,6404000,Energy,56.36999999999999,56.153999999999996,55.935,55.3304,56.18595622312119,55.84351832842036,0.3424378947008293,0.2400189398264846,56.87,8077400.0,56.09,5246100.0,56.21,11365500.0,56.06837606837608,1.4797646639329587,1.2631204412026253,0.0008791981712679142,0.00855031432414868
XOM,2019-07-12,57.05,57.15,56.87,56.96,56.96,6139000,Energy,56.589999999999996,56.287,56.043000000000006,55.328199999999995,56.305039881102545,55.926220674463295,0.37881920663924973,0.26777899318903764,56.92,6404000.0,55.86,6880800.0,55.63,8147800.0,49.5088408644401,1.9692087361260269,2.3907963329139026,0.0007027406886859211,0.007538333098026947
XOM,2019-07-15,56.96,57.04,56.42,56.56,56.56,7116400,Energy,56.678,56.31999999999999,56.14300000000001,55.338,56.34426451477908,55.973167291169716,0.37109722360936104,0.2884426392731023,56.96,6139000.0,56.12,7876100.0,56.23,14781300.0,51.01214574898787,0.7840342124020072,0.5868753334518972,-0.0070224719101122934,0.007437665568540257
XOM,2019-07-16,56.44,56.55,55.61,55.72,55.72,10197400,Energy,56.60600000000001,56.274,56.174,55.328399999999995,56.24822382019768,55.95441415849048,0.2938096617072006,0.289516043759922,56.56,7116400.0,56.08,7863000.0,56.18,11437900.0,47.727272727272705,-0.6419400855920077,-0.8187967248130978,-0.014851485148514865,0.008914345941227324
XOM,2019-07-17,55.58,55.74,55.29,55.39,55.39,7419300,Energy,56.31,56.257000000000005,56.1645,55.3172,56.11618938632111,55.912605702305996,0.20358368401511484,0.27232957181096057,55.72,10197400.0,56.87,8077400.0,55.56,10475400.0,42.35074626865671,-2.6024265869526886,-0.30597552195824607,-0.005922469490308613,0.008392440845008503
XOM,2019-07-18,55.05,55.23,54.43,54.92,54.92,11424500,Energy,55.910000000000004,56.14,56.147000000000006,55.302400000000006,55.932160249964014,55.83907935398703,0.09308089597698199,0.23647983664416486,55.39,7419300.0,56.92,6404000.0,56.09,5246100.0,43.23809523809522,-3.5137034434293724,-2.085933321447675,-0.008485286152735139,0.007975722991858315
XOM,2019-07-19,54.96,55.22,54.7,55.03,55.03,11243100,Energy,55.524,56.056999999999995,56.088,55.288199999999996,55.79336636535416,55.779147549988,0.01421881536616354,0.1920276323885646,54.92,11424500.0,56.96,6139000.0,55.86,6880800.0,37.394957983193315,-3.3883426966292096,-1.4858575008950936,0.0020029133284777956,0.008036977270927712
XOM,2019-07-22,55.21,55.25,54.67,55.08,55.08,8368800,Energy,55.227999999999994,55.952999999999996,55.991499999999995,55.275999999999996,55.683617693761214,55.727358842581474,-0.04374114882025992,0.1448738761467997,55.03,11243100.0,56.56,7116400.0,56.12,7876100.0,38.44537815126048,-2.6166902404526238,-1.8531717747683474,0.0009085953116481083,0.00780388826020624
XOM,2019-07-23,55.14,55.6,54.85,55.3,55.3,8551200,Energy,55.14399999999999,55.875,55.9335,55.2584,55.62459958702872,55.69570263201988,-0.07110304499116182,0.1016784919192074,55.08,8368800.0,55.72,10197400.0,56.08,7863000.0,47.01834862385315,-0.7537688442211032,-1.3908701854493555,0.00399419026869996,0.008018525757059438
XOM,2019-07-24,55.32,55.8,54.92,55.3,55.3,8260200,Energy,55.126,55.717999999999996,55.9005,55.25339999999999,55.574661189024305,55.66639132594433,-0.0917301369200274,0.06299676615136045,55.3,8551200.0,55.39,7419300.0,56.87,8077400.0,39.68668407310697,-0.16248420292471755,-2.7606822577809,0.0,0.005979260319443168
XOM,2019-07-25,55.61,55.61,54.89,54.98,54.98,9083900,Energy,55.138,55.524,55.839,55.2404,55.48317485225134,55.61554752402253,-0.1323726717711935,0.02392287856684966,55.3,8260200.0,54.92,11424500.0,56.92,6404000.0,38.775510204081584,0.10924981791695654,-3.4082923401265064,-0.005786618444846292,0.0058970670383342895
XOM,2019-07-26,54.94,55.09,54.74,54.89,54.89,7677300,Energy,55.11,55.31699999999999,55.802,55.217400000000005,55.391917182674206,55.56180326298382,-0.16988608030961672,-0.014838913208443619,54.98,9083900.0,55.03,11243100.0,56.96,6139000.0,33.60000000000001,-0.2544066872614992,-3.6341292134831504,-0.001636958894143281,0.005758971828054805
XOM,2019-07-29,54.94,55.31,54.81,55.28,55.28,7091900,Energy,55.15,55.189,55.75449999999999,55.2024,55.37469915457048,55.54092894720725,-0.16622979263676996,-0.045117089094108886,54.89,7677300.0,55.08,8368800.0,56.56,7116400.0,40.24390243902441,0.3631082062454771,-2.2630834512022635,0.007105119329568144,0.006529237240138331
XOM,2019-07-30,55.08,55.44,54.95,55.29,55.29,6961200,Energy,55.148,55.146,55.71,55.1942,55.361668515405796,55.52234161778449,-0.16067310237869492,-0.0682282917510261,55.28,7091900.0,55.3,8551200.0,55.72,10197400.0,26.204819277108413,-0.018083182640138418,-0.771715721464461,0.00018089725036185555,0.00481560132979071
XOM,2019-07-31,55.06,55.52,54.49,54.56,54.56,13104600,Energy,55.0,55.063,55.660000000000004,55.1716,55.23833489765106,55.45105705350416,-0.2127221558531005,-0.09712706457144099,55.29,6961200.0,55.3,8260200.0,55.39,7419300.0,20.4999999999999,-1.338155515370698,-1.498465426972373,-0.01320311086995829,0.006069336412097893
XOM,2019-08-01,54.11,54.5,53.03,53.17,53.17,17132800,Energy,54.638,54.888,55.51400000000001,55.11599999999999,54.920129528781665,55.282089864355704,-0.3619603355740395,-0.1500937187719607,54.56,13104600.0,54.98,9083900.0,54.92,11424500.0,14.579439252336371,-3.292106220443791,-3.186453022578295,-0.025476539589442848,0.009597525950891514
XOM,2019-08-02,53.28,53.76,52.23,52.65,52.65,21376700,Energy,54.19,54.65,55.3535,55.060199999999995,54.57087883204603,55.0871202447738,-0.5162414127277728,-0.22332325756312316,53.17,17132800.0,54.89,7677300.0,55.03,11243100.0,14.259597806215638,-4.08088905082894,-4.324913683445397,-0.009779951100244544,0.009612277606487063
XOM,2019-08-05,51.94,52.04,51.08,51.57,51.57,19080900,Energy,53.448,54.299,55.126,55.0088,54.10920516557741,54.826592819235,-0.717387653657596,-0.3221361367820178,52.65,21376700.0,55.28,7091900.0,55.08,8368800.0,13.660245183887838,-6.711287988422576,-6.372549019607843,-0.02051282051282044,0.010637597884418402
XOM,2019-08-06,51.58,52.11,51.57,52.07,52.07,12282400,Energy,52.803999999999995,53.976,54.9255,54.962799999999994,53.79548129395012,54.62240075855093,-0.8269194646008131,-0.4230928023457769,51.57,19080900.0,55.29,6961200.0,55.3,8551200.0,21.768707482993136,-5.823837945378907,-5.840867992766718,0.00969555943377931,0.011389449254690077
XOM,2019-08-07,51.26,52.01,50.92,51.73,51.73,15231100,Energy,52.238,53.61900000000001,54.66850000000001,54.931799999999996,53.47771494103472,54.40814885051012,-0.9304339094754042,-0.5245610237717024,52.07,12282400.0,54.56,13104600.0,55.3,8260200.0,22.26086956521732,-5.186950146627578,-6.455696202531646,-0.006529671595928654,0.011196515352715299
XOM,2019-08-08,51.99,53.13,51.82,53.11,53.11,14304100,Energy,52.226,53.432,54.477999999999994,54.935,53.42114341164476,54.31198967639826,-0.8908462647534989,-0.5978180719680617,51.73,15231100.0,53.17,17132800.0,54.98,9083900.0,36.3247863247863,-0.11284558961820457,-3.4012368133866766,0.02667697660931756,0.015381091245832649
XOM,2019-08-09,52.93,53.01,51.71,51.98,51.98,13686600,Energy,52.092,53.141,54.229,54.9184,53.19942904062249,54.139249700368765,-0.9398206597462746,-0.6662185895237043,53.11,14304100.0,52.65,21376700.0,54.89,7677300.0,30.86419753086419,-1.2725546058879433,-5.3015121151393725,-0.021276595744680882,0.016360980334780735
XOM,2019-08-12,52.05,52.12,51.5,51.73,51.73,9542600,Energy,52.124,52.786,53.9875,54.91439999999999,52.97336303437288,53.96078675960071,-0.9874237252278277,-0.730459616664529,51.98,13686600.0,51.57,19080900.0,55.28,7091900.0,28.044280442804435,0.31025790188092817,-6.421852387843707,-0.0048095421315891285,0.015779756607634657
XOM,2019-08-13,51.46,52.46,51.2,52.37,52.37,12403300,Energy,52.18399999999999,52.49400000000001,53.81999999999999,54.907,52.88053795216167,53.84295070333399,-0.962412751172323,-0.7768502435660878,51.73,9542600.0,52.07,12282400.0,55.29,6961200.0,33.29532497149373,0.5761474937584055,-5.28124434798336,0.012371931181132778,0.016792010601286097
XOM,2019-08-14,51.31,51.33,50.26,50.26,50.26,18114400,Energy,51.89,52.064,53.5635,54.8322,52.477378267213716,53.57754694753147,-1.1001686803177506,-0.8415139309164205,52.37,12403300.0,51.73,15231100.0,54.56,13104600.0,27.651515151515156,-2.841677943166443,-7.881231671554256,-0.04029024250525104,0.02007507469120656
XOM,2019-08-15,50.12,50.19,49.42,49.96,49.96,12874400,Energy,51.25999999999999,51.742999999999995,53.3155,54.7604,52.090089303026986,53.30958050697358,-1.2194912039465962,-0.9171093855224556,50.26,18114400.0,53.11,14304100.0,53.17,17132800.0,27.11234911792016,-5.931086424402176,-6.037239044574005,-0.005968961400716233,0.019112093685238002
XOM,2019-08-16,50.35,50.86,49.97,50.74,50.74,12649000,Energy,51.012,51.552,53.101,54.6846,51.88238325640745,53.11924121016072,-1.2368579537532725,-0.981059099168619,49.96,12874400.0,51.98,13686600.0,52.65,21376700.0,29.659498207885306,-2.385532897268172,-3.627730294396958,0.015612489991993606,0.020215321544873693
XOM,2019-08-19,51.24,51.74,51.16,51.59,51.59,10032800,Energy,50.984,51.553999999999995,52.9265,54.622,51.83740121696015,53.005964083482155,-1.1685628665220023,-1.0185598526392958,50.74,12649000.0,51.73,9542600.0,51.57,19080900.0,34.58333333333336,-0.27063599458726495,0.03878223773512435,0.016752069373275447,0.02016599502990936
XOM,2019-08-20,51.48,51.48,51.04,51.28,51.28,9743500,Energy,50.766,51.475,52.7255,54.548199999999994,51.75164718358167,52.87811489211311,-1.1264677085314432,-1.0401414238177253,51.59,10032800.0,52.37,12403300.0,52.07,12282400.0,35.83765112262522,-2.0813442810769467,-1.5171884002304625,-0.006008916456677671,0.019956795415180206
XOM,2019-08-21,51.97,51.99,51.53,51.79,51.79,10134200,Energy,51.072,51.480999999999995,52.55,54.4856,51.7575476168768,52.79751378899362,-1.03996617211682,-1.0401063734775442,51.28,9743500.0,50.26,18114400.0,51.73,15231100.0,43.55140186915887,3.044170314365302,0.11598685482312465,0.009945397815912527,0.02016041238024394
XOM,2019-08-22,51.94,51.97,51.45,51.68,51.68,8972000,Energy,51.416,51.338,52.385000000000005,54.4328,51.74561721428037,52.7147349898089,-0.969117775528531,-1.0259086538877416,51.79,10134200.0,49.96,12874400.0,53.11,14304100.0,45.28668610301264,3.4427542033626857,-2.692524948220676,-0.002123962154856107,0.017904648284822376
XOM,2019-08-23,51.13,51.65,49.8,50.14,50.14,15371900,Energy,51.29600000000001,51.153999999999996,52.1475,54.3396,51.49859918131416,52.52401387945269,-1.0254146981385261,-1.0258098627378984,51.68,8972000.0,50.74,12649000.0,51.98,13686600.0,43.34883720930233,-1.1824990145841596,-3.539823008849552,-0.029798761609907132,0.019059059332242594
XOM,2019-08-26,50.61,50.71,50.17,50.41,50.41,7343900,Energy,51.06,51.022,51.903999999999996,54.2566,51.3311223841889,52.36742025875249,-1.0362978745635871,-1.0279074651030362,50.14,15371900.0,51.59,10032800.0,51.73,9542600.0,42.110266159695804,-2.287264973832148,-2.5517108061086424,0.005384922217790189,0.019248879926360304
XOM,2019-08-27,50.61,50.84,49.75,49.92,49.92,9490900,Energy,50.788,50.777,51.6355,54.153,51.11402663277522,52.18612986921527,-1.07210323644005,-1.0367466193704389,50.41,7343900.0,51.28,9743500.0,52.37,12403300.0,41.51827553889411,-2.6521060842433664,-4.678250907007819,-0.009720293592541007,0.018621064769321658
XOM,2019-08-28,50.17,50.5,49.89,50.28,50.28,9647400,Energy,50.486000000000004,50.778999999999996,51.4215,54.047,50.9857148431175,52.044935064088214,-1.0592202209707153,-1.0412413396904943,49.92,9490900.0,51.79,10134200.0,50.26,18114400.0,35.33678756476684,-2.915620776211625,0.03979307600479043,0.007211538461538547,0.013995348912373251
XOM,2019-08-29,50.74,51.01,50.58,50.84,50.84,9004100,Energy,50.318,50.867000000000004,51.30499999999999,53.95839999999999,50.96329717494558,51.955680614896494,-0.9923834399509133,-1.0314697597425782,50.28,9647400.0,51.68,8972000.0,49.96,12874400.0,43.722466960352456,-1.6253869969040213,1.7614091273018495,0.011137629276054106,0.014211046876361905
XOM,2019-08-30,50.97,51.32,50.56,50.87,50.87,9180800,Energy,50.464,50.88,51.215999999999994,53.8516,50.948943763415485,51.87525982860787,-0.9263160651923812,-1.0104390208325387,50.84,9004100.0,50.14,15371900.0,50.74,12649000.0,45.14672686230248,1.4559234144395639,0.256208119826562,0.000590086546026658,0.01336194649435859
XOM,2019-09-03,50.44,51.02,50.24,50.93,50.93,9849700,Energy,50.568,50.814,51.184,53.73,50.94602933827464,51.80524058204433,-0.8592112437696855,-0.980193465419968,50.87,9180800.0,50.41,7343900.0,51.59,10032800.0,41.30434782608696,1.031541360841115,-1.279317697228155,0.0011794770984863145,0.012082486524739606
XOM,2019-09-04,51.63,51.71,51.33,51.48,51.48,6959200,Energy,50.88,50.833999999999996,51.1545,53.6304,51.02817867084777,51.78114868707808,-0.7529700162303072,-0.9347487755820358,50.93,9849700.0,49.92,9490900.0,51.28,9743500.0,59.07738095238096,3.125,0.3900156006240163,0.010799136069114423,0.012504056511266334
XOM,2019-09-05,51.88,52.41,51.78,52.2,52.2,9901500,Energy,51.263999999999996,50.875,51.178000000000004,53.55519999999999,51.20845887533273,51.81217471025748,-0.6037158349247491,-0.8685421874505785,51.48,6959200.0,50.28,9647400.0,51.79,10134200.0,65.68627450980395,3.818615751789989,0.7916586213554844,0.013986013986014179,0.012903515066973681
XOM,2019-09-06,52.26,52.71,52.09,52.69,52.69,10418500,Energy,51.63399999999999,50.976,51.157,53.48479999999999,51.43638827912769,51.87719880579396,-0.44081052666626874,-0.7829958552937166,52.2,9901500.0,50.84,9004100.0,51.68,8972000.0,64.23357664233576,3.6388670338316276,1.9543343653250833,0.009386973180076419,0.013118926020464241
XOM,2019-09-09,52.86,53.54,52.73,53.11,53.11,12840200,Energy,52.08200000000001,51.273,51.213499999999996,53.4344,51.69386700541574,51.96851741277219,-0.27465040735644664,-0.6813267657062626,52.69,10418500.0,50.87,9180800.0,50.14,15371900.0,61.83800623052959,4.40338116768233,5.923414439569208,0.007971152021256422,0.006909002869320687
XOM,2019-09-10,53.59,54.12,53.21,53.54,53.54,13810800,Energy,52.604,51.586,51.303999999999995,53.380599999999994,51.97788746612101,52.08492353034462,-0.10703606422360679,-0.5664686254097314,53.11,12840200.0,50.93,9849700.0,50.41,7343900.0,67.27828746177373,5.124680934616133,6.209085498908951,0.008096403690453835,0.0069443393288322825
XOM,2019-09-11,54.07,54.11,53.15,53.44,53.44,10525700,Energy,52.996,51.938,51.357499999999995,53.3258,52.20282785594854,52.1852995651339,0.01752829081463858,-0.4496692421648575,53.54,13810800.0,51.48,6959200.0,49.92,9490900.0,63.458401305057116,3.807303807303808,7.051282051282048,-0.0018677624206201449,0.005181380150798867
XOM,2019-09-12,52.73,53.61,52.52,53.47,53.47,9100700,Energy,53.25,52.257000000000005,51.517999999999994,53.284,52.39777741657184,52.28046256030917,0.11731485626267357,-0.3362724224793513,53.44,10525700.0,52.2,9901500.0,50.28,9647400.0,64.79338842975208,2.4329501915708818,6.344470962609372,0.0005613772455090871,0.00554377995284079
XOM,2019-09-13,53.68,54.02,53.53,53.96,53.96,7337200,Energy,53.504,52.568999999999996,51.718,53.24139999999999,52.63811935248387,52.404872741027006,0.2332466114568632,-0.22236861569210842,53.47,9100700.0,52.69,10418500.0,50.84,9004100.0,88.20000000000006,2.4103245397608664,6.136900078678198,0.00916401720590998,0.005380563814742631
XOM,2019-09-16,55.75,55.85,54.68,54.77,54.77,19830200,Energy,53.836,52.95899999999999,51.919500000000006,53.2196,52.96610099056327,52.58006735280278,0.38603363776049093,-0.10068816500158854,53.96,7337200.0,53.11,12840200.0,50.87,9180800.0,89.35018050541522,3.125588401431001,7.6666011401612,0.01501111934766497,0.005696730576785695
XOM,2019-09-17,54.84,55.03,53.96,54.36,54.36,14452200,Energy,54.0,53.302,52.05800000000001,53.1844,53.180546992015074,52.711914215558124,0.4686327764569498,0.013176023290119118,54.77,19830200.0,53.54,13810800.0,50.93,9849700.0,90.65934065934059,1.53156518490849,6.734733948556837,-0.007485849917838294,0.007210782429067796
XOM,2019-09-18,53.97,54.21,53.73,54.1,54.1,7292200,Energy,54.13199999999999,53.564,52.199,53.1448,53.32200130093583,52.81473538477604,0.5072659161597883,0.11199400186405298,54.36,14452200.0,53.44,10525700.0,51.48,6959200.0,85.63432835820892,1.2350299401197695,5.089355089355108,-0.004782928623988214,0.007848853420686617
XOM,2019-09-19,54.21,54.37,53.63,53.73,53.73,8050200,Energy,54.184000000000005,53.717000000000006,52.29600000000001,53.082,53.38477033156109,52.88253276368152,0.5022375678795754,0.19004271506715747,54.1,7292200.0,53.47,9100700.0,52.2,9901500.0,77.94970986460336,0.4862539741911309,2.931034482758599,-0.006839186691312449,0.007962818077242806
XOM,2019-09-20,53.85,53.86,53.38,53.55,53.55,19736600,Energy,54.102,53.803,52.3895,53.0146,53.41019028055169,52.93197478118659,0.4782154993650991,0.24767727192674582,53.73,8050200.0,53.96,7337200.0,52.69,10418500.0,75.18796992481197,-0.7598220904373676,1.6321882710191637,-0.00335008375209378,0.00783132034772634
XOM,2019-09-23,53.13,53.76,53.09,53.58,53.58,7495200,Energy,53.864,53.85,52.5615,52.946999999999996,53.4363148527745,52.979976649246844,0.4563382035276575,0.2894094582469282,53.55,19736600.0,54.77,19830200.0,53.11,12840200.0,75.04725897920598,-2.172722293226226,0.8849557522123908,0.0005602240896358524,0.007510529226456731
XOM,2019-09-24,53.35,53.39,52.61,52.85,52.85,13307100,Energy,53.562,53.78099999999999,52.683499999999995,52.8728,53.34611256773227,52.97034874930263,0.3757638184296397,0.3066803302834705,53.58,7495200.0,54.36,14452200.0,53.54,13810800.0,62.522851919561255,-2.777777777777779,-1.2887560702278589,-0.013624486748786802,0.008299650050916433
XOM,2019-09-25,52.73,53.09,52.61,53.01,53.01,8035200,Energy,53.343999999999994,53.738,52.838,52.8186,53.2944029419273,52.97328587898392,0.3211170629433795,0.30956767681545233,52.85,13307100.0,54.1,7292200.0,53.44,10525700.0,58.24847250509159,-2.0147874306839286,-0.8046407185628768,0.00302743614001888,0.008403878687423878
XOM,2019-09-26,52.91,53.01,52.51,52.72,52.72,8420200,Energy,53.141999999999996,53.663,52.96,52.76519999999999,53.206033258553866,52.95452396202215,0.25150929653171517,0.2979560007587049,53.01,8035200.0,53.73,8050200.0,53.47,9100700.0,50.31847133757963,-1.8797692164526314,-1.4026556947821178,-0.005470665912091999,0.008513005247222646
XOM,2019-09-27,52.52,53.24,52.47,53.1,53.1,8224000,Energy,53.052,53.577,53.073,52.72879999999999,53.18972044954558,52.965299964835324,0.224420484710258,0.2832488975490155,52.72,8420200.0,53.55,19736600.0,53.96,7337200.0,49.892933618843706,-0.8403361344537785,-1.5937731653076326,0.007207890743550882,0.008262620007025316
XOM,2019-09-30,52.92,53.08,52.43,52.46,52.46,9768900,Energy,52.827999999999996,53.346000000000004,53.152499999999996,52.6774,53.07745576500011,52.92787033781048,0.14958542718962775,0.25651620347713794,53.1,8224000.0,53.58,7495200.0,54.77,19830200.0,38.93442622950824,-2.0903322135125024,-4.217637392733254,-0.012052730696798464,0.006462671164119608
XOM,2019-10-01,52.62,52.68,51.19,51.22,51.22,10279100,Energy,52.501999999999995,53.032,53.166999999999994,52.6002,52.79169333961548,52.8013614238986,-0.009668084283120493,0.20327934592508626,52.46,9768900.0,52.85,13307100.0,54.36,14452200.0,31.561461794019976,-3.0842005676442796,-5.776306107431939,-0.02363705680518491,0.00890813335554511
XOM,2019-10-02,50.72,50.96,49.78,49.89,49.89,14503700,Energy,51.878,52.611000000000004,53.0875,52.492,52.34527897967463,52.58570502212834,-0.2404260424537057,0.11453826824932789,51.22,10279100.0,53.01,8035200.0,54.1,7292200.0,25.54644808743174,-5.885681946802491,-7.781885397412203,-0.0259664193674346,0.010908180455484365
XOM,2019-10-03,49.77,50.52,49.26,50.5,50.5,10788400,Energy,51.43399999999999,52.288,53.0025,52.396,52.06138990587853,52.431208353822534,-0.36981844794400587,0.01766692501066114,49.89,14503700.0,52.72,8420200.0,53.73,8050200.0,26.74731182795699,-4.210925644916541,-6.011539177368319,0.012226899178191974,0.012661741258039049
XOM,2019-10-04,50.6,51.31,50.38,51.24,51.24,10534800,Energy,51.062,52.056999999999995,52.92999999999999,52.3212,51.93502222805107,52.34297069798383,-0.40794846993276224,-0.06745615397802354,50.5,10788400.0,53.1,8224000.0,53.55,19736600.0,26.051560379918584,-3.5028248587570587,-4.313725490196074,0.014653465346534666,0.014274659610718318
XOM,2019-10-07,51.04,51.28,50.53,50.53,50.53,10993000,Energy,50.676,51.751999999999995,52.801,52.233999999999995,51.71886496219706,52.20867657220725,-0.489811610010193,-0.15192724518445744,51.24,10534800.0,52.46,9768900.0,53.58,7495200.0,25.032594524119958,-3.6789935188715206,-5.692422545726017,-0.013856362217018026,0.014455272465565895
XOM,2019-10-08,50.18,50.46,49.51,49.55,49.55,9748700,Energy,50.342,51.422000000000004,52.6015,52.119400000000006,51.38519342955136,52.01173756685857,-0.6265441373072136,-0.24685062360900867,50.53,10993000.0,51.22,10279100.0,52.85,13307100.0,22.884386174016683,-3.260445138617729,-6.244087038789036,-0.019394419156936515,0.014912473287444305
XOM,2019-10-09,50.0,50.29,49.92,50.1,50.1,8580900,Energy,50.384,51.131,52.4345,52.015600000000006,51.18747136346653,51.870127376720895,-0.6826560132543662,-0.3340117015380802,49.55,9748700.0,49.89,14503700.0,53.01,8035200.0,28.82147024504087,0.42092603728203226,-5.489530277306165,0.011099899091826515,0.015674106852108023
XOM,2019-10-10,50.09,50.78,50.06,50.7,50.7,7100100,Energy,50.424,50.929,52.29600000000001,51.9384,51.11247576908707,51.783451274741566,-0.6709755056544964,-0.40140446236136346,50.1,8580900.0,50.5,10788400.0,52.72,8420200.0,34.14905450500561,0.3960396039603964,-3.8315629742033286,0.011976047904191711,0.016622382727326288
XOM,2019-10-11,51.24,51.62,51.18,51.24,51.24,10101900,Energy,50.424,50.743,52.160000000000004,51.899800000000006,51.13209488153521,51.743195624760716,-0.6111007432255064,-0.4433437185341921,50.7,7100100.0,51.24,10534800.0,53.1,8224000.0,37.684210526315816,0.0,-3.5028248587570587,0.010650887573964374,0.016908329376466313
XOM,2019-10-14,50.96,51.53,50.96,51.39,51.39,6234600,Energy,50.596,50.636,51.99100000000001,51.8746,51.17177259206826,51.71703298588955,-0.5452603938212945,-0.4637270535916126,51.24,10101900.0,50.53,10993000.0,52.46,9768900.0,41.81614349775785,1.7019592321393162,-2.039649256576437,0.0029274004683841337,0.016722069290095582
XOM,2019-10-15,51.3,52.0,51.27,51.57,51.57,6645700,Energy,51.0,50.671,51.8515,51.8746,51.23303834713468,51.706141653601435,-0.47310330646675425,-0.46560230416664095,51.39,6234600.0,49.55,9748700.0,51.22,10279100.0,41.946308724832235,4.076690211907175,0.6833268254588187,0.003502626970227629,0.014912396004991084
XOM,2019-10-16,51.42,51.65,50.67,50.69,50.69,9765800,Energy,51.117999999999995,50.751,51.681000000000004,51.84700000000001,51.14949398603704,51.63087190148281,-0.48137791544577624,-0.46875742642246804,51.57,6645700.0,50.1,8580900.0,49.89,14503700.0,39.349422875131175,1.1776447105788401,1.6035277610743526,-0.017064184603451715,0.013318739235590498
XOM,2019-10-17,50.87,51.17,50.58,50.62,50.62,9757200,Energy,51.102,50.763,51.5255,51.8248,51.06803337280057,51.55599250137298,-0.4879591285724061,-0.4725977668524557,50.69,9765800.0,50.7,7100100.0,50.5,10788400.0,36.55097613882863,-0.15779092702170594,0.23762376237623783,-0.0013809429867823741,0.012805826421631502
XOM,2019-10-18,50.42,50.63,50.23,50.23,50.23,13472700,Energy,50.9,50.662,51.359500000000004,51.7672,50.93910516160048,51.4577708346046,-0.5186656730041221,-0.481811348082789,50.62,9757200.0,51.24,10101900.0,51.24,10534800.0,37.56967670011148,-1.9711163153786182,-1.9711163153786182,-0.007704464638482844,0.01194652961285031
XOM,2019-10-21,50.38,51.09,50.38,51.07,51.07,10199300,Energy,50.836,50.716,51.234,51.748999999999995,50.95924282904656,51.42904706907834,-0.46980424003177745,-0.47940992647258673,50.23,13472700.0,51.39,6234600.0,50.53,10993000.0,49.124854142357066,-0.6226892391515859,1.068672075994459,0.016723073860242854,0.012455786290451567
XOM,2019-10-22,51.1,51.82,51.0,51.33,51.33,9536000,Energy,50.788,50.894,51.158,51.74100000000001,51.01628239380862,51.42171024914661,-0.4054278553379831,-0.46461351224566605,51.07,10199300.0,51.57,6645700.0,49.55,9748700.0,59.599999999999966,-0.46538685282141445,3.5923309788092883,0.005091051497943866,0.010168731502697061
XOM,2019-10-23,51.23,51.82,51.1,51.82,51.82,8641800,Energy,51.013999999999996,51.065999999999995,51.0985,51.73,51.139931256299604,51.45121319365427,-0.31128193735466425,-0.4339471972674657,51.33,9536000.0,50.69,9765800.0,50.1,8580900.0,58.94308943089428,2.2292365358058897,3.433133732534932,0.009546074420416994,0.010052298116196118
XOM,2019-10-24,51.97,52.04,51.27,51.33,51.33,9003600,Energy,51.156,51.129,51.028999999999996,51.7514,51.16917260148428,51.44223443856877,-0.27306183708449083,-0.4017701252308708,51.82,8641800.0,50.62,9757200.0,50.7,7100100.0,50.63113604488076,1.4026076649545693,1.24260355029584,-0.00945580856812045,0.010308442883921378
XOM,2019-10-25,51.19,51.62,51.19,51.45,51.45,7607200,Energy,51.4,51.15,50.9465,51.7812,51.21237681664054,51.44280966534145,-0.2304328487009073,-0.3675026699248781,51.33,9003600.0,50.23,13472700.0,51.24,10101900.0,57.03363914373087,2.428827393987665,0.4098360655737654,0.0023378141437757627,0.009791322965227006
XOM,2019-10-28,51.6,51.76,50.95,50.99,50.99,11209600,Energy,51.384,51.11,50.873000000000005,51.7862,51.17816499869585,51.40926820864949,-0.23110320995364475,-0.34022277793063144,51.45,7607200.0,51.07,10199300.0,51.39,6234600.0,61.96013289036546,-0.1566477383982745,-0.7783615489394768,-0.008940719144800768,0.010169926556763244
XOM,2019-10-29,50.87,51.28,50.7,50.84,50.84,13894400,Energy,51.286,51.037,50.854,51.7712,51.1261396142811,51.36710019319398,-0.24096057891287614,-0.3203703381270804,50.99,11209600.0,51.33,9536000.0,51.57,6645700.0,56.58362989323844,-0.9546074420416772,-1.4155516773317722,-0.0029417532849578265,0.010075337085673807
XOM,2019-10-30,50.79,50.79,49.97,50.31,50.31,12840600,Energy,50.984,50.999,50.875,51.7518,51.00057967362247,51.28879647517961,-0.2882168015571409,-0.3139396308130925,50.84,13894400.0,51.82,8641800.0,50.69,9765800.0,46.486486486486484,-2.9139328444615975,-0.7496547642532936,-0.010424862313139327,0.00909826673713862
XOM,2019-10-31,50.12,50.31,49.88,50.2,50.2,16169100,Energy,50.758,50.957,50.86,51.72,50.87741356998824,51.208144884425565,-0.3307313144373225,-0.31729796753793854,50.31,12840600.0,51.33,9003600.0,50.62,9757200.0,39.843750000000036,-2.201441652055325,-0.8297115764519858,-0.002186444046909153,0.00910837719656292
XOM,2019-11-01,50.81,51.71,50.75,51.71,51.71,14108700,Energy,50.81,51.105000000000004,50.8835,51.7206,51.00550378999005,51.24531933743108,-0.23981554744102596,-0.30180148351855607,50.2,16169100.0,51.45,7607200.0,50.23,13472700.0,52.46913580246914,0.5053449951408995,2.9464463468046986,0.03007968127490046,0.012950544900950052
XOM,2019-11-04,52.05,53.39,51.96,53.24,53.24,15858200,Energy,51.260000000000005,51.322,51.019,51.7826,51.349272437683894,51.39307346058433,-0.04380102290043908,-0.2502013913949327,51.71,14108700.0,50.99,11209600.0,51.07,10199300.0,60.66411238825032,4.412629927436762,4.249069904053271,0.02958808741055896,0.014951568392987913
XOM,2019-11-05,53.52,54.32,53.38,54.3,54.3,14930400,Energy,51.952,51.61900000000001,51.256499999999996,51.8604,51.80323052419406,51.6084013523929,0.19482917180116033,-0.1611952787557141,53.24,15858200.0,50.84,13894400.0,51.33,9536000.0,72.53433208489386,6.80566483084184,5.786090005844535,0.019909842223891694,0.015754843511325372
XOM,2019-11-06,54.03,54.13,52.89,53.11,53.11,13996500,Energy,52.512,51.748000000000005,51.407000000000004,51.9242,52.00427198201036,51.71963088184528,0.28464110016507504,-0.07202800297155629,54.3,14930400.0,50.31,12840600.0,51.82,8641800.0,63.63636363636364,5.565493937586963,2.4893863373214975,-0.02191528545119703,0.017907127452690626
XOM,2019-11-07,53.51,54.25,53.49,54.24,54.24,13073800,Energy,53.32000000000001,52.039,51.584,52.0034,52.34823013862415,51.90632489059749,0.4419052480266643,0.03075864722808784,53.11,13996500.0,50.2,16169100.0,51.33,9003600.0,70.31408308004055,8.047808764940246,5.669199298655769,0.021276595744680993,0.018241286641256536
XOM,2019-11-08,53.84,53.98,53.13,53.21,53.21,12106000,Energy,53.620000000000005,52.214999999999996,51.682500000000005,52.05080000000001,52.480810117297366,52.002893417219894,0.477916700077472,0.12019025779796468,54.24,13073800.0,51.71,14108700.0,51.45,7607200.0,60.636182902584494,2.900792883388137,3.420796890184641,-0.018989675516224214,0.019851013543794337
XOM,2019-11-11,52.79,53.09,52.61,52.89,52.89,8674000,Energy,53.55,52.404999999999994,51.75750000000001,52.0912,52.54376240694393,52.06860501594435,0.475157390999577,0.19118368443828715,53.21,12106000.0,53.24,15858200.0,50.99,11209600.0,57.70750988142293,-0.6574004507888809,3.726220827613247,-0.006013907160308252,0.01966718741972875
XOM,2019-11-12,52.83,52.94,51.86,52.16,52.16,13918600,Energy,53.122,52.537,51.787,52.1158,52.484722036644854,52.07537501476329,0.40934702188156535,0.2348163519269428,52.89,8674000.0,54.3,14930400.0,50.84,13894400.0,51.64092664092662,-3.9410681399631664,2.596380802517695,-0.013802231045566327,0.020370476997605455
XOM,2019-11-13,51.89,51.99,51.58,51.73,51.73,11773700,Energy,52.846000000000004,52.678999999999995,51.839,52.1208,52.368610954084104,52.04979168033638,0.318819273747728,0.2516169362910998,52.16,13918600.0,53.11,13996500.0,50.31,12840600.0,51.94174757281552,-2.598380719261917,2.8225004969191003,-0.008243865030674868,0.02022487435692512
XOM,2019-11-14,51.77,51.86,51.26,51.5,51.5,11279800,Energy,52.298,52.809000000000005,51.883,52.1068,52.234978499609625,52.00906637068183,0.22591212892779566,0.24647597481843903,51.73,11773700.0,54.24,13073800.0,50.2,16169100.0,50.24015369836694,-5.051622418879065,2.589641434262946,-0.004446162768219519,0.02030137124987522
XOM,2019-11-15,51.66,52.1,51.63,52.02,52.02,11252800,Energy,52.06,52.839999999999996,51.972500000000004,52.0934,52.20190488428507,52.00987626914984,0.19202861513522862,0.23558650288179697,51.5,11279800.0,53.21,12106000.0,51.71,14108700.0,54.91881566380134,-2.2364217252396124,0.5994971959002227,0.01009708737864079,0.018184918650679123
XOM,2019-11-18,51.65,51.74,51.35,51.52,51.52,10095600,Energy,51.786,52.66799999999999,51.995000000000005,52.0616,52.09699644054891,51.9735891381017,0.12340730244720532,0.21315066279487865,52.02,11252800.0,52.89,8674000.0,53.24,15858200.0,53.14232902033271,-2.5902817167706482,-3.2306536438767797,-0.009611687812379865,0.015267898998264987
XOM,2019-11-19,51.43,51.55,50.96,50.99,50.99,12605500,Energy,51.552,52.337,51.977999999999994,52.010600000000004,51.92668929584908,51.900730683427504,0.025958612421575822,0.1757122527202181,51.52,10095600.0,52.16,13918600.0,54.3,14930400.0,53.14232902033271,-2.2430981595091937,-6.095764272559845,-0.010287267080745344,0.013015081873168107
XOM,2019-11-20,50.88,51.53,50.61,51.15,51.15,16930700,Energy,51.436,52.141,51.94449999999999,51.9648,51.807198634949216,51.84512100317362,-0.037922368224400316,0.1329853285312944,50.99,12605500.0,51.73,11773700.0,53.11,13996500.0,54.3698252069917,-1.1212062632901532,-3.6904537751835775,0.003137870170621726,0.012026230982935137
XOM,2019-11-21,51.14,52.44,51.07,52.38,52.38,14080900,Energy,51.612,51.955,51.997,51.943000000000005,51.89532192188011,51.884741669605205,0.010580252274905888,0.10850431328001671,51.15,16930700.0,51.5,11279800.0,54.24,13073800.0,53.16336166194524,1.7087378640776807,-3.4292035398230114,0.02404692082111448,0.01267938486042444
XOM,2019-11-22,52.41,52.77,52.13,52.16,52.16,12143600,Energy,51.64,51.85,52.032500000000006,51.90700000000001,51.93604162620625,51.90513117556038,0.030910450645869503,0.09298554075318727,52.38,14080900.0,52.02,11252800.0,53.21,12106000.0,44.1810344827586,0.26912725874661536,-1.9733132869761416,-0.004200076365024952,0.011464748490980779
XOM,2019-11-25,52.16,52.21,51.66,51.81,51.81,10670000,Energy,51.698,51.742,52.0735,51.84780000000001,51.9166506067899,51.89808442181517,0.018566184974730504,0.07810166959749593,52.16,12143600.0,51.52,10095600.0,52.89,8674000.0,35.47257876312723,0.5628881987577605,-2.041973908111172,-0.006710122699386423,0.011494364215066602
XOM,2019-11-26,51.82,51.91,51.46,51.68,51.68,15457000,Energy,51.836,51.694,52.1155,51.794200000000004,51.88024282112992,51.88193002019923,-0.001687199069309031,0.062143895864134935,51.81,10670000.0,50.99,12605500.0,52.16,13918600.0,40.47936085219709,1.3532065110805958,-0.9202453987730008,-0.0025091681142637157,0.010735926532334595
XOM,2019-11-27,51.7,51.95,51.43,51.65,51.65,8393900,Energy,51.936,51.686,52.182500000000005,51.745200000000004,51.844820848648396,51.864750018702985,-0.019929170054588496,0.045729282680390254,51.68,15457000.0,51.15,16930700.0,51.73,11773700.0,29.79719188767551,0.9775171065493637,-0.1546491397641514,-0.0005804953560372139,0.010420166573199293
XOM,2019-11-29,51.37,51.52,51.13,51.22,51.22,7980800,Energy,51.70399999999999,51.658,52.23350000000001,51.695,51.74869456424095,51.81699075805832,-0.06829619381736762,0.02292418738083868,51.65,8393900.0,52.38,14080900.0,51.5,11279800.0,32.874354561101555,-2.2145857197403696,-0.5436893203883519,-0.008325266214908034,0.010668911306326332
XOM,2019-12-02,51.5,51.79,51.4,51.44,51.44,11116900,Energy,51.56,51.6,52.220000000000006,51.6528,51.70120309281926,51.78906551672067,-0.08786242390140586,0.0007668651243897713,51.22,7980800.0,52.16,12143600.0,52.02,11252800.0,37.30297723292469,-1.3803680981595123,-1.1149557862360715,0.0042951971885982765,0.010175283463604008
XOM,2019-12-03,51.13,51.31,50.77,51.04,51.04,12245800,Energy,51.40599999999999,51.552,52.11,51.602,51.59947954007784,51.733579182148766,-0.13409964207092884,-0.026206436314673953,51.44,11116900.0,51.81,10670000.0,51.52,10095600.0,39.59107806691453,-1.4861995753715607,-0.9316770186335477,-0.007776049766718529,0.010019522315238198
XOM,2019-12-04,51.31,51.7,51.23,51.61,51.61,11049700,Energy,51.391999999999996,51.614,51.9755,51.577200000000005,51.60109807237355,51.72442516865626,-0.12332709628270777,-0.04563056830828072,51.04,12245800.0,51.68,15457000.0,50.99,12605500.0,48.91304347826089,-0.13544891640866474,1.2159246911159105,0.011167711598746077,0.01008079531125699
XOM,2019-12-05,51.8,51.86,51.28,51.43,51.43,13109000,Energy,51.348,51.641999999999996,51.89149999999999,51.54559999999999,51.57477529200839,51.70261589690395,-0.12784060489556026,-0.06207257562573663,51.61,11049700.0,51.65,8393900.0,51.15,16930700.0,49.36014625228519,-0.4259438528557591,0.547409579667657,-0.003487696182910338,0.01016068376581305
XOM,2019-12-06,51.7,52.53,51.7,52.26,52.26,13710800,Energy,51.556,51.629999999999995,51.7925,51.5364,51.68019447785325,51.7439036082444,-0.06370913039115322,-0.06239988657881995,51.43,13109000.0,51.22,7980800.0,52.38,14080900.0,52.076124567474,2.0304568527918843,-0.2290950744559095,0.01613844059887226,0.008262775026875292
XOM,2019-12-09,51.94,52.61,51.89,52.37,52.37,12397700,Energy,51.742,51.650999999999996,51.7505,51.521800000000006,51.786318404337365,51.790281118744815,-0.0039627144074501075,-0.050712452144545984,52.26,13710800.0,51.44,11116900.0,52.16,12143600.0,57.8849721706864,1.8079315707620447,0.4026073619631809,0.0021048603138156263,0.008163481537842474
XOM,2019-12-10,52.37,52.74,51.65,51.92,51.92,14281800,Energy,51.91799999999999,51.662,51.702,51.511,51.80688480367007,51.79988992476372,0.006994878906354529,-0.03917098593436588,52.37,12397700.0,51.04,12245800.0,51.81,10670000.0,58.757062146892665,1.7241379310344973,0.2123142250530785,-0.008592705747565321,0.008365683129363167
XOM,2019-12-11,51.68,52.45,51.63,51.85,51.85,13748400,Energy,51.965999999999994,51.678999999999995,51.6865,51.523599999999995,51.813517910797756,51.80360178218863,0.009916128609127384,-0.029353563025667228,51.92,14281800.0,51.61,11049700.0,51.68,15457000.0,56.70498084291191,0.465026157721371,0.328947368421062,-0.0013482280431432736,0.008331223506797675
XOM,2019-12-12,51.85,52.92,51.8,52.89,52.89,17068500,Energy,52.257999999999996,51.803,51.7445,51.5836,51.97913053990579,51.88407572424873,0.09505481565705765,-0.004471887289122255,51.85,13748400.0,51.43,13109000.0,51.65,8393900.0,55.069582504970164,2.8388100330546395,2.400774443368836,0.02005785920925751,0.010377475558885315
XOM,2019-12-13,52.99,53.04,51.97,52.05,52.05,12274500,Energy,52.215999999999994,51.886,51.772000000000006,51.6146,51.990033533766436,51.89636641134142,0.09366712242501762,0.015155914653705721,52.89,17068500.0,52.26,13710800.0,51.22,7980800.0,49.02654867256638,-0.40183696900114585,1.6204607575165841,-0.01588201928530919,0.011465272564084755
XOM,2019-12-16,52.4,52.82,52.4,52.63,52.63,15208700,Energy,52.267999999999994,52.004999999999995,51.802499999999995,51.64240000000001,52.08848991318698,51.950709640130945,0.13778027305603757,0.03968078633417209,52.05,12274500.0,52.37,12397700.0,51.44,11116900.0,56.97278911564626,0.4964674431926719,2.313374805598767,0.011143131604226753,0.011838085478494204
XOM,2019-12-17,52.61,52.92,52.11,52.39,52.39,14450700,Energy,52.362,52.14,51.846000000000004,51.6796,52.134876080388985,51.98324966678791,0.15162641360107187,0.06206991178755205,52.63,15208700.0,51.92,14281800.0,51.04,12245800.0,55.92654424040068,0.9052388289676472,2.6449843260188066,-0.0045601368041041646,0.011573077147872481
XOM,2019-12-18,52.35,52.85,52.09,52.53,52.53,13652300,Energy,52.498000000000005,52.23199999999999,51.923,51.739200000000004,52.19566437571376,52.023749691470286,0.17191468424347534,0.08403886627873672,52.39,14450700.0,51.85,13748400.0,51.61,11049700.0,57.21311475409838,1.3114754098360715,1.7826002712652667,0.0026722656995610272,0.01118563913861827
XOM,2019-12-19,52.62,52.67,52.06,52.17,52.17,13273200,Energy,52.354,52.306000000000004,51.974000000000004,51.78059999999999,52.19171601021934,52.03458304765767,0.15713296256166842,0.09865768553532306,52.53,13652300.0,52.89,17068500.0,51.43,13109000.0,57.877280265339984,-1.3613159387407814,1.4388489208633226,-0.006853226727584261,0.01141158309667874
XOM,2019-12-20,52.52,52.8,52.17,52.58,52.58,35092000,Energy,52.46,52.338,51.984,51.818200000000004,52.25145200864713,52.07498430338673,0.1764677052604,0.11421968948033846,52.17,13273200.0,52.05,12274500.0,52.26,13710800.0,59.16398713826367,1.018251681075899,0.6123230003826974,0.007858922752539632,0.010494001795332813
XOM,2019-12-23,52.52,52.86,52.28,52.85,52.85,14172500,Energy,52.504,52.386,52.0185,51.8504,52.34353631500911,52.132392873506234,0.21114344150287678,0.13360443988484613,52.58,35092000.0,52.63,15208700.0,52.37,12397700.0,64.86042692939246,0.4180125403762114,0.9165552797403276,0.005135032331685219,0.010583720852620342
XOM,2019-12-24,52.89,53.01,52.56,52.64,52.64,3979400,Energy,52.553999999999995,52.458000000000006,52.06,51.8754,52.38914611270002,52.16999340139466,0.2191527113053553,0.15071409416894796,52.85,14172500.0,52.39,14450700.0,51.92,14281800.0,58.98778359511345,0.4771903034930247,1.3867488443759513,-0.003973509933774877,0.010214692130808977
XOM,2019-12-26,52.77,53.01,52.64,52.73,52.73,8840200,Energy,52.59400000000001,52.54600000000001,52.1125,51.898599999999995,52.44158517228463,52.21147537166173,0.23010980062290542,0.16659323545973947,52.64,3979400.0,52.53,13652300.0,51.85,13748400.0,61.52482269503543,0.38073481819911326,1.6972034715525552,0.0017097264437688775,0.01016811207875164
XOM,2019-12-27,52.78,52.86,52.54,52.55,52.55,10516100,Energy,52.669999999999995,52.512,52.157500000000006,51.9358,52.458264376548534,52.236551270057156,0.22171310649137865,0.1776172096660673,52.73,8840200.0,52.17,13273200.0,52.89,17068500.0,52.90581162324649,0.7283879624305101,-0.6428436377387103,-0.0034136165370756144,0.007930305071171317
XOM,2019-12-30,52.7,52.96,52.18,52.24,52.24,12689400,Energy,52.602,52.53099999999999,52.2085,51.968199999999996,52.42468524169492,52.2368067315344,0.18787851016051604,0.17966946976495707,52.55,10516100.0,52.58,35092000.0,52.05,12274500.0,48.74759152215804,-0.6466337010269996,0.3650336215177852,-0.005899143672692619,0.0062441882094653395
XOM,2019-12-31,51.89,52.48,51.89,52.46,52.46,13151800,Energy,52.524,52.513999999999996,52.2595,52.0128,52.43011828143416,52.25333956623555,0.17677871519860844,0.17909131885168736,52.24,12689400.0,52.85,14172500.0,52.63,15208700.0,55.44354838709677,-0.7379375591296089,-0.3230096902907098,0.004211332312404226,0.005217119860585819
XOM,2020-01-02,52.81,53.4,52.81,53.31,53.31,12456400,Energy,52.658,52.60600000000001,52.373000000000005,52.0576,52.56548469967506,52.33161070947736,0.23387399019770072,0.19004785312089004,52.46,13151800.0,52.64,3979400.0,52.39,14450700.0,62.717770034843205,1.272796352583594,1.7560603168543576,0.01620282119710259,0.007122077700703514
XOM,2020-01-03,53.64,53.66,52.75,52.88,52.88,17386900,Energy,52.688,52.641,52.4365,52.0886,52.613871668955824,52.37223213840497,0.24163953055085585,0.2003661886068832,53.31,12456400.0,52.73,8840200.0,52.53,13652300.0,49.902534113060455,0.28446804475632526,0.666285931848476,-0.008066028887638299,0.007751789146510445
XOM,2020-01-06,52.87,53.65,52.8,53.28,53.28,20081900,Energy,52.834,52.751999999999995,52.528999999999996,52.117799999999995,52.71635295065493,52.43947420222682,0.27687874842811055,0.2156687005711287,52.88,17386900.0,52.55,10516100.0,52.17,13273200.0,63.11300639658854,1.3891531874405505,2.127659574468077,0.0075642965204236745,0.007530278188836729
XOM,2020-01-07,53.01,53.02,52.26,52.85,52.85,17387700,Energy,52.955999999999996,52.778999999999996,52.5585,52.1482,52.736914035169555,52.46988352058038,0.26703051458917315,0.2259410633747376,53.28,20081900.0,52.24,12689400.0,52.58,35092000.0,52.422907488986766,1.1676875957120858,0.5135032331685219,-0.00807057057057059,0.007861983479773387
XOM,2020-01-08,52.71,52.85,52.01,52.05,52.05,15137700,Energy,52.874,52.699,52.542500000000004,52.160199999999996,52.631234952835776,52.43878103757443,0.19245391526134625,0.21924363375205932,52.85,17387700.0,52.46,13151800.0,52.85,14172500.0,46.66666666666663,-0.7815478459778924,-1.5137180700094732,-0.015137180700094732,0.009066800512868243
XOM,2020-01-09,51.98,52.55,51.6,52.45,52.45,14811800,Energy,52.702,52.68000000000001,52.568999999999996,52.189400000000006,52.6033526523995,52.43961207182818,0.16374058057132146,0.20814302311591176,52.05,15137700.0,53.31,12456400.0,52.64,3979400.0,49.2537313432836,-1.613205777527671,-0.36094224924011487,0.007684918347742764,0.00945289886499794
XOM,2020-01-10,52.58,52.6,51.97,51.98,51.98,11995600,Energy,52.522000000000006,52.605,52.5755,52.2122,52.50745224433803,52.40556673317424,0.1018855111637933,0.18689152072548806,52.45,14811800.0,52.88,17386900.0,52.73,8840200.0,48.263254113345475,-1.7019667170953157,-1.4223402237815264,-0.008960915157292804,0.009794251965913691
XOM,2020-01-13,52.03,52.53,51.96,52.48,52.48,9953900,Energy,52.362,52.598,52.55499999999999,52.2556,52.50322882213218,52.41108030849467,0.09214851363751109,0.16794291930789268,51.98,11995600.0,53.28,20081900.0,52.55,10516100.0,49.10071942446042,-1.501501501501512,-0.13320647002854624,0.009619084263178257,0.010346360874279387
XOM,2020-01-14,52.16,52.31,51.8,52.03,52.03,16261000,Energy,52.198,52.577,52.553999999999995,52.2922,52.430424387958,52.382852137495064,0.04757225046293456,0.14386878553890106,52.48,9953900.0,52.85,17387700.0,52.24,12689400.0,42.857142857142854,-1.5515610217596953,-0.4019908116385973,-0.008574695121951192,0.010546082512687942
XOM,2020-01-15,52.03,52.32,51.8,51.95,51.95,11390300,Energy,52.178,52.525999999999996,52.52,52.297000000000004,52.35651294365677,52.35078901619914,0.0057239274576303956,0.11623981392264693,52.03,16261000.0,52.05,15137700.0,52.46,13151800.0,43.85026737967916,-0.19212295869355245,-0.972169271826151,-0.0015375744762636812,0.010425648514064582
XOM,2020-01-16,52.1,52.31,51.73,51.74,51.74,13340300,Energy,52.036,52.36900000000001,52.4875,52.266999999999996,52.261664798478805,52.30554538536957,-0.043880586890765017,0.08421573375996454,51.95,11390300.0,52.45,14811800.0,53.31,12456400.0,41.361256544502666,-1.3536701620591063,-2.9450384543237673,-0.0040423484119345154,0.00852129091523191
XOM,2020-01-17,51.69,51.94,51.34,51.55,51.55,18144100,Energy,51.95,52.236000000000004,52.4385,52.21200000000001,52.15217790640514,52.249579060527374,-0.09740115412223105,0.04789235618352543,51.74,13340300.0,51.98,11995600.0,52.88,17386900.0,41.28919860627179,-0.8272412466333146,-2.5151285930408607,-0.003672207189795218,0.008339646415482216
XOM,2020-01-21,51.41,51.44,50.76,50.81,50.81,17982600,Energy,51.61600000000001,51.989,52.37049999999999,52.166000000000004,51.94568899772742,52.14294357456239,-0.19725457683496472,-0.0011370304201726023,51.55,18144100.0,52.48,9953900.0,53.28,20081900.0,38.411669367909255,-3.182164634146334,-4.635885885885882,-0.014354995150339334,0.008277110593277164
XOM,2020-01-22,50.8,50.9,50.37,50.52,50.52,17033100,Energy,51.314,51.75600000000001,52.267500000000005,52.0916,51.72635222884628,52.02272553200221,-0.29637330315593147,-0.06018428496732438,50.81,17982600.0,52.03,16261000.0,52.85,17387700.0,34.45512820512825,-2.902171823947719,-4.408703878902553,-0.005707537886242897,0.008203745763407945
XOM,2020-01-23,50.16,50.32,49.66,50.2,50.2,19605900,Energy,50.964,51.571000000000005,52.135000000000005,52.03139999999999,51.49152880902378,51.88770882592797,-0.39618001690419646,-0.12738343135469882,50.52,17033100.0,51.95,11390300.0,52.05,15137700.0,22.767075306479896,-3.368623676612126,-3.55427473583092,-0.006334125098970689,0.007360711808552892
XOM,2020-01-24,50.03,50.13,49.65,49.86,49.86,18238600,Energy,50.588,51.312,51.996,51.9708,51.240524376866276,51.737508172155536,-0.4969837952892604,-0.20130350414161113,50.2,19605900.0,51.74,13340300.0,52.45,14811800.0,23.131672597864807,-3.6335523772709766,-4.938036224976172,-0.006772908366533881,0.006234150019023119
XOM,2020-01-27,49.19,49.42,48.64,48.67,48.67,21231000,Energy,50.012,50.981,51.793000000000006,51.901,50.845059088117615,51.51028534458846,-0.6652262564708451,-0.2940880546074579,49.86,18238600.0,51.55,18144100.0,51.98,11995600.0,14.040561622464963,-5.586808923375353,-6.3678337822239195,-0.023866827115924583,0.008607638921950706
XOM,2020-01-28,48.95,49.02,48.59,48.61,48.61,19664700,Energy,49.572,50.594,51.596000000000004,51.8386,50.50120384379183,51.29544939313746,-0.7942455493456322,-0.39411955355509276,48.67,21231000.0,50.81,17982600.0,52.48,9953900.0,14.900662251655703,-4.329856327494596,-7.374237804878048,-0.0012327922745017927,0.006851078130791795
XOM,2020-01-29,48.89,48.97,48.04,48.2,48.2,14202800,Energy,49.108,50.211,51.394000000000005,51.772600000000004,50.14717248320847,51.066156845497645,-0.9189843622891729,-0.49909251530190885,48.61,19664700.0,50.52,17033100.0,52.03,16261000.0,15.929203539823092,-4.592240696753757,-7.361137805112428,-0.008434478502365672,0.006849026647619371
XOM,2020-01-30,47.95,48.78,47.69,48.71,48.71,18544700,Energy,48.81,49.887,51.206500000000005,51.7064,49.92606902425332,50.891626708794114,-0.9655576845407907,-0.5923855491496852,48.2,14202800.0,50.2,19605900.0,51.95,11390300.0,17.5347222222222,-2.96812749003984,-6.236766121270454,0.010580912863070502,0.008826614860865023
XOM,2020-01-31,47.52,47.52,46.51,46.71,46.71,34282900,Energy,48.18,49.384,50.8765,51.610200000000006,49.4312891743682,50.58187658221677,-1.150587407848569,-0.7040259208894619,48.71,18544700.0,49.86,18238600.0,51.74,13340300.0,13.854595336076798,-6.3176895306859215,-9.721685349826059,-0.041059330732909016,0.013988374684152049
XOM,2020-02-03,46.15,46.18,45.39,45.66,45.66,27389300,Energy,47.578,48.795,50.515499999999996,51.5036,48.85109083985002,50.2172931316822,-1.366202291832174,-0.8364611950780043,46.71,34282900.0,48.67,21231000.0,51.55,18144100.0,6.505102040816297,-6.1845079104171035,-11.425800193986424,-0.02247912652536943,0.01429131803914454
XOM,2020-02-04,46.2,46.55,45.03,45.09,45.09,31922100,Energy,46.874,48.223,50.106,51.382400000000004,48.2724614798731,49.83749364044648,-1.5650321605733808,-0.9821753881770796,45.66,27389300.0,48.61,19664700.0,50.81,17982600.0,6.407035175879386,-7.2413083727628,-11.257626451485924,-0.012483574244415041,0.014268795626760108
XOM,2020-02-05,45.68,47.31,45.56,47.16,47.16,32099200,Energy,46.666000000000004,47.887,49.8215,51.278,48.101313559892624,49.63916077819118,-1.537847218298559,-1.0933097542013757,45.09,31922100.0,48.2,14202800.0,50.52,17033100.0,25.92964824120598,-2.1576763485477324,-6.650831353919251,0.04590818363273441,0.023230523025937252
XOM,2020-02-06,47.31,47.37,46.45,46.52,46.52,16055400,Energy,46.227999999999994,47.519,49.545,51.1652,47.858034550678376,49.4081118316585,-1.5500772809801262,-1.1846632595571258,47.16,32099200.0,48.71,18544700.0,50.2,19605900.0,24.855491329479733,-4.495996715253536,-7.330677290836651,-0.013570822731127974,0.02333320849542971
XOM,2020-02-07,46.17,46.36,45.91,46.22,46.22,15112500,Energy,46.129999999999995,47.155,49.2335,51.0534,47.60602923518939,49.171955399683796,-1.5659261644944067,-1.2609158405445822,46.52,16055400.0,46.71,34282900.0,49.86,18238600.0,24.594852240228747,-1.0490259045172423,-7.300441235459287,-0.0064488392089424584,0.02333431030914094
XOM,2020-02-10,46.12,46.16,45.47,45.73,45.73,20934500,Energy,46.144,46.861000000000004,48.92100000000001,50.9344,47.31740935285256,48.91699574044796,-1.5995863875954015,-1.3286499499547462,46.22,15112500.0,45.66,27389300.0,48.67,21231000.0,25.195312499999957,0.15330705212439621,-6.040682145058563,-0.010601471224578107,0.022655593694556744
XOM,2020-02-11,46.2,46.44,45.89,46.16,46.16,14908700,Energy,46.358,46.616,48.605000000000004,50.824600000000004,47.139346375490625,48.71277383374811,-1.573427458257484,-1.377605451615294,45.73,20934500.0,45.09,31922100.0,48.61,19664700.0,28.998073217726343,2.373031714349061,-5.040115202633211,0.009403017712661166,0.023147637099536097
XOM,2020-02-12,46.78,46.93,46.19,46.73,46.73,17862100,Energy,46.272,46.469,48.339999999999996,50.73480000000001,47.07637001003053,48.56590169791491,-1.48953168788438,-1.3999906988691113,46.16,14908700.0,47.16,32099200.0,48.2,14202800.0,33.67826904985884,-0.9117896522476632,-3.0497925311203433,0.012348353552859681,0.02372272619768306
XOM,2020-02-13,46.57,46.84,46.19,46.47,46.47,16949400,Energy,46.26199999999999,46.245000000000005,48.066,50.6354,46.983082316179676,48.41064972029158,-1.4275674041119046,-1.40550603991767,46.73,17862100.0,46.52,16055400.0,48.71,18544700.0,33.93364928909949,-0.10748065348238356,-4.598645042085813,-0.005563877594692901,0.023252560473671784
XOM,2020-02-14,46.64,46.64,45.97,46.25,46.25,10855300,Energy,46.267999999999994,46.199,47.7915,50.5396,46.8703004213828,48.25060159286257,-1.380301171479772,-1.4004650662300904,46.47,16949400.0,46.22,15112500.0,46.71,34282900.0,37.369519832985354,0.06490696668108864,-0.9847998287304649,-0.0047342371422423035,0.019420394679096877
XOM,2020-02-18,45.87,46.06,45.34,45.67,45.67,18948500,Energy,46.25599999999999,46.2,47.497499999999995,50.4208,46.68563881809314,48.0594459193172,-1.3738071012240596,-1.3951334732288843,46.25,10855300.0,45.73,20934500.0,45.66,27389300.0,35.445544554455424,-0.13120489831619508,0.02190100744634549,-0.012540540540540546,0.01841734037228587
XOM,2020-02-19,45.84,46.23,45.63,46.02,46.02,12804900,Energy,46.227999999999994,46.293,47.257999999999996,50.3126,46.58323284607881,47.90837585121963,-1.3251430051408235,-1.3811353796112722,45.67,18948500.0,46.16,14908700.0,45.09,31922100.0,39.1434262948207,-0.3032928942807489,2.0625415834996774,0.007663674184366087,0.017975822161672476
XOM,2020-02-20,45.93,46.17,45.55,45.65,45.65,14817200,Energy,46.012,46.142,47.0145,50.1804,46.43965856206668,47.74108875112929,-1.3014301890626072,-1.3651943415015393,46.02,12804900.0,46.73,17862100.0,47.16,32099200.0,34.54545454545452,-2.3111491547185947,-3.2018659881255296,-0.008039982616253938,0.009487475249168802
XOM,2020-02-21,45.39,45.39,44.84,45.1,45.1,20315700,Energy,45.738,46.0,46.759499999999996,50.035,46.233557244825654,47.54545254734194,-1.3118953025162838,-1.3545345337044883,45.65,14817200.0,46.47,16949400.0,46.52,16055400.0,40.47337278106507,-2.9481385840327,-3.0524505588994,-0.012048192771084265,0.009313313001508198
XOM,2020-02-24,43.94,44.08,42.98,42.98,42.98,32096600,Energy,45.084,45.676,46.415499999999994,49.8562,45.73300997639094,47.20727087716846,-1.474260900777523,-1.3784798071190953,45.1,20315700.0,46.25,10855300.0,46.22,15112500.0,35.92436974789915,-7.0702702702702735,-7.009952401557773,-0.04700665188470077,0.016787157852495276
XOM,2020-02-25,43.28,43.28,41.16,41.34,41.34,36414500,Energy,44.217999999999996,45.237,46.049,49.646,45.05716228771541,46.77265821960043,-1.7154959318850231,-1.445883032072281,42.98,32096600.0,45.67,18948500.0,45.73,20934500.0,32.29461756373935,-9.481059776658629,-9.599825060135569,-0.0381572824569566,0.019470717056530272
XOM,2020-02-26,41.6,41.81,40.37,40.43,40.43,29801000,Energy,43.1,44.664,45.64,49.396800000000006,44.34529116652842,46.30283168481522,-1.9575405182867982,-1.5482145293151848,41.34,36414500.0,46.02,12804900.0,46.16,14908700.0,14.316012725344663,-12.146892655367235,-12.413344887348343,-0.022012578616352307,0.018527550043746954
XOM,2020-02-27,39.44,39.99,37.98,38.0,38.0,48141300,Energy,41.57,43.791000000000004,45.129999999999995,49.1158,43.369092525524046,45.68780711556965,-2.3187145900456017,-1.7023145414612684,40.43,29801000.0,45.65,14817200.0,46.73,17862100.0,12.032085561497325,-16.757940854326392,-18.68178900064198,-0.060103883255008705,0.02144608722560098
XOM,2020-02-28,37.19,39.23,36.61,39.23,39.23,62446700,Energy,40.396,43.067,44.656,48.8478,42.73230906005881,45.20945103293486,-2.4771419728760478,-1.8572800277442243,38.0,48141300.0,45.1,20315700.0,46.47,16949400.0,21.234567901234556,-13.015521064301561,-15.579944049924688,0.0323684210526316,0.02697503463296972
XOM,2020-03-02,40.11,41.1,38.99,41.09,41.09,38127600,Energy,40.017999999999994,42.551,44.375,48.6218,42.479646127742065,44.90430651197672,-2.424660384234656,-1.9707560990423107,39.23,62446700.0,42.98,32096600.0,46.25,10855300.0,32.84023668639057,-4.397394136807797,-11.156756756756748,0.047412694366556485,0.03369682995032939
XOM,2020-03-03,41.14,41.3,38.88,39.12,39.12,50580700,Energy,39.574,41.896,44.048,48.3536,41.962777492704824,44.47583936294141,-2.5130618702365837,-2.0792172532811657,41.09,38127600.0,41.34,36414500.0,45.67,18948500.0,26.626826029216488,-5.370101596516708,-14.342018830742287,-0.047943538573862354,0.0356510133989528
XOM,2020-03-04,39.83,40.02,38.99,39.98,39.98,24079600,Energy,39.484,41.291999999999994,43.792500000000004,48.10980000000001,41.65773480151946,44.142814224945745,-2.485079423426285,-2.1603896873101895,39.12,50580700.0,40.43,29801000.0,46.02,12804900.0,28.01302931596092,-1.1130348750927554,-13.124728378965678,0.02198364008179965,0.03691805669594606
XOM,2020-03-05,38.45,38.67,37.4,38.22,38.22,40788200,Energy,39.528,40.549,43.3455,47.822599999999994,41.12885252436262,43.70408724532014,-2.5752347209575177,-2.2433586940396553,39.98,24079600.0,38.0,48141300.0,45.65,14817200.0,25.519287833827903,0.5789473684210567,-16.276013143483027,-0.04402201100550274,0.03807777238204871
XOM,2020-03-06,37.25,37.38,36.0,36.37,36.37,55640500,Energy,38.955999999999996,39.676,42.838,47.493,40.396721366768375,43.160821523444575,-2.7641001566762,-2.347506986566964,38.22,40788200.0,39.23,62446700.0,45.1,20315700.0,23.268398268398286,-7.290339026255421,-19.3569844789357,-0.04840397697540555,0.03927423207581533
XOM,2020-03-09,31.81,33.99,31.12,31.92,31.92,72896300,Energy,37.122,38.57,42.123000000000005,47.078599999999994,39.09261038726555,42.3281680772635,-3.235557689997947,-2.5251171272531607,36.37,55640500.0,41.09,38127600.0,42.98,32096600.0,19.239373601789723,-22.316865417376498,-25.73289902280129,-0.12235358812207853,0.05052247415991351
XOM,2020-03-10,35.21,35.28,31.61,33.11,33.11,60445900,Energy,35.92,37.747,41.492000000000004,46.6862,38.1722087892247,41.64534081228102,-3.4731320230563227,-2.714720106413793,31.92,72896300.0,39.12,50580700.0,41.34,36414500.0,22.164726175075458,-15.362985685071573,-19.908079342041617,0.037280701754385914,0.054345176343790075
XOM,2020-03-11,32.33,33.16,31.84,32.02,32.02,51986100,Energy,34.328,36.90599999999999,40.785000000000004,46.2756,37.225715129343975,40.932352603963906,-3.7066374746199315,-2.913103580055021,33.11,60445900.0,39.98,24079600.0,40.43,29801000.0,21.497281472187368,-19.90995497748873,-20.80138511006677,-0.03292056780428865,0.054486425899081196
XOM,2020-03-12,30.43,31.0,28.22,28.36,28.36,65725300,Energy,32.35600000000001,35.94199999999999,39.8665,45.798,35.861758955598745,40.001067225892506,-4.1393082702937605,-3.1583445181027687,32.02,51986100.0,38.22,40788200.0,38.0,48141300.0,19.022945965951152,-25.798011512297226,-25.368421052631586,-0.11430356027482835,0.061036387341882256
XOM,2020-03-13,30.51,30.61,26.69,29.07,29.07,79891500,Energy,30.896000000000004,34.926,38.9965,45.330200000000005,34.816872962429706,39.19135854249306,-4.374485580063357,-3.4015727304948866,28.36,65725300.0,36.37,55640500.0,39.23,62446700.0,22.842639593908643,-20.0714874896893,-25.89854703033392,0.025035260930888592,0.060282044561255084
XOM,2020-03-16,26.24,28.89,25.36,26.3,26.3,48924700,Energy,29.772,33.446999999999996,37.999,44.79,33.5065848143636,38.236443094900984,-4.729858280537385,-3.6672298405033867,29.07,79891500.0,31.92,72896300.0,41.09,38127600.0,21.877337322363502,-17.606516290726816,-35.99415916281335,-0.09528723770209835,0.057309946316343424
XOM,2020-03-17,26.85,28.51,26.08,28.07,28.07,41204400,Energy,28.764000000000003,32.342,37.119,44.293800000000005,32.670187150615355,37.48337323601943,-4.813186085404077,-3.896421089483525,26.3,48924700.0,33.11,60445900.0,39.12,50580700.0,27.608695652173907,-15.221987315010566,-28.246421267893652,0.06730038022813689,0.0668036498503335
XOM,2020-03-18,26.35,28.0,23.82,25.26,25.26,54036400,Energy,27.412,30.870000000000005,36.081,43.7334,31.530158358212994,36.577938181499476,-5.047779823286483,-4.126692836244117,28.07,41204400.0,32.02,51986100.0,39.98,24079600.0,27.23373838456041,-21.111805121798877,-36.81840920460229,-0.10010687566797283,0.06728682556780183
XOM,2020-03-19,25.72,26.62,24.67,26.26,26.26,49412400,Energy,26.992,29.674,35.1115,43.2016,30.719364764641764,35.81364646435137,-5.094281699709608,-4.320210608937215,25.26,54036400.0,28.36,65725300.0,38.22,40788200.0,26.630630630630648,-7.404795486600834,-31.29251700680271,0.03958828186856689,0.07213510890601478
XOM,2020-03-20,26.57,26.83,24.07,24.97,24.97,76534600,Energy,26.172000000000004,28.534,34.105000000000004,42.66,29.83484710854303,35.01041339291794,-5.175566284374909,-4.491281744024754,26.26,49412400.0,29.07,79891500.0,36.37,55640500.0,20.34584253127298,-14.103887168902652,-31.344514709925765,-0.049124143183549185,0.07215098207809655
XOM,2020-03-23,24.81,24.94,22.96,23.99,23.99,56952500,Energy,25.71,27.740999999999996,33.1555,42.0908,28.935639861074872,34.19408647492402,-5.258446613849149,-4.644714717989633,24.97,76534600.0,26.3,48924700.0,31.92,72896300.0,21.114929362352044,-8.783269961977192,-24.843358395989977,-0.039247096515819035,0.0653738692958893
XOM,2020-03-24,26.25,27.58,25.42,27.03,27.03,61835600,Energy,25.502000000000002,27.133000000000003,32.44,41.59179999999999,28.642464497832584,33.66341340270743,-5.020948904874842,-4.719961555366675,23.99,56952500.0,28.07,41204400.0,33.11,60445900.0,27.17659499471273,-3.7050231563947267,-18.363032316520687,0.12671946644435184,0.07959234406493056
XOM,2020-03-25,27.84,29.43,26.83,28.44,28.44,56607700,Energy,26.137999999999998,26.775,31.840500000000002,41.111000000000004,28.611316113550647,33.276493891395766,-4.66517777784512,-4.709004799862364,27.03,61835600.0,25.26,54036400.0,32.02,51986100.0,32.54817987152035,12.589073634204272,-11.18051217988757,0.052164261931187506,0.08223319300763984
XOM,2020-03-26,28.6,30.17,28.0,29.61,29.61,46722000,Energy,26.808,26.9,31.421000000000003,40.662600000000005,28.764959788389007,33.00490175129238,-4.239941962903373,-4.615192232470566,28.44,56607700.0,26.26,49412400.0,28.36,65725300.0,37.637161667885884,12.757044935262751,4.407616361071942,0.04113924050632911,0.07437472395296567
XOM,2020-03-27,28.32,28.74,27.61,28.18,28.18,51558600,Energy,27.45,26.811,30.8685,40.187200000000004,28.674965974790698,32.64750162156702,-3.9725356467763184,-4.486660915331717,29.61,46722000.0,24.97,76534600.0,29.07,79891500.0,42.3108552631579,12.855426511814173,-3.0615755073959416,-0.04829449510300576,0.07597675949110796
XOM,2020-03-30,27.63,29.1,27.35,28.6,28.6,45835000,Energy,28.372000000000003,27.041000000000004,30.244,39.7244,28.66343274789982,32.34768668663612,-3.6842539387363047,-4.3261795200126345,28.18,51558600.0,23.99,56952500.0,26.3,48924700.0,40.42462845010616,19.21634014172573,8.745247148288971,0.014904187366926891,0.0683080699958785
XOM,2020-03-31,29.24,30.09,28.5,28.96,28.96,41491600,Energy,28.758,27.130000000000003,29.736,39.272600000000004,28.709058478992155,32.09674693207049,-3.387688453078333,-4.138481306625774,28.6,45835000.0,27.03,61835600.0,28.07,41204400.0,43.29535495179667,7.140214576396597,3.1706448165301104,0.012587412587412583,0.06538189339880578
XOM,2020-04-01,28.11,29.51,27.71,28.62,28.62,36045900,Energy,28.794,27.466,29.168,38.8288,28.695357174531825,31.83921012228749,-3.143852947755665,-3.9395556348517524,28.96,41491600.0,28.44,56607700.0,25.26,54036400.0,50.66666666666667,0.6329113924050667,13.30166270783848,-0.011740331491712719,0.0546902491764773
XOM,2020-04-02,29.54,32.0,28.9,30.81,30.81,62000200,Energy,29.034000000000002,27.921000000000003,28.797500000000003,38.4346,29.020686839988464,31.76297233545138,-2.742285495462916,-3.700101606973985,28.62,36045900.0,29.61,46722000.0,26.26,49412400.0,54.14680648236415,4.052684903748727,17.32673267326732,0.0765199161425576,0.057779678622662964
XOM,2020-04-03,31.61,32.17,29.38,29.9,29.9,48425700,Energy,29.377999999999997,28.413999999999998,28.474,38.028600000000004,29.155965787682547,31.624974384677206,-2.4690085969946587,-3.45388300497812,30.81,62000200.0,28.18,51558600.0,24.97,76534600.0,59.414225941422586,6.103619588360543,19.743692430917093,-0.029535864978902926,0.055556963262651325
XOM,2020-04-06,30.41,31.14,29.92,30.86,30.86,41301900,Energy,29.830000000000002,29.101,28.421,37.6486,29.41812489726985,31.56830961544186,-2.15018471817201,-3.193143347616898,29.9,48425700.0,28.6,45835000.0,23.99,56952500.0,57.618787547788095,7.902097902097904,28.636932055022935,0.03210702341137117,0.05161251754580049
XOM,2020-04-07,32.72,33.04,31.39,31.45,31.45,48921800,Energy,30.327999999999996,29.543,28.338,37.304199999999994,29.730721066920644,31.55954594022394,-1.8288248733032972,-2.9202796527541777,30.86,41301900.0,28.96,41491600.0,27.03,61835600.0,69.23555003107519,8.598066298342545,16.35220125786163,0.019118600129617525,0.03780244101948329
XOM,2020-04-08,31.99,33.59,31.63,33.44,33.44,33355600,Energy,31.291999999999994,30.042999999999996,28.409,37.0008,30.30137936431747,31.698838833540684,-1.3974594692232145,-2.6157156160479853,31.45,48921800.0,28.62,36045900.0,28.44,56607700.0,71.01873536299765,16.841369671558336,17.580872011251735,0.06327503974562787,0.03912691664750197
XOM,2020-04-09,34.67,35.62,31.83,32.89,32.89,60107300,Energy,31.708,30.371000000000002,28.635499999999997,36.6946,30.699628692884012,31.787072994019155,-1.0874443011351431,-2.310061353065417,33.44,33355600.0,30.81,62000200.0,29.61,46722000.0,74.23500611995105,6.7510548523206815,11.077338736913212,-0.016447368421052544,0.039417384771973006
XOM,2020-04-13,33.9,34.08,32.01,32.61,32.61,29651900,Energy,32.25,30.814,28.8125,36.3726,30.993531970901856,31.848030550017736,-0.8544985791158801,-2.0189487982755097,32.89,60107300.0,29.9,48425700.0,28.18,51558600.0,77.55754475703326,9.063545150501673,15.72036905606813,-0.008513225904530297,0.03443254605613144
XOM,2020-04-14,32.79,33.37,31.96,32.36,32.36,30769000,Energy,32.55,31.189999999999998,29.115499999999997,36.08560000000001,31.20375782153234,31.885954212979385,-0.6821963914470466,-1.751598316909817,32.61,29651900.0,30.86,41301900.0,28.6,45835000.0,70.73929961089495,4.8606610499027925,13.146853146853132,-0.007666360012266171,0.03518756904804292
XOM,2020-04-15,31.27,31.31,30.03,30.87,30.87,33125000,Energy,32.434,31.381,29.2555,35.7898,31.152410464373517,31.81069834535128,-0.6582878809777633,-1.5329362297234064,32.36,30769000.0,31.45,48921800.0,28.96,41491600.0,59.396751740139216,-1.8441971383147848,6.595303867403324,-0.046044499381952986,0.03983624335745681
XOM,2020-04-16,30.87,30.87,29.69,29.86,29.86,30934000,Energy,31.718,31.505000000000003,29.485500000000002,35.4852,30.95357808523913,31.666202171621556,-0.7126240863824265,-1.3688738010552104,30.87,33125000.0,33.44,33355600.0,28.62,36045900.0,50.978856695379804,-10.705741626794252,4.332634521313761,-0.03271784904437969,0.04145833239654814
XOM,2020-04-17,30.41,33.04,30.41,32.96,32.96,40829100,Energy,31.732000000000006,31.72,29.820500000000003,35.2012,31.262258379817723,31.76203904779774,-0.49978066798001564,-1.1950551744401714,29.86,30934000.0,32.89,60107300.0,30.81,62000200.0,66.55124653739612,0.2128306476132602,6.978253813696855,0.10381781647689214,0.04719223562567196
XOM,2020-04-20,31.08,32.6,30.92,31.41,31.41,39260800,Energy,31.492,31.871000000000002,30.142500000000002,34.899,31.284987859845764,31.735962081294204,-0.45097422144844046,-1.0462389838418253,32.96,40829100.0,32.61,29651900.0,29.9,48425700.0,59.023763648041104,-3.679852805887762,5.050167224080271,-0.04702669902912626,0.04901615246190286
XOM,2020-04-21,30.81,32.13,30.22,31.24,31.24,44381600,Energy,31.268,31.909000000000002,30.505000000000003,34.5994,31.27806665063872,31.699224149346485,-0.421157498707764,-0.9212226868150131,31.41,39260800.0,32.36,30769000.0,30.86,41301900.0,57.41222366710013,-3.4610630407911014,1.2313674659753637,-0.00541228907991087,0.04822448757549784
XOM,2020-04-22,32.49,32.74,31.92,32.13,32.13,27074200,Energy,31.520000000000003,31.977000000000004,30.76,34.3274,31.409133319771225,31.731133471617113,-0.3220001518458879,-0.8013781798211881,31.24,44381600.0,30.87,33125000.0,31.45,48921800.0,61.01694915254238,4.081632653061229,2.1621621621621623,0.028489116517285584,0.048677841964366544
XOM,2020-04-23,32.89,34.06,32.65,33.14,33.14,35271000,Energy,32.176,31.947000000000003,30.994999999999997,34.067,31.675420501344885,31.83549395520103,-0.16007345385614613,-0.6731172346281797,32.13,27074200.0,29.86,30934000.0,33.44,33355600.0,57.89830508474577,10.984594775619572,-0.897129186602863,0.031434796140678456,0.04522909009854512
XOM,2020-04-24,33.86,34.24,32.89,33.35,33.35,28653800,Energy,32.254000000000005,31.993000000000002,31.182,33.7994,31.933048116522595,31.947679588149104,-0.01463147162650813,-0.5414200820278455,33.14,35271000.0,32.96,40829100.0,32.89,60107300.0,62.277580071174384,1.1832524271844669,1.3986013986013957,0.006336753168376674,0.044881518913683645
XOM,2020-04-27,33.24,33.8,32.21,33.51,33.51,28274400,Energy,32.674,32.083000000000006,31.448500000000003,33.5402,32.17565609859604,32.063407026063985,0.11224907253205885,-0.4106862511158647,33.35,28653800.0,31.41,39260800.0,32.61,29651900.0,60.0,6.685768863419295,2.7598896044158217,0.004797601199400203,0.04472329265254939
XOM,2020-04-28,33.84,34.62,33.64,34.3,34.3,26545100,Energy,33.286,32.277,31.7335,33.3012,32.50247823727358,32.229080579688876,0.27339765758470236,-0.2738694693757513,33.51,28274400.0,31.24,44381600.0,32.36,30769000.0,60.59479553903345,9.795134443021759,5.995055624227441,0.023575052223216986,0.04493943208691996
XOM,2020-04-29,35.28,36.3,35.2,36.2,36.2,29502500,Energy,34.1,32.81,32.0955,33.111799999999995,33.07132773923149,32.52322275897118,0.5481049802603124,-0.10947457944853856,34.3,26545100.0,32.13,27074200.0,30.87,33125000.0,60.32934131736529,12.667289137877379,17.265954000647877,0.055393586005831,0.04311614773901326
XOM,2020-04-30,36.36,36.36,34.91,35.44,35.44,37076300,Energy,34.56,33.368,32.436499999999995,32.9002,33.4357388562728,32.73928033238072,0.6964585238920762,0.05171204121958439,36.2,29502500.0,33.14,35271000.0,29.86,30934000.0,59.3957258658806,6.940253470126723,18.687206965840588,-0.020994475138121693,0.041755995077830475
XOM,2020-05-01,34.8,35.38,32.79,32.9,32.9,35399300,Energy,34.47,33.362,32.541000000000004,32.6452,33.353317493769296,32.75118549294511,0.6021320008241844,0.1617960331405044,35.44,37076300.0,33.35,28653800.0,32.96,40829100.0,50.9159823120657,-1.3493253373313419,-0.182038834951459,-0.07167042889390518,0.03844617897102679
XOM,2020-05-04,32.42,34.27,32.2,34.23,34.23,27465600,Energy,34.614,33.644,32.7575,32.427800000000005,33.488191725497096,32.86072730828251,0.6274644172145827,0.25492970995532005,32.9,35399300.0,33.51,28274400.0,31.41,39260800.0,55.529272619751616,2.14861235452104,8.978032473734476,0.04042553191489362,0.036323846377055054
XOM,2020-05-05,35.28,35.96,34.06,34.19,34.19,29276200,Energy,34.592,33.939,32.924,32.251999999999995,33.596162229266774,32.959191952113436,0.6369702771533383,0.33133782339492374,34.23,27465600.0,34.3,26545100.0,31.24,44381600.0,60.737386804657156,-0.320699708454808,9.443021766965431,-0.0011685655857435195,0.036158086686493444
XOM,2020-05-06,34.27,34.53,33.48,33.55,33.55,22659000,Energy,34.062,34.080999999999996,33.028999999999996,32.0962,33.58906034784111,33.00295551121614,0.586104836624969,0.3822912260409328,34.19,29276200.0,36.2,29502500.0,32.13,27074200.0,62.226640159045715,-7.320441988950288,4.419545596016161,-0.01871892366188943,0.03650694295194986
XOM,2020-05-07,34.29,34.53,33.53,33.74,33.74,22160300,Energy,33.721999999999994,34.141,33.044,31.962400000000002,33.61228183278863,33.05755139927421,0.5547304335144219,0.4167790675356306,33.55,22659000.0,35.44,37076300.0,33.14,35271000.0,53.20197044334975,-4.796839729119629,1.8105009052504561,0.005663189269746738,0.03531917874434659
XOM,2020-05-08,34.56,35.25,34.3,35.22,35.22,19977400,Energy,34.18599999999999,34.327999999999996,33.1605,31.906799999999997,33.859623089282685,33.21773277710575,0.6418903121769333,0.4618013164638911,33.74,22160300.0,32.9,35399300.0,33.35,28653800.0,65.73080099091658,7.051671732522791,5.607196401799097,0.0438648488441018,0.03770161575548791
XOM,2020-05-11,35.17,35.23,34.71,34.88,34.88,22258000,Energy,34.315999999999995,34.464999999999996,33.274,31.8198,34.01660415246997,33.34086368250532,0.6757404699646443,0.5045891471640418,35.22,19977400.0,34.23,27465600.0,33.51,28274400.0,64.82084690553748,1.8989190768331943,4.088331841241444,-0.009653605905735274,0.038033298957125566
XOM,2020-05-12,35.31,35.51,34.3,34.3,34.3,25439100,Energy,34.338,34.465,33.370999999999995,31.684,34.06020351362844,33.411910817134554,0.6482926964938827,0.53332985703001,34.88,22258000.0,34.19,29276200.0,34.3,26545100.0,59.06432748538009,0.32173150043872667,0.0,-0.01662844036697264,0.03793782527472661
XOM,2020-05-13,34.0,34.11,32.34,32.6,32.6,30827900,Energy,34.147999999999996,34.105,33.457499999999996,31.553600000000003,33.83555681922407,33.35176927512459,0.4837875440994779,0.5234213944439037,34.3,25439100.0,33.55,22659000.0,36.2,29502500.0,47.86729857819906,-2.8315946348733134,-9.944751381215477,-0.04956268221574334,0.03555378654112372
XOM,2020-05-14,31.93,33.08,31.25,32.89,32.89,24856500,Energy,33.978,33.85,33.608999999999995,31.4118,33.69008653934344,33.31756414363388,0.37252239570955936,0.4932415946970348,32.6,30827900.0,33.74,22160300.0,35.44,37076300.0,48.19466248037676,-2.5192649673977496,-7.195259593679449,0.008895705521472452,0.03576803049026339
XOM,2020-05-15,32.95,33.44,32.54,32.65,32.65,22445600,Energy,33.464,33.825,33.59349999999999,31.3004,33.530073225598294,33.26811494780915,0.26195827778914094,0.4469849313154561,32.89,24856500.0,35.22,19977400.0,32.9,35399300.0,46.64586583463339,-7.296990346394095,-0.7598784194528863,-0.007297050775311731,0.027686687240295434
XOM,2020-05-18,34.52,35.44,34.25,35.25,35.25,32026100,Energy,33.538,33.927,33.7855,31.278000000000002,33.79467734473702,33.41492124797144,0.37975609676557553,0.43353916440548,32.65,22445600.0,34.88,22258000.0,34.23,27465600.0,53.24675324675326,1.0607798165137572,2.979842243645936,0.07963246554364467,0.03572291260972388
XOM,2020-05-19,35.41,36.25,34.15,34.16,34.16,21771600,Energy,33.510000000000005,33.924,33.9315,31.322799999999997,33.85088083016209,33.47011226664022,0.38076856352186894,0.4229850442287578,35.25,32026100.0,34.3,25439100.0,34.19,29276200.0,42.619392185238766,-0.40816326530612734,-0.08774495466511434,-0.030921985815602904,0.03735691172791059
XOM,2020-05-20,34.69,35.44,34.65,35.27,35.27,19352400,Energy,34.044,34.096000000000004,34.088499999999996,31.366,34.069206856291,33.603437283926134,0.46576957236486294,0.4315419498559789,34.16,21771600.0,32.6,30827900.0,33.55,22659000.0,49.400141143260434,8.190184049079763,5.126676602086455,0.03249414519906346,0.03793126616877988
XOM,2020-05-21,35.33,35.6,34.51,34.64,34.64,19130700,Energy,34.394,34.186,34.1635,31.418400000000002,34.157021186092386,33.68021970733901,0.476801478753373,0.4405938556354577,35.27,19352400.0,32.89,24856500.0,33.74,22160300.0,57.096247960848295,5.320766190331416,2.667457024303488,-0.017862205840657897,0.038652935360890275
XOM,2020-05-22,34.25,34.73,33.78,34.67,34.67,15406400,Energy,34.797999999999995,34.131,34.229499999999994,31.5446,34.23594100361664,33.753536766054644,0.4824042375619939,0.44895593202076495,34.64,19130700.0,32.65,22445600.0,35.22,19977400.0,52.00729927007301,6.186830015313949,-1.5616127200454244,0.0008660508083140339,0.03593456780677401
XOM,2020-05-26,35.56,36.0,35.35,35.69,35.69,20356500,Energy,34.886,34.212,34.338499999999996,31.677,34.459642387675615,33.89697848708763,0.5626639005879852,0.47169752573420903,34.67,15406400.0,35.25,32026100.0,34.88,22258000.0,56.281407035175874,1.2482269503546028,2.322247706421998,0.02942024805307164,0.03699814158501793
XOM,2020-05-27,36.28,36.65,35.3,35.95,35.95,20788300,Energy,35.244,34.376999999999995,34.42100000000001,31.87,34.68892817418706,34.04905415471077,0.6398740194762951,0.5053328244826263,35.69,20356500.0,34.16,21771600.0,34.3,25439100.0,60.380622837370254,5.240046838407508,4.810495626822164,0.007284953768562863,0.036362788898884425
XOM,2020-05-28,36.1,36.12,34.93,35.02,35.02,19698000,Energy,35.194,34.61900000000001,34.362,32.00899999999999,34.739862301235206,34.120976069176635,0.6188862320585713,0.5280435059978154,35.95,20788300.0,35.27,19352400.0,32.6,30827900.0,55.203252032520325,-0.7088176920895917,7.423312883435584,-0.025869262865090392,0.03300838547354926
XOM,2020-05-29,34.84,35.52,34.49,35.35,35.35,25874700,Energy,35.336,34.864999999999995,34.3575,32.2108,34.833729639506714,34.21201487886726,0.6217147606394562,0.5467777569261435,35.02,19698000.0,34.64,19130700.0,32.89,24856500.0,50.58295964125562,2.04965357967668,7.479477044694449,0.009423186750428192,0.03301099328140096
XOM,2020-06-01,35.23,36.11,34.83,35.98,35.98,19031000,Energy,35.598,35.198,34.5115,32.4052,35.01007892573645,34.342976739691906,0.667102186044545,0.5708426427498239,35.35,25874700.0,34.67,15406400.0,32.65,22445600.0,54.80769230769227,3.7784828381886237,10.199081163859102,0.017821782178217616,0.03269576541564225
XOM,2020-06-02,36.43,36.89,36.35,36.78,36.78,22319000,Energy,35.816,35.351,34.639,32.6414,35.28237447562315,34.52349698119621,0.7588774944269403,0.6084496130852473,35.98,19031000.0,35.69,20356500.0,35.25,32026100.0,60.63464837049743,3.0540767722051054,4.340425531914893,0.022234574763757786,0.02265428963929842
XOM,2020-06-03,37.32,38.41,37.28,38.28,38.28,23418000,Energy,36.282,35.763000000000005,34.8435,32.9272,35.74354763321959,34.801756464070564,0.9417911691490275,0.6751179242980033,36.78,22319000.0,35.95,20788300.0,34.16,21771600.0,74.78184991273993,6.481223922114032,12.060889929742412,0.040783034257748874,0.021520244325272893
XOM,2020-06-04,38.0,38.21,37.44,38.17,38.17,18731400,Energy,36.912,36.053,35.0745,33.15,36.116847997339654,35.05125598525052,1.0655920120891338,0.7532127418562294,38.28,23418000.0,35.02,19698000.0,35.27,19352400.0,73.4042553191489,8.994860079954314,8.22228522823929,-0.002873563218390829,0.020602424098985887
XOM,2020-06-05,40.15,41.55,40.12,41.27,41.27,41328900,Energy,38.096,36.716,35.451,33.406600000000005,36.909640613133554,35.51190369004678,1.397736923086775,0.8821175781023387,38.17,18731400.0,35.35,25874700.0,34.64,19130700.0,80.48090523338047,16.746817538896753,19.139722863741348,0.08121561435682478,0.02887871307444612
XOM,2020-06-08,42.54,43.04,41.56,42.56,42.56,33579400,Energy,39.412,37.505,35.818,33.6656,37.778926672651465,36.03398489819146,1.7449417744600026,1.0546824173738716,41.27,41328900.0,35.98,19031000.0,34.67,15406400.0,78.4879189399844,18.287937743190685,22.757427170464382,0.03125757208626112,0.02846788335222748
XOM,2020-06-09,41.11,41.96,40.78,41.61,41.61,27276900,Energy,40.378,38.097,36.1545,33.9342,38.36832256916662,36.44702305388098,1.9212995152856394,1.2280058369562252,42.56,33579400.0,36.78,22319000.0,35.69,20356500.0,79.35382190701338,13.132137030995095,16.587279349957985,-0.022321428571428603,0.031338888722746844
XOM,2020-06-10,41.59,41.59,39.34,39.38,39.38,31156800,Energy,40.598,38.440000000000005,36.408500000000004,34.1498,38.52396525083329,36.664280605445356,1.8596846453879365,1.3543415986425675,41.61,27276900.0,38.28,23418000.0,35.95,20788300.0,64.88052136133237,2.8735632183908066,9.541029207232254,-0.05359288632540249,0.038330484709623476
XOM,2020-06-11,36.95,37.97,35.84,35.9,35.9,39183000,Energy,40.144,38.528,36.5735,34.2886,38.12027828916663,36.607667227264216,1.5126110619024118,1.3859954912945365,39.38,31156800.0,38.17,18731400.0,35.02,19698000.0,53.781512605042,-5.947078857741694,2.512849800114214,-0.0883697308278315,0.048532218634870755
XOM,2020-06-12,37.35,37.8,35.69,36.67,36.67,30978100,Energy,39.224000000000004,38.660000000000004,36.7625,34.449600000000004,37.89715855237176,36.612284469689094,1.2848740826826628,1.365771209572162,35.9,39183000.0,41.27,41328900.0,35.35,25874700.0,55.74712643678161,-11.14611097649625,3.7340876944837342,0.021448467966573848,0.04884169250009552
XOM,2020-06-15,35.26,37.13,34.79,36.65,36.65,27929300,Energy,38.042,38.727,36.9625,34.5664,37.70528800585303,36.61507821267509,1.0902097931779409,1.3106589262933177,36.67,30978100.0,42.56,33579400.0,35.98,19031000.0,52.926829268292686,-13.886278195488732,1.8621456364647182,-0.0005454049631852254,0.04864087532637907
XOM,2020-06-16,38.54,38.68,36.73,37.47,37.47,26203400,Energy,37.214,38.79600000000001,37.073499999999996,34.717800000000004,37.669089851106406,36.678405752476934,0.9906840986294725,1.2466639607605488,36.65,27929300.0,41.61,27276900.0,36.78,22319000.0,54.481132075471685,-9.949531362653207,1.8760195758564358,0.022373806275579833,0.048647036686036864
XOM,2020-06-17,37.32,37.42,36.23,36.25,36.25,19279400,Energy,36.588,38.593,37.178,34.8256,37.45076833555157,36.6466719930342,0.8040963425173757,1.1581504371119142,37.47,26203400.0,39.38,31156800.0,38.28,23418000.0,53.56521739130433,-7.94819705434231,-5.30303030303031,-0.03255938083800369,0.04782914936618808
XOM,2020-06-18,35.85,36.8,35.58,36.48,36.48,21478700,Energy,36.70399999999999,38.42399999999999,37.2385,34.9262,37.301419360851334,36.63432591947611,0.6670934413752221,1.059939037964576,36.25,19279400.0,35.9,39183000.0,38.17,18731400.0,53.29446064139941,1.6155988857938564,-4.427560911710781,0.006344827586206803,0.04795044923505388
XOM,2020-06-19,37.49,37.52,35.75,35.75,35.75,48899900,Energy,36.519999999999996,37.872,37.294,34.9724,37.0627394591819,36.568820295811214,0.4939191633706841,0.9467350630457976,36.48,21478700.0,36.67,30978100.0,41.27,41328900.0,49.33333333333334,-2.508862830651759,-13.3753331717955,-0.020010964912280604,0.0376673977351728
XOM,2020-06-22,35.52,36.1,35.3,36.09,36.09,17565400,Energy,36.408,37.225,37.365,35.0364,36.91308723469238,36.53335212575112,0.3797351089412544,0.833335072224889,35.75,48899900.0,36.65,27929300.0,42.56,33579400.0,47.94520547945206,-1.5279672578444647,-15.202067669172925,0.009510489510489606,0.03534622919327071
XOM,2020-06-23,36.46,36.71,36.15,36.31,36.31,18916600,Energy,36.176,36.695,37.396,35.1104,36.82030458320124,36.51680752384363,0.3034970593576105,0.7273674696514333,36.09,17565400.0,37.47,26203400.0,41.61,27276900.0,43.64925854287557,-3.095809981318376,-12.737322758952164,0.006095871432529654,0.03589919573328206
XOM,2020-06-24,35.69,35.73,34.4,34.6,34.6,27626900,Energy,35.846000000000004,36.217,37.3285,35.1552,36.47871926270874,36.3748217813367,0.10389748137204435,0.6026734719955555,36.31,18916600.0,36.25,19279400.0,39.38,31156800.0,39.56750438340153,-4.551724137931035,-12.138141188420516,-0.04709446433489395,0.035131963942138224
XOM,2020-06-25,34.25,35.17,33.97,35.12,35.12,19353600,Energy,35.574,36.138999999999996,37.3335,35.2402,36.26968552998432,36.2818720197562,-0.012186489771877973,0.4797014796420689,34.6,27626900.0,36.48,21478700.0,35.9,39183000.0,28.836889194769427,-3.7280701754385914,-2.1727019498607225,0.015028901734103872,0.023559450421865642
XOM,2020-06-26,34.89,34.94,33.82,33.91,33.91,31518600,Energy,35.206,35.863,37.2615,35.321200000000005,35.90665698690981,36.106177796070554,-0.19952080916074522,0.3438570218815061,35.12,19353600.0,35.75,48899900.0,36.67,30978100.0,20.069204152249114,-5.146853146853159,-7.526588491955288,-0.03445330296127569,0.024020674433390437
XOM,2020-06-29,34.06,34.66,33.85,34.46,34.46,17052100,Energy,34.88,35.644,37.185500000000005,35.351200000000006,35.68409437353907,35.98423870006533,-0.3001443265262651,0.21505675219995185,33.91,31518600.0,36.09,17565400.0,36.65,27929300.0,24.555160142348768,-4.516486561374345,-5.97544338335606,0.01621940430551483,0.02512217085585224
XOM,2020-06-30,33.76,34.96,33.55,34.77,34.77,22153600,Energy,34.572,35.374,37.084999999999994,35.4184,35.54346446991767,35.89429509265308,-0.3508306227354083,0.10187927721287983,34.46,17052100.0,36.31,18916600.0,37.47,26203400.0,30.99752679307504,-4.241255852382264,-7.205764611689336,0.008995937318630354,0.023771862907055828
XOM,2020-07-01,34.59,35.28,33.95,33.98,33.98,17290100,Energy,34.44799999999999,35.147,36.87,35.4732,35.30293147454572,35.75249545616026,-0.4495639816145385,-0.008409374552603835,34.77,22153600.0,34.6,27626900.0,36.25,19279400.0,39.83050847457628,-1.7919075144508856,-6.262068965517253,-0.022720736266896968,0.022788584416100446
XOM,2020-07-02,34.69,35.13,34.15,34.27,34.27,18216600,Energy,34.278000000000006,34.926,36.675,35.516000000000005,35.14401894000023,35.64268097792616,-0.4986620379259321,-0.10645990722726949,33.98,17290100.0,35.12,19353600.0,36.48,21478700.0,36.60714285714289,-2.4202733485193417,-6.058114035087703,0.008534432018834748,0.022932665614256095
XOM,2020-07-06,34.73,35.05,34.08,34.51,34.51,22692000,Energy,34.398,34.80200000000001,36.337,35.5434,35.04647756461558,35.55877868326496,-0.5123011186493827,-0.18762814951169213,34.27,18216600.0,33.91,31518600.0,35.75,48899900.0,38.34422657952071,1.7693895606015975,-3.468531468531477,0.007003209804493649,0.022687230299151633
XOM,2020-07-07,34.13,34.21,33.52,33.62,33.62,17407600,Energy,34.230000000000004,34.555,35.89,35.5488,34.82701947775164,35.41516544746756,-0.5881459697159173,-0.26773171355253716,34.51,22692000.0,34.46,17052100.0,36.09,17565400.0,29.189189189189207,-2.4376088218224123,-6.844001108340281,-0.02578962619530578,0.023214707936272845
XOM,2020-07-08,33.55,34.15,33.31,33.54,33.54,18291400,Energy,33.983999999999995,34.278,35.4865,35.5494,34.62901648117446,35.2762643032107,-0.6472478220362419,-0.34363493524927813,33.62,17407600.0,34.77,22153600.0,36.31,18916600.0,33.29223181257707,-3.5375323554788674,-7.6287524098044734,-0.002379535990481796,0.02284258202684283
XOM,2020-07-09,33.35,33.51,32.1,32.15,32.15,25882000,Energy,33.618,34.033,35.125,35.5064,34.24762933022454,35.04468916963954,-0.7970598394149988,-0.43431991608242226,33.54,18291400.0,33.98,17290100.0,34.6,27626900.0,26.645091693635408,-5.385520894643903,-7.080924855491332,-0.04144305307096008,0.021805042442187797
XOM,2020-07-10,31.97,33.2,31.95,33.16,33.16,18951000,Energy,33.396,33.837,34.988,35.445600000000006,34.08030174095923,34.905082564481056,-0.8247808235218272,-0.5124120975703033,32.15,25882000.0,34.27,18216600.0,35.12,19353600.0,36.43979057591623,-3.2389845345783708,-5.5808656036446465,0.031415241057542787,0.0241431782236461
XOM,2020-07-13,33.41,33.66,32.83,33.17,33.17,20028300,Energy,33.128,33.763,34.813,35.4002,33.94025531927319,34.77655793007506,-0.8363026108018659,-0.5771902002166158,33.16,18951000.0,34.51,22692000.0,33.91,31518600.0,34.16485900216921,-3.882932483338153,-2.182247124741954,0.0003015681544029647,0.021903720543782253
XOM,2020-07-14,33.06,34.35,32.85,34.26,34.26,21444100,Energy,33.25599999999999,33.743,34.69349999999999,35.4274,33.989446808615774,34.73829437969913,-0.7488475710833526,-0.6115216743899632,33.17,20028300.0,33.62,17407600.0,34.46,17052100.0,39.8414271555996,1.903628792385481,-0.5803830528148701,0.032861018993065816,0.023974873257679538
XOM,2020-07-15,35.01,35.05,34.37,34.7,34.7,17332400,Energy,33.488,33.736,34.555,35.4368,34.09876268421335,34.73545775898067,-0.6366950747673243,-0.6165563544654354,34.26,21444100.0,33.54,18291400.0,34.77,22153600.0,50.56689342403629,3.458556946929048,-0.2013229795800986,0.012842965557501529,0.024171067454991264
XOM,2020-07-16,34.45,34.84,34.04,34.42,34.42,14673700,Energy,33.94199999999999,33.78,34.463499999999996,35.4414,34.14818380971899,34.712090517574694,-0.5639067078557076,-0.6060264251434899,34.7,17332400.0,32.15,25882000.0,33.98,17290100.0,45.92074592074596,7.06065318818041,1.2948793407887127,-0.008069164265129714,0.023054872590516296
XOM,2020-07-17,34.46,34.74,33.73,33.83,33.83,17958900,Energy,34.076,33.736,34.331,35.446999999999996,34.099232454377606,34.646750479235834,-0.5475180248582276,-0.5943247450864375,34.42,14673700.0,33.16,18951000.0,34.27,18216600.0,49.497487437185946,2.020506634499397,-1.2839217974905281,-0.017141196978500917,0.02361085971362707
XOM,2020-07-20,33.59,33.83,33.03,33.04,33.04,18553900,Energy,34.05,33.589,34.195499999999996,35.433,33.93627361524259,34.52773192521836,-0.5914583099757706,-0.5937514580643042,33.83,17958900.0,33.17,20028300.0,34.51,22692000.0,41.341463414634156,-0.3919204100090501,-4.259634888438136,-0.02335205438959498,0.02440003021911142
XOM,2020-07-21,33.55,35.13,33.52,34.71,34.71,28821800,Energy,34.14,33.69799999999999,34.1265,35.4228,34.05530844366681,34.541233264091076,-0.4859248204242661,-0.5721861305362965,33.04,18553900.0,34.26,21444100.0,33.62,17407600.0,49.68619246861923,1.3134851138353776,3.24211778703154,0.05054479418886193,0.028455451354539682
XOM,2020-07-22,34.32,34.32,33.72,33.9,33.9,21345400,Energy,33.980000000000004,33.734,34.006,35.4032,34.03141483694884,34.49373450378803,-0.4623196668391927,-0.5502128377968758,34.71,28821800.0,34.7,17332400.0,33.54,18291400.0,49.58246346555325,-2.3054755043227737,1.073345259391778,-0.023336214347450368,0.029686403632513146
XOM,2020-07-23,33.74,34.07,33.45,33.97,33.97,17934400,Energy,33.89,33.916,33.9745,35.39660000000001,34.021966400495174,34.454939355359286,-0.4329729548641126,-0.5267648612103232,33.9,21345400.0,34.42,14673700.0,32.15,25882000.0,48.39743589743588,-1.3073794305636377,5.660964230171084,0.0020648967551621933,0.025607583083758326
XOM,2020-07-24,34.11,34.53,33.58,33.76,33.76,16415300,Energy,33.876,33.976,33.9065,35.4198,33.98166387734207,34.40346236607341,-0.4217984887313406,-0.5057715867145267,33.97,17934400.0,33.83,17958900.0,33.16,18951000.0,45.98070739549839,-0.20691693762932006,1.8094089264173663,-0.006181925228142537,0.024149528501954575
XOM,2020-07-27,33.61,34.28,33.41,34.26,34.26,18547900,Energy,34.12,34.084999999999994,33.924,35.4472,34.02448481928945,34.39283552414205,-0.36835070485260246,-0.4782874103421419,33.76,16415300.0,33.04,18553900.0,33.17,20028300.0,53.57941834451901,3.6924939467312345,3.2861018993065816,0.014810426540284416,0.024466343454432708
XOM,2020-07-28,34.14,34.4,33.79,33.86,33.86,19190500,Energy,33.95,34.045,33.894,35.471399999999996,33.99917946247569,34.35336622605745,-0.35418676358176526,-0.4534672809900666,34.26,18547900.0,34.71,28821800.0,34.26,21444100.0,51.72786177105832,-2.4488619994238014,-1.1675423234092208,-0.011675423234092208,0.022503530853352997
XOM,2020-07-29,33.98,34.28,33.69,34.23,34.23,14143200,Energy,34.016,33.998000000000005,33.867000000000004,35.451,34.0346903144025,34.344227987090235,-0.3095376726877319,-0.4246813593295997,33.86,19190500.0,33.9,21345400.0,34.7,17332400.0,62.62135922330094,0.9734513274336276,-1.354466858789638,0.010927347903130435,0.022380898018402276
XOM,2020-07-30,33.53,33.57,32.52,32.55,32.55,29901100,Energy,33.73199999999999,33.811,33.7955,35.418800000000005,33.80627641987904,34.21132221026873,-0.4050457903896927,-0.42075424554161833,34.23,14143200.0,33.97,17934400.0,34.42,14673700.0,46.57687991021325,-4.180158963791591,-5.43288785589775,-0.049079754601227044,0.02705979272677908
XOM,2020-07-31,32.0,32.78,31.8,32.71,32.71,32116200,Energy,33.522,33.699,33.7175,35.3676,33.637618509128416,34.10011315765624,-0.46249464852782296,-0.4291023261388593,32.55,29901100.0,33.76,16415300.0,33.83,17958900.0,47.46136865342163,-3.1101895734597096,-3.3106710020691654,0.004915514592934045,0.026880438670233084
XOM,2020-08-03,32.69,33.04,32.24,32.85,32.85,23033600,Energy,33.239999999999995,33.67999999999999,33.6345,35.3318,33.51644643080097,34.00751218301503,-0.49106575221406246,-0.44149501135389996,32.71,32116200.0,34.26,18547900.0,33.04,18553900.0,41.30702836004936,-4.115586690017503,-0.5750605326876435,0.004280036686028721,0.02596464294049163
XOM,2020-08-04,32.92,33.9,32.84,33.8,33.8,17724000,Energy,33.227999999999994,33.589,33.6435,35.3144,33.56007005683159,33.992140910199105,-0.43207085336751305,-0.4396101797566226,32.85,23033600.0,33.86,19190500.0,34.71,28821800.0,44.7795823665893,-0.17720023626698334,-2.621722846441954,0.028919330289193246,0.02183381861827431
XOM,2020-08-05,34.32,34.45,33.84,34.09,34.09,17175100,Energy,33.2,33.608,33.671,35.2824,33.64159774039596,33.999389731665836,-0.3577919912698775,-0.4232465420592736,33.8,17724000.0,34.23,14143200.0,33.9,21345400.0,48.0880648899189,-0.4089979550102041,0.560471976401189,0.00857988165680501,0.020744693175173468
XOM,2020-08-06,33.74,34.13,33.62,33.93,33.93,14434900,Energy,33.476,33.604,33.76,35.242000000000004,33.68596731879658,33.99424975154244,-0.3082824327458624,-0.4002537201965914,34.09,17175100.0,32.55,29901100.0,33.97,17934400.0,50.609756097560975,4.239631336405547,-0.11775095672652558,-0.0046934584922265765,0.020807308953176513
XOM,2020-08-07,33.61,33.83,33.28,33.77,33.77,18757900,Energy,33.688,33.605000000000004,33.790499999999994,35.217000000000006,33.69889542359711,33.977638658835595,-0.2787432352384869,-0.3759516232049705,33.93,14434900.0,32.71,32116200.0,33.76,16415300.0,54.82166446499341,3.240599205136041,0.029620853080580822,-0.0047155909224874115,0.020763395527363084
XOM,2020-08-10,34.2,34.67,33.9,34.6,34.6,24367800,Energy,34.038,33.639,33.862,35.202,33.83752689688986,34.02373949892185,-0.1862126020319863,-0.3380038189703737,33.77,18757900.0,32.85,23033600.0,34.26,18547900.0,49.18276374442794,5.327245053272445,0.9924109748978394,0.024578027835356675,0.021732786978152986
XOM,2020-08-11,35.37,36.09,34.77,34.96,34.96,28987500,Energy,34.27,33.749,33.897000000000006,35.181599999999996,34.010215066599116,34.09309212863134,-0.08287706203222456,-0.28697846758274387,34.6,24367800.0,33.8,17724000.0,33.86,19190500.0,58.43949044585989,3.4319526627219155,3.2486709982280093,0.010404624277456698,0.02139798385334785
XOM,2020-08-12,35.25,35.63,34.59,34.95,34.95,22503200,Energy,34.442,33.821,33.9095,35.145,34.15479736404541,34.15656678576976,-0.0017694217243544585,-0.22993665841106598,34.96,28987500.0,34.09,17175100.0,34.23,14143200.0,57.87781350482318,2.5227339395717197,2.103418054338313,-0.00028604118993125205,0.02125369353463789
XOM,2020-08-13,34.49,34.78,34.03,34.1,34.1,17338700,Energy,34.476,33.976,33.893499999999996,35.0614,34.14636700034612,34.15237665349052,-0.00600965314440316,-0.1851512573577334,34.95,22503200.0,33.93,14434900.0,32.55,29901100.0,52.478134110787195,0.5010315355143069,4.761904761904767,-0.024320457796852657,0.015178292874987755
XOM,2020-08-14,33.77,34.31,33.62,34.25,34.25,13595700,Energy,34.572,34.13,33.9145,34.983,34.162310538754404,34.15960801249122,0.0027025262631852343,-0.1475805006335497,34.1,17338700.0,33.77,18757900.0,32.71,32116200.0,49.92319508448542,1.42137992300857,4.708040354631615,0.004398826979472137,0.01517860749402563
XOM,2020-08-17,34.22,34.22,33.67,33.8,33.8,15554600,Energy,34.412,34.22500000000001,33.9525,34.8336,34.10657045586911,34.13297038193632,-0.026399926067206536,-0.12334438572028106,34.25,13595700.0,34.6,24367800.0,32.85,23033600.0,49.54268292682926,-2.3121387283237094,2.8919330289193246,-0.013138686131386912,0.01619917028069258
XOM,2020-08-18,33.76,34.24,33.53,33.64,33.64,13014000,Energy,34.148,34.209,33.899,34.6552,34.034790385735405,34.09645405734844,-0.06166367161303299,-0.11100824289883146,33.8,15554600.0,34.96,28987500.0,33.8,17724000.0,45.35433070866145,-3.775743707093826,-0.4733727810650734,-0.004733727810650734,0.013476823629576194
XOM,2020-08-19,33.57,33.82,33.19,33.26,33.26,14473100,Energy,33.81,34.126,33.867000000000004,34.4882,33.915591864853035,34.03449449754485,-0.11890263269181389,-0.11258712085742796,33.64,13014000.0,34.95,22503200.0,34.09,17175100.0,57.02970297029704,-4.8354792560801325,-2.4347315928424873,-0.011296076099881147,0.013472175354887709
XOM,2020-08-20,33.05,33.21,32.74,32.76,32.76,15678500,Energy,33.542,34.009,33.8065,34.3558,33.73780850102949,33.940087497726715,-0.20227899669722404,-0.13052549602538718,33.26,14473100.0,34.1,17338700.0,33.93,14434900.0,50.4638218923933,-3.929618768328458,-3.4482758620689724,-0.015033072760072153,0.014053657824963975
XOM,2020-08-21,32.74,32.77,32.27,32.51,32.51,25517700,Energy,33.194,33.882999999999996,33.744,34.288,33.54891488548649,33.8341550904877,-0.28524020500120884,-0.16146843782055154,32.76,15678500.0,34.25,13595700.0,33.77,18757900.0,46.90909090909088,-5.08029197080293,-3.73112229789756,-0.007631257631257604,0.014113773527240366
XOM,2020-08-24,32.73,33.7,32.57,33.47,33.47,18208900,Energy,33.128,33.769999999999996,33.7045,34.224000000000004,33.53677413387318,33.807180639340466,-0.2704065054672853,-0.1832560513498983,32.51,25517700.0,33.8,15554600.0,34.6,24367800.0,47.00544464609802,-0.9763313609467361,-3.2658959537572363,0.02952937557674562,0.015256829671538014
XOM,2020-08-25,33.03,33.35,32.27,32.41,32.41,31285600,Energy,32.882,33.515,33.632,34.1392,33.363424267123456,33.703685777167095,-0.34026151004363925,-0.21465714308864647,33.47,18208900.0,33.64,13014000.0,34.96,28987500.0,36.624203821655996,-3.65636147443521,-7.294050343249436,-0.031670152375261496,0.01680765905367715
XOM,2020-08-26,32.22,32.38,31.71,31.72,31.72,26795000,Energy,32.574,33.192,33.5065,34.02419999999999,33.11058976448908,33.556746089969536,-0.4461563254804588,-0.260956979567009,32.41,31285600.0,33.26,14473100.0,34.95,22503200.0,33.77386196769454,-4.630186410102222,-9.241773962804011,-0.02128972539339702,0.01712670347716285
XOM,2020-08-27,31.71,31.95,31.16,31.5,31.5,32034300,Energy,32.321999999999996,32.932,33.454,33.929199999999994,32.86280672379845,33.404394527749574,-0.5415878039511242,-0.317083144443832,31.72,26795000.0,32.76,15678500.0,34.1,17338700.0,33.47889374090245,-3.8461538461538436,-7.624633431085048,-0.0069356872635560896,0.016320626106031886
XOM,2020-08-28,31.58,32.44,31.52,32.26,32.26,33477100,Energy,32.272,32.733,33.4315,33.84479999999999,32.77006722782946,33.319624562731086,-0.5495573349016283,-0.3635779825353913,31.5,32034300.0,32.51,25517700.0,34.25,13595700.0,32.7941176470588,-0.7689941556444202,-5.810218978102199,0.024126984126983997,0.01893872587867536
XOM,2020-08-31,32.22,32.28,31.63,31.66,31.66,25259600,Energy,31.909999999999997,32.51899999999999,33.372,33.763,32.59928765431724,33.19668940993619,-0.5974017556189537,-0.4103427371521038,32.26,33477100.0,33.47,18208900.0,33.8,15554600.0,26.562499999999986,-5.407827905587093,-6.331360946745557,-0.018598884066955867,0.019249742074058992
XOM,2020-09-01,31.51,31.51,30.96,31.26,31.26,22464100,Energy,31.68,32.281,33.245,33.666399999999996,32.39324339980689,33.0532309351261,-0.6599875353192104,-0.46027169678552515,31.66,25259600.0,32.41,31285600.0,33.64,13014000.0,25.16823687752354,-3.548287565566166,-7.074910820451841,-0.012634238787113006,0.01933781478663501
XOM,2020-09-02,31.1,31.49,30.88,31.07,31.07,26413400,Energy,31.55,32.062,33.094,33.5616,32.189667492144295,32.90632493993158,-0.7166574477872842,-0.511548846985877,31.26,22464100.0,31.72,26795000.0,33.26,14473100.0,27.621861152141776,-2.049180327868849,-6.584485868911594,-0.006078055022392892,0.019283631149340338
XOM,2020-09-03,31.08,31.73,30.82,31.01,31.01,28817200,Energy,31.451999999999998,31.887,32.948,33.489799999999995,32.00818018566056,32.76585642586257,-0.7576762402020165,-0.5607743256291049,31.07,26413400.0,31.5,32034300.0,32.76,15678500.0,25.74850299401197,-1.5555555555555545,-5.341880341880334,-0.0019311232700354175,0.0190927679495315
XOM,2020-09-04,31.28,31.54,30.64,30.98,30.98,24632500,Energy,31.196000000000005,31.734,32.8085,33.407,31.84999861863586,32.63357076468757,-0.7835721460517107,-0.6053338897136261,31.01,28817200.0,32.26,33477100.0,32.51,25517700.0,27.476038338658157,-3.967761934283931,-4.706244232543821,-0.000967429861335134,0.01911907169322725
XOM,2020-09-08,30.32,30.66,29.61,30.27,30.27,38496400,Energy,30.918,31.413999999999998,32.592,33.334199999999996,31.606921908076494,32.458491448784784,-0.8515695407082902,-0.654581019912559,30.98,24632500.0,31.66,25259600.0,33.47,18208900.0,25.256975036710713,-4.390397978521799,-9.560800717060047,-0.022918011620400303,0.015566357756432286
XOM,2020-09-09,30.4,30.79,30.06,30.09,30.09,25886100,Energy,30.684000000000005,31.182,32.3485,33.2468,31.373549306833958,32.28304763776369,-0.9094983309297291,-0.705564482115993,30.27,38496400.0,31.26,22464100.0,32.41,31285600.0,26.021180030257185,-3.74280230326296,-7.158284480098731,-0.00594648166501488,0.013563800293657778
XOM,2020-09-10,30.34,30.42,29.25,29.33,29.33,34381200,Energy,30.336000000000002,30.943,32.067499999999995,33.138,31.05915710578258,32.06430336829971,-1.0051462625171297,-0.7654808381962204,30.09,25886100.0,31.07,26413400.0,31.72,26795000.0,25.03639010189228,-5.600257483102677,-7.534678436317788,-0.025257560651379296,0.014066667813452036
XOM,2020-09-11,29.44,29.58,28.93,29.25,29.25,26838600,Energy,29.983999999999998,30.718,31.825,33.0434,30.780825243354492,31.855836452129363,-1.075011208774871,-0.8273869123119506,29.33,34381200.0,31.01,28817200.0,31.5,32034300.0,25.671641791044777,-5.67558851983232,-7.14285714285714,-0.0027275826798499603,0.014155205064261517
XOM,2020-09-14,29.26,29.34,28.93,29.06,29.06,26129900,Energy,29.6,30.398000000000003,31.565500000000004,32.9392,30.516082898223033,31.648737455675338,-1.1326545574523053,-0.8884404413400215,29.25,26838600.0,30.98,24632500.0,32.26,33477100.0,12.816188870151748,-6.197546804389931,-9.919404835709855,-0.006495726495726495,0.008962632783974184
XOM,2020-09-15,29.17,29.63,28.71,28.75,28.75,23724200,Energy,29.296,30.107000000000006,31.313,32.824,30.244377836957952,31.43401616266235,-1.1896383257043972,-0.9486800182128967,29.06,26129900.0,30.27,38496400.0,31.66,25259600.0,14.671814671814658,-5.021473406012555,-9.19140871762476,-0.010667584308327593,0.008490600628122512
XOM,2020-09-16,28.9,30.24,28.75,29.97,29.97,30890900,Energy,29.272,29.977999999999998,31.1295,32.751,30.20216586204134,31.325570520983657,-1.1234046589423166,-0.9836249463587807,28.75,23724200.0,30.09,25886100.0,31.26,22464100.0,34.67600700525392,-0.3988035892323105,-4.12667946257198,0.04243478260869571,0.018378192150039423
XOM,2020-09-17,29.61,30.11,29.31,29.97,29.97,24696200,Energy,29.4,29.868000000000002,30.964999999999996,32.6796,30.166448037111905,31.225157889799682,-1.0587098526877767,-0.99864192762458,29.97,30890900.0,29.33,34381200.0,31.07,26413400.0,36.065573770491774,2.1820661438799904,-3.540392661731584,0.0,0.01840435733580047
XOM,2020-09-18,29.75,29.98,29.09,29.48,29.48,46853800,Energy,29.446000000000005,29.714999999999996,30.801,32.6262,30.060840646786996,31.095886934999704,-1.0350462882127083,-1.0059227997422058,29.97,24696200.0,29.25,26838600.0,31.01,28817200.0,23.371647509578537,0.786324786324788,-4.933892292808773,-0.016349683016349648,0.018832170489543384
XOM,2020-09-21,28.88,29.1,28.29,28.88,28.88,35351800,Energy,29.410000000000004,29.504999999999995,30.6195,32.5406,29.87917285497361,30.931747162036764,-1.0525743070631535,-1.0152531012063954,29.48,46853800.0,29.06,26129900.0,30.98,24632500.0,23.371647509578523,-0.619408121128695,-6.77856681730149,-0.020352781546811416,0.019373538618805117
XOM,2020-09-22,28.9,29.21,28.12,28.17,28.17,27303200,Energy,29.294,29.294999999999998,30.3545,32.440599999999996,29.61622318497767,30.727173298182187,-1.1109501132045168,-1.0343925036060198,28.88,35351800.0,28.75,23724200.0,30.27,38496400.0,22.06148282097648,-2.0173913043478153,-6.937561942517334,-0.024584487534625943,0.01953382376854946
XOM,2020-09-23,28.26,28.37,27.23,27.26,27.26,31251400,Energy,28.752,29.012,30.097,32.3006,29.25372731036572,30.470345646464985,-1.2166183360992662,-1.0708376701046691,28.17,27303200.0,29.97,30890900.0,30.09,25886100.0,19.519999999999996,-9.042375709042371,-9.40511797939514,-0.03230386936457219,0.0210926948590907
XOM,2020-09-24,27.27,27.6,26.76,27.21,27.21,26796000,Energy,28.2,28.8,29.871499999999997,32.1508,28.939307724155608,30.22883856154165,-1.2895308373860424,-1.1145763035609437,27.26,31251400.0,29.97,24696200.0,29.33,34381200.0,19.551282051282044,-9.209209209209202,-7.228094101602444,-0.0018341892883345645,0.0204554410476816
XOM,2020-09-25,26.95,27.7,26.86,27.46,27.46,23486000,Energy,27.796000000000003,28.621,29.6695,32.0116,28.71172192043936,30.02373940883486,-1.312017488395501,-1.1540645405278553,27.21,26796000.0,29.48,46853800.0,29.25,26838600.0,22.75541795665633,-6.852103120759834,-6.119658119658111,0.009187798603454533,0.021087872216017302
XOM,2020-09-28,27.86,28.46,27.83,27.99,27.99,23396500,Energy,27.618000000000002,28.514,29.456,31.8948,28.600687778833304,29.873092045217465,-1.2724042663841608,-1.1777324856991165,27.46,23486000.0,28.88,35351800.0,29.06,26129900.0,31.847133757961757,-3.081717451523547,-3.682037164487273,0.019300801165331283,0.022560059229128824
XOM,2020-09-29,27.75,27.83,26.95,27.18,27.18,20770500,Energy,27.419999999999998,28.357,29.232,31.777600000000003,28.382120428243567,29.673603745571725,-1.291483317328158,-1.2004826520249248,27.99,23396500.0,28.17,27303200.0,28.75,23724200.0,28.943560057887098,-3.514376996805124,-5.460869565217397,-0.02893890675241151,0.023903434651991688
XOM,2020-09-30,27.46,27.68,27.06,27.22,27.22,22223700,Energy,27.412,28.082,29.03,31.6278,28.203332670052248,29.49185531997382,-1.2885226499215712,-1.2180906516042542,27.18,20770500.0,27.26,31251400.0,29.97,30890900.0,32.95638126009692,-0.14673514306677848,-9.175842509175848,0.0014716703458423908,0.01744262641871093
XOM,2020-10-01,26.79,27.03,26.11,26.26,26.26,36890200,Energy,27.221999999999998,27.711000000000002,28.789499999999997,31.475,27.90435841312113,29.25245862960539,-1.3481002164842586,-1.2440925645802552,27.22,22223700.0,27.21,26796000.0,29.97,24696200.0,28.85431400282883,-3.491363469312747,-12.379045712379034,-0.03526818515797203,0.01883194177812075
XOM,2020-10-02,25.57,26.44,25.54,26.15,26.15,32694300,Energy,26.96,27.377999999999997,28.546499999999998,31.318599999999996,27.6344571187948,29.022646879264247,-1.388189760469448,-1.2729120037580939,26.26,36890200.0,27.46,23486000.0,29.48,46853800.0,29.184549356223158,-4.770575382374376,-11.295793758480333,-0.004188880426504338,0.01898129800078797
XOM,2020-10-05,26.42,26.76,26.3,26.75,26.75,22965200,Energy,26.712,27.165,28.334999999999997,31.178399999999996,27.49838679282637,28.854302665985415,-1.355915873159045,-1.2895127776382842,26.15,32694300.0,27.99,23396500.0,28.88,35351800.0,36.26373626373625,-4.4301536262950965,-7.375346260387805,0.02294455066921608,0.02156370581371928
XOM,2020-10-06,27.05,27.29,26.41,26.47,26.47,26731800,Energy,26.57,26.994999999999997,28.145,31.022599999999997,27.340173440083852,28.6776876536902,-1.3375142136063474,-1.299113064831897,26.75,22965200.0,27.18,20770500.0,28.17,27303200.0,22.397476340693984,-2.612214863870499,-6.0347887823926305,-0.010467289719626183,0.020762455874386368
XOM,2020-10-07,26.67,26.75,26.33,26.56,26.56,23779300,Energy,26.438,26.925,27.9685,30.8766,27.220146756994026,28.520821901565,-1.3006751445709739,-1.2994254807797123,26.47,26731800.0,27.22,22223700.0,27.26,31251400.0,23.483670295489873,-2.424687729610586,-2.5678650036683903,0.0034000755572345387,0.01870649310819765
XOM,2020-10-08,26.86,28.02,26.76,27.95,27.95,34413700,Energy,26.776,26.999000000000002,27.8995,30.750999999999998,27.33243187130264,28.47853879774537,-1.1461069264427302,-1.268761769912316,26.56,23779300.0,26.26,36890200.0,27.21,26796000.0,39.563437926330145,6.435643564356419,2.7195883866225623,0.05233433734939763,0.02550763153865279
XOM,2020-10-09,28.29,28.5,27.47,27.54,27.54,29228600,Energy,27.053999999999995,27.006999999999998,27.814,30.6508,27.364365429563772,28.409017405319783,-1.044651975756011,-1.223939811081055,27.95,34413700.0,26.15,32694300.0,27.46,23486000.0,40.61624649859944,5.315487571701727,0.2913328477785804,-0.014669051878354211,0.025973653508872197
XOM,2020-10-12,27.38,27.53,27.14,27.45,27.45,17912800,Energy,27.194,26.952999999999996,27.7335,30.5456,27.377539978861655,28.3379790789998,-0.9604391001381458,-1.1712396688924733,27.54,29228600.0,26.75,22965200.0,27.99,23396500.0,44.478527607361954,2.616822429906529,-1.9292604501607635,-0.0032679738562091387,0.02513434418616201
XOM,2020-10-13,27.53,27.64,27.03,27.13,27.13,20995100,Energy,27.326,26.948,27.652499999999996,30.431200000000004,27.33945690519063,28.248499147222038,-0.9090422420314077,-1.1188001835202603,27.45,17912800.0,26.47,26731800.0,27.18,20770500.0,48.90387858347385,2.493388741972047,-0.18395879323032105,-0.011657559198542833,0.023597873904148425
XOM,2020-10-14,27.0,27.61,26.98,27.07,27.07,17743000,Energy,27.427999999999997,26.933,27.5075,30.296599999999998,27.298001996699764,28.161202914094478,-0.8632009173947139,-1.0676803302951512,27.13,20995100.0,26.56,23779300.0,27.22,22223700.0,48.82154882154882,1.9201807228915735,-0.5510653930933085,-0.0022115739034278548,0.023602191113666758
XOM,2020-10-15,26.72,27.32,26.38,27.31,27.31,23251600,Energy,27.3,27.038,27.3745,30.160999999999998,27.299847843361338,28.098150846383778,-0.7983030030224398,-1.013804864840609,27.07,17743000.0,27.95,34413700.0,26.26,36890200.0,48.7352445193929,-2.28980322003578,3.998476770753978,0.008865903213889803,0.020222330584923787
XOM,2020-10-16,27.25,27.46,26.86,27.03,27.03,22627200,Energy,27.198,27.125999999999998,27.252,30.022999999999996,27.258332790536514,28.01902856146646,-0.7606957709299458,-0.9631830460584765,27.31,23251600.0,27.54,29228600.0,26.15,32694300.0,41.54929577464791,-1.851851851851849,3.3652007648183657,-0.010252654705236064,0.02058640384442637
XOM,2020-10-19,27.03,27.25,26.47,26.49,26.49,23645800,Energy,27.006,27.1,27.1325,29.877399999999998,27.140127745838587,27.90576718654302,-0.7656394407044331,-0.9236743249876679,27.03,22627200.0,27.45,17912800.0,26.75,22965200.0,43.62292051756006,-3.49726775956285,-0.9719626168224305,-0.01997780244173153,0.02055681855323951
XOM,2020-10-20,26.68,26.9,26.42,26.72,26.72,23040600,Energy,26.924,27.125,27.059999999999995,29.7198,27.075492708017265,27.817932580132425,-0.7424398721151597,-0.8874274344131663,26.49,23645800.0,27.13,20995100.0,26.47,26731800.0,45.535714285714285,-1.5112421673424303,0.9444654325651669,0.008682521706304236,0.02044685809234721
XOM,2020-10-21,26.57,26.65,26.27,26.29,26.29,28619300,Energy,26.768,27.098000000000003,27.011499999999995,29.5464,26.954647676014606,27.704752389011503,-0.7501047129968974,-0.8599628901299126,26.72,23040600.0,27.07,17743000.0,26.56,23779300.0,50.29585798816566,-2.881418544514225,-1.016566265060237,-0.016092814371257425,0.021123791774401213
XOM,2020-10-22,26.3,27.72,26.18,27.64,27.64,31831500,Energy,26.834000000000003,27.066999999999997,27.033000000000005,29.400199999999998,27.06008649508928,27.69995591575139,-0.6398694206621087,-0.8159441962363518,26.29,28619300.0,27.31,23251600.0,27.95,34413700.0,61.80665610142632,1.2083485902599778,-1.1091234347048284,0.05135032331685063,0.020849152003841905
XOM,2020-10-23,27.72,27.81,26.84,27.08,27.08,27429100,Energy,26.844,27.020999999999997,27.014,29.2598,27.06315011122939,27.65403325532536,-0.5908831440959688,-0.7709319858082753,27.64,31831500.0,27.03,22627200.0,27.54,29228600.0,52.63157894736841,0.18497965223824853,-1.6702977487291215,-0.02026049204052105,0.021328233053281402
XOM,2020-10-26,26.65,26.77,26.12,26.44,26.44,30888700,Energy,26.833999999999996,26.919999999999998,26.936500000000002,29.1036,26.967280863347945,27.564104866042,-0.5968240026940563,-0.7361103891854315,27.08,27429100.0,26.49,23645800.0,27.45,17912800.0,49.77375565610862,-0.18875047187616456,-3.679417122040063,-0.023633677991137247,0.022459999077242897
XOM,2020-10-27,26.28,26.32,25.92,26.02,26.02,27100700,Energy,26.694,26.809000000000005,26.878499999999995,28.948,26.821545345909797,27.449726727816667,-0.6281813819068702,-0.7145245877297193,26.44,30888700.0,26.72,23040600.0,27.13,20995100.0,46.12068965517242,-2.6197604790419105,-4.091411721341687,-0.015885022692889605,0.022669022160334052
XOM,2020-10-28,25.45,25.67,24.99,25.03,25.03,42136400,Energy,26.442,26.605,26.769,28.7758,26.545922985000598,27.27048771094136,-0.7245647259407626,-0.716532615371928,26.02,27100700.0,26.29,28619300.0,27.07,17743000.0,27.743902439024396,-4.792696842906041,-7.536017731806421,-0.0380476556495003,0.02507050889637071
XOM,2020-10-29,24.9,26.26,24.66,26.14,26.14,38622800,Energy,26.142000000000003,26.488,26.762999999999998,28.6334,26.483473295000508,27.186747880501258,-0.7032745855007505,-0.7138810093976925,25.03,42136400.0,27.64,31831500.0,27.31,23251600.0,40.35812672176309,-5.426917510853835,-4.284145001830819,0.044346783859368744,0.029726371464225736
XOM,2020-10-30,25.69,26.27,25.38,25.86,25.86,47885700,Energy,25.898000000000003,26.371,26.7485,28.4954,26.38755432653889,27.088470259723387,-0.700915933184497,-0.7112879941550535,26.14,38622800.0,27.08,27429100.0,27.03,22627200.0,39.328859060402685,-4.5051698670605544,-4.328523862375144,-0.010711553175210442,0.02973748794686093
XOM,2020-11-02,26.27,27.32,25.82,26.95,26.95,40130300,Energy,26.0,26.417,26.758499999999998,28.3842,26.47408443014829,27.078213203447582,-0.6041287732992906,-0.689856149983901,25.86,47885700.0,26.44,30888700.0,26.49,23645800.0,48.9051094890511,1.9288956127080148,1.7365043412608472,0.04215003866976019,0.03240415445479683
XOM,2020-11-03,27.34,27.34,26.26,26.49,26.49,36773000,Energy,26.094,26.394,26.759500000000003,28.244600000000002,26.476532979356246,27.034641855044057,-0.558108875687811,-0.6635066951246831,26.95,40130300.0,26.02,27100700.0,26.72,23040600.0,46.63573085846867,1.8063028439661677,-0.8607784431137744,-0.017068645640074265,0.03285098576354221
XOM,2020-11-04,26.38,27.07,25.79,26.34,26.34,35410100,Energy,26.356,26.399,26.7485,28.123199999999997,26.45552790560913,26.98318690281857,-0.5276589972094392,-0.6363371555416343,26.49,36773000.0,25.03,42136400.0,26.29,28619300.0,44.31418522860493,5.233719536556136,0.19018638265499987,-0.005662514156285381,0.03246010998639934
XOM,2020-11-05,26.45,26.89,26.27,26.3,26.3,30824100,Energy,26.387999999999998,26.264999999999997,26.666000000000004,28.0148,26.431600535515418,26.93258046557275,-0.5009799300573334,-0.6092657104447742,26.34,35410100.0,26.14,38622800.0,27.64,31831500.0,45.59710494571773,0.6120887528691776,-4.848046309696096,-0.0015186028853454436,0.027158826564143215
XOM,2020-11-06,26.24,26.68,25.86,25.99,25.99,33985600,Energy,26.413999999999998,26.156,26.5885,27.904600000000002,26.363661991589968,26.86275969034514,-0.49909769875517185,-0.5872321081068538,26.3,30824100.0,25.86,47885700.0,27.08,27429100.0,46.89826302729529,0.5027068832173187,-4.025110782865582,-0.011787072243346075,0.026745993650874666
XOM,2020-11-09,28.87,30.13,28.59,29.28,29.28,76879400,Energy,26.880000000000003,26.439999999999998,26.68,27.845,26.812329377499204,27.041814528097355,-0.22948515059815122,-0.5156827166051132,25.99,33985600.0,26.95,40130300.0,26.44,30888700.0,61.51079136690648,8.645640074211514,10.741301059001508,0.12658714890342448,0.04805490764180821
XOM,2020-11-10,30.08,30.39,29.21,29.93,29.93,49055400,Energy,27.568,26.831,26.82,27.8104,27.291971011730094,27.255754192682737,0.03621681904735752,-0.4053028094746191,29.28,76879400.0,26.49,36773000.0,26.02,27100700.0,66.04938271604938,12.986032465081166,15.026902382782481,0.02219945355191255,0.04716724998713895
XOM,2020-11-11,30.11,30.14,29.38,29.62,29.62,34124500,Energy,28.224,27.29,26.9475,27.777600000000003,27.650129317617772,27.430883511743275,0.21924580587449682,-0.280393086404796,29.93,49055400.0,26.34,35410100.0,25.03,42136400.0,59.61165048543689,12.452543659832948,18.337994406711957,-0.010357500835282307,0.04443762260006802
XOM,2020-11-12,29.11,29.46,28.31,28.6,28.6,30933700,Energy,28.683999999999997,27.536,27.012,27.7282,27.7962632687535,27.51748473309563,0.2787785356578709,-0.1685587619922626,29.62,34124500.0,26.3,30824100.0,26.14,38622800.0,57.06319702602232,8.745247148288971,9.41086457536342,-0.03443619176232271,0.046161949646544305
XOM,2020-11-13,28.74,29.43,28.72,29.29,29.29,29241500,Energy,29.344,27.879,27.125,27.6938,28.0260689197145,27.64878216027373,0.3772867594407714,-0.059389657705655824,28.6,30933700.0,25.99,33985600.0,25.86,47885700.0,63.18223866790008,12.697191227395166,13.263727764887868,0.02412587412587408,0.045742948453220356
XOM,2020-11-16,30.52,30.99,30.12,30.98,30.98,38596800,Energy,29.683999999999997,28.282,27.3495,27.6938,28.480519855143037,27.89553903729049,0.5849808178525464,0.06948443740598463,29.29,29241500.0,29.28,76879400.0,26.95,40130300.0,70.52980132450332,5.806010928961736,14.953617810760678,0.05769887333560941,0.04707285535366596
XOM,2020-11-17,30.7,31.43,30.35,31.4,31.4,26521100,Energy,29.978,28.772999999999996,27.583499999999997,27.716400000000004,28.929670646659492,28.155128738231934,0.7745419084275582,0.21049593161029936,30.98,38596800.0,29.93,49055400.0,26.49,36773000.0,77.67158992180711,4.9114600735048475,18.535296338240848,0.01355713363460298,0.04573342552452041
XOM,2020-11-18,31.68,31.77,30.2,30.21,30.21,31068000,Energy,30.095999999999997,29.160000000000004,27.779500000000002,27.7188,29.12664439332726,28.30734142428883,0.8193029690384321,0.3322573390959259,31.4,26521100.0,29.62,34124500.0,26.34,35410100.0,67.55823986194997,1.9918973666441575,14.692482915717541,-0.03789808917197446,0.04863389977600623
XOM,2020-11-19,29.93,30.45,29.68,30.37,30.37,26954400,Energy,30.45,29.567,27.916000000000004,27.7396,29.317929871276913,28.460130948415582,0.8577989228613312,0.437365655849007,30.21,31068000.0,28.6,30933700.0,26.3,30824100.0,69.65998256320839,6.188811188811183,15.475285171102659,0.005296259516716306,0.04842686675145661
XOM,2020-11-20,30.32,30.37,29.86,29.99,29.99,18351000,Energy,30.589999999999996,29.966999999999995,28.061500000000002,27.7544,29.42132527569585,28.57345458186628,0.8478706938295701,0.5194666634451197,30.37,26954400.0,29.29,29241500.0,25.99,33985600.0,64.12639405204462,2.389894161829975,15.390534821085033,-0.012512347711557514,0.048472793599038305
XOM,2020-11-23,30.45,32.01,30.27,31.96,31.96,29367600,Energy,30.786,30.235000000000003,28.3375,27.812400000000004,29.811890617896488,28.82430979802433,0.9875808198721572,0.6130894947305272,29.99,18351000.0,30.98,38596800.0,29.28,76879400.0,72.29013854930727,3.1633311814073695,9.153005464480879,0.06568856285428493,0.03487306086659011
XOM,2020-11-24,32.89,34.16,32.65,34.08,34.08,46979300,Energy,31.322000000000003,30.65,28.740499999999997,27.919,30.468522830527796,29.21362018335586,1.2549026471719351,0.7414521252188089,31.96,29367600.0,31.4,26521100.0,29.93,49055400.0,77.17696629213484,8.535031847133755,13.865686602071502,0.06633291614518133,0.03920538402952425
XOM,2020-11-25,33.83,33.86,33.0,33.13,33.13,28178200,Energy,31.906,31.000999999999998,29.1455,27.982200000000002,30.877980856600445,29.50372239199617,1.3742584646042744,0.868013393095902,34.08,46979300.0,30.21,31068000.0,29.62,34124500.0,72.54125412541256,9.665673618007297,11.850101282916947,-0.02787558685446001,0.04076269125062722
XOM,2020-11-27,33.04,33.24,32.37,32.63,32.63,14971900,Energy,32.358,31.403999999999996,29.47,28.0354,31.1475222632773,29.735298511107565,1.4122237521697336,0.9768554649106684,33.13,28178200.0,30.37,26954400.0,28.6,30933700.0,71.6427640156454,7.441554165294706,14.090909090909086,-0.01509206157561127,0.038722231282224996
XOM,2020-11-30,32.31,32.38,30.83,30.96,30.96,45614300,Energy,32.55200000000001,31.571000000000005,29.725,28.065,31.118672684311562,29.826017139914413,1.2926555443971495,1.0400154808079647,32.63,14971900.0,29.99,18351000.0,29.29,29241500.0,56.122448979591844,3.2344114704901727,5.701604643222957,-0.0511798958014098,0.043542153106438726
XOM,2020-12-01,31.63,32.19,31.23,31.26,31.26,32472900,Energy,32.412,31.599,29.940499999999997,28.112599999999997,31.14041534826363,29.932238092513344,1.208177255750286,1.073647835796429,30.96,45614300.0,31.96,29367600.0,30.98,38596800.0,54.9738219895288,-2.1902377972465525,0.9038089089735246,0.009689922480620172,0.03973829176093264
XOM,2020-12-02,31.17,32.82,31.13,32.43,32.43,29369500,Energy,32.08200000000001,31.702000000000005,30.2375,28.1978,31.338812986992302,30.11725749306791,1.2215554939243916,1.1032293674220215,31.26,32472900.0,34.08,46979300.0,31.4,26521100.0,59.87350667603655,-4.841549295774639,3.2802547770700574,0.0374280230326296,0.04122545898047767
XOM,2020-12-03,32.53,33.0,32.26,32.65,32.65,27038900,Energy,31.986,31.945999999999998,30.553000000000004,28.3056,31.54053406591656,30.304868049136953,1.2356660167796072,1.1297166972935386,32.43,29369500.0,33.13,28178200.0,30.21,31068000.0,65.07818317200298,-1.4488379112586935,8.076795762992383,0.006783842121492301,0.03851347745290348
XOM,2020-12-04,33.1,33.9,33.0,33.84,33.84,28723600,Energy,32.228,32.293,30.93,28.438200000000002,31.89429805577555,30.56672967512681,1.3275683806487422,1.1692870339645793,32.65,27038900.0,32.63,14971900.0,30.37,26954400.0,66.3316582914573,3.7082439472877704,11.425749094501159,0.03644716692189909,0.03947724710527753
XOM,2020-12-07,33.63,33.73,33.02,33.21,33.21,24899400,Energy,32.678,32.615,31.290999999999997,28.5532,32.09671373950239,30.762527476969268,1.3341862625331231,1.2022668796782883,33.84,28723600.0,30.96,45614300.0,29.99,18351000.0,58.66355866355867,7.267441860465107,10.736912304101365,-0.018617021276595813,0.03993558744339486
XOM,2020-12-08,32.91,34.58,32.83,34.29,34.29,32573800,Energy,33.284000000000006,32.848,31.541500000000003,28.6792,32.43414239496356,31.023821737934508,1.4103206570290503,1.2438776351484406,33.21,24899400.0,31.26,32472900.0,31.96,29367600.0,60.679970436068,9.692898272552775,7.29036295369212,0.03252032520325199,0.036076027833961195
XOM,2020-12-09,34.68,35.5,34.41,34.75,34.75,37824800,Energy,33.748000000000005,32.915000000000006,31.782500000000006,28.8306,32.790428180353786,31.29983494253195,1.4905932378218338,1.2932207556831194,34.29,32573800.0,32.43,29369500.0,34.08,46979300.0,67.734375,7.153869873573848,1.9659624413145504,0.013414989792942533,0.029855536861410324
XOM,2020-12-10,35.07,36.11,34.72,35.73,35.73,38058700,Energy,34.364,33.175,32.088,29.000799999999998,33.242669998760896,31.62799531715921,1.6146746816016844,1.3575115408668326,34.75,37824800.0,32.65,27038900.0,33.13,28178200.0,69.67694566813508,9.433384379785604,7.847872019317825,0.02820143884892068,0.028794683636223183
XOM,2020-12-11,35.48,35.67,35.08,35.56,35.56,25478800,Energy,34.708,33.468,32.436,29.186799999999998,33.59918230664383,31.91925492329557,1.6799273833482644,1.421994709363119,35.73,38058700.0,33.84,28723600.0,32.63,14971900.0,70.76808351976139,5.082742316784872,8.97946674839105,-0.004757906521130506,0.028051300500204598
XOM,2020-12-14,36.0,36.1,34.25,34.28,34.28,30595000,Energy,34.922,33.8,32.685500000000005,29.3494,33.70392349023709,32.09412492897738,1.6097985612597085,1.4595554797424368,35.56,25478800.0,33.21,24899400.0,30.96,45614300.0,59.119496855345915,3.221921108099979,10.72351421188631,-0.03599550056242973,0.024635132227026083
XOM,2020-12-15,34.46,35.09,34.15,34.94,34.94,27138400,Energy,35.052,34.168,32.883500000000005,29.5132,33.89408910712369,32.30493048979387,1.5891586173298222,1.4854761072599139,34.28,30595000.0,34.29,32573800.0,31.26,32472900.0,53.81882770870338,1.8955963837853584,11.77223288547664,0.019253208868144522,0.024784860886853204
XOM,2020-12-16,35.52,35.81,34.88,35.48,35.48,34273000,Energy,35.19799999999999,34.473,33.0875,29.6934,34.13807539833543,32.540120823883214,1.597954574452217,1.5079718006983747,34.94,27138400.0,34.75,37824800.0,32.43,29369500.0,60.82949308755759,2.1007194244604177,9.404872032069056,0.015455065827132186,0.02314757120901422
XOM,2020-12-17,35.72,35.76,35.24,35.3,35.3,21204600,Energy,35.112,34.738,33.342,29.8682,34.31683302936075,32.74455631841038,1.5722767109503692,1.5208327827487738,35.48,34273000.0,35.73,38058700.0,32.65,27038900.0,62.67806267806266,-1.2034704729918855,8.116385911179158,-0.005073280721533235,0.023588588018565622
XOM,2020-12-18,35.13,35.54,34.44,34.69,34.69,46596800,Energy,34.938,34.82299999999999,33.558,30.003,34.37424333253602,32.88866325778739,1.4855800747486256,1.5137822411487443,35.3,21204600.0,35.56,25478800.0,33.84,28723600.0,69.69376979936642,-2.4465691788526533,2.511820330969261,-0.017280453257790374,0.022504579996088493
XOM,2020-12-21,33.38,34.16,32.91,34.06,34.06,27869500,Energy,34.894,34.908,33.7615,30.1334,34.32589820445355,32.97542894239573,1.3504692620578211,1.4811196453305597,34.69,46596800.0,34.28,30595000.0,33.21,24899400.0,64.2857142857143,-0.6417736289381581,2.559470039144851,-0.01816085327183614,0.02245695401909508
XOM,2020-12-22,33.76,34.02,33.47,33.48,33.48,21792900,Energy,34.602,34.827,33.8375,30.254,34.195760019153006,33.01280457629234,1.182955442860667,1.4214868048365812,34.06,27869500.0,34.94,27138400.0,34.29,32573800.0,55.70032573289901,-4.178591871780202,-2.3622047244094557,-0.01702877275396375,0.02054537722411464
XOM,2020-12-23,33.7,34.42,33.66,33.91,33.91,19085900,Energy,34.288,34.742999999999995,33.829,30.389599999999994,34.15179693928331,33.07926349656698,1.0725334427163276,1.3516961324125305,33.48,21792900.0,35.48,34273000.0,34.75,37824800.0,56.68789808917197,-4.4250281848928985,-2.417266187050371,0.012843488649940227,0.02049786412673183
XOM,2020-12-24,33.82,33.98,33.6,33.77,33.77,8039000,Energy,33.982,34.547000000000004,33.861000000000004,30.523600000000002,34.09305894862434,33.130429163487946,0.962629785136393,1.2738828629573031,33.91,19085900.0,35.3,21204600.0,35.73,38058700.0,49.58183990442055,-4.334277620396588,-5.485586342009496,-0.004128575641403565,0.017489349609480464
XOM,2020-12-28,33.85,34.55,33.71,33.89,33.89,23877500,Energy,33.821999999999996,34.38,33.924,30.6552,34.061819110374444,33.18669366989624,0.8751254404782003,1.1941313784614827,33.77,8039000.0,34.69,46596800.0,35.56,25478800.0,54.32569974554709,-2.3061400980109448,-4.696287964004508,0.0035534498075213694,0.017723783107550805
XOM,2020-12-29,34.13,34.2,33.45,33.51,33.51,20287700,Energy,33.712,34.303,34.0515,30.7848,33.97692386262453,33.21064228694097,0.7662815756835641,1.108561417905899,33.89,23877500.0,34.06,27869500.0,34.28,30595000.0,44.5530726256983,-1.614797416324143,-2.2462077012835535,-0.011212747123045208,0.0142462921414336
XOM,2020-12-30,33.56,34.44,33.51,33.77,33.77,23807300,Energy,33.769999999999996,34.18599999999999,34.177,30.9304,33.94508942222076,33.252076191612005,0.6930132306087557,1.0254517804464702,33.51,20287700.0,33.48,21792900.0,34.94,27138400.0,42.959770114942536,0.8661887694145998,-3.348597595878633,0.0077588779468815705,0.012705404111549518
XOM,2020-12-31,33.67,33.84,33.26,33.47,33.47,22786500,Energy,33.682,33.985,34.229,31.0654,33.8719987418791,33.268218695937044,0.6037800459420595,0.9411174335455881,33.77,23807300.0,33.91,19085900.0,35.48,34273000.0,32.00636942675159,-1.2975523444411663,-5.665163472378798,-0.008883624518803757,0.010912276660556554
XOM,2021-01-04,33.65,34.3,33.29,33.69,33.69,27764700,Energy,33.666,33.824,34.281,31.2134,33.84399893543616,33.29946175549726,0.5445371799388994,0.8618013828242503,33.47,22786500.0,33.77,8039000.0,35.3,21204600.0,35.22906793048969,-0.23689665383478387,-4.560906515580731,0.006573050492978849,0.01159405010177588
XOM,2021-01-05,33.97,36.37,33.96,35.32,35.32,44035100,Energy,33.952,33.887,34.355,31.366999999999997,34.07107602229213,33.44913125509006,0.6219447672020735,0.813830059699815,33.69,27764700.0,33.89,23877500.0,34.69,46596800.0,57.784431137724546,4.219533785777507,1.8160853271836253,0.04838230929059084,0.0195064802176603
XOM,2021-01-06,36.06,36.62,35.48,36.22,36.22,36484800,Energy,34.49400000000001,34.102999999999994,34.5055,31.5498,34.40167971117027,33.65438079175006,0.74729891942021,0.8005238316438941,35.32,44035100.0,33.51,20287700.0,34.06,27869500.0,59.24855491329481,8.087138167711139,6.341749853200218,0.025481313703284325,0.019383903203594743
XOM,2021-01-07,36.54,37.0,36.15,36.5,36.5,29528100,Energy,35.04,34.404999999999994,34.616,31.750999999999998,34.724498217144074,33.86516739976857,0.8593308173755005,0.8122852287902154,36.22,36484800.0,33.77,23807300.0,33.48,21792900.0,57.65765765765768,8.08409831211132,9.020310633213867,0.007730535615682044,0.0175640296820522
XOM,2021-01-08,36.7,37.2,36.49,36.91,36.91,28628200,Energy,35.727999999999994,34.705,34.724,31.9688,35.06072926066037,34.090710555341275,0.9700187053190987,0.8438319240959922,36.5,29528100.0,33.47,22786500.0,33.91,19085900.0,61.68359941944847,10.277860770839542,8.846947803007964,0.011232876712328643,0.017530283393771582
XOM,2021-01-11,36.57,38.27,36.33,38.03,38.03,38246200,Energy,36.596000000000004,35.13099999999999,34.839,32.2288,35.5175401436357,34.38250977346414,1.135030370171556,0.9020716133111051,36.91,28628200.0,33.69,27764700.0,33.77,8039000.0,72.56756756756758,12.882160878598992,12.614746816701206,0.03034408019506918,0.018118096100983416
XOM,2021-01-12,38.53,39.11,38.09,38.87,38.87,36915100,Energy,37.306,35.629,35.00449999999999,32.483399999999996,36.03330319846098,34.71491645691124,1.3183867415497375,0.9853346389588316,38.03,38246200.0,35.32,44035100.0,33.89,23877500.0,81.6031537450722,10.050962627406568,14.694600177043359,0.022087825400999073,0.01809511078046727
XOM,2021-01-13,39.4,39.55,38.72,39.31,39.31,29000300,Energy,37.924,36.208999999999996,35.256,32.752399999999994,36.53741039869775,35.055293015658556,1.4821173830391956,1.0846911877749044,38.87,36915100.0,36.22,36484800.0,33.51,20287700.0,89.0227576974565,8.531198233020444,17.308266189197276,0.011319783895034963,0.015881172647950168
XOM,2021-01-14,39.38,41.47,39.38,40.85,40.85,35474800,Energy,38.794000000000004,36.917,35.5515,33.0304,37.20088572197502,35.48453057005422,1.7163551519208013,1.2110239806040837,39.31,29000300.0,36.5,29528100.0,33.77,23807300.0,90.44289044289044,11.917808219178095,20.965353864376656,0.03917578224370377,0.017086924210800398
XOM,2021-01-15,39.71,39.85,38.39,38.88,38.88,42411300,Energy,39.188,37.458,35.721500000000006,33.2782,37.459210995517324,35.73604682412428,1.7231641713930443,1.313452018761876,40.85,35474800.0,36.91,28628200.0,33.47,22786500.0,74.54370797310276,5.337306962882704,16.163728712279667,-0.048225214198286404,0.02633485567489198
XOM,2021-01-19,39.34,40.14,39.26,39.65,39.65,24932600,Energy,39.512,38.053999999999995,35.939,33.5444,37.796255457745424,36.02596928159655,1.770286176148872,1.404818850239275,38.88,42411300.0,38.03,38246200.0,33.69,27764700.0,76.03978300180829,4.259794898764135,17.69070940932027,0.01980452674897104,0.026173413996147057
XOM,2021-01-20,39.87,40.38,39.77,40.21,40.21,22342400,Energy,39.78,38.543,36.215,33.8226,38.16760077193844,36.33589748295977,1.831703288978666,1.4901957379871535,39.65,24932600.0,38.87,36915100.0,35.32,44035100.0,79.80427046263344,3.447388731669676,13.844847112117776,0.014123581336696223,0.023695331973450875
XOM,2021-01-21,40.05,40.1,38.71,39.06,39.06,29044500,Energy,39.730000000000004,38.827000000000005,36.464999999999996,34.084,38.30489296087099,36.53768285459238,1.767210106278604,1.5455986116454437,40.21,22342400.0,39.31,29000300.0,36.22,36484800.0,71.80544105523495,-0.6359704909692176,7.840971838763133,-0.028599850783387226,0.026601518088906873
XOM,2021-01-22,38.17,38.68,37.87,38.51,38.51,23264800,Energy,39.262,39.028,36.716499999999996,34.2686,38.33644788996776,36.68378042091887,1.652667469048886,1.5670123831261322,39.06,29044500.0,40.85,35474800.0,36.5,29528100.0,70.35541195476574,-5.728274173806613,5.506849315068485,-0.014080901177675464,0.027496055901352318
XOM,2021-01-25,38.08,38.2,37.48,38.08,38.08,26395800,Energy,39.102,39.144999999999996,36.925,34.431599999999996,38.296994368434255,36.7872040934434,1.5097902749908556,1.555567961499077,38.51,23264800.0,38.88,42411300.0,36.91,28628200.0,67.43447180301825,-2.0576131687242927,3.169872663234896,-0.011165930927031886,0.02790617527733065
XOM,2021-01-26,38.37,38.86,37.23,37.24,37.24,23976800,Energy,38.620000000000005,39.065999999999995,37.0985,34.583999999999996,38.1343798502136,36.82074453096612,1.3136353192474814,1.5071814330487578,38.08,26395800.0,39.65,24932600.0,38.03,38246200.0,58.13559322033898,-6.0781841109709855,-2.077307388903493,-0.022058823529411686,0.02721226607355717
XOM,2021-01-27,36.54,37.88,36.15,36.82,36.82,32410300,Energy,37.942,38.861000000000004,37.245,34.748400000000004,37.93216756556536,36.82068938052418,1.1114781850411788,1.4280407834472422,37.24,23976800.0,40.21,22342400.0,38.87,36915100.0,52.650176678445234,-8.43073862223328,-5.273990223822988,-0.011278195488721887,0.025980733656848568
XOM,2021-01-28,37.3,37.83,37.1,37.4,37.4,24967200,Energy,37.61,38.67,37.4395,34.9106,37.850295632401455,36.86360127826313,0.9866943541383222,1.3397714975854582,36.82,32410300.0,39.06,29044500.0,39.31,29000300.0,53.872633390705666,-4.249871991807486,-4.858814551004842,0.015752308527973824,0.026327464217916246
XOM,2021-01-29,36.98,37.38,36.14,36.41,36.41,38961100,Energy,37.190000000000005,38.226,37.5715,35.0192,37.62871168895508,36.830001183576975,0.7987105053781036,1.2315592991439874,37.4,24967200.0,38.51,23264800.0,40.85,35474800.0,47.95081967213115,-5.453129057387695,-10.869033047735632,-0.026470588235294135,0.022015198023381755
XOM,2021-02-01,37.01,37.01,35.96,36.47,36.47,24412400,Energy,36.868,37.985,37.721500000000006,35.120599999999996,37.45044835219276,36.803334429237935,0.6471139229548228,1.1146702239061546,36.41,38961100.0,38.08,26395800.0,38.88,42411300.0,42.99820466786355,-4.227941176470584,-6.198559670781901,0.001647898928865743,0.017979851686986476
XOM,2021-02-02,37.19,38.15,36.76,37.05,37.05,31940400,Energy,36.83,37.725,37.8895,35.2574,37.38884091339387,36.82160595299809,0.5672349603957798,1.0051831712040795,36.47,24412400.0,37.24,23976800.0,39.65,24932600.0,41.6360294117647,-0.5102040816326703,-6.557377049180335,0.015903482314230777,0.017384629149863592
XOM,2021-02-03,37.05,38.7,36.88,38.5,38.5,28459300,Energy,37.166,37.553999999999995,38.048500000000004,35.42,37.55978846517943,36.9459314379612,0.6138570272182307,0.9269179424069098,37.05,31940400.0,36.82,32410300.0,40.21,22342400.0,46.5937762825904,4.562737642585546,-4.2526734643123625,0.03913630229419707,0.02191129224854666
XOM,2021-02-04,38.87,39.28,38.36,39.24,39.24,25280300,Energy,37.534,37.571999999999996,38.1995,35.605,37.81828254745952,37.11586244255667,0.7024201049028491,0.8820183749060977,38.5,28459300.0,37.4,24967200.0,39.06,29044500.0,42.74120829576195,4.919786096256695,0.4608294930875667,0.01922077922077925,0.02118156146660103
XOM,2021-02-05,39.93,40.69,39.82,40.55,40.55,34980100,Energy,38.362,37.775999999999996,38.402,35.7768,38.23854677092728,37.37024300236729,0.8683037685599899,0.8792754536368762,39.24,25280300.0,36.41,38961100.0,38.51,23264800.0,58.00575263662509,11.370502609173316,5.297325370033756,0.03338430173292539,0.02276976068254915
XOM,2021-02-08,41.34,42.51,41.17,42.3,42.3,36998700,Energy,39.528,38.198,38.6715,35.9412,38.86338572924616,37.73541018737712,1.1279755418690414,0.9290154712833093,40.55,34980100.0,36.47,24412400.0,38.08,26395800.0,61.61262050832602,15.98574170551137,11.081932773109248,0.04315659679408146,0.02476874745724262
XOM,2021-02-09,41.84,42.08,41.09,41.8,41.8,28977000,Energy,40.477999999999994,38.653999999999996,38.86,36.1146,39.315172540131364,38.03649091423807,1.2786816258932916,0.9989487022053058,42.3,36998700.0,37.05,31940400.0,37.24,23976800.0,57.00440528634359,12.82051282051282,12.244897959183664,-0.011820330969267157,0.023433369252036783
XOM,2021-02-10,41.8,42.46,41.61,42.21,42.21,25723800,Energy,41.22,39.193,39.027,36.3062,39.76053061088039,38.34563973540562,1.414890875474768,1.0821371368591983,41.8,28977000.0,38.5,28459300.0,36.82,32410300.0,64.8444863336475,9.636363636363644,14.638783269961975,0.009808612440191489,0.022026082032677953
XOM,2021-02-11,42.02,42.05,40.28,41.15,41.15,26972200,Energy,41.602,39.568,39.119,36.51,39.9742951322834,38.55337012537558,1.4209250069078223,1.1498947108689233,42.21,25723800.0,39.24,25280300.0,37.4,24967200.0,61.8705035971223,4.867482161060144,10.026737967914446,-0.02511253257521917,0.025218527285265514
XOM,2021-02-12,40.81,41.87,40.8,41.71,41.71,19756700,Energy,41.833999999999996,40.098,39.162,36.719,40.241326650393646,38.78719456053294,1.4541320898607069,1.21074218666728,41.15,26972200.0,40.55,34980100.0,36.41,38961100.0,66.13333333333333,2.8606658446362676,14.556440538313664,0.013608748481166444,0.02174404900012245
XOM,2021-02-16,42.9,43.37,42.62,42.97,42.97,28060100,Energy,41.968,40.748,39.366499999999995,36.9298,40.66112255033308,39.097032000493456,1.5640905498396265,1.2814118593017494,41.71,19756700.0,42.3,36998700.0,36.47,24412400.0,74.55012853470434,1.5839243498817934,17.82286811077598,0.030208583073603412,0.02183243113652589
XOM,2021-02-17,43.22,43.98,42.77,43.64,43.64,25509700,Energy,42.336,41.407,39.565999999999995,37.1496,41.11941138874338,39.433548148605055,1.6858632401383247,1.3623021354690645,42.97,28060100.0,41.8,28977000.0,37.05,31940400.0,78.60738255033556,4.401913875598096,17.786774628879897,0.015592273679311264,0.02183399275664496
XOM,2021-02-18,43.6,43.71,42.82,42.95,42.95,20627600,Energy,42.484,41.852000000000004,39.702999999999996,37.3318,41.40104040585979,39.694026063523204,1.7070143423365849,1.4312445768425686,43.64,25509700.0,42.21,25723800.0,38.5,28459300.0,73.06733167082294,1.753139066571907,11.558441558441569,-0.015811182401466506,0.022470204025828746
XOM,2021-02-19,43.03,43.4,42.87,43.24,43.24,22607200,Energy,42.902,42.251999999999995,39.912,37.532399999999996,41.68395726649675,39.95669079955852,1.7272664669382252,1.4904489548617,42.95,20627600.0,41.15,26972200.0,39.24,25280300.0,80.14121800529568,5.078979343863921,10.19367991845057,0.006752037252619303,0.022322592667470473
XOM,2021-02-22,43.42,45.26,43.42,44.83,44.83,36435100,Energy,43.525999999999996,42.68,40.228,37.743199999999995,42.16796384088187,40.31767666625789,1.850287174623979,1.5624165988141558,43.24,22607200.0,41.71,19756700.0,40.55,34980100.0,82.50388802488335,7.480220570606555,10.554870530209627,0.03677150786308969,0.02273905551333252
XOM,2021-02-23,45.4,45.63,44.37,45.45,45.45,33527900,Energy,44.022000000000006,42.995,40.5965,37.9572,42.67289248074619,40.6978487650536,1.9750437156925926,1.6449420221898432,44.83,36435100.0,42.97,28060100.0,42.3,36998700.0,82.55813953488372,5.771468466371887,7.446808510638303,0.013830024537140329,0.01972417367672704
XOM,2021-02-24,45.57,47.06,45.31,46.82,46.82,28728600,Energy,44.658,43.497,41.0755,38.178999999999995,43.31090902216985,41.1513414491237,2.1595675730461537,1.7478671323611055,45.45,33527900.0,43.64,25509700.0,41.8,28977000.0,82.44929797191888,7.286892758936747,12.009569377990449,0.03014301430143007,0.019648478303994563
XOM,2021-02-25,47.05,47.27,45.7,46.04,46.04,29670900,Energy,45.275999999999996,43.88,41.536500000000004,38.388600000000004,43.73076917260526,41.51346430474417,2.2173048678610883,1.8417546794611022,46.82,28728600.0,42.95,20627600.0,42.21,25723800.0,76.43856920684291,7.194412107101278,9.07367922293294,-0.01665954720205043,0.021599369789632766
XOM,2021-02-26,44.93,45.46,43.86,44.89,44.89,35291000,Energy,45.605999999999995,44.254000000000005,41.910999999999994,38.6008,43.909112376819834,41.7635780599483,2.145534316871533,1.9025106069431885,46.04,29670900.0,43.24,22607200.0,41.15,26972200.0,67.08661417322836,3.815911193339505,9.088699878493323,-0.02497827975673328,0.021575886673487747
XOM,2021-03-01,46.63,47.57,46.35,46.57,46.57,36998300,Energy,45.954,44.739999999999995,42.419,38.8334,44.31847970346294,42.11960931476694,2.198870388696001,1.9617825632937511,44.89,35291000.0,44.83,36435100.0,41.71,19756700.0,66.90419635787808,3.881329466874872,11.65188204267562,0.03742481621742044,0.023386284314412514
XOM,2021-03-02,46.78,47.03,46.25,46.3,46.3,30302600,Energy,46.123999999999995,45.073,42.9105,39.0498,44.623328979853255,42.42926788404346,2.1940610958097935,2.00823826979696,46.57,36998300.0,45.45,33527900.0,42.97,28060100.0,68.14516129032256,1.870187018701852,7.749592739120303,-0.0057977238565600775,0.022923507116770922
XOM,2021-03-03,46.59,47.86,46.14,46.67,46.67,35358900,Energy,46.094,45.376000000000005,43.3915,39.2772,44.93820144449121,42.74339618892913,2.1948052555620805,2.0455516669499842,46.3,30302600.0,46.82,28728600.0,43.64,25509700.0,68.04207119741099,-0.3203759077317403,6.9431714023831415,0.007991360691144811,0.02275914938045885
XOM,2021-03-04,47.16,49.1,47.15,48.48,48.48,52137500,Energy,46.582,45.928999999999995,43.890499999999996,39.553,45.483093529954104,43.16832980456401,2.314763725390094,2.099394078638006,46.67,35358900.0,46.04,29670900.0,42.95,20627600.0,77.95575896262395,5.2997393570807905,12.875436554132701,0.03878294407542304,0.023231229310410384
XOM,2021-03-05,49.4,50.41,48.81,50.31,50.31,51429800,Energy,47.666,46.635999999999996,44.444,39.878,46.22569452534578,43.69734241163334,2.5283521137124367,2.1851856856528924,48.48,52137500.0,44.89,35291000.0,43.24,22607200.0,79.90264255910988,12.073958565382048,16.350601295097135,0.03774752475247545,0.0244270408450894
XOM,2021-03-08,50.85,50.87,49.39,50.26,50.26,38154600,Energy,48.403999999999996,47.178999999999995,44.929500000000004,40.2136,46.846356906061814,44.1834651959568,2.662891710105015,2.280726890543317,50.31,51429800.0,46.57,36998300.0,44.83,36435100.0,77.67653758542139,7.923555937298676,12.11242471559224,-0.0009938382031405846,0.02368544164777482
XOM,2021-03-09,50.04,50.69,49.1,49.48,49.48,35645900,Energy,49.04,47.582,45.2885,40.525,47.251532766667694,44.57580110736741,2.6757316593002827,2.35972784429471,50.26,38154600.0,46.3,30302600.0,45.45,33527900.0,71.9879518072289,6.868250539956811,8.866886688668863,-0.015519299641862383,0.025170737570498418
XOM,2021-03-10,49.97,51.13,49.57,51.0,51.0,31579100,Energy,49.90599999999999,48.0,45.7485,40.8696,47.828220033334205,45.051667692006866,2.7765523413273385,2.4430927437012357,49.48,35645900.0,46.67,35358900.0,46.82,28728600.0,78.5258681785967,9.27790872080565,8.927808628791123,0.03071948261924007,0.025225613620400256
XOM,2021-03-11,51.01,51.65,50.58,50.62,50.62,24802600,Energy,50.333999999999996,48.458,46.169,41.2042,48.257724643590485,45.46413675185821,2.7935878917322725,2.5131917733074434,51.0,31579100.0,48.48,52137500.0,46.04,29670900.0,75.9859154929577,4.414191419141922,9.947871416159849,-0.0074509803921568585,0.02434266710065947
XOM,2021-03-12,50.82,51.5,50.78,51.17,51.17,20422700,Energy,50.506,49.086,46.67,41.5574,48.705767006115025,45.8867932887576,2.818973717357423,2.574348162117439,50.62,24802600.0,50.31,51429800.0,44.89,35291000.0,74.0881458966565,1.7094017094017033,13.989752728892846,0.010865270644014213,0.021073283402471
XOM,2021-03-15,50.77,51.08,49.43,49.86,49.86,31243600,Energy,50.426,49.415,47.0775,41.8792,48.88334131286656,46.18110489699778,2.702236415868782,2.5999258128677076,51.17,20422700.0,50.26,38154600.0,46.57,36998300.0,65.92057761732849,-0.7958615200954977,7.06463388447498,-0.025600938049638478,0.02246108114213575
XOM,2021-03-16,49.16,49.26,48.25,48.81,48.81,30624800,Energy,50.291999999999994,49.666,47.3695,42.18599999999999,48.87205803396402,46.37583786759053,2.496220166373483,2.579184683568863,49.86,31243600.0,49.48,35645900.0,46.3,30302600.0,57.3540280857354,-1.354082457558603,5.4211663066954685,-0.02105896510228633,0.023904915819953104
XOM,2021-03-17,48.46,49.32,48.4,49.02,49.02,25575500,Energy,49.896,49.900999999999996,47.63850000000001,42.4926,48.89481833643109,46.57170172925049,2.3231166071806015,2.527971068291211,48.81,30624800.0,51.0,31579100.0,46.67,35358900.0,61.496913580246904,-3.882352941176459,5.035354617527332,0.004302397049784856,0.0238914851474944
XOM,2021-03-18,48.56,48.69,46.67,46.91,46.91,38622800,Energy,49.154,49.744,47.8365,42.724399999999996,48.58946166928784,46.59676086041712,1.9927008088707225,2.420917016407113,49.02,25575500.0,50.62,24802600.0,48.48,52137500.0,57.25574712643675,-7.329118925325961,-3.2384488448844895,-0.043043655650754964,0.025086354545956698
XOM,2021-03-19,46.82,47.45,46.08,46.64,46.64,84439400,Energy,48.248000000000005,49.376999999999995,48.0065,42.93280000000001,48.28954448939741,46.59996375964548,1.689580729751924,2.2746497590760755,46.91,38622800.0,51.17,20422700.0,50.31,51429800.0,50.27977617905675,-8.852843462966586,-7.294772411051486,-0.005755702408867913,0.020606416385138417
XOM,2021-03-22,46.65,46.95,46.16,46.16,46.16,29315100,Energy,47.508,48.967,48.07299999999999,43.126000000000005,47.96192226025934,46.56737385152359,1.3945484087357514,2.098629489008011,46.64,84439400.0,49.86,31243600.0,50.26,38154600.0,49.4496855345912,-7.4207781789009335,-8.157580580978918,-0.010291595197255643,0.020497044657445673
XOM,2021-03-23,45.36,46.48,44.96,45.59,45.59,33493300,Energy,46.864,48.577999999999996,48.08,43.2996,47.59701114329636,46.49497578844777,1.1020353548485957,1.899310662176128,46.16,29315100.0,48.81,30624800.0,49.48,35645900.0,45.82043343653252,-6.597008809670147,-7.861762328213406,-0.012348353552859459,0.02039694874309887
XOM,2021-03-24,46.3,47.3,46.3,46.52,46.52,29781800,Energy,46.364,48.13,48.065,43.46940000000001,47.43131712125077,46.49682943374793,0.9344876875028376,1.7063460672414699,45.59,33493300.0,49.02,25575500.0,51.0,31579100.0,41.86046511627911,-5.099959200326398,-8.78431372549019,0.020399210353147623,0.018383812862823614
XOM,2021-03-25,45.59,46.65,45.0,46.39,46.39,31495900,Energy,46.260000000000005,47.707,48.082499999999996,43.6198,47.27111448721219,46.4889161423592,0.7821983448529863,1.5215165227637732,46.52,29781800.0,46.91,38622800.0,50.62,24802600.0,31.044487427466166,-1.1085056491153211,-8.356380877123659,-0.002794496990541795,0.018486049272274426
XOM,2021-03-26,47.31,47.71,46.67,47.65,47.65,34226500,Energy,46.462,47.355,48.2205,43.7866,47.329404566102625,46.5749223540363,0.7544822120663213,1.3681096606242829,46.39,31495900.0,46.64,84439400.0,51.17,20422700.0,38.70129870129871,2.1655231560891997,-6.879030682040266,0.027161026083207584,0.020941217341545523
XOM,2021-03-29,47.34,47.74,46.85,47.39,47.39,21144400,Energy,46.708,47.108000000000004,48.2615,43.9174,47.33872694054837,46.63529847595954,0.703428464588832,1.2351734214171928,47.65,34226500.0,46.16,29315100.0,49.86,31243600.0,40.52583862194019,2.6646447140381335,-4.953870838347374,-0.005456453305351494,0.019884989207571663
XOM,2021-03-30,46.95,47.36,46.64,46.81,46.81,20303400,Energy,46.952,46.908,48.287,44.07599999999999,47.25738433431016,46.648239329592165,0.6091450047179947,1.1099677380773532,47.39,21144400.0,45.59,33493300.0,48.81,30624800.0,29.236868186323107,2.6760254441763554,-4.097520999795123,-0.012238868959696059,0.019274284933344876
XOM,2021-03-31,46.53,46.76,46.07,46.1,46.1,23686500,Energy,46.868,46.616,48.2585,44.20499999999999,47.07932520595475,46.60762900888163,0.47169619707312194,0.9823134298765069,46.81,20303400.0,46.52,29781800.0,49.02,25575500.0,28.310940499040328,-0.9028374892519397,-5.956752345981231,-0.015167699209570618,0.01932500641906099
XOM,2021-04-01,46.5,47.44,46.35,47.39,47.39,23194500,Energy,47.068,46.664,48.204,44.348600000000005,47.12712132811556,46.665582415631135,0.46153891248442136,0.8781585263980899,46.1,23686500.0,46.39,31495900.0,46.91,38622800.0,33.06451612903224,2.155636990730758,1.0232359837987648,0.027982646420824375,0.017103067485876686
XOM,2021-04-05,47.31,47.33,46.35,46.65,46.65,23264800,Energy,46.867999999999995,46.665,48.021,44.5004,47.053718046867004,46.66442816262142,0.38928988424558497,0.780384797967589,47.39,23194500.0,47.65,34226500.0,46.64,84439400.0,34.8441926345609,-2.098635886673661,0.02144082332760089,-0.01561510867271576,0.01781470468279165
XOM,2021-04-06,46.93,47.51,46.45,46.52,46.52,18926300,Energy,46.694,46.701,47.833999999999996,44.6606,46.97160757811824,46.65372978020502,0.31787779791321924,0.687883397956715,46.65,23264800.0,47.39,21144400.0,46.16,29315100.0,38.15925542916236,-1.8358303439544144,0.7798960138648336,-0.0027867095391209684,0.017480283370492688
XOM,2021-04-07,46.56,46.87,46.44,46.73,46.73,22385000,Energy,46.678,46.815,47.6965,44.833600000000004,46.93443718148466,46.659379426115756,0.27505775536890553,0.6053182694391531,46.52,18926300.0,46.81,20303400.0,45.59,33493300.0,38.159255429162314,-0.17090365306559052,2.5005483658697036,0.004514187446259532,0.016861184129732684
XOM,2021-04-08,46.18,46.3,45.68,46.24,46.24,21999300,Energy,46.706,46.787,47.4585,45.0136,46.827600692025484,46.62831428344052,0.1992864085849675,0.5241118972683161,46.73,22385000.0,46.1,23686500.0,46.52,29781800.0,45.83850931677021,0.30368763557484524,-0.6018916595012969,-0.010485769313074988,0.016047564873600033
XOM,2021-04-09,46.24,46.6,45.85,46.13,46.13,20020700,Energy,46.45399999999999,46.761,47.233999999999995,45.1998,46.72027750863695,46.59140211429677,0.12887539434017725,0.44506459668268833,46.24,21999300.0,47.39,23194500.0,46.39,31495900.0,46.7680608365019,-2.6587887740029514,-0.5604656175899891,-0.002378892733563953,0.016041466827919706
XOM,2021-04-12,46.87,46.89,45.67,45.83,45.83,20238800,Energy,46.290000000000006,46.579,46.967,45.3684,46.58331173807742,46.5350019576822,0.048309780395221935,0.3657136334251951,46.13,20020700.0,46.65,23264800.0,47.65,34226500.0,47.85992217898833,-1.7577706323687048,-3.819517313746068,-0.006503360069369246,0.012810994286917897
XOM,2021-04-13,45.66,46.22,45.49,46.0,46.0,19370600,Energy,46.186,46.44,46.774,45.5602,46.4935714706809,46.495372183039066,-0.001800712358168255,0.29221076426852244,45.83,20238800.0,46.52,18926300.0,47.39,21144400.0,52.80437756497947,-1.1177987962166847,-2.933108250685801,0.003709360680776763,0.013006788734280534
XOM,2021-04-14,46.58,47.9,46.44,47.33,47.33,28051100,Energy,46.306,46.492,46.7,45.7774,46.622252782883834,46.55719646577691,0.06505631710692228,0.24677987483620242,46.0,19370600.0,46.73,22385000.0,46.81,20303400.0,55.252918287937725,1.283971752621449,1.1108737449262884,0.028913043478260736,0.015908946121204925
XOM,2021-04-15,47.41,47.41,46.88,47.05,47.05,23250300,Energy,46.468,46.587,46.6015,45.97740000000001,46.68806004705555,46.59370043127492,0.09435961578063257,0.21629582302508846,47.33,28051100.0,46.24,21999300.0,46.1,23686500.0,54.198473282442734,1.751730103806226,2.060737527114953,-0.005915909571096556,0.01509852797609817
XOM,2021-04-16,47.36,47.63,46.6,46.78,46.78,22752000,Energy,46.598,46.525999999999996,46.595,46.143,46.70220465520085,46.60750039932863,0.09470425587222309,0.19197750959451537,47.05,23250300.0,46.13,20020700.0,47.39,23194500.0,43.66812227074236,1.4090613483633163,-1.2871913905887267,-0.005738575982996763,0.012167503519025062
XOM,2021-04-19,46.86,47.18,46.21,46.63,46.63,21123300,Energy,46.757999999999996,46.524,46.5945,46.2908,46.69109624670841,46.60916703641539,0.08192921029301914,0.16996784973421614,46.78,22752000.0,45.83,20238800.0,46.65,23264800.0,44.37869822485208,1.745581496836146,-0.04287245444800636,-0.00320649850363397,0.011125449658975918
XOM,2021-04-20,46.63,46.63,45.23,45.65,45.65,21782100,Energy,46.688,46.437,46.569,46.392799999999994,46.53092759336865,46.538117626310544,-0.007190032941892355,0.13453627319899444,46.63,21123300.0,46.0,19370600.0,46.52,18926300.0,41.89944134078208,-0.7608695652173925,-1.870163370593303,-0.02101651297448004,0.012974834077309457
XOM,2021-04-21,45.0,46.35,44.83,46.24,46.24,16625600,Energy,46.470000000000006,46.388,46.6015,46.471599999999995,46.48616950208117,46.51603483917643,-0.029865337095259292,0.1016559511401437,45.65,21782100.0,47.33,28051100.0,46.73,22385000.0,50.99431818181819,-2.302979083034007,-1.0485769313074988,0.01292442497261792,0.013683593637182993
XOM,2021-04-22,46.23,46.23,45.43,45.64,45.64,21600100,Energy,46.188,46.327999999999996,46.5575,46.5484,46.35598957868407,46.451143369607806,-0.09515379092373877,0.06229400272736721,46.24,16625600.0,47.05,23250300.0,46.24,21999300.0,36.220472440944874,-2.9968119022316664,-1.2975778546712835,-0.012975778546712835,0.013896986500344665
XOM,2021-04-23,45.64,46.19,45.56,45.88,45.88,15337900,Energy,46.008,46.303,46.532000000000004,46.62179999999999,46.28276041273267,46.40883645334056,-0.12607604060789157,0.024619994060315457,45.64,21600100.0,46.78,22752000.0,46.13,20020700.0,43.41880341880345,-1.9238991021804153,-0.5419466724474353,0.005258545135845782,0.014035329673325308
XOM,2021-04-26,45.8,46.48,45.78,45.97,45.97,16083800,Energy,45.876,46.317,46.44799999999999,46.7182,46.234643426158414,46.37633004938941,-0.14168662323099568,-0.008641329397946769,45.88,15337900.0,46.63,21123300.0,45.83,20238800.0,45.26678141135968,-1.4153978125670208,0.3054767619463217,0.001961639058413178,0.01388447698632605
XOM,2021-04-27,46.25,46.76,46.08,46.58,46.58,19278600,Energy,46.062,46.375,46.4075,46.8156,46.28777520674943,46.3914167123976,-0.1036415056481701,-0.027641364647991436,45.97,16083800.0,45.65,21782100.0,46.0,19370600.0,48.79227053140097,2.037239868565166,1.2608695652173818,0.013269523602349453,0.014455703776326724
XOM,2021-04-28,46.99,48.27,46.89,47.98,47.98,24729800,Energy,46.41,46.44,46.466,46.9158,46.54811748263413,46.50908954851629,0.03902793411783989,-0.014307504894825174,46.58,19278600.0,46.24,16625600.0,47.33,28051100.0,62.219101123595465,3.7629757785466955,1.3733361504331354,0.030055817947616914,0.01470028093102131
XOM,2021-04-29,48.65,49.11,48.01,48.67,48.67,27318400,Energy,47.016000000000005,46.602000000000004,46.5945,47.016400000000004,46.87456094684426,46.66915698936694,0.20540395747732276,0.029634787579604416,47.98,24729800.0,45.64,21600100.0,47.05,23250300.0,66.49350649350646,6.63891323400525,3.4431455897981023,0.014380992080033517,0.01496725394912871
XOM,2021-04-30,48.16,48.62,47.2,47.26,47.26,30518400,Energy,47.291999999999994,46.65,46.588,47.102599999999995,46.93385926271438,46.71292313830272,0.22093612441165789,0.06789505494601511,48.67,27318400.0,45.88,15337900.0,46.78,22752000.0,58.11577752553915,3.007846556233651,1.0260795211628926,-0.028970618450791075,0.018045570882009632
XOM,2021-05-03,47.87,48.71,47.68,48.57,48.57,20509600,Energy,47.812,46.844,46.684000000000005,47.2092,47.18557322229678,46.85048438731734,0.3350888349794445,0.12133381095270099,47.26,30518400.0,45.97,16083800.0,46.63,21123300.0,62.9145728643216,5.6558625190341605,4.16041175209092,0.02771900126957272,0.019779211712819017
XOM,2021-05-04,48.72,49.13,48.31,48.87,48.87,23522200,Energy,48.269999999999996,47.166000000000004,46.801500000000004,47.29,47.44471580348189,47.00007813640494,0.44463766707695385,0.18599458217755158,48.57,20509600.0,46.58,19278600.0,45.65,21782100.0,58.632286995515685,4.916273078574496,7.053669222343917,0.006176652254477943,0.01767528504300926
XOM,2021-05-05,49.35,50.41,49.05,50.34,50.34,31526200,Energy,48.742000000000004,47.576,46.982,47.3878,47.89014414140775,47.2474797559305,0.6426643854772536,0.277328542837492,48.87,23522200.0,47.98,24729800.0,46.24,16625600.0,66.271018793274,4.918716131721568,8.866782006920415,0.030079803560466578,0.01909210035328371
XOM,2021-05-06,50.25,50.9,49.57,50.82,50.82,26836800,Energy,49.172,48.094,47.211,47.4678,48.34089119657579,47.51211088512083,0.8287803114549561,0.3876188965609848,50.34,31526200.0,48.67,27318400.0,45.64,21600100.0,69.57364341085268,4.417505650297926,11.349693251533743,0.009535160905840279,0.017514941362281714
XOM,2021-05-07,50.42,51.58,50.24,51.55,51.55,33610600,Energy,50.03,48.660999999999994,47.482,47.578,48.83460024325643,47.81121378251929,1.023386460737143,0.5147724093962165,50.82,26836800.0,47.26,30518400.0,45.88,15337900.0,72.56880733944949,9.07744392721117,12.358326068003468,0.014364423455332398,0.01742282488622438
XOM,2021-05-10,52.22,52.86,51.63,51.67,51.67,31956600,Energy,50.65,49.231,47.774,47.7136,49.270815590447754,48.09704979862897,1.1737657918187807,0.6465710858807294,51.55,33610600.0,48.57,20509600.0,45.97,16083800.0,79.98007968127487,6.382540662960667,12.39939090711335,0.0023278370514066005,0.017400085044252667
XOM,2021-05-11,50.89,51.51,49.86,50.03,50.03,34563800,Energy,50.882,49.576,47.9755,47.782799999999995,49.38761319191733,48.240231295026824,1.1473818968905078,0.7467332480826852,51.67,31956600.0,48.87,23522200.0,46.58,19278600.0,67.0874661857529,2.37364436259464,7.406612279948477,-0.031739887749177464,0.022171787278909193
XOM,2021-05-12,50.27,51.67,50.05,50.3,50.3,34426500,Energy,50.874,49.808,48.124,47.8628,49.52798039316082,48.39280675465447,1.1351736385063447,0.8244213261674171,50.03,34563800.0,50.34,31526200.0,47.98,24729800.0,71.65427509293679,-0.07945967421534306,4.835348061692368,0.005396761942834116,0.02069316600125732
XOM,2021-05-13,49.43,50.64,49.22,49.68,49.68,24268200,Energy,50.646,49.909,48.2555,47.922999999999995,49.55136802498223,48.488154402457845,1.063213622524387,0.8721797854388111,50.3,34426500.0,50.82,26836800.0,48.67,27318400.0,67.05565529622979,-2.2432113341204207,2.0752003287445975,-0.01232604373757451,0.021057666122847516
XOM,2021-05-14,50.2,51.0,50.2,50.91,50.91,20735400,Energy,50.517999999999994,50.274,48.462,47.971599999999995,49.76038832883112,48.667550372646154,1.0928379561849653,0.9163114195880421,49.68,24268200.0,51.55,33610600.0,47.26,30518400.0,70.11400651465797,-1.241513094083413,7.723233178163347,0.024758454106280192,0.018954248805584852
XOM,2021-05-17,50.72,52.15,50.62,52.1,52.1,25282500,Energy,50.604,50.626999999999995,48.7355,48.0074,50.12032858593402,48.921805900598294,1.1985226853357247,0.9727536727375787,50.91,20735400.0,51.67,31956600.0,48.57,20509600.0,71.46189735614308,0.8322043739113605,7.267860819435867,0.023374582596739524,0.01848663671244761
XOM,2021-05-18,51.94,52.19,50.6,50.62,50.62,25170800,Energy,50.722,50.802,48.984,48.0146,50.19720111117494,49.047598056109535,1.1496030550654055,1.0081235492031442,52.1,25282500.0,50.03,34563800.0,48.87,23522200.0,60.20092735703245,1.179292424545264,3.5809289952936307,-0.028406909788867618,0.021660621472402632
XOM,2021-05-19,49.51,50.15,48.94,49.41,49.41,28889800,Energy,50.544,50.709,49.1425,48.0132,50.07609324791726,49.07444264454586,1.0016506033713952,1.0068289600367946,50.62,25170800.0,50.3,34426500.0,50.34,31526200.0,52.748885586924196,-1.7693836978131205,-1.8474374255065706,-0.02390359541683129,0.021085061512352073
XOM,2021-05-20,49.38,49.55,48.79,49.29,49.29,20692500,Energy,50.465999999999994,50.556,49.325,47.979000000000006,49.95515582516076,49.09040985606099,0.8647459690997721,0.9784123618493902,49.41,28889800.0,49.68,24268200.0,50.82,26836800.0,58.340180772391136,-0.7850241545893755,-3.0106257378984647,-0.0024286581663630624,0.020715314519940027
XOM,2021-05-21,49.78,50.12,49.3,49.36,49.36,20792700,Energy,50.156,50.337,49.498999999999995,47.9538,49.86359339052065,49.11037949635276,0.7532138941678852,0.9333726683130892,49.29,20692500.0,50.91,20735400.0,51.55,33610600.0,53.61390667886551,-3.044588489491251,-4.2483026188166795,0.0014201663623452099,0.019908250385004173
XOM,2021-05-24,49.49,50.1,49.17,49.94,49.94,18400300,Energy,49.724,50.164,49.697500000000005,47.9292,49.87534825351747,49.1718328669933,0.7035153865241739,0.8874012119553062,49.36,20792700.0,52.1,25282500.0,51.67,31956600.0,54.772524531668154,-4.145873320537429,-3.3481710857364066,0.011750405186385704,0.020464276101921364
XOM,2021-05-25,49.84,49.88,48.69,48.81,48.81,25616100,Energy,49.362,50.042,49.809,47.908199999999994,49.71144852220709,49.1450304324012,0.566418089805893,0.8232045875254236,49.94,18400300.0,50.62,25170800.0,50.03,34563800.0,42.96228150873964,-3.575661793757401,-2.4385368778732763,-0.022627152583099663,0.019217628202419325
XOM,2021-05-26,48.8,49.53,48.5,49.37,49.37,21698700,Energy,49.354,49.949,49.878499999999995,47.9194,49.65891798032908,49.161694844815926,0.49722313551315267,0.7580082971229695,48.81,25616100.0,49.41,28889800.0,50.3,34426500.0,43.37899543378994,-0.08095527221210208,-1.8489065606361876,0.011473058799426283,0.019580631684961925
XOM,2021-05-27,49.62,50.01,48.6,49.06,49.06,33556000,Energy,49.308,49.887,49.898,47.9202,49.566776752586144,49.154161893348075,0.41261485923806873,0.6889296095459894,49.37,21698700.0,49.29,20692500.0,49.68,24268200.0,38.176638176638185,-0.46662609048487846,-1.2479871175523294,-0.006279116872594637,0.01930718705537763
XOM,2021-05-28,49.2,49.26,48.68,48.9,48.9,19246800,Energy,49.216,49.686,49.980000000000004,47.96,49.46419571372673,49.1353350864334,0.32886062729333077,0.6169158130954577,49.06,33556000.0,49.36,20792700.0,50.91,20735400.0,36.89687795648057,-0.9319286871961152,-3.948143783146729,-0.0032613126783531676,0.017039638653737286
XOM,2021-06-01,49.8,50.85,49.8,50.65,50.65,28474200,Energy,49.358000000000004,49.541,50.083999999999996,48.0402,49.64662714238416,49.247532487438335,0.3990946549458272,0.5733515814655317,48.9,19246800.0,49.94,18400300.0,52.1,25282500.0,52.90262172284643,1.42170604725671,-2.7831094049904137,0.03578732106339477,0.019518196169941444
XOM,2021-06-02,50.89,51.36,50.41,51.05,51.05,22978300,Energy,49.806,49.583999999999996,50.193,48.138000000000005,49.86253065894044,49.38104859947994,0.4814820594605038,0.5549776770645262,50.65,28474200.0,48.81,25616100.0,50.62,25170800.0,53.46901017576319,4.5892235197705356,0.8494666139865714,0.007897334649555665,0.01746263353578663
XOM,2021-06-03,50.72,51.44,50.56,51.25,51.25,20272800,Energy,50.182,49.767999999999994,50.2385,48.2512,50.07598748064191,49.51948944396291,0.5564980366790024,0.5552817489874214,51.05,22978300.0,49.37,21698700.0,49.41,28889800.0,57.555341674687206,3.807980554992918,3.72394252175674,0.003917727717923647,0.015115731856372855
XOM,2021-06-04,51.49,51.69,50.92,51.48,51.48,20427800,Energy,50.666,49.987,50.271499999999996,48.3504,50.291989406697006,49.664712448113804,0.6272769585832023,0.5696807909065776,51.25,20272800.0,49.06,33556000.0,49.29,20692500.0,53.03514376996805,4.932735426008961,4.4430919050517215,0.0044878048780487845,0.014958259549064969
XOM,2021-06-07,51.38,51.71,51.12,51.14,51.14,15477900,Energy,51.114,50.165,50.251,48.4454,50.42245257489747,49.77399300751278,0.6484595673846911,0.5854365462022003,51.48,20427800.0,48.9,19246800.0,49.36,20792700.0,44.379391100702556,4.58077709611453,3.606158833063211,-0.00660450660450651,0.015349392860582902
XOM,2021-06-08,51.52,52.34,50.82,52.05,52.05,28953400,Energy,51.394000000000005,50.376,50.269999999999996,48.5334,50.67284448645171,49.94258611806739,0.7302583683843196,0.6144009106386242,51.14,15477900.0,50.65,28474200.0,49.94,18400300.0,58.97114178168133,2.764067127344516,4.225070084100913,0.01779429018380907,0.015815519929135213
XOM,2021-06-09,52.5,53.13,52.1,52.48,52.48,29133000,Energy,51.67999999999999,50.742999999999995,50.3925,48.635200000000005,50.95086841161299,50.13054270191425,0.8203257096987357,0.6555858704506465,52.05,28953400.0,51.05,22978300.0,48.81,25616100.0,71.34909596662038,2.8011753183153854,7.518951034624033,0.008261287223823244,0.012688348478493242
XOM,2021-06-10,53.29,53.6,52.15,52.57,52.57,27488700,Energy,51.943999999999996,51.063,50.506,48.7504,51.19996557905714,50.3112432425132,0.8887223365439425,0.7022131636693059,52.48,29133000.0,51.25,20272800.0,49.37,21698700.0,72.90502793296096,2.5756097560975633,6.481669029775183,0.0017149390243902385,0.012711014174438352
XOM,2021-06-11,52.78,52.94,52.06,52.08,52.08,17631700,Energy,52.064,51.364999999999995,50.626,48.87,51.33535548997143,50.44226226158629,0.8930932283851334,0.7403891766124714,52.57,27488700.0,51.48,20427800.0,49.06,33556000.0,67.94195250659634,1.1655011655011593,6.155727680391343,-0.009320905459387574,0.013078471001882936
XOM,2021-06-14,52.19,52.59,51.58,52.0,52.0,16997200,Energy,52.236000000000004,51.675,50.6805,48.962199999999996,51.43760849151428,50.55765024220953,0.8799582493047495,0.768302991150927,52.08,17631700.0,51.14,15477900.0,48.9,19246800.0,64.5480225988701,1.6816581931951458,6.33946830265848,-0.001536098310291778,0.012952512885678074
XOM,2021-06-15,52.34,53.95,52.23,53.89,53.89,30717100,Energy,52.604,51.999,50.769999999999996,49.107,51.81489949281978,50.804490965008824,1.0104085278109523,0.816724098482932,52.0,16997200.0,52.05,28953400.0,50.65,28474200.0,82.3979591836735,3.535062439961578,6.39684106614018,0.036346153846153806,0.013094585346210863
XOM,2021-06-16,53.88,54.28,53.25,53.7,53.7,24803200,Energy,52.848,52.263999999999996,50.92399999999999,49.25059999999999,52.10491495546289,51.018973115748906,1.085941839713982,0.8705676467291421,53.89,30717100.0,52.48,29133000.0,51.05,22978300.0,78.98259705488627,2.324695121951237,5.190989226248788,-0.0035257005010205233,0.013433217270720586
XOM,2021-06-17,53.5,54.0,51.33,51.93,51.93,28491800,Energy,52.720000000000006,52.33200000000001,51.05,49.35459999999999,52.07800496231476,51.08645658865639,0.9915483736583681,0.8947637921149874,53.7,24803200.0,52.57,27488700.0,51.25,20272800.0,66.06942889137737,-1.2174243865322398,1.326829268292684,-0.03296089385474865,0.018071581404205988
XOM,2021-06-18,51.1,51.56,50.46,50.6,50.6,39590700,Energy,52.424,52.24399999999999,51.115500000000004,49.4418,51.8506195834971,51.05042276727443,0.800196816222666,0.8758503969365232,51.93,28491800.0,52.08,17631700.0,51.48,20427800.0,58.415841584158436,-2.841781874039928,-1.7094017094017033,-0.025611399961486536,0.019923951837310005
XOM,2021-06-21,51.04,52.52,51.02,52.43,52.43,33145400,Energy,52.510000000000005,52.373000000000005,51.269000000000005,49.5678,51.93975503218985,51.15261367340225,0.7871413587876006,0.8581085893067388,50.6,39590700.0,52.0,16997200.0,51.14,15477900.0,58.74263261296662,0.8269230769230695,2.5224872897927186,0.03616600790513824,0.023060797025763437
XOM,2021-06-22,52.65,53.62,52.13,53.44,53.44,25140400,Energy,52.42,52.512,51.443999999999996,49.72,52.17056195031449,51.32204969759467,0.8485122527198214,0.8561893219893554,52.43,33145400.0,53.89,30717100.0,52.05,28953400.0,61.07506950880446,-0.8350343291890994,2.670509125840548,0.019263780278466536,0.02317185124596561
XOM,2021-06-23,53.66,54.2,53.26,53.83,53.83,20701600,Energy,52.446000000000005,52.647000000000006,51.69500000000001,49.876599999999996,52.42586011180457,51.50782379406915,0.9180363177354209,0.8685587211385686,53.44,25140400.0,53.7,24803200.0,52.48,29133000.0,61.74863387978143,0.24208566108006035,2.5724085365853577,0.0072979041916168,0.023148982413015197
XOM,2021-06-24,53.74,54.08,53.45,54.05,54.05,19568400,Energy,52.870000000000005,52.794999999999995,51.928999999999995,50.011,52.67572778691156,51.69613314265662,0.9795946442549379,0.8907659057618426,53.83,20701600.0,51.93,28491800.0,52.57,27488700.0,61.713764813126716,4.082418640477559,2.815293893855797,0.004086940367824532,0.02314897058280349
XOM,2021-06-25,54.12,54.39,53.92,54.17,54.17,18438300,Energy,53.584,53.004,52.1845,50.153400000000005,52.9056158196944,51.879382539496866,1.0262332801975305,0.9178593806489802,54.05,19568400.0,50.6,39590700.0,52.08,17631700.0,64.09302325581396,7.055335968379439,4.013056835637485,0.002220166512488575,0.022749560049742264
XOM,2021-06-28,54.08,54.08,52.57,52.78,52.78,20570000,Energy,53.653999999999996,53.081999999999994,52.378499999999995,50.2734,52.88629030897218,51.94609494397858,0.940195364993599,0.922326577517904,54.17,18438300.0,52.43,33145400.0,52.0,16997200.0,53.25022261798755,0.6675567423231055,1.5000000000000124,-0.025659959387114628,0.024624241184044424
XOM,2021-06-29,52.95,53.42,52.43,52.46,52.46,19579300,Energy,53.458000000000006,52.939,52.468999999999994,50.39,52.820707184514916,51.98416198516535,0.8365451993495654,0.9051703018842363,52.78,20570000.0,53.44,25140400.0,53.89,30717100.0,49.910071942446066,-1.8338323353293329,-2.6535535349786588,-0.0060629026146267195,0.02145413019551904
XOM,2021-06-30,52.52,52.97,52.32,52.84,52.84,17875500,Energy,53.260000000000005,52.852999999999994,52.5585,50.5338,52.82367530997416,52.04755739367162,0.776117916302546,0.8793598247678983,52.46,19579300.0,53.83,20701600.0,53.7,24803200.0,51.18317265556531,-1.8391231655210727,-1.6014897579143428,0.0072436141822340705,0.021664986243026412
XOM,2021-07-01,53.89,53.97,52.58,52.99,52.99,22530300,Energy,53.048,52.959,52.645500000000006,50.668800000000005,52.84926372382429,52.11736795710335,0.731895766720946,0.849867013158508,52.84,17875500.0,54.05,19568400.0,51.93,28491800.0,54.110207768744374,-1.961147086031445,2.0412093202387904,0.0028387585162754636,0.018613555622875564
XOM,2021-07-02,52.78,53.04,52.29,52.92,52.92,14555300,Energy,52.798,53.190999999999995,52.717499999999994,50.8144,52.860146227851324,52.1768221825031,0.6833240453482219,0.8165584195964508,52.99,22530300.0,54.17,18438300.0,50.6,39590700.0,54.159132007233275,-2.3075503045966395,4.584980237154146,-0.0013210039630119352,0.015983171302983094
XOM,2021-07-06,52.57,52.57,51.02,51.41,51.41,22110800,Energy,52.524,53.089,52.73100000000001,50.925,52.637046808181886,52.12002053935473,0.5170262688271592,0.7566519894425926,52.92,14555300.0,52.78,20570000.0,52.43,33145400.0,38.389513108614224,-2.5956801818870834,-1.9454510776273137,-0.02853363567649292,0.014843348785442696
XOM,2021-07-07,51.25,51.78,49.94,50.61,50.61,21671400,Energy,52.153999999999996,52.806,52.659000000000006,51.017799999999994,52.32519345307698,52.008167166069185,0.317026287007792,0.6687268489556326,51.41,22110800.0,52.46,19579300.0,53.44,25140400.0,36.31532329495128,-3.5264963781929115,-5.29565868263473,-0.015561174868702565,0.01334571065853471
XOM,2021-07-08,49.8,50.86,49.68,50.38,50.38,18935900,Energy,51.662,52.461,52.553999999999995,51.0938,52.02593292183436,51.8875621908048,0.13837073102956055,0.5626556253704182,50.61,21671400.0,52.84,17875500.0,53.83,20701600.0,42.051282051282065,-4.655563966691901,-6.409065576815898,-0.004544556411776313,0.012603977199518479
XOM,2021-07-09,50.85,51.48,50.46,51.29,51.29,20086000,Energy,51.322,52.185,52.489999999999995,51.16,51.91271247232138,51.84329832481926,0.0694141475021226,0.4640073297967591,50.38,18935900.0,52.99,22530300.0,54.05,19568400.0,53.697749196141466,-3.2081524816003126,-5.106382978723401,0.01806272330289782,0.014538359515598821
XOM,2021-07-12,50.61,51.52,50.4,51.24,51.24,21809400,Energy,50.986,51.89200000000001,52.448,51.2114,51.8092182458104,51.79860956001784,0.0106086857925618,0.3733276009959197,51.29,20086000.0,52.92,14555300.0,54.17,18438300.0,42.11920529801326,-3.1746031746031744,-5.40889791397452,-0.0009748488984206993,0.014393220294697728
XOM,2021-07-13,51.1,51.53,50.69,51.0,51.0,17147300,Energy,50.903999999999996,51.714,52.398,51.2862,51.684723131070335,51.73945329631281,-0.05473016524247498,0.2877160477482408,51.24,21809400.0,51.41,22110800.0,52.78,20570000.0,32.00589970501477,-0.797510212021002,-3.3724895793861287,-0.004683840749414525,0.012528555732753202
XOM,2021-07-14,51.24,51.71,49.73,49.87,49.87,21573600,Energy,50.756,51.455000000000005,52.197,51.312200000000004,51.40553495705951,51.60097527436371,-0.19544031730420386,0.19108477473775187,51.0,17147300.0,50.61,21671400.0,52.46,19579300.0,23.67021276595746,-1.4621616281367378,-4.937094929470076,-0.022156862745098094,0.013876440471366356
XOM,2021-07-15,49.57,50.01,49.23,49.38,49.38,15851100,Energy,50.556,51.108999999999995,51.98100000000001,51.322399999999995,51.093914194434966,51.43645858737381,-0.34254439293884076,0.08435894120243335,49.87,21573600.0,50.38,18935900.0,52.84,17875500.0,20.025673940949957,-1.9849146486701108,-6.5480696442089315,-0.009825546420693665,0.013243467490831471
XOM,2021-07-16,49.58,49.64,47.88,48.02,48.02,27049500,Energy,49.902,50.612,51.7855,51.275999999999996,50.62100431836805,51.18338758090167,-0.562383262533622,-0.044989499544777725,49.38,15851100.0,51.29,20086000.0,52.99,22530300.0,15.946843853820582,-6.375511795671662,-9.379128137384408,-0.027541514783313015,0.014265001827753795
XOM,2021-07-19,46.61,47.08,45.74,46.37,46.37,37969100,Energy,48.928000000000004,49.95700000000001,51.574,51.187000000000005,49.96700365400373,50.82684035268674,-0.8598366986830044,-0.20795893937242307,48.02,27049500.0,51.24,21809400.0,52.92,14555300.0,15.500538213132387,-9.504293520686968,-12.377173091458815,-0.034360683048729856,0.01584530006656306
XOM,2021-07-20,46.49,47.41,46.1,46.88,46.88,26756100,Energy,48.104,49.504000000000005,51.2965,51.093599999999995,49.49208001492623,50.534481808043274,-1.042401793117044,-0.37484751012134726,46.37,37969100.0,51.0,17147300.0,51.41,22110800.0,20.569620253164572,-8.07843137254901,-8.811515269402825,0.01099849040327805,0.016461959218731594
XOM,2021-07-21,47.63,48.84,47.61,48.39,48.39,20908700,Energy,47.80800000000001,49.282,51.044,51.028,49.32252924339912,50.37563130374377,-1.0531020603446564,-0.5104984201660091,46.88,26756100.0,49.87,21573600.0,50.61,21671400.0,29.029217719132873,-2.9677160617605725,-4.386484884410191,0.03220989761092152,0.02074067427349674
XOM,2021-07-22,48.36,48.37,47.46,47.84,47.84,13493800,Energy,47.5,49.028,50.7445,50.9842,49.09444782133772,50.18780676272572,-1.0933589413880043,-0.6270705244104082,48.39,20908700.0,49.38,15851100.0,50.38,18935900.0,26.612170753860127,-3.1186715269339804,-5.0416832076220714,-0.011365984707584098,0.02086210089596006
XOM,2021-07-23,47.99,47.99,47.31,47.78,47.78,14088200,Energy,47.452,48.67700000000001,50.431,50.9338,48.89222507959345,50.00945070622752,-1.1172256266340668,-0.72510154485514,47.84,13493800.0,48.02,27049500.0,51.29,20086000.0,26.63636363636364,-0.49979175343607407,-6.84343926691362,-0.0012541806020067714,0.019331237961842652
XOM,2021-07-26,47.88,49.13,47.75,48.99,48.99,18387600,Energy,47.976,48.452000000000005,50.172000000000004,50.92,48.90726737504062,49.933935839099554,-1.026668464058936,-0.7854149286958992,47.78,14088200.0,46.37,37969100.0,51.24,21809400.0,38.691588785046754,5.650204873840847,-4.391100702576112,0.025324403516115535,0.021850945172845287
XOM,2021-07-27,48.6,48.6,47.93,48.45,48.45,16861400,Energy,48.290000000000006,48.197,49.9555,50.8708,48.83691854811129,49.82401466583292,-0.9870961177216273,-0.825751166501045,48.99,18387600.0,46.88,26756100.0,51.0,17147300.0,39.65517241379312,3.348976109215007,-4.999999999999993,-0.01102265768524191,0.021956116115776077
XOM,2021-07-28,48.59,49.12,48.27,48.77,48.77,16855300,Energy,48.366,48.087,49.771,50.8042,48.8266233868634,49.74593950540085,-0.919316118537445,-0.844464156908325,48.45,16861400.0,48.39,20908700.0,49.87,21573600.0,42.35517568850903,0.7852862161603635,-2.205734910767987,0.0066047471620227505,0.021318863185576836
XOM,2021-07-29,49.43,49.7,49.06,49.37,49.37,18607800,Energy,48.672000000000004,48.086,49.5975,50.7792,48.91021978888442,49.71809213463041,-0.8078723457459915,-0.8371457946758583,48.77,16855300.0,47.84,13493800.0,49.38,15851100.0,40.60665362035224,3.198160535117034,-0.020251113811264876,0.01230264506868961,0.021566016067327415
XOM,2021-07-30,49.32,49.32,48.02,48.23,48.23,28652800,Energy,48.762,48.107,49.3595,50.7556,48.805570590594506,49.60786308762075,-0.8022924970262437,-0.8301751351459354,49.37,18607800.0,47.78,14088200.0,48.02,27049500.0,36.693191865605634,0.9418166596902422,0.4373177842565523,-0.02309094591857408,0.020967770296999037
XOM,2021-08-02,48.21,49.48,48.08,48.24,48.24,20873800,Energy,48.612,48.294,49.1255,50.7346,48.718559730503046,49.50653989594514,-0.787980165442093,-0.821736141205167,48.23,28652800.0,48.99,18387600.0,46.37,37969100.0,37.545126353790636,-1.5309246785058184,4.03277981453527,0.0002073398299813345,0.01703866932175067
XOM,2021-08-03,48.23,48.93,47.69,48.76,48.76,18208200,Energy,48.674,48.482,48.993,50.7226,48.7249351565795,49.45124064439365,-0.7263054878141517,-0.802650010526964,48.24,20873800.0,48.45,16861400.0,46.88,26756100.0,44.69914040114613,0.6398348813209331,4.010238907849817,0.010779436152570376,0.01702894069524154
XOM,2021-08-04,47.91,48.49,47.59,47.62,47.62,20868300,Energy,48.444,48.405,48.8435,50.6762,48.55494513249034,49.315593189253384,-0.7606480567630456,-0.7942496197741804,48.76,18208200.0,48.77,16855300.0,48.39,20908700.0,42.08633093525178,-2.3580069714988827,-1.5912378590618004,-0.023379819524200207,0.015854973140964092
XOM,2021-08-05,47.86,48.34,47.61,47.92,47.92,15180200,Energy,48.154,48.413000000000004,48.7205,50.6584,48.45726126595336,49.21221591597536,-0.7549546500219932,-0.7863906258237431,47.62,20868300.0,49.37,18607800.0,47.84,13493800.0,49.502982107355855,-2.9370062791168605,0.16722408026754731,0.006299874002519967,0.015614604131014757
XOM,2021-08-06,48.3,48.65,48.19,48.47,48.47,14888500,Energy,48.202000000000005,48.482,48.5795,50.6404,48.45922107119131,49.15723695923644,-0.6980158880451341,-0.7687156782680213,47.92,15180200.0,48.23,28652800.0,47.78,14088200.0,61.71875,0.497615591955225,1.4441188781917136,0.011477462437395669,0.015990403326261154
XOM,2021-08-09,47.86,48.19,47.61,47.92,47.92,17828200,Energy,48.138,48.375,48.413500000000006,50.617599999999996,48.376263983315724,49.06558977707078,-0.689325793755053,-0.7528377013654277,48.47,14888500.0,48.24,20873800.0,48.99,18387600.0,55.77777777777777,-0.6633499170812573,-2.1841192080016336,-0.011347225087683044,0.0140154301115294
XOM,2021-08-10,48.1,48.89,48.0,48.74,48.74,16340200,Energy,48.134,48.404,48.30050000000001,50.6144,48.43222337049792,49.04147201580627,-0.6092486453083481,-0.7241198901540118,47.92,17828200.0,48.76,18208200.0,48.45,16861400.0,52.105896510228646,-0.04101722723542922,0.5985552115583159,0.017111853088480844,0.014829282946831094
XOM,2021-08-11,48.75,49.01,48.35,48.88,48.88,18278600,Energy,48.386,48.415,48.251000000000005,50.57900000000001,48.501112082729016,49.02951112574655,-0.5283990430175365,-0.6849757207267168,48.74,16340200.0,47.62,20868300.0,48.77,16855300.0,56.58227848101266,2.6459470810583863,0.22554849292597545,0.0028723840787854282,0.014710551776591214
XOM,2021-08-12,48.81,49.14,48.36,48.77,48.77,19225500,Energy,48.556,48.355000000000004,48.2205,50.5334,48.54247945461686,49.010288079394954,-0.46780862477809393,-0.6415423015369922,48.88,18278600.0,47.92,15180200.0,49.37,18607800.0,56.226415094339636,1.7737896494157024,-1.2153129430828358,-0.0022504091653027247,0.014100997387891528
XOM,2021-08-13,48.5,48.53,47.88,48.28,48.28,20063000,Energy,48.518,48.36,48.2335,50.474,48.50209800006042,48.95619266610644,-0.4540946660460179,-0.6040527744387973,48.77,19225500.0,48.47,14888500.0,48.23,28652800.0,45.08990318118948,-0.39199504848359545,0.10366991499068945,-0.010047160139429967,0.012336999529085796
XOM,2021-08-16,47.64,47.7,47.0,47.57,47.57,16959500,Energy,48.448,48.293,48.2935,50.3958,48.35869830774344,48.85351172787633,-0.49481342013289265,-0.5822049035776165,48.28,20063000.0,47.92,17828200.0,48.24,20873800.0,44.05405405405404,-0.7303839732888173,-1.388888888888895,-0.014705882352941235,0.013203260849027936
XOM,2021-08-17,47.2,47.88,46.77,47.25,47.25,16243700,Energy,48.15,48.142,48.312,50.318000000000005,48.18812933732137,48.734733081366976,-0.5466037440456049,-0.5750846716712141,47.57,16959500.0,48.74,16340200.0,48.76,18208200.0,39.72972972972971,-3.0570373409930296,-3.0968006562756334,-0.006726928736598747,0.012566104876990168
XOM,2021-08-18,47.13,47.46,46.18,46.25,46.25,21890500,Energy,47.624,48.005,48.205,50.202,47.88995559311808,48.550678779043494,-0.6607231859254128,-0.5922123745220539,47.25,16243700.0,48.88,18278600.0,47.62,20868300.0,30.00000000000003,-5.3805237315875605,-2.8769424611507666,-0.021164021164021163,0.01218183959864546
XOM,2021-08-19,45.47,45.67,44.31,44.84,44.84,30923500,Energy,46.838,47.696999999999996,48.05499999999999,50.0492,47.4207316557153,48.275813684299536,-0.8550820285842349,-0.6447863053344901,46.25,21890500.0,48.77,19225500.0,47.92,15180200.0,28.99628252788108,-8.058232519991792,-6.427378964941566,-0.03048648648648644,0.014454731092230638
XOM,2021-08-20,44.45,45.19,44.31,44.85,44.85,16918300,Energy,46.152,47.335,47.9085,49.894800000000004,47.025234477912946,48.02204970768476,-0.996815229771812,-0.7151920902219545,44.84,30923500.0,48.28,20063000.0,48.47,14888500.0,28.99628252788102,-7.104391052195524,-7.468537239529605,0.00022301516503109298,0.013288245056016227
XOM,2021-08-23,45.88,46.82,45.88,46.7,46.7,21632600,Energy,45.978,47.213,47.794,49.787200000000006,46.975198404387875,47.92412009970811,-0.9489216953202373,-0.7619380112416111,44.85,16918300.0,47.57,16959500.0,47.92,17828200.0,39.04255319148939,-1.8288837502627664,-2.5459098497495836,0.04124860646599782,0.020248974293721623
XOM,2021-08-24,47.02,47.49,46.78,47.08,47.08,17915600,Energy,45.944,47.047000000000004,47.7255,49.6888,46.991321726789735,47.861592684914925,-0.8702709581251895,-0.7836046006183268,46.7,21632600.0,47.25,16243700.0,48.74,16340200.0,46.87500000000001,-0.35978835978836,-3.4058268362741173,0.008137044967879925,0.019472446050721078
XOM,2021-08-25,46.98,47.43,46.66,47.16,47.16,13270300,Energy,46.126,46.875,47.645,49.5542,47.01727223036054,47.809622856402704,-0.7923506260421647,-0.7853538057030944,47.08,17915600.0,46.25,21890500.0,48.88,18278600.0,45.48693586698334,1.967567567567552,-3.518821603928002,0.001699235344095218,0.01943469205922359
XOM,2021-08-26,46.94,47.23,46.46,46.53,46.53,11842600,Energy,46.464,46.650999999999996,47.503,49.4108,46.94230727184353,47.71483597815065,-0.7725287063071207,-0.7827887858238998,47.16,13270300.0,44.84,30923500.0,48.77,19225500.0,38.58823529411764,3.7689562890276473,-4.592987492310852,-0.013358778625954137,0.019677170282789192
XOM,2021-08-27,47.11,47.8,47.11,47.43,47.43,15822500,Energy,46.98,46.565999999999995,47.463,49.320800000000006,47.01733692232914,47.69373701680616,-0.6764000944770174,-0.7615110475545234,46.53,11842600.0,44.85,16918300.0,48.28,20063000.0,47.23163841807908,5.752508361204001,-1.7605633802816878,0.01934235976789167,0.020915432923174236
XOM,2021-08-30,47.83,47.91,46.87,46.91,46.91,14086100,Energy,47.022,46.5,47.3965,49.247,47.000823549663124,47.635682422968664,-0.6348588733055394,-0.7361806127047266,47.43,15822500.0,46.7,21632600.0,47.57,16959500.0,39.29824561403505,0.44967880085651224,-1.3874290519234944,-0.010963525195024304,0.020686692266414376
XOM,2021-08-31,46.71,47.04,46.31,46.36,46.36,27104100,Energy,46.878,46.411,47.276500000000006,49.125600000000006,46.90223531125341,47.54118742867469,-0.638952117421276,-0.7167349136480364,46.91,14086100.0,47.08,17915600.0,47.25,16243700.0,35.93749999999997,-1.5293118096856406,-1.8835978835978873,-0.011724578981027411,0.020894246543952184
XOM,2021-09-01,46.34,46.57,45.58,45.73,45.73,21644100,Energy,46.592,46.358999999999995,47.182,48.9714,46.72189141721442,47.40702539692101,-0.6851339797065847,-0.7104147268597462,46.36,27104100.0,47.16,13270300.0,46.25,21890500.0,33.96624472573835,-3.032230703986427,-1.1243243243243328,-0.013589301121656683,0.02023738830337937
XOM,2021-09-02,46.17,47.32,46.15,46.84,46.84,23293300,Energy,46.654,46.559000000000005,47.128,48.8316,46.740061968412206,47.3650235156676,-0.6249615472553955,-0.693324090938876,45.73,21644100.0,46.53,11842600.0,44.84,30923500.0,42.87128712871288,0.6662368364495963,4.460303300624435,0.024272906188497867,0.018707089106406987
XOM,2021-09-03,46.87,47.04,46.43,46.66,46.66,13840000,Energy,46.5,46.739999999999995,47.0375,48.6838,46.72774474250264,47.312799551544074,-0.5850548090414378,-0.6716702345593883,46.84,23293300.0,47.43,15822500.0,44.85,16918300.0,45.24555903866247,-1.6234450769555209,4.0356744704570735,-0.00384286934244249,0.018854671517098957
XOM,2021-09-07,46.49,47.0,46.32,46.39,46.39,14354400,Energy,46.396,46.709,46.961,48.528200000000005,46.675784012886844,47.24444402920748,-0.568660016320635,-0.6510681909116377,46.66,13840000.0,46.91,14086100.0,46.7,21632600.0,45.483193277310924,-1.1085056491153211,-0.6638115631691699,-0.005786540934419104,0.01373584868372508
XOM,2021-09-08,46.59,46.92,45.93,45.96,45.96,18756700,Energy,46.315999999999995,46.596999999999994,46.821999999999996,48.3918,46.565663395519636,47.149300027043964,-0.5836366315243282,-0.6375818790341758,46.39,14354400.0,46.36,27104100.0,47.08,17915600.0,48.37988826815643,-0.8628127696289845,-2.3789294817332163,-0.00926923906014232,0.013610580350130136
XOM,2021-09-09,45.6,46.77,45.33,46.0,46.0,19110800,Energy,46.37,46.481,46.678,48.2626,46.478638257747384,47.06416669170737,-0.5855284339599862,-0.627171190019338,45.96,18756700.0,45.73,21644100.0,47.16,13270300.0,57.651715039577816,0.5904220424229223,-2.4597116200169578,0.0008703220191470518,0.013585870514063894
XOM,2021-09-10,46.93,46.97,45.88,45.9,45.9,15123700,Energy,46.182,46.41799999999999,46.534499999999994,48.1238,46.38961698732471,46.97793212195127,-0.588315134626562,-0.6193999789407828,46.0,19110800.0,46.84,23293300.0,46.53,11842600.0,56.84485006518903,-2.0068317677199077,-1.3539651837524258,-0.0021739130434782483,0.013033031639869611
XOM,2021-09-13,46.47,47.56,46.45,47.09,47.09,22052300,Energy,46.268,46.384,46.475,48.0058,46.49736822004398,46.98623344625118,-0.48886522620719575,-0.5932930283940654,45.9,15123700.0,46.66,13840000.0,47.43,15822500.0,52.781740370898724,0.9215602228890063,-0.7168458781361964,0.02592592592592613,0.014295960353632979
XOM,2021-09-14,47.36,47.43,46.27,46.41,46.41,19940300,Energy,46.272,46.333999999999996,46.416999999999994,47.875600000000006,46.48392695542183,46.94354948726961,-0.4596225318477778,-0.5665589290848079,47.09,22052300.0,46.39,14354400.0,46.91,14086100.0,45.41723666210671,0.04311273981461028,-1.0658708164570485,-0.014440433212996484,0.014614000583306003
XOM,2021-09-15,47.09,48.07,47.04,47.98,47.98,23240900,Energy,46.676,46.495999999999995,46.4535,47.80700000000001,46.71409203920309,47.02032359932371,-0.30623156012062225,-0.5144934552919708,46.41,19940300.0,45.96,18756700.0,46.36,27104100.0,54.65909090909091,4.395126196692778,3.4943917169974137,0.03382891618185746,0.017671189695979295
XOM,2021-09-16,48.01,48.01,47.2,47.47,47.47,17907200,Energy,46.97,46.67,46.5145,47.7442,46.83038557163338,47.05363296233677,-0.22324739070339206,-0.4562442423742551,47.98,23240900.0,46.0,19110800.0,45.73,21644100.0,55.41474654377878,3.195652173913044,3.804942051169924,-0.010629428928720208,0.017373952069106642
XOM,2021-09-17,47.06,48.26,46.86,46.91,46.91,30000400,Energy,47.172,46.677,46.618,47.6748,46.84263394522824,47.042993483645155,-0.20035953841691168,-0.4050673015827865,47.47,17907200.0,45.9,15123700.0,46.84,23293300.0,46.88249400479615,2.200435729847494,0.14944491887274314,-0.011796924373288387,0.016384816793026148
XOM,2021-09-20,45.73,46.07,45.04,45.66,45.66,27555100,Energy,46.885999999999996,46.577,46.6585,47.562200000000004,46.66069026134698,46.94054952189366,-0.2798592605466794,-0.38002569337556513,46.91,30000400.0,47.09,22052300.0,46.66,13840000.0,43.10915104740906,-3.0367381609683775,-2.1431633090441493,-0.026646770411426157,0.018474277442537164
XOM,2021-09-21,46.24,46.36,45.28,45.62,45.62,19696800,Energy,46.727999999999994,46.5,46.604499999999994,47.4498,46.500584067293595,46.84273103879042,-0.34214697149682394,-0.3724499489998169,45.66,27555100.0,46.41,19940300.0,46.39,14354400.0,45.677570093457945,-1.7022193492781668,-1.6598404828626956,-0.0008760402978537085,0.01842799924886182
XOM,2021-09-22,46.29,47.55,46.24,46.95,46.95,25690600,Energy,46.522000000000006,46.599000000000004,46.598,47.3688,46.56972498001766,46.85067688776891,-0.2809519077512519,-0.354150340750104,45.62,19696800.0,47.98,23240900.0,45.96,18756700.0,56.58747300215985,-2.146727803251347,2.1540469973890364,0.029153879877247046,0.020519858376393398
XOM,2021-09-23,47.13,48.68,47.01,48.54,48.54,23069400,Energy,46.736000000000004,46.852999999999994,46.666999999999994,47.34219999999999,46.8728442138611,46.97581193311937,-0.10296771925826675,-0.30391381645173654,46.95,25690600.0,47.47,17907200.0,46.0,19110800.0,58.726899383983536,2.2540551927533237,5.5217391304347885,0.03386581469648564,0.02278802167402565
XOM,2021-09-24,48.22,49.17,48.2,48.97,48.97,22328600,Energy,47.148,47.160000000000004,46.789,47.334,47.195483565574776,47.123529567703116,0.07195399787165968,-0.22874025358705732,48.54,23069400.0,46.91,30000400.0,45.9,15123700.0,61.56156156156156,4.391387763803034,6.688453159041385,0.008858673259167782,0.02263525564803797
XOM,2021-09-27,50.05,50.85,50.02,50.43,50.43,32972200,Energy,48.102,47.49399999999999,46.939,47.382200000000005,47.69310147856327,47.368453303428815,0.3246481751344561,-0.11806256784275465,48.97,22328600.0,45.66,27555100.0,47.09,22052300.0,68.06797853309479,10.446780551905398,7.092801019324679,0.029814171942005308,0.023031670490340862
XOM,2021-09-28,50.94,51.43,50.61,50.96,50.96,37619300,Energy,49.17,47.949,47.14149999999999,47.474,48.195701251092004,47.63449379947113,0.5612074516208736,0.017791436049971007,50.43,32972200.0,45.62,19696800.0,46.41,19940300.0,72.16312056737586,11.705392371766777,9.80392156862746,0.010509617291294848,0.02175328163960212
XOM,2021-09-29,50.89,51.19,50.22,50.92,50.92,23422800,Energy,49.964,48.243,47.3695,47.55480000000001,48.614824135539386,47.877864629139935,0.736959506399451,0.161625050119867,50.96,37619300.0,46.95,25690600.0,47.98,23240900.0,71.80851063829785,8.45580404685835,6.12755314714466,-0.0007849293563578774,0.020167104528732268
XOM,2021-09-30,51.13,51.17,50.01,50.02,50.02,31289600,Energy,50.260000000000005,48.498000000000005,47.584,47.587399999999995,48.8310050377641,48.03654132327772,0.7944637144863833,0.2881927829931703,50.92,23422800.0,48.54,23069400.0,47.47,17907200.0,67.05298013245033,3.049031726411222,5.371813777122392,-0.01767478397486255,0.020927046132911586
XOM,2021-10-01,50.52,51.87,50.52,51.81,51.81,24407300,Energy,50.827999999999996,48.988,47.832499999999996,47.6668,49.28931195503117,48.3160567808127,0.9732551742184654,0.4252052612382293,50.02,31289600.0,48.97,22328600.0,46.91,30000400.0,68.61198738170346,5.7994690626914425,10.445534001279055,0.035785685725709726,0.02195600103535382
XOM,2021-10-04,52.15,52.78,51.83,52.49,52.49,33946700,Energy,51.239999999999995,49.67100000000001,48.124,47.761,49.781725500410985,48.62523776001176,1.1564877403992284,0.5714617570704292,51.81,24407300.0,50.43,32972200.0,45.66,27555100.0,73.97476340694008,4.084870116993855,14.95838808585197,0.013124879366917641,0.017736476986475583
XOM,2021-10-05,53.17,53.32,51.89,52.4,52.4,29641600,Energy,51.528,50.349000000000004,48.424499999999995,47.8292,50.18453696188622,48.90484977778866,1.279687184097554,0.7131068424758542,52.49,33946700.0,50.96,37619300.0,45.62,19696800.0,69.73214285714286,2.8257456828885363,14.861902674265682,-0.0017146123071062336,0.017817356428674616
XOM,2021-10-06,51.42,51.98,50.81,51.44,51.44,25284900,Energy,51.63199999999999,50.797999999999995,48.6985,47.888999999999996,50.37768512159602,49.09263868313765,1.285046438458373,0.827494761672358,52.4,29641600.0,50.92,23422800.0,46.95,25690600.0,67.03862660944205,1.021209740769824,9.56336528221511,-0.018320610687022953,0.019594876781455696
XOM,2021-10-07,51.54,51.94,51.14,51.58,51.58,19513600,Energy,51.944,51.102,48.9775,47.94519999999999,50.56265664135048,49.2768876695719,1.2857689717785803,0.9191496036936025,51.44,25284900.0,50.02,31289600.0,48.54,23069400.0,70.79252003561888,3.118752499000399,6.262875978574378,0.0027216174183515296,0.017642505880610202
XOM,2021-10-08,52.09,53.08,52.09,52.88,52.88,22186900,Energy,52.158,51.492999999999995,49.3265,48.0154,50.919171004219635,49.54378487923324,1.3753861249863917,1.0103969079521604,51.58,19513600.0,51.81,24407300.0,48.97,22328600.0,82.00354609929079,2.0652383709708566,7.984480294057583,0.025203567274137306,0.01864173475607308
XOM,2021-10-11,53.6,53.63,52.3,52.35,52.35,22121500,Energy,52.129999999999995,51.685,49.5895,48.0978,51.139298542031995,49.75165266595671,1.3876458760752826,1.085846701576785,52.88,22186900.0,52.49,33946700.0,50.43,32972200.0,78.58963466440102,-0.26671746999428203,3.807257584770962,-0.010022692889561258,0.017661164695312953
XOM,2021-10-12,52.36,52.71,51.75,52.08,52.08,20198600,Energy,52.065999999999995,51.797000000000004,49.873000000000005,48.17459999999999,51.28402184325784,49.92412283884881,1.35989900440903,1.140657162143234,52.35,22121500.0,52.4,29641600.0,50.96,37619300.0,73.94957983193274,-0.6106870229007688,2.19780219780219,-0.005157593123209181,0.017702848723523568
XOM,2021-10-13,51.69,52.21,51.2,51.93,51.93,14991700,Energy,52.164,51.898,50.070499999999996,48.238,51.38340309814125,50.072706332267416,1.3106967658738355,1.1746650828893543,52.08,20198600.0,51.44,25284900.0,50.92,23422800.0,68.28478964401293,0.9525660964230243,1.9835035349567987,-0.002880184331797153,0.017755948789613864
XOM,2021-10-14,52.48,52.91,52.02,52.72,52.72,18594500,Energy,52.39200000000001,52.16799999999999,50.333,48.34,51.589033390734905,50.26880215950686,1.3202312312280426,1.203778312557092,51.93,14991700.0,51.58,19513600.0,50.02,31289600.0,69.47040498442365,2.2101589763474205,5.397840863654535,0.01521278644328894,0.01669922814060414
XOM,2021-10-15,53.35,53.63,53.1,53.23,53.23,16092600,Energy,52.462,52.31,50.649,48.4462,51.8414897921603,50.48815014769154,1.353339644468761,1.233690578939426,52.72,18594500.0,52.88,22186900.0,51.81,24407300.0,66.12903225806448,0.6618759455370604,2.740783632503363,0.009673748103186552,0.013065320546778551
XOM,2021-10-18,53.65,53.69,52.95,53.2,53.2,18282800,Energy,52.63199999999999,52.38099999999999,51.026,48.5408,52.05049136259718,50.689027914529206,1.3614634480679726,1.2592451527651352,53.23,16092600.0,52.35,22121500.0,52.49,33946700.0,63.69193154034231,1.623686723973261,1.3526385978281485,-0.0005635919594212391,0.012569190941769235
XOM,2021-10-19,53.46,54.09,53.29,54.0,54.0,18933200,Energy,53.016000000000005,52.541,51.44500000000001,48.662400000000005,52.35041576835145,50.934285106045564,1.4161306623058891,1.290622254673286,53.2,18282800.0,52.08,20198600.0,52.4,29641600.0,67.22595078299776,3.686635944700467,3.053435114503822,0.015037593984962294,0.01320593236104807
XOM,2021-10-20,53.48,54.31,53.34,54.3,54.3,14305200,Energy,53.489999999999995,52.827,51.8125,48.773599999999995,52.65035180398969,51.18359732041256,1.4667544835771338,1.3258487004540556,54.0,18933200.0,51.93,14991700.0,51.44,25284900.0,75.65947242206232,4.563835932986704,5.559875583203722,0.005555555555555536,0.01085359781766519
XOM,2021-10-21,53.97,54.12,53.02,53.31,53.31,16564600,Energy,53.608000000000004,53.0,52.051,48.862199999999994,52.75183614183743,51.341108630011625,1.4107275118258045,1.3428244627284054,54.3,14305200.0,52.72,18594500.0,51.58,19513600.0,59.946949602122025,1.119119878603958,3.354013183404425,-0.018232044198894903,0.01321140756010033
XOM,2021-10-22,53.38,53.76,53.02,53.68,53.68,14266800,Energy,53.698,53.08,52.286500000000004,48.9604,52.89463058155475,51.514359842603355,1.3802707389513955,1.3503137179730036,53.31,16564600.0,53.23,16092600.0,52.88,22186900.0,58.2295988934993,0.8453879391320696,1.5128593040847127,0.006940536484711934,0.010924113282482986
XOM,2021-10-25,54.19,54.78,54.07,54.72,54.72,17939800,Energy,54.001999999999995,53.31699999999999,52.501,49.0892,53.175456645930936,51.751814669077184,1.4236419768537516,1.3649793697491535,53.68,14266800.0,53.2,18282800.0,52.35,22121500.0,64.18092909535454,2.857142857142847,4.527220630372497,0.019374068554396384,0.011406638177715476
XOM,2021-10-26,54.84,56.08,54.73,55.99,55.99,25585100,Energy,54.4,53.70799999999999,52.7525,49.257600000000004,53.608463315787716,52.065754323219615,1.5427089925681017,1.4005252943129431,54.72,17939800.0,54.0,18933200.0,52.08,20198600.0,76.79623085983516,3.6851851851851913,7.5076804915514606,0.023209064327485374,0.012236183929573867
XOM,2021-10-27,55.41,55.49,54.41,54.54,54.54,21764500,Energy,54.448,53.96900000000001,52.933499999999995,49.403400000000005,53.75177665182037,52.249031780758905,1.5027448710614664,1.4209692096626478,55.99,25585100.0,54.3,14305200.0,51.93,14991700.0,65.10204081632655,0.44198895027625085,5.025996533795496,-0.02589748169315953,0.01596691927115628
XOM,2021-10-28,54.27,54.82,54.11,54.69,54.69,16626400,Energy,54.724000000000004,54.166,53.166999999999994,49.5722,53.89611870538646,52.42984424144343,1.46627446394303,1.4300302605187243,54.54,21764500.0,53.31,16564600.0,52.72,18594500.0,60.462427745664726,2.5886325267304278,3.736722306525042,0.002750275027502802,0.01556522012725082
XOM,2021-10-29,55.32,55.58,54.71,54.82,54.82,23966300,Energy,54.952,54.325,53.317499999999995,49.77179999999999,54.03825428917316,52.60689281615133,1.4313614730218305,1.4302965030193455,54.69,16626400.0,53.68,14266800.0,53.23,16092600.0,64.96969696969698,2.1236959761550045,2.987037384933311,0.0023770341927227268,0.015428912928504176
XOM,2021-11-01,55.34,56.19,55.29,55.81,55.81,19656400,Energy,55.17,54.586,53.48350000000001,49.99099999999999,54.31083055237729,52.84416001495493,1.4666705374223596,1.4375713098999485,54.82,23966300.0,54.72,17939800.0,53.2,18282800.0,70.7915273132665,1.9919590643274976,4.90601503759398,0.01805910251732956,0.016054791026740747
XOM,2021-11-02,55.3,55.66,54.99,55.12,55.12,16300000,Energy,54.996,54.698,53.6195,50.159400000000005,54.435318159703854,53.012740754587895,1.422577405115959,1.4345725289431506,55.81,19656400.0,55.99,25585100.0,54.0,18933200.0,66.77181913774974,-1.5538489015895829,2.0740740740740726,-0.012363375739114946,0.016468592282376057
XOM,2021-11-03,54.46,54.81,54.14,54.37,54.37,17372800,Energy,54.962,54.705000000000005,53.766,50.305200000000006,54.4252692120571,53.11327847647028,1.311990735586825,1.4100561702718857,55.12,16300000.0,54.54,21764500.0,54.3,14305200.0,58.7117212249208,-0.3116978364503198,0.12891344383056946,-0.013606676342525437,0.017133242398690178
XOM,2021-11-04,55.0,55.18,54.28,54.77,54.77,17720100,Energy,54.977999999999994,54.851,53.9255,50.4574,54.47830471789447,53.23599858932433,1.2423061285701351,1.3765061619315357,54.37,17372800.0,54.69,16626400.0,53.31,16564600.0,58.22649572649576,0.14627902724448916,2.738698180453958,0.007356998344675514,0.01593322866018911
XOM,2021-11-05,55.32,55.56,54.9,55.29,55.29,18565100,Energy,55.072,55.012,54.04599999999999,50.632600000000004,54.60318091514148,53.38814684196697,1.2150340731745075,1.3442117441801302,54.77,17720100.0,54.82,23966300.0,53.68,14266800.0,60.60913705583755,0.8573513316307846,2.9992548435171296,0.009494248676282568,0.01602679992235118
XOM,2021-11-08,55.74,56.45,55.6,55.89,55.89,17696000,Energy,55.088,55.129,54.223,50.80179999999999,54.80115308204279,53.573469298117566,1.2276837839252224,1.3209061521291487,55.29,18565100.0,55.81,19656400.0,54.72,17939800.0,59.79274611398964,0.14334348683031628,2.1381578947368363,0.010851871947911151,0.015272661532756426
XOM,2021-11-09,55.93,56.44,55.54,56.43,56.43,18781300,Energy,55.35,55.173,54.44050000000001,50.992200000000004,55.05174491557467,53.785064164923675,1.2666807506509983,1.3100610718335186,55.89,17696000.0,55.12,16300000.0,55.99,25585100.0,60.76845298281093,2.376632801161116,0.7858546168958647,0.009661835748792313,0.013726937139940939
XOM,2021-11-10,56.29,56.58,54.96,55.32,55.32,20177200,Energy,55.54,55.251,54.61,51.17139999999999,55.09301492856318,53.89876311567007,1.194251812893107,1.2868992200454363,56.43,18781300.0,54.37,17372800.0,54.54,21764500.0,60.039960039960015,1.7472871068604068,1.4301430143014215,-0.019670388091440727,0.012460654350387101
XOM,2021-11-11,55.32,55.87,55.17,55.42,55.42,13319300,Energy,55.67,55.324,54.745000000000005,51.365199999999994,55.14332032416884,54.01144732932414,1.1318729948446986,1.2558939750052889,55.32,20177200.0,54.77,17720100.0,54.69,16626400.0,58.93223819301847,1.1867810845353377,1.334796123605786,0.0018076644974693856,0.012453633952166466
XOM,2021-11-12,55.12,55.48,54.79,55.0,55.0,18158900,Energy,55.612,55.342,54.8335,51.528400000000005,55.12127104352748,54.08467345307791,1.036597590449567,1.2120346980941445,55.42,13319300.0,55.29,18565100.0,54.82,23966300.0,51.53508771929824,-0.5245071441490334,0.328347318496891,-0.007578491519307118,0.012760709514366045
XOM,2021-11-15,54.95,55.82,54.48,55.48,55.48,18849200,Energy,55.53000000000001,55.309000000000005,54.947500000000005,51.7048,55.17646011375402,54.18803097507214,0.9884291386818802,1.1673135862116917,55.0,18158900.0,55.89,17696000.0,55.81,19656400.0,46.93877551020405,-0.7335838253712756,-0.5912918831750713,0.008727272727272695,0.011615777112375348
XOM,2021-11-16,55.45,56.34,55.45,56.04,56.04,17028700,Energy,55.452,55.400999999999996,55.0495,51.8978,55.30931240394571,54.32521386580754,0.9840985381381699,1.1306705765969873,55.48,18849200.0,56.43,18781300.0,55.12,16300000.0,60.08064516129031,-0.6911217437533201,1.669085631349776,0.010093727469358438,0.011238943566180272
XOM,2021-11-17,55.48,56.23,55.31,55.42,55.42,15497000,Energy,55.472,55.50600000000001,55.10549999999999,52.086999999999996,55.326341264877136,54.406309135006985,0.920032129870151,1.08854288725162,56.04,17028700.0,55.32,20177200.0,54.37,17372800.0,54.614412136536046,0.18076644974693856,1.9312120654772835,-0.01106352605281935,0.010876687324710902
XOM,2021-11-18,55.29,55.61,54.39,54.82,54.82,16948200,Energy,55.352,55.511,55.181000000000004,52.263400000000004,55.248442608742195,54.43695290278425,0.8114897059579462,1.0331322509928853,55.42,15497000.0,55.42,13319300.0,54.77,17720100.0,50.0,-1.082641645615301,0.0912908526565559,-0.01082641645615301,0.011383796917674913
XOM,2021-11-19,53.34,53.46,52.06,52.29,52.29,32035500,Energy,54.81,55.211,55.1115,52.3912,54.79329759201263,54.27791935442986,0.515378237582766,0.9295814483108614,54.82,16948200.0,55.0,18158900.0,55.29,18565100.0,32.25806451612904,-4.927272727272724,-5.425935973955509,-0.046151039766508584,0.017991122756241963
XOM,2021-11-22,51.99,53.9,51.99,53.01,53.01,21994400,Energy,54.315999999999995,54.923,55.025999999999996,52.5096,54.51894411631838,54.183999402249874,0.3349447140685058,0.8106541014623904,52.29,32035500.0,55.48,18849200.0,55.89,17696000.0,39.39698492462312,-4.452054794520544,-5.152979066022545,0.013769363166953541,0.018305131366328834
XOM,2021-11-23,53.6,54.62,53.36,54.41,54.41,21185900,Energy,53.989999999999995,54.721000000000004,54.947,52.6696,54.502183483038635,54.2007401872684,0.301443295770234,0.7088119403239591,53.01,21994400.0,56.04,17028700.0,56.43,18781300.0,50.18867924528301,-2.9086366880799464,-3.5796562112351604,0.02641011129975479,0.02044884068978086
XOM,2021-11-24,53.93,55.03,53.93,54.71,54.71,15869700,Energy,53.848,54.65999999999999,54.955499999999994,52.804199999999994,54.53415525487885,54.23846313635963,0.29569211851922006,0.6261879759630113,54.41,21185900.0,55.42,15497000.0,55.32,20177200.0,49.71428571428571,-1.2811259473114456,-1.1026753434562497,0.005513692335967768,0.019768456103638248
XOM,2021-11-26,52.16,52.93,51.31,52.79,52.79,24979600,Energy,53.44199999999999,54.397000000000006,54.8605,52.9106,54.26582367720518,54.13116957070336,0.13465410650181298,0.5278812020707717,54.71,15869700.0,54.82,16948200.0,55.42,13319300.0,39.49579831932773,-3.703028091937255,-4.745579213280404,-0.03509413269968931,0.02246148061747941
XOM,2021-11-29,53.92,54.42,52.82,53.08,53.08,18946400,Energy,53.6,54.205,54.7735,53.034000000000006,54.083389265327455,54.05330515805867,0.03008410726878452,0.42832178311037433,52.79,24979600.0,52.29,32035500.0,55.0,18158900.0,37.87748058671268,1.5108051252629595,-3.490909090909089,0.005493464671339154,0.022649757001662683
XOM,2021-11-30,52.11,52.73,51.42,51.57,51.57,34979800,Energy,53.312,53.814,54.5615,53.15219999999999,53.69671399373861,53.869356627832104,-0.17264263409349212,0.30812889966960105,53.08,18946400.0,53.01,21994400.0,55.48,18849200.0,30.652866242038215,-2.716468590831911,-7.047584715212684,-0.028447626224566647,0.023489255459992135
XOM,2021-12-01,52.49,53.46,51.49,51.53,51.53,30630600,Energy,52.736000000000004,53.363,54.38199999999999,53.2704,53.36337337931729,53.6960709516964,-0.3326975723791108,0.17996360525985866,51.57,34979800.0,54.41,21185900.0,56.04,17028700.0,33.50739773716276,-5.293144642528935,-8.047822983583153,-0.0007756447547023759,0.022851650831909782
XOM,2021-12-02,51.49,53.07,50.97,52.81,52.81,29216000,Energy,52.35600000000001,53.102,54.303999999999995,53.3876,53.278239013268475,53.630436066385556,-0.3521970531170808,0.07353147358447075,51.53,30630600.0,54.71,15869700.0,55.42,15497000.0,39.700078926598266,-3.472856881740083,-4.70949115842656,0.024839899087909956,0.025051865528428464
XOM,2021-12-03,53.36,53.63,52.01,52.48,52.48,22014700,Energy,52.294,52.86800000000001,54.189499999999995,53.4664,53.155433011227174,53.545218579986624,-0.38978556875945003,-0.019131934884313417,52.81,29216000.0,52.79,24979600.0,54.82,16948200.0,39.984101748807625,-0.5872324303845433,-4.268515140459694,-0.006248816512024358,0.02496564023447568
XOM,2021-12-06,53.19,53.57,52.93,53.07,53.07,19210500,Energy,52.29200000000001,52.946000000000005,54.078500000000005,53.5484,53.14228947103838,53.51001720369132,-0.3677277326529378,-0.08885109443803829,52.48,22014700.0,53.08,18946400.0,52.29,32035500.0,40.50433412135542,-0.018839487565935897,1.4916810097532984,0.011242378048780477,0.0203952524141907
XOM,2021-12-07,53.73,54.32,53.52,53.67,53.67,19800400,Energy,52.712,53.012,53.967499999999994,53.6132,53.22347570626325,53.52186778119567,-0.2983920749324156,-0.13075929053691376,53.07,19210500.0,51.57,34979800.0,53.01,21994400.0,40.69128043990575,4.072134962187324,1.2450481041313077,0.011305822498586693,0.020247210498867897
XOM,2021-12-08,53.96,54.46,53.73,53.82,53.82,18214400,Energy,53.169999999999995,52.952999999999996,53.837,53.6704,53.315248674530444,53.54395164925525,-0.22870297472480416,-0.15034802737449185,53.67,19800400.0,51.53,30630600.0,54.41,21185900.0,43.474714518760194,4.444013196196384,-1.0843594927402944,0.0027948574622693734,0.01829191455435016
XOM,2021-12-09,53.48,54.1,53.27,53.96,53.96,16910300,Energy,53.4,52.878,53.769000000000005,53.7312,53.41444118614115,53.57477004560671,-0.1603288594655652,-0.15234419379270653,53.82,18214400.0,52.81,29216000.0,54.71,15869700.0,46.35593220338984,2.1776178754023823,-1.3708645585816082,0.002601263470828785,0.018200742776206702
XOM,2021-12-10,54.53,54.6,53.63,54.3,54.3,17942400,Energy,53.763999999999996,53.028999999999996,53.713,53.8168,53.55068100365789,53.62849078296918,-0.07780977931128774,-0.13743731089642278,53.96,16910300.0,52.48,22014700.0,52.79,24979600.0,60.45785639958375,3.4679878048780477,2.860390225421483,0.006300963676797666,0.013823847949140228
XOM,2021-12-13,53.84,54.05,52.87,53.11,53.11,17793700,Energy,53.772000000000006,53.032,53.618500000000004,53.8428,53.482883926172065,53.5900840583048,-0.10720013213273205,-0.13138987514368464,54.3,17942400.0,53.07,19210500.0,53.08,18946400.0,50.496031746031754,0.0753721499905824,0.05651846269780769,-0.02191528545119703,0.01582691612720693
XOM,2021-12-14,52.8,53.84,52.76,53.04,53.04,22551100,Energy,53.645999999999994,53.178999999999995,53.496500000000005,53.85379999999999,53.41474793753021,53.54933709102296,-0.13458915349275458,-0.1320297308134986,53.11,17793700.0,53.67,19800400.0,51.57,34979800.0,42.171428571428585,-1.173840134153159,2.8504944735311177,-0.001318019205422738,0.012311139740106159
XOM,2021-12-15,52.73,53.0,51.72,52.8,52.8,19961900,Energy,53.44199999999999,53.306000000000004,53.334500000000006,53.8618,53.32017133175633,53.49383063983608,-0.17365930807974905,-0.1403556462667487,53.04,22551100.0,53.82,18214400.0,51.53,30630600.0,39.0103567318757,-1.8952062430323324,2.4645837376285673,-0.004524886877828038,0.012490711857395313
XOM,2021-12-16,52.95,53.82,52.83,52.89,52.89,21187800,Energy,53.227999999999994,53.314,53.208000000000006,53.8908,53.25399112687074,53.44910244429266,-0.1951113174219259,-0.15130678049778415,52.8,19961900.0,53.96,16910300.0,52.81,29216000.0,50.72886297376094,-1.9829503335804355,0.15148646089755413,0.0017045454545454586,0.009732875954108749
XOM,2021-12-17,52.53,52.81,51.44,51.74,51.74,44338100,Energy,52.715999999999994,53.239999999999995,53.053999999999995,53.894000000000005,53.02106941504447,53.32250226323394,-0.3014328481894708,-0.1813319940361215,52.89,21187800.0,54.3,17942400.0,52.48,22014700.0,41.321243523316085,-4.714548802946583,-1.4100609756097504,-0.021743240688220755,0.01187103637803492
XOM,2021-12-20,50.67,51.06,49.95,50.99,50.99,21819300,Energy,52.291999999999994,53.032000000000004,52.989,53.8562,52.70859719734533,53.14972431780921,-0.44112712046388225,-0.23329101932167365,51.74,44338100.0,53.11,17793700.0,53.07,19210500.0,45.83333333333335,-3.9917153078516288,-3.9193517995100735,-0.01449555469655972,0.011623832909616497
XOM,2021-12-21,51.49,52.3,51.47,52.14,52.14,19798900,Energy,52.112,52.879,52.9455,53.852000000000004,52.621120705446046,53.074929923897415,-0.4538092184513687,-0.27739465914761263,50.99,21819300.0,53.04,22551100.0,53.67,19800400.0,53.77942998760842,-1.6968325791855143,-2.8507546115148164,0.022553441851343337,0.013632434329997285
XOM,2021-12-22,52.0,52.89,51.68,52.56,52.56,14058300,Energy,52.064,52.753,52.852999999999994,53.86160000000001,52.61171751999281,53.036786966571675,-0.4250694465788669,-0.30692961663386353,52.14,19798900.0,52.8,19961900.0,53.82,18214400.0,48.26629680998613,-0.4545454545454408,-2.341137123745818,0.008055235903337232,0.013969808906554944
XOM,2021-12-23,52.72,53.3,52.57,52.59,52.59,13543300,Energy,52.004,52.616,52.747,53.87479999999999,52.60837636307084,53.00369163571451,-0.3953152726436713,-0.3246067478358251,52.56,14058300.0,52.89,21187800.0,53.96,16910300.0,50.79594790159194,-0.5672149744753163,-2.5389177168272714,0.0005707762557078944,0.01390561617269619
XOM,2021-12-27,52.51,53.39,52.07,53.34,53.34,12593700,Energy,52.324,52.52,52.7745,53.8872,52.720933845675326,53.02860336640232,-0.3076695207269964,-0.3212193024140594,52.59,13543300.0,51.74,44338100.0,54.3,17942400.0,51.909476661951935,3.0923850019327404,-1.767955801104959,0.01426126640045644,0.014670994166553732
XOM,2021-12-28,53.36,53.7,52.92,53.17,53.17,12781000,Energy,52.760000000000005,52.525999999999996,52.778999999999996,53.886,52.79002094634066,53.039077191113265,-0.24905624477260346,-0.3067866908857682,53.34,12593700.0,50.99,21819300.0,53.11,17793700.0,46.234939759036145,4.2753481074720545,0.11297307475053309,-0.003187101612298515,0.012888696373111916
XOM,2021-12-29,52.98,53.09,52.5,52.7,52.7,12733600,Energy,52.872,52.492,52.8355,53.876,52.77617156998056,53.013960362141916,-0.2377887921613535,-0.29298711114088527,53.17,12781000.0,52.14,19798900.0,53.04,22551100.0,41.95402298850577,1.0740314537782902,-0.6410256410256387,-0.008839571186759376,0.013201989328124919
XOM,2021-12-30,52.76,53.09,52.37,52.39,52.39,11940300,Energy,52.838,52.451,52.87850000000001,53.8438,52.71676055921432,52.96774107605733,-0.2509805168430077,-0.28458579228130976,52.7,12733600.0,52.56,14058300.0,52.8,19961900.0,38.99018232819074,-0.32343987823439946,-0.7765151515151447,-0.005882352941176561,0.013254111731139336
XOM,2021-12-31,52.35,52.98,52.31,52.73,52.73,14072000,Energy,52.866,52.435,52.8745,53.8124,52.71879739625827,52.950130625979014,-0.23133322972074666,-0.2739352797691972,52.39,11940300.0,52.59,13543300.0,52.89,21187800.0,38.99018232819074,0.26621030614184527,-0.30251465305350944,0.006489788127505225,0.013435719826363088
XOM,2022-01-03,52.78,54.81,52.75,54.76,54.76,24282400,Energy,53.15,52.737,52.9885,53.8414,53.03282856606469,53.084195024054644,-0.05136645798995687,-0.22942151541334913,52.73,14072000.0,53.34,12593700.0,51.74,44338100.0,60.35131744040149,2.662167229096357,5.83687669114803,0.038498008723686805,0.01597848966710706
XOM,2022-01-04,55.27,57.04,55.24,56.82,56.82,38584000,Energy,53.879999999999995,53.32000000000001,53.176,53.9042,53.61547032513166,53.36092131856911,0.25454900656254864,-0.1326274110181696,54.76,24282400.0,53.17,12781000.0,50.99,21819300.0,68.97590361445782,6.864773368440846,11.433614434202788,0.037618699780862075,0.017083098410566978
XOM,2022-01-05,57.31,58.27,57.29,57.53,57.53,34033300,Energy,54.846000000000004,53.859,53.36899999999999,53.9604,54.21770565972679,53.66974196163807,0.5479636980887221,0.0034908108032087465,56.82,38584000.0,52.7,12733600.0,52.14,19798900.0,72.67497603068074,9.1650853889943,10.33755274261603,0.012495600140795426,0.016617952227692967
XOM,2022-01-06,58.6,59.02,57.8,58.88,58.88,30668500,Energy,56.144000000000005,54.491,53.622,54.0182,54.93498171207652,54.05568700151673,0.8792947105597904,0.17865159075452508,57.53,34033300.0,52.39,11940300.0,52.56,14058300.0,75.62018819503848,12.387860278679131,12.024353120243525,0.023466017729879995,0.017123608402921462
XOM,2022-01-07,59.05,59.62,58.59,59.36,59.36,23985400,Energy,57.46999999999999,55.168000000000006,53.891999999999996,54.1146,55.61575375637244,54.448599075478455,1.1671546808939866,0.3763522087824174,58.88,30668500.0,52.73,14072000.0,52.59,13543300.0,84.57350272232303,12.573487578228715,12.873169804145256,0.008152173913043459,0.016747236053629506
XOM,2022-01-10,59.44,59.61,58.56,59.01,59.01,22760300,Energy,58.32000000000001,55.735,54.1275,54.20099999999999,56.1379454861613,54.78648062544301,1.3514648607182878,0.5713747391695915,59.36,23985400.0,54.76,24282400.0,53.34,12593700.0,87.758945386064,7.761139517896276,10.6299212598425,-0.005896226415094352,0.017673411536305257
XOM,2022-01-11,59.37,61.53,59.1,61.49,61.49,32936100,Energy,59.254,56.56700000000001,54.546499999999995,54.3344,56.96133848829033,55.283037616150935,1.6783008721393955,0.7927599657635522,59.01,22760300.0,56.82,38584000.0,53.17,12781000.0,89.12133891213387,8.21893699401619,15.647921760391203,0.04202677512286068,0.019528242996712356
XOM,2022-01-12,61.31,61.89,60.88,61.31,61.31,23045100,Energy,60.010000000000005,57.428,54.96,54.4444,57.630363336245665,55.72947927421383,1.9008840620318352,1.014384785017209,61.49,32936100.0,57.53,34033300.0,52.7,12733600.0,87.36122971818955,6.57048496436643,16.337760910815934,-0.0029273052528866472,0.01880883531763497
XOM,2022-01-13,61.29,61.69,60.59,60.87,60.87,21043200,Energy,60.408,58.275999999999996,55.3635,54.5594,58.12876897682325,56.11025858723503,2.018510389588222,1.2152099059314116,61.31,23045100.0,58.88,30668500.0,52.39,11940300.0,84.1584158415841,3.379755434782594,16.186295094483683,-0.0071766432882075515,0.018975305561150662
XOM,2022-01-14,60.89,62.18,60.84,61.94,61.94,23012900,Energy,60.924,59.197,55.815999999999995,54.7108,58.715112211158136,56.54209128447688,2.1730209266812537,1.4067721100813801,60.87,21043200.0,59.36,23985400.0,52.73,14072000.0,84.56591639871377,4.346361185983816,17.46633794803718,0.017578445868243753,0.01872727355345783
XOM,2022-01-18,62.76,63.67,62.06,62.98,62.98,32841200,Energy,61.717999999999996,60.01899999999999,56.378,54.875,59.37124879405688,57.01897341155267,2.35227538250421,1.595872764565946,61.94,23012900.0,59.01,22760300.0,54.76,24282400.0,86.85199098422234,6.727673275715973,15.010956902848793,0.01679044236357763,0.017063253587275794
XOM,2022-01-19,63.56,63.65,62.53,63.01,63.01,26431600,Energy,62.022000000000006,60.638,56.979000000000006,55.029399999999995,59.93105667189428,57.46275315884507,2.4683035130492144,1.7703589142626,62.98,32841200.0,61.49,32936100.0,56.82,38584000.0,90.05439005439,2.4719466579931737,10.894051390355507,0.0004763416957764832,0.01535972411423688
XOM,2022-01-20,62.48,64.09,62.28,63.15,63.15,26774600,Energy,62.39,61.2,57.5295,55.1746,60.42627872237208,57.88403070263432,2.5422480197377624,1.9247367353576323,63.01,26431600.0,61.31,23045100.0,57.53,34033300.0,92.36220472440941,3.0011417387049377,9.768816269772284,0.0022218695445168635,0.015553672843409718
XOM,2022-01-21,63.07,63.07,61.22,62.2,62.2,35995200,Energy,62.65599999999999,61.532,58.0115,55.29,60.69915891893022,58.203732132068815,2.495426786861408,2.0388747456583878,63.15,26774600.0,60.87,21043200.0,58.88,30668500.0,85.57475582268971,2.1849843929686363,5.6385869565217295,-0.0150435471100554,0.016445428466770096
XOM,2022-01-24,61.09,62.98,60.16,62.73,62.73,41507000,Energy,62.814,61.86899999999999,58.518499999999996,55.43820000000001,61.01159600832557,58.539011233397055,2.4725847749285137,2.125616751512413,62.2,35995200.0,61.94,23012900.0,59.36,23985400.0,83.74259102455545,1.2754278333871438,5.6772237196765385,0.008520900321543401,0.016452148146028994
XOM,2022-01-25,62.56,64.84,61.53,64.58,64.58,39278400,Energy,63.13399999999999,62.426,59.080499999999994,55.6214,61.56058123781394,58.98649188277505,2.5740893550388932,2.2153112722177095,62.73,41507000.0,62.98,32841200.0,59.01,22760300.0,83.44827586206895,2.540489044140992,9.43907812235214,0.02949147138530206,0.017465608193238974
XOM,2022-01-26,65.01,65.5,63.34,63.92,63.92,35252400,Energy,63.315999999999995,62.669,59.617999999999995,55.799800000000005,61.92356873968872,59.35193692849542,2.571631811193299,2.2865753800128275,64.58,39278400.0,63.01,26431600.0,61.49,32936100.0,77.66233766233768,1.4442152039358946,3.9518620913969738,-0.010219882316506612,0.014029966107404512
XOM,2022-01-27,65.03,65.51,63.77,64.74,64.74,29174700,Energy,63.63399999999999,63.012,60.21999999999999,55.985,62.35686585665969,59.75105271156983,2.6058131450898614,2.3504229330282342,63.92,35252400.0,63.15,26774600.0,61.31,23045100.0,76.58802177858439,2.51781472684085,5.594519654216268,0.012828535669586971,0.014053855205253119
XOM,2022-01-28,64.61,65.17,63.73,64.88,64.88,30595700,Energy,64.17,63.413,60.844500000000004,56.1618,62.745040340250505,60.13097473293502,2.6140656073154815,2.403151467885684,64.74,29174700.0,62.2,35995200.0,60.87,21043200.0,75.84269662921349,4.308681672025716,6.587810087070811,0.0021624961383996943,0.01340996018386332
XOM,2022-01-31,64.61,65.86,64.01,65.46,65.46,36085500,Energy,64.716,63.76500000000001,61.480999999999995,56.3626,63.16272644175042,60.525717345310206,2.6370090964402166,2.4499229935965903,64.88,30595700.0,62.73,41507000.0,61.94,23012900.0,79.56003666361137,4.351984696317546,5.682918953826288,0.008939580764488309,0.012883523278119424
XOM,2022-02-01,65.89,70.25,65.73,69.66,69.66,61033100,Energy,65.732,64.433,62.226,56.6594,64.16230698917343,61.202330875287224,2.9599761138862064,2.5519336176545138,65.46,36085500.0,64.58,39278400.0,62.98,32841200.0,82.34362628661917,7.866212449674825,10.606541759288657,0.06416131989000928,0.02253904043921729
XOM,2022-02-02,69.0,69.64,68.21,69.48,69.48,30299300,Energy,66.844,65.08000000000001,62.859,57.0032,64.98041360622368,61.815491551191876,3.164922055031802,2.6745313051299715,69.66,61033100.0,63.92,35252400.0,63.01,26431600.0,82.34362628661921,8.698372966207767,10.26821139501668,-0.0025839793281652312,0.0227082000727419
XOM,2022-02-03,69.02,69.21,68.1,68.67,68.67,28529400,Energy,67.63000000000001,65.63199999999999,63.41600000000001,57.3164,65.54804228218926,62.323232917770255,3.224809364419002,2.784586916987778,69.48,30299300.0,64.74,29174700.0,63.15,26774600.0,80.00000000000006,6.070435588507883,8.741092636579584,-0.011658031088082943,0.023644581314818634
XOM,2022-02-04,69.7,71.13,69.7,70.16,70.16,32197500,Energy,68.68599999999999,66.428,63.98,57.63139999999999,66.25757423877553,62.903734183120605,3.3538400556549277,2.8984375447212085,68.67,28529400.0,64.88,30595700.0,62.2,35995200.0,80.62593144560364,8.138101109741068,12.797427652733106,0.021697975826416194,0.022372456013129552
XOM,2022-02-07,69.93,71.6,69.5,71.01,71.01,34949200,Energy,69.796,67.256,64.5625,57.95740000000001,66.9887166635793,63.504198317704265,3.4845183458750313,3.015653704951973,70.16,32197500.0,65.46,36085500.0,62.73,41507000.0,80.34769463340899,8.478460128322652,13.199426111908185,0.012115165336374023,0.022333226615421798
XOM,2022-02-08,70.9,71.1,68.88,69.17,69.17,34356300,Energy,69.69800000000001,67.715,65.07050000000001,58.285,67.32429871533633,63.92388733120765,3.400411384128674,3.0926052407873135,71.01,34949200.0,69.66,61033100.0,64.58,39278400.0,70.47872340425536,-0.7034165948894611,7.1074636110251,-0.025911843402337764,0.024472663239066852
XOM,2022-02-09,69.34,69.74,68.59,68.84,68.84,40106100,Energy,69.57000000000001,68.207,65.438,58.600199999999994,67.5574835283615,64.28804382519228,3.269439703169226,3.1279721332636963,69.17,34356300.0,69.48,30299300.0,63.92,35252400.0,68.68023637557457,-0.921128382268277,7.697121401752183,-0.004770854416654591,0.024100695771818503
XOM,2022-02-10,68.59,69.43,67.78,68.18,68.18,28527700,Energy,69.47200000000001,68.551,65.7815,58.93240000000001,67.65325529322897,64.57633687517803,3.076918418050937,3.117761390221145,68.84,40106100.0,68.67,28529400.0,64.74,29174700.0,70.0133868808568,-0.7135575942915362,5.313561940067979,-0.009587449157466565,0.0246076099047723
XOM,2022-02-11,68.51,69.99,68.17,69.89,69.89,42002100,Energy,69.418,69.05199999999999,66.2325,59.2996,67.99736986350143,64.96994155109077,3.027428312410663,3.099694774659049,68.18,28527700.0,70.16,32197500.0,64.88,30595700.0,72.20843672456579,-0.38483466362598806,7.721948212083851,0.025080668817835106,0.025323564569950694
XOM,2022-02-14,69.34,69.57,67.14,68.82,68.82,34652800,Energy,68.98,69.388,66.5765,59.6198,68.12392834603968,65.25513106582478,2.868797280214892,3.0535152757702178,69.89,42002100.0,71.01,34949200.0,65.46,36085500.0,63.82007822685788,-3.0840726658217354,5.132905591200743,-0.015309772499642382,0.026337545191029575
XOM,2022-02-15,67.01,68.13,66.59,67.96,67.96,25075100,Energy,68.738,69.21799999999999,66.8255,59.929399999999994,68.0987086004951,65.45549172761554,2.643216872879563,2.971455595192087,68.82,34652800.0,69.17,34356300.0,69.66,61033100.0,62.99871299871298,-1.7493132861067018,-2.4404249210450812,-0.012496367335076974,0.016703251527991188
XOM,2022-02-16,68.66,69.47,68.0,68.27,68.27,21733800,Energy,68.624,69.097,67.0885,60.23339999999999,68.12506112349585,65.66397382186624,2.461087301629618,2.869381936479593,67.96,25075100.0,68.84,40106100.0,69.48,30299300.0,61.74318030605456,-0.8280069726903094,-1.741508347725973,0.0045615067686874955,0.016844016318800007
XOM,2022-02-17,68.39,68.94,67.92,68.17,68.17,23738800,Energy,68.62199999999999,69.047,67.3395,60.5234,68.13197479680419,65.84960539061689,2.2823694061873,2.7519794304211347,68.27,21733800.0,68.18,28527700.0,68.67,28529400.0,60.97398265510343,-0.014667057788220195,-0.728119994175036,-0.0014647722279185205,0.01647395521045001
XOM,2022-02-18,67.24,68.12,67.0,67.41,67.41,23394800,Energy,68.126,68.772,67.6,60.7952,68.020901751142,65.96519017649712,2.0557115746448886,2.6127258592658857,68.17,23738800.0,69.89,42002100.0,70.16,32197500.0,56.42715886618326,-3.5484332522535467,-3.919612314709231,-0.011148599090509137,0.014712583438123678
XOM,2022-02-22,69.42,69.53,65.62,66.63,66.63,35947800,Energy,67.688,68.334,67.795,61.04859999999999,67.80691686635093,66.01443534860844,1.7924815177424875,2.4486769909612063,67.41,23394800.0,68.82,34652800.0,71.01,34949200.0,37.106382978723396,-3.1822144725370483,-6.168145331643449,-0.01157098353360042,0.013722312465266347
XOM,2022-02-23,66.63,67.51,66.34,66.9,66.9,25385000,Energy,67.476,68.107,67.911,61.300599999999996,67.66739119460463,66.08003273019301,1.587358464411622,2.2764132856512895,66.63,35947800.0,67.96,25075100.0,69.17,34356300.0,39.104729729729755,-1.5597410241318221,-3.2817695532745383,0.004052228725799356,0.012134386166105474
XOM,2022-02-24,68.84,68.86,64.51,66.05,66.05,46199900,Energy,67.03200000000001,67.828,68.0175,61.559400000000004,67.41856178005007,66.07780808351205,1.340753696538016,2.089281367828635,66.9,25385000.0,68.27,21733800.0,68.84,40106100.0,38.97306397306398,-3.2517943459791976,-4.052876234747249,-0.012705530642750484,0.012497746856280351
XOM,2022-02-25,66.83,67.96,66.45,67.83,67.83,28310300,Energy,66.964,67.79299999999999,68.172,61.8552,67.48185996773468,66.20760007732598,1.2742598904087004,1.9262770723446478,66.05,46199900.0,68.17,23738800.0,68.18,28527700.0,40.42728019720628,-0.4987531172069848,-0.5133470225872849,0.02694928084784265,0.015646060068135317
XOM,2022-02-28,66.67,68.78,66.4,68.33,68.33,32204600,Energy,67.148,67.637,68.3445,62.1658,67.61234304962164,66.36481488641294,1.247528163208699,1.790527290517458,67.83,28310300.0,67.41,23394800.0,69.89,42002100.0,38.663282571912006,1.3647826731938872,-2.232078981256258,0.0073713696004718,0.013261368931948571
XOM,2022-03-01,68.64,70.28,68.25,68.99,68.99,40002300,Energy,67.61999999999999,67.654,68.521,62.48780000000001,67.82429027275677,66.55927304297495,1.2650172297818187,1.6854252783703303,68.33,32204600.0,66.63,35947800.0,68.82,34652800.0,49.15413533834583,3.5419480714392826,0.24702121476314343,0.009659007756475768,0.012858247547850114
XOM,2022-03-02,70.23,71.58,69.55,70.17,70.17,44321400,Energy,68.274,67.875,68.54650000000001,62.856399999999994,68.18516869233265,66.82673429905088,1.3584343932817688,1.6200271013526182,68.99,40002300.0,66.9,25385000.0,67.96,25075100.0,55.7876414273281,4.887892376681613,3.251912889935271,0.017103928105522748,0.012986282153846783
XOM,2022-03-03,69.59,71.25,69.39,70.62,70.62,30196600,Energy,69.188,68.11,68.6035,63.249,68.55975812428147,67.10771694356563,1.4520411807158382,1.5864299172252623,70.17,44321400.0,66.05,46199900.0,68.27,21733800.0,60.81560283687939,6.919000757002292,3.4422147356086175,0.006412997007268162,0.013019726797789895
XOM,2022-03-04,70.63,73.44,70.29,73.27,73.27,42802200,Energy,70.276,68.61999999999999,68.83349999999999,63.6716,69.28441072054585,67.56418235515336,1.7202283653924866,1.6131896068587073,70.62,30196600.0,67.83,28310300.0,68.17,23738800.0,63.829787234042506,8.020050125313283,7.4812967581047385,0.03752478051543462,0.016697629362018362
XOM,2022-03-07,74.0,76.01,73.11,75.91,75.91,55207900,Energy,71.792,69.47,69.12100000000001,64.1386,70.30373214815418,68.18239106958644,2.1213410785677382,1.7148199012005136,73.27,42802200.0,68.33,32204600.0,67.41,23394800.0,75.70703408266857,11.093224059710227,12.609405132769623,0.0360311177835404,0.01753001291493853
XOM,2022-03-08,77.6,79.74,74.44,76.49,76.49,72082300,Energy,73.292,70.45599999999999,69.39500000000001,64.6166,71.25546566382278,68.79776950887633,2.457696154946447,1.8633951519497005,75.91,55207900.0,68.99,40002300.0,66.63,35947800.0,81.56920799407843,10.871140745035524,14.798138976437048,0.007640627058358662,0.015595705421270957
XOM,2022-03-09,73.22,75.44,71.1,72.14,72.14,65466700,Energy,73.686,70.97999999999999,69.5435,64.9926,71.3915478693885,69.04534213784845,2.346205731540053,1.959957267867771,76.49,72082300.0,70.17,44321400.0,66.9,25385000.0,61.02564102564103,2.807467578737355,7.8325859491778616,-0.0568701791083801,0.02736987279004831
XOM,2022-03-10,73.2,74.66,72.24,74.38,74.38,44644200,Energy,74.438,71.81299999999999,69.82050000000001,65.4168,71.85130973563642,69.44050197948931,2.4108077561471077,2.0501273655236387,72.14,65466700.0,70.62,30196600.0,66.05,46199900.0,65.7694261046216,5.324270744831483,12.61165783497351,0.031050734682561698,0.02720471688870305
XOM,2022-03-11,73.26,75.14,73.17,74.0,74.0,35303400,Energy,74.584,72.42999999999999,70.1115,65.8428,72.18187746861543,69.77824257360122,2.403634895014207,2.1208288714217525,74.38,44644200.0,73.27,42802200.0,67.83,28310300.0,67.06369756602797,0.9963149993176046,9.096270086982173,-0.0051089002420005025,0.027173833923407283
XOM,2022-03-14,72.38,72.72,70.15,71.35,71.35,37462600,Energy,73.672,72.732,70.18449999999999,66.222,72.05389631959767,69.89466904963076,2.1592272699669053,2.1285085511307833,74.0,35303400.0,75.91,55207900.0,68.33,32204600.0,61.14258734655335,-6.007113687261234,4.419727791599581,-0.035810810810810834,0.030680584481413014
XOM,2022-03-15,68.68,68.99,66.55,67.29,67.29,47957900,Energy,71.83200000000001,72.562,70.10799999999999,66.5132,71.32098919350572,69.70173060150996,1.6192585919957594,2.0266585593037787,71.35,37462600.0,76.49,72082300.0,68.99,40002300.0,50.78093712454945,-12.027716041312575,-2.46412523554137,-0.05690259285213717,0.03622055605227566
XOM,2022-03-16,67.8,68.51,66.44,67.04,67.04,37812300,Energy,70.812,72.249,70.062,66.75880000000001,70.66237547142792,69.50456537176849,1.1578100996594287,1.8528888673749089,67.29,47957900.0,72.14,65466700.0,70.17,44321400.0,52.03118588428397,-7.069586914333237,-4.460595696166447,-0.0037152622975181737,0.035600341302339925
XOM,2022-03-17,68.12,68.97,67.16,68.82,68.82,34041900,Energy,69.7,72.069,70.0895,66.99879999999999,70.37893309120824,69.45385682571157,0.9250762654966707,1.6673263469992612,67.04,37812300.0,74.38,44644200.0,70.62,30196600.0,52.03118588428395,-7.475127722506059,-2.548853016142749,0.02655131264916455,0.03680253417844774
XOM,2022-03-18,68.89,69.18,68.05,68.55,68.55,41461500,Energy,68.60999999999999,71.59700000000001,70.10849999999999,67.2192,70.0975587694839,69.38690446825146,0.710654301232438,1.4759919378458968,68.82,34041900.0,74.0,35303400.0,73.27,42802200.0,50.45567522783761,-7.364864864864873,-6.44192711887539,-0.003923278116826467,0.03409590244573684
XOM,2022-03-21,69.81,71.91,69.48,71.63,71.63,33089300,Energy,68.66600000000001,71.169,70.3195,67.4742,70.33331895879407,69.55305969282541,0.7802592659686525,1.336845403470448,68.55,41461500.0,71.35,37462600.0,75.91,55207900.0,54.9698795180723,0.39243167484233066,-5.63825582927151,0.04493070751276429,0.035408816687791916
XOM,2022-03-22,71.13,71.63,70.4,71.31,71.31,23132200,Energy,69.47,70.651,70.5535,67.7132,70.48357758051806,69.68320341928279,0.8003741612352684,1.2295511550234122,71.63,33089300.0,67.29,47957900.0,76.49,72082300.0,52.21789883268483,5.9741417744092695,-6.772127075434686,-0.004467401926567027,0.03512623506335063
XOM,2022-03-23,72.62,73.43,72.37,72.44,72.44,27716300,Energy,70.55,70.681,70.8305,67.9818,70.78456564505373,69.88741057341,0.8971550716437378,1.1630719383474775,71.31,23132200.0,67.04,37812300.0,72.14,65466700.0,53.44958301743745,8.054892601431973,0.4158580537843015,0.01584630486607752,0.030781353716182267
XOM,2022-03-24,72.73,73.76,72.11,72.66,72.66,19871600,Energy,71.318,70.509,71.161,68.20519999999999,71.07309400735316,70.09278756797222,0.9803064393809393,1.1265188385541698,72.44,27716300.0,68.82,34041900.0,74.38,44644200.0,48.72651356993737,5.579773321708803,-2.312449583221299,0.003036996134732073,0.028947023780314492
XOM,2022-03-25,72.25,74.49,72.14,74.24,74.24,22398300,Energy,72.45599999999999,70.53299999999999,71.4815,68.4638,71.56031031391421,70.39998848886317,1.1603218250510423,1.1332794358535443,72.66,19871600.0,68.55,41461500.0,74.0,35303400.0,46.35211882918304,8.300510576221743,0.324324324324321,0.021745114230663276,0.029853485946083173
XOM,2022-03-28,72.47,72.59,71.47,72.16,72.16,21552400,Energy,72.56199999999998,70.614,71.673,68.6896,71.65257026561972,70.53035971191035,1.1222105537093654,1.1310656594247086,74.24,22398300.0,71.63,33089300.0,71.35,37462600.0,41.123411234112325,0.7399134440876809,1.1352487736510097,-0.028017241379310276,0.02887942088725623
XOM,2022-03-29,70.42,71.88,69.5,71.78,71.78,27036300,Energy,72.656,71.06299999999999,71.8125,68.8864,71.67217484013976,70.62292565917625,1.049249180963514,1.1147023637324698,72.16,21552400.0,71.31,23132200.0,67.29,47957900.0,49.11851126346719,0.6590940961996861,6.672611086342695,-0.005266075388026592,0.020746079122017754
XOM,2022-03-30,72.38,73.2,72.07,73.0,73.0,22079000,Energy,72.768,71.65899999999999,71.954,69.0868,71.87645563396441,70.799005239978,1.0774503939864104,1.107251969783258,71.78,27036300.0,72.44,27716300.0,67.04,37812300.0,46.443298969072174,0.7730535615682044,8.890214797136032,0.01699637782112018,0.02062736497845528
XOM,2022-03-31,72.21,73.54,71.93,71.97,71.97,27861500,Energy,72.63,71.974,72.0215,69.266,71.89084707489296,70.88574559257222,1.0051014823207396,1.0868218722907543,73.0,22079000.0,72.66,19871600.0,68.82,34041900.0,44.93765586034911,-0.9496284062758042,4.57715780296426,-0.014109589041095938,0.020734272516074254
XOM,2022-04-01,71.44,73.32,71.44,72.43,72.43,18671100,Energy,72.268,72.362,71.9795,69.4516,71.97379367875558,71.00013480793724,0.9736588708183405,1.0641892719962716,71.97,27861500.0,74.24,22398300.0,68.55,41461500.0,53.02351623740206,-2.4380387931034364,5.66010211524437,0.0063915520355704025,0.020514282000155544
XOM,2022-04-04,72.81,72.9,71.5,72.46,72.46,20869400,Energy,72.328,72.445,71.80699999999999,69.65679999999999,72.04859465125472,71.10827297031227,0.9403216809424464,1.0394157537855064,72.43,18671100.0,72.16,21552400.0,71.63,33089300.0,68.69125090383227,0.41574279379157364,1.1587323747033418,0.0004141930139442973,0.015198733671237651
XOM,2022-04-05,72.76,74.13,71.94,72.09,72.09,21753100,Energy,72.39,72.523,71.587,69.844,72.05496470490783,71.18099349102988,0.873971213877951,1.0063268458039953,72.46,20869400.0,71.78,27036300.0,71.31,23132200.0,68.10035842293914,0.43187517414322585,1.0938157341186416,-0.005106265525807174,0.015226786092580215
XOM,2022-04-06,72.69,73.81,72.27,72.89,72.89,24768200,Energy,72.368,72.568,71.6245,70.0102,72.18343167338355,71.3075865657684,0.8758451076151488,0.980230498166226,72.09,21753100.0,73.0,22079000.0,72.44,27716300.0,65.69005397070171,-0.15068493150685036,0.6212037548315896,0.011097239561659089,0.014786689533445948
XOM,2022-04-07,73.05,74.45,72.07,74.11,74.11,26122000,Energy,72.796,72.713,71.611,70.214,72.47982680055532,71.51517274608186,0.9646540544734563,0.977115209427672,72.89,24768200.0,71.97,27861500.0,72.66,19871600.0,69.97126436781616,2.973461164374047,1.9955959262317746,0.016737549732473544,0.015635739308931685
XOM,2022-04-08,74.22,75.99,74.22,75.67,75.67,24866500,Energy,73.444,72.856,71.69449999999999,70.43260000000001,72.97062267739297,71.82293772785357,1.1476849495393964,1.011229157450017,74.11,26122000.0,72.43,18671100.0,74.24,22398300.0,66.29032258064524,4.473284550600565,1.9261853448276023,0.0210497908514371,0.015539864562637788
XOM,2022-04-11,74.75,74.88,72.76,73.06,73.06,21800100,Energy,73.564,72.946,71.78,70.5962,72.98437303471712,71.91457197023479,1.0698010644823341,1.0229435388564805,75.67,24866500.0,72.46,20869400.0,72.16,21552400.0,55.95643294758341,0.8280430582390474,1.247228381374721,-0.03449187260473108,0.01699692539696034
XOM,2022-04-12,74.69,75.65,74.4,74.59,74.59,22444200,Energy,74.064,73.227,72.14500000000001,70.77879999999999,73.23139256783756,72.11275182429146,1.118640743546095,1.0420829797944036,73.06,21800100.0,72.09,21753100.0,71.78,27036300.0,57.1239231278993,3.4678873630184404,3.914739481749785,0.020941691760197223,0.017858457548260882
XOM,2022-04-13,75.47,75.91,74.23,75.64,75.64,19306800,Energy,74.614,73.491,72.575,70.8984,73.60194755740102,72.37402946693655,1.2279180904644704,1.079250001928417,74.59,22444200.0,72.89,24768200.0,73.0,22079000.0,59.35929648241209,3.7728083413362645,3.6164383561643865,0.014076954015283416,0.017644832719435344
XOM,2022-04-14,75.52,77.08,75.14,76.53,76.53,24566400,Energy,75.098,73.947,72.9605,71.0394,74.05241716395471,72.68187913605236,1.3705380279023558,1.1375076071232049,75.64,19306800.0,74.11,26122000.0,71.97,27861500.0,57.51805646749839,3.2654162731075465,6.335973322217603,0.011766261237440512,0.01660984247759579
XOM,2022-04-18,77.12,77.46,76.46,77.16,77.16,19032300,Energy,75.396,74.41999999999999,73.39099999999999,71.2092,74.53050683103861,73.01359179264107,1.516915038397542,1.2133890933780722,76.53,24566400.0,75.67,24866500.0,72.43,18671100.0,68.14223512336723,1.9690762521474836,6.530443186524915,0.008232065856526694,0.016621314274051037
XOM,2022-04-19,76.69,77.26,76.05,76.47,76.47,20382600,Energy,76.078,74.821,73.633,71.33539999999999,74.82889039549421,73.2696220302232,1.5592683652710093,1.2825649477566596,77.16,19032300.0,73.06,21800100.0,72.46,20869400.0,66.64300922640172,4.667396660279222,5.534087772564189,-0.008942457231726264,0.01725160892092814
XOM,2022-04-20,76.66,77.12,76.07,76.65,76.65,20689400,Energy,76.49000000000001,75.277,73.9,71.4482,75.10906110387971,73.52002039835482,1.5890407055248943,1.3438600993103067,76.47,20382600.0,74.59,22444200.0,72.09,21753100.0,63.984674329501956,2.761764311569914,6.325426550145652,0.0023538642604943316,0.016897940318614343
XOM,2022-04-21,77.51,78.25,75.63,75.84,75.84,29010900,Energy,76.53,75.572,74.07,71.5816,75.22151324174438,73.69187073921742,1.5296425025269542,1.3810165799536362,76.65,20689400.0,75.64,19306800.0,72.89,24768200.0,65.08183943881531,0.26441036488631386,4.047194402524346,-0.010567514677103707,0.017586774229258542
XOM,2022-04-22,75.51,76.79,74.07,74.18,74.18,23591600,Energy,76.06,75.57900000000001,74.146,71.6884,75.06128043532216,73.72802846223836,1.3332519730838044,1.37146365857967,75.84,29010900.0,76.53,24566400.0,74.11,26122000.0,56.236635780470436,-3.0706912321965207,0.09445418971800734,-0.021888185654008407,0.01871227385082774
XOM,2022-04-25,71.78,72.03,69.09,71.68,71.68,37698300,Energy,74.964,75.18,74.018,71.7584,74.5410834452726,73.5763226502207,0.9647607950519017,1.2901230858741164,74.18,23591600.0,77.16,19032300.0,75.67,24866500.0,47.636363636363676,-7.102125453602892,-5.2728954671600325,-0.033701806416823965,0.019922064565619818
XOM,2022-04-26,72.09,73.82,71.61,71.71,71.71,28941500,Energy,74.012,75.045,73.99549999999999,71.7948,74.1055321459999,73.43807652798213,0.6674556180177689,1.165589592302847,71.68,37698300.0,76.47,20382600.0,73.06,21800100.0,48.824257425742545,-6.224663266640517,-1.8477963317821033,0.00041852678571419055,0.017078971439380156
XOM,2022-04-27,72.66,74.49,71.7,73.75,73.75,32773000,Energy,73.43199999999999,74.961,74.09400000000001,71.8934,74.05083489276915,73.46118197035382,0.5896529224153255,1.0504022583253427,71.71,28941500.0,76.65,20689400.0,74.59,22444200.0,52.47126436781609,-3.7834311806914656,-1.1261563212226933,0.02844791521405665,0.01830696261741159
XOM,2022-04-28,73.96,76.8,73.26,75.98,75.98,33683800,Energy,73.46000000000001,74.995,74.243,72.0538,74.34762952465081,73.64776108366094,0.6998684409898743,0.9802954948582491,73.75,32773000.0,75.84,29010900.0,75.64,19306800.0,55.07876154263988,0.18459915611814814,0.4494976203067269,0.030237288135593232,0.020379754775562305
XOM,2022-04-29,76.8,76.8,73.81,74.28,74.28,34656500,Energy,73.47999999999999,74.77000000000001,74.3585,72.174,74.33722498239685,73.69459359598234,0.6426313864145072,0.9127626731695008,75.98,33683800.0,74.18,23591600.0,76.53,24566400.0,46.2533692722372,0.1348072256672772,-2.940023520188162,-0.022374309028691752,0.02115292412777691
XOM,2022-05-02,74.08,75.84,73.74,75.3,75.3,36335200,Energy,74.204,74.584,74.50200000000001,72.3166,74.48534421587425,73.81351258887254,0.6718316270017084,0.8645764639359423,74.28,34656500.0,71.68,37698300.0,77.16,19032300.0,56.603773584905646,5.050223214285698,-2.4105754276827374,0.013731825525040264,0.02153897995952223
XOM,2022-05-03,75.16,77.36,75.04,76.85,76.85,33908100,Energy,75.232,74.622,74.7215,72.5054,74.84913741343206,74.03843758228939,0.8106998311426707,0.853801137377288,75.3,36335200.0,71.71,28941500.0,76.47,20382600.0,56.654888103651324,7.167759029424081,0.4969268994376774,0.02058432934926957,0.022517925946352435
XOM,2022-05-04,77.99,80.06,77.47,79.91,79.91,46188400,Energy,76.464,74.94800000000001,75.1125,72.771,75.62773165751943,74.47336813174944,1.1543635257699947,0.9139136150558294,76.85,33908100.0,73.75,32773000.0,76.65,20689400.0,61.242759347024744,8.352542372881345,4.253098499673835,0.039817826935588885,0.025709519227305657
XOM,2022-05-05,80.2,80.21,77.02,78.69,78.69,41013400,Energy,77.006,75.233,75.4025,73.0068,76.09884986405491,74.78571123310132,1.3131386309535884,0.9937586182353813,79.91,46188400.0,75.98,33683800.0,75.84,29010900.0,55.59006211180124,3.566728086338511,3.7579113924050667,-0.01526717557251911,0.026055582730331994
XOM,2022-05-06,79.28,80.01,77.86,79.9,79.9,29619300,Energy,78.13000000000001,75.80499999999999,75.692,73.2838,76.68364219266185,75.16454743805679,1.5190947546050637,1.0988258455093178,78.69,41013400.0,74.28,34656500.0,74.18,23591600.0,56.88442211055279,7.565966612816366,7.710973308169322,0.015376795018426925,0.024563657620491494
XOM,2022-05-09,77.94,78.04,73.21,73.6,73.6,45851600,Energy,77.78999999999999,75.997,75.5885,73.39920000000001,76.20923570148311,75.04865503523777,1.1605806662453375,1.1111768096565218,79.9,29619300.0,75.3,36335200.0,71.68,37698300.0,44.374754998039975,-2.257636122177964,2.678571428571419,-0.0788485607008762,0.03496908035485774
XOM,2022-05-10,74.62,75.71,72.78,74.08,74.08,34483200,Energy,77.23599999999999,76.234,75.6395,73.5142,75.881660978178,74.97690281040533,0.9047581677726697,1.0698930812797514,73.6,45851600.0,76.85,33908100.0,71.71,28941500.0,45.02130956993412,-3.6044242029928397,3.3049783851624603,0.006521739130434856,0.03496815971090616
XOM,2022-05-11,75.31,77.5,75.18,75.63,75.63,33020600,Energy,76.38,76.422,75.69149999999999,73.647,75.84294390461216,75.02528038000494,0.8176635246072124,1.0194471699452436,74.08,34483200.0,79.91,46188400.0,73.75,32773000.0,49.60451977401129,-5.35602552871981,2.549152542372868,0.020923326133909237,0.034456605562781135
XOM,2022-05-12,75.66,76.04,73.42,75.97,75.97,29491500,Energy,75.836,76.42099999999999,75.708,73.763,75.86249099621028,75.09525961111568,0.767231385094604,0.9690040129751157,75.63,33020600.0,78.69,41013400.0,75.98,33683800.0,53.547364248910014,-3.45660185538188,-0.013161358252178346,0.00449557054079075,0.03313782999113579
XOM,2022-05-13,76.9,78.3,76.01,78.22,78.22,25798400,Energy,75.5,76.815,75.79249999999999,73.915,76.22518468910101,75.32672186214415,0.8984628269568589,0.9548957757714645,75.97,29491500.0,79.9,29619300.0,74.28,34656500.0,63.090472377902294,-2.1026282853567,5.304254173397949,0.02961695406081355,0.033229333690139355
XOM,2022-05-16,78.33,80.97,78.32,80.06,80.06,26101200,Energy,76.792,77.291,75.9375,74.0508,76.81515627539316,75.67733505754089,1.1378212178522773,0.991480864187627,78.22,25798400.0,73.6,45851600.0,75.3,36335200.0,65.58417319895483,8.777173913043491,6.321381142098281,0.023523395551009907,0.0336342517966294
XOM,2022-05-17,80.75,81.38,80.21,81.08,81.08,23120700,Energy,78.192,77.714,76.168,74.1542,77.47128607917882,76.077532460686,1.3937536184928234,1.0719354150486664,80.06,26101200.0,74.08,34483200.0,76.85,33908100.0,64.2219635234769,9.44924406047516,5.504229017566686,0.01274044466650004,0.03336419316577887
XOM,2022-05-18,81.44,81.8,79.08,79.8,79.8,25451200,Energy,79.026,77.703,76.3255,74.2204,77.82954975930517,76.35327079693148,1.4762789623736836,1.15280412451367,81.08,23120700.0,75.63,33020600.0,79.91,46188400.0,57.69540692989523,5.513685045616823,-0.13765486171943841,-0.015786877158362134,0.03167215607342433
XOM,2022-05-19,78.35,81.25,78.35,80.23,80.23,24387400,Energy,79.878,77.857,76.545,74.3822,78.19884979633514,76.64043592308471,1.55841387325043,1.233926074261022,79.8,25451200.0,75.97,29491500.0,78.69,41013400.0,62.63269639065817,5.607476635514019,1.9570466387088592,0.005388471177945053,0.031212173608603778
XOM,2022-05-20,80.93,82.39,79.58,80.86,80.86,28795000,Energy,80.40599999999999,77.953,76.87899999999999,74.51180000000001,78.60825751997588,76.95299622507844,1.6552612948974428,1.3181931183883062,80.23,24387400.0,78.22,25798400.0,79.9,29619300.0,62.0034542314335,3.3750958834057876,1.2015018773466668,0.007852424280194281,0.03095407851156322
XOM,2022-05-23,81.57,83.43,81.47,82.65,82.65,27239300,Energy,80.924,78.85799999999999,77.4275,74.68480000000001,79.23006405536421,77.37499650470225,1.855067550661957,1.4255680048430366,80.86,28795000.0,80.06,26101200.0,73.6,45851600.0,62.3931623931624,3.2350736947289516,12.296195652173925,0.022137026960178163,0.013101155817552827
XOM,2022-05-24,81.71,83.44,81.27,83.1,83.1,24293300,Energy,81.328,79.76,77.997,74.9198,79.8254388160774,77.79907083768727,2.0263679783901267,1.5457279995524547,82.65,27239300.0,81.08,23120700.0,74.08,34483200.0,57.671957671957664,2.4913665515540195,12.17602591792657,0.005444646098003547,0.013153159580419259
XOM,2022-05-25,83.26,84.98,83.16,84.77,84.77,29947800,Energy,82.322,80.674,78.548,75.26939999999999,80.58614053668087,78.31543596082155,2.2707045758593267,1.6907233148138292,83.1,24293300.0,79.8,25451200.0,75.63,33020600.0,64.3126177024482,6.228070175438605,12.0851513949491,0.0200962695547533,0.013090707995667177
XOM,2022-05-26,85.04,85.77,84.69,85.07,85.07,24314800,Energy,83.28999999999999,81.584,79.00250000000001,75.63,81.2759650694992,78.81577403779772,2.46019103170147,1.8446168581913573,84.77,29947800.0,80.23,24387400.0,75.97,29491500.0,62.715199212985695,6.032656113673185,11.978412531262329,0.0035389878494749283,0.01315134615389864
XOM,2022-05-27,84.47,86.21,83.89,85.91,85.91,25588800,Energy,84.3,82.353,79.58399999999999,75.9718,81.98889352034547,79.34127225722011,2.647621263125359,2.005217739178158,85.07,24314800.0,80.86,28795000.0,78.22,25798400.0,91.3920645595158,6.245362354687112,9.831245205829697,0.009874221229575708,0.011500206614873214
XOM,2022-05-31,86.76,87.84,84.25,84.51,84.51,44888100,Energy,84.672,82.798,80.0445,76.291,82.37675605567694,79.72414097890751,2.652615076769422,2.1346972066964107,85.91,25588800.0,82.65,27239300.0,80.06,26101200.0,83.02723242558585,2.250453720508161,5.558331251561333,-0.016296123850541133,0.012905626317070713
XOM,2022-06-01,85.41,86.89,85.05,86.13,86.13,25815400,Energy,85.27799999999999,83.303,80.5085,76.58099999999999,82.95417820095741,80.19864905454399,2.755529146413423,2.2588635946398132,84.51,44888100.0,83.1,24293300.0,81.08,23120700.0,83.10214375788149,3.646209386281596,6.228416378885049,0.019169329073482233,0.013454878054189332
XOM,2022-06-02,85.64,86.36,85.2,85.98,85.98,19089100,Energy,85.52000000000001,83.921,80.812,76.8744,83.41968924696397,80.62689727272593,2.7927919742380425,2.365649270559459,86.13,25815400.0,84.77,29947800.0,79.8,25451200.0,81.94001276324194,1.427391765954944,7.744360902255654,-0.0017415534656912701,0.011502926706141258
XOM,2022-06-03,86.18,87.73,86.18,87.23,87.23,21038200,Energy,85.952,84.62100000000001,81.239,77.1702,84.00589090127721,81.11601599326475,2.889874908012459,2.470494398050059,85.98,19089100.0,85.07,24314800.0,80.23,24387400.0,80.70892978868446,2.539085459033741,8.72491586688271,0.014538264712723903,0.011674826191596368
XOM,2022-06-06,87.31,87.84,86.86,87.01,87.01,20682100,Energy,86.172,85.236,81.59450000000001,77.4572,84.46806153184994,81.55260740117106,2.9154541306788815,2.5594863445758236,87.23,21038200.0,85.91,25588800.0,80.86,28795000.0,76.62835249042153,1.2804097311139628,7.605738313133825,-0.0025220680958385477,0.01218476169047869
XOM,2022-06-07,87.77,91.05,87.58,91.0,91.0,37810200,Energy,87.47,86.071,82.4645,77.7924,85.47297514233456,82.25241426034358,3.220560881990977,2.6917012520588544,87.01,20682100.0,84.51,44888100.0,82.65,27239300.0,80.96129837702878,7.679564548574125,10.102843315184495,0.0458567980691873,0.016801337749893543
XOM,2022-06-08,91.1,92.93,90.65,92.07,92.07,31613200,Energy,88.658,86.968,83.364,78.19059999999999,86.48790204351386,82.97964283365147,3.5082592098623877,2.855012843619561,91.0,37810200.0,86.13,25815400.0,83.1,24293300.0,88.80455407969649,6.896551724137923,10.794223826714799,0.011758241758241583,0.01673816685255561
XOM,2022-06-09,91.04,92.05,89.93,90.08,90.08,26607000,Energy,89.478,87.499,84.0865,78.5566,87.04053249835788,83.50559521634395,3.534937282013928,2.990997731298435,92.07,31613200.0,85.98,19089100.0,84.77,29947800.0,78.35348301669552,4.768550825773432,6.2640084935708495,-0.021613989355924734,0.0190923820347964
XOM,2022-06-10,89.74,90.98,87.85,88.44,88.44,30950500,Energy,89.72,87.836,84.71000000000001,78.8654,87.2558351909182,83.87110668179996,3.384728509118247,3.069743886862397,90.08,26607000.0,87.23,21038200.0,85.07,24314800.0,70.62023939064204,1.387137452711218,3.961443517103569,-0.018206039076376523,0.020613925213545565
XOM,2022-06-13,85.85,86.07,82.68,84.38,84.38,33421000,Energy,89.19399999999999,87.683,85.018,79.11359999999999,86.81339900770001,83.90880248314812,2.9045965245518914,3.036714414400296,88.44,30950500.0,87.01,20682100.0,85.91,25588800.0,54.188861985472144,-3.0226410757384303,-1.780933535094864,-0.04590682948891911,0.025773701787266352
XOM,2022-06-14,85.75,86.86,83.87,84.6,84.6,31264000,Energy,87.91399999999999,87.692,85.245,79.357,86.47287608343848,83.96000229921123,2.512873784227253,2.9319462883656877,84.38,33421000.0,91.0,37810200.0,84.51,44888100.0,53.672869735553384,-7.032967032967042,0.10649627263044081,0.0026072529035316983,0.025255643144365948
XOM,2022-06-15,84.5,85.01,82.11,83.53,83.53,29620800,Energy,86.20599999999999,87.432,85.36749999999999,79.5784,86.02012591675563,83.92815027704744,2.0919756397081954,2.763952158634189,84.6,31264000.0,92.07,31613200.0,86.13,25815400.0,46.87184661957619,-9.275551211035072,-3.0186926738650866,-0.012647754137115719,0.024623758881719148
XOM,2022-06-16,81.35,81.98,79.47,80.45,80.45,35696700,Energy,84.28,86.87899999999999,85.4,79.7456,85.163183468024,83.67050951578466,1.4926739522393433,2.50969651735522,83.53,29620800.0,90.08,26607000.0,85.98,19089100.0,39.778761061946895,-10.690497335701599,-6.431728308909046,-0.03687297976774806,0.02686230511547397
XOM,2022-06-17,80.07,80.42,75.41,75.81,75.81,64610200,Energy,81.75399999999999,85.737,85.179,79.804,83.72423216525108,83.08824955165247,0.635982613598614,2.1349537366038986,80.45,35696700.0,88.44,30950500.0,87.23,21038200.0,30.871212121212096,-14.28086838534599,-13.091826206580304,-0.05767557489123676,0.030143825636813514
XOM,2022-06-21,77.98,81.45,77.92,80.53,80.53,35951500,Energy,80.98400000000001,85.089,85.1625,79.9324,83.23281183213552,82.8987495848634,0.3340622472721293,1.7747754387375447,75.81,64610200.0,84.38,33421000.0,87.01,20682100.0,43.30417227456257,-4.562692581180372,-7.447419836800373,0.06226091544651102,0.03855768897464348
XOM,2022-06-22,77.06,79.02,77.05,77.34,77.34,29727200,Energy,79.53200000000001,83.723,84.897,79.9658,82.32622539642236,82.486990356355,-0.16076495993263507,1.3876673590035087,80.53,35951500.0,84.6,31264000.0,91.0,37810200.0,35.953978906999026,-8.581560283687928,-15.010989010989007,-0.03961256674531233,0.03482013305164791
XOM,2022-06-23,78.05,78.39,73.52,75.01,75.01,35757200,Energy,77.828,82.01700000000001,84.4925,80.00479999999999,81.20065225851123,81.93313921884722,-0.73248696033599,0.963636495135609,77.34,29727200.0,83.53,29620800.0,92.07,31613200.0,33.61219002091424,-10.199928169519923,-18.529379819702385,-0.030126713214378098,0.03366477164379333
XOM,2022-06-24,76.54,77.82,75.54,76.5,76.5,26639000,Energy,77.03800000000001,80.659,84.07900000000001,80.04299999999999,80.47747498797104,81.53068446189558,-1.0532094739245395,0.5602673013235794,75.01,35757200.0,80.45,35696700.0,90.08,26607000.0,34.08484129338473,-4.90988191423245,-15.075488454706921,0.01986401813091576,0.03589498004184226
XOM,2022-06-27,77.3,79.26,77.18,78.37,78.37,25478700,Energy,77.55,79.652,83.744,80.0976,80.15324806674472,81.29655968694034,-1.1433116201956182,0.21955151701973988,76.5,26639000.0,75.81,64610200.0,88.44,30950500.0,37.78280542986424,3.376863210658221,-11.386250565355038,0.02444444444444449,0.038025727938725766
XOM,2022-06-28,80.21,82.08,79.54,80.55,80.55,33096900,Energy,77.554,79.26899999999999,83.476,80.178,80.21428682570708,81.24125896938921,-1.02697214368213,-0.029753215120634086,78.37,25478700.0,80.53,35951500.0,84.38,33421000.0,34.4262295081967,0.02483546504408185,-4.5389902820573536,0.027816766619879862,0.03773061332321274
XOM,2022-06-29,81.85,82.04,77.26,77.57,77.57,25400900,Energy,77.6,78.566,83.12899999999999,80.1862,79.80747346790598,80.96931386054557,-1.16184039263959,-0.25617065062442523,80.55,33096900.0,77.34,29727200.0,84.6,31264000.0,29.55442752397066,0.2973881561934233,-8.309692671394798,-0.03699565487274992,0.03901718842604386
XOM,2022-06-30,75.83,77.11,74.54,75.39,75.39,39948100,Energy,77.676,77.752,82.592,80.16460000000001,79.12786216515121,80.55603135235701,-1.4281691872057962,-0.4905703579406995,77.57,25400900.0,75.01,35757200.0,83.53,29620800.0,29.396914446002796,0.5065991201173015,-9.745001795761999,-0.028103648317648444,0.03952656168130474
XOM,2022-07-01,76.36,77.36,74.57,77.07,77.07,26327900,Energy,77.79,77.414,82.14649999999999,80.173,78.81126798589719,80.29780680773797,-1.4865388218407816,-0.6897640507207159,75.39,39948100.0,76.5,26639000.0,80.45,35696700.0,34.07116839450825,0.7450980392156747,-4.201367308887516,0.02228412256267398,0.03940127973921999
XOM,2022-07-05,76.01,76.32,73.07,74.66,74.66,34591100,Energy,77.048,77.299,81.518,80.1494,78.17261137268223,79.88019148864626,-1.707580115964035,-0.8933272637693797,77.07,26327900.0,78.37,25478700.0,75.81,64610200.0,35.722679200940064,-4.7339543192548295,-1.5169502704128868,-0.03127027377708569,0.03612182387774117
XOM,2022-07-06,73.73,75.03,71.31,73.31,73.31,33375700,Energy,75.6,76.577,80.833,80.132,77.4245173153465,79.39351063763543,-1.9689933222889238,-1.1084604754732885,74.66,34591100.0,80.55,33096900.0,80.53,35951500.0,33.949388683537094,-8.988206083178142,-8.965602880913949,-0.01808197160460745,0.028667536590655185
XOM,2022-07-07,75.16,76.38,75.09,75.65,75.65,23817400,Energy,75.21600000000001,76.40799999999999,80.0655,80.2114,77.15151465144704,79.11621355336614,-1.9646989019190926,-1.2797081607624494,73.31,33375700.0,77.57,25400900.0,77.34,29727200.0,39.18770581778265,-2.4751837050405956,-2.1851564520299904,0.03191924703314686,0.029095433226663813
XOM,2022-07-08,76.54,76.85,74.76,75.78,75.78,17673800,Energy,75.29400000000001,76.485,79.251,80.2928,76.94051239737827,78.86908662348716,-1.9285742261088927,-1.409481373831738,75.65,23817400.0,75.39,39948100.0,75.01,35757200.0,43.02776948342788,0.5173099880620757,1.026529796027198,0.0017184401850627307,0.027343602915094974
XOM,2022-07-11,74.98,75.81,74.26,75.39,75.39,15603800,Energy,74.958,76.374,78.5165,80.32560000000001,76.70197202855084,78.61137650322885,-1.9094044746780128,-1.509465994000993,75.78,17673800.0,77.07,26327900.0,76.5,26639000.0,49.28180574555404,-2.179836512261568,-1.4509803921568643,-0.005146476642913678,0.02659660398620801
XOM,2022-07-12,73.75,74.87,72.94,74.39,74.39,21013000,Energy,74.904,75.976,77.814,80.2938,76.34628402415841,78.29868194743412,-1.9523979232757114,-1.5980523798559367,75.39,15603800.0,74.66,34591100.0,78.37,25478700.0,37.97021943573666,-0.36163943209214233,-5.0784739058313155,-0.01326435866825837,0.025202605300496936
XOM,2022-07-13,73.4,75.98,73.33,74.68,74.68,19928600,Energy,75.178,75.389,77.32900000000001,80.3018,76.08993263582634,78.03063143280937,-1.9406987969830283,-1.666581663281355,74.39,21013000.0,73.31,33375700.0,80.55,33096900.0,44.12024756852343,1.8687764288637387,-7.287399130974537,0.003898373437289937,0.022768802179061885
XOM,2022-07-14,72.05,73.34,71.03,73.19,73.19,26343000,Energy,74.686,74.951,76.7585,80.2596,75.64378915339152,77.67206614149016,-2.0282769880986393,-1.738920728244812,74.68,19928600.0,75.65,23817400.0,77.57,25400900.0,45.82185491276399,-3.2518175809649774,-5.646512827123884,-0.01995179432244254,0.020856908499699522
XOM,2022-07-15,74.65,74.72,72.98,74.42,74.42,17243700,Energy,74.414,74.854,76.303,80.211,75.45551389902359,77.43117235323163,-1.9756584542080446,-1.7862682734374586,73.19,26343000.0,75.78,17673800.0,75.39,39948100.0,45.16728624535316,-1.794668778041697,-1.2866427908210576,0.016805574532039902,0.020300499538086395
XOM,2022-07-18,76.22,77.41,75.49,75.79,75.79,19395800,Energy,74.494,74.72600000000001,76.07,80.12859999999999,75.50697329917381,77.30960403077002,-1.80263073159621,-1.789540765069209,74.42,17243700.0,75.39,15603800.0,77.07,26327900.0,43.86298763082779,0.5305743467303392,-1.6608278188659509,0.018409029830690704,0.01983601351209975
XOM,2022-07-19,76.08,77.92,75.93,77.7,77.7,18248900,Energy,75.156,75.03,76.1645,80.1088,75.84436202237784,77.33852225071298,-1.4941602283351472,-1.7304646577223968,75.79,19395800.0,74.39,21013000.0,74.66,34591100.0,43.13253012048194,4.449522785320603,4.071792124296825,0.02520121388045915,0.018404665458126343
XOM,2022-07-20,77.1,78.92,76.81,78.56,78.56,16584400,Energy,75.932,75.555,76.066,80.082,76.26215248047356,77.4290020839935,-1.1668496035199354,-1.6177416468819046,77.7,18248900.0,74.68,19928600.0,73.31,33375700.0,52.6570048309179,5.195500803427944,7.161369526667571,0.011068211068210987,0.016723804506597134
XOM,2022-07-21,76.52,77.29,75.01,77.25,77.25,21375700,Energy,76.744,75.715,76.0615,80.155,76.41412902193916,77.41574267036435,-1.0016136484251916,-1.494516047190562,78.56,16584400.0,73.19,26343000.0,75.65,23817400.0,55.23648648648648,5.547205902445684,2.115003304692653,-0.01667515274949083,0.015730236024995275
XOM,2022-07-22,77.07,77.88,76.26,76.66,76.66,15479500,Energy,77.19200000000001,75.803,76.14399999999999,80.2066,76.45195532625621,77.35976173181884,-0.9078064055626243,-1.3771741188649747,77.25,21375700.0,74.42,17243700.0,75.78,17673800.0,48.77024595080985,3.0099435635581706,1.1612562681446281,-0.0076375404530745206,0.01603770831584497
XOM,2022-07-25,77.61,79.34,76.96,79.21,79.21,17536400,Energy,77.876,76.185,76.2795,80.2782,76.87626989144756,77.49681641835078,-0.6205465269032118,-1.2258486004726221,76.66,15479500.0,75.79,19395800.0,75.39,15603800.0,63.53361094586553,4.512468663412039,5.066985011274694,0.03326376206626658,0.01870743583256369
XOM,2022-07-26,80.22,80.35,78.35,78.9,78.9,15141200,Energy,78.11600000000001,76.636,76.30600000000001,80.3368,77.18761298507101,77.60075594291739,-0.4131429578463752,-1.0633074719473727,79.21,17536400.0,77.7,18248900.0,74.39,21013000.0,67.72352568167406,1.5444015444015413,6.06264282833715,-0.003913647266759135,0.017903278978792948
XOM,2022-07-27,79.47,80.99,78.7,80.61,80.61,18047000,Energy,78.526,77.22900000000001,76.309,80.38459999999999,77.71413406429086,77.8236629101087,-0.10952884581783451,-0.8725517467214652,78.9,15141200.0,78.56,16584400.0,74.68,19928600.0,66.3804491413474,2.6094704684317627,7.94054633101231,0.02167300380228121,0.018537395349569132
XOM,2022-07-28,81.15,82.09,80.12,81.55,81.55,20353100,Energy,79.386,78.065,76.50800000000001,80.4144,78.30426728516919,78.09968787973028,0.2045794054389063,-0.657125516289391,80.61,18047000.0,77.25,21375700.0,73.19,26343000.0,68.08777429467082,5.566343042071198,11.422325454297045,0.011661084232725383,0.015762083451972
XOM,2022-07-29,83.14,85.85,82.84,85.33,85.33,29825800,Energy,81.11999999999999,79.156,77.005,80.4994,79.38514924129701,78.63526655530582,0.7498826859911958,-0.37572387583327366,81.55,20353100.0,76.66,15479500.0,74.42,17243700.0,75.69803516028955,11.309679102530668,14.660037624294532,0.04635193133047211,0.019337926941198968
XOM,2022-08-01,83.44,83.94,82.07,83.17,83.17,20793200,Energy,81.912,79.89399999999999,77.31,80.5668,79.96743397340516,78.97117273639427,0.9962612370108985,-0.10132685326443924,85.33,29825800.0,79.21,17536400.0,75.79,19395800.0,71.41463414634147,4.999368766569878,9.7374323789418,-0.025313488808156537,0.022840786217109877
XOM,2022-08-02,83.36,83.8,82.59,82.81,82.81,16722500,Energy,82.69399999999999,80.405,77.7175,80.61840000000001,80.40475182365051,79.25553031147618,1.1492215121743357,0.14878281982331576,83.17,20793200.0,78.9,15141200.0,77.7,18248900.0,69.7617890131259,4.9556400506970855,6.576576576576576,-0.00432848382830342,0.022501418568195174
XOM,2022-08-03,83.12,83.12,79.92,80.13,80.13,23580800,Energy,82.598,80.562,78.05850000000001,80.6038,80.36248231231966,79.32030584395942,1.042176468360239,0.32746154953070045,82.81,16722500.0,80.61,18047000.0,78.56,16584400.0,65.94669117647058,-0.5954596203945006,1.9984725050916419,-0.032363241154449995,0.025533561452014526
XOM,2022-08-04,79.5,79.53,76.08,76.75,76.75,31821500,Energy,81.638,80.512,78.1135,80.4858,79.80671580273201,79.12991281848095,0.6768029842510686,0.39732983647477405,80.13,23580800.0,81.55,20353100.0,77.25,21375700.0,54.87243831033041,-5.885959534028196,-0.6472491909385147,-0.042181455135404944,0.02871258672927852
XOM,2022-08-05,76.02,78.95,75.95,77.86,77.86,17408000,Energy,80.144,80.63199999999999,78.2175,80.381,79.50722106385017,79.03584520229717,0.4713758615529997,0.4121390414904192,76.75,31821500.0,85.33,29825800.0,76.66,15479500.0,54.376321353065535,-8.754248212820814,1.5653535090007775,0.014462540716612349,0.028932927740864568
XOM,2022-08-08,78.0,78.88,77.66,78.3,78.3,14458500,Energy,79.17,80.541,78.36300000000001,80.2516,79.32149474633475,78.98133815027515,0.34015659605960025,0.39774255240425543,77.86,17408000.0,83.17,20793200.0,79.21,17536400.0,51.35256988277726,-5.8554767343994225,-1.1488448428228715,0.005651168764448933,0.026853288631413157
XOM,2022-08-09,79.27,80.64,79.18,79.75,79.75,19083400,Energy,78.55799999999999,80.626,78.631,80.14519999999999,79.38741863151402,79.03827606506958,0.3491425664444421,0.3880225552122928,78.3,14458500.0,82.81,16722500.0,78.9,15141200.0,52.61308739569609,-3.695205893008091,1.0773130544993625,0.0185185185185186,0.027496324421441943
XOM,2022-08-10,79.83,80.8,78.51,80.5,80.5,18302000,Energy,78.63199999999999,80.615,78.922,80.03699999999999,79.55858499589648,79.14655191210146,0.41203308379502346,0.39282466092883894,79.75,19083400.0,80.13,23580800.0,80.61,18047000.0,57.31652408824854,0.4617496568076973,-0.136459496340402,0.00940438871473348,0.026755637476902818
XOM,2022-08-11,81.63,83.82,81.28,82.83,82.83,18797900,Energy,79.848,80.74300000000001,79.404,80.0034,80.06187961191242,79.41939991861246,0.6424796932999612,0.44275566740306344,80.5,18302000.0,76.75,31821500.0,81.55,20353100.0,62.88100208768269,7.9218241042345205,1.5695892090741959,0.02894409937888187,0.028103474376970968
XOM,2022-08-12,82.2,83.57,81.87,83.55,83.55,15058200,Energy,80.98599999999999,80.565,79.8605,79.9518,80.59851351777203,79.72537029501153,0.873143222760504,0.5288331784745516,82.83,18797900.0,77.86,17408000.0,85.33,29825800.0,59.81012658227849,7.307988697662471,-2.086018985116611,0.008692502716407091,0.023658889754319092
XOM,2022-08-15,80.47,82.42,79.69,82.06,82.06,20755200,Energy,81.73800000000001,80.454,80.174,79.8734,80.82335759196094,79.89830582871438,0.9250517632465574,0.6080768954289528,83.55,15058200.0,78.3,14458500.0,83.17,20793200.0,56.78111587982833,4.802043422733093,-1.3346158470602387,-0.01783363255535597,0.02294208669747234
XOM,2022-08-16,81.8,82.57,81.14,81.29,81.29,14038200,Energy,82.046,80.30199999999999,80.35350000000001,79.7546,80.89514873165926,80.00139428584666,0.8937544458126041,0.6652124055056831,82.06,20755200.0,79.75,19083400.0,82.81,16722500.0,51.52057245080503,1.93103448275862,-1.8355271102523774,-0.009383378016085797,0.023076337480502352
XOM,2022-08-17,81.13,82.85,80.81,81.95,81.95,13678000,Energy,82.33600000000001,80.484,80.523,79.6534,81.05743354217321,80.14573544985802,0.9116980923151914,0.7145095428675847,81.29,14038200.0,80.5,18302000.0,80.13,23580800.0,50.905797101449295,1.801242236024847,2.2713091226756577,0.008119079837618282,0.020487324751447704
XOM,2022-08-18,82.8,84.72,82.74,83.89,83.89,17770400,Energy,82.548,81.19800000000001,80.855,79.5112,81.49321299722348,80.42308837949817,1.0701246177253125,0.7856325578391303,81.95,13678000.0,82.83,18797900.0,76.75,31821500.0,46.44268774703557,1.279729566582155,9.302931596091213,0.023672971323978054,0.014156819202109509
XOM,2022-08-19,83.69,84.62,83.37,83.62,83.62,16128600,Energy,82.56200000000001,81.774,81.203,79.3422,81.82041099765064,80.6598966476835,1.1605143499671442,0.8606089162647332,83.89,17770400.0,83.55,15058200.0,77.86,17408000.0,51.22615803814715,0.08378216636746316,7.39789365527872,-0.003218500417212944,0.014502138332864815
XOM,2022-08-22,83.04,83.99,81.65,83.56,83.56,16019900,Energy,82.862,82.3,81.4205,79.2118,82.08804007493517,80.87471911822547,1.213320956709694,0.9311513243537255,83.62,16128600.0,82.06,20755200.0,78.3,14458500.0,52.07756232686981,1.82793078235437,6.717752234993624,-0.0007175316909830975,0.014718707031107042
XOM,2022-08-23,84.93,87.47,84.84,87.11,87.11,23764700,Energy,84.026,83.036,81.83099999999999,79.18520000000001,82.86064929417591,81.3365917761347,1.524057518041218,1.049732563091224,83.56,16019900.0,81.29,14038200.0,79.75,19083400.0,68.44608879492604,7.159552220445309,9.228840125391846,0.04248444231689796,0.018369712584190078
XOM,2022-08-24,87.12,87.97,86.54,87.62,87.62,17050300,Energy,85.16,83.748,82.1815,79.25,83.59285709507193,81.80202942234695,1.790827672724987,1.1979515850179767,87.11,23764700.0,81.95,13678000.0,80.5,18302000.0,83.8629283489097,6.918852959121424,8.844720496894421,0.005854666513603446,0.01839566177111468
XOM,2022-08-25,87.93,88.76,87.2,88.08,88.08,15305700,Energy,85.998,84.273,82.50800000000001,79.3196,84.28318677275318,82.26706427995087,2.0161224928023103,1.3615857665748434,87.62,17050300.0,83.89,17770400.0,82.83,18797900.0,83.18181818181823,4.9946358326379725,6.338283230713504,0.005249942935402707,0.016963082782520827
XOM,2022-08-26,87.79,88.81,86.59,86.99,86.99,15531400,Energy,86.672,84.61699999999999,82.591,79.3888,84.69961957694501,82.61691137032489,2.0827082066201257,1.5058102545839,88.08,15305700.0,83.62,16128600.0,83.55,15058200.0,77.0716510903427,4.030136331021272,4.117295032914425,-0.012375113533151683,0.017913471772096116
XOM,2022-08-29,87.27,90.27,87.23,88.99,88.99,23059200,Energy,87.758,85.31,82.882,79.5596,85.35967810356885,83.08899200956009,2.2706860940087665,1.6587854224688736,86.99,15531400.0,83.56,16019900.0,82.06,20755200.0,77.83132530120483,6.498324557204405,8.445040214477206,0.02299114840786287,0.016964646057911575
XOM,2022-08-30,87.43,87.66,85.17,85.61,85.61,17086800,Energy,87.458,85.74199999999999,83.022,79.7556,85.39818916455826,83.27573334218526,2.1224558223729986,1.7515195024496986,88.99,23059200.0,87.11,23764700.0,81.29,14038200.0,63.28653146125846,-1.7219607392951475,5.314306802804758,-0.037981795707382804,0.021949096295069477
XOM,2022-08-31,83.58,86.08,83.19,84.97,84.97,18340900,Energy,86.928,86.04400000000001,83.264,79.84440000000001,85.33231390847237,83.40123457609747,1.9310793323749067,1.7874314684347403,85.61,17086800.0,87.62,17050300.0,81.95,13678000.0,56.10034207525656,-3.0244236475690522,3.6851738865161687,-0.007475762177315715,0.02228648012089347
XOM,2022-09-01,83.93,84.5,82.03,83.44,83.44,16423000,Energy,86.0,85.999,83.5985,79.9664,85.04118869178431,83.40410608897913,1.6370826028051795,1.7573616953088282,84.97,18340900.0,88.08,15305700.0,83.89,17770400.0,49.70027247956403,-5.267938237965486,-0.5364167362021721,-0.0180063551841827,0.022063264432393665
XOM,2022-09-02,85.64,86.03,84.54,84.97,84.97,18206800,Energy,85.59599999999999,86.13399999999999,83.95400000000001,80.1656,85.03023658535595,83.52009823053623,1.5101383548197163,1.707917027211006,83.44,16423000.0,86.99,15531400.0,83.62,16128600.0,57.91190864600326,-2.3221059891941565,1.6144463047117918,0.018336529242569455,0.022789542972821233
XOM,2022-09-06,85.47,85.85,84.01,84.4,84.4,19201500,Energy,84.678,86.21799999999999,84.25899999999999,80.3236,84.9332771106858,83.5852761393854,1.3480009713003938,1.6359338160288837,84.97,18206800.0,88.99,23059200.0,83.56,16019900.0,58.548653106102265,-5.157882908191924,1.0052656773575919,-0.006708249970577729,0.022942353938448103
XOM,2022-09-07,82.83,84.08,82.04,83.68,83.68,16274700,Energy,84.292,85.875,84.4555,80.4298,84.74046524750337,83.59229272165314,1.148172525850228,1.5383815579931528,84.4,19201500.0,85.61,17086800.0,87.11,23764700.0,54.73972602739727,-2.2544095315967683,-3.937550223854891,-0.008530805687203769,0.017860452379600416
XOM,2022-09-08,84.14,84.81,83.3,84.36,84.36,18759200,Energy,84.16999999999999,85.549,84.64849999999998,80.506,84.68193213250285,83.64915992745661,1.0327722050462427,1.4372596874037709,83.68,16274700.0,84.97,18340900.0,87.62,17050300.0,51.38316656856975,-0.7179004354478047,-3.7206117324811716,0.008126195028680616,0.018011603603892735
XOM,2022-09-09,85.79,86.22,84.73,85.77,85.77,17158000,Energy,84.636,85.31800000000001,84.7955,80.67,84.84932718904086,83.80625919208946,1.0430679969514074,1.3584213493132984,84.36,18759200.0,83.44,16423000.0,88.08,15305700.0,55.929398786541626,2.7924256951102677,-2.6226158038147207,0.016714082503556105,0.018978984625875384
XOM,2022-09-12,86.8,88.17,86.11,86.76,86.76,16118900,Energy,84.994,85.295,84.956,80.8974,85.14327685226534,84.02505480749024,1.1182220447751092,1.3103814884056606,85.77,17158000.0,84.97,18206800.0,86.99,15531400.0,58.39454354669466,2.1066258679534045,-0.26439820669040826,0.011542497376705319,0.019101644669915794
XOM,2022-09-13,85.87,86.91,84.36,84.73,84.73,18229100,Energy,85.06000000000002,84.869,85.08950000000002,81.05059999999999,85.07969579807067,84.07727296989836,1.002422828172314,1.2487897563589914,86.76,16118900.0,84.4,19201500.0,88.99,23059200.0,43.21550741163056,0.390995260663507,-4.787054725250018,-0.023397879207007866,0.018494205542550726
XOM,2022-09-14,85.5,87.61,85.46,86.81,86.81,22655700,Energy,85.68599999999999,84.989,85.3655,81.2936,85.34589644452134,84.27969719435033,1.0661992501710102,1.2122716551213952,84.73,18229100.0,83.68,16274700.0,85.61,17086800.0,47.88069073783358,3.7404397705544934,1.4017054082467117,0.02454856603328226,0.01646507562336499
XOM,2022-09-15,85.53,85.81,83.6,84.29,84.29,21092300,Energy,85.672,84.921,85.4825,81.5132,85.1834508376719,84.28046036513919,0.9029904725327071,1.1504154186036577,86.81,22655700.0,84.36,18759200.0,84.97,18340900.0,41.04865375531414,-0.08297771455665348,-0.8002824526303298,-0.029028913719617466,0.018989840467547394
XOM,2022-09-16,84.5,84.74,81.77,82.85,82.85,37874700,Energy,85.08800000000001,84.86200000000001,85.4305,81.6572,84.824458401107,84.17450033809185,0.6499580630151485,1.0503239474859558,84.29,21092300.0,85.77,17158000.0,83.44,16423000.0,40.381040892193305,-3.4044537717150547,-0.707094918504314,-0.01708387709099546,0.018898127106469993
XOM,2022-09-19,80.89,83.1,80.89,82.84,82.84,15342100,Energy,84.304,84.649,85.39150000000001,81.7984,84.519157108629,84.07564846119615,0.44350864743285,0.9289608874753348,82.85,37874700.0,86.76,16118900.0,84.97,18206800.0,34.25499231950846,-4.518211157215313,-2.5067670942685583,-0.00012070006034992087,0.0177129464043753
XOM,2022-09-20,82.42,82.6,81.45,82.17,82.17,14712500,Energy,83.792,84.42600000000002,85.32199999999999,81.934,84.15774832268607,83.93448931592238,0.2232590067636977,0.7878205113330073,82.84,15342100.0,84.73,18229100.0,84.4,19201500.0,39.77407847800238,-3.0213619733270414,-2.642180094786739,-0.008087880251086421,0.017755605271393256
XOM,2022-09-21,83.17,83.45,80.77,80.84,80.84,17332400,Energy,82.598,84.142,85.0085,82.06299999999999,83.6473255038113,83.7052678851133,-0.05794238130199858,0.6186679328060062,82.17,14712500.0,86.81,22655700.0,83.68,16274700.0,38.20673900628213,-6.877087893099876,-3.393881453154879,-0.01618595594499206,0.018202381849545708
XOM,2022-09-22,81.95,82.36,80.46,80.5,80.5,16139400,Energy,81.84,83.756,84.6525,82.1794,83.16312158014803,83.46784063436417,-0.304719054216136,0.4339905354015778,80.84,17332400.0,84.29,21092300.0,84.36,18759200.0,40.992647058823536,-4.4963815399217015,-4.575628259838782,-0.004205838693716046,0.017754684856004895
XOM,2022-09-23,77.77,77.77,75.42,76.22,76.22,27738800,Energy,80.514,82.801,84.0595,82.24,82.09494902935603,82.93096355033718,-0.836014520981152,0.17998952412503183,80.5,16139400.0,82.85,37874700.0,85.77,17158000.0,27.0582066072365,-8.002414001206992,-11.134429287629699,-0.05316770186335407,0.021763745807695155
XOM,2022-09-26,75.46,76.64,74.57,74.65,74.65,22043400,Energy,78.876,81.59,83.4425,82.2446,80.94957225560894,82.31755884290479,-1.3679865872958459,-0.12960569815914375,76.22,27738800.0,82.84,15342100.0,86.76,16118900.0,25.710014947683106,-9.88652824722356,-13.958045182111567,-0.020598268171083567,0.020303962787342887
XOM,2022-09-27,76.09,77.29,75.38,76.21,76.21,17307300,Energy,77.684,80.738,82.8035,82.25300000000001,80.22040729320757,81.86514707676369,-1.644739783556119,-0.43263251523853885,74.65,22043400.0,82.17,14712500.0,84.73,18229100.0,32.13773314203726,-7.253255446026541,-10.055470317479065,0.02089752176825166,0.022872812823596295
XOM,2022-09-28,76.55,79.37,76.37,78.98,78.98,19543300,Energy,77.31200000000001,79.95500000000001,82.47200000000001,82.27860000000001,80.02957540194487,81.6514324784849,-1.6218570765400386,-0.6704774274988388,76.21,17307300.0,80.84,17332400.0,86.81,22655700.0,38.30434782608697,-2.300841167738743,-9.019698191452596,0.03634693609762518,0.025069153289259766
XOM,2022-09-29,78.38,79.43,77.45,78.82,78.82,17896000,Energy,76.976,79.40799999999999,82.1645,82.28379999999999,79.84348687856873,81.44169673933787,-1.5982098607691455,-0.8560239141529002,78.98,19543300.0,80.5,16139400.0,84.29,21092300.0,34.022988505747136,-2.086956521739136,-6.489500533871173,-0.0020258293238796243,0.024123283030145295
XOM,2022-09-30,78.37,79.14,77.61,77.61,77.61,21357600,Energy,77.25399999999999,78.884,81.873,82.291,79.49987351263508,81.15786735123876,-1.6579938386036872,-1.0164178990430577,78.82,17896000.0,76.22,27738800.0,82.85,37874700.0,29.176149294492475,1.8236683285226984,-6.324683162341572,-0.015351433646282553,0.024044306557574707
XOM,2022-10-03,80.03,82.09,79.75,81.7,81.7,23881300,Energy,78.66400000000002,78.77000000000001,81.7095,82.3918,79.83835451069122,81.19802532522108,-1.3596708145298635,-1.0850684821404188,77.61,21357600.0,74.65,22043400.0,82.84,15342100.0,43.69538077403246,9.444072337575339,-1.3761467889908285,0.05269939440793725,0.030480623476021394
XOM,2022-10-04,82.88,84.76,82.41,84.68,84.68,22133700,Energy,80.35799999999999,79.02099999999999,81.7235,82.50120000000001,80.58322304750796,81.4559493752047,-0.8727263276967392,-1.0426000512516829,81.7,23881300.0,76.21,17307300.0,82.17,14712500.0,45.728038507821914,11.114027030573425,3.054642813678954,0.03647490820073451,0.03251376070873764
XOM,2022-10-05,85.11,88.88,85.03,88.1,88.1,34857700,Energy,82.18199999999999,79.747,81.9445,82.68520000000001,81.73965027096827,81.94810127333767,-0.20845100236940084,-0.8757702414752265,84.68,22133700.0,78.98,19543300.0,80.84,17332400.0,57.3751451800232,11.547227146112938,8.98070262246411,0.04038734057628712,0.03361332818924762
XOM,2022-10-06,87.53,90.82,87.4,90.72,90.72,29124700,Energy,84.56200000000001,80.769,82.26250000000002,82.8874,83.12124253697314,82.59787154938672,0.5233709875864179,-0.5959419956628977,88.1,34857700.0,78.82,17896000.0,80.5,16139400.0,64.56867826730841,15.097690941385444,12.695652173913041,0.029738933030647008,0.0338284810917476
XOM,2022-10-07,90.83,91.84,89.05,89.8,89.8,24507600,Energy,87.0,82.127,82.464,83.05239999999999,84.14874368513112,83.13136254572844,1.017381139402687,-0.2732773686497808,90.72,29124700.0,77.61,21357600.0,76.22,27738800.0,62.46418338108881,15.706738822316701,17.81684597218578,-0.010141093474426821,0.026480770196950748
XOM,2022-10-10,90.21,90.69,87.75,87.85,87.85,16786100,Energy,88.22999999999999,83.447,82.51849999999999,83.1028,84.71816773357249,83.48089124604485,1.2372764875276374,0.028833402585702855,89.8,24507600.0,81.7,23881300.0,74.65,22043400.0,59.72602739726026,7.527539779681747,17.682518419290005,-0.02171492204899783,0.02665795786062035
XOM,2022-10-11,86.41,88.67,86.0,87.11,87.11,17804100,Energy,88.71600000000001,84.537,82.6375,83.1816,85.08614192840749,83.74971411670819,1.336427811699295,0.2903522844084213,87.85,16786100.0,84.68,22133700.0,76.21,17307300.0,60.95770709542117,2.869626830420402,14.302584962603348,-0.008423449060899202,0.027739352755549798
XOM,2022-10-12,86.66,87.92,86.42,87.49,87.49,12635800,Energy,88.594,85.388,82.6715,83.2752,85.45596624711402,84.02677233028537,1.4291939168286518,0.5181206108924674,87.11,17804100.0,88.1,34857700.0,78.98,19543300.0,62.19895287958115,-0.6923950056753725,10.77487971638389,0.00436230053954767,0.026674145669921972
XOM,2022-10-13,86.71,91.06,86.57,90.55,90.55,22019100,Energy,88.56,86.561,82.9845,83.48360000000001,86.23966374755801,84.50997437989385,1.7296893676641645,0.7604343622468068,87.49,12635800.0,90.72,29124700.0,78.82,17896000.0,76.12103536274152,-0.18738977072310092,14.882009642222794,0.034975425762944434,0.0272873300810356
XOM,2022-10-14,89.88,90.88,88.03,88.17,88.17,15222000,Energy,88.23400000000001,87.617,83.2505,83.712,86.53663855562601,84.78108738879061,1.755551166835403,0.959457723164526,90.55,22019100.0,89.8,24507600.0,77.61,21357600.0,73.93767705382436,-1.8151447661469922,13.606494008504066,-0.026283821093318505,0.02878519863401215
XOM,2022-10-17,89.84,90.64,89.33,89.44,89.44,14283200,Energy,88.55199999999999,88.39099999999999,83.5805,83.9436,86.98330954706817,85.12619202665798,1.857117520410199,1.1389896826136607,88.17,15222000.0,87.85,16786100.0,81.7,23881300.0,73.66726296958855,1.8099032441661889,9.4736842105263,0.014403992287626233,0.02528165158126711
XOM,2022-10-18,90.25,90.97,88.2,89.6,89.6,14065400,Energy,89.04999999999998,88.88300000000001,83.952,84.1696,87.38587730905769,85.4575852098685,1.9282920991891928,1.2968501659287672,89.44,14283200.0,87.11,17804100.0,84.68,22133700.0,70.95501183898973,2.858454827229928,5.810108644307976,0.0017889087656528524,0.023465091100917133
XOM,2022-10-19,90.0,92.43,89.98,92.25,92.25,20921700,Energy,90.002,89.298,84.5225,84.4196,88.13420387689497,85.96072704617453,2.173476830720446,1.4721754988871032,89.6,14065400.0,87.49,12635800.0,88.1,34857700.0,74.12863816025875,5.4406217853469,4.710556186152104,0.029575892857143016,0.021896675113158202
XOM,2022-10-20,92.73,93.33,91.92,92.38,92.38,17649000,Energy,90.368,89.464,85.1165,84.65720000000002,88.78740328044958,86.43622874645789,2.3511745339916956,1.6479753059080218,92.25,20921700.0,90.55,22019100.0,90.72,29124700.0,77.60747663551402,2.0209828823854137,1.8298059964726665,0.001409214092140898,0.020072280293203664
XOM,2022-10-21,92.84,94.57,92.36,94.09,94.09,22814100,Energy,91.55199999999999,89.893,86.00999999999999,84.8824,89.60318739114965,87.00317476523878,2.600012625910864,1.8383827699085904,92.38,17649000.0,88.17,15222000.0,89.8,24507600.0,75.42059909725073,6.71430191675173,4.777282850779518,0.018510500108248618,0.020191966201183825
XOM,2022-10-24,93.92,95.71,93.44,94.75,94.75,17024200,Energy,92.614,90.583,87.015,85.1064,90.39500471558816,87.57701367151739,2.817991044070766,2.0343044247410256,94.09,22814100.0,89.44,14283200.0,87.85,16786100.0,72.83446712018142,5.93694096601074,7.8542970973249915,0.007014560527154767,0.017904976334193946
XOM,2022-10-25,94.58,95.4,93.39,94.11,94.11,15719800,Energy,93.516,91.28299999999999,87.91,85.3474,90.96654245165152,88.06093858473832,2.9056038669131965,2.2085643131754598,94.75,17024200.0,89.6,14065400.0,87.11,17804100.0,65.59418785677221,5.033482142857149,8.035816783377348,-0.0067546174142479876,0.017744714810879907
XOM,2022-10-26,94.45,95.85,94.22,95.23,95.23,17383800,Energy,94.112,92.05699999999999,88.7225,85.62619999999998,91.62245899755128,88.591980171054,3.030478826497273,2.3729472158398224,94.11,15719800.0,92.25,20921700.0,87.49,12635800.0,62.68992684299383,3.230352303523043,8.846725340038875,0.011900966953565018,0.017737843569810778
XOM,2022-10-27,96.36,97.4,95.48,95.6,95.6,18214000,Energy,94.756,92.562,89.5615,85.89920000000001,92.23438838254339,89.11109275097593,3.1232956315674585,2.5230168989853494,95.23,17383800.0,92.38,17649000.0,90.55,22019100.0,66.84088269454125,3.4856029443602443,5.577029265599109,0.003885330253071473,0.015147238705912678
XOM,2022-10-28,97.29,98.85,96.1,98.4,98.4,28169400,Energy,95.618,93.58500000000001,90.601,86.1894,93.18294401599825,89.79915995460735,3.383784061390898,2.6951703314664592,95.6,18214000.0,94.09,22814100.0,88.17,15222000.0,79.19203099059219,4.580720586672338,11.602585913576057,0.029288702928870425,0.012049888384902358
XOM,2022-10-31,97.33,100.36,97.28,98.49,98.49,26401800,Energy,96.366,94.49,91.4405,86.48679999999999,93.99941416738312,90.44292588389568,3.5564882834874396,2.8674339218706555,98.4,28169400.0,94.75,17024200.0,89.44,14283200.0,82.66360505166476,3.9472295514511924,10.11851520572451,0.0009146341463412977,0.012389469515071342
XOM,2022-11-01,99.88,100.06,98.35,99.47,99.47,22213100,Energy,97.43800000000002,95.477,92.18,86.805,94.8410427570165,91.11159804064415,3.729444716372342,3.0398360807709928,98.49,26401800.0,94.11,15719800.0,89.6,14065400.0,83.24084350721422,5.695462756348957,11.015624999999996,0.00995024875621886,0.012071248317082249
XOM,2022-11-02,99.18,99.64,97.16,97.43,97.43,20654200,Energy,97.878,95.99499999999999,92.64649999999999,87.0114,95.23934387132165,91.57962781541124,3.6597160559104083,3.163812075798876,99.47,22213100.0,95.23,17383800.0,92.25,20921700.0,70.2352941176471,2.310196366691164,5.615176151761525,-0.020508696089273082,0.013602305198989246
XOM,2022-11-03,96.51,99.39,96.27,98.75,98.75,17103700,Energy,98.508,96.63199999999999,93.04799999999999,87.234,95.77944481419524,92.11076649575115,3.668678318444094,3.26478532432792,97.43,20654200.0,95.6,18214000.0,92.38,17649000.0,83.1869510664994,3.2949790794979172,6.895431911669192,0.013548188442984666,0.013731653190157575
XOM,2022-11-04,100.44,100.89,98.49,99.83,99.83,17541500,Energy,98.79400000000001,97.206,93.5495,87.469,96.4026071504729,92.68256157013995,3.7200455803329504,3.3558373755289264,98.75,17103700.0,98.4,28169400.0,94.09,22814100.0,82.98412698412702,1.4532520325203135,6.100542034222545,0.010936708860759481,0.013211468274530336
XOM,2022-11-07,99.92,101.32,99.67,101.01,101.01,16008000,Energy,99.298,97.832,94.20750000000001,87.74940000000001,97.11143681963092,93.29940886124069,3.8120279583902317,3.4470754921011877,99.83,17541500.0,98.49,26401800.0,94.75,17024200.0,84.01908169350034,2.55863539445631,6.606860158311356,0.011820094160072125,0.013338547781417576
XOM,2022-11-08,100.87,101.92,100.09,101.33,101.33,14661000,Energy,99.66999999999999,98.554,94.9185,87.9962,97.7604465396877,93.89426746411175,3.866179075575957,3.530896208796142,101.01,16008000.0,99.47,22213100.0,94.11,15719800.0,81.44044321329643,1.8699105257866666,7.671873339708846,0.0031680031680030307,0.012591265866404253
XOM,2022-11-09,100.53,100.69,96.5,96.8,96.8,19522800,Energy,99.544,98.711,95.384,88.22,97.61268553358191,94.10950691121458,3.5031786223673294,3.5253526915103794,101.33,14661000.0,97.43,20654200.0,95.23,17383800.0,61.7303609341826,-0.6466180847788272,1.6486401344114165,-0.04470541794137961,0.020578802117769995
XOM,2022-11-10,97.94,98.4,95.61,98.22,98.22,20146700,Energy,99.43800000000002,98.973,95.7675,88.485,97.70611852841547,94.41398788075425,3.2921306476612244,3.4787082827405484,96.8,19522800.0,98.75,17103700.0,95.6,18214000.0,61.132075471698116,-0.5367088607594939,2.7405857740585793,0.014669421487603307,0.02097719746370445
XOM,2022-11-11,100.07,101.77,99.99,101.29,101.29,20518900,Energy,99.72999999999999,99.262,96.4235,88.84199999999998,98.25748490865925,94.9233221118095,3.3341627968497534,3.4497991855623895,98.22,20146700.0,99.83,17541500.0,98.4,28169400.0,65.60114503816796,1.4624862265852023,2.9369918699186925,0.031256363266137344,0.0212594701043281
XOM,2022-11-14,100.92,102.72,100.79,101.58,101.58,20858300,Energy,99.84400000000001,99.571,97.0305,89.1742,98.76864107655783,95.41640936278657,3.3522317137712605,3.430285691204164,101.29,20518900.0,101.01,16008000.0,98.49,26401800.0,68.1222707423581,0.5643005643005683,3.1373743527261633,0.002863066442886586,0.021246089806312575
XOM,2022-11-15,101.97,102.62,101.13,102.26,102.26,19373800,Energy,100.03,99.85,97.66350000000001,89.53139999999999,99.30577321862586,95.92334200258016,3.3824312160457026,3.420714796172472,101.58,20858300.0,101.33,14661000.0,99.47,22213100.0,67.42687159147249,0.9177933484654233,2.80486578868,0.006694231147863716,0.021157610936728338
XOM,2022-11-16,101.64,102.38,100.23,101.17,101.17,13591000,Energy,100.904,100.224,98.1095,89.88119999999999,99.59257733883726,96.31198333572237,3.280594003114885,3.392690637560955,102.26,19373800.0,96.8,19522800.0,97.43,20654200.0,63.331737673528025,4.514462809917363,3.8386533921789923,-0.010659104244083784,0.02014811738617615
XOM,2022-11-17,99.72,101.43,99.23,101.3,101.3,12425900,Energy,101.52,100.47900000000001,98.55550000000001,90.22,99.85525774824691,96.6814660515948,3.173791696652117,3.348910849379188,101.17,13591000.0,98.22,20146700.0,98.75,17103700.0,57.95828759604828,3.1358175524333065,2.5822784810126453,0.0012849658989819712,0.01987092454896349
XOM,2022-11-18,99.37,100.78,98.21,100.42,100.42,15415000,Energy,101.346,100.538,98.872,90.513,99.94214117159353,96.95839449221741,2.983746679376125,3.2758780153785754,101.3,12425900.0,101.29,20518900.0,99.83,17541500.0,55.07627564439771,-0.8589199328660313,0.5910047080036174,-0.008687068114511254,0.019939586785929865
XOM,2022-11-21,98.55,99.64,96.3,99.43,99.43,20973000,Energy,100.916,100.38000000000001,99.10600000000001,90.76639999999999,99.8633502221176,97.14147638168278,2.7218738404348244,3.1650771803898254,100.42,15415000.0,101.58,20858300.0,101.01,16008000.0,49.89484752891695,-2.116558377633382,-1.5642015642015616,-0.009858593905596402,0.019782623455513577
XOM,2022-11-22,100.54,102.57,99.84,102.31,102.31,17719100,Energy,100.926,100.478,99.51599999999999,91.118,100.23975788025336,97.5243299830396,2.7154278972137575,3.0751473237546123,99.43,20973000.0,102.26,19373800.0,101.33,14661000.0,62.286002014098685,0.048894973596702584,0.9671370768775223,0.028965101076133815,0.02200166645619732
XOM,2022-11-23,100.64,102.1,100.44,101.8,101.8,11546700,Energy,101.052,100.978,99.8445,91.4178,100.47979512944517,97.84104628059224,2.638748848852927,2.9878676287742754,102.31,17719100.0,101.17,13591000.0,96.8,19522800.0,58.00524934383201,0.6227142433527622,5.165289256198347,-0.0049848499657902945,0.015388447859021756
XOM,2022-11-25,102.04,102.69,101.3,101.44,101.44,7136000,Energy,101.08000000000001,101.3,100.1365,91.7608,100.62751895568437,98.10763544499281,2.5198835106915567,2.8942708051577317,101.8,11546700.0,101.3,12425900.0,98.22,20146700.0,54.39170758319695,0.13820335636722803,3.278354713907561,-0.0035363457760314576,0.015213611155674054
XOM,2022-11-28,99.15,99.87,98.22,98.39,98.39,23015500,Energy,100.674,101.01,100.136,92.0716,100.28328527019447,98.12855133795631,2.154733932238159,2.7463634305738176,101.44,7136000.0,100.42,15415000.0,101.29,20518900.0,43.514851485148505,-2.0215096594303983,-2.8630664428867636,-0.030067034700315465,0.015066420031190821
XOM,2022-11-29,99.11,100.17,98.37,99.05,99.05,14453200,Energy,100.598,100.75699999999999,100.164,92.3958,100.09354907477993,98.19680679440398,1.8967422803759462,2.5764392005342436,98.39,23015500.0,99.43,20973000.0,101.58,20858300.0,44.44985394352482,-0.382178416976775,-2.4906477653081294,0.006707998780363766,0.015274581038516004
XOM,2022-11-30,99.94,100.26,98.36,99.76,99.76,23158100,Energy,100.088,100.507,100.1785,92.74759999999998,100.0422338325061,98.31259888370738,1.7296349487987186,2.4070783501871387,99.05,14453200.0,102.31,17719100.0,102.26,19373800.0,58.85167464114836,-2.492424982895125,-2.4447486798357176,0.007168096920747269,0.015306678830282909
XOM,2022-12-01,100.03,100.42,98.72,99.28,99.28,14398300,Energy,99.58399999999999,100.31800000000001,100.271,93.11640000000001,99.92496708904362,98.38425822565499,1.5407088633886303,2.233804452827437,99.76,23158100.0,101.8,11546700.0,101.17,13591000.0,53.35868187579215,-2.475442043221998,-1.8681427300583198,-0.004811547714514863,0.015064466940011982
XOM,2022-12-02,98.12,100.09,97.84,98.44,98.44,15248400,Energy,98.984,100.032,100.25550000000001,93.4752,99.69651061380614,98.38838724597683,1.3081233678293103,2.0486682358278117,99.28,14398300.0,101.44,7136000.0,101.3,12425900.0,39.4833948339483,-2.9574132492113603,-2.8232971372161852,-0.008460918614020985,0.015158966299750776
XOM,2022-12-05,99.19,99.78,94.92,95.74,95.74,19287700,Energy,98.454,99.564,100.051,93.8656,99.08781667322057,98.19221041294152,0.8956062602790524,1.81805584071806,98.44,15248400.0,98.39,23015500.0,100.42,15415000.0,31.70426065162907,-2.693363146661254,-4.660426209918345,-0.02742787484762299,0.017018065699100887
XOM,2022-12-06,94.89,95.91,92.42,93.08,93.08,21197000,Energy,97.25999999999999,98.929,99.6545,94.2342,98.1635371850328,97.81352816013103,0.350009024901766,1.5244464775548014,95.74,19287700.0,99.05,14453200.0,99.43,20973000.0,24.414715719063523,-6.027258960121151,-6.386402494217047,-0.027783580530603702,0.018508644304505408
XOM,2022-12-07,92.99,93.95,91.72,92.87,92.87,20061700,Energy,95.88199999999999,97.985,99.23150000000001,94.56739999999999,97.3491468488739,97.4473408890102,-0.09819404013630617,1.1999183740165802,93.08,21197000.0,99.76,23158100.0,102.31,17719100.0,25.67409144196951,-6.906575781876501,-9.226859544521549,-0.0022561237645035703,0.013947090226495169
XOM,2022-12-08,95.23,95.69,92.93,93.56,93.56,21128800,Energy,94.73800000000001,97.16099999999999,99.0695,94.859,96.76620117981638,97.15938971204649,-0.39318853223011274,0.8812969927672417,92.87,20061700.0,99.28,14398300.0,101.8,11546700.0,28.036322360953463,-5.761482675261886,-8.0943025540275,0.0074297404974694725,0.014916925459011694
XOM,2022-12-09,93.71,94.93,92.56,92.77,92.77,21298200,Energy,93.604,96.29400000000001,98.797,95.138,96.15140099830616,96.83424973337637,-0.682848735070209,0.5684678471997516,93.56,21128800.0,98.44,15248400.0,101.44,7136000.0,28.180262407301754,-5.759853718000818,-8.546924290220826,-0.008443779392902973,0.014823086621834503
XOM,2022-12-12,93.03,95.19,92.82,95.06,95.06,20413200,Energy,93.468,95.961,98.4855,95.487,95.9834931524129,96.70282382720035,-0.7193306747874431,0.3109081428023127,92.77,21298200.0,95.74,19287700.0,98.39,23015500.0,38.39617631439192,-0.7102569458951269,-3.3844902937290366,0.024684704106931132,0.016145437655078324
XOM,2022-12-13,96.59,97.25,95.89,96.1,96.1,24305300,Energy,94.07199999999999,95.666,98.2115,95.775,96.0014172828109,96.65817021037068,-0.6567529275597792,0.11737592872989433,95.06,20413200.0,93.08,21197000.0,99.05,14453200.0,31.724543849323112,3.2445208422861915,-2.978293791014641,0.010940458657689778,0.016489320715832905
XOM,2022-12-14,96.76,97.04,94.75,95.39,95.39,17597300,Energy,94.576,95.229,97.868,95.9892,95.90735308545538,96.56423167626915,-0.6568785908137613,-0.037474975178836786,96.1,24305300.0,92.87,20061700.0,99.76,23158100.0,31.355439208842355,2.7134704425541,-4.380513231756222,-0.007388137356919788,0.01614098211848764
XOM,2022-12-15,94.38,95.13,92.92,94.48,94.48,15365100,Energy,94.75999999999999,94.749,97.5335,96.1168,95.68776030307762,96.40984414469366,-0.7220838416160404,-0.17439674846627753,95.39,17597300.0,93.56,21128800.0,99.28,14398300.0,30.38331454340475,0.9833262077810989,-4.834810636583398,-0.009539784044449107,0.016224983520766074
XOM,2022-12-16,92.91,94.6,92.41,93.81,93.81,54596600,Energy,94.96799999999999,94.286,97.15899999999999,96.1786,95.39887410260414,96.21726309693858,-0.8183889943344411,-0.30319519763991026,94.48,15365100.0,92.77,21298200.0,98.44,15248400.0,35.09114583333334,1.1210520642449096,-4.703372612759038,-0.007091447925486882,0.01619663497521726
XOM,2022-12-19,94.31,95.16,93.53,94.23,94.23,13611100,Energy,94.80199999999999,94.135,96.8495,96.26719999999999,95.21904731758812,96.07005842309128,-0.8510111055031615,-0.41275837921256053,93.81,54596600.0,95.06,20413200.0,95.74,19287700.0,34.060846560846585,-0.873132758257944,-1.5771882180906527,0.004477134633834368,0.014244129547995357
XOM,2022-12-20,94.23,96.33,94.14,95.6,95.6,14680000,Energy,94.702,94.387,96.658,96.42220000000002,95.27765542257457,96.03523928064007,-0.7575838580655017,-0.48172347498314877,94.23,13611100.0,96.1,24305300.0,93.08,21197000.0,36.81875792141947,-0.5202913631633721,2.707348517404373,0.014538894195054608,0.011609911181321191
XOM,2022-12-21,97.03,97.3,96.02,96.82,96.82,13565400,Energy,94.98800000000001,94.782,96.3835,96.6164,95.51493920371693,96.09336970429636,-0.5784305005794295,-0.5010648801024049,95.6,14680000.0,95.39,17597300.0,92.87,20061700.0,42.554479418886174,1.4991089212705644,4.253257241305031,0.01276150627615058,0.0118611033051589
XOM,2022-12-22,96.67,96.94,93.27,94.87,94.87,13213000,Energy,95.066,94.913,96.037,96.764,95.41571778776049,96.00274972620034,-0.5870319384398499,-0.5182582917698939,96.82,13565400.0,94.48,15365100.0,93.56,21128800.0,39.87521270561543,0.41278577476715483,1.4001710132535372,-0.020140466845692928,0.014040511593485431
XOM,2022-12-23,95.83,97.43,95.78,97.38,97.38,11539400,Energy,95.78,95.374,95.834,96.9006,95.71791505118195,96.10476826500032,-0.38685321381836957,-0.4919772761795891,94.87,13213000.0,93.81,54596600.0,92.77,21298200.0,54.70183486238533,3.8055644387591903,4.969278861700976,0.026457257299462356,0.015555648657900743
XOM,2022-12-27,97.91,98.98,97.51,98.73,98.73,11962100,Energy,96.67999999999999,95.741,95.851,97.11179999999999,96.18131273561549,96.2992298750003,-0.11791713938480086,-0.41716524882063144,97.38,11539400.0,94.23,13611100.0,95.06,20413200.0,67.51394916305027,4.775549188156636,3.860719545550184,0.013863216266173817,0.014362425443886417
XOM,2022-12-28,98.48,98.56,96.68,97.11,97.11,10702100,Energy,96.982,95.842,95.75399999999999,97.26520000000001,96.32418769936695,96.35928692129656,-0.03509922192961312,-0.3407520434424278,98.73,11962100.0,95.6,14680000.0,96.1,24305300.0,62.0866590649943,1.5794979079498006,1.0509885535900265,-0.016408386508660056,0.01543414718306434
XOM,2022-12-29,96.76,98.31,96.76,97.84,97.84,10534000,Energy,97.186,96.087,95.658,97.43,96.55738959177204,96.46896937157089,0.0884202202011437,-0.25491759071371356,97.11,10702100.0,96.82,13565400.0,95.39,17597300.0,62.172923777019356,1.0535013426977935,2.5684033965824637,0.007517248481103911,0.01523611320397757
XOM,2022-12-30,97.32,99.01,97.32,98.83,98.83,11799600,Energy,97.97800000000001,96.522,95.63550000000001,97.5616,96.90702196226864,96.64386052923231,0.26316143303633055,-0.15130178596370475,97.84,10534000.0,94.87,13213000.0,94.48,15365100.0,67.04161979752534,4.1741330241382935,4.604149026248927,0.010118560915780783,0.014749955583512504
XOM,2023-01-03,98.36,98.58,94.52,95.43,95.43,15146200,Energy,97.588,96.684,95.485,97.6226,96.67978781422731,96.55394493447437,0.12584287975293762,-0.09587285282037628,98.83,11799600.0,97.38,11539400.0,93.81,54596600.0,50.97935415563792,-2.0024645717806377,1.7268947873361196,-0.03440250935950617,0.01905686779109642
XOM,2023-01-04,93.9,96.02,93.87,95.71,95.71,18058400,Energy,96.98400000000001,96.83200000000001,95.48349999999999,97.655,96.53058968896157,96.49143049488367,0.039159194077896586,-0.06886644344072171,95.43,15146200.0,98.73,11962100.0,94.23,13611100.0,48.92443463872035,-3.058847361490946,1.5706250663270582,0.002934087813056596,0.019039725631444248
XOM,2023-01-05,95.28,98.52,95.25,97.85,97.85,15946600,Energy,97.13199999999999,97.05699999999999,95.72200000000001,97.71700000000001,96.7335758906598,96.59206527304043,0.14151061761936035,-0.026791031228705298,95.71,18058400.0,97.11,10702100.0,95.6,14680000.0,56.28834355828221,0.7620224487694394,2.3535564853556457,0.02235921011388564,0.01977112356523098
XOM,2023-01-06,98.63,100.34,98.27,99.04,99.04,16348100,Energy,97.37199999999999,97.27900000000001,96.03049999999999,97.81559999999999,97.08841036901983,96.77339377133373,0.31501659768609613,0.04157049455425499,97.85,15946600.0,97.84,10534000.0,96.82,13565400.0,61.491935483870996,1.22649223221587,2.292914687048153,0.01216147164026582,0.019737422520223338
XOM,2023-01-09,100.03,100.03,96.6,97.19,97.19,17964600,Energy,97.044,97.511,96.212,97.8548,97.10403954301678,96.80425349197569,0.2997860510410959,0.09321360585162317,99.04,16348100.0,98.83,11799600.0,94.87,13213000.0,58.03996194100856,-1.6594151573408933,2.445451670707266,-0.018679321486268274,0.019556215121972125
XOM,2023-01-10,98.37,98.86,96.78,98.64,98.64,15104600,Energy,97.68599999999999,97.637,96.5055,97.9156,97.34034115178343,96.94023471479231,0.40010643699112336,0.1545921720795232,97.19,17964600.0,95.43,15146200.0,97.38,11539400.0,60.0,3.363722099968558,1.2939001848429,0.014919230373495296,0.01829119208952743
XOM,2023-01-11,99.45,99.86,97.75,99.79,99.79,16710400,Energy,98.502,97.74300000000001,96.742,97.9434,97.71721174381675,97.15132843962252,0.5658833041942302,0.2368503985024646,98.64,15104600.0,95.71,18058400.0,98.73,11962100.0,59.596885020613854,4.262877442273538,1.073635166616027,0.011658556366585637,0.018137433149903397
XOM,2023-01-12,100.19,101.91,100.12,101.45,101.45,15357300,Energy,99.22200000000001,98.17699999999999,97.0095,98.0026,98.29148686015263,97.46974855520604,0.8217383049465923,0.35382797979129016,99.79,16710400.0,97.85,15946600.0,97.11,10702100.0,60.395150426582866,3.6791006642820756,4.469158686026153,0.01663493336005617,0.01757054606885693
XOM,2023-01-13,101.35,101.69,100.5,101.38,101.38,12011400,Energy,99.69000000000001,98.53099999999999,97.309,98.0408,98.76664272782145,97.75939681037596,1.0072459174454877,0.4845115673221297,101.45,15357300.0,99.04,16348100.0,97.84,10534000.0,65.96370769985283,2.362681744749584,3.6181520850367965,-0.0006899950714638337,0.017606743363817533
XOM,2023-01-17,101.62,102.22,100.95,101.19,101.19,16542200,Energy,100.49000000000001,98.76700000000001,97.64450000000001,98.116,99.13946692354124,98.01351556516293,1.1259513583783018,0.6127995255333641,101.38,12011400.0,97.19,17964600.0,98.83,11799600.0,60.54233536247924,4.115649758205575,2.3879388849539662,-0.0018741369106332062,0.01752934499407353
XOM,2023-01-18,101.48,102.25,98.92,99.11,99.11,16399700,Energy,100.584,99.135,97.90950000000001,98.1232,99.13493355068873,98.09473663441013,1.0401969162786031,0.698279003682412,101.19,16542200.0,98.64,15104600.0,95.43,15146200.0,51.01063829787232,0.47648012976480025,3.8562296971602184,-0.020555390848898125,0.01459080146840665
XOM,2023-01-19,98.62,100.47,98.18,99.74,99.74,12928000,Energy,100.574,99.538,98.185,98.1214,99.2280206967366,98.21660799482419,1.0114127019124197,0.7609057433284135,99.11,16399700.0,99.79,16710400.0,95.71,18058400.0,57.383492419988755,-0.050105220964036246,4.210636297147641,0.0063565735041872795,0.014606101181409207
XOM,2023-01-20,99.78,101.64,99.11,101.56,101.56,16515600,Energy,100.59599999999999,99.909,98.48299999999999,98.1324,99.58678674339251,98.46426666187425,1.1225200815182603,0.8332286109663829,99.74,12928000.0,101.45,15357300.0,97.85,15946600.0,59.84126984126984,0.10842779694431037,3.7915176290240327,0.018247443352717108,0.014087686618223556
XOM,2023-01-23,101.82,102.67,100.93,101.03,101.03,16584400,Energy,100.526,100.10799999999999,98.6935,98.12639999999999,99.80881955210135,98.6543209832169,1.1544985688844491,0.8974826025499962,101.56,16515600.0,101.38,12011400.0,99.04,16348100.0,55.9652928416486,-0.34523574669559354,2.0092891760904674,-0.005218589996061507,0.014015879105919737
XOM,2023-01-24,97.81,102.16,93.96,101.98,101.98,13583000,Energy,100.684,100.587,99.049,98.23,100.14284731331654,98.9006675770527,1.2421797362638358,0.9664220292927642,101.03,16584400.0,101.19,16542200.0,97.19,17964600.0,70.48155096935581,0.780709556280268,4.928490585451195,0.009403147579926774,0.012073038261279348
XOM,2023-01-25,101.46,101.83,99.81,101.44,101.44,11914700,Energy,101.15,100.867,99.252,98.29440000000001,100.34240926511399,99.0887662750488,1.2536429900651882,1.0238662214472491,101.98,13583000.0,99.11,16399700.0,98.64,15104600.0,67.6307692307692,2.350923216627998,2.838605028386043,-0.0052951559129241765,0.011897900742837291
XOM,2023-01-26,102.79,105.53,102.45,105.51,105.51,21019700,Energy,102.304,101.439,99.591,98.37880000000001,101.13742322432722,99.56441321763776,1.573010006689458,1.133694978495691,101.44,11914700.0,99.74,12928000.0,99.79,16710400.0,71.06710671067104,5.785041106877897,5.7320372782843965,0.04012223974763418,0.01667899064698009
XOM,2023-01-27,104.79,105.43,103.39,103.59,103.59,15179200,Energy,102.71,101.653,99.91499999999999,98.41900000000001,101.51474272827689,99.86260483114607,1.6521378971308138,1.2373835622227156,105.51,21019700.0,101.56,16515600.0,101.45,15357300.0,62.030671602326784,1.9988184324537306,2.1094135041892503,-0.018197327267557628,0.017747589790889945
XOM,2023-01-30,103.12,103.48,101.38,101.75,101.75,18672100,Energy,102.854,101.69000000000001,100.11049999999999,98.40880000000001,101.55093615469583,100.00241188069081,1.5485242740050182,1.2996117045791762,103.59,15179200.0,101.03,16584400.0,101.38,12011400.0,62.063492063492056,0.7126596060575974,0.36496350364962904,-0.01776233227145485,0.018846776705604047
XOM,2023-01-31,100.44,104.3,98.95,103.95,103.95,27861800,Energy,103.248,101.966,100.3665,98.46440000000001,101.92002290012724,100.29482581545446,1.6251970846727772,1.3647287805978965,101.75,18672100.0,101.98,13583000.0,101.19,16542200.0,63.511450381679374,1.9317513237889772,2.7275422472576416,0.021621621621621623,0.01994722485626143
XOM,2023-02-01,103.79,105.17,101.55,102.81,102.81,19464900,Energy,103.522,102.336,100.7355,98.49459999999999,102.05694245395381,100.48113501430969,1.575807439644123,1.406944512407142,103.95,27861800.0,101.44,11914700.0,99.11,16399700.0,57.688391038696516,1.350552050473186,3.7332257088084075,-0.010966810966810958,0.018898846820208856
XOM,2023-02-02,102.91,103.1,98.41,99.59,99.59,24562100,Energy,102.33800000000001,102.321,100.9295,98.478,101.67741284565322,100.41512501324972,1.2622878324035014,1.3780131764064139,102.81,19464900.0,105.51,21019700.0,99.74,12928000.0,45.61320754716982,-5.610842574163588,-0.1503910166432587,-0.031319910514541416,0.021862601357066025
XOM,2023-02-03,100.26,102.24,99.96,100.28,100.28,20226600,Energy,101.676,102.19300000000001,101.051,98.495,101.46242625401426,100.40511575300901,1.0573105010052473,1.3138726413261805,99.59,24562100.0,103.59,15179200.0,101.56,16515600.0,47.4793767186068,-3.1952891205714873,-1.2603387160299295,0.006928406466512715,0.0210961228691469
XOM,2023-02-06,100.68,101.33,98.85,100.11,100.11,13855200,Energy,101.348,102.10100000000001,101.1045,98.45100000000001,101.25436067647361,100.3832553268602,0.8711053496134156,1.2253191829836276,100.28,20226600.0,101.75,18672100.0,101.03,16584400.0,47.52293577981652,-1.6117936117936105,-0.9106206077402756,-0.001695253290785792,0.021048477327516028
XOM,2023-02-07,100.7,103.32,100.37,102.97,102.97,16013300,Energy,101.152,102.2,101.39349999999999,98.4744,101.51830518778536,100.57486604338906,0.9434391443962937,1.168943175266161,100.11,13855200.0,103.95,27861800.0,101.98,13583000.0,58.547387068201935,-0.9427609427609451,0.9707785840360694,0.028568574567975125,0.022866298954137887
XOM,2023-02-08,103.09,103.79,102.01,102.07,102.07,18459700,Energy,101.00399999999999,102.263,101.56500000000001,98.48700000000001,101.60318131274146,100.68561670684173,0.9175646058997273,1.1186674613928744,102.97,16013300.0,102.81,19464900.0,101.44,11914700.0,55.09846827133478,-0.7197743410174207,0.6210567823343727,-0.008740409828105311,0.023000601834302636
XOM,2023-02-09,102.7,104.15,102.31,102.46,102.46,17439300,Energy,101.578,101.958,101.6985,98.5684,101.7349995723197,100.81705250633493,0.9179470659847624,1.078523382311252,102.07,18459700.0,99.59,24562100.0,105.51,21019700.0,52.10084033613443,2.8818154433175813,-2.8907212586484765,0.0038209072205348527,0.018548479585263504
XOM,2023-02-10,104.39,107.19,104.08,106.78,106.78,24918600,Energy,102.878,102.277,101.965,98.723,102.51115348427051,101.2587523206805,1.252401163590008,1.1132989385670033,102.46,17439300.0,100.28,20226600.0,103.59,15179200.0,61.40420468068225,6.481850817710422,3.079447823148951,0.04216279523716571,0.022394313641614528
XOM,2023-02-13,106.29,106.71,104.65,106.36,106.36,14536200,Energy,104.128,102.73799999999999,102.214,98.855,103.10328371745968,101.63662251914862,1.4666611983110585,1.1839713905158145,106.78,24918600.0,100.11,13855200.0,101.75,18672100.0,58.8735818476499,6.2431325541904,4.530712530712533,-0.003933320846600474,0.021354625209860825
XOM,2023-02-14,105.65,106.37,104.76,105.12,105.12,12079000,Energy,104.55799999999999,102.85499999999999,102.4105,98.9718,103.41354776092741,101.89465048069316,1.5188972802342562,1.2509565684595028,106.36,14536200.0,102.97,16013300.0,103.95,27861800.0,57.24980299448386,2.0879867922696027,1.1255411255411296,-0.011658518239939797,0.021005289763312937
XOM,2023-02-15,104.48,104.82,103.06,104.8,104.8,13663400,Energy,105.104,103.054,102.69500000000001,99.09899999999999,103.62684810540011,102.10986155619736,1.5169865492027554,1.3041625646081534,105.12,12079000.0,102.07,18459700.0,102.81,19464900.0,48.35876098012018,2.6746350543744635,1.935609376519798,-0.003044140030441511,0.02063668807123801
XOM,2023-02-16,104.11,105.44,103.65,104.49,104.49,11360600,Energy,105.50999999999999,103.54400000000001,102.9325,99.27400000000002,103.75964070456934,102.28616810759014,1.4734725969791924,1.3380245710823613,104.8,13663400.0,102.46,17439300.0,99.59,24562100.0,52.247752247752224,1.9812609798945946,4.92017270810321,-0.00295801526717554,0.017193680547853297
XOM,2023-02-17,103.1,103.1,100.2,100.48,100.48,20758300,Energy,104.25,103.564,102.8785,99.42199999999998,103.25508059617405,102.15237787739828,1.1027027187757739,1.2909602006210439,104.49,11360600.0,106.78,24918600.0,100.28,20226600.0,47.13835060838216,-5.899981269900723,0.1994415636218605,-0.03837687817015978,0.02192970461106841
XOM,2023-02-21,100.05,101.47,100.05,100.38,100.38,14469400,Energy,103.054,103.59099999999998,102.846,99.5722,102.81276050445496,102.02109062722063,0.7916698772343267,1.1911021359437004,100.48,20758300.0,106.36,14536200.0,100.11,13855200.0,41.1149825783972,-5.622414441519375,0.2697033263410198,-0.000995222929936368,0.021923337769765867
XOM,2023-02-22,99.75,100.2,98.09,99.08,99.08,13973800,Energy,101.846,103.202,102.701,99.68260000000001,102.23848965761573,101.80323206224134,0.4352575953743951,1.0399332278298394,100.38,14469400.0,105.12,12079000.0,102.97,16013300.0,40.79012345679013,-5.7458143074581525,-3.7777993590366155,-0.012950787009364362,0.019846933748677242
XOM,2023-02-23,99.98,100.97,99.23,99.99,99.99,11289400,Energy,100.88399999999999,102.994,102.6285,99.82699999999998,101.8925681718287,101.66891857614938,0.2236495956793192,0.8766765013997355,99.08,13973800.0,104.8,13663400.0,102.07,18459700.0,51.114827201783704,-4.589694656488552,-2.0378171842852955,0.009184497375857914,0.020145060465164066
XOM,2023-02-24,98.71,100.19,98.43,100.0,100.0,14351000,Energy,99.98599999999999,102.748,102.353,99.9258,101.60140383770121,101.54529497791609,0.0561088597851267,0.7125629730768138,99.99,11289400.0,104.49,11360600.0,102.46,17439300.0,49.18887601390498,-4.297061919800937,-2.4009369510052614,0.00010001000100023916,0.020062360912555262
XOM,2023-02-27,100.04,100.46,99.28,99.82,99.82,11710500,Energy,99.854,102.05199999999999,102.1645,100.0002,101.32734170882411,101.41749534992229,-0.09015364109818336,0.5520196502418144,100.0,14351000.0,100.48,20758300.0,106.78,24918600.0,49.16039374638099,-0.6568471337579762,-6.5180745457951055,-0.0018000000000000238,0.012724367619696482
XOM,2023-02-28,100.44,100.55,98.62,99.24,99.24,18107000,Energy,99.626,101.34,102.039,100.07719999999999,101.00621221515885,101.25619939807619,-0.24998718291733724,0.39161828360998413,99.82,11710500.0,100.38,14469400.0,106.36,14536200.0,37.55837224816545,-1.1356843992827215,-6.694245957126743,-0.0058104588258866,0.01269375738612027
XOM,2023-03-01,98.7,101.0,98.63,100.12,100.12,13200000,Energy,99.83399999999999,100.84,101.8475,100.19,100.86987187436519,101.17203647970018,-0.302164605334994,0.2528617058209885,99.24,18107000.0,99.08,13973800.0,105.12,12079000.0,43.48697394789584,1.0496568429551933,-4.7564687975646835,0.00886739218057242,0.0134626420356018
XOM,2023-03-02,99.88,100.85,99.47,100.58,100.58,10339900,Energy,99.952,100.41799999999999,101.73599999999999,100.32539999999999,100.82527620138593,101.1281819256483,-0.3029057242623736,0.14170821980431608,100.12,13200000.0,99.99,11289400.0,104.8,13663400.0,43.75000000000003,0.5900590059005895,-4.026717557251902,0.004594486616060767,0.013784824394872204
XOM,2023-03-03,99.36,102.36,99.27,101.86,101.86,13006700,Energy,100.324,100.155,101.8495,100.478,100.98446447809579,101.18239067189658,-0.19792619380079657,0.07378133708329356,100.58,10339900.0,100.0,14351000.0,104.49,11360600.0,29.500000000000014,1.859999999999995,-2.51698727150923,0.012726188108967973,0.01477508199639098
XOM,2023-03-06,101.12,102.79,101.01,102.76,102.76,14347400,Energy,100.912,100.383,101.9735,100.62119999999999,101.25762378915798,101.29925062212646,-0.04162683296848968,0.050699703072936905,101.86,13006700.0,99.82,11710500.0,100.48,20758300.0,35.57692307692311,2.9453015427770124,2.2691082802547724,0.008835656783821033,0.008014432507891767
XOM,2023-03-07,101.86,102.18,100.38,100.77,100.77,11525300,Energy,101.218,100.422,102.0065,100.70020000000001,101.18260474467213,101.26004687233932,-0.07744212766718306,0.02507133692491291,102.76,14347400.0,99.24,18107000.0,100.38,14469400.0,33.56009070294786,1.541717049576774,0.38852361028092197,-0.019365511872323937,0.010551236236732634
XOM,2023-03-08,100.43,101.5,98.48,99.3,99.3,13509800,Energy,101.054,100.444,101.82300000000001,100.78880000000001,100.89297324549182,101.11485821512899,-0.2218849696371734,-0.024319924387504358,100.77,11525300.0,100.12,13200000.0,99.08,13973800.0,30.876216968011164,-0.8190171793847512,0.2220427937020597,-0.014587674903244974,0.010791978018534739
XOM,2023-03-09,100.11,101.33,98.44,98.53,98.53,12961200,Energy,100.644,100.298,101.64599999999999,100.8118,100.52943890003154,100.92338723623055,-0.39394833619901704,-0.0982456067498069,99.3,13509800.0,100.58,10339900.0,99.99,11289400.0,29.91913746630732,-2.038178564326898,-1.4601460146014489,-0.007754279959718002,0.010565040559791626
XOM,2023-03-10,98.92,100.26,96.75,97.32,97.32,15795700,Energy,99.736,100.03,101.389,100.7836,100.03567906925745,100.65646966317644,-0.6207905939189828,-0.2027546041836421,98.53,12961200.0,101.86,13006700.0,100.0,14351000.0,36.877076411960125,-4.457097977616343,-2.6800000000000046,-0.012280523698366075,0.011080051659275253
XOM,2023-03-13,95.11,97.39,93.65,96.2,96.2,20745600,Energy,98.424,99.66799999999999,100.86,100.76539999999999,99.445574597064,100.32636079923745,-0.8807862021734536,-0.33836092378160443,97.32,15795700.0,102.76,14347400.0,99.82,11710500.0,33.996937212863756,-6.383806928766056,-3.626527749949904,-0.01150842581175493,0.01141678425295777
XOM,2023-03-14,96.02,98.43,94.77,96.56,96.56,18263500,Energy,97.58200000000001,99.4,100.36999999999999,100.7398,99.00164004366954,100.04737111040505,-1.045731066735513,-0.47983495237238616,96.2,20745600.0,100.77,11525300.0,99.24,18107000.0,39.60396039603964,-4.1778307035824085,-2.7005239822652127,0.003742203742203687,0.011611891057521423
XOM,2023-03-15,92.84,94.08,90.49,91.75,91.75,25733800,Energy,96.072,98.563,99.7015,100.59819999999999,97.88600311387422,99.43275102815282,-1.5467479142785976,-0.6932175447536285,96.56,18263500.0,99.3,13509800.0,100.12,13200000.0,24.282147315855227,-7.603222557905331,-8.359968038353982,-0.04981358740679376,0.018129861743096838
XOM,2023-03-16,89.49,91.81,88.5,91.22,91.22,27465200,Energy,94.60999999999999,97.627,99.0225,100.51400000000001,96.86046417327819,98.8243991001415,-1.9639349268633168,-0.9473610211755663,91.75,25733800.0,98.53,12961200.0,100.58,10339900.0,23.458282950423254,-7.41906018471532,-9.306025054682843,-0.005776566757493162,0.01758335432335169
XOM,2023-03-17,90.83,91.74,89.51,90.15,90.15,43199500,Energy,93.176,96.456,98.3055,100.40280000000001,95.82808506969693,98.18185101864954,-2.3537659489526135,-1.2286420067309758,91.22,27465200.0,97.32,15795700.0,101.86,13006700.0,22.26047045324158,-7.3674475955610275,-11.49617121539367,-0.011729883797412799,0.015740607993948573
XOM,2023-03-20,89.96,92.53,89.84,92.5,92.5,32042100,Energy,92.436,95.43,97.90650000000001,100.2958,95.31607198205124,97.76097316541623,-2.4449011833649905,-1.4718938420577787,90.15,43199500.0,96.2,20745600.0,102.76,14347400.0,32.447916666666686,-3.8461538461538436,-9.98442973919813,0.026067665002773133,0.018903413166972634
XOM,2023-03-21,94.06,96.86,94.02,96.65,96.65,31592300,Energy,92.454,95.018,97.72,100.24799999999999,95.52129167712027,97.67867885686688,-2.157387179746607,-1.6089925095955444,92.5,32042100.0,96.56,18263500.0,100.77,11525300.0,42.27859368046284,0.09320629660314328,-4.088518408256414,0.04486486486486485,0.02530823436939411
XOM,2023-03-22,96.43,96.77,94.41,94.43,94.43,14952700,Energy,92.99000000000001,94.53099999999999,97.4875,100.1928,95.35340064987099,97.43803597858044,-2.084635328709453,-1.7041210734183263,96.65,31592300.0,91.75,25733800.0,99.3,13509800.0,37.30912092447382,2.9209809264305164,-4.90433031218529,-0.022969477496119994,0.025835653256241167
XOM,2023-03-23,95.13,96.02,92.49,93.37,93.37,14385900,Energy,93.42,94.015,97.15650000000001,100.0874,95.04826208835239,97.13669998016708,-2.088437891814692,-1.7809844370975996,94.43,14952700.0,91.22,27465200.0,98.53,12961200.0,32.319866722199095,2.356939267704461,-5.236983659799044,-0.011225246214126905,0.025904235118367227
XOM,2023-03-24,91.62,93.77,91.11,93.48,93.48,13401600,Energy,94.086,93.631,96.8305,99.9612,94.80699099783664,96.86583331496952,-2.0588423171328856,-1.8365560131046568,93.37,14385900.0,90.15,43199500.0,97.32,15795700.0,30.017226528854422,3.693843594009971,-3.9457459926017124,0.0011781086001927399,0.025837111834209635
XOM,2023-03-27,94.57,96.14,93.82,95.53,95.53,14805900,Energy,94.69200000000001,93.56400000000001,96.616,99.84280000000001,94.91822315201563,96.76688269904585,-1.8486595470302234,-1.8389767198897702,93.48,13401600.0,92.5,32042100.0,96.2,20745600.0,38.74570446735395,3.275675675675682,-0.6964656964656979,0.021929824561403466,0.026860237186782848
XOM,2023-03-28,95.2,97.2,94.98,96.72,96.72,11047600,Energy,94.706,93.58,96.49000000000001,99.74960000000002,95.19541959016706,96.76340990652393,-1.5679903163568696,-1.7847794391831902,95.53,14805900.0,96.65,31592300.0,96.56,18263500.0,44.391304347826086,0.07242628039316745,0.1657000828500399,0.012456819847168399,0.027148418511148204
XOM,2023-03-29,97.57,98.56,97.05,98.38,98.38,14219100,Energy,95.49600000000001,94.243,96.40299999999999,99.6934,95.68535503783366,96.88315732085549,-1.1978022830218293,-1.6673840079509181,96.72,11047600.0,94.43,14952700.0,91.75,25733800.0,49.68606111343657,4.182992693000087,7.2261580381471235,0.01716294458229939,0.02089969389306129
XOM,2023-03-30,98.91,98.93,97.98,98.86,98.86,11578200,Energy,96.59400000000001,95.007,96.31700000000001,99.6884,96.17376195509001,97.02959011190323,-0.8558281568132173,-1.5050728377233782,98.38,14219100.0,93.37,14385900.0,91.22,27465200.0,53.32469775474959,5.879832922780337,8.37535628151722,0.004879040455377126,0.020431194770956396
XOM,2023-03-31,99.03,99.47,98.46,99.01,99.01,14418000,Energy,97.7,95.893,96.1745,99.67380000000001,96.61010626969156,97.17628714065114,-0.5661808709595846,-1.3172944443706196,98.86,11578200.0,93.48,13401600.0,90.15,43199500.0,56.33168093735918,5.9157038938810524,9.828064337215746,0.00151729718794269,0.01939411263095397
XOM,2023-04-03,102.38,105.5,102.14,104.85,104.85,28087700,Energy,99.564,97.128,96.279,99.7396,97.87778222820054,97.74471031541772,0.1330719127828246,-1.0272211729399308,99.01,14418000.0,95.53,14805900.0,92.5,32042100.0,64.98012287676184,9.756097560975597,13.351351351351347,0.05898394101605886,0.024597505503678136
XOM,2023-04-04,104.97,105.37,103.08,103.85,103.85,16365500,Energy,100.99,97.848,96.43299999999999,99.796,98.79658496232354,98.19695399575714,0.5996309665663944,-0.7018507450386657,104.85,28087700.0,96.72,11047600.0,96.65,31592300.0,75.35624476110647,7.371794871794868,7.44956026901189,-0.009537434430138325,0.022678051477837458
XOM,2023-04-05,104.15,105.64,103.21,105.63,105.63,16479500,Energy,102.44000000000001,98.968,96.7495,99.869,99.84787958350452,98.74754999607143,1.1003295874330945,-0.3414146785443137,103.85,16365500.0,98.38,14219100.0,94.43,14952700.0,78.69374751095182,7.369384021142511,11.860637509266114,0.01714010592200288,0.020103393908334356
XOM,2023-04-06,105.51,105.8,103.63,103.88,103.88,15778000,Energy,103.444,100.019,97.01700000000001,99.9178,100.4682058014269,99.12773147784392,1.3404743235829812,-0.005036878118854671,105.63,16479500.0,98.86,11578200.0,93.37,14385900.0,76.61884451337727,5.077887922314384,11.256292170932847,-0.01656726308813783,0.02083066369107696
XOM,2023-04-10,103.64,104.9,103.08,103.42,103.42,13006600,Energy,104.326,101.013,97.322,99.876,100.92232798582276,99.44567729429993,1.4766506915228348,0.29130063580948323,103.88,15778000.0,99.01,14418000.0,93.48,13401600.0,72.84518828451884,4.454095545904457,10.63329054343174,-0.004428186368887088,0.02119408929728466
XOM,2023-04-11,103.8,104.92,103.27,104.15,104.15,11758500,Energy,104.18599999999999,101.87499999999999,97.71950000000001,99.88719999999999,101.4188929110808,99.7941456428703,1.6247472682104984,0.5579899622896863,103.42,13006600.0,104.85,28087700.0,95.53,14805900.0,68.31054687500001,-0.6676204101096705,9.023343452318656,0.007058596016244589,0.020809828777061033
XOM,2023-04-12,104.88,105.27,103.77,104.04,104.04,10919000,Energy,104.224,102.607,98.0935,99.93299999999999,101.82214015552991,100.10865337302806,1.713486782501846,0.7890893263321184,104.15,11758500.0,103.85,16365500.0,96.72,11047600.0,76.15677735438216,0.18295618680790326,7.568238213399514,-0.0010561689870379753,0.02098875880981226
XOM,2023-04-13,103.47,104.64,103.05,104.53,104.53,12399700,Energy,104.00399999999999,103.22200000000001,98.7325,99.9446,102.23873397775607,100.43616053058155,1.8025734471745238,0.9917861505005996,104.04,10919000.0,105.63,16479500.0,98.38,14219100.0,81.3483146067416,-1.041370822682941,6.251270583451918,0.004709727028066046,0.02072046111755371
XOM,2023-04-14,104.65,105.33,103.94,104.78,104.78,11530800,Energy,104.18400000000001,103.81400000000001,99.4105,99.98400000000001,102.62969798117821,100.75792641720514,1.8717715639730699,1.1677832331950937,104.53,12399700.0,103.88,15778000.0,98.86,11578200.0,81.49386845039021,0.8663842895648921,5.988266235079909,0.0023916578972544844,0.020753916552399287
XOM,2023-04-17,104.28,105.2,103.31,103.56,103.56,13260400,Energy,104.21200000000002,104.269,100.08099999999999,100.0634,102.77282136868925,100.9654874233381,1.8073339453511466,1.2956933756263043,104.78,11530800.0,103.42,13006600.0,99.01,14418000.0,73.46580946814731,0.13537033455810477,4.59549540450459,-0.011643443405230047,0.02147598183921916
XOM,2023-04-18,103.28,105.83,103.2,105.59,105.59,17436100,Energy,104.5,104.343,100.7355,100.16959999999999,103.20623346581398,101.30804391049824,1.8981895553157386,1.4161926115641912,103.56,13260400.0,104.15,11758500.0,104.85,28087700.0,74.70752089136494,1.382621219395097,0.7057701478302425,0.019602162997296224,0.011886508741731477
XOM,2023-04-19,104.81,105.55,104.53,105.25,105.25,10682600,Energy,104.742,104.48299999999999,101.1655,100.2724,103.52065908645798,101.60004065786873,1.9206184285892505,1.517077774969203,105.59,17436100.0,104.04,10919000.0,103.85,16365500.0,70.65544197233916,1.1630142252979647,1.3480982185845036,-0.0032200018941187514,0.011437394525297925
XOM,2023-04-20,103.95,104.45,102.24,104.41,104.41,17038700,Energy,104.718,104.36099999999999,101.6645,100.3012,103.65748076546444,101.8081857943229,1.8492949711415463,1.5835212142036719,105.25,10682600.0,104.53,12399700.0,105.63,16479500.0,66.33313713949381,-0.11479957906821436,-1.1549749124301845,-0.007980997624703168,0.010297824795288653
XOM,2023-04-21,105.18,105.53,104.07,104.75,104.75,14315300,Energy,104.71200000000002,104.44800000000001,102.2335,100.3548,103.82556064770068,102.02609795770638,1.7994626899943,1.6267095093617976,104.41,17038700.0,104.78,11530800.0,103.88,15778000.0,66.70547147846332,-0.028631418209579262,0.8375048132460483,0.00325639306579828,0.008790031633234571
XOM,2023-04-24,104.66,107.35,104.63,106.72,106.72,15831300,Energy,105.34400000000001,104.77799999999999,102.8955,100.44,104.27085900959288,102.37379440528369,1.8970646043091932,1.680780528351277,104.75,14315300.0,103.56,13260400.0,103.42,13006600.0,57.024793388429764,3.0513711857860226,3.190872171726933,0.01880668257756568,0.010193121201683178
XOM,2023-04-25,106.14,106.31,104.4,105.21,105.21,12179800,Energy,105.26799999999999,104.88400000000001,103.37950000000001,100.4086,104.41534223888628,102.58388370859602,1.8314585302902628,1.7109161287390742,106.72,15831300.0,105.59,17436100.0,104.15,11758500.0,54.9204052098408,-0.35988256463681534,1.0177628420547258,-0.01414917541229388,0.011430494619450947
XOM,2023-04-26,104.76,105.72,103.55,104.24,104.24,15566100,Energy,105.06599999999999,104.904,103.75550000000001,100.3662,104.38836650982685,102.70655898944075,1.6818075203861014,1.7050944070684797,105.21,12179800.0,105.25,10682600.0,104.04,10919000.0,44.657955418908536,-0.9596199524940618,0.1922337562475951,-0.009219655926242742,0.011881944875946801
XOM,2023-04-27,104.39,105.65,103.73,105.49,105.49,16279200,Energy,105.282,105.0,104.11100000000002,100.37359999999998,104.5578485852381,102.91273980503773,1.645108780200374,1.6930972816948586,104.24,15566100.0,104.41,17038700.0,104.53,12399700.0,56.43485211830536,1.0343836797241712,0.9183966325456705,0.011991557943207942,0.012397223442794548
XOM,2023-04-28,105.87,108.28,105.49,106.85,106.85,24381900,Energy,105.702,105.207,104.51050000000001,100.41460000000001,104.91048726443225,103.20438870836827,1.7060985560639779,1.6956975365686824,105.49,16279200.0,104.75,14315300.0,104.78,11530800.0,62.78896346010436,2.0047732696897302,1.9755678564611578,0.01289221727177936,0.012961603240228308
XOM,2023-05-01,104.73,105.91,103.34,103.54,103.54,17355000,Energy,105.06599999999999,105.205,104.737,100.3956,104.69964306990421,103.22924880404469,1.4703942658595253,1.6506368824268511,106.85,24381900.0,106.72,15831300.0,103.56,13260400.0,48.09255784865541,-2.9797601199400225,-0.01931247585940099,-0.030978006551239945,0.016252690504185593
XOM,2023-05-02,102.88,102.88,98.68,99.41,99.41,24324100,Energy,103.90599999999999,104.58700000000002,104.465,100.3742,103.88585182838048,102.94634148522657,0.9395103431539127,1.5084115745722637,103.54,17355000.0,105.21,12179800.0,105.59,17436100.0,38.43078460769613,-5.512783955897726,-5.852826972251169,-0.03988796600347699,0.01897998669268413
XOM,2023-05-03,98.49,99.15,97.3,97.45,97.45,16212300,Energy,102.548,103.80699999999999,104.14500000000001,100.31559999999999,102.8957207778604,102.5392050789135,0.3565156989469074,1.2780323994471925,99.41,24324100.0,104.24,15566100.0,105.25,10682600.0,33.51955307262571,-6.513814274750573,-7.4109263657957225,-0.019716326325319278,0.019437480249053604
XOM,2023-05-04,97.42,98.19,95.63,95.74,95.74,17177200,Energy,100.59799999999998,102.93999999999998,103.65050000000001,100.24880000000002,101.79484065818957,102.03556025825324,-0.2407196000636702,0.97428199954502,97.45,16212300.0,105.49,16279200.0,104.41,17038700.0,30.29642545771577,-9.24258223528297,-8.303802317785658,-0.017547460236018497,0.019697538743924957
XOM,2023-05-05,98.01,98.81,97.09,98.13,98.13,14968200,Energy,98.854,102.27799999999999,103.36299999999999,100.2116,101.2310190184681,101.74625949838264,-0.5152404799145387,0.6763775036531083,95.74,17177200.0,106.85,24381900.0,104.75,14315300.0,38.73911240149314,-8.160973327094057,-6.319809069212412,0.024963442657196522,0.022172206894895727
XOM,2023-05-08,99.77,100.2,98.45,98.52,98.52,11187800,Energy,97.85,101.458,103.11800000000001,100.182,100.81393916947302,101.50727731331726,-0.6933381438442439,0.4024343741536379,98.13,14968200.0,103.54,17355000.0,106.72,15831300.0,34.26791277258566,-4.848367780567909,-7.683658170914542,0.003974319779883828,0.020758232071001186
XOM,2023-05-09,97.82,99.53,97.7,98.54,98.54,11370800,Energy,97.676,100.791,102.8375,100.15639999999999,100.46410237416947,101.28747899381227,-0.8233766196428007,0.15727217539435018,98.52,11187800.0,99.41,24324100.0,105.21,12179800.0,34.85327313769754,-0.8751634644401873,-6.339701549282372,0.00020300446609833322,0.02076414734453527
XOM,2023-05-10,99.08,99.33,96.35,97.28,97.28,14884800,Energy,97.642,100.095,102.49949999999998,100.1172,99.9742404704511,100.99062869797433,-1.0163882275232368,-0.0774599051891672,98.54,11370800.0,97.45,16212300.0,104.24,15566100.0,34.20469649977849,-0.17444843509492047,-6.676899462778197,-0.012786685609904702,0.02084971861689976
XOM,2023-05-11,96.15,96.45,94.74,95.52,95.52,17165900,Energy,97.598,99.098,102.049,100.0252,99.2889727057663,100.58539694256882,-1.2964242368025225,-0.3212527715118383,97.28,14884800.0,95.74,17177200.0,105.49,16279200.0,30.762817840767,-0.22978901190724432,-9.451132808797047,-0.018092105263157965,0.020008193698067132
XOM,2023-05-12,95.99,96.62,94.61,95.51,95.51,12613300,Energy,97.074,97.964,101.5855,99.92380000000001,98.70759228949456,100.20944161348964,-1.5018493239950885,-0.5573720820084884,95.52,17165900.0,98.13,14968200.0,106.85,24381900.0,24.557421697685,-2.669927646998871,-10.613008890968633,-0.00010469011725278143,0.018761022181424777
XOM,2023-05-15,96.09,96.47,95.25,95.69,95.69,13715600,Energy,96.50800000000001,97.179,101.19200000000001,99.80040000000001,98.24334732188001,99.87466816063856,-1.6313208387585547,-0.7721618333585017,95.51,12613300.0,98.52,11187800.0,103.54,17355000.0,27.004830917874415,-2.872513195290294,-7.58161097160518,0.001884619411579802,0.01772161301965099
XOM,2023-05-16,95.29,95.45,92.91,93.37,93.37,14795200,Energy,95.474,96.575,100.58099999999999,99.6126,97.49360158005231,99.39284088948015,-1.8992393094278412,-0.9975773285723697,95.69,13715600.0,98.54,11370800.0,99.41,24324100.0,25.351473922902514,-5.246600365333876,-6.0758475002514745,-0.024244957675828127,0.015055614967784597
XOM,2023-05-17,94.16,95.84,93.67,95.46,95.46,14064700,Energy,95.10999999999999,96.376,100.0915,99.5064,97.1807397985058,99.10151934211125,-1.9207795436054482,-1.1822177715789854,93.37,14795200.0,97.28,14884800.0,97.45,16212300.0,28.09086937527303,-1.8708881578947456,-2.042072857875843,0.022384063403662724,0.01664220852868443
XOM,2023-05-18,95.22,96.46,94.84,96.33,96.33,12005600,Energy,95.272,96.43499999999999,99.6875,99.447,97.04985675258183,98.89622161306598,-1.8463648604841438,-1.3150471893600173,95.46,14064700.0,95.52,17165900.0,95.74,17177200.0,26.51785714285714,0.8479899497487509,0.6162523501148875,0.009113764927718426,0.015986104565360718
XOM,2023-05-19,97.06,97.49,96.37,96.78,96.78,13359600,Energy,95.526,96.3,99.28900000000002,99.41199999999999,97.00834032910771,98.73946445654256,-1.7311241274348532,-1.3982625769749846,96.33,12005600.0,95.51,12613300.0,98.13,14968200.0,32.702149437052185,1.3297036959480701,-1.375726077652084,0.004671441918405517,0.013691349026084106
XOM,2023-05-22,96.39,97.49,95.52,95.6,95.6,12882000,Energy,95.50800000000001,96.008,98.733,99.3776,96.79167258616806,98.5069115338357,-1.7152389476676433,-1.4616578511135163,96.78,13359600.0,95.69,13715600.0,98.52,11187800.0,38.517179023508135,-0.09405371512175575,-2.9638652050345105,-0.012192601777226808,0.01395142249171609
XOM,2023-05-23,96.53,98.56,96.31,96.9,96.9,14394400,Energy,96.214,95.84400000000001,98.3175,99.3916,96.8083383421422,98.38788104984788,-1.57954270770567,-1.4852348224319472,95.6,12882000.0,93.37,14795200.0,98.54,11370800.0,48.27369742623981,3.780657598800463,-1.6642987619240879,0.013598326359832713,0.014895346534793819
XOM,2023-05-24,97.8,98.82,97.2,97.99,97.99,16340300,Energy,96.72,95.915,98.005,99.42020000000001,96.9901324433511,98.35840837948876,-1.368275936137664,-1.4618430451730906,96.9,14394400.0,95.46,14064700.0,97.28,14884800.0,57.3481384715872,2.6503247433480093,0.7298519736842035,0.011248710010319796,0.014824560124493675
XOM,2023-05-25,96.48,96.93,95.36,96.23,96.23,14316500,Energy,96.7,95.98599999999999,97.542,99.5098,96.87318899052785,98.20074849952663,-1.3275595089987746,-1.4349863379382275,97.99,16340300.0,96.33,12005600.0,95.52,17165900.0,43.52861035422346,-0.10380982040900655,0.743299832495814,-0.017961016430247945,0.014806018426657467
XOM,2023-05-26,96.97,97.4,95.47,95.6,95.6,12370300,Energy,96.464,95.99499999999999,96.9795,99.5974,96.67731376121587,98.00810046252465,-1.3307867013087815,-1.4141464106123383,96.23,14316500.0,96.78,13359600.0,95.51,12613300.0,40.214477211796236,-1.2192601777226808,0.0942309705789901,-0.006546814922581468,0.014990675316721477
XOM,2023-05-30,94.07,94.83,93.45,94.75,94.75,11938000,Energy,96.294,95.901,96.53999999999999,99.6894,96.38080395179804,97.76675968752282,-1.385955735724778,-1.4085082756348264,95.6,12370300.0,95.6,12882000.0,95.69,13715600.0,37.96825396825394,-0.8891213389121244,-0.9823388023826873,-0.008891213389121244,0.015240981486830703
XOM,2023-05-31,93.16,93.84,92.66,93.06,93.06,24926100,Energy,95.526,95.87,96.2225,99.7006,95.8699110361368,97.41811082178039,-1.5481997856435896,-1.4364465776365791,94.75,11938000.0,96.9,14394400.0,93.37,14795200.0,36.95920889987638,-3.962848297213628,-0.3320124236906974,-0.01783641160949867,0.014252116283147764
XOM,2023-06-01,92.67,96.16,92.22,94.13,94.13,13551900,Energy,94.75399999999999,95.737,96.0565,99.6502,95.60223241519267,97.17454705720407,-1.572314642011392,-1.4636201905115418,93.06,24926100.0,97.99,16340300.0,95.46,14064700.0,45.513234344738535,-3.9391774670884727,-1.393253718835108,0.011497958306468936,0.012658595995502625
XOM,2023-06-02,95.77,96.66,95.2,96.32,96.32,14112000,Energy,94.77199999999999,95.73599999999999,96.0855,99.68799999999999,95.71265819747072,97.11124727518896,-1.398589077718242,-1.4506139679528818,94.13,13551900.0,96.23,14316500.0,96.33,12005600.0,52.292020373514404,0.09352592746543209,-0.010380982040902875,0.023265696377350542,0.014598336071883416
XOM,2023-06-05,97.62,97.62,95.71,95.89,95.89,10628000,Energy,94.83,95.64699999999999,95.97349999999999,99.7384,95.739941551706,97.02078451406385,-1.2808429623578519,-1.4166597668338758,96.32,14112000.0,95.6,12370300.0,96.78,13359600.0,50.558035714285715,0.30334728033474256,-0.9196114899772678,-0.004464285714285587,0.014565272965526739
XOM,2023-06-06,94.85,96.78,94.7,96.68,96.68,12209800,Energy,95.21600000000001,95.755,95.88149999999999,99.80239999999999,95.88456592836661,96.9955412167258,-1.1109752883591852,-1.3555228711389378,95.89,10628000.0,94.75,11938000.0,95.6,12882000.0,60.09762050030508,2.036939313984165,1.1297071129707348,0.008238606736886034,0.014222974758270966
XOM,2023-06-07,97.26,99.17,97.2,98.84,98.84,16027100,Energy,96.372,95.949,95.89649999999999,99.8686,96.3392480932333,97.13216779326463,-0.7929197000313337,-1.243002236917417,96.68,12209800.0,93.06,24926100.0,96.9,14394400.0,60.26731470230866,6.211046636578543,2.0020639834881226,0.022341745966073523,0.015297006825613696
XOM,2023-06-08,99.06,99.4,96.45,98.53,98.53,13517100,Energy,97.252,96.003,95.959,99.9048,96.67628684812048,97.23571091968947,-0.5594240715689835,-1.1062866038477304,98.84,16027100.0,94.13,13551900.0,97.99,16340300.0,56.91823899371071,4.674386486773607,0.5510766404735135,-0.0031363820315661872,0.015013718034910837
XOM,2023-06-09,98.78,98.92,97.6,97.8,97.8,12251600,Energy,97.548,96.16,96.07300000000001,99.8932,96.84916579456348,97.27751011082357,-0.4283443162600946,-0.9706981463302032,98.53,13517100.0,96.32,14112000.0,96.23,14316500.0,53.15203955500617,1.5365448504983448,1.6315078457861398,-0.007408910991576256,0.013888965831872165
XOM,2023-06-12,96.37,97.5,96.14,96.92,96.92,14112000,Energy,97.754,96.292,96.14349999999999,99.8544,96.86006336463063,97.25102788039219,-0.3909645157615529,-0.8547514202164732,97.8,12251600.0,95.89,10628000.0,95.6,12370300.0,54.15617128463479,1.074147460631969,1.3807531380753302,-0.008997955010224934,0.014071228451963192
XOM,2023-06-13,97.8,98.67,96.79,96.94,96.94,13533800,Energy,97.80600000000001,96.511,96.20599999999999,99.81299999999999,96.87236130853361,97.22798877814091,-0.35562746960729896,-0.7549266300946385,96.92,14112000.0,96.68,12209800.0,94.75,11938000.0,50.13698630136984,0.2689284236656819,2.311345646438001,0.00020635575732552702,0.013614235033493863
XOM,2023-06-14,97.86,98.46,95.07,95.77,95.77,16627700,Energy,97.192,96.782,96.326,99.63140000000001,96.70276726106691,97.11998960938973,-0.4172223483228237,-0.6873857737402755,96.94,13533800.0,98.84,16027100.0,93.06,24926100.0,42.43869209809264,-3.1060299473897324,2.9120997206103505,-0.012069321229626562,0.01275838788069474
XOM,2023-06-15,96.08,97.48,96.03,96.44,96.44,16224100,Energy,96.77399999999999,97.013,96.375,99.4832,96.66234152859508,97.0696200086942,-0.40727848009912293,-0.631364315012045,95.77,16627700.0,98.53,13517100.0,94.13,13551900.0,50.7726269315673,-2.121181366081404,2.454052905556159,0.006995927743552288,0.0124999529359015
XOM,2023-06-16,96.87,97.24,95.59,95.75,95.75,43128900,Energy,96.364,96.956,96.346,99.28559999999999,96.5219812934266,96.97187037842056,-0.44988908499395563,-0.5950692690084272,96.44,16224100.0,97.8,12251600.0,96.32,14112000.0,50.54945054945057,-2.0961145194274056,-0.5917774086378613,-0.007154707590211529,0.010411131931717976
XOM,2023-06-20,95.34,95.42,93.0,93.55,93.55,17514100,Energy,95.69,96.72200000000001,96.18449999999999,99.079,96.06475340213021,96.71839849853755,-0.6536450964073452,-0.6067844344882108,95.75,43128900.0,96.92,14112000.0,95.89,10628000.0,45.999999999999986,-3.4770945109368623,-2.4402961726978867,-0.02297650130548301,0.01260101506348872
XOM,2023-06-21,93.35,95.29,93.2,94.6,94.6,13285700,Energy,95.22200000000001,96.514,96.1345,98.90259999999998,95.83940672487941,96.56148009123848,-0.7220733663590693,-0.6298422208623826,93.55,17514100.0,96.94,13533800.0,96.68,12209800.0,55.36211699164344,-2.4138642459253234,-2.151427389325622,0.011223944414751497,0.01291247333569025
XOM,2023-06-22,93.66,94.62,93.49,94.08,94.08,12455300,Energy,94.884,96.03799999999998,95.9935,98.70119999999999,95.56872876720566,96.37766675114673,-0.8089379839410782,-0.6656613734781217,94.6,13285700.0,95.77,16627700.0,98.84,16027100.0,49.818971759594504,-1.7646444606870593,-4.815864022662897,-0.0054968287526426796,0.009645743443270493
XOM,2023-06-23,93.43,93.64,92.55,93.26,93.26,17933600,Energy,94.248,95.511,95.757,98.48559999999999,95.2135397260971,96.14672847328401,-0.933188747186918,-0.7191668482198811,94.08,12455300.0,96.44,16224100.0,98.53,13517100.0,37.70096463022511,-3.297386976358352,-5.348624784329637,-0.008715986394557729,0.009694836213468177
XOM,2023-06-26,93.08,95.55,93.08,94.98,94.98,14283400,Energy,94.09400000000001,95.229,95.6945,98.2946,95.17761053746678,96.06030414192965,-0.8826936044628724,-0.7518721994684794,93.26,17933600.0,95.75,43128900.0,97.8,12251600.0,46.68608885651858,-0.8041775456918976,-2.8834355828220803,0.018443062406176214,0.012227333410538834
XOM,2023-06-27,94.76,95.27,94.05,95.22,95.22,13227500,Energy,94.428,95.059,95.6755,98.10339999999998,95.18413199324112,95.99805939067559,-0.813927397434469,-0.7642832390616774,94.98,14283400.0,93.55,17514100.0,96.92,14112000.0,44.461305007587214,1.7851416354890404,-1.7540239372678568,0.0025268477574225123,0.012126632789995605
XOM,2023-06-28,95.0,96.37,93.99,95.99,95.99,13084100,Energy,94.70599999999999,94.964,95.7375,97.95200000000001,95.30811168658863,95.9974623987737,-0.6893507121850746,-0.7492967336863569,95.22,13227500.0,94.6,13285700.0,96.94,13533800.0,37.913486005089005,1.469344608879486,-0.9799876212089997,0.00808653644192403,0.012514243010188395
XOM,2023-06-29,96.23,97.2,95.75,97.18,97.18,11364400,Energy,95.326,95.105,95.9435,97.78379999999999,95.59609450403653,96.08505777664232,-0.48896327260578687,-0.6972300414702429,95.99,13084100.0,94.08,12455300.0,95.77,16627700.0,44.672454617206014,3.29506802721089,1.4722773311057757,0.012397124700489703,0.012482548281146113
XOM,2023-06-30,97.74,98.25,97.28,97.68,97.68,13544700,Energy,96.21000000000001,95.229,96.121,97.6324,95.91669534956937,96.20320164503917,-0.2865062954698061,-0.6150852922701556,97.18,11364400.0,93.26,17933600.0,96.44,16224100.0,49.51768488745984,4.73943812995925,1.2857735379510737,0.005145091582630101,0.012406033281475522
XOM,2023-07-03,97.9,98.78,97.51,97.87,97.87,7397000,Energy,96.788,95.441,96.1985,97.5016,96.21720375732794,96.32666818985108,-0.10946443252313998,-0.5139611203207525,97.68,13544700.0,94.98,14283400.0,95.75,43128900.0,54.042553191489375,3.0427458412297437,2.214099216710186,0.0019451269451269404,0.01204145321525057
XOM,2023-07-05,98.02,98.29,96.63,97.37,97.37,12491200,Energy,97.218,95.82300000000001,96.27250000000001,97.354,96.39455702543134,96.40395202763989,-0.009395002208549386,-0.4130478966983119,97.87,7397000.0,95.22,13227500.0,93.55,17514100.0,51.757972199509425,2.25792900651125,4.083377872795313,-0.0051088178195565215,0.00875937308268525
XOM,2023-07-06,95.71,96.28,93.29,93.73,93.73,17961400,Energy,96.766,95.736,96.125,97.0942,95.98462517536498,96.20588150707397,-0.22125633170898595,-0.37468958370044675,97.37,12491200.0,95.99,13084100.0,94.6,13285700.0,43.06122448979594,-2.354411917908106,-0.9196617336152069,-0.03738317757009346,0.015344173969384405
XOM,2023-07-07,92.82,94.72,92.49,93.95,93.95,21929200,Energy,96.12,95.723,95.88050000000001,96.869,95.67160591761653,96.03877917321664,-0.3671732556001075,-0.37318631808037894,93.73,17961400.0,97.18,11364400.0,94.08,12455300.0,41.26315789473685,-3.3237291623790965,-0.13818027210883432,0.0023471673957111694,0.015278660925570514
XOM,2023-07-10,93.78,95.4,93.58,95.35,95.35,14877600,Energy,95.654,95.93199999999999,95.72149999999999,96.69120000000001,95.62212808413706,95.9877584937191,-0.36563040958203885,-0.371675136380711,93.95,21929200.0,97.68,13544700.0,93.26,17933600.0,48.66310160427805,-2.385339885339899,2.2410465365644283,0.014901543374135073,0.015608913370045746
XOM,2023-07-11,95.86,96.68,95.45,96.51,96.51,12576500,Energy,95.382,96.085,95.657,96.5116,95.7587237635006,96.02644304973991,-0.26771928623931274,-0.35088396635243135,95.35,14877600.0,97.87,7397000.0,94.98,14283400.0,60.63218390804602,-1.3895984469193823,1.6108654453569127,0.012165705296276919,0.015003384880920822
XOM,2023-07-12,97.45,98.04,96.66,96.98,96.98,13238200,Energy,95.304,96.261,95.66,96.3142,95.94661241526974,96.09707689790731,-0.15046448263757384,-0.3108000696094599,96.51,12576500.0,97.37,12491200.0,95.22,13227500.0,58.920539730134976,-0.4005340453938633,1.8483511867254832,0.004869961662003819,0.015035953706160173
XOM,2023-07-13,96.51,96.75,94.1,95.21,95.21,26826800,Energy,95.6,96.183,95.5735,96.1476,95.83328742830517,96.03136749806232,-0.19808006975715386,-0.2882560696389987,96.98,13238200.0,93.73,17961400.0,95.99,13084100.0,53.87251542152158,1.5790035207510877,-0.8125846442337714,-0.018251185811507642,0.016107548027789947
XOM,2023-07-14,94.76,94.76,91.56,91.93,91.93,28181900,Energy,95.196,95.65799999999999,95.3815,95.99799999999999,95.23278167010437,95.72756249820586,-0.49478082810148294,-0.32956102133149556,95.21,26826800.0,93.95,21929200.0,97.18,11364400.0,46.099706744868044,-2.1500798296966384,-5.402346161761685,-0.03445016279802526,0.018509509003956037
XOM,2023-07-17,91.73,92.6,91.27,92.33,92.33,18051300,Energy,94.592,95.123,95.176,95.89560000000002,94.7861998747037,95.47589120204246,-0.6896913273387639,-0.4015870825329492,91.93,28181900.0,95.35,14877600.0,97.68,13544700.0,41.57660521296883,-3.167278447823807,-5.477067977067984,0.004351136734471739,0.018460976163029746
XOM,2023-07-18,91.91,93.08,91.38,91.91,91.91,24617800,Energy,93.672,94.527,94.98400000000001,95.81900000000002,94.34370758628775,95.21175111300228,-0.8680435267145299,-0.4948783713692654,92.33,18051300.0,96.51,12576500.0,97.87,7397000.0,39.59773727215586,-4.766345456429399,-6.0897108409114225,-0.004548900682335155,0.01828487300488266
XOM,2023-07-19,92.03,93.26,91.8,92.55,92.55,15556500,Energy,92.78599999999999,94.045,94.934,95.70740000000002,94.06775257301271,95.014584363891,-0.9468317908782922,-0.5852690552710708,91.91,24617800.0,96.98,13238200.0,97.37,12491200.0,39.100126742712305,-4.567952155083532,-4.950189996918974,0.006963333696006879,0.018750945104577543
XOM,2023-07-20,93.39,94.41,93.22,94.18,94.18,15740200,Energy,92.58,94.09,94.913,95.6206,94.08502140793384,94.95276329989908,-0.8677418919652382,-0.6417636226099043,92.55,15556500.0,95.21,26826800.0,93.73,17961400.0,40.75215782983971,-1.0818191366453012,0.48010242184999274,0.017612101566720773,0.016034517049474832
XOM,2023-07-21,94.86,95.06,94.04,94.62,94.62,17121500,Energy,93.118,94.157,94.94,95.5422,94.16732580671325,94.92811416657322,-0.7607883598599727,-0.665568570059918,94.18,15740200.0,91.93,28181900.0,93.95,21929200.0,40.532178217821766,2.9261394539323415,0.7131452900478896,0.0046719048630281534,0.016079515195150804
XOM,2023-07-24,95.04,96.68,94.68,96.1,96.1,15090900,Energy,93.872,94.232,95.08200000000001,95.5186,94.46466029798813,95.01492052460483,-0.5502602266167003,-0.6425069013712745,94.62,17121500.0,92.33,18051300.0,95.35,14877600.0,44.92836676217762,4.083179898191269,0.7865757734661694,0.015641513422109288,0.016153008927335392
XOM,2023-07-25,95.68,96.62,95.21,96.25,96.25,14116100,Energy,94.74000000000001,94.20599999999999,95.1455,95.5332,94.73932794445149,95.10640789315262,-0.36707994870113225,-0.5874215108372461,96.1,15090900.0,91.91,24617800.0,96.51,12576500.0,46.725146198830394,4.7220106626047365,-0.26940213449383466,0.0015608740894901274,0.015672359108768907
XOM,2023-07-26,95.73,96.28,95.3,95.71,95.71,15159600,Energy,95.372,94.07900000000001,95.16999999999999,95.5372,94.88866210684357,95.15111841958576,-0.26245631274218795,-0.5224284712182345,96.25,14116100.0,92.55,15556500.0,96.98,13238200.0,57.071428571428534,3.4143706104808214,-1.309548360486712,-0.005610389610389621,0.015649178703721896
XOM,2023-07-27,96.54,97.44,95.39,96.01,96.01,17677900,Energy,95.738,94.159,95.171,95.54360000000001,95.06117562886763,95.21473927739422,-0.15356364852658544,-0.4486555066799047,95.71,15159600.0,94.18,15740200.0,95.21,26826800.0,57.315340909090914,1.9430877043958406,0.8402478731225793,0.0031344687075542943,0.014478477781704944
XOM,2023-07-28,95.73,95.77,93.19,94.86,94.86,17566400,Energy,95.786,94.45200000000001,95.055,95.5734,95.03022553211876,95.18846229388353,-0.15823676176476908,-0.3905717576968776,96.01,17677900.0,94.62,17121500.0,91.93,28181900.0,48.228488792480135,0.25364616360177283,3.187207658000646,-0.011977918966774359,0.009134056125608298
XOM,2023-07-31,95.8,98.23,95.8,97.67,97.67,24197000,Energy,96.1,94.986,95.0545,95.6176,95.43634468102357,95.37227990174401,0.06406477927956189,-0.2996444503015897,94.86,17566400.0,96.1,15090900.0,92.33,18051300.0,53.74677002583978,1.6337148803329926,5.783602296111767,0.029622601728863662,0.012404583584573772
XOM,2023-08-01,97.4,97.74,96.11,97.1,97.1,14177400,Energy,96.27,95.50500000000001,95.01599999999999,95.633,95.69229165317378,95.50025916828149,0.19203248489229452,-0.20130906326281287,97.67,24197000.0,96.25,14116100.0,91.91,24617800.0,50.385109114249,0.8831168831168856,5.646828419105643,-0.005835978294256194,0.012528874790003829
XOM,2023-08-02,96.78,96.88,95.24,95.89,95.89,13484100,Energy,96.306,95.839,94.94200000000001,95.6152,95.72270832191629,95.5291288595199,0.1935794623963858,-0.12233135813097314,97.1,14177400.0,95.71,15159600.0,92.55,15556500.0,52.26364846870841,0.18806812245324434,3.60886007563479,-0.012461380020597268,0.013737750985234198
XOM,2023-08-03,96.44,98.25,95.9,97.56,97.56,16280400,Energy,96.61600000000001,96.17699999999999,95.1335,95.65440000000001,96.00536858008302,95.67956375881474,0.32580482126827803,-0.0327041222511229,95.89,13484100.0,96.01,17677900.0,94.18,15740200.0,70.99179716629375,1.6144151650869576,3.58887237205352,0.01741578892480966,0.013715682211161406
XOM,2023-08-04,98.32,99.49,97.75,97.83,97.83,14279600,Energy,97.21000000000001,96.498,95.3275,95.67300000000002,96.28608110622409,95.83885533223587,0.4472257739882224,0.06328185699674616,97.56,16280400.0,94.86,17566400.0,94.62,17121500.0,70.70783132530116,3.130929791271342,3.3925174381737477,0.002767527675276771,0.013712615104985965
XOM,2023-08-07,98.27,98.74,97.0,97.63,97.63,12410800,Energy,97.202,96.651,95.4415,95.6658,96.49283785911268,95.97153271503322,0.5213051440794629,0.15488651441328952,97.83,14279600.0,97.67,24197000.0,96.1,15090900.0,71.89892802450224,-0.04095423364390838,1.5920915712799077,-0.0020443626699376827,0.01308832883267795
XOM,2023-08-08,96.58,98.13,95.48,98.11,98.11,14065600,Energy,97.404,96.837,95.5215,95.7034,96.74163203463381,96.12993769910483,0.6116943355289806,0.24624807863642773,97.63,12410800.0,97.1,14177400.0,96.25,14116100.0,71.55038759689917,1.0401647785788004,1.932467532467541,0.004916521560995646,0.013128542026915808
XOM,2023-08-09,99.01,100.56,98.64,99.78,99.78,19919600,Energy,98.182,97.244,95.6615,95.78699999999999,97.20907326007476,96.40031268435632,0.8087605757184377,0.3587505780528297,98.11,14065600.0,95.89,13484100.0,95.71,15159600.0,71.6383307573415,4.05673167170717,4.252429213248354,0.017021710325145323,0.01361400861159353
XOM,2023-08-10,100.35,101.67,99.67,100.29,100.29,15837200,Energy,98.72800000000001,97.672,95.9155,95.89779999999999,97.68306198929403,96.6884376707003,0.9946243185937362,0.48592532616101103,99.78,19919600.0,97.56,16280400.0,96.01,17677900.0,71.79093005380471,2.7982779827798288,4.457868971982082,0.005111244738424503,0.013610267058907444
XOM,2023-08-11,100.52,102.07,100.23,101.85,101.85,14047000,Energy,99.532,98.371,96.4115,96.0736,98.32412937555648,97.07077562101878,1.2533537545376987,0.6394110118363486,100.29,15837200.0,97.83,14279600.0,94.86,17566400.0,71.96333078686014,4.109168966574672,7.368753953194185,0.015554890816631639,0.012669271462931325
XOM,2023-08-14,101.71,101.98,100.89,101.93,101.93,12973400,Energy,100.392,98.797,96.8915,96.2296,98.87887870239395,97.43071816760998,1.4481605347839661,0.8011609164258722,101.85,14047000.0,97.63,12410800.0,97.67,24197000.0,71.81259600614436,4.404383898391906,4.3616258830756705,0.0007854688267061594,0.010001136132453526
XOM,2023-08-15,101.69,101.79,99.14,99.31,99.31,14909600,Energy,100.632,99.018,97.2615,96.2894,98.94520505587181,97.5699242292685,1.3752808266033156,0.9159848984613609,101.93,12973400.0,98.11,14065600.0,97.1,14177400.0,61.920529801324506,1.2231169095912708,2.27600411946447,-0.02570391445109388,0.013577544647642485
XOM,2023-08-16,99.42,100.39,97.59,97.64,97.64,13695100,Energy,100.204,99.193,97.51599999999999,96.32440000000001,98.74440427804538,97.57511502710047,1.1692892509449138,0.9666457689580715,99.31,14909600.0,99.78,19919600.0,95.89,13484100.0,54.94839101396476,-2.1447183804369607,1.825007821462088,-0.016816030611217392,0.014162124900766898
XOM,2023-08-17,98.63,101.14,98.63,99.53,99.53,16709500,Energy,100.05199999999999,99.39000000000001,97.78349999999999,96.3814,98.86526515834609,97.71992132138932,1.1453438369567692,1.002385382557811,97.64,13695100.0,100.29,15837200.0,97.56,16280400.0,63.567693201626945,-0.7578023731179662,2.0192701927019163,0.019356820975010347,0.014409536709563136
XOM,2023-08-18,98.84,101.19,98.82,101.04,101.04,16224000,Energy,99.89000000000001,99.711,98.1045,96.4254,99.19983974936977,97.96585307536049,1.2339866740092873,1.0487056408481064,99.53,16709500.0,101.85,14047000.0,97.83,14279600.0,60.59082338152106,-0.7952871870397504,3.2812020852499346,0.015171305134130453,0.014995796193496197
XOM,2023-08-21,101.33,101.9,99.29,99.82,99.82,11092400,Energy,99.468,99.92999999999999,98.2905,96.45119999999999,99.2952490186975,98.10319729200044,1.1920517266970592,1.077374858017897,101.04,16224000.0,101.93,12973400.0,97.63,12410800.0,58.21256038647341,-2.070048072206432,2.243162962204237,-0.012074425969913039,0.015713847790909924
XOM,2023-08-22,100.24,100.75,99.12,99.26,99.26,10518800,Energy,99.458,100.045,98.441,96.48039999999999,99.28982609274404,98.1888863814819,1.1009397112621429,1.0820878286667464,99.82,11092400.0,99.31,14909600.0,98.11,14065600.0,60.59082338152106,-0.05034739703957403,1.1721537050249697,-0.005610098176717981,0.01587327898613946
XOM,2023-08-23,98.28,98.52,97.07,98.39,98.39,11435600,Energy,99.60799999999999,99.906,98.575,96.5098,99.15139130924496,98.20378368655732,0.9476076226876415,1.0551917874709253,99.26,10518800.0,97.64,13695100.0,99.78,19919600.0,52.746525479814686,0.7681278164686667,-1.3930647424333586,-0.008764859963731664,0.015107894553573187
XOM,2023-08-24,97.72,98.96,97.39,97.65,97.65,10818500,Energy,99.232,99.642,98.657,96.524,98.92040803089958,98.16276267273825,0.7576453581613265,0.9956825016090056,98.39,11435600.0,99.53,16709500.0,100.29,15837200.0,49.42233632862648,-1.8888777253089462,-2.632366138199227,-0.007521089541620007,0.015040326858945813
XOM,2023-08-25,98.64,100.02,97.9,99.4,99.4,13579300,Energy,98.904,99.397,98.884,96.5966,98.99419141076118,98.25440988216505,0.7397815285961258,0.9445023070064297,97.65,10818500.0,101.04,16224000.0,101.85,14047000.0,55.16637478108584,-1.623119556611241,-2.405498281786933,0.017921146953405076,0.015371985566949187
XOM,2023-08-28,99.58,101.04,99.57,100.23,100.23,10382100,Energy,98.986,99.227,99.012,96.6724,99.18431580910561,98.40074989089356,0.783565918212048,0.9123150292475534,99.4,13579300.0,99.82,11092400.0,101.93,12973400.0,56.06407322654463,0.410739330795451,-1.667811243009909,0.008350100603621735,0.01572418675599321
XOM,2023-08-29,100.69,101.02,99.55,100.83,100.83,9665000,Energy,99.3,99.379,99.1985,96.774,99.43749799232015,98.58069434341996,0.8568036489001827,0.9012127531780794,100.23,10382100.0,99.26,10518800.0,99.31,14909600.0,53.199268738574034,1.5817046141446633,1.530560870003006,0.005986231667165498,0.013330907944676671
XOM,2023-08-30,101.41,102.05,100.98,101.81,101.81,11922100,Energy,99.98400000000001,99.796,99.49449999999999,96.9392,99.80249830119398,98.8199021698333,0.9825961313606797,0.9174894288145995,100.83,9665000.0,98.39,11435600.0,97.64,13695100.0,54.50236966824643,3.4759630043703638,4.2707906595657485,0.009719329564613854,0.011812345356965213
XOM,2023-08-31,102.03,102.31,101.57,102.1,102.1,17479800,Energy,100.874,100.053,99.7215,97.0892,100.1559601010103,99.06287237947527,1.0930877215350279,0.9526090873586852,101.81,11922100.0,97.65,10818500.0,99.53,16709500.0,50.80076873798847,4.557091653865841,2.582136039385108,0.0028484431784696618,0.010553530073703807
XOM,2023-09-01,103.02,104.51,103.02,104.23,104.23,14843500,Energy,101.84,100.372,100.04150000000001,97.29220000000001,100.78273547008563,99.44562257358821,1.3371128964974162,1.0295098491864314,102.1,17479800.0,99.4,13579300.0,101.04,16224000.0,56.51189127972819,4.859154929577469,3.157165479018209,0.02086190009794331,0.011424069533652671
XOM,2023-09-05,104.77,106.36,104.22,104.24,104.24,18304000,Energy,102.64200000000001,100.81400000000001,100.372,97.51180000000001,101.31462232084168,99.8007616422113,1.5138606786303797,1.1263800150752212,104.23,14843500.0,100.23,10382100.0,99.82,11092400.0,66.37873754152821,4.0007981642222745,4.427970346623922,9.594166746618171e-05,0.010202337491097084
XOM,2023-09-06,104.2,105.22,103.97,105.14,105.14,13325500,Energy,103.50399999999999,101.402,100.7235,97.715,101.90314196378911,100.19626077982528,1.70688118396383,1.242480248852943,104.24,18304000.0,100.83,9665000.0,99.26,10518800.0,76.26050420168067,4.274521471784198,5.923836389280668,0.008633921719109816,0.009629502199764467
XOM,2023-09-07,105.27,106.37,104.4,104.63,104.63,13248500,Energy,104.06800000000001,102.026,100.96600000000001,97.90320000000001,102.32265858474463,100.52468590724564,1.79797267749899,1.3535787345821524,105.14,13325500.0,101.81,11922100.0,98.39,11435600.0,69.76744186046508,2.7698654356153485,6.342107937798547,-0.0048506752900894234,0.009032120856387604
XOM,2023-09-08,105.16,106.56,104.97,106.15,106.15,14283200,Energy,104.878,102.876,101.259,98.1064,102.91148034093777,100.94137584004227,1.970104500895502,1.4768838878448223,104.63,13248500.0,102.1,17479800.0,97.65,10818500.0,69.79085979860571,3.966699314397659,8.704557091653875,0.014527382203956885,0.007933591092492698
XOM,2023-09-11,106.68,107.14,104.28,104.82,104.82,14383600,Energy,104.99600000000001,103.418,101.4075,98.2592,103.20509875002426,101.22868133337246,1.976417416651799,1.5767905936062176,106.15,14283200.0,104.23,14843500.0,99.4,13579300.0,69.20122887864821,0.5660558380504499,5.452716297786697,-0.012529439472444781,0.009555178728252397
XOM,2023-09-12,105.91,108.05,105.84,107.88,107.88,20145800,Energy,105.724,104.18299999999999,101.705,98.4632,103.9243143269436,101.72137160497451,2.2029427219690945,1.702021019278793,104.82,14383600.0,104.24,18304000.0,100.23,10382100.0,77.77061855670095,3.491941673062171,7.632445375636032,0.029192902117916475,0.012189054444410699
XOM,2023-09-13,107.81,108.31,106.42,106.92,106.92,13472800,Energy,106.08,104.792,102.0855,98.6442,104.38518904587535,102.10645518979122,2.2787338560841306,1.8173635866398608,107.88,20145800.0,105.14,13325500.0,100.83,9665000.0,77.32222934016654,1.6929807875214031,6.039869086581384,-0.008898776418242438,0.013250153441831098
XOM,2023-09-14,107.94,108.95,107.73,108.83,108.83,15210700,Energy,106.92,105.494,102.64500000000001,98.8734,105.06900611574068,102.60449554610298,2.464510569637696,1.9467929832394277,106.92,13472800.0,104.63,13248500.0,101.81,11922100.0,83.31346841477945,4.014145082672282,6.895196935468029,0.017863823419378866,0.01374785945944728
XOM,2023-09-15,108.26,108.82,106.97,107.15,107.15,34568400,Energy,107.12,105.999,103.026,99.1418,105.38915902101134,102.94119957972498,2.4479594412863577,2.0470262748488137,108.83,15210700.0,106.15,14283200.0,102.1,17479800.0,73.1897067624177,0.9420631182289307,4.946131243878571,-0.01543691996692087,0.015439962972949774
XOM,2023-09-18,107.92,108.57,107.15,108.02,108.02,14045300,Energy,107.75999999999999,106.378,103.375,99.4232,105.79390378700958,103.31740701826386,2.4764967687457187,2.132920373628195,107.15,34568400.0,104.82,14383600.0,104.23,14843500.0,73.25373134328356,3.052852509063153,3.6361891969682425,0.008119458702753102,0.014476226662674641
XOM,2023-09-19,108.92,109.12,107.07,107.73,107.73,12562900,Energy,107.72999999999999,106.727,103.7705,99.6708,106.09176474285425,103.64426575765174,2.4474989852025146,2.195836095943059,108.02,14045300.0,107.88,20145800.0,104.24,18304000.0,70.98540145985405,-0.13904338153503115,3.3480429777436704,-0.0026846880207368473,0.014578885113748807
XOM,2023-09-20,107.01,108.37,106.81,106.88,106.88,11879900,Energy,107.72200000000001,106.901,104.15150000000001,99.87820000000002,106.21303170549206,103.88394977560345,2.329081929888602,2.222485262732168,107.73,12562900.0,106.92,13472800.0,105.14,13325500.0,65.5426118945432,-0.037411148522270565,1.6549362754422647,-0.00789009560939391,0.014852814132496686
XOM,2023-09-21,107.41,107.77,105.23,105.37,105.37,14400600,Energy,107.03,106.975,104.50050000000002,100.046,106.08333452003174,103.9940275700032,2.0893069500285435,2.195849600191443,106.88,11879900.0,108.83,15210700.0,104.63,13248500.0,59.32686822589848,-3.1792704217586953,0.7072541336136995,-0.014127994011975953,0.015582141581041842
XOM,2023-09-22,106.25,107.14,105.42,105.54,105.54,13197300,Energy,106.70800000000001,106.91400000000002,104.89500000000001,100.2526,105.999744593873,104.10854404629926,1.891200547573746,2.1349197896679035,105.37,14400600.0,107.15,34568400.0,106.15,14283200.0,54.2068079640334,-1.5025664955669593,-0.5746585021196404,0.0016133624371263977,0.01483659865502387
XOM,2023-09-25,105.68,107.11,105.44,106.72,106.72,11316000,Energy,106.44800000000001,107.104,105.261,100.5484,106.11055311789255,104.30198522805487,1.8085678898376756,2.0696494097018583,105.54,13197300.0,108.02,14045300.0,104.82,14383600.0,57.40740740740742,-1.2034808368820538,1.812631177256252,0.011180595035057639,0.014589125567857013
XOM,2023-09-26,106.05,107.18,105.93,106.89,106.89,11805400,Energy,106.28,107.005,105.59400000000001,100.83959999999999,106.23046802283216,104.49369002597673,1.7367779968554231,2.003075127132571,106.72,11316000.0,107.73,12562900.0,107.88,20145800.0,55.465334166146164,-0.7797270955165692,-0.91768631813125,0.0015929535232384051,0.011026342826329085
XOM,2023-09-27,108.25,110.64,107.8,110.37,110.37,23976200,Energy,106.978,107.35,106.071,101.2088,106.8673190962426,104.92897224627475,1.938346849967843,1.9901294716996256,106.89,11805400.0,106.88,11879900.0,106.92,13472800.0,65.12118018967337,3.2653443113772607,3.2267115600449037,0.03255683412854338,0.014813636220895533
XOM,2023-09-28,110.17,110.83,108.52,109.7,109.7,16808100,Energy,107.84400000000001,107.43699999999998,106.46549999999999,101.55179999999999,107.30311615835912,105.28238170951366,2.0207344488454595,1.9962504671287924,110.37,23976200.0,105.37,14400600.0,108.83,15210700.0,59.790402647545505,4.109329031033493,0.7994119268584177,-0.006070490169430065,0.014112218250948218
XOM,2023-09-29,109.36,109.43,107.18,107.96,107.96,18813600,Energy,108.328,107.518,106.7585,101.8274,107.40417521091925,105.48072380510523,1.9234514058140206,1.9816906548658382,109.7,16808100.0,105.54,13197300.0,107.15,34568400.0,58.468176914778866,2.2929694902406483,0.7559496033597624,-0.015861440291704776,0.014167304930809171
XOM,2023-10-02,107.92,108.16,105.18,106.17,106.17,14395000,Energy,108.218,107.333,106.85549999999998,102.0584,107.21430210154705,105.53178130102336,1.6825208005236902,1.9218566839974087,107.96,18813600.0,106.72,11316000.0,108.02,14045300.0,45.04921829762595,-0.5153673163418304,-1.7126458063321581,-0.01658021489440531,0.014892278045342405
XOM,2023-10-03,106.0,106.92,105.62,106.36,106.36,13297100,Energy,108.112,107.196,106.9615,102.26360000000001,107.08287100900134,105.59313083428088,1.4897401747204526,1.8354333821420177,106.17,14395000.0,106.89,11805400.0,107.73,12562900.0,48.3030303030303,-0.49583684161287334,-1.2716977629258386,0.001789582744654794,0.014924152632773571
XOM,2023-10-04,104.72,104.76,101.46,102.38,102.38,19622200,Energy,106.51399999999998,106.74600000000001,106.8235,102.38619999999999,106.35935239223191,105.35512114285267,1.0042312493792451,1.6691929555894631,106.36,13297100.0,110.37,23976200.0,106.88,11879900.0,32.63327948303713,-7.239286037872617,-4.210329341317365,-0.03742008273787145,0.018814023884819824
XOM,2023-10-05,100.82,101.83,99.81,100.08,100.08,20128800,Energy,104.59,106.21700000000001,106.596,102.4736,105.39329817804239,104.96437142856728,0.4289267494751101,1.4211397143665927,102.38,19622200.0,109.7,16808100.0,105.37,14400600.0,31.578947368421012,-8.769371011850502,-5.020404289646018,-0.022465325258839597,0.01947915058114692
XOM,2023-10-06,97.08,99.41,96.51,98.4,98.4,25367500,Energy,102.678,105.503,106.2085,102.5214,104.31740615065125,104.47812169311786,-0.1607155424666047,1.1047686629999531,100.08,20128800.0,107.96,18813600.0,105.54,13197300.0,25.950000000000003,-8.855131530196358,-6.765207504263781,-0.01678657074340517,0.01965678380231802
XOM,2023-10-09,101.41,102.9,100.56,101.85,101.85,22369900,Energy,101.814,105.016,106.06000000000002,102.66120000000001,103.93780520439721,104.28344601214616,-0.3456408077489499,0.8146867688501725,98.4,25367500.0,106.17,14395000.0,106.72,11316000.0,37.30569948186526,-4.06894602995197,-4.563343328335834,0.03506097560975596,0.023213552064998876
XOM,2023-10-10,101.94,102.33,101.11,101.42,101.42,13892000,Energy,100.826,104.46900000000001,105.737,102.7362,103.55045055756688,104.07133890013533,-0.5208883425684547,0.5475717465664471,101.85,22369900.0,106.36,13297100.0,106.89,11805400.0,37.99472295514512,-4.644603234298605,-5.117410421929081,-0.004221894943544302,0.02311887696746643
XOM,2023-10-11,98.21,98.4,96.26,97.78,97.78,57939000,Energy,99.90599999999999,103.21,105.28,102.7498,102.66268893332582,103.6053137964216,-0.942624863095773,0.24953242463400313,101.42,13892000.0,102.38,19622200.0,110.37,23976200.0,34.74065138721349,-4.493065051767919,-11.407085258675364,-0.03589035693157172,0.020778080376001047
XOM,2023-10-12,98.79,99.02,97.41,97.76,97.76,31183000,Energy,99.44200000000001,102.01599999999999,104.72650000000002,102.78720000000001,101.90842909742955,103.17232758927926,-1.2638984918497158,-0.05315375866274066,97.78,57939000.0,100.08,20128800.0,109.7,16808100.0,34.26375404530742,-2.318145483613099,-10.88422971741112,-0.00020454080589071832,0.021040350389316037
XOM,2023-10-13,99.19,101.19,99.02,100.88,100.88,30276500,Energy,99.938,101.308,104.41299999999998,102.85359999999999,101.75020923628654,103.00252554562894,-1.2523163093424046,-0.2929862687986735,97.76,31183000.0,98.4,25367500.0,107.96,18813600.0,39.047261815453844,2.5203252032520274,-6.557984438680997,0.03191489361702127,0.024941520746290666
XOM,2023-10-16,101.46,101.63,100.2,100.96,100.96,18452000,Energy,99.76,100.787,104.05999999999999,102.91619999999999,101.62863858455015,102.85122735706383,-1.2225887725136886,-0.47890676954167655,100.88,30276500.0,101.85,22369900.0,106.17,14395000.0,38.840797892359774,-0.8738340697103553,-4.907224262974486,0.0007930214115781098,0.02476428198569602
XOM,2023-10-17,100.75,102.66,100.71,102.28,102.28,19775400,Energy,99.93199999999999,100.37899999999999,103.7875,103.0092,101.7288480330809,102.80891421950355,-1.0800661864226555,-0.5991386529178724,100.96,18452000.0,101.42,13892000.0,106.36,13297100.0,33.428922572716075,0.8479589824492262,-3.836028582173745,0.01307448494453256,0.02534534992138402
XOM,2023-10-18,102.67,104.12,102.56,103.71,103.71,23380300,Energy,101.11800000000001,100.51199999999999,103.62899999999999,103.1212,102.03364064337615,102.87566131435514,-0.8420206709789966,-0.6477150565300973,102.28,19775400.0,97.78,57939000.0,102.38,19622200.0,38.10091378625344,6.064634894661469,1.2990818519241998,0.013981228001564316,0.02281341632106032
XOM,2023-10-19,103.5,104.65,102.22,103.78,103.78,20972500,Energy,102.32199999999999,100.882,103.5495,103.20120000000001,102.30231131362596,102.94264936514365,-0.6403380515176877,-0.6462396555276154,103.71,23380300.0,97.76,31183000.0,100.08,20128800.0,41.1063829787234,6.15793780687397,3.697042366107106,0.0006749590203452005,0.02122807337160751
XOM,2023-10-20,103.68,104.05,101.73,101.99,101.99,22445300,Energy,102.54400000000001,101.24100000000001,103.372,103.2352,102.25426341922197,102.87208274550339,-0.6178193262814204,-0.6405555896783766,103.78,20972500.0,100.88,30276500.0,98.4,25367500.0,41.10638297872338,1.1003172085646273,3.6483739837398277,-0.01724802466756603,0.021278334340166825
XOM,2023-10-23,101.58,101.88,99.79,100.5,100.5,18185000,Energy,102.452,101.10600000000001,103.06099999999999,103.20819999999999,101.98437673934167,102.69637291250314,-0.7119961731614666,-0.6548437063749946,101.99,22445300.0,100.96,18452000.0,101.85,22369900.0,38.18548387096773,-0.45562599049128183,-1.3254786450662692,-0.014609275419158685,0.018824330616352213
XOM,2023-10-24,100.73,100.84,99.28,99.52,99.52,16786100,Energy,101.9,100.916,102.6925,103.16,101.60524185636604,102.46108603009549,-0.8558441737294515,-0.6950437998458859,100.5,18185000.0,102.28,19775400.0,101.42,13892000.0,43.44036697247706,-2.698474775127102,-1.8733977519227007,-0.009751243781094598,0.019004168711833375
XOM,2023-10-25,99.64,100.54,99.29,99.71,99.71,22047300,Energy,101.1,101.109,102.1595,103.168,101.31366618615588,102.25730187971806,-0.9436356935621717,-0.7447621785891432,99.52,16786100.0,103.71,23380300.0,97.78,57939000.0,49.06043676993396,-3.856908687686822,1.9738187768459703,0.0019091639871382515,0.014733157279249263
XOM,2023-10-26,98.66,99.48,97.79,98.8,98.8,18768300,Energy,100.104,101.213,101.61449999999999,103.1912,100.92694831136268,102.00120544418338,-1.074257132820705,-0.8106611694354556,99.71,22047300.0,103.78,20972500.0,97.76,31183000.0,51.05708245243127,-4.798612449412221,1.0638297872340274,-0.009126466753585416,0.015149351094904758
XOM,2023-10-27,99.98,100.87,96.38,96.92,96.92,23092000,Energy,99.09,100.817,101.0625,103.139,100.31049472499919,101.62481985572535,-1.3143251307261608,-0.9113939616935967,98.8,18768300.0,101.99,22445300.0,100.88,30276500.0,35.792507204610956,-4.9710755956466235,-3.9254559873116546,-0.01902834008097165,0.011868911970518885
XOM,2023-10-30,97.09,97.72,96.6,97.22,97.22,19379900,Energy,98.434,100.443,100.615,103.0626,99.83503399807623,101.2985369034494,-1.4635029053731756,-1.0218157504295124,96.92,23092000.0,100.5,18185000.0,100.96,18452000.0,37.80487804878047,-3.263681592039802,-3.7044374009508663,0.0030953363598844597,0.01199246076885033
XOM,2023-10-31,96.94,97.48,95.99,97.19,97.19,22185200,Energy,97.968,99.934,100.15650000000001,103.01,99.42810569067989,100.99420083652723,-1.566095145847342,-1.1306716295130785,97.22,19379900.0,99.52,16786100.0,102.28,19775400.0,47.83247612049962,-2.3412379421221874,-4.976535001955417,-0.00030857848179388636,0.010575151015948301
XOM,2023-11-01,97.82,98.4,96.83,97.0,97.0,28984900,Energy,97.426,99.26299999999999,99.8875,102.9648,99.05455096903682,100.69833410789559,-1.6437831388587654,-1.233293931382216,97.19,22185200.0,99.71,22047300.0,103.71,23380300.0,47.24238026124816,-2.717881857386417,-6.469964323594635,-0.0019549336351476487,0.00835851485898578
XOM,2023-11-02,97.22,100.26,96.87,100.19,100.19,25212700,Energy,97.704,98.904,99.893,103.0008,99.22923543533885,100.66067972953296,-1.4314442941941081,-1.2729240039445946,97.0,28984900.0,98.8,18768300.0,103.78,20972500.0,47.50902527075812,1.406882591093117,-3.459240701483912,0.0328865979381443,0.015031553636509914
XOM,2023-11-03,99.53,99.88,97.83,98.96,98.96,30555600,Energy,98.112,98.601,99.92099999999999,103.027,99.18781459913288,100.53470345327126,-1.3468888541383848,-1.2877169739833527,100.19,25212700.0,96.92,23092000.0,101.99,22445300.0,43.33333333333333,2.1048287247214192,-2.9708794979899977,-0.012276674318794312,0.014599161149789517
XOM,2023-11-06,99.32,99.41,97.12,97.21,97.21,19097300,Energy,98.11,98.27199999999999,99.689,102.9832,98.88353543003551,100.28842912339933,-1.4048936933638174,-1.3111523178594457,98.96,30555600.0,97.22,19379900.0,100.5,18185000.0,33.57096565132855,-0.010285949393129545,-3.2736318407960208,-0.01768391269199676,0.014902013502685985
XOM,2023-11-07,95.93,96.28,94.84,95.69,95.69,20272500,Energy,97.81,97.889,99.4025,102.8924,98.39222228695311,99.94780474388827,-1.5555824569351557,-1.360038345674588,97.21,19097300.0,97.19,22185200.0,99.52,16786100.0,24.162371134020617,-1.5433686593270934,-3.8484726688102877,-0.015636251414463453,0.01529933519491316
XOM,2023-11-08,95.25,96.32,94.47,94.51,94.51,19184100,Energy,97.31199999999998,97.369,99.239,102.766,97.79495731972956,99.54500439248913,-1.7500470727595712,-1.4380400910915845,95.69,20272500.0,97.0,28984900.0,99.71,22047300.0,22.1286831028262,-2.5670103092783503,-5.215123859191639,-0.012331487093740101,0.015370193682316593
XOM,2023-11-09,95.19,95.47,94.45,94.54,94.54,18380500,Energy,96.182,96.943,99.078,102.6206,97.29419465515578,99.17426332637883,-1.8800686712230572,-1.526445807117879,94.51,19184100.0,100.19,25212700.0,98.8,18768300.0,24.949562878278414,-5.639285357820134,-4.311740890688254,0.00031742672733048316,0.015394734617206396
XOM,2023-11-10,95.43,95.87,94.49,95.26,95.26,17825500,Energy,95.442,96.777,98.797,102.48380000000002,96.98124163128566,98.88431789479522,-1.9030762635095613,-1.6017718983962155,94.54,18380500.0,98.96,30555600.0,96.92,23092000.0,31.418439716312037,-3.7388843977364528,-1.712752785802718,0.007615823989845616,0.01485721090435538
XOM,2023-11-13,95.54,96.54,95.32,96.26,96.26,15308400,Energy,95.252,96.681,98.562,102.32440000000001,96.87028138031863,98.68992397666224,-1.8196425963436127,-1.645346037985695,95.26,17825500.0,97.21,19097300.0,97.22,19379900.0,38.45609065155809,-0.9772657134039631,-0.9874511417403808,0.010497585555322209,0.015296572152163387
XOM,2023-11-14,96.64,97.13,96.25,96.64,96.64,18260500,Energy,95.44200000000001,96.626,98.28,102.1724,96.83485347565423,98.53807775616875,-1.7032242805145188,-1.65692168649146,96.26,15308400.0,95.69,20272500.0,97.19,22185200.0,39.273235499650596,0.9927892151740059,-0.5659018417532691,0.003947641803448976,0.015373488990430381
XOM,2023-11-15,96.33,97.43,95.9,96.05,96.05,20137600,Energy,95.75,96.531,97.897,101.9906,96.71410678709205,98.35377570015623,-1.6396689130641846,-1.6534711318060051,96.64,18260500.0,94.51,19184100.0,97.0,28984900.0,40.17155110793423,1.6294572002962582,-0.9793814432989767,-0.006105132450331174,0.015473966164383717
XOM,2023-11-16,95.35,95.69,93.73,94.94,94.94,22469100,Energy,95.83,96.006,97.455,101.79679999999999,96.44116728138557,98.10090342607059,-1.659736144685013,-1.6547241343818069,96.05,20137600.0,94.54,18380500.0,100.19,25212700.0,42.511346444780614,0.4231013327691935,-5.240043916558534,-0.01155648099947948,0.010173817616425862
XOM,2023-11-17,95.5,97.69,95.21,97.26,97.26,22984900,Energy,96.23,95.83599999999998,97.2185,101.619,96.56714154578779,98.0386142833987,-1.4714727376109096,-1.6180738550276275,94.94,22469100.0,95.26,17825500.0,98.96,30555600.0,50.131233595800545,2.099517111064464,-1.7178658043653927,0.024436486201811825,0.013473887400409322
XOM,2023-11-20,97.65,98.11,96.77,96.83,96.83,17458800,Energy,96.344,95.798,97.035,101.4592,96.60758130797429,97.94908729944325,-1.3415059914689635,-1.5627602823158946,97.26,22984900.0,96.26,15308400.0,97.21,19097300.0,48.84910485933504,0.5921462705173353,-0.3909062853615808,-0.0044211392144767325,0.012323910846870236
XOM,2023-11-21,96.56,97.02,95.64,96.79,96.79,14989000,Energy,96.374,95.90799999999999,96.89849999999998,101.2374,96.6356457221321,97.86322898096597,-1.2275832588338744,-1.4957248776194907,96.83,17458800.0,96.64,18260500.0,95.69,20272500.0,49.322143318269866,0.15521523178807506,1.149545407043595,-0.00041309511515019715,0.011101870882807686
XOM,2023-11-22,95.05,96.48,94.46,96.38,96.38,18072000,Energy,96.44000000000001,96.095,96.732,101.0266,96.59631561103484,97.75336016756108,-1.1570445565262446,-1.4279888134008414,96.79,14989000.0,96.05,20137600.0,94.51,19184100.0,35.01180173092054,0.3435710567412764,1.9786266003597452,-0.004235974790784303,0.010269581892178992
XOM,2023-11-24,96.39,97.73,96.28,96.89,96.89,9480800,Energy,96.83,96.33000000000001,96.6365,100.7878,96.64149782472178,97.68940756255657,-1.047909737834786,-1.3519729982876303,96.38,18072000.0,94.94,22469100.0,94.54,18380500.0,41.36780650542122,2.0539287971350406,2.4857203300190367,0.005291554264370335,0.010299003084722258
XOM,2023-11-27,96.46,96.74,95.61,96.33,96.33,18013500,Energy,96.64399999999999,96.437,96.607,100.5714,96.59357508245688,97.5887107060709,-0.9951356236140185,-1.280605523352908,96.89,9480800.0,97.26,22984900.0,95.26,17825500.0,45.92592592592595,-0.9561998766193791,1.1232416544194823,-0.005779750232222103,0.010430814816762621
XOM,2023-11-28,96.59,97.21,96.26,96.27,96.27,20629500,Energy,96.532,96.438,96.5595,100.3364,96.54379430054044,97.49102843154712,-0.947234131006681,-1.2139312448836626,96.33,18013500.0,96.83,17458800.0,96.26,15308400.0,53.10492505353318,-0.5783331612103759,0.010388531061700235,-0.0006228589224540615,0.009904970403707577
XOM,2023-11-29,96.62,96.9,94.18,94.83,94.83,26802100,Energy,96.14,96.257,96.44149999999999,100.0784,96.28013363891883,97.29391521439548,-1.0137815754766564,-1.1739013110022614,96.27,20629500.0,96.79,14989000.0,96.64,18260500.0,51.66666666666663,-2.0250025829114615,-1.8729304635761612,-0.014957930819569976,0.010839414854826633
XOM,2023-11-30,95.54,96.81,94.34,95.2,95.2,29254700,Energy,95.904,96.172,96.3515,99.84479999999999,96.11395923293132,97.13881038369952,-1.0248511507681997,-1.1440912789554492,94.83,26802100.0,96.38,18072000.0,96.05,20137600.0,53.31991951710258,-1.2243203984229067,-0.8849557522123797,0.0039017188653380774,0.010863430490554984
XOM,2023-12-01,94.98,96.57,94.72,95.43,95.43,17845300,Energy,95.612,96.221,96.1135,99.64599999999999,96.00873473555727,97.01223183675882,-1.0034971012015461,-1.1159724434046685,95.2,29254700.0,96.89,9480800.0,94.94,22469100.0,50.899470899470906,-1.506863453400753,0.5161154413313662,0.0024159663865546133,0.010210254508768002
XOM,2023-12-04,94.63,95.77,94.13,94.91,94.91,21523900,Energy,95.328,95.986,95.911,99.4334,95.83969862239462,96.85651095996185,-1.0168123375672309,-1.0961404222371811,95.43,17845300.0,96.33,18013500.0,97.26,22984900.0,42.47491638795985,-1.474099449807953,-2.4162039893070197,-0.005449020224248202,0.005916460768955809
XOM,2023-12-05,94.76,94.83,92.93,93.07,93.07,22250300,Energy,94.68800000000002,95.61,95.70400000000001,99.16040000000001,95.4135911420262,96.57602866663134,-1.1624375246051386,-1.1093998427107727,94.91,21523900.0,96.27,20629500.0,96.83,17458800.0,32.88590604026851,-3.323984626571108,-3.883094082412486,-0.019386787482878587,0.00800208114566092
XOM,2023-12-06,92.66,93.33,91.12,91.84,91.84,31154800,Energy,94.09,95.115,95.5115,98.85940000000001,94.86380788940679,96.22521172836235,-1.3614038389555674,-1.1598006419597318,93.07,22250300.0,94.83,26802100.0,96.79,14989000.0,30.984643179765214,-3.1530106506379774,-5.1141646864345525,-0.013215859030836885,0.00839265965629029
XOM,2023-12-07,92.53,93.44,90.89,91.2,91.2,29990700,Energy,93.28999999999999,94.597,95.346,98.476,94.30014513719037,95.85297382255774,-1.5528286853673734,-1.23840625064126,91.84,31154800.0,95.2,29254700.0,96.38,18072000.0,32.358490566037815,-4.201680672268903,-5.374559037144633,-0.006968641114982632,0.008402125009857257
XOM,2023-12-08,91.75,92.47,91.5,92.24,92.24,22074900,Energy,92.652,94.13199999999999,95.23100000000001,98.1268,93.98319973146877,95.58534613199791,-1.6021464005291364,-1.3111542806188354,91.2,29990700.0,95.43,17845300.0,96.89,9480800.0,23.068669527897,-3.342764329875314,-4.799256889255865,0.011403508771929749,0.009431728513553053
XOM,2023-12-11,92.48,92.53,91.34,92.31,92.31,22252300,Energy,92.132,93.73,95.0835,97.81380000000001,93.72578438816588,95.34272789999807,-1.61694351183219,-1.3723121268615066,92.24,22074900.0,94.91,21523900.0,96.33,18013500.0,24.776785714285793,-2.7394373617110834,-4.173154780442223,0.0007588898525585641,0.00958671613918618
XOM,2023-12-12,91.44,91.44,90.33,90.85,90.85,26084000,Energy,91.68800000000002,93.188,94.813,97.5074,93.28335602075573,95.00993324073895,-1.7265772199832128,-1.4431651454858478,92.31,22252300.0,93.07,22250300.0,96.27,20629500.0,21.387283236994264,-2.3853013860535066,-5.629998961254801,-0.015816271259885273,0.010142519173065667
XOM,2023-12-13,90.84,91.76,90.49,91.66,91.66,19915400,Energy,91.652,92.87100000000001,94.564,97.21339999999998,93.03360894063947,94.76179003772124,-1.728181097081773,-1.500168335805033,90.85,26084000.0,91.84,31154800.0,94.83,26802100.0,28.107606679035314,-0.19599303135888757,-3.342824000843614,0.008915795266923432,0.010531720706674701
XOM,2023-12-14,92.52,94.64,92.4,94.12,94.12,26165700,Energy,92.236,92.763,94.4675,97.04820000000001,93.20074602669494,94.71425003492708,-1.5135040082321325,-1.5028354702904532,91.66,19915400.0,91.2,29990700.0,95.2,29254700.0,39.120188531029115,3.2017543859649056,-1.134453781512601,0.026838315513855626,0.014158313073146514
XOM,2023-12-15,93.21,93.59,92.95,93.49,93.49,55527000,Energy,92.486,92.569,94.395,96.9164,93.24524663797264,94.6235648471547,-1.378318209182055,-1.4779320180687736,94.12,26165700.0,92.24,22074900.0,95.43,17845300.0,38.90625000000002,1.3551604509973947,-2.032903699046429,-0.006693582660433628,0.014203488224465445
XOM,2023-12-18,94.63,95.54,94.07,94.19,94.19,21610400,Energy,92.862,92.497,94.2415,96.8322,93.39059330905377,94.59144893255065,-1.200855623496878,-1.4225167391543945,93.49,55527000.0,92.31,22252300.0,94.91,21523900.0,42.26190476190479,2.0366157512728744,-0.7586134232430708,0.007487431810888845,0.014437730465284942
XOM,2023-12-19,94.51,95.62,94.32,95.43,95.43,18904700,Energy,93.778,92.73299999999999,94.17150000000001,96.70379999999999,93.70434818458396,94.65356382643579,-0.9492156418518221,-1.32785651969388,94.19,21610400.0,90.85,26084000.0,93.07,22250300.0,52.26586102719036,5.041276829939467,2.5357257977866254,0.013164879498885229,0.013379124577738506
XOM,2023-12-20,95.9,96.31,93.71,93.84,93.84,20988900,Energy,94.214,92.93299999999999,94.024,96.55220000000001,93.72521769464797,94.5932998392924,-0.8680821446444327,-1.2359016446839908,95.43,18904700.0,91.66,19915400.0,91.84,31154800.0,45.297372060857555,2.378354789439241,2.1777003484320545,-0.016661427224143432,0.013866811903348656
XOM,2023-12-21,94.02,94.52,93.41,94.26,94.26,19250900,Energy,94.242,93.239,93.91799999999999,96.4818,93.80749189547136,94.56861096230777,-0.7611190668364145,-1.1409451291144757,93.84,20988900.0,94.12,26165700.0,91.2,29990700.0,46.006825938566564,0.14874628134295964,3.355263157894739,0.004475703324808178,0.013489222458013967
XOM,2023-12-22,94.8,95.38,94.35,94.43,94.43,12927800,Energy,94.42999999999999,93.458,93.795,96.41519999999998,93.90326237309115,94.55834348361832,-0.6550811105271634,-1.0437723253970133,94.26,19250900.0,93.49,55527000.0,92.24,22074900.0,48.32167832167836,1.0054551288908087,2.374241110147457,0.001803522172713734,0.013193707860252155
XOM,2023-12-26,95.2,95.47,94.62,94.64,94.64,16835100,Energy,94.52000000000001,93.691,93.7105,96.2904,94.01660662338482,94.5643921144614,-0.5477854910765814,-0.9445749585329268,94.43,12927800.0,94.19,21610400.0,92.31,22252300.0,56.19573796369378,0.477757723749872,2.5241035640775733,0.002223869532987255,0.01318125117906236
XOM,2023-12-27,94.55,95.02,93.9,94.2,94.2,14558800,Energy,94.274,94.02600000000001,93.607,96.15520000000001,94.04482098901792,94.53740010598277,-0.4925791169648477,-0.854175790219311,94.64,16835100.0,95.43,18904700.0,90.85,26084000.0,59.9326599326599,-1.288902860735619,3.6873968079251584,-0.004649196956889257,0.011856618058296294
XOM,2023-12-28,93.95,94.15,92.78,92.84,92.84,16329300,Energy,94.074,94.14399999999999,93.50750000000001,95.9664,93.8594639137844,94.41166676479887,-0.5522028510144708,-0.793781202378343,94.2,14558800.0,93.84,20988900.0,91.66,19915400.0,56.50793650793649,-1.0656436487638588,1.2873663539166635,-0.014437367303609339,0.012961459182990645
XOM,2023-12-29,93.0,93.21,92.31,92.64,92.64,17746400,Energy,93.75000000000001,93.99600000000001,93.3795,95.745,93.67185408089449,94.28043218962858,-0.6085781087340933,-0.7567405836494931,92.84,16329300.0,94.26,19250900.0,94.12,26165700.0,51.70068027210886,-1.7186505410566544,-1.5724606884827907,-0.0021542438604050806,0.009374112366118677
XOM,2024-01-02,93.51,95.53,93.45,94.85,94.85,23483000,Energy,93.834,94.13199999999999,93.3505,95.56639999999999,93.85310729921841,94.32262239780425,-0.4695150985858447,-0.6992954866367636,92.64,17746400.0,94.43,12927800.0,93.49,55527000.0,59.13669064748196,0.4447739065974732,1.454701037544126,0.023855785837651133,0.012093032367417484
XOM,2024-01-03,94.76,96.01,94.2,95.64,95.64,23490800,Energy,94.03399999999999,94.277,93.387,95.4394,94.12801386856941,94.42020592389282,-0.29219205532341164,-0.6178748003740931,94.85,23483000.0,94.64,16835100.0,94.19,21610400.0,68.10279667422523,1.0566356720202785,1.539441554305121,0.008328940432261511,0.012142070219755058
XOM,2024-01-04,96.44,96.89,94.56,94.81,94.81,19395200,Energy,94.15599999999999,94.215,93.474,95.3256,94.23293481186643,94.44907955916003,-0.21614474729359756,-0.537528789757994,95.64,23490800.0,94.2,14558800.0,95.43,18904700.0,61.886792452830186,0.6475583864118839,-0.6496908728911288,-0.008678377248013347,0.011789063850925215
XOM,2024-01-05,95.6,95.81,94.63,95.1,95.1,15827400,Energy,94.60799999999999,94.34100000000001,93.637,95.23719999999999,94.36632945619468,94.49729588811113,-0.1309664319164483,-0.4562163181896849,94.81,19395200.0,92.84,16329300.0,93.84,20988900.0,54.422382671480094,2.4342955622576268,1.3427109974424534,0.0030587490771014636,0.010365240354217032
XOM,2024-01-08,93.34,93.62,91.64,93.51,93.51,23370100,Energy,94.782,94.266,93.7525,95.11319999999999,94.23458646293396,94.42416285936216,-0.18957639642819402,-0.40288833383738676,95.1,15827400.0,92.64,17746400.0,94.26,19250900.0,50.08305647840536,0.9391191709844593,-0.7956715467854925,-0.016719242902208054,0.011738524387505061
XOM,2024-01-09,93.86,93.86,91.91,92.35,92.35,19496600,Energy,94.28200000000001,94.05799999999999,93.758,94.9842,93.94465008402105,94.27052116607607,-0.32587108205501636,-0.3874848834809127,93.51,23370100.0,94.85,23483000.0,94.43,12927800.0,42.63999999999999,-2.635740643120721,-2.2026898231494396,-0.01240509036466697,0.012245838913820835
XOM,2024-01-10,92.48,92.48,90.96,91.45,91.45,18206100,Energy,93.44399999999999,93.739,93.715,94.87480000000001,93.56085776340242,94.06159367229266,-0.5007359088902348,-0.41013508856277714,92.35,19496600.0,95.64,23490800.0,94.64,16835100.0,33.6348684210526,-4.381012128816398,-3.3706677937447194,-0.009745533297238707,0.012354475196472346
XOM,2024-01-11,91.77,92.2,91.33,91.43,91.43,15833400,Energy,92.768,93.462,93.744,94.759,93.23303349210975,93.86666080767839,-0.6336273155686314,-0.45483353396394804,91.45,18206100.0,94.81,19395200.0,94.2,14558800.0,38.621340887629835,-3.5650247864149276,-2.940552016985132,-0.0002186987424821485,0.012382299666183908
XOM,2024-01-12,92.79,93.26,91.89,92.61,92.61,18041700,Energy,92.27000000000001,93.43900000000001,93.7915,94.66740000000001,93.13718218563133,93.77357482192443,-0.6363926362930954,-0.4911453544297776,91.43,15833400.0,95.1,15827400.0,92.84,16329300.0,42.7312775330396,-2.6182965299684446,-0.24773804394657706,0.01290604834299458,0.012571906574927585
XOM,2024-01-16,92.49,92.67,90.37,90.52,90.52,20235700,Energy,91.672,93.227,93.6115,94.5378,92.73453877245728,93.53256927955965,-0.7980305071023679,-0.5525223849642957,92.61,18041700.0,93.51,23370100.0,92.64,17746400.0,35.26752072343625,-3.197518981927072,-2.2884283246977555,-0.022567757261634847,0.014446199386667821
XOM,2024-01-17,89.51,90.77,89.49,89.86,89.86,18384000,Energy,91.174,92.728,93.43,94.3312,92.29230203823309,93.26052711070338,-0.9682250724702897,-0.6356629224654945,90.52,20235700.0,92.35,19496600.0,94.85,23483000.0,32.58017492711366,-2.6962642122360547,-5.260938323668951,-0.007291206363234659,0.011190687839556714
XOM,2024-01-18,89.88,89.96,88.79,89.7,89.7,20940300,Energy,90.824,92.134,93.2055,94.146,91.89348634004338,92.9967843617624,-1.103298021719013,-0.7291899423161983,89.86,18384000.0,91.45,18206100.0,95.64,23490800.0,33.25892857142854,-1.913613996719521,-6.210790464240901,-0.0017805475183618746,0.010235180030786502
XOM,2024-01-19,89.62,89.9,89.33,89.83,89.83,20088400,Energy,90.50399999999999,91.636,92.9255,93.9984,91.57602690311364,92.76220774237258,-1.1861808392589381,-0.8205881217047464,89.7,20940300.0,91.43,15833400.0,94.81,19395200.0,37.67403767403762,-1.7499726566772456,-5.252610484126152,0.0014492753623187582,0.01047675965703745
XOM,2024-01-22,89.6,89.97,88.74,89.71,89.71,19955900,Energy,89.924,91.097,92.71900000000001,93.87880000000001,91.28894584109615,92.53611827997462,-1.247172438878465,-0.9059049851394901,89.83,20088400.0,92.61,18041700.0,95.1,15827400.0,37.92250618301725,-3.1314112946766115,-5.667718191377502,-0.0013358566180563525,0.010173500121164443
XOM,2024-01-23,89.7,91.27,89.63,90.72,90.72,15863400,Energy,89.964,90.818,92.542,93.803,91.20141571169674,92.40159099997649,-1.2001752882797518,-0.9647590457675425,89.71,19955900.0,90.52,20235700.0,93.51,23370100.0,31.10704483074106,0.22094564737074052,-2.9836381135707524,0.011258499609853923,0.010663320244693181
XOM,2024-01-24,91.1,92.34,90.57,92.29,92.29,17330600,Energy,90.45,90.81199999999998,92.435,93.758,91.36889021758955,92.39332499997823,-1.0244347823886812,-0.9766941930917703,90.72,15863400.0,89.86,18384000.0,92.35,19496600.0,35.69598633646456,2.704206543512133,-0.0649702219815751,0.017305996472663177,0.011819763298850133
XOM,2024-01-25,92.95,94.68,92.31,94.63,94.63,22089500,Energy,91.436,91.13,92.43449999999999,93.74539999999999,91.87059941488347,92.55900462960948,-0.6884052147260036,-0.9190363974186171,92.29,17330600.0,89.7,20940300.0,91.45,18206100.0,49.319213313161846,5.496098104793745,3.477310005467471,0.0253548596814388,0.01367150251316316
XOM,2024-01-26,94.49,95.51,93.76,95.44,95.44,20817200,Energy,92.558,91.53099999999999,92.4965,93.729,92.41973796643987,92.77241169408285,-0.3526737276429799,-0.8057638634634897,94.63,22089500.0,89.83,20088400.0,91.43,15833400.0,51.237263464337715,6.245129689413331,4.385868970797313,0.008559653386875254,0.01368743837877413
XOM,2024-01-29,95.42,95.63,94.38,95.56,95.56,18317500,Energy,93.72800000000001,91.826,92.6325,93.70739999999999,92.9028552023722,92.97889971674338,-0.07604451437119053,-0.65981999364503,95.44,20817200.0,89.71,19955900.0,92.61,18041700.0,58.35370823145884,6.521012150261973,3.185401144584832,0.0012573344509640982,0.013373852532746243
XOM,2024-01-30,94.89,97.18,94.61,97.15,97.15,19610900,Energy,95.014,92.489,92.858,93.7294,93.55626209431493,93.28787010809573,0.2683919862191999,-0.474177597672184,95.56,18317500.0,90.72,15863400.0,90.52,20235700.0,68.89763779527566,7.087742504409178,7.32434821034027,0.0166387609878611,0.01038695023069378
XOM,2024-01-31,97.05,97.18,95.23,95.26,95.26,22415300,Energy,95.60799999999999,93.029,92.8785,93.73580000000001,93.81837561826649,93.43395380379235,0.3844218144741376,-0.3024577152429197,97.15,19610900.0,92.29,17330600.0,89.86,18384000.0,63.91526661796933,3.218116805721105,6.009347874471405,-0.019454451878538337,0.012715913518642728
XOM,2024-02-01,95.97,96.38,94.16,94.87,94.87,19240700,Energy,95.65599999999999,93.546,92.84,93.68800000000002,93.98016398468702,93.54032759610404,0.43983638858298946,-0.15399889447773787,95.26,22415300.0,94.63,22089500.0,89.7,20940300.0,62.23328591749643,0.2536193596111236,5.7636566332218475,-0.004094058366575726,0.012891524238844125
XOM,2024-02-02,96.14,96.37,94.15,94.49,94.49,21973400,Energy,95.466,94.012,92.824,93.64120000000001,94.05860029473517,93.61067370009633,0.44792659463884377,-0.033613796654421546,94.87,19240700.0,95.44,20817200.0,89.83,20088400.0,57.08898944193059,-0.9953897736798001,5.187576533452076,-0.00400548118477928,0.013202732882883407
XOM,2024-02-05,94.0,94.87,93.12,94.1,94.1,17190900,Energy,95.174,94.451,92.774,93.5874,94.06496948016053,93.6469200926818,0.41804938747873166,0.056718840172209094,94.49,21973400.0,95.56,18317500.0,89.71,19955900.0,65.48442906574391,-1.5278359146086329,4.89354587002564,-0.004127420891099631,0.013383348227223858
XOM,2024-02-06,94.58,95.48,94.12,94.75,94.75,13347900,Energy,94.694,94.854,92.836,93.5548,94.17035879090507,93.7286297154461,0.4417290754589658,0.13372088722956044,94.1,17190900.0,97.15,19610900.0,90.72,15863400.0,71.16883116883113,-2.4704065877509063,4.442239858906527,0.006907545164718476,0.0132223135544288
XOM,2024-02-07,94.75,95.19,93.75,94.72,94.72,13826800,Energy,94.586,95.09700000000001,92.95450000000001,93.5114,94.25491897691967,93.80206455133897,0.45285442558069633,0.19754759489978763,94.75,13347900.0,95.26,22415300.0,92.29,17330600.0,71.97898423817855,-0.566869619987409,2.6330046592263345,-0.0003166226912928449,0.012469074113590651
XOM,2024-02-08,94.83,96.76,94.62,96.34,96.34,19636900,Energy,94.88,95.268,93.199,93.5116,94.57570067277818,93.9900597697583,0.585640903019879,0.2751662565238059,94.72,13826800.0,94.87,19240700.0,94.63,22089500.0,75.2130131680867,1.54948877411194,1.8070379372292278,0.01710304054054057,0.010986021597794616
XOM,2024-02-09,96.46,97.15,94.24,94.3,94.3,20410500,Energy,94.84200000000001,95.154,93.3425,93.47220000000002,94.53328518465847,94.01301830533177,0.520266879326698,0.32418638108438436,96.34,19636900.0,94.49,21973400.0,95.44,20817200.0,65.4753877275792,-0.2010794793099735,-1.19446772841576,-0.0211750051899523,0.012835549322462766
XOM,2024-02-12,94.66,95.81,94.51,95.6,95.6,18173100,Energy,95.142,95.158,93.492,93.48759999999999,94.69739515624947,94.13057250493682,0.5668226513126484,0.3727136351300372,94.3,20410500.0,94.1,17190900.0,95.56,18317500.0,66.1375661375661,1.5940488841657885,0.041858518208437445,0.013785790031813239,0.013677893155028965
XOM,2024-02-13,96.1,96.41,94.08,94.77,94.77,18917400,Energy,95.14599999999999,94.91999999999999,93.70450000000001,93.479,94.70856513221109,94.17793750457113,0.5306276276399586,0.4042964336320215,95.6,18173100.0,94.75,13347900.0,97.15,19610900.0,58.623087621696754,0.021108179419515594,-2.44981986618632,-0.008682008368200766,0.012581154634570603
XOM,2024-02-14,95.27,95.97,93.91,94.31,94.31,17651300,Energy,95.064,94.825,93.92699999999999,93.4566,94.64724741956323,94.18771991163995,0.45952750792328345,0.4153426484902739,94.77,18917400.0,94.72,13826800.0,95.26,22415300.0,48.72000000000003,-0.43285472972972583,-0.9972706277556198,-0.004853856705708481,0.01114844157032725
XOM,2024-02-15,94.08,97.21,94.08,97.01,97.01,23196300,Energy,95.19800000000001,95.039,94.29249999999999,93.49859999999998,95.0107478165535,94.39677769596291,0.6139701205905936,0.45506814291033787,94.31,17651300.0,96.34,19636900.0,94.87,19240700.0,55.455177206393344,0.6954536018268564,2.2557183514282597,0.028628989502703872,0.014438633016559396
XOM,2024-02-16,97.27,97.85,96.81,97.01,97.01,20151400,Energy,95.74000000000001,95.291,94.6515,93.5774,95.31832507554526,94.59034971848418,0.7279753570610836,0.509649585740487,97.01,23196300.0,94.3,20410500.0,94.49,21973400.0,55.08058864751227,2.8738069989395543,2.666948883479736,0.0,0.014298334646310756
XOM,2024-02-20,97.11,97.37,96.0,96.09,96.09,17650000,Energy,95.838,95.49,94.97049999999999,93.66239999999999,95.43704429469214,94.70143492452239,0.7356093701697546,0.5548415426263406,97.01,20151400.0,95.6,18173100.0,94.1,17190900.0,46.10294117647059,0.5125523012552424,2.1147715196599526,-0.009483558396041647,0.014678887621190226
XOM,2024-02-21,96.35,98.18,96.32,98.06,98.06,20991300,Energy,96.49600000000001,95.821,95.3375,93.7996,95.84057594166258,94.95021752270591,0.8903584189566658,0.6219449178924057,96.09,17650000.0,94.77,18917400.0,94.75,13347900.0,60.23391812865494,3.4715627308219865,3.4934036939314073,0.020501613071079117,0.015754254564771437
XOM,2024-02-22,97.41,98.58,96.75,97.97,97.97,20470700,Energy,97.22800000000001,96.146,95.6215,93.9142,96.16817964294525,95.17390511361658,0.9942745293286634,0.6964108401796573,98.06,20991300.0,94.31,17651300.0,94.72,13826800.0,61.584454409566476,3.880818577033174,3.4311655405405483,-0.0009178054252498846,0.01577178990770753
XOM,2024-02-23,97.15,97.35,96.21,97.11,97.11,15975900,Energy,97.248,96.223,95.7455,94.0102,96.31307508249213,95.31731954964498,0.9957555328471557,0.756279778713157,97.97,20470700.0,97.01,23196300.0,96.34,19636900.0,59.45165945165945,0.10308215647871766,0.7992526468756367,-0.008778197407369626,0.015409201519633235
XOM,2024-02-26,97.0,98.14,96.37,97.5,97.5,13360800,Energy,97.346,96.543,95.8485,94.14320000000002,96.49567891595488,95.47899958300462,1.016679332950261,0.8083596895605778,97.11,15975900.0,97.01,20151400.0,94.3,20410500.0,62.26551226551227,0.5051025667456965,3.393425238600223,0.004016064257028162,0.01331584532278402
XOM,2024-02-27,97.9,98.34,97.12,97.29,97.29,16360000,Energy,97.586,96.712,95.935,94.25580000000002,96.61788215965413,95.61314776204131,1.0047343976128218,0.8476346311710267,97.5,13360800.0,96.09,17650000.0,95.6,18173100.0,59.46348733233982,1.248829222603809,1.7677824267782638,-0.002153846153846062,0.012884404353580294
XOM,2024-02-28,97.7,98.6,97.26,97.56,97.56,14810500,Energy,97.486,96.99100000000001,95.9555,94.32459999999999,96.76282336586118,95.75735903892715,1.0054643269340318,0.8792005703236278,97.29,16360000.0,98.06,20991300.0,94.77,18917400.0,60.39531478770134,-0.5098919029165816,2.9439696106362767,0.0027752081406104967,0.012344080888837101
XOM,2024-02-29,97.9,98.26,97.47,97.75,97.75,17566100,Energy,97.442,97.33500000000001,96.08,94.40979999999999,96.91469669419024,95.9049620730807,1.0097346211095442,0.905307380480811,97.56,14810500.0,97.97,20470700.0,94.31,17651300.0,55.76451349141455,-0.22455853832805683,3.6475453292333704,0.001947519475194781,0.012048728736356764
XOM,2024-03-01,98.87,99.5,98.55,98.98,98.98,18460100,Energy,97.816,97.53200000000001,96.28549999999998,94.50560000000002,97.23243566431482,96.13274266025991,1.099693004054913,0.9441845051956315,97.75,17566100.0,97.11,15975900.0,97.01,23196300.0,70.49036777583193,1.925651323241695,2.0307184826306557,0.012583120204603615,0.009047811239721908
XOM,2024-03-04,98.81,98.99,97.29,97.6,97.6,18138000,Energy,97.83600000000001,97.591,96.441,94.54899999999999,97.28898402365101,96.24142838912954,1.0475556345214727,0.9648587310607998,98.98,18460100.0,97.5,13360800.0,97.01,20151400.0,58.69565217391305,0.10256410256410664,0.608184723224392,-0.013942210547585487,0.010375442227428349
XOM,2024-03-05,97.76,99.39,97.56,98.8,98.8,19952700,Energy,98.138,97.862,96.676,94.6482,97.5214480200124,96.43095221215698,1.0904958078554188,0.9899861464197236,97.6,18138000.0,97.29,16360000.0,96.09,17650000.0,66.97556866048862,1.552060849008119,2.8202726610469186,0.012295081967213184,0.010296318395783183
XOM,2024-03-06,99.71,100.6,99.27,99.85,99.85,20472800,Energy,98.596,98.04100000000001,96.931,94.76,97.87968678616433,96.68421501125647,1.1954717749078583,1.0310832721173506,98.8,19952700.0,97.56,14810500.0,98.06,20991300.0,72.23113964686993,2.347273472734712,1.825413012441346,0.010627530364372362,0.00877462122948909
XOM,2024-03-07,99.69,100.98,99.69,100.41,100.41,15195400,Energy,99.128,98.285,97.21549999999999,94.87960000000001,98.26896574213905,96.96019908449674,1.308766657642309,1.0866199492223423,99.85,20472800.0,97.75,17566100.0,97.97,20470700.0,66.47286821705421,2.7212276214833686,2.4905583341839233,0.005608412618928416,0.008788967900177826
XOM,2024-03-08,100.28,101.38,99.85,101.36,101.36,16281500,Energy,99.604,98.71000000000001,97.4665,95.014,98.74450947411766,97.28611026342291,1.4583992106947505,1.160975801516824,100.41,15195400.0,98.98,18460100.0,97.11,15975900.0,69.299023957409,2.40452616690241,4.376480280094741,0.009461209042924024,0.008050427681857687
XOM,2024-03-11,101.24,102.05,100.39,101.96,101.96,17577300,Energy,100.47599999999998,99.15599999999999,97.8495,95.1692,99.2392003242534,97.63232431798417,1.606876006269232,1.2501558424673056,101.36,16281500.0,97.6,18138000.0,97.5,13360800.0,76.80365296803647,4.467213114754087,4.574358974358961,0.005919494869770947,0.008064884709985955
XOM,2024-03-12,101.99,102.2,101.03,101.3,101.3,14957200,Energy,100.976,99.557,98.13449999999999,95.33840000000001,99.55624642821442,97.90400399813349,1.652242430080932,1.330573159990031,101.96,17577300.0,98.8,19952700.0,97.29,16360000.0,66.80497925311201,2.530364372469629,4.121698016240094,-0.0064731267163593564,0.008561908452131627
XOM,2024-03-13,102.07,103.2,102.04,102.43,102.43,17122200,Energy,101.49199999999999,100.044,98.5175,95.5342,99.99836236233529,98.23926296123472,1.7590994011005705,1.416278408212139,101.3,14957200.0,99.85,20472800.0,97.56,14810500.0,70.8801498127341,2.583875813720593,4.9917999179991845,0.01115498519249769,0.008825994443501215
XOM,2024-03-14,102.71,104.32,102.58,104.25,104.25,22121000,Energy,102.26,100.69399999999999,99.0145,95.72220000000002,100.65246046043754,98.68450274188399,1.9679577185535493,1.526614270280421,102.43,17122200.0,100.41,15195400.0,97.75,17566100.0,80.6701030927835,3.8243202868240234,6.649616368286448,0.017768231963291914,0.00961683959085502
XOM,2024-03-15,103.67,105.02,103.67,104.06,104.06,38264400,Energy,102.8,101.202,99.36699999999999,95.89059999999999,101.17669731267792,99.08268772396664,2.0940095887112733,1.6400933339665915,104.25,22121000.0,101.36,16281500.0,98.98,18460100.0,78.6713286713287,2.663772691396993,5.1323499696908526,-0.0018225419664268383,0.009683137341912156
XOM,2024-03-18,104.55,105.55,103.9,105.02,105.02,16770500,Energy,103.412,101.944,99.7675,96.09480000000002,101.767974649189,99.52248863330244,2.2454860158865557,1.7611718703505845,104.06,38264400.0,101.96,17577300.0,97.6,18138000.0,81.70631665299422,3.001176932130245,7.602459016393448,0.009225446857582087,0.007043317061288113
XOM,2024-03-19,104.95,106.14,104.8,105.76,105.76,14878800,Energy,104.304,102.63999999999999,100.251,96.30799999999999,102.38213239546762,99.98452651231707,2.397605883150547,1.888458672910577,105.02,16770500.0,101.3,14957200.0,98.8,19952700.0,82.38546603475513,4.402764067127363,7.044534412955472,0.007046276899638215,0.006828340865393014
XOM,2024-03-20,105.42,106.05,104.87,105.67,105.67,16119700,Energy,104.952,103.22200000000001,100.63149999999999,96.5512,102.88795818078029,100.40567269658989,2.482285484190399,2.0072240351665416,105.76,14878800.0,102.43,17122200.0,99.85,20472800.0,81.52866242038213,3.1631358000585807,5.828743114672008,-0.0008509833585477189,0.007083097860037942
XOM,2024-03-21,105.6,106.53,105.28,106.14,106.14,14878000,Energy,105.33,103.795,101.03999999999999,96.82700000000001,103.38827230681409,100.83043768202768,2.557834624786409,2.117346153090515,105.67,16119700.0,104.25,22121000.0,100.41,15195400.0,80.33898305084742,1.8129496402877754,5.70660292799523,0.004447809217374754,0.007094333056928671
XOM,2024-03-22,106.13,106.32,105.51,106.14,106.14,14701900,Energy,105.74600000000001,104.273,101.4915,97.1208,103.81161502884268,101.22373859447006,2.5878764343726175,2.2114522093469353,106.14,14878000.0,104.06,38264400.0,101.36,16281500.0,90.97888675623803,1.9988468191427966,4.715864246250989,0.0,0.00715101042100655
XOM,2024-03-25,106.46,108.28,106.46,107.22,107.22,14011700,Energy,106.186,104.799,101.97749999999999,97.4366,104.33598194748228,101.66790610599081,2.668075841491472,2.3027769357758427,106.14,14701900.0,105.02,16770500.0,101.96,17577300.0,90.87378640776701,2.094839078270816,5.158885837583371,0.010175240248728068,0.007359120713297253
XOM,2024-03-26,107.23,107.53,106.06,106.42,106.42,13152300,Energy,106.31800000000001,105.31099999999999,102.434,97.71279999999999,104.65660010940809,102.0199130611026,2.6366870483054896,2.369558958281772,107.22,14011700.0,105.76,14878800.0,101.3,14957200.0,82.68656716417915,0.624054462934942,5.054294175715701,-0.007461294534601759,0.007535812094472565
XOM,2024-03-27,106.13,107.61,106.06,107.52,107.52,12415700,Energy,106.68800000000002,105.82000000000001,102.93200000000002,98.0528,105.09712316949916,102.42732690842833,2.669796261070829,2.4296064188395836,106.42,13152300.0,105.67,16119700.0,102.43,17122200.0,83.56940509915017,1.750733415349659,4.969247290832746,0.01033640293177962,0.0074652576866218465
XOM,2024-03-28,108.05,108.91,107.61,108.71,108.71,18482100,Energy,107.202,106.266,103.47999999999999,98.42980000000001,105.65295037419159,102.8927101003966,2.7602402737949916,2.4957331898306654,107.52,12415700.0,106.14,14878000.0,104.25,22121000.0,83.9335180055402,2.4213303184473345,4.278177458033561,0.01106770833333326,0.0064061490908441
XOM,2024-04-01,108.87,109.64,107.91,109.41,109.41,13817000,Energy,107.856,106.801,104.00150000000001,98.824,106.23095800893135,103.37547231518204,2.8554856937493156,2.5676836906143956,108.71,18482100.0,106.14,14701900.0,104.06,38264400.0,84.08051235132666,3.0808366308648916,5.141264655006728,0.006439150032195862,0.006064421296400308
XOM,2024-04-02,110.28,111.85,109.73,111.55,111.55,19919600,Energy,108.72200000000001,107.454,104.699,99.2584,107.04927216140345,103.9809928844278,3.0682792769756446,2.6678028078866456,109.41,13817000.0,107.22,14011700.0,105.02,16770500.0,91.2973408541499,4.038425666853196,6.217863264140155,0.01955945526003111,0.007553947163829506
XOM,2024-04-03,111.74,111.99,111.04,111.57,111.57,16504300,Energy,109.752,108.035,105.3375,99.6956,107.74476875195677,104.54314155965537,3.2016271923014017,2.774567684769597,111.55,19919600.0,106.42,13152300.0,105.76,14878800.0,90.4424778761062,4.839315918060505,5.4935703479576325,0.00017929179740017176,0.007765113714580955
XOM,2024-04-04,111.34,112.11,110.95,111.96,111.96,18467400,Energy,110.64000000000001,108.66400000000002,105.94300000000001,100.1204,108.39326586704033,105.09253848116238,3.3007273858779484,2.8797996249912674,111.57,16504300.0,107.52,12415700.0,105.67,16119700.0,89.05775075987843,4.129464285714279,5.9524936121888805,0.0034955633234741157,0.007493915796708555
XOM,2024-04-05,112.21,114.24,111.89,113.51,113.51,21720600,Energy,111.6,109.401,106.598,100.54480000000001,109.18045573364951,105.71605414922442,3.46440158442509,2.996720016878032,111.96,18467400.0,108.71,18482100.0,106.14,14878000.0,92.07479964381122,4.415417164934232,6.943659317882056,0.013844230082172393,0.007881279846707685
XOM,2024-04-08,113.24,113.85,112.42,112.74,112.74,17513900,Energy,112.26599999999999,110.06099999999999,107.167,100.90700000000001,109.72807792847266,106.23634643446705,3.491731494005606,3.095722312303547,113.51,21720600.0,109.41,13817000.0,106.14,14701900.0,84.96376811594196,3.0435974773786567,6.2182023742227255,-0.006783543300149852,0.008769948474825616
XOM,2024-04-09,113.16,113.77,112.54,113.33,113.33,14132300,Energy,112.622,110.672,107.7355,101.2648,110.28221978563072,106.76180225413617,3.5204175314945445,3.1806613561417465,112.74,17513900.0,111.55,19919600.0,107.22,14011700.0,84.75665748393013,1.5956969968623946,5.698563700802084,0.005233280113535521,0.008652316384280075
XOM,2024-04-10,113.37,114.54,112.91,114.28,114.28,17409200,Energy,113.16399999999999,111.458,108.3845,101.6392,110.89726289553369,107.31870579086683,3.5785571046668565,3.260240505846769,113.33,14132300.0,111.57,16504300.0,106.42,13152300.0,86.63829787234037,2.428968360670436,7.385829731253524,0.008382599488220288,0.00734915092088102
XOM,2024-04-11,114.74,114.74,112.54,113.9,113.9,17555900,Energy,113.55199999999999,112.096,108.958,101.9742,111.35922245006697,107.80620906561742,3.5530133844495424,3.318795081567324,114.28,17409200.0,111.96,18467400.0,107.52,12415700.0,83.27615780445969,1.732761700607366,5.933779761904767,-0.003325166258312917,0.007942128566396919
XOM,2024-04-12,114.98,115.73,111.92,112.57,112.57,21556200,Energy,113.364,112.482,109.374,102.32039999999999,111.54549591928743,108.15908246816427,3.386413451123161,3.332318755478492,113.9,17555900.0,113.51,21720600.0,108.71,18482100.0,74.74980754426474,-0.8281208704079002,3.5507313034679466,-0.011676909569798166,0.009393139321870978
XOM,2024-04-15,113.25,113.81,111.71,111.93,111.93,15029500,Energy,113.202,112.734,109.7675,102.66159999999999,111.6046503932432,108.4384096927447,3.1662407004985056,3.299103144482495,112.57,21556200.0,112.74,17513900.0,109.41,13817000.0,68.76494023904384,-0.7184672698243633,2.303262955854146,-0.00568535133694581,0.00975223658795195
XOM,2024-04-16,111.81,112.43,110.28,111.0,111.0,18082200,Energy,112.73600000000002,112.679,110.06649999999999,102.9918,111.51162725582118,108.62815712291174,2.883470132909437,3.215976542167884,111.93,15029500.0,113.33,14132300.0,111.55,19919600.0,68.05993690851732,-2.0559428218477005,-0.4930524428507388,-0.008308764406325442,0.008125363679590816
XOM,2024-04-17,110.87,111.62,109.53,110.94,110.94,14538600,Energy,112.06800000000001,112.61600000000001,110.32549999999999,103.32860000000001,111.42368460107946,108.79940474343681,2.624279857642648,3.097637205262837,111.0,18082200.0,114.28,17409200.0,111.57,16504300.0,64.69072164948452,-2.9226461323066166,-0.5646679214842631,-0.000540540540540535,0.008122214707955341
XOM,2024-04-18,111.29,111.96,110.33,110.84,110.84,13821400,Energy,111.45599999999999,112.50399999999999,110.58399999999999,103.6504,111.33388697014415,108.95055994762667,2.383327022517477,2.9547751687137653,110.94,14538600.0,113.9,17555900.0,111.96,18467400.0,60.094786729857844,-2.68656716417911,-1.0003572704537222,-0.0009013881377321065,0.007997749586213056
XOM,2024-04-19,111.44,113.1,111.24,112.11,112.11,21572400,Energy,111.364,112.364,110.88250000000001,103.9982,111.45328897473735,109.18459254409876,2.2686964306385846,2.8175594210987294,110.84,13821400.0,112.57,21556200.0,113.51,21720600.0,62.140287769784166,-0.4086346273429853,-1.2333715091181419,0.011457957416095343,0.0075282423211786255
XOM,2024-04-22,111.53,113.69,110.76,112.75,112.75,16340700,Energy,111.52799999999999,112.36500000000001,111.21300000000001,104.32639999999999,111.65278297862392,109.44869680009144,2.204086178532478,2.694864772585479,112.11,21572400.0,111.93,15029500.0,112.74,17513900.0,56.23700623700624,0.73260073260073,0.008869966294122733,0.005708678976005688,0.00753795990722016
XOM,2024-04-23,112.23,113.22,111.71,113.19,113.19,13929800,Energy,111.96600000000001,112.351,111.5115,104.7042,111.88927790498947,109.72583037045503,2.1634475345344413,2.5885813249752716,112.75,16340700.0,111.0,18082200.0,113.33,14132300.0,58.06772908366535,1.972972972972964,-0.12353304508956331,0.0039024390243902474,0.007447176340802607
XOM,2024-04-24,112.51,113.4,111.66,113.21,113.21,12101200,Energy,112.42,112.244,111.851,105.05640000000001,112.09246591960647,109.98391700968057,2.1085489099259007,2.4925748419653972,113.19,13929800.0,110.94,14538600.0,114.28,17409200.0,56.46328852119957,2.0461510726518695,-0.9362968148407536,0.00017669405424514117,0.0068358088347366544
XOM,2024-04-25,113.19,113.87,111.66,113.47,113.47,16041000,Energy,112.946,112.201,112.14850000000001,105.43039999999999,112.304394239667,110.24214537933386,2.062248860333142,2.406509645638946,113.21,12101200.0,110.84,13821400.0,113.9,17555900.0,49.761336515513094,2.372789606640202,-0.37752414398596335,0.0022966169066336306,0.006847118585958945
XOM,2024-04-26,111.29,111.38,108.69,110.32,110.32,27289500,Energy,112.588,111.976,112.229,105.75059999999999,111.99910281817978,110.2479123882721,1.7511904299076804,2.275445802492693,113.47,16041000.0,112.11,21572400.0,112.57,21556200.0,38.754646840148695,-1.5966461511015995,-1.998756329395046,-0.02776064157927205,0.010640050365915673
XOM,2024-04-29,110.13,112.27,110.13,111.89,111.89,17309900,Energy,112.41599999999998,111.97200000000001,112.353,106.0482,111.98231776922904,110.36954850765936,1.6127692615696816,2.142910494308091,110.32,27289500.0,112.75,16340700.0,111.93,15029500.0,43.86712095400342,-0.7627494456762696,-0.035736621102477883,0.014231327048586095,0.011679639268352835
XOM,2024-04-30,111.39,112.41,110.34,110.61,110.61,21083300,Energy,111.9,111.93299999999999,112.306,106.3202,111.77119195857841,110.38735972931421,1.3838322292642005,1.991094841299313,111.89,17309900.0,113.19,13929800.0,111.0,18082200.0,34.7970173985087,-2.2793532997614663,-0.35135135135134776,-0.011439806953257636,0.011966357188143291
XOM,2024-05-01,110.62,110.79,108.17,108.51,108.51,27777700,Energy,110.96,111.68999999999998,112.15299999999999,106.5686,111.26947011879712,110.2482960456613,1.0211740731358105,1.7971106876666127,110.61,21083300.0,113.21,12101200.0,110.94,14538600.0,30.456852791878177,-4.1515767158378125,-2.19037317468902,-0.01898562516951441,0.01335123986849859
XOM,2024-05-02,108.73,109.66,108.39,108.71,108.71,25513600,Energy,110.008,111.477,111.9905,106.7816,110.87570548513602,110.13434819042713,0.7413572947088909,1.5859600090750685,108.51,27777700.0,113.47,16041000.0,110.84,13821400.0,34.75513428120061,-4.194941394201113,-1.9216889209671684,0.0018431480969494096,0.013407424028075288
XOM,2024-05-03,108.48,108.55,106.74,108.48,108.48,28023300,Energy,109.64000000000001,111.114,111.739,106.9918,110.50713541049971,110.01180388002513,0.4953315304745871,1.3678343133549724,108.71,25513600.0,110.32,27289500.0,112.11,21572400.0,35.91836734693875,-1.6678752719361811,-3.2378913567032375,-0.002115720724864212,0.012570634572228078
XOM,2024-05-06,109.11,110.67,108.86,109.19,109.19,31401300,Energy,109.1,110.758,111.5615,107.23339999999999,110.30449919349975,109.95092951854178,0.3535696749579671,1.1649813856755715,108.48,28023300.0,111.89,17309900.0,112.75,16340700.0,42.477140482127986,-2.413084279202793,-3.1574279379157466,0.006544985250737323,0.012639188693951349
XOM,2024-05-07,109.68,109.96,108.42,108.64,108.64,30122000,Energy,108.70599999999999,110.303,111.327,107.4562,110.0484223944998,109.85382362827943,0.19459876622036631,0.9709048617845305,109.19,31401300.0,110.61,21083300.0,113.19,13929800.0,40.81469648562299,-1.781032456378262,-4.019789734075441,-0.00503709130872787,0.012400359870618
XOM,2024-05-08,108.21,109.37,107.93,108.63,108.63,18957200,Energy,108.72999999999999,109.84499999999998,111.0445,107.68299999999999,109.83020356457675,109.76317002618465,0.06703353839209569,0.7901305971060436,108.64,30122000.0,108.51,27777700.0,113.21,12101200.0,41.11021721641186,0.11058888581696458,-4.045579012454725,-9.204712812960203e-05,0.012390530417833737
XOM,2024-05-09,108.67,110.85,108.66,110.77,110.77,17564000,Energy,109.14200000000001,109.575,110.888,107.9472,109.97478763156495,109.83775002424505,0.1370376073198969,0.6595119991488143,108.63,18957200.0,108.71,25513600.0,113.47,16041000.0,44.96240601503758,1.8949498666176012,-2.379483563937612,0.019699898738838373,0.014434794481515233
XOM,2024-05-10,110.86,110.97,109.96,110.32,110.32,13648100,Energy,109.50999999999999,109.575,110.7755,108.1986,110.0278972267088,109.87347224467135,0.15442498203745458,0.5584945957265424,110.77,17564000.0,108.48,28023300.0,110.32,27289500.0,40.732265446224226,1.6961651917404064,0.0,-0.004062471788390365,0.011423660418322748
XOM,2024-05-13,110.75,111.33,109.53,110.27,110.27,15060600,Energy,109.726,109.41299999999998,110.69250000000002,108.42439999999999,110.06514380721514,109.902844670992,0.1622991362231403,0.47925550382586196,110.32,13648100.0,109.19,31401300.0,111.89,17309900.0,38.522012578616334,0.9891015660774771,-1.4478505675216802,-0.0004532269760696428,0.010286636794779404
XOM,2024-05-14,110.11,111.01,109.82,110.94,110.94,15079100,Energy,110.18599999999999,109.446,110.6895,108.69120000000001,110.19973706764358,109.97967099165925,0.22006607598433447,0.4274176182575565,110.27,15060600.0,108.64,30122000.0,110.61,21083300.0,41.510845175766654,2.1170839469808467,0.2983455383780864,0.006075995284302138,0.009871899965832206
XOM,2024-05-15,110.88,112.04,109.44,111.8,111.8,18244300,Energy,110.81999999999998,109.775,110.7325,108.95119999999999,110.44593136492918,110.11451017746226,0.3314211874669155,0.40821833209942826,110.94,15079100.0,108.63,18957200.0,108.51,27777700.0,44.02290622763063,2.9181625701923952,3.0319786194820786,0.007751937984496138,0.00735573522334713
XOM,2024-05-16,111.76,112.48,110.82,111.13,111.13,15745200,Energy,110.89200000000001,110.01699999999998,110.747,109.17679999999999,110.55117269340161,110.18973164579839,0.36144104760322193,0.39886287520018704,111.8,18244300.0,110.77,17564000.0,108.71,25513600.0,53.524804177545704,0.3249977430712203,2.2261061539876836,-0.005992844364937411,0.007892315432908156
XOM,2024-05-17,111.53,112.98,111.21,112.8,112.8,15104500,Energy,111.38799999999999,110.449,110.78149999999998,109.4246,110.89714612518597,110.38308485722072,0.5140612679652463,0.42190255375319896,111.13,15745200.0,110.32,13648100.0,108.48,28023300.0,53.9257981018119,2.2480058013053084,3.9823008849557473,0.015027445334293121,0.008666870019689072
XOM,2024-05-20,112.88,113.03,111.77,111.88,111.88,11551300,Energy,111.71,110.71799999999999,110.73799999999999,109.635,111.0483544136189,110.49396746038957,0.5543869532293257,0.44839943364842433,112.8,15104500.0,110.27,15060600.0,109.19,31401300.0,55.654496883348166,1.4600525981681267,2.4635955673596444,-0.008156028368794366,0.009393447470006496
XOM,2024-05-21,111.63,112.62,111.04,111.11,111.11,14495000,Energy,111.744,110.96499999999999,110.63399999999999,109.818,111.05783834998522,110.53959950036071,0.5182388496245096,0.4623673168436414,111.88,11551300.0,110.94,15079100.0,108.64,30122000.0,63.131313131313135,0.153235983414457,2.27356406480117,-0.006882373972112998,0.00957383234763472
XOM,2024-05-22,110.74,110.74,108.39,108.88,108.88,17879300,Energy,111.16,110.98999999999998,110.41750000000002,109.96959999999999,110.72278629614132,110.4166662040377,0.306120092103626,0.4311178718956384,111.11,14495000.0,111.8,18244300.0,108.63,18957200.0,50.71248952221292,-2.611806797853311,0.23013900395838505,-0.020070200702007046,0.011922812984163818
XOM,2024-05-23,108.99,110.79,106.88,107.02,107.02,15979800,Energy,110.338,110.61500000000001,110.095,110.06139999999999,110.15312686596573,110.16506130003489,-0.01193443406916117,0.3425074107026785,108.88,17879300.0,111.13,15745200.0,110.77,17564000.0,44.616519174041265,-3.698371276882928,-3.385393156991967,-0.01708302718589272,0.010900771027200003
XOM,2024-05-24,108.27,108.5,106.58,106.93,106.93,12212900,Energy,109.16399999999999,110.276,109.92549999999999,110.11499999999998,109.6572611942787,109.92542712966194,-0.2681659353832373,0.22037274148549532,107.02,15979800.0,112.8,15104500.0,110.32,13648100.0,41.26738794435861,-5.203900709219855,-3.072878897751985,-0.0008409643057371019,0.010926081261944113
XOM,2024-05-28,107.03,108.53,106.6,108.29,108.29,13978300,Energy,108.446,110.078,109.74549999999999,110.1996,109.44691331823581,109.80428437931661,-0.35737106108079786,0.10482398097223669,106.93,12212900.0,111.88,11551300.0,110.27,15060600.0,48.72727272727275,-3.208795137647469,-1.795592636256449,0.012718600953895098,0.01201523981466373
XOM,2024-05-29,107.98,108.0,106.36,107.13,107.13,13902000,Energy,107.65,109.697,109.57150000000001,110.24179999999998,109.0904651154303,109.60618924010797,-0.5157241246776607,-0.019285640157742784,108.29,13978300.0,111.11,14495000.0,110.94,15079100.0,44.96644295302013,-3.582035820358209,-3.4342888047593334,-0.010711977098531777,0.011973786645698925
XOM,2024-05-30,106.79,107.6,106.5,107.47,107.47,14683700,Energy,107.36799999999998,109.26399999999998,109.5195,110.27600000000001,108.84116278997949,109.44795300009997,-0.6067902101204794,-0.13678655415029012,107.13,13902000.0,108.88,17879300.0,111.8,18244300.0,37.40458015267178,-1.2950036737692794,-3.872987477638634,0.003173714179034892,0.011580044373844323
XOM,2024-05-31,107.59,110.77,107.47,110.55,110.55,29037400,Energy,108.074,109.20599999999999,109.6115,110.37360000000001,109.10406082229034,109.52958611120367,-0.4255252889133345,-0.19453430110289902,107.47,14683700.0,107.02,15979800.0,111.13,15745200.0,50.73108709472347,3.298448888058303,-0.5219112750832311,0.028659160696008268,0.015424568898085623
XOM,2024-06-03,109.65,109.71,107.25,107.9,107.9,19589300,Energy,108.268,108.71600000000001,109.58250000000001,110.40879999999999,108.91882069578412,109.40887602889228,-0.49005533310815963,-0.25363850750395117,110.55,29037400.0,106.93,12212900.0,112.8,15104500.0,43.53518821603931,0.9071355092116429,-4.343971631205667,-0.02397105382179998,0.016005082950839345
XOM,2024-06-04,106.54,106.62,104.58,106.23,106.23,19412200,Energy,107.856,108.151,109.4345,110.41059999999999,108.5051559733558,109.17340373045582,-0.6682477571000192,-0.3365603574231648,107.9,19589300.0,108.29,13978300.0,111.88,11551300.0,37.81686497672014,-1.9022993812909839,-5.050053628888085,-0.015477293790546853,0.016363667799714897
XOM,2024-06-05,106.43,106.72,105.1,106.65,106.65,14863500,Energy,107.76000000000002,107.705,109.335,110.39920000000001,108.21974736207028,108.98648493560725,-0.7667375735369717,-0.42259580064592617,106.23,19412200.0,107.13,13902000.0,111.11,14495000.0,36.36844891476974,-0.44805376645196127,-4.014040140401399,0.003953685399604723,0.016586010652165216
XOM,2024-06-06,106.3,107.52,105.7,107.45,107.45,13154100,Energy,107.756,107.56199999999998,109.276,110.4198,108.10132469098255,108.87267123667338,-0.7713465456908324,-0.49234594965490747,106.65,14863500.0,107.47,14683700.0,108.88,17879300.0,40.32597266035753,-0.018609844607797577,-1.3133725202057245,0.0075011720581341645,0.01588827570404946
XOM,2024-06-07,107.28,108.33,106.23,106.3,106.3,13289200,Energy,106.90599999999999,107.49000000000001,109.05249999999998,110.3954,107.82419781544677,108.6821029969198,-0.8579051814730292,-0.5654577960185319,107.45,13154100.0,110.55,29037400.0,107.02,15979800.0,32.432432432432435,-3.844414292175491,-0.6727714445897925,-0.010702652396463508,0.015297037430720872
XOM,2024-06-10,106.59,107.69,106.25,106.61,106.61,15239700,Energy,106.648,107.458,108.867,110.35340000000001,107.63739815153188,108.52861388603685,-0.8912157345049678,-0.6306093837158191,106.3,13289200.0,107.9,19589300.0,106.93,12212900.0,35.27110117384015,-1.1955514365152964,-0.29926119891519054,0.002916274694261478,0.01533572950531709
XOM,2024-06-11,106.06,106.23,104.94,105.76,105.76,12462400,Energy,106.554,107.205,108.6415,110.28039999999999,107.34856766668082,108.32353137596004,-0.9749637092792227,-0.6994802488284999,106.61,15239700.0,106.23,19412200.0,108.29,13978300.0,35.114079020589884,-0.4424362232890888,-2.3363191430418317,-0.007972985648625808,0.014785965741931402
XOM,2024-06-12,106.82,106.82,104.22,104.59,104.59,13606800,Energy,106.14200000000001,106.951,108.324,110.14119999999998,106.92417264103761,108.0469734962593,-1.1228008552216835,-0.7841443701071367,105.76,12462400.0,106.65,14863500.0,107.13,13902000.0,37.31519810762864,-1.9315518049695335,-2.370951180808356,-0.011062783661119568,0.014808637048186028
XOM,2024-06-13,104.5,104.52,103.45,103.75,103.75,14466900,Energy,105.402,106.579,107.9215,109.98479999999999,106.43583838857029,107.72867916320305,-1.292840774632765,-0.8858836510122623,104.59,13606800.0,107.45,13154100.0,107.47,14683700.0,39.710509754562636,-3.4434620753839074,-3.461431097050338,-0.008031360550721844,0.014772466084145964
XOM,2024-06-14,103.73,103.91,102.38,102.87,102.87,13313400,Energy,104.71600000000001,105.811,107.5085,109.803,105.88724786725177,107.3687770029658,-1.4815291357140268,-1.0050127479526152,103.75,14466900.0,106.3,13289200.0,110.55,29037400.0,37.829736211031175,-3.2267168391345136,-6.947082767978285,-0.008481927710843329,0.0095610706833247
XOM,2024-06-17,102.93,103.2,101.99,102.16,102.16,21147900,Energy,103.826,105.23700000000001,106.97649999999999,109.57599999999998,105.31382511844382,106.98294166941277,-1.6691165509689512,-1.1378335085558824,102.87,13313400.0,106.61,15239700.0,107.9,19589300.0,30.87960074859636,-4.17409248663353,-5.319740500463399,-0.006901915038398099,0.007528617838129479
XOM,2024-06-18,102.79,104.39,102.58,103.12,103.12,17762900,Energy,103.298,104.926,106.5385,109.3836,104.97631356176015,106.69679784204887,-1.7204842802887157,-1.254363662902449,102.16,21147900.0,105.76,12462400.0,106.23,19412200.0,37.33417561591917,-2.4962178517397904,-2.9276099030405733,0.009397024275646038,0.007936834587658561
XOM,2024-06-20,103.62,106.18,103.32,105.35,105.35,17433200,Energy,103.45,104.796,106.25049999999999,109.22399999999999,105.03380378302782,106.59703503893414,-1.5632312559063166,-1.3161371815032226,103.12,17762900.0,104.59,13606800.0,106.65,14863500.0,44.0180586907449,0.7266469069700632,-1.2189404594468045,0.021625290923196205,0.011013077006255794
XOM,2024-06-21,105.5,106.25,104.43,104.43,104.43,52212500,Energy,103.58600000000001,104.494,106.02799999999999,109.027,104.94091089333124,106.436513924939,-1.4956030316077715,-1.3520303515241325,105.35,17433200.0,103.75,14466900.0,107.45,13154100.0,30.334190231362484,0.6554216867469931,-2.810609585853885,-0.008732795443758823,0.010786814254305246
XOM,2024-06-24,105.26,107.98,105.26,107.53,107.53,16266700,Energy,104.518,104.617,106.05350000000001,108.89959999999999,105.3392322943572,106.51751289346205,-1.178280599104852,-1.3172804010402763,104.43,52212500.0,102.87,13313400.0,106.3,13289200.0,48.844472204871934,4.52998930689219,1.1571025399811807,0.02968495643014446,0.014439457671776302
XOM,2024-06-25,107.58,108.0,106.97,107.83,107.83,14188900,Energy,105.652,104.739,106.09849999999999,108.8048,105.72242732599456,106.61473416061301,-0.8923068346184522,-1.2322856877559116,107.53,16266700.0,102.16,21147900.0,106.61,15239700.0,55.464480874316926,5.55011746280345,1.1443579401557047,0.0027899190923463824,0.01443788689411379
XOM,2024-06-26,107.85,108.25,106.67,107.87,107.87,15771800,Energy,106.602,104.95,106.07750000000001,108.72359999999999,106.0528231219954,106.70771681538243,-0.6548936933870237,-1.116807288882134,107.83,14188900.0,103.12,17762900.0,105.76,12462400.0,54.27769985974755,4.606283941039568,1.9950832072617164,0.000370954279885094,0.014083606243768004
XOM,2024-06-27,108.41,108.41,107.58,108.33,108.33,16812700,Energy,107.19800000000001,105.324,106.1375,108.67019999999998,106.4031580263038,106.82788594016891,-0.4247279138651123,-0.9783914138787297,107.87,15771800.0,105.35,17433200.0,104.59,13606800.0,53.16091954022987,2.8286663502610443,3.5758676737737805,0.004264392324093702,0.013308792015795799
XOM,2024-06-28,109.23,109.88,108.12,108.54,108.54,24565900,Energy,108.02000000000001,105.803,106.191,108.62219999999999,106.73190294533399,106.95470920386009,-0.2228062585261057,-0.827274382808205,108.33,16812700.0,104.43,52212500.0,103.75,14466900.0,58.62865947611714,3.9356506750933606,4.6168674698795265,0.0019385211852673834,0.012700299398867859
XOM,2024-07-01,109.09,110.06,107.98,108.39,108.39,11972900,Energy,108.19200000000001,106.35499999999999,106.083,108.5732,106.98699479989799,107.0610270406112,-0.07403224071320835,-0.6766259543892057,108.54,24565900.0,107.53,16266700.0,102.87,13313400.0,56.94227769110765,0.7997768064726074,5.365995917177013,-0.0013819789939193416,0.01207085322834932
XOM,2024-07-02,109.27,109.31,107.0,107.65,107.65,13326700,Energy,108.15599999999999,106.904,106.07050000000001,108.48400000000001,107.08899559991367,107.10465466723258,-0.015659067318907205,-0.544432576975146,108.39,11972900.0,107.83,14188900.0,102.16,21147900.0,57.43509047993707,-0.1669294259482479,5.373923257635083,-0.006827198081003738,0.012062477684099734
XOM,2024-07-03,107.74,109.05,107.74,108.2,108.2,7732900,Energy,108.22200000000001,107.412,106.16900000000001,108.39300000000001,107.25991935377311,107.18579135854868,0.07412799522442981,-0.4207204625352309,107.65,13326700.0,107.87,15771800.0,103.12,17762900.0,64.92969396195204,0.30592379716325446,4.926299456943362,0.00510915002322343,0.011977076442812568
XOM,2024-07-05,108.06,108.07,106.25,106.89,106.89,12631000,Energy,107.93400000000001,107.566,106.181,108.267,107.20300868396187,107.16388088754508,0.03912779641679265,-0.3287508107448262,108.2,7732900.0,108.33,16812700.0,105.35,17433200.0,62.500000000000014,-1.329271669897536,1.46179401993356,-0.01210720887245842,0.01147801579338681
XOM,2024-07-08,105.96,107.06,105.05,105.76,105.76,13350500,Energy,107.378,107.699,106.09649999999999,108.118,106.98100734796773,107.05988971068987,-0.07888236272214044,-0.2787771211402891,106.89,12631000.0,108.54,24565900.0,104.43,52212500.0,61.28024980483998,-2.561267735397088,1.2735803887771624,-0.010571615679670687,0.011673423166708545
XOM,2024-07-09,104.76,106.1,104.29,104.6,104.6,11727000,Energy,106.62,107.40599999999999,106.0115,107.94060000000002,106.61469852520347,106.87767565804617,-0.26297713284270685,-0.27561712348077266,105.76,13350500.0,108.39,11972900.0,107.53,16266700.0,59.200603318250366,-3.496632530676269,-2.724820980191578,-0.010968229954614328,0.00673423447597913
XOM,2024-07-10,104.58,105.56,104.11,105.52,105.52,10004100,Energy,106.194,107.175,105.957,107.84459999999999,106.44628336747986,106.7771070907835,-0.33082372330363796,-0.28665844344534575,104.6,11727000.0,107.65,13326700.0,107.83,14188900.0,59.0771558245083,-1.9786344635392528,-2.142260966335896,0.008795411089866256,0.007505614724186893
XOM,2024-07-11,105.06,106.84,104.59,106.77,106.77,13082700,Energy,105.90799999999999,107.06499999999998,106.00750000000001,107.74220000000001,106.4960859263291,106.77658063961435,-0.28049471328525044,-0.2854256974133267,105.52,10004100.0,108.2,7732900.0,107.87,15771800.0,55.80065359477125,-1.3216266173752378,-1.0197459905441852,0.011846095526914402,0.008712031387313095
XOM,2024-07-12,107.47,107.62,106.19,106.79,106.79,11684900,Energy,105.888,106.91100000000002,106.11749999999999,107.6658,106.54130347612463,106.77757466630959,-0.236271190184965,-0.27559479596765435,106.77,13082700.0,106.89,12631000.0,108.33,16812700.0,60.40564373897705,-0.09355412105902516,-1.4215822025293035,0.0001873185351690676,0.008532346525235636
XOM,2024-07-15,107.74,109.52,107.08,108.62,108.62,13032500,Energy,106.46,106.91900000000001,106.36099999999999,107.66799999999999,106.86110294133621,106.91405061695333,-0.052947675617119216,-0.23106537189754733,106.79,11684900.0,105.76,13350500.0,108.54,24565900.0,55.41211519364449,2.7042360060514303,0.07370554634236193,0.017136435995879662,0.010352149067436374
XOM,2024-07-16,107.81,109.7,107.21,109.4,109.4,13614100,Energy,107.42,107.02000000000001,106.6875,107.68180000000001,107.25170248882296,107.09819501569753,0.15350747312542978,-0.15415080289295194,108.62,13032500.0,104.6,11727000.0,108.39,11972900.0,57.440758293838876,4.588910133843216,0.9318202786234853,0.007180997974590264,0.010565883633402587
XOM,2024-07-17,110.06,111.42,109.88,110.91,110.91,13602800,Energy,108.498,107.346,107.125,107.73039999999999,107.8145174905425,107.38055094046067,0.43396655008183416,-0.03652733229799472,109.4,13614100.0,105.52,10004100.0,107.65,13326700.0,62.64559068219629,5.1080363912054505,3.028332559219682,0.013802559414990867,0.010881818773431359
XOM,2024-07-18,111.2,113.06,110.72,112.01,112.01,13033600,Energy,109.546,107.727,107.56950000000002,107.7868,108.45997633815134,107.72347309301912,0.7365032451322122,0.11807878318804665,110.91,13602800.0,106.77,13082700.0,108.2,7732900.0,64.53396524486573,4.907745621429238,3.521256931608141,0.009917951492200983,0.01108766932432507
XOM,2024-07-19,111.81,112.08,109.24,109.43,109.43,16157700,Energy,110.074,107.981,107.77349999999998,107.8026,108.60921074766651,107.84988249353623,0.7593282541302813,0.2463286773764936,112.01,13033600.0,106.79,11684900.0,106.89,12631000.0,52.96074517631404,2.4721415862908547,2.3762746748994257,-0.023033657709133126,0.013146267470751745
XOM,2024-07-22,108.59,109.31,108.03,108.68,108.68,12065900,Energy,110.08600000000001,108.273,107.98600000000002,107.8036,108.62010140187166,107.91137267920021,0.7087287226714523,0.33880868643548534,109.43,16157700.0,108.62,13032500.0,105.76,13350500.0,50.92770313499683,0.05523844595838323,2.760968229954619,-0.0068536964269395595,0.0127853512497052
XOM,2024-07-23,108.24,108.58,106.7,106.92,106.92,11251700,Energy,109.59,108.50500000000002,107.9555,107.72660000000002,108.35854734004525,107.83793766592612,0.5206096741191288,0.37516888397221404,108.68,12065900.0,109.4,13614100.0,104.6,11727000.0,47.8078078078078,-2.266910420475321,2.2179732313575506,-0.01619433198380571,0.01349768633738802
XOM,2024-07-24,107.26,108.61,106.6,108.43,108.43,14925200,Energy,109.09400000000001,108.796,107.9855,107.68879999999999,108.36954005696137,107.88179413511678,0.4877459218445921,0.39768429154668966,106.92,11251700.0,110.91,13602800.0,105.52,10004100.0,50.65303804656446,-2.236047245514372,2.7577710386656573,0.014122708567153142,0.013883102740574122
XOM,2024-07-25,108.58,111.28,108.01,110.71,110.71,17021700,Energy,108.83400000000002,109.19000000000001,108.12750000000001,107.69760000000001,108.72961081742885,108.09129086584888,0.6383199515799731,0.44581142355334635,108.43,14925200.0,112.01,13033600.0,106.77,13082700.0,60.2798708288482,-1.1606106597625288,3.6901751428303875,0.02102739094346573,0.014819037424792464
XOM,2024-07-26,110.09,111.28,109.81,110.62,110.62,11252500,Energy,109.072,109.57300000000001,108.242,107.6912,109.02043992243979,108.27860265356378,0.7418372688760115,0.5050165926178795,110.71,17021700.0,109.43,16157700.0,106.79,11684900.0,63.85404789053591,1.087453166407748,3.586478134656801,-0.000812934694246148,0.014848947511672709
XOM,2024-07-29,110.61,110.68,108.78,109.46,109.46,8861800,Energy,109.228,109.657,108.28800000000001,107.6444,109.08806454975675,108.36611356811461,0.7219509816421379,0.5484034704227312,110.62,11252500.0,108.68,12065900.0,108.62,13032500.0,63.85404789053591,0.7177033492822948,0.7733382434174096,-0.010486349665521755,0.01462467676299324
XOM,2024-07-30,109.71,111.82,109.58,111.41,111.41,12483900,Energy,110.126,109.85800000000002,108.439,107.65,109.44528538825571,108.59158663714317,0.853698751112546,0.6094625265606941,109.46,8861800.0,106.92,11251700.0,109.4,13614100.0,65.85891222401722,4.19940142162365,1.8372943327239488,0.017814726840855055,0.015495448911818666
XOM,2024-07-31,112.8,112.91,111.78,111.81,111.81,15137700,Energy,110.80199999999999,109.94800000000001,108.64699999999998,107.6302,109.80908763621638,108.8299876269844,0.9791000092319706,0.6833900230949495,111.41,12483900.0,108.43,14925200.0,110.91,13602800.0,64.22121896162528,3.11721848196993,0.8114687584528157,0.0035903419800735747,0.014953109976199717
XOM,2024-08-01,111.58,112.66,109.71,110.26,110.26,15051500,Energy,110.71200000000002,109.773,108.75,107.5978,109.87845876910616,108.93591446943,0.9425442996761575,0.7352208784111911,111.81,15137700.0,110.71,17021700.0,112.01,13033600.0,59.01298701298701,-0.4064673471231073,-1.562360503526472,-0.013862802969322963,0.015249270408585749
XOM,2024-08-02,109.34,112.07,108.82,110.2,110.2,20403800,Energy,110.628,109.85,108.9155,107.57960000000001,109.92792665078214,109.02955043465741,0.8983762161247313,0.7678519459538993,110.26,15051500.0,110.62,11252500.0,109.43,16157700.0,54.51945080091532,-0.3796781775447511,0.7036461664991389,-0.000544168329403294,0.013241765139801251
XOM,2024-08-05,108.93,109.39,106.77,108.21,108.21,18025900,Energy,110.378,109.803,109.03799999999998,107.56620000000001,109.6636302429695,108.96884299505315,0.6947872479163522,0.7532390063463898,110.2,20403800.0,109.46,8861800.0,108.68,12065900.0,46.81647940074904,-1.1419696692855807,-0.4324622745675466,-0.018058076225045405,0.01438420066808248
XOM,2024-08-06,107.9,109.02,107.13,107.63,107.63,13647800,Energy,109.622,109.874,109.1895,107.5784,109.35076405174343,108.86966943986403,0.4810946118793993,0.6988101274529919,108.21,18025900.0,111.41,12483900.0,106.92,11251700.0,40.76576576576577,-3.3928731711695526,0.6640478862701027,-0.0053599482487755035,0.013434021011381221
XOM,2024-08-07,108.85,110.42,108.67,109.06,109.06,13660700,Energy,109.072,109.93699999999998,109.3665,107.62100000000001,109.30603112070598,108.8837679998741,0.4222631208318859,0.6435007261287707,107.63,13647800.0,111.81,15137700.0,108.43,14925200.0,41.84632393587618,-2.4595295590734256,0.5810200129115595,0.013286258478119484,0.013343759258864444
XOM,2024-08-08,109.44,111.36,109.11,111.15,111.15,13851000,Energy,109.25,109.981,109.5855,107.6782,109.58971864059737,109.05163703692045,0.5380816036769147,0.6224169016383996,109.06,13660700.0,110.26,15051500.0,110.71,17021700.0,54.88636363636362,0.8071830219481324,0.39743473940927476,0.019163763066202044,0.013037179527318869
XOM,2024-08-09,111.15,112.49,110.65,112.05,112.05,12151900,Energy,109.61999999999998,110.124,109.84850000000002,107.77660000000002,109.96822346512084,109.27373799714857,0.694485467972271,0.6368306149051739,111.15,13851000.0,110.2,20403800.0,110.62,11252500.0,59.49295774647884,1.6787658802177807,1.2927137949737766,0.008097165991902688,0.013242382699360759
XOM,2024-08-12,112.71,113.3,111.27,112.19,112.19,13228900,Energy,110.41599999999998,110.397,110.027,107.87100000000001,110.31003523971764,109.48975740476719,0.8202778349504456,0.6735200589142283,112.05,12151900.0,108.21,18025900.0,109.46,8861800.0,66.33601983880965,3.6780334534701087,2.494061757719712,0.0012494422132975913,0.01257887829800712
XOM,2024-08-13,111.52,111.73,110.78,111.12,111.12,11585100,Energy,111.11399999999999,110.36800000000001,110.11300000000001,107.8824,110.434645202838,109.61051611552517,0.8241290873128264,0.703641864593948,112.19,13228900.0,107.63,13647800.0,111.41,12483900.0,58.572339069470985,3.242590355848751,-0.26029979355532973,-0.00953739192441383,0.011839943895771554
XOM,2024-08-14,111.35,113.04,110.9,112.15,112.15,12194500,Energy,111.732,110.402,110.17500000000003,107.96740000000001,110.69854594086293,109.79862603289368,0.8999199079692488,0.7428974732690081,111.12,11585100.0,109.06,13660700.0,111.81,15137700.0,54.98614958448757,2.833302769117929,0.30408729093998055,0.009269258459323249,0.012173311770550815
XOM,2024-08-15,112.38,113.7,112.26,112.84,112.84,11579400,Energy,112.07000000000001,110.66,110.2165,108.0996,111.0280004114994,110.02391299342008,1.0040874180793224,0.795135462231071,112.15,12194500.0,111.15,13851000.0,110.26,15051500.0,57.38031914893616,1.5204678362572999,2.3399238164338865,0.00615247436469013,0.011177829540672757
XOM,2024-08-16,112.14,112.6,111.82,112.31,112.31,10056000,Energy,112.122,110.87100000000001,110.3605,108.2128,111.22523111742258,110.19325277168525,1.031978345737329,0.8425040389323226,112.84,11579400.0,112.05,12151900.0,110.2,20403800.0,59.888965995836244,0.2320392681838479,1.9147005444646092,-0.004696915987238537,0.011373628602565026
XOM,2024-08-19,112.53,114.52,112.31,112.65,112.65,12417500,Energy,112.21400000000001,111.31500000000001,110.559,108.3168,111.4444263301268,110.37523404785672,1.0691922822700803,0.8878416875998743,112.31,10056000.0,112.19,13228900.0,108.21,18025900.0,54.84375000000003,0.41001871824584146,4.103132797338516,0.0030273350547591615,0.008946349182621108
XOM,2024-08-20,112.77,112.77,108.83,108.9,108.9,15632000,Energy,111.77000000000001,111.44200000000001,110.65799999999999,108.36880000000001,111.05297612549191,110.26595745171919,0.787018673772721,0.8676770848344436,112.65,12417500.0,111.12,11585100.0,107.63,13647800.0,40.99071207430342,-1.9978401727861805,1.1799684102945296,-0.03328894806924099,0.014715175118065195
XOM,2024-08-21,109.31,109.84,108.12,108.2,108.2,11752400,Energy,110.98000000000002,111.35600000000002,110.64649999999999,108.4006,110.61405672157008,110.11292356640665,0.5011331551634299,0.794368298900241,108.9,15632000.0,112.15,12194500.0,109.06,13660700.0,43.26797385620915,-3.5220686580472615,-0.7885567577480268,-0.006427915518824601,0.014239688130129106
XOM,2024-08-22,108.14,109.31,108.0,109.04,109.04,10609500,Energy,110.22,111.14500000000001,110.56299999999999,108.46620000000001,110.37189414902085,110.03344774667283,0.33844640234801204,0.7031839195897952,108.2,11752400.0,112.84,11579400.0,111.15,13851000.0,46.393034825870664,-3.367600141793692,-1.8983355825461068,0.007763401109057266,0.01286252335334796
XOM,2024-08-23,109.32,110.93,109.32,110.55,110.55,10381400,Energy,109.86800000000001,110.995,110.5595,108.5854,110.39929504917149,110.07171087654892,0.327584172622565,0.6280639701963492,109.04,10609500.0,112.31,10056000.0,112.05,12151900.0,57.50000000000001,-1.5670910871694477,-1.338688085676043,0.013848129126925901,0.013470355270094523
XOM,2024-08-26,111.92,113.04,111.12,112.92,112.92,13671000,Energy,109.922,111.06800000000001,110.7325,108.76880000000001,110.7870958108374,110.28269525606382,0.5044005547735821,0.6033312871117957,110.55,10381400.0,112.65,12417500.0,112.19,13228900.0,65.20989074180565,0.2396804260985208,0.6506818789553392,0.021438263229307974,0.015280253495203382
XOM,2024-08-27,113.06,113.49,111.58,111.84,111.84,9991600,Energy,110.50999999999999,111.14000000000001,110.75400000000002,108.94820000000001,110.94908107070856,110.39805116302206,0.5510299076864982,0.5928710112267362,112.92,13671000.0,108.9,15632000.0,111.12,11585100.0,58.15727699530517,2.6997245179063434,0.647948164146861,-0.009564293304994642,0.015282269028336735
XOM,2024-08-28,111.2,111.75,110.49,110.74,110.74,10742900,Energy,111.018,110.999,110.7005,109.11980000000001,110.91691475213801,110.4233807065019,0.49353404563611036,0.5730036181086111,111.84,9991600.0,108.2,11752400.0,112.15,12194500.0,48.72274143302177,2.347504621072072,-1.2572447614801696,-0.009835479256080193,0.015293370595662274
XOM,2024-08-29,111.39,112.9,110.58,112.27,112.27,10753900,Energy,111.66399999999999,110.94200000000001,110.801,109.30279999999999,111.12508171334754,110.5601673208351,0.5649143925124349,0.5713857729893759,110.74,10742900.0,109.04,10609500.0,112.84,11579400.0,50.65947242206234,2.962215700660309,-0.5051400212690571,0.01381614592739755,0.01588115422399211
XOM,2024-08-30,111.0,112.17,110.52,112.09,112.09,13284700,Energy,111.97200000000001,110.92,110.89550000000001,109.4376,111.27353068052484,110.67348826003251,0.6000424204923291,0.5771171024899666,112.27,10753900.0,110.55,10381400.0,112.31,10056000.0,49.70095693779906,1.3930348258706537,-0.19588638589618235,-0.001603277812416426,0.015817983927429693
XOM,2024-09-03,110.09,110.33,108.38,109.74,109.74,15725100,Energy,111.33600000000001,110.62899999999999,110.97200000000001,109.54379999999999,111.03760288352102,110.6043409815116,0.43326190200941994,0.5483460623938573,112.09,13284700.0,112.92,13671000.0,112.65,12417500.0,46.16666666666664,-2.8161530286928804,-2.5832223701731105,-0.02096529574449113,0.017064339435324996
XOM,2024-09-04,109.57,110.39,108.33,108.4,108.4,12620600,Energy,110.648,110.579,111.01050000000001,109.56120000000001,110.63181782451778,110.44105646436259,0.19076136015519296,0.4768291219461245,109.74,15725100.0,111.84,9991600.0,108.9,15632000.0,39.759694156198805,-3.0758226037196024,-0.45913682277318735,-0.012210679788591139,0.013831814651120884
XOM,2024-09-05,109.36,109.56,107.46,107.56,107.56,17200800,Energy,110.01199999999999,110.51500000000001,110.9355,109.5558,110.15923046689966,110.2276448744098,-0.06841440751014716,0.36778041605487016,108.4,12620600.0,110.74,10742900.0,108.2,11752400.0,35.69880823401951,-2.8715911143218253,-0.591497227356752,-0.007749077490774914,0.013902193800130233
XOM,2024-09-06,107.96,108.52,106.19,107.05,107.05,13467700,Energy,108.968,110.31599999999999,110.7305,109.5394,109.68088731814586,109.99226377260167,-0.31137645445581086,0.23194904195273397,107.56,17200800.0,112.27,10753900.0,109.04,10609500.0,35.73752711496746,-4.649505656007835,-1.8250183418928922,-0.004741539605801481,0.013635545732382464
XOM,2024-09-09,107.27,110.39,107.07,109.31,109.31,21645300,Energy,108.41199999999999,110.19200000000001,110.59349999999999,109.55900000000001,109.62382773073881,109.94172571537193,-0.31789798463312025,0.12197963663556312,107.05,13467700.0,112.09,13284700.0,110.55,10381400.0,41.79764243614931,-2.4801498795610666,-1.121664405246492,0.02111163007940209,0.014710265134087588
XOM,2024-09-10,109.39,109.68,104.71,105.32,105.32,20913400,Energy,107.52799999999999,109.43199999999999,110.25000000000003,109.4946,108.96170038754822,109.5993756623814,-0.6376752748331853,-0.02995134565818655,109.31,21645300.0,109.74,15725100.0,112.92,13671000.0,41.31067961165046,-4.027701840714415,-6.730428622033302,-0.03650169243436108,0.016211105959261004
XOM,2024-09-11,105.29,105.45,102.42,104.28,104.28,19571900,Energy,106.704,108.676,109.90799999999999,109.41239999999999,108.24143878946388,109.20534783553833,-0.9639090460744484,-0.21674288574143893,105.32,20913400.0,108.4,12620600.0,111.84,9991600.0,40.63992359121299,-3.800738007380078,-6.759656652360513,-0.009874667679452998,0.01621723061547022
XOM,2024-09-12,104.45,105.81,104.32,105.71,105.71,15919500,Energy,106.33399999999999,108.173,109.58599999999998,109.37359999999998,107.8519866680079,108.94643318105402,-1.0944465130461225,-0.39228361120237565,104.28,19571900.0,107.56,17200800.0,110.74,10742900.0,42.26660473757545,-1.7199702491632607,-4.542170850641147,0.01371308016877637,0.017402793028520675
XOM,2024-09-13,105.94,106.89,105.43,105.64,105.64,10035400,Energy,106.05199999999999,107.50999999999999,109.226,109.3224,107.51168102677592,108.70151220467966,-1.1898311779037414,-0.5517931245426488,105.71,15919500.0,107.05,13467700.0,112.27,10753900.0,37.77999004479842,-1.3171415226529648,-5.905406609067421,-0.0006621890076624615,0.0162753551169863
XOM,2024-09-16,106.49,107.48,106.15,107.12,107.12,11729000,Energy,105.61399999999999,107.01299999999999,108.96650000000002,109.32700000000001,107.45142240727193,108.58436315248116,-1.1329407452092255,-0.6680226486759642,105.64,10035400.0,109.31,21645300.0,112.09,13284700.0,34.89583333333333,-2.003476351660416,-4.433937014898737,0.014009844755774381,0.01744533760455019
XOM,2024-09-17,106.75,108.7,106.56,108.52,108.52,12202600,Energy,106.25399999999999,106.89099999999999,108.76000000000002,109.38220000000001,107.61581895999933,108.57959551155663,-0.9637765515573022,-0.7271734292522318,107.12,11729000.0,105.32,20913400.0,109.74,15725100.0,41.49590163934425,3.03835928598557,-1.1117186076180063,0.013069454817027593,0.017169461687018703
XOM,2024-09-18,108.45,109.89,108.17,108.9,108.9,12569900,Energy,107.178,106.941,108.75999999999999,109.4682,107.81338527384558,108.60332917736724,-0.7899439035216602,-0.7397275241061175,108.52,12202600.0,104.28,19571900.0,108.4,12620600.0,45.10638297872344,4.430379746835444,0.46125461254613587,0.0035016586804277328,0.016741484348272998
XOM,2024-09-19,110.4,111.75,109.48,110.25,110.25,12660600,Energy,108.08600000000001,107.21000000000001,108.8625,109.56280000000001,108.18824907786934,108.72530479385857,-0.5370557159892257,-0.6991931624827392,108.9,12569900.0,105.71,15919500.0,107.56,17200800.0,44.57572502685285,4.294768706839469,2.5009297136481923,0.01239669421487588,0.01683865580113893
XOM,2024-09-20,109.73,109.78,108.58,109.55,109.55,36206200,Energy,108.86800000000001,107.46,108.888,109.61840000000001,108.39774921973559,108.78639332764683,-0.38864410791124726,-0.6370833515684409,110.25,12660600.0,105.64,10035400.0,107.05,13467700.0,43.36468129571576,3.701249526694439,2.3353573096683844,-0.006349206349206327,0.016924018946766747
XOM,2024-09-23,109.61,111.95,109.41,111.54,111.54,16066300,Energy,109.752,107.68299999999999,108.9375,109.71340000000001,108.88117241669934,108.99036419226559,-0.10919177556624504,-0.5315050363680017,109.55,36206200.0,107.12,11729000.0,109.31,21645300.0,54.792332268370636,4.126213592233019,2.040069527033217,0.018165221360109562,0.016585117318267072
XOM,2024-09-24,112.0,112.3,111.04,111.24,111.24,11984900,Energy,110.296,108.275,108.85350000000001,109.7658,109.24406896797636,109.15700388172739,0.08706508624896969,-0.4077910118446075,111.54,16066300.0,108.52,12202600.0,105.32,20913400.0,58.00450958286354,2.5064504238849983,5.620964679073293,-0.002689618074233513,0.009949612168406398
XOM,2024-09-25,110.71,111.24,108.38,109.08,109.08,13816000,Energy,110.332,108.755,108.71549999999999,109.7594,109.21882758828768,109.15129989048832,0.0675276977993633,-0.31272726991581334,111.24,11984900.0,108.9,12569900.0,104.28,19571900.0,53.98740818467994,0.16528925619834212,4.602991944764101,-0.01941747572815533,0.01186442689841624
XOM,2024-09-26,105.63,107.85,105.63,107.21,107.21,16887900,Energy,109.724,108.905,108.53900000000002,109.68540000000002,108.90977719008957,109.00749989860029,-0.09772270851071596,-0.2697263576347939,109.08,13816000.0,110.25,12660600.0,105.71,15919500.0,50.39177277179235,-2.7573696145124726,1.4189764449910047,-0.0171433810047672,0.013164665321242908
XOM,2024-09-27,108.12,110.33,107.63,110.08,110.08,15964000,Energy,109.83,109.349,108.4295,109.6468,109.08981146853733,109.08694435055583,0.002867117981509182,-0.2152076625115333,107.21,16887900.0,109.55,36206200.0,105.64,10035400.0,51.8307180218735,0.48379735280694725,4.202953426732292,0.0267698908683891,0.01534444888096028
XOM,2024-09-30,109.73,111.57,109.26,111.41,111.41,13247600,Energy,109.804,109.77799999999999,108.3955,109.68639999999999,109.44676355030082,109.25902254681095,0.18774100348986167,-0.13461792931125433,110.08,15964000.0,111.54,16066300.0,107.12,11729000.0,66.57593903102887,-0.11655011655012926,4.0048543689320315,0.012082122093023173,0.015219552095472755
XOM,2024-10-01,110.28,114.62,110.18,113.98,113.98,23235900,Energy,110.352,110.324,108.6075,109.7924,110.14418454256223,109.60872458038051,0.5354599621817187,-0.0006023510126597353,111.41,13247600.0,111.24,11984900.0,108.52,12202600.0,74.3718592964824,2.46314275440489,5.031330630298569,0.02306794722197303,0.01617706505404282
XOM,2024-10-02,115.88,116.73,114.24,115.49,115.49,17129700,Energy,111.63399999999999,110.98299999999999,108.96199999999999,109.96379999999999,110.96661768986036,110.04437461146344,0.9222430783969173,0.1839667348692557,113.98,23235900.0,109.08,13816000.0,108.9,12569900.0,74.47447447447445,5.876420975430863,6.051423324150584,0.013247938234777878,0.016366677316644613
XOM,2024-10-03,115.85,117.06,114.93,116.5,116.5,16524300,Energy,113.492,111.60799999999999,109.40900000000002,110.1252,111.81790727603568,110.52256908468837,1.2953381913473123,0.406241026164867,115.49,17129700.0,107.21,16887900.0,110.25,12660600.0,75.95602294455063,8.665236451823532,5.668934240362811,0.008745345917395397,0.01624874067747855
XOM,2024-10-04,117.09,118.98,116.36,118.64,118.64,19752300,Energy,115.204,112.51699999999998,109.9885,110.28380000000001,112.86746000279943,111.12386026360035,1.7435997391990838,0.6737127687717104,116.5,16524300.0,110.08,15964000.0,109.55,36206200.0,76.69138090824833,7.776162790697683,8.297581013235966,0.018369098712446297,0.01610035921964833
XOM,2024-10-07,119.04,120.07,118.67,119.15,119.15,15714400,Energy,116.752,113.27799999999999,110.4805,110.4544,113.83400461775337,111.7183891329633,2.1156154847900694,0.9620933119753823,118.64,19752300.0,111.41,13247600.0,111.54,16066300.0,75.68873852102462,6.947311731442429,6.822664514972199,0.004298718813216418,0.01573196943258767
XOM,2024-10-08,117.74,117.87,115.25,115.99,115.99,14818500,Energy,117.154,113.753,111.01399999999998,110.585,114.16569621502207,112.0348047527438,2.130891462278271,1.19585294203596,119.15,15714400.0,113.98,23235900.0,111.24,11984900.0,65.1043885811674,1.7634672749605063,4.270046745774891,-0.026521191775073505,0.01881995898823592
XOM,2024-10-09,114.9,116.5,114.81,116.03,116.03,11144900,Energy,117.26200000000001,114.44800000000001,111.60150000000002,110.67740000000002,114.45251218194174,112.33074514142943,2.12176704051231,1.38103576173123,115.99,14818500.0,115.49,17129700.0,109.08,13816000.0,63.04151624548734,0.4675729500389636,6.37147048038138,0.0003448573152857737,0.01699612665437121
XOM,2024-10-10,117.05,117.56,116.22,117.03,117.03,10243300,Energy,117.36800000000001,115.42999999999999,112.16749999999999,110.7818,114.84904876933533,112.67883809391614,2.1702106754191846,1.538870744468821,116.03,11144900.0,116.5,16524300.0,107.21,16887900.0,66.65182546749773,0.4549356223175982,9.159593321518521,0.008618460742911394,0.014861898475329068
XOM,2024-10-11,116.99,117.88,116.84,117.48,117.48,8294800,Energy,117.13600000000001,116.17,112.7595,110.9262,115.2538104971299,113.03447971658902,2.2193307805408864,1.6749627516832342,117.03,10243300.0,118.64,19752300.0,110.08,15964000.0,64.1969407265774,-0.9777478084962876,6.722383720930236,0.0038451679056652477,0.013505778962840475
XOM,2024-10-14,117.13,118.1,116.54,117.93,117.93,9808100,Energy,116.89200000000001,116.822,113.3,111.0808,115.66553195910993,113.39711084869353,2.268421110416398,1.793654423429867,117.48,8294800.0,119.15,15714400.0,111.41,13247600.0,65.87565258661604,-1.0239194292908094,5.85225742751998,0.003830439223697635,0.013385833583231227
XOM,2024-10-15,114.83,115.9,113.84,114.38,114.38,15771300,Energy,116.57000000000001,116.862,113.59299999999999,111.2042,115.46775781155455,113.469917452494,1.9978403590605467,1.834491610556003,117.93,9808100.0,115.99,14818500.0,113.98,23235900.0,61.79875333926977,-1.3880506940253445,0.3509387611861703,-0.03010260323920977,0.016052343917319967
XOM,2024-10-16,114.89,115.42,114.62,114.68,114.68,8426800,Energy,116.3,116.78099999999999,113.88200000000002,111.3452,115.34656430208463,113.55955319675371,1.7870111053309188,1.8249955095109862,114.38,15771300.0,116.03,11144900.0,115.49,17129700.0,67.87936811871708,-1.163492200293026,-0.7013594250584343,0.0026228361601678962,0.015452863517264378
XOM,2024-10-17,114.77,115.55,113.77,114.38,114.38,11204900,Energy,115.77000000000001,116.569,114.0885,111.4516,115.19786210176392,113.6203270340312,1.5775350677327111,1.7755034211553313,114.68,8426800.0,117.03,10243300.0,116.5,16524300.0,61.73580786026196,-2.264376655558409,-1.8197424892703928,-0.002615974886641226,0.015103552936290876
XOM,2024-10-18,114.47,114.66,113.24,114.06,114.06,12898600,Energy,115.08599999999998,116.11100000000002,114.31400000000001,111.5098,115.02280639380024,113.65289540188074,1.3699109919194967,1.6943849353081646,114.38,11204900.0,117.48,8294800.0,118.64,19752300.0,57.65453495089543,-2.9111338100102135,-3.8604180714767344,-0.0027976919041790005,0.013355712693133124
XOM,2024-10-21,114.98,115.45,113.78,114.12,114.12,10177800,Energy,114.324,115.60799999999999,114.44300000000001,111.5512,114.88391310244634,113.68749574248217,1.1964173599641725,1.5947914202393663,114.06,12898600.0,117.93,9808100.0,119.15,15714400.0,50.472972972972975,-3.230730094123635,-4.221569450272766,0.0005260389268806342,0.013151754040564349
XOM,2024-10-22,114.3,115.18,113.99,114.71,114.71,9201400,Energy,114.39000000000001,115.47999999999999,114.6165,111.6016,114.85715724053152,113.76323679859459,1.0939204419369304,1.4946172245788794,114.12,10177800.0,114.38,15771300.0,115.99,14818500.0,47.19020172910663,0.28851197761845526,-1.1035434089145646,0.00516999649491745,0.01078799854706659
XOM,2024-10-23,114.02,114.76,113.48,114.3,114.3,8320300,Energy,114.314,115.30699999999999,114.87749999999998,111.6652,114.77144074198821,113.80299703573573,0.9684437062524864,1.3893825209136008,114.71,9201400.0,114.68,8426800.0,116.03,11144900.0,41.71686746987954,-0.3313568189745486,-1.490993708523658,-0.0035742306686425973,0.010802636355019012
XOM,2024-10-24,114.05,114.47,113.22,113.66,113.66,9905600,Energy,114.16999999999999,114.97,115.2,111.69539999999999,114.6004498586054,113.79240466271827,0.8080451958871322,1.2731150559083073,114.3,8320300.0,114.38,11204900.0,117.03,10243300.0,28.86247877758919,-0.6294806784402862,-2.8796035204648462,-0.005599300087489101,0.010252179675683318
XOM,2024-10-25,114.24,114.46,113.4,113.56,113.56,10714600,Energy,114.07000000000001,114.578,115.374,111.70980000000002,114.44038064958919,113.77518950251691,0.665191147072278,1.1515302741411015,113.66,9905600.0,114.06,12898600.0,117.48,8294800.0,25.417766051011483,-0.43836577240049523,-3.3367381681988384,-0.0008798169980643866,0.010014455738766812
XOM,2024-10-28,111.0,113.11,110.98,113.0,113.0,11844500,Energy,113.846,114.085,115.4535,111.7236,114.21878362657547,113.71776805788602,0.5010155686894535,1.021427333050772,113.56,10714600.0,114.12,10177800.0,117.93,9808100.0,32.95324971493736,-0.9814230634419996,-4.180446027304341,-0.004931313842902463,0.009695408868537274
XOM,2024-10-29,112.7,113.26,111.26,111.46,111.46,14731000,Energy,113.196,113.793,115.32750000000001,111.69980000000001,113.79435537633309,113.5505259795241,0.24382939680899085,0.8659077458024158,113.0,11844500.0,114.71,9201400.0,114.38,15771300.0,27.75073028237587,-2.8332316275825997,-2.552893862563388,-0.013628318584070875,0.005136109327536092
XOM,2024-10-30,111.82,112.4,110.7,110.9,110.9,12303700,Energy,112.516,113.415,115.098,111.7398,113.3490699338203,113.35419072178158,-0.0051207879612746865,0.6917020390496778,111.46,14731000.0,114.3,8320300.0,114.68,8426800.0,18.819938962360197,-2.974628171478555,-3.2961283571677713,-0.0050242239368382124,0.004837522258091219
XOM,2024-10-31,111.34,112.78,110.89,110.99,110.99,20512000,Energy,111.982,113.076,114.82250000000002,111.7956,112.98613609784795,113.17906548313108,-0.1929293852831364,0.5147757541831149,110.9,12303700.0,113.66,9905600.0,114.38,11204900.0,15.733896515311457,-2.349111384831959,-2.9638048609896828,0.0008115419296663706,0.005012428274118102
XOM,2024-11-01,113.98,114.0,109.14,109.25,109.25,20939300,Energy,111.12,112.595,114.353,111.79979999999999,112.41134592894826,112.88802359549175,-0.4766776665434804,0.31648507003779586,110.99,20512000.0,113.56,10714600.0,114.06,12898600.0,9.665427509293622,-3.7953504755195544,-4.217078730492729,-0.01567708802594825,0.006415146148508872
XOM,2024-11-04,110.31,112.81,110.18,112.73,112.73,14965400,Energy,111.066,112.45599999999999,114.032,111.8434,112.460369632187,112.87631814397383,-0.4159485117868371,0.16999835367286925,109.25,20939300.0,113.0,11844500.0,114.12,10177800.0,42.28250701590274,-0.2389380530973373,-1.2180161233788955,0.03185354691075526,0.013143747558950336
XOM,2024-11-05,113.17,113.3,112.16,113.06,113.06,10436700,Energy,111.38600000000001,112.29099999999998,113.88550000000001,111.8462,112.55262045800438,112.88992420738317,-0.3373037493787905,0.06853793306253729,112.73,14965400.0,111.46,14731000.0,114.71,9201400.0,42.444029850746226,1.4354925533823781,-1.438409903234239,0.0029273485318903614,0.01304271484081145
XOM,2024-11-06,115.14,115.86,113.38,115.0,115.0,20807700,Energy,112.20599999999999,112.36099999999999,113.83399999999999,111.90939999999999,112.92914038754218,113.04622611794738,-0.11708573040520776,0.03141320036898829,113.06,10436700.0,110.9,12303700.0,114.3,8320300.0,52.50809061488676,3.6970243462578933,0.6124234470691103,0.01715903060321944,0.014246176281781497
XOM,2024-11-07,115.28,115.47,113.68,115.14,115.14,12184400,Energy,113.03599999999999,112.50899999999999,113.73949999999999,111.9974,113.26927263561262,113.20132047958091,0.06795215603170845,0.038720991501532326,115.0,20807700.0,110.99,20512000.0,113.66,9905600.0,54.43349753694583,3.739075592395724,1.3021291571353233,0.0012173913043478368,0.014073245226956138
XOM,2024-11-08,114.98,115.4,113.73,115.1,115.1,12836000,Energy,114.20599999999999,112.66299999999998,113.62049999999999,112.054,113.55092299936453,113.34196340701936,0.2089595923451668,0.07276871167025922,115.14,12184400.0,109.25,20939300.0,113.56,10714600.0,54.029605263157855,5.3546910755148724,1.3561113067981578,-0.0003474031613688311,0.01406473877542664
XOM,2024-11-11,115.0,115.59,114.11,114.49,114.49,11969700,Energy,114.55799999999999,112.81199999999998,113.4485,112.102,113.69539638407768,113.42700315464756,0.26839322943011723,0.11189361522223082,115.1,12836000.0,112.73,14965400.0,113.0,11844500.0,49.096880131362894,1.5612525503415187,1.318584070796458,-0.005299739357080835,0.014083741037381657
XOM,2024-11-12,115.12,115.29,113.9,114.38,114.38,11972800,Energy,114.822,113.104,113.44850000000001,112.19480000000001,113.8007200172965,113.49759551356256,0.3031245037339403,0.15013979292457272,114.49,11969700.0,113.06,10436700.0,111.46,14731000.0,50.33670033670033,1.1675216699097657,2.619773909922851,-0.0009607826011005516,0.013118528848506734
XOM,2024-11-13,114.59,116.0,112.91,115.45,115.45,15127900,Energy,114.91199999999999,113.559,113.487,112.3358,114.05445539925088,113.64221806811348,0.4122373311374048,0.20255930056713914,114.38,11972800.0,115.0,20807700.0,110.9,12303700.0,57.27051177904146,0.3913043478260825,4.102795311091079,0.009354782304598741,0.012969142699745143
XOM,2024-11-14,116.58,116.79,115.3,115.52,115.52,13041800,Energy,114.98800000000001,114.01199999999999,113.54400000000001,112.495,114.27992379936613,113.781313026031,0.4986107733351304,0.2617695951207374,115.45,15127900.0,115.14,12184400.0,110.99,20512000.0,57.98045602605861,0.3300330033003229,4.081448779169294,0.0006063230835859912,0.012975092194887062
XOM,2024-11-15,115.37,116.17,114.15,114.32,114.32,19051700,Energy,114.832,114.51899999999998,113.55699999999999,112.64040000000001,114.28608936869442,113.82121576484352,0.46487360385090426,0.30239039686677077,115.52,13041800.0,115.1,12836000.0,109.25,20939300.0,55.10835913312691,-0.6776715899218133,4.640732265446212,-0.010387811634349098,0.012162415770750681
XOM,2024-11-18,114.78,115.58,114.29,115.28,115.28,14239700,Energy,114.98999999999998,114.77399999999997,113.61499999999998,112.7598,114.43899869658759,113.92927385633658,0.5097248402510104,0.3438572855436187,114.32,19051700.0,114.49,11969700.0,112.73,14965400.0,65.47811993517021,0.6900165953358517,2.2620420473698166,0.008397480755773401,0.007806984760571951
XOM,2024-11-19,114.75,114.75,113.26,113.67,113.67,11584400,Energy,114.848,114.835,113.56299999999999,112.9268,114.32069120480489,113.91006838549683,0.41062281930805966,0.3572103922965069,115.28,14239700.0,114.38,11972800.0,113.06,10436700.0,60.34353995519042,-0.6207378912397199,0.5395365292764964,-0.01396599583622482,0.009327767770543878
XOM,2024-11-20,114.19,115.44,113.68,115.29,115.29,11360900,Energy,114.816,114.86399999999999,113.6125,113.147,114.4698156348349,114.0122855421267,0.4575300927081969,0.3772743323788449,113.67,11584400.0,115.45,15127900.0,115.0,20807700.0,64.41018766756034,-0.138588133391071,0.25217391304348524,0.014251781472684133,0.008782924521770739
XOM,2024-11-21,116.02,117.43,115.24,116.83,116.83,14675400,Energy,115.078,115.03300000000002,113.77099999999999,113.3694,114.83292092178338,114.2210051315988,0.6119157901845824,0.4242026239399924,115.29,11360900.0,115.52,13041800.0,115.14,12184400.0,75.74728260869563,1.134002770083109,1.467778356783045,0.013357619914996954,0.009715420037569509
XOM,2024-11-22,116.73,118.06,116.56,116.7,116.7,13323400,Energy,115.554,115.19299999999998,113.928,113.5906,115.12016385689364,114.40463438111,0.7155294757836401,0.482467994308722,116.83,14675400.0,114.32,19051700.0,115.1,12836000.0,67.45822339489885,2.0818754373687964,1.390095569070371,-0.0011127278952323127,0.009734590742918423
XOM,2024-11-25,116.36,116.79,114.61,114.96,114.96,26580300,Energy,115.49000000000001,115.23999999999998,114.026,113.7474,115.09552326352538,114.44577257510184,0.6497506884235378,0.5159245331316852,116.7,13323400.0,115.28,14239700.0,114.49,11969700.0,57.43348982785598,-0.2775850104094424,0.41051620228840235,-0.014910025706941,0.010879226201965622
XOM,2024-11-26,114.53,114.68,112.93,113.04,113.04,14827300,Energy,115.364,115.106,114.10499999999999,113.83779999999999,114.7792889152907,114.34164127324244,0.4376476420482618,0.5002691549150006,114.96,26580300.0,113.67,11584400.0,114.38,11972800.0,42.31974921630097,-0.5542359461599311,-1.1715334848749648,-0.01670146137787043,0.012170249574704778
XOM,2024-11-27,113.16,113.77,112.52,112.74,112.74,11079100,Energy,114.854,114.835,114.197,113.9146,114.46555215909213,114.22300117892819,0.24255098016394072,0.44872551996478865,113.04,14827300.0,115.29,11360900.0,115.45,15127900.0,40.712074303405565,-2.2118136872235294,-2.347336509311393,-0.002653927813163537,0.01160201995654768
XOM,2024-11-29,112.53,113.55,112.06,113.03,113.03,9426500,Energy,114.09400000000001,114.58600000000001,114.299,113.9702,114.24469798077027,114.13463072122981,0.11006725954045748,0.38099386787992245,112.74,11079100.0,116.83,14675400.0,115.52,13041800.0,42.14123006833716,-3.2525892322177508,-2.155470914127422,0.002572290225297147,0.011673400384874928
XOM,2024-12-02,113.12,113.26,111.94,112.93,112.93,12687300,Energy,113.34,114.447,114.48299999999999,114.03779999999999,114.04243675295946,114.04539881595353,-0.002962062994072312,0.3042026817051235,113.03,9426500.0,116.7,13323400.0,114.32,19051700.0,43.83886255924176,-3.230505569837183,-1.215885234429659,-0.0008847208705652365,0.011306158939172794
XOM,2024-12-03,113.76,113.76,112.36,112.75,112.75,11756600,Energy,112.898,114.194,114.484,114.06199999999998,113.84360032942723,113.94944334810512,-0.10584301867788781,0.22219354162852123,112.93,12687300.0,114.96,26580300.0,115.28,14239700.0,43.597800471327595,-1.9224077940153017,-2.194656488549618,-0.0015939077304525373,0.010797241592532494
XOM,2024-12-04,112.59,112.64,109.1,109.5,109.5,19520600,Energy,112.19000000000001,113.777,114.306,114.0272,113.17535412489997,113.6198549519492,-0.4445008270492252,0.08885466789297194,112.75,11756600.0,113.04,14827300.0,113.67,11584400.0,30.04694835680752,-3.1316348195329136,-3.6685141198205318,-0.02882483370288247,0.013327728319068997
XOM,2024-12-05,109.92,110.79,109.29,109.98,109.98,15751200,Energy,111.63799999999999,113.24600000000001,114.05499999999999,114.04520000000001,112.68376118260767,113.35023606661962,-0.6664748840119472,-0.06221124248801188,109.5,19520600.0,112.74,11079100.0,115.29,11360900.0,31.91906005221938,-2.44811069717934,-4.605776736924283,0.004383561643835687,0.01217000596459396
XOM,2024-12-06,109.75,109.97,108.76,108.82,108.82,16171100,Energy,110.796,112.44500000000001,113.739,114.0774,112.08933638528342,113.01466302464779,-0.9253266393643713,-0.2348343218632838,109.98,15751200.0,113.03,9426500.0,116.83,14675400.0,32.002617801047165,-3.7246748650800687,-6.856115723701106,-0.010547372249499976,0.010472034825275204
XOM,2024-12-09,109.85,110.14,108.04,108.18,108.18,17412600,Energy,109.846,111.593,113.393,114.0394,111.48790001831674,112.65653983763684,-1.1686398193201057,-0.4215954213546482,108.82,16171100.0,112.93,12687300.0,116.7,13323400.0,26.270053475935853,-4.206145399805184,-7.3007712082262195,-0.005881271825032064,0.010279585038324485
XOM,2024-12-10,108.84,109.12,107.08,107.96,107.96,20990900,Energy,108.888,110.893,113.06649999999999,113.97040000000001,110.94514616934492,112.30864799781189,-1.3635018284669655,-0.6099767027771117,108.18,17412600.0,112.75,11756600.0,114.96,26580300.0,28.960943257184965,-4.248337028824844,-6.089074460681976,-0.002033647624329893,0.01005279697571578
XOM,2024-12-11,107.32,107.69,106.47,107.24,107.24,32392200,Energy,108.43599999999999,110.31300000000002,112.7095,113.8356,110.3751236817534,111.93319259056656,-1.5580689088131692,-0.7995951439843232,107.96,20990900.0,109.5,19520600.0,113.04,14827300.0,18.23204419889501,-2.0639269406392713,-5.1309271054494126,-0.006669136717302737,0.009367407081888159
XOM,2024-12-12,106.93,107.68,106.15,107.15,107.15,14543300,Energy,107.87,109.75399999999999,112.2945,113.66879999999999,109.87895080763748,111.57888202830236,-1.6999312206648796,-0.9796623593204346,107.24,32392200.0,109.98,15751200.0,112.74,11079100.0,6.862745098039298,-2.573195126386618,-4.958311158417583,-0.0008392390898916968,0.009439794843461415
XOM,2024-12-13,107.22,107.22,105.64,106.21,106.21,13106100,Energy,107.348,109.072,111.829,113.463,109.31449683723172,111.18118706324293,-1.8666902260112153,-1.1570679326585906,107.15,14543300.0,108.82,16171100.0,113.03,9426500.0,6.400665004156352,-2.3984561661459236,-6.033796337255604,-0.008772748483434567,0.00909999039438367
XOM,2024-12-16,105.59,105.79,103.64,103.94,103.94,20256100,Energy,106.5,108.173,111.30999999999999,113.169,108.4876511699653,110.64480283633605,-2.1571516663707513,-1.357084679401023,106.21,13106100.0,108.18,17412600.0,112.93,12687300.0,6.130573248407714,-3.91939360325384,-7.960683609315511,-0.0213727520949063,0.01003688914823115
XOM,2024-12-17,102.76,103.65,102.33,103.5,103.5,17554000,Energy,105.60799999999999,107.248,110.721,112.85600000000001,107.72032022073986,110.11555818179265,-2.3952379610527856,-1.5647153357313757,103.94,20256100.0,107.96,20990900.0,112.75,11756600.0,6.949458483754583,-4.131159688773611,-8.203991130820398,-0.004233211468154696,0.00987685716501902
XOM,2024-12-18,103.07,104.28,101.87,101.97,101.97,17114500,Energy,104.554,106.495,110.13600000000001,112.57560000000001,106.83565557139528,109.51218350165986,-2.6765279302645837,-1.7870778546380175,103.5,17554000.0,107.24,32392200.0,109.5,19520600.0,6.255077173030131,-4.914211115255496,-6.876712328767121,-0.014782608695652177,0.007333611527649103
XOM,2024-12-19,102.9,103.17,100.81,101.1,101.1,20565600,Energy,103.34400000000001,105.607,109.4265,112.27699999999999,105.95324702194985,108.88905879783321,-2.9358117758833657,-2.016824638887087,101.97,17114500.0,107.15,14543300.0,109.98,15751200.0,3.723816912335181,-5.646290247316854,-8.074195308237876,-0.008531921153280386,0.006129924789207691
XOM,2024-12-20,101.04,101.7,100.46,101.45,101.45,40141200,Energy,102.392,104.87,108.6575,111.96539999999999,105.26043978780372,108.33801740540112,-3.077577617597399,-2.228975234629149,101.1,20565600.0,106.21,13106100.0,108.82,16171100.0,6.316590563165988,-4.481687223425279,-6.772652086013597,0.0034619188921860555,0.007100156582630135
XOM,2024-12-23,100.91,102.15,100.54,101.86,101.86,12285100,Energy,101.976,104.23799999999999,107.9155,111.653,104.7372952050647,107.8581642642603,-3.1208690591955985,-2.407353999542439,101.45,40141200.0,103.94,20256100.0,108.18,17412600.0,9.27449513836953,-2.0011545122185836,-5.842114993529313,0.004041399704287851,0.00791510232432804
XOM,2024-12-24,102.07,102.71,101.28,101.95,101.95,7807000,Energy,101.666,103.63699999999999,107.26500000000001,111.3334,104.30848055813166,107.42052246690768,-3.112041908776021,-2.548291581389156,101.86,12285100.0,103.5,17554000.0,107.96,20990900.0,13.026444662096068,-1.497584541062802,-5.566876620970717,0.0008835656783821033,0.008127345620146125
XOM,2024-12-26,102.07,102.56,101.51,102.04,102.04,9652400,Energy,101.67999999999999,103.117,106.71499999999999,111.0866,103.95948354918833,107.02196524713673,-3.0624816979483995,-2.651129604701005,101.95,7807000.0,101.97,17114500.0,107.24,32392200.0,9.572301425662019,0.06864764146319313,-4.848936963819462,0.0008827856792545941,0.00837253835028111
XOM,2024-12-27,101.86,103.48,101.35,102.03,102.03,11943900,Energy,101.866,102.60499999999999,106.17949999999999,110.83359999999999,103.6626399262363,106.65219004364512,-2.9895501174088253,-2.7188137072425693,102.04,9652400.0,101.1,20565600.0,107.15,14543300.0,10.841983852364592,0.9198813056379818,-4.778348110125997,-9.800078400634682e-05,0.008415910994735498
XOM,2024-12-30,101.86,102.11,101.1,101.34,101.34,11080800,Energy,101.84400000000001,102.118,105.595,110.5728,103.30531070681533,106.25869448485659,-2.953383778041257,-2.765727721402307,102.03,11943900.0,101.45,40141200.0,106.21,13106100.0,10.779816513761574,-0.10842779694431037,-4.585255625647289,-0.006762716847985906,0.008335487725332985
XOM,2024-12-31,101.73,103.39,101.36,103.07,103.07,12387800,Energy,102.08599999999998,102.031,105.102,110.353,103.26910905961297,106.02249489338574,-2.753385833772768,-2.763259343876399,101.34,11080800.0,101.86,12285100.0,103.94,20256100.0,26.099706744868044,1.1879049676025932,-0.8370213584760533,0.017071245312808347,0.008626702114439716
